

================================================================
== Vitis HLS Report for 'bnn_Pipeline_l2_loop'
================================================================
* Date:           Wed Dec 10 17:07:57 2025

* Version:        2024.2 (Build 5238294 on Nov  8 2024)
* Project:        bnn.comp
* Solution:       hls (Vivado IP Flow Target)
* Product family: zynq
* Target device:  xc7z020-clg400-1


================================================================
== Performance Estimates
================================================================
+ Timing: 
    * Summary: 
    +--------+----------+----------+------------+
    |  Clock |  Target  | Estimated| Uncertainty|
    +--------+----------+----------+------------+
    |ap_clk  |  10.00 ns|  6.730 ns|     2.70 ns|
    +--------+----------+----------+------------+

+ Latency: 
    * Summary: 
    +---------+---------+----------+----------+-----+-----+------------------------------------------------+
    |  Latency (cycles) |  Latency (absolute) |  Interval |                    Pipeline                    |
    |   min   |   max   |    min   |    max   | min | max |                      Type                      |
    +---------+---------+----------+----------+-----+-----+------------------------------------------------+
    |       70|       70|  0.700 us|  0.700 us|   65|   65|  loop auto-rewind stp (delay=0 clock cycles(s))|
    +---------+---------+----------+----------+-----+-----+------------------------------------------------+

    + Detail: 
        * Instance: 
        N/A

        * Loop: 
        +-----------+---------+---------+----------+-----------+-----------+------+----------+
        |           |  Latency (cycles) | Iteration|  Initiation Interval  | Trip |          |
        | Loop Name |   min   |   max   |  Latency |  achieved |   target  | Count| Pipelined|
        +-----------+---------+---------+----------+-----------+-----------+------+----------+
        |- l2_loop  |       68|       68|         6|          1|          1|    64|       yes|
        +-----------+---------+---------+----------+-----------+-----------+------+----------+

============================================================
+ Verbose Summary: Synthesis Manager
============================================================
InlineROM: 1
ExposeGlobal: 0
============================================================
+ Verbose Summary: CDFG Model
============================================================
IsTopModel: 0
ResetActiveHigh: 1
IsCombinational: 0
IsDatapathOnly: 0
HasWiredReturn: 1
HasMFsm: 2
HasVarLatency: 1
IsPipeline: 0
IsRtlPipelined: 0
IsInstanceOverlapped: 0
IsDontTouch: 0
HasImplIP: 0
IsGatedGlobalClock: 0

+ Individual pipeline summary: 
  * Pipeline-0: initiation interval (II) = 1, depth = 6


============================================================
+ Verbose Summary: Schedule
============================================================
* Number of FSM states : 6
* Pipeline : 1
  Pipeline-0 : II = 1, D = 6, States = { 1 2 3 4 5 6 }
* Dataflow Pipeline: 0

* FSM state transitions: 
1 --> 2 
2 --> 3 
3 --> 4 
4 --> 5 
5 --> 6 
6 --> 

* FSM state operations: 

State 1 <SV = 0> <Delay = 5.04>
ST_1 : Operation 9 [1/1] (0.00ns)   --->   "%n_1 = alloca i32 1" [bnn.cpp:120]   --->   Operation 9 'alloca' 'n_1' <Predicate = true> <Delay = 0.00>
ST_1 : Operation 10 [1/1] (0.00ns)   --->   "%l2_bits = alloca i32 1" [bnn.cpp:116]   --->   Operation 10 'alloca' 'l2_bits' <Predicate = true> <Delay = 0.00>
ST_1 : Operation 11 [1/1] (0.00ns)   --->   "%l2_bits_1 = alloca i32 1" [bnn.cpp:116]   --->   Operation 11 'alloca' 'l2_bits_1' <Predicate = true> <Delay = 0.00>
ST_1 : Operation 12 [1/1] (0.00ns)   --->   "%l2_bits_2 = alloca i32 1" [bnn.cpp:116]   --->   Operation 12 'alloca' 'l2_bits_2' <Predicate = true> <Delay = 0.00>
ST_1 : Operation 13 [1/1] (0.00ns)   --->   "%l2_bits_3 = alloca i32 1" [bnn.cpp:116]   --->   Operation 13 'alloca' 'l2_bits_3' <Predicate = true> <Delay = 0.00>
ST_1 : Operation 14 [1/1] (0.00ns)   --->   "%l2_bits_4 = alloca i32 1" [bnn.cpp:116]   --->   Operation 14 'alloca' 'l2_bits_4' <Predicate = true> <Delay = 0.00>
ST_1 : Operation 15 [1/1] (0.00ns)   --->   "%l2_bits_5 = alloca i32 1" [bnn.cpp:116]   --->   Operation 15 'alloca' 'l2_bits_5' <Predicate = true> <Delay = 0.00>
ST_1 : Operation 16 [1/1] (0.00ns)   --->   "%l2_bits_6 = alloca i32 1" [bnn.cpp:116]   --->   Operation 16 'alloca' 'l2_bits_6' <Predicate = true> <Delay = 0.00>
ST_1 : Operation 17 [1/1] (0.00ns)   --->   "%l2_bits_7 = alloca i32 1" [bnn.cpp:116]   --->   Operation 17 'alloca' 'l2_bits_7' <Predicate = true> <Delay = 0.00>
ST_1 : Operation 18 [1/1] (0.00ns)   --->   "%l2_bits_8 = alloca i32 1" [bnn.cpp:116]   --->   Operation 18 'alloca' 'l2_bits_8' <Predicate = true> <Delay = 0.00>
ST_1 : Operation 19 [1/1] (0.00ns)   --->   "%l2_bits_9 = alloca i32 1" [bnn.cpp:116]   --->   Operation 19 'alloca' 'l2_bits_9' <Predicate = true> <Delay = 0.00>
ST_1 : Operation 20 [1/1] (0.00ns)   --->   "%l2_bits_10 = alloca i32 1" [bnn.cpp:116]   --->   Operation 20 'alloca' 'l2_bits_10' <Predicate = true> <Delay = 0.00>
ST_1 : Operation 21 [1/1] (0.00ns)   --->   "%l2_bits_11 = alloca i32 1" [bnn.cpp:116]   --->   Operation 21 'alloca' 'l2_bits_11' <Predicate = true> <Delay = 0.00>
ST_1 : Operation 22 [1/1] (0.00ns)   --->   "%l2_bits_12 = alloca i32 1" [bnn.cpp:116]   --->   Operation 22 'alloca' 'l2_bits_12' <Predicate = true> <Delay = 0.00>
ST_1 : Operation 23 [1/1] (0.00ns)   --->   "%l2_bits_13 = alloca i32 1" [bnn.cpp:116]   --->   Operation 23 'alloca' 'l2_bits_13' <Predicate = true> <Delay = 0.00>
ST_1 : Operation 24 [1/1] (0.00ns)   --->   "%l2_bits_14 = alloca i32 1" [bnn.cpp:116]   --->   Operation 24 'alloca' 'l2_bits_14' <Predicate = true> <Delay = 0.00>
ST_1 : Operation 25 [1/1] (0.00ns)   --->   "%l2_bits_15 = alloca i32 1" [bnn.cpp:116]   --->   Operation 25 'alloca' 'l2_bits_15' <Predicate = true> <Delay = 0.00>
ST_1 : Operation 26 [1/1] (0.00ns)   --->   "%l2_bits_16 = alloca i32 1" [bnn.cpp:116]   --->   Operation 26 'alloca' 'l2_bits_16' <Predicate = true> <Delay = 0.00>
ST_1 : Operation 27 [1/1] (0.00ns)   --->   "%l2_bits_17 = alloca i32 1" [bnn.cpp:116]   --->   Operation 27 'alloca' 'l2_bits_17' <Predicate = true> <Delay = 0.00>
ST_1 : Operation 28 [1/1] (0.00ns)   --->   "%l2_bits_18 = alloca i32 1" [bnn.cpp:116]   --->   Operation 28 'alloca' 'l2_bits_18' <Predicate = true> <Delay = 0.00>
ST_1 : Operation 29 [1/1] (0.00ns)   --->   "%l2_bits_19 = alloca i32 1" [bnn.cpp:116]   --->   Operation 29 'alloca' 'l2_bits_19' <Predicate = true> <Delay = 0.00>
ST_1 : Operation 30 [1/1] (0.00ns)   --->   "%l2_bits_20 = alloca i32 1" [bnn.cpp:116]   --->   Operation 30 'alloca' 'l2_bits_20' <Predicate = true> <Delay = 0.00>
ST_1 : Operation 31 [1/1] (0.00ns)   --->   "%l2_bits_21 = alloca i32 1" [bnn.cpp:116]   --->   Operation 31 'alloca' 'l2_bits_21' <Predicate = true> <Delay = 0.00>
ST_1 : Operation 32 [1/1] (0.00ns)   --->   "%l2_bits_22 = alloca i32 1" [bnn.cpp:116]   --->   Operation 32 'alloca' 'l2_bits_22' <Predicate = true> <Delay = 0.00>
ST_1 : Operation 33 [1/1] (0.00ns)   --->   "%l2_bits_23 = alloca i32 1" [bnn.cpp:116]   --->   Operation 33 'alloca' 'l2_bits_23' <Predicate = true> <Delay = 0.00>
ST_1 : Operation 34 [1/1] (0.00ns)   --->   "%l2_bits_24 = alloca i32 1" [bnn.cpp:116]   --->   Operation 34 'alloca' 'l2_bits_24' <Predicate = true> <Delay = 0.00>
ST_1 : Operation 35 [1/1] (0.00ns)   --->   "%l2_bits_25 = alloca i32 1" [bnn.cpp:116]   --->   Operation 35 'alloca' 'l2_bits_25' <Predicate = true> <Delay = 0.00>
ST_1 : Operation 36 [1/1] (0.00ns)   --->   "%l2_bits_26 = alloca i32 1" [bnn.cpp:116]   --->   Operation 36 'alloca' 'l2_bits_26' <Predicate = true> <Delay = 0.00>
ST_1 : Operation 37 [1/1] (0.00ns)   --->   "%l2_bits_27 = alloca i32 1" [bnn.cpp:116]   --->   Operation 37 'alloca' 'l2_bits_27' <Predicate = true> <Delay = 0.00>
ST_1 : Operation 38 [1/1] (0.00ns)   --->   "%l2_bits_28 = alloca i32 1" [bnn.cpp:116]   --->   Operation 38 'alloca' 'l2_bits_28' <Predicate = true> <Delay = 0.00>
ST_1 : Operation 39 [1/1] (0.00ns)   --->   "%l2_bits_29 = alloca i32 1" [bnn.cpp:116]   --->   Operation 39 'alloca' 'l2_bits_29' <Predicate = true> <Delay = 0.00>
ST_1 : Operation 40 [1/1] (0.00ns)   --->   "%l2_bits_30 = alloca i32 1" [bnn.cpp:116]   --->   Operation 40 'alloca' 'l2_bits_30' <Predicate = true> <Delay = 0.00>
ST_1 : Operation 41 [1/1] (0.00ns)   --->   "%l2_bits_31 = alloca i32 1" [bnn.cpp:116]   --->   Operation 41 'alloca' 'l2_bits_31' <Predicate = true> <Delay = 0.00>
ST_1 : Operation 42 [1/1] (0.00ns)   --->   "%l2_bits_32 = alloca i32 1" [bnn.cpp:116]   --->   Operation 42 'alloca' 'l2_bits_32' <Predicate = true> <Delay = 0.00>
ST_1 : Operation 43 [1/1] (0.00ns)   --->   "%l2_bits_33 = alloca i32 1" [bnn.cpp:116]   --->   Operation 43 'alloca' 'l2_bits_33' <Predicate = true> <Delay = 0.00>
ST_1 : Operation 44 [1/1] (0.00ns)   --->   "%l2_bits_34 = alloca i32 1" [bnn.cpp:116]   --->   Operation 44 'alloca' 'l2_bits_34' <Predicate = true> <Delay = 0.00>
ST_1 : Operation 45 [1/1] (0.00ns)   --->   "%l2_bits_35 = alloca i32 1" [bnn.cpp:116]   --->   Operation 45 'alloca' 'l2_bits_35' <Predicate = true> <Delay = 0.00>
ST_1 : Operation 46 [1/1] (0.00ns)   --->   "%l2_bits_36 = alloca i32 1" [bnn.cpp:116]   --->   Operation 46 'alloca' 'l2_bits_36' <Predicate = true> <Delay = 0.00>
ST_1 : Operation 47 [1/1] (0.00ns)   --->   "%l2_bits_37 = alloca i32 1" [bnn.cpp:116]   --->   Operation 47 'alloca' 'l2_bits_37' <Predicate = true> <Delay = 0.00>
ST_1 : Operation 48 [1/1] (0.00ns)   --->   "%l2_bits_38 = alloca i32 1" [bnn.cpp:116]   --->   Operation 48 'alloca' 'l2_bits_38' <Predicate = true> <Delay = 0.00>
ST_1 : Operation 49 [1/1] (0.00ns)   --->   "%l2_bits_39 = alloca i32 1" [bnn.cpp:116]   --->   Operation 49 'alloca' 'l2_bits_39' <Predicate = true> <Delay = 0.00>
ST_1 : Operation 50 [1/1] (0.00ns)   --->   "%l2_bits_40 = alloca i32 1" [bnn.cpp:116]   --->   Operation 50 'alloca' 'l2_bits_40' <Predicate = true> <Delay = 0.00>
ST_1 : Operation 51 [1/1] (0.00ns)   --->   "%l2_bits_41 = alloca i32 1" [bnn.cpp:116]   --->   Operation 51 'alloca' 'l2_bits_41' <Predicate = true> <Delay = 0.00>
ST_1 : Operation 52 [1/1] (0.00ns)   --->   "%l2_bits_42 = alloca i32 1" [bnn.cpp:116]   --->   Operation 52 'alloca' 'l2_bits_42' <Predicate = true> <Delay = 0.00>
ST_1 : Operation 53 [1/1] (0.00ns)   --->   "%l2_bits_43 = alloca i32 1" [bnn.cpp:116]   --->   Operation 53 'alloca' 'l2_bits_43' <Predicate = true> <Delay = 0.00>
ST_1 : Operation 54 [1/1] (0.00ns)   --->   "%l2_bits_44 = alloca i32 1" [bnn.cpp:116]   --->   Operation 54 'alloca' 'l2_bits_44' <Predicate = true> <Delay = 0.00>
ST_1 : Operation 55 [1/1] (0.00ns)   --->   "%l2_bits_45 = alloca i32 1" [bnn.cpp:116]   --->   Operation 55 'alloca' 'l2_bits_45' <Predicate = true> <Delay = 0.00>
ST_1 : Operation 56 [1/1] (0.00ns)   --->   "%l2_bits_46 = alloca i32 1" [bnn.cpp:116]   --->   Operation 56 'alloca' 'l2_bits_46' <Predicate = true> <Delay = 0.00>
ST_1 : Operation 57 [1/1] (0.00ns)   --->   "%l2_bits_47 = alloca i32 1" [bnn.cpp:116]   --->   Operation 57 'alloca' 'l2_bits_47' <Predicate = true> <Delay = 0.00>
ST_1 : Operation 58 [1/1] (0.00ns)   --->   "%l2_bits_48 = alloca i32 1" [bnn.cpp:116]   --->   Operation 58 'alloca' 'l2_bits_48' <Predicate = true> <Delay = 0.00>
ST_1 : Operation 59 [1/1] (0.00ns)   --->   "%l2_bits_49 = alloca i32 1" [bnn.cpp:116]   --->   Operation 59 'alloca' 'l2_bits_49' <Predicate = true> <Delay = 0.00>
ST_1 : Operation 60 [1/1] (0.00ns)   --->   "%l2_bits_50 = alloca i32 1" [bnn.cpp:116]   --->   Operation 60 'alloca' 'l2_bits_50' <Predicate = true> <Delay = 0.00>
ST_1 : Operation 61 [1/1] (0.00ns)   --->   "%l2_bits_51 = alloca i32 1" [bnn.cpp:116]   --->   Operation 61 'alloca' 'l2_bits_51' <Predicate = true> <Delay = 0.00>
ST_1 : Operation 62 [1/1] (0.00ns)   --->   "%l2_bits_52 = alloca i32 1" [bnn.cpp:116]   --->   Operation 62 'alloca' 'l2_bits_52' <Predicate = true> <Delay = 0.00>
ST_1 : Operation 63 [1/1] (0.00ns)   --->   "%l2_bits_53 = alloca i32 1" [bnn.cpp:116]   --->   Operation 63 'alloca' 'l2_bits_53' <Predicate = true> <Delay = 0.00>
ST_1 : Operation 64 [1/1] (0.00ns)   --->   "%l2_bits_54 = alloca i32 1" [bnn.cpp:116]   --->   Operation 64 'alloca' 'l2_bits_54' <Predicate = true> <Delay = 0.00>
ST_1 : Operation 65 [1/1] (0.00ns)   --->   "%l2_bits_55 = alloca i32 1" [bnn.cpp:116]   --->   Operation 65 'alloca' 'l2_bits_55' <Predicate = true> <Delay = 0.00>
ST_1 : Operation 66 [1/1] (0.00ns)   --->   "%l2_bits_56 = alloca i32 1" [bnn.cpp:116]   --->   Operation 66 'alloca' 'l2_bits_56' <Predicate = true> <Delay = 0.00>
ST_1 : Operation 67 [1/1] (0.00ns)   --->   "%l2_bits_57 = alloca i32 1" [bnn.cpp:116]   --->   Operation 67 'alloca' 'l2_bits_57' <Predicate = true> <Delay = 0.00>
ST_1 : Operation 68 [1/1] (0.00ns)   --->   "%l2_bits_58 = alloca i32 1" [bnn.cpp:116]   --->   Operation 68 'alloca' 'l2_bits_58' <Predicate = true> <Delay = 0.00>
ST_1 : Operation 69 [1/1] (0.00ns)   --->   "%l2_bits_59 = alloca i32 1" [bnn.cpp:116]   --->   Operation 69 'alloca' 'l2_bits_59' <Predicate = true> <Delay = 0.00>
ST_1 : Operation 70 [1/1] (0.00ns)   --->   "%l2_bits_60 = alloca i32 1" [bnn.cpp:116]   --->   Operation 70 'alloca' 'l2_bits_60' <Predicate = true> <Delay = 0.00>
ST_1 : Operation 71 [1/1] (0.00ns)   --->   "%l2_bits_61 = alloca i32 1" [bnn.cpp:116]   --->   Operation 71 'alloca' 'l2_bits_61' <Predicate = true> <Delay = 0.00>
ST_1 : Operation 72 [1/1] (0.00ns)   --->   "%l2_bits_62 = alloca i32 1" [bnn.cpp:116]   --->   Operation 72 'alloca' 'l2_bits_62' <Predicate = true> <Delay = 0.00>
ST_1 : Operation 73 [1/1] (0.00ns)   --->   "%l2_bits_63 = alloca i32 1" [bnn.cpp:116]   --->   Operation 73 'alloca' 'l2_bits_63' <Predicate = true> <Delay = 0.00>
ST_1 : Operation 74 [1/1] (0.00ns)   --->   "%specmemcore_ln0 = specmemcore void @_ssdm_op_SpecMemCore, i32 %l2_out, i64 666, i64 207, i64 1"   --->   Operation 74 'specmemcore' 'specmemcore_ln0' <Predicate = true> <Delay = 0.00>
ST_1 : Operation 75 [1/1] (0.00ns)   --->   "%specinterface_ln0 = specinterface void @_ssdm_op_SpecInterface, i32 %l2_out, void @empty_5, i32 0, i32 0, void @empty_8, i32 1, i32 0, void @empty_8, void @empty_8, void @empty_8, i32 0, i32 0, i32 0, i32 0, void @empty_8, void @empty_8, i32 4294967295, i32 0, i32 0"   --->   Operation 75 'specinterface' 'specinterface_ln0' <Predicate = true> <Delay = 0.00>
ST_1 : Operation 76 [1/1] (0.00ns)   --->   "%p_0_0282_7102_reload_read = read i16 @_ssdm_op_Read.ap_auto.i16, i16 %p_0_0282_7102_reload"   --->   Operation 76 'read' 'p_0_0282_7102_reload_read' <Predicate = true> <Delay = 0.00>
ST_1 : Operation 77 [1/1] (0.00ns)   --->   "%p_0_0282_6100_reload_read = read i16 @_ssdm_op_Read.ap_auto.i16, i16 %p_0_0282_6100_reload"   --->   Operation 77 'read' 'p_0_0282_6100_reload_read' <Predicate = true> <Delay = 0.00>
ST_1 : Operation 78 [1/1] (0.00ns)   --->   "%p_0_0282_598_reload_read = read i16 @_ssdm_op_Read.ap_auto.i16, i16 %p_0_0282_598_reload"   --->   Operation 78 'read' 'p_0_0282_598_reload_read' <Predicate = true> <Delay = 0.00>
ST_1 : Operation 79 [1/1] (0.00ns)   --->   "%p_0_0282_496_reload_read = read i16 @_ssdm_op_Read.ap_auto.i16, i16 %p_0_0282_496_reload"   --->   Operation 79 'read' 'p_0_0282_496_reload_read' <Predicate = true> <Delay = 0.00>
ST_1 : Operation 80 [1/1] (0.00ns)   --->   "%p_0_0282_394_reload_read = read i16 @_ssdm_op_Read.ap_auto.i16, i16 %p_0_0282_394_reload"   --->   Operation 80 'read' 'p_0_0282_394_reload_read' <Predicate = true> <Delay = 0.00>
ST_1 : Operation 81 [1/1] (0.00ns)   --->   "%p_0_0282_292_reload_read = read i16 @_ssdm_op_Read.ap_auto.i16, i16 %p_0_0282_292_reload"   --->   Operation 81 'read' 'p_0_0282_292_reload_read' <Predicate = true> <Delay = 0.00>
ST_1 : Operation 82 [1/1] (0.00ns)   --->   "%p_0_0282_190_reload_read = read i16 @_ssdm_op_Read.ap_auto.i16, i16 %p_0_0282_190_reload"   --->   Operation 82 'read' 'p_0_0282_190_reload_read' <Predicate = true> <Delay = 0.00>
ST_1 : Operation 83 [1/1] (0.00ns)   --->   "%p_0_028288_reload_read = read i16 @_ssdm_op_Read.ap_auto.i16, i16 %p_0_028288_reload"   --->   Operation 83 'read' 'p_0_028288_reload_read' <Predicate = true> <Delay = 0.00>
ST_1 : Operation 84 [1/1] (1.58ns)   --->   "%store_ln120 = store i7 0, i7 %n_1" [bnn.cpp:120]   --->   Operation 84 'store' 'store_ln120' <Predicate = true> <Delay = 1.58>
ST_1 : Operation 85 [1/1] (0.00ns)   --->   "%br_ln0 = br void %for.body9"   --->   Operation 85 'br' 'br_ln0' <Predicate = true> <Delay = 0.00>
ST_1 : Operation 86 [1/1] (0.00ns)   --->   "%n = load i7 %n_1" [bnn.cpp:120]   --->   Operation 86 'load' 'n' <Predicate = true> <Delay = 0.00>
ST_1 : Operation 87 [1/1] (1.87ns)   --->   "%icmp_ln120 = icmp_eq  i7 %n, i7 64" [bnn.cpp:120]   --->   Operation 87 'icmp' 'icmp_ln120' <Predicate = true> <Delay = 1.87> <CoreInst = "Cmp">   --->   Core 9 'Cmp' <Latency = 0> <II = 1> <Delay = 1.87> <FuncUnit> <Opcode : 'seteq' 'setne' 'setle' 'setge' 'setlt' 'setgt'> <InPorts = 2> <OutPorts = 1>
ST_1 : Operation 88 [1/1] (1.87ns)   --->   "%add_ln120 = add i7 %n, i7 1" [bnn.cpp:120]   --->   Operation 88 'add' 'add_ln120' <Predicate = true> <Delay = 1.87> <CoreInst = "Adder">   --->   Core 1 'Adder' <Latency = 0> <II = 1> <Delay = 1.87> <FuncUnit> <Opcode : 'add' 'sub'> <InPorts = 2> <OutPorts = 1>
ST_1 : Operation 89 [1/1] (0.00ns)   --->   "%br_ln120 = br i1 %icmp_ln120, void %for.body9.split, void %for.body.i65.preheader.exitStub" [bnn.cpp:120]   --->   Operation 89 'br' 'br_ln120' <Predicate = true> <Delay = 0.00>
ST_1 : Operation 90 [1/1] (0.00ns)   --->   "%trunc_ln120 = trunc i7 %n" [bnn.cpp:120]   --->   Operation 90 'trunc' 'trunc_ln120' <Predicate = (!icmp_ln120)> <Delay = 0.00>
ST_1 : Operation 91 [1/1] (0.00ns)   --->   "%shl_ln1 = bitconcatenate i9 @_ssdm_op_BitConcatenate.i9.i6.i3, i6 %trunc_ln120, i3 0" [bnn.cpp:122]   --->   Operation 91 'bitconcatenate' 'shl_ln1' <Predicate = (!icmp_ln120)> <Delay = 0.00>
ST_1 : Operation 92 [1/1] (0.00ns)   --->   "%zext_ln60 = zext i9 %shl_ln1" [bnn.cpp:60->bnn.cpp:123]   --->   Operation 92 'zext' 'zext_ln60' <Predicate = (!icmp_ln120)> <Delay = 0.00>
ST_1 : Operation 93 [1/1] (0.00ns)   --->   "%w2_addr = getelementptr i16 %w2, i64 0, i64 %zext_ln60" [bnn.cpp:60->bnn.cpp:123]   --->   Operation 93 'getelementptr' 'w2_addr' <Predicate = (!icmp_ln120)> <Delay = 0.00>
ST_1 : Operation 94 [2/2] (3.25ns)   --->   "%w2_load = load i9 %w2_addr" [bnn.cpp:60->bnn.cpp:123]   --->   Operation 94 'load' 'w2_load' <Predicate = (!icmp_ln120)> <Delay = 3.25> <CoreInst = "ROM">   --->   Core 94 'ROM' <Latency = 1> <II = 1> <Delay = 3.25> <Storage> <Opcode : 'load'> <Ports = 0> <Width = 16> <Depth = 512> <ROM>
ST_1 : Operation 95 [1/1] (0.00ns)   --->   "%or_ln = bitconcatenate i9 @_ssdm_op_BitConcatenate.i9.i6.i3, i6 %trunc_ln120, i3 1" [bnn.cpp:60->bnn.cpp:123]   --->   Operation 95 'bitconcatenate' 'or_ln' <Predicate = (!icmp_ln120)> <Delay = 0.00>
ST_1 : Operation 96 [1/1] (0.00ns)   --->   "%zext_ln60_4 = zext i9 %or_ln" [bnn.cpp:60->bnn.cpp:123]   --->   Operation 96 'zext' 'zext_ln60_4' <Predicate = (!icmp_ln120)> <Delay = 0.00>
ST_1 : Operation 97 [1/1] (0.00ns)   --->   "%w2_addr_1 = getelementptr i16 %w2, i64 0, i64 %zext_ln60_4" [bnn.cpp:60->bnn.cpp:123]   --->   Operation 97 'getelementptr' 'w2_addr_1' <Predicate = (!icmp_ln120)> <Delay = 0.00>
ST_1 : Operation 98 [2/2] (3.25ns)   --->   "%w2_load_1 = load i9 %w2_addr_1" [bnn.cpp:60->bnn.cpp:123]   --->   Operation 98 'load' 'w2_load_1' <Predicate = (!icmp_ln120)> <Delay = 3.25> <CoreInst = "ROM">   --->   Core 94 'ROM' <Latency = 1> <II = 1> <Delay = 3.25> <Storage> <Opcode : 'load'> <Ports = 0> <Width = 16> <Depth = 512> <ROM>
ST_1 : Operation 99 [1/1] (0.00ns)   --->   "%or_ln60_1 = bitconcatenate i9 @_ssdm_op_BitConcatenate.i9.i6.i3, i6 %trunc_ln120, i3 2" [bnn.cpp:60->bnn.cpp:123]   --->   Operation 99 'bitconcatenate' 'or_ln60_1' <Predicate = (!icmp_ln120)> <Delay = 0.00>
ST_1 : Operation 100 [1/1] (0.00ns)   --->   "%zext_ln60_5 = zext i9 %or_ln60_1" [bnn.cpp:60->bnn.cpp:123]   --->   Operation 100 'zext' 'zext_ln60_5' <Predicate = (!icmp_ln120)> <Delay = 0.00>
ST_1 : Operation 101 [1/1] (0.00ns)   --->   "%w2_addr_2 = getelementptr i16 %w2, i64 0, i64 %zext_ln60_5" [bnn.cpp:60->bnn.cpp:123]   --->   Operation 101 'getelementptr' 'w2_addr_2' <Predicate = (!icmp_ln120)> <Delay = 0.00>
ST_1 : Operation 102 [2/2] (3.25ns)   --->   "%w2_load_2 = load i9 %w2_addr_2" [bnn.cpp:60->bnn.cpp:123]   --->   Operation 102 'load' 'w2_load_2' <Predicate = (!icmp_ln120)> <Delay = 3.25> <CoreInst = "ROM">   --->   Core 94 'ROM' <Latency = 1> <II = 1> <Delay = 3.25> <Storage> <Opcode : 'load'> <Ports = 0> <Width = 16> <Depth = 512> <ROM>
ST_1 : Operation 103 [1/1] (0.00ns)   --->   "%or_ln60_2 = bitconcatenate i9 @_ssdm_op_BitConcatenate.i9.i6.i3, i6 %trunc_ln120, i3 3" [bnn.cpp:60->bnn.cpp:123]   --->   Operation 103 'bitconcatenate' 'or_ln60_2' <Predicate = (!icmp_ln120)> <Delay = 0.00>
ST_1 : Operation 104 [1/1] (0.00ns)   --->   "%zext_ln60_6 = zext i9 %or_ln60_2" [bnn.cpp:60->bnn.cpp:123]   --->   Operation 104 'zext' 'zext_ln60_6' <Predicate = (!icmp_ln120)> <Delay = 0.00>
ST_1 : Operation 105 [1/1] (0.00ns)   --->   "%w2_addr_3 = getelementptr i16 %w2, i64 0, i64 %zext_ln60_6" [bnn.cpp:60->bnn.cpp:123]   --->   Operation 105 'getelementptr' 'w2_addr_3' <Predicate = (!icmp_ln120)> <Delay = 0.00>
ST_1 : Operation 106 [2/2] (3.25ns)   --->   "%w2_load_3 = load i9 %w2_addr_3" [bnn.cpp:60->bnn.cpp:123]   --->   Operation 106 'load' 'w2_load_3' <Predicate = (!icmp_ln120)> <Delay = 3.25> <CoreInst = "ROM">   --->   Core 94 'ROM' <Latency = 1> <II = 1> <Delay = 3.25> <Storage> <Opcode : 'load'> <Ports = 0> <Width = 16> <Depth = 512> <ROM>
ST_1 : Operation 107 [1/1] (0.00ns)   --->   "%or_ln60_3 = bitconcatenate i9 @_ssdm_op_BitConcatenate.i9.i6.i3, i6 %trunc_ln120, i3 4" [bnn.cpp:60->bnn.cpp:123]   --->   Operation 107 'bitconcatenate' 'or_ln60_3' <Predicate = (!icmp_ln120)> <Delay = 0.00>
ST_1 : Operation 108 [1/1] (0.00ns)   --->   "%zext_ln60_7 = zext i9 %or_ln60_3" [bnn.cpp:60->bnn.cpp:123]   --->   Operation 108 'zext' 'zext_ln60_7' <Predicate = (!icmp_ln120)> <Delay = 0.00>
ST_1 : Operation 109 [1/1] (0.00ns)   --->   "%w2_addr_4 = getelementptr i16 %w2, i64 0, i64 %zext_ln60_7" [bnn.cpp:60->bnn.cpp:123]   --->   Operation 109 'getelementptr' 'w2_addr_4' <Predicate = (!icmp_ln120)> <Delay = 0.00>
ST_1 : Operation 110 [2/2] (3.25ns)   --->   "%w2_load_4 = load i9 %w2_addr_4" [bnn.cpp:60->bnn.cpp:123]   --->   Operation 110 'load' 'w2_load_4' <Predicate = (!icmp_ln120)> <Delay = 3.25> <CoreInst = "ROM">   --->   Core 94 'ROM' <Latency = 1> <II = 1> <Delay = 3.25> <Storage> <Opcode : 'load'> <Ports = 0> <Width = 16> <Depth = 512> <ROM>
ST_1 : Operation 111 [1/1] (0.00ns)   --->   "%or_ln60_4 = bitconcatenate i9 @_ssdm_op_BitConcatenate.i9.i6.i3, i6 %trunc_ln120, i3 5" [bnn.cpp:60->bnn.cpp:123]   --->   Operation 111 'bitconcatenate' 'or_ln60_4' <Predicate = (!icmp_ln120)> <Delay = 0.00>
ST_1 : Operation 112 [1/1] (0.00ns)   --->   "%zext_ln60_8 = zext i9 %or_ln60_4" [bnn.cpp:60->bnn.cpp:123]   --->   Operation 112 'zext' 'zext_ln60_8' <Predicate = (!icmp_ln120)> <Delay = 0.00>
ST_1 : Operation 113 [1/1] (0.00ns)   --->   "%w2_addr_5 = getelementptr i16 %w2, i64 0, i64 %zext_ln60_8" [bnn.cpp:60->bnn.cpp:123]   --->   Operation 113 'getelementptr' 'w2_addr_5' <Predicate = (!icmp_ln120)> <Delay = 0.00>
ST_1 : Operation 114 [2/2] (3.25ns)   --->   "%w2_load_5 = load i9 %w2_addr_5" [bnn.cpp:60->bnn.cpp:123]   --->   Operation 114 'load' 'w2_load_5' <Predicate = (!icmp_ln120)> <Delay = 3.25> <CoreInst = "ROM">   --->   Core 94 'ROM' <Latency = 1> <II = 1> <Delay = 3.25> <Storage> <Opcode : 'load'> <Ports = 0> <Width = 16> <Depth = 512> <ROM>
ST_1 : Operation 115 [1/1] (0.00ns)   --->   "%or_ln60_5 = bitconcatenate i9 @_ssdm_op_BitConcatenate.i9.i6.i3, i6 %trunc_ln120, i3 6" [bnn.cpp:60->bnn.cpp:123]   --->   Operation 115 'bitconcatenate' 'or_ln60_5' <Predicate = (!icmp_ln120)> <Delay = 0.00>
ST_1 : Operation 116 [1/1] (0.00ns)   --->   "%zext_ln60_9 = zext i9 %or_ln60_5" [bnn.cpp:60->bnn.cpp:123]   --->   Operation 116 'zext' 'zext_ln60_9' <Predicate = (!icmp_ln120)> <Delay = 0.00>
ST_1 : Operation 117 [1/1] (0.00ns)   --->   "%w2_addr_6 = getelementptr i16 %w2, i64 0, i64 %zext_ln60_9" [bnn.cpp:60->bnn.cpp:123]   --->   Operation 117 'getelementptr' 'w2_addr_6' <Predicate = (!icmp_ln120)> <Delay = 0.00>
ST_1 : Operation 118 [2/2] (3.25ns)   --->   "%w2_load_6 = load i9 %w2_addr_6" [bnn.cpp:60->bnn.cpp:123]   --->   Operation 118 'load' 'w2_load_6' <Predicate = (!icmp_ln120)> <Delay = 3.25> <CoreInst = "ROM">   --->   Core 94 'ROM' <Latency = 1> <II = 1> <Delay = 3.25> <Storage> <Opcode : 'load'> <Ports = 0> <Width = 16> <Depth = 512> <ROM>
ST_1 : Operation 119 [1/1] (0.00ns)   --->   "%or_ln60_6 = bitconcatenate i9 @_ssdm_op_BitConcatenate.i9.i6.i3, i6 %trunc_ln120, i3 7" [bnn.cpp:60->bnn.cpp:123]   --->   Operation 119 'bitconcatenate' 'or_ln60_6' <Predicate = (!icmp_ln120)> <Delay = 0.00>
ST_1 : Operation 120 [1/1] (0.00ns)   --->   "%zext_ln60_10 = zext i9 %or_ln60_6" [bnn.cpp:60->bnn.cpp:123]   --->   Operation 120 'zext' 'zext_ln60_10' <Predicate = (!icmp_ln120)> <Delay = 0.00>
ST_1 : Operation 121 [1/1] (0.00ns)   --->   "%w2_addr_7 = getelementptr i16 %w2, i64 0, i64 %zext_ln60_10" [bnn.cpp:60->bnn.cpp:123]   --->   Operation 121 'getelementptr' 'w2_addr_7' <Predicate = (!icmp_ln120)> <Delay = 0.00>
ST_1 : Operation 122 [2/2] (3.25ns)   --->   "%w2_load_7 = load i9 %w2_addr_7" [bnn.cpp:60->bnn.cpp:123]   --->   Operation 122 'load' 'w2_load_7' <Predicate = (!icmp_ln120)> <Delay = 3.25> <CoreInst = "ROM">   --->   Core 94 'ROM' <Latency = 1> <II = 1> <Delay = 3.25> <Storage> <Opcode : 'load'> <Ports = 0> <Width = 16> <Depth = 512> <ROM>
ST_1 : Operation 123 [1/1] (1.82ns)   --->   "%switch_ln129 = switch i6 %trunc_ln120, void %arrayidx23.case.63, i6 0, void %arrayidx23.case.0, i6 1, void %arrayidx23.case.1, i6 2, void %arrayidx23.case.2, i6 3, void %arrayidx23.case.3, i6 4, void %arrayidx23.case.4, i6 5, void %arrayidx23.case.5, i6 6, void %arrayidx23.case.6, i6 7, void %arrayidx23.case.7, i6 8, void %arrayidx23.case.8, i6 9, void %arrayidx23.case.9, i6 10, void %arrayidx23.case.10, i6 11, void %arrayidx23.case.11, i6 12, void %arrayidx23.case.12, i6 13, void %arrayidx23.case.13, i6 14, void %arrayidx23.case.14, i6 15, void %arrayidx23.case.15, i6 16, void %arrayidx23.case.16, i6 17, void %arrayidx23.case.17, i6 18, void %arrayidx23.case.18, i6 19, void %arrayidx23.case.19, i6 20, void %arrayidx23.case.20, i6 21, void %arrayidx23.case.21, i6 22, void %arrayidx23.case.22, i6 23, void %arrayidx23.case.23, i6 24, void %arrayidx23.case.24, i6 25, void %arrayidx23.case.25, i6 26, void %arrayidx23.case.26, i6 27, void %arrayidx23.case.27, i6 28, void %arrayidx23.case.28, i6 29, void %arrayidx23.case.29, i6 30, void %arrayidx23.case.30, i6 31, void %arrayidx23.case.31, i6 32, void %arrayidx23.case.32, i6 33, void %arrayidx23.case.33, i6 34, void %arrayidx23.case.34, i6 35, void %arrayidx23.case.35, i6 36, void %arrayidx23.case.36, i6 37, void %arrayidx23.case.37, i6 38, void %arrayidx23.case.38, i6 39, void %arrayidx23.case.39, i6 40, void %arrayidx23.case.40, i6 41, void %arrayidx23.case.41, i6 42, void %arrayidx23.case.42, i6 43, void %arrayidx23.case.43, i6 44, void %arrayidx23.case.44, i6 45, void %arrayidx23.case.45, i6 46, void %arrayidx23.case.46, i6 47, void %arrayidx23.case.47, i6 48, void %arrayidx23.case.48, i6 49, void %arrayidx23.case.49, i6 50, void %arrayidx23.case.50, i6 51, void %arrayidx23.case.51, i6 52, void %arrayidx23.case.52, i6 53, void %arrayidx23.case.53, i6 54, void %arrayidx23.case.54, i6 55, void %arrayidx23.case.55, i6 56, void %arrayidx23.case.56, i6 57, void %arrayidx23.case.57, i6 58, void %arrayidx23.case.58, i6 59, void %arrayidx23.case.59, i6 60, void %arrayidx23.case.60, i6 61, void %arrayidx23.case.61, i6 62, void %for.body9.split.arrayidx23.exit_crit_edge" [bnn.cpp:129]   --->   Operation 123 'switch' 'switch_ln129' <Predicate = (!icmp_ln120)> <Delay = 1.82>
ST_1 : Operation 124 [1/1] (1.58ns)   --->   "%store_ln120 = store i7 %add_ln120, i7 %n_1" [bnn.cpp:120]   --->   Operation 124 'store' 'store_ln120' <Predicate = (!icmp_ln120)> <Delay = 1.58>
ST_1 : Operation 125 [1/1] (0.00ns)   --->   "%br_ln120 = br void %for.body9" [bnn.cpp:120]   --->   Operation 125 'br' 'br_ln120' <Predicate = (!icmp_ln120)> <Delay = 0.00>

State 2 <SV = 1> <Delay = 5.80>
ST_2 : Operation 126 [1/2] ( I:3.25ns O:3.25ns )   --->   "%w2_load = load i9 %w2_addr" [bnn.cpp:60->bnn.cpp:123]   --->   Operation 126 'load' 'w2_load' <Predicate = true> <Delay = 3.25> <CoreInst = "ROM">   --->   Core 94 'ROM' <Latency = 1> <II = 1> <Delay = 3.25> <Storage> <Opcode : 'load'> <Ports = 0> <Width = 16> <Depth = 512> <ROM>
ST_2 : Operation 127 [1/1] (0.00ns) (grouped into LUT with out node xnor)   --->   "%xor_ln60 = xor i16 %p_0_028288_reload_read, i16 65535" [bnn.cpp:60->bnn.cpp:123]   --->   Operation 127 'xor' 'xor_ln60' <Predicate = true> <Delay = 0.00> <CoreInst = "LogicGate">   --->   Core 74 'LogicGate' <Latency = 0> <II = 1> <Delay = 0.99> <FuncUnit> <Opcode : 'and' 'or' 'xor'> <InPorts = 2> <OutPorts = 1>
ST_2 : Operation 128 [1/1] (0.99ns) (out node of the LUT)   --->   "%xnor = xor i16 %w2_load, i16 %xor_ln60" [bnn.cpp:60->bnn.cpp:123]   --->   Operation 128 'xor' 'xnor' <Predicate = true> <Delay = 0.99> <CoreInst = "LogicGate">   --->   Core 74 'LogicGate' <Latency = 0> <II = 1> <Delay = 0.99> <FuncUnit> <Opcode : 'and' 'or' 'xor'> <InPorts = 2> <OutPorts = 1>
ST_2 : Operation 129 [1/1] (0.00ns)   --->   "%cnt = trunc i16 %xnor" [bnn.cpp:11->bnn.cpp:61->bnn.cpp:123]   --->   Operation 129 'trunc' 'cnt' <Predicate = true> <Delay = 0.00>
ST_2 : Operation 130 [1/1] (0.00ns)   --->   "%zext_ln8 = zext i1 %cnt" [bnn.cpp:8->bnn.cpp:61->bnn.cpp:123]   --->   Operation 130 'zext' 'zext_ln8' <Predicate = true> <Delay = 0.00>
ST_2 : Operation 131 [1/1] (0.00ns)   --->   "%tmp = bitselect i1 @_ssdm_op_BitSelect.i1.i16.i32, i16 %xnor, i32 1" [bnn.cpp:11->bnn.cpp:61->bnn.cpp:123]   --->   Operation 131 'bitselect' 'tmp' <Predicate = true> <Delay = 0.00>
ST_2 : Operation 132 [1/1] (0.00ns)   --->   "%zext_ln11 = zext i1 %tmp" [bnn.cpp:11->bnn.cpp:61->bnn.cpp:123]   --->   Operation 132 'zext' 'zext_ln11' <Predicate = true> <Delay = 0.00>
ST_2 : Operation 133 [1/1] (0.00ns)   --->   "%tmp_60 = bitselect i1 @_ssdm_op_BitSelect.i1.i16.i32, i16 %xnor, i32 2" [bnn.cpp:11->bnn.cpp:61->bnn.cpp:123]   --->   Operation 133 'bitselect' 'tmp_60' <Predicate = true> <Delay = 0.00>
ST_2 : Operation 134 [1/1] (0.00ns)   --->   "%zext_ln11_116 = zext i1 %tmp_60" [bnn.cpp:11->bnn.cpp:61->bnn.cpp:123]   --->   Operation 134 'zext' 'zext_ln11_116' <Predicate = true> <Delay = 0.00>
ST_2 : Operation 135 [1/1] (0.00ns)   --->   "%tmp_61 = bitselect i1 @_ssdm_op_BitSelect.i1.i16.i32, i16 %xnor, i32 3" [bnn.cpp:11->bnn.cpp:61->bnn.cpp:123]   --->   Operation 135 'bitselect' 'tmp_61' <Predicate = true> <Delay = 0.00>
ST_2 : Operation 136 [1/1] (0.00ns)   --->   "%zext_ln11_117 = zext i1 %tmp_61" [bnn.cpp:11->bnn.cpp:61->bnn.cpp:123]   --->   Operation 136 'zext' 'zext_ln11_117' <Predicate = true> <Delay = 0.00>
ST_2 : Operation 137 [1/1] (0.00ns)   --->   "%tmp_62 = bitselect i1 @_ssdm_op_BitSelect.i1.i16.i32, i16 %xnor, i32 4" [bnn.cpp:11->bnn.cpp:61->bnn.cpp:123]   --->   Operation 137 'bitselect' 'tmp_62' <Predicate = true> <Delay = 0.00>
ST_2 : Operation 138 [1/1] (0.00ns)   --->   "%zext_ln11_118 = zext i1 %tmp_62" [bnn.cpp:11->bnn.cpp:61->bnn.cpp:123]   --->   Operation 138 'zext' 'zext_ln11_118' <Predicate = true> <Delay = 0.00>
ST_2 : Operation 139 [1/1] (0.00ns)   --->   "%tmp_63 = bitselect i1 @_ssdm_op_BitSelect.i1.i16.i32, i16 %xnor, i32 5" [bnn.cpp:11->bnn.cpp:61->bnn.cpp:123]   --->   Operation 139 'bitselect' 'tmp_63' <Predicate = true> <Delay = 0.00>
ST_2 : Operation 140 [1/1] (0.00ns)   --->   "%zext_ln11_119 = zext i1 %tmp_63" [bnn.cpp:11->bnn.cpp:61->bnn.cpp:123]   --->   Operation 140 'zext' 'zext_ln11_119' <Predicate = true> <Delay = 0.00>
ST_2 : Operation 141 [1/1] (0.00ns)   --->   "%tmp_64 = bitselect i1 @_ssdm_op_BitSelect.i1.i16.i32, i16 %xnor, i32 6" [bnn.cpp:11->bnn.cpp:61->bnn.cpp:123]   --->   Operation 141 'bitselect' 'tmp_64' <Predicate = true> <Delay = 0.00>
ST_2 : Operation 142 [1/1] (0.00ns)   --->   "%zext_ln11_120 = zext i1 %tmp_64" [bnn.cpp:11->bnn.cpp:61->bnn.cpp:123]   --->   Operation 142 'zext' 'zext_ln11_120' <Predicate = true> <Delay = 0.00>
ST_2 : Operation 143 [1/1] (0.00ns)   --->   "%tmp_65 = bitselect i1 @_ssdm_op_BitSelect.i1.i16.i32, i16 %xnor, i32 7" [bnn.cpp:11->bnn.cpp:61->bnn.cpp:123]   --->   Operation 143 'bitselect' 'tmp_65' <Predicate = true> <Delay = 0.00>
ST_2 : Operation 144 [1/1] (0.00ns)   --->   "%zext_ln11_121 = zext i1 %tmp_65" [bnn.cpp:11->bnn.cpp:61->bnn.cpp:123]   --->   Operation 144 'zext' 'zext_ln11_121' <Predicate = true> <Delay = 0.00>
ST_2 : Operation 145 [1/1] (0.00ns)   --->   "%tmp_66 = bitselect i1 @_ssdm_op_BitSelect.i1.i16.i32, i16 %xnor, i32 8" [bnn.cpp:11->bnn.cpp:61->bnn.cpp:123]   --->   Operation 145 'bitselect' 'tmp_66' <Predicate = true> <Delay = 0.00>
ST_2 : Operation 146 [1/1] (0.00ns)   --->   "%zext_ln11_122 = zext i1 %tmp_66" [bnn.cpp:11->bnn.cpp:61->bnn.cpp:123]   --->   Operation 146 'zext' 'zext_ln11_122' <Predicate = true> <Delay = 0.00>
ST_2 : Operation 147 [1/1] (0.00ns)   --->   "%tmp_67 = bitselect i1 @_ssdm_op_BitSelect.i1.i16.i32, i16 %xnor, i32 9" [bnn.cpp:11->bnn.cpp:61->bnn.cpp:123]   --->   Operation 147 'bitselect' 'tmp_67' <Predicate = true> <Delay = 0.00>
ST_2 : Operation 148 [1/1] (0.00ns)   --->   "%zext_ln11_123 = zext i1 %tmp_67" [bnn.cpp:11->bnn.cpp:61->bnn.cpp:123]   --->   Operation 148 'zext' 'zext_ln11_123' <Predicate = true> <Delay = 0.00>
ST_2 : Operation 149 [1/1] (0.00ns)   --->   "%tmp_68 = bitselect i1 @_ssdm_op_BitSelect.i1.i16.i32, i16 %xnor, i32 10" [bnn.cpp:11->bnn.cpp:61->bnn.cpp:123]   --->   Operation 149 'bitselect' 'tmp_68' <Predicate = true> <Delay = 0.00>
ST_2 : Operation 150 [1/1] (0.00ns)   --->   "%zext_ln11_124 = zext i1 %tmp_68" [bnn.cpp:11->bnn.cpp:61->bnn.cpp:123]   --->   Operation 150 'zext' 'zext_ln11_124' <Predicate = true> <Delay = 0.00>
ST_2 : Operation 151 [1/1] (0.00ns)   --->   "%tmp_69 = bitselect i1 @_ssdm_op_BitSelect.i1.i16.i32, i16 %xnor, i32 11" [bnn.cpp:11->bnn.cpp:61->bnn.cpp:123]   --->   Operation 151 'bitselect' 'tmp_69' <Predicate = true> <Delay = 0.00>
ST_2 : Operation 152 [1/1] (0.00ns)   --->   "%zext_ln11_125 = zext i1 %tmp_69" [bnn.cpp:11->bnn.cpp:61->bnn.cpp:123]   --->   Operation 152 'zext' 'zext_ln11_125' <Predicate = true> <Delay = 0.00>
ST_2 : Operation 153 [1/1] (0.00ns)   --->   "%tmp_70 = bitselect i1 @_ssdm_op_BitSelect.i1.i16.i32, i16 %xnor, i32 12" [bnn.cpp:11->bnn.cpp:61->bnn.cpp:123]   --->   Operation 153 'bitselect' 'tmp_70' <Predicate = true> <Delay = 0.00>
ST_2 : Operation 154 [1/1] (0.00ns)   --->   "%zext_ln11_126 = zext i1 %tmp_70" [bnn.cpp:11->bnn.cpp:61->bnn.cpp:123]   --->   Operation 154 'zext' 'zext_ln11_126' <Predicate = true> <Delay = 0.00>
ST_2 : Operation 155 [1/1] (0.00ns)   --->   "%tmp_71 = bitselect i1 @_ssdm_op_BitSelect.i1.i16.i32, i16 %xnor, i32 13" [bnn.cpp:11->bnn.cpp:61->bnn.cpp:123]   --->   Operation 155 'bitselect' 'tmp_71' <Predicate = true> <Delay = 0.00>
ST_2 : Operation 156 [1/1] (0.00ns)   --->   "%zext_ln11_127 = zext i1 %tmp_71" [bnn.cpp:11->bnn.cpp:61->bnn.cpp:123]   --->   Operation 156 'zext' 'zext_ln11_127' <Predicate = true> <Delay = 0.00>
ST_2 : Operation 157 [1/1] (0.00ns)   --->   "%tmp_72 = bitselect i1 @_ssdm_op_BitSelect.i1.i16.i32, i16 %xnor, i32 14" [bnn.cpp:11->bnn.cpp:61->bnn.cpp:123]   --->   Operation 157 'bitselect' 'tmp_72' <Predicate = true> <Delay = 0.00>
ST_2 : Operation 158 [1/1] (0.00ns)   --->   "%zext_ln11_128 = zext i1 %tmp_72" [bnn.cpp:11->bnn.cpp:61->bnn.cpp:123]   --->   Operation 158 'zext' 'zext_ln11_128' <Predicate = true> <Delay = 0.00>
ST_2 : Operation 159 [1/1] (0.00ns)   --->   "%tmp_73 = bitselect i1 @_ssdm_op_BitSelect.i1.i16.i32, i16 %xnor, i32 15" [bnn.cpp:11->bnn.cpp:61->bnn.cpp:123]   --->   Operation 159 'bitselect' 'tmp_73' <Predicate = true> <Delay = 0.00>
ST_2 : Operation 160 [1/1] (0.00ns)   --->   "%zext_ln11_129 = zext i1 %tmp_73" [bnn.cpp:11->bnn.cpp:61->bnn.cpp:123]   --->   Operation 160 'zext' 'zext_ln11_129' <Predicate = true> <Delay = 0.00>
ST_2 : Operation 161 [1/1] (1.56ns)   --->   "%add_ln11 = add i2 %zext_ln11, i2 %zext_ln8" [bnn.cpp:11->bnn.cpp:61->bnn.cpp:123]   --->   Operation 161 'add' 'add_ln11' <Predicate = true> <Delay = 1.56> <CoreInst = "Adder">   --->   Core 1 'Adder' <Latency = 0> <II = 1> <Delay = 1.56> <FuncUnit> <Opcode : 'add' 'sub'> <InPorts = 2> <OutPorts = 1>
ST_2 : Operation 162 [1/1] (1.56ns)   --->   "%add_ln11_60 = add i2 %zext_ln11_116, i2 %zext_ln11_117" [bnn.cpp:11->bnn.cpp:61->bnn.cpp:123]   --->   Operation 162 'add' 'add_ln11_60' <Predicate = true> <Delay = 1.56> <CoreInst = "Adder">   --->   Core 1 'Adder' <Latency = 0> <II = 1> <Delay = 1.56> <FuncUnit> <Opcode : 'add' 'sub'> <InPorts = 2> <OutPorts = 1>
ST_2 : Operation 163 [1/1] (1.56ns)   --->   "%add_ln11_62 = add i2 %zext_ln11_118, i2 %zext_ln11_119" [bnn.cpp:11->bnn.cpp:61->bnn.cpp:123]   --->   Operation 163 'add' 'add_ln11_62' <Predicate = true> <Delay = 1.56> <CoreInst = "Adder">   --->   Core 1 'Adder' <Latency = 0> <II = 1> <Delay = 1.56> <FuncUnit> <Opcode : 'add' 'sub'> <InPorts = 2> <OutPorts = 1>
ST_2 : Operation 164 [1/1] (1.56ns)   --->   "%add_ln11_63 = add i2 %zext_ln11_120, i2 %zext_ln11_121" [bnn.cpp:11->bnn.cpp:61->bnn.cpp:123]   --->   Operation 164 'add' 'add_ln11_63' <Predicate = true> <Delay = 1.56> <CoreInst = "Adder">   --->   Core 1 'Adder' <Latency = 0> <II = 1> <Delay = 1.56> <FuncUnit> <Opcode : 'add' 'sub'> <InPorts = 2> <OutPorts = 1>
ST_2 : Operation 165 [1/1] (1.56ns)   --->   "%add_ln11_66 = add i2 %zext_ln11_122, i2 %zext_ln11_123" [bnn.cpp:11->bnn.cpp:61->bnn.cpp:123]   --->   Operation 165 'add' 'add_ln11_66' <Predicate = true> <Delay = 1.56> <CoreInst = "Adder">   --->   Core 1 'Adder' <Latency = 0> <II = 1> <Delay = 1.56> <FuncUnit> <Opcode : 'add' 'sub'> <InPorts = 2> <OutPorts = 1>
ST_2 : Operation 166 [1/1] (1.56ns)   --->   "%add_ln11_67 = add i2 %zext_ln11_124, i2 %zext_ln11_125" [bnn.cpp:11->bnn.cpp:61->bnn.cpp:123]   --->   Operation 166 'add' 'add_ln11_67' <Predicate = true> <Delay = 1.56> <CoreInst = "Adder">   --->   Core 1 'Adder' <Latency = 0> <II = 1> <Delay = 1.56> <FuncUnit> <Opcode : 'add' 'sub'> <InPorts = 2> <OutPorts = 1>
ST_2 : Operation 167 [1/1] (1.56ns)   --->   "%add_ln11_69 = add i2 %zext_ln11_126, i2 %zext_ln11_127" [bnn.cpp:11->bnn.cpp:61->bnn.cpp:123]   --->   Operation 167 'add' 'add_ln11_69' <Predicate = true> <Delay = 1.56> <CoreInst = "Adder">   --->   Core 1 'Adder' <Latency = 0> <II = 1> <Delay = 1.56> <FuncUnit> <Opcode : 'add' 'sub'> <InPorts = 2> <OutPorts = 1>
ST_2 : Operation 168 [1/1] (1.56ns)   --->   "%add_ln11_70 = add i2 %zext_ln11_128, i2 %zext_ln11_129" [bnn.cpp:11->bnn.cpp:61->bnn.cpp:123]   --->   Operation 168 'add' 'add_ln11_70' <Predicate = true> <Delay = 1.56> <CoreInst = "Adder">   --->   Core 1 'Adder' <Latency = 0> <II = 1> <Delay = 1.56> <FuncUnit> <Opcode : 'add' 'sub'> <InPorts = 2> <OutPorts = 1>
ST_2 : Operation 169 [1/2] ( I:3.25ns O:3.25ns )   --->   "%w2_load_1 = load i9 %w2_addr_1" [bnn.cpp:60->bnn.cpp:123]   --->   Operation 169 'load' 'w2_load_1' <Predicate = true> <Delay = 3.25> <CoreInst = "ROM">   --->   Core 94 'ROM' <Latency = 1> <II = 1> <Delay = 3.25> <Storage> <Opcode : 'load'> <Ports = 0> <Width = 16> <Depth = 512> <ROM>
ST_2 : Operation 170 [1/1] (0.00ns) (grouped into LUT with out node xnor_4)   --->   "%xor_ln60_9 = xor i16 %p_0_0282_190_reload_read, i16 65535" [bnn.cpp:60->bnn.cpp:123]   --->   Operation 170 'xor' 'xor_ln60_9' <Predicate = true> <Delay = 0.00> <CoreInst = "LogicGate">   --->   Core 74 'LogicGate' <Latency = 0> <II = 1> <Delay = 0.99> <FuncUnit> <Opcode : 'and' 'or' 'xor'> <InPorts = 2> <OutPorts = 1>
ST_2 : Operation 171 [1/1] (0.99ns) (out node of the LUT)   --->   "%xnor_4 = xor i16 %w2_load_1, i16 %xor_ln60_9" [bnn.cpp:60->bnn.cpp:123]   --->   Operation 171 'xor' 'xnor_4' <Predicate = true> <Delay = 0.99> <CoreInst = "LogicGate">   --->   Core 74 'LogicGate' <Latency = 0> <II = 1> <Delay = 0.99> <FuncUnit> <Opcode : 'and' 'or' 'xor'> <InPorts = 2> <OutPorts = 1>
ST_2 : Operation 172 [1/1] (0.00ns)   --->   "%cnt_9 = trunc i16 %xnor_4" [bnn.cpp:11->bnn.cpp:61->bnn.cpp:123]   --->   Operation 172 'trunc' 'cnt_9' <Predicate = true> <Delay = 0.00>
ST_2 : Operation 173 [1/1] (0.00ns)   --->   "%zext_ln8_4 = zext i1 %cnt_9" [bnn.cpp:8->bnn.cpp:61->bnn.cpp:123]   --->   Operation 173 'zext' 'zext_ln8_4' <Predicate = true> <Delay = 0.00>
ST_2 : Operation 174 [1/1] (0.00ns)   --->   "%tmp_74 = bitselect i1 @_ssdm_op_BitSelect.i1.i16.i32, i16 %xnor_4, i32 1" [bnn.cpp:11->bnn.cpp:61->bnn.cpp:123]   --->   Operation 174 'bitselect' 'tmp_74' <Predicate = true> <Delay = 0.00>
ST_2 : Operation 175 [1/1] (0.00ns)   --->   "%zext_ln11_144 = zext i1 %tmp_74" [bnn.cpp:11->bnn.cpp:61->bnn.cpp:123]   --->   Operation 175 'zext' 'zext_ln11_144' <Predicate = true> <Delay = 0.00>
ST_2 : Operation 176 [1/1] (0.00ns)   --->   "%tmp_75 = bitselect i1 @_ssdm_op_BitSelect.i1.i16.i32, i16 %xnor_4, i32 2" [bnn.cpp:11->bnn.cpp:61->bnn.cpp:123]   --->   Operation 176 'bitselect' 'tmp_75' <Predicate = true> <Delay = 0.00>
ST_2 : Operation 177 [1/1] (0.00ns)   --->   "%zext_ln11_145 = zext i1 %tmp_75" [bnn.cpp:11->bnn.cpp:61->bnn.cpp:123]   --->   Operation 177 'zext' 'zext_ln11_145' <Predicate = true> <Delay = 0.00>
ST_2 : Operation 178 [1/1] (0.00ns)   --->   "%tmp_76 = bitselect i1 @_ssdm_op_BitSelect.i1.i16.i32, i16 %xnor_4, i32 3" [bnn.cpp:11->bnn.cpp:61->bnn.cpp:123]   --->   Operation 178 'bitselect' 'tmp_76' <Predicate = true> <Delay = 0.00>
ST_2 : Operation 179 [1/1] (0.00ns)   --->   "%zext_ln11_146 = zext i1 %tmp_76" [bnn.cpp:11->bnn.cpp:61->bnn.cpp:123]   --->   Operation 179 'zext' 'zext_ln11_146' <Predicate = true> <Delay = 0.00>
ST_2 : Operation 180 [1/1] (0.00ns)   --->   "%tmp_77 = bitselect i1 @_ssdm_op_BitSelect.i1.i16.i32, i16 %xnor_4, i32 4" [bnn.cpp:11->bnn.cpp:61->bnn.cpp:123]   --->   Operation 180 'bitselect' 'tmp_77' <Predicate = true> <Delay = 0.00>
ST_2 : Operation 181 [1/1] (0.00ns)   --->   "%zext_ln11_147 = zext i1 %tmp_77" [bnn.cpp:11->bnn.cpp:61->bnn.cpp:123]   --->   Operation 181 'zext' 'zext_ln11_147' <Predicate = true> <Delay = 0.00>
ST_2 : Operation 182 [1/1] (0.00ns)   --->   "%tmp_78 = bitselect i1 @_ssdm_op_BitSelect.i1.i16.i32, i16 %xnor_4, i32 5" [bnn.cpp:11->bnn.cpp:61->bnn.cpp:123]   --->   Operation 182 'bitselect' 'tmp_78' <Predicate = true> <Delay = 0.00>
ST_2 : Operation 183 [1/1] (0.00ns)   --->   "%zext_ln11_148 = zext i1 %tmp_78" [bnn.cpp:11->bnn.cpp:61->bnn.cpp:123]   --->   Operation 183 'zext' 'zext_ln11_148' <Predicate = true> <Delay = 0.00>
ST_2 : Operation 184 [1/1] (0.00ns)   --->   "%tmp_79 = bitselect i1 @_ssdm_op_BitSelect.i1.i16.i32, i16 %xnor_4, i32 6" [bnn.cpp:11->bnn.cpp:61->bnn.cpp:123]   --->   Operation 184 'bitselect' 'tmp_79' <Predicate = true> <Delay = 0.00>
ST_2 : Operation 185 [1/1] (0.00ns)   --->   "%zext_ln11_149 = zext i1 %tmp_79" [bnn.cpp:11->bnn.cpp:61->bnn.cpp:123]   --->   Operation 185 'zext' 'zext_ln11_149' <Predicate = true> <Delay = 0.00>
ST_2 : Operation 186 [1/1] (0.00ns)   --->   "%tmp_80 = bitselect i1 @_ssdm_op_BitSelect.i1.i16.i32, i16 %xnor_4, i32 7" [bnn.cpp:11->bnn.cpp:61->bnn.cpp:123]   --->   Operation 186 'bitselect' 'tmp_80' <Predicate = true> <Delay = 0.00>
ST_2 : Operation 187 [1/1] (0.00ns)   --->   "%zext_ln11_150 = zext i1 %tmp_80" [bnn.cpp:11->bnn.cpp:61->bnn.cpp:123]   --->   Operation 187 'zext' 'zext_ln11_150' <Predicate = true> <Delay = 0.00>
ST_2 : Operation 188 [1/1] (0.00ns)   --->   "%tmp_81 = bitselect i1 @_ssdm_op_BitSelect.i1.i16.i32, i16 %xnor_4, i32 8" [bnn.cpp:11->bnn.cpp:61->bnn.cpp:123]   --->   Operation 188 'bitselect' 'tmp_81' <Predicate = true> <Delay = 0.00>
ST_2 : Operation 189 [1/1] (0.00ns)   --->   "%zext_ln11_151 = zext i1 %tmp_81" [bnn.cpp:11->bnn.cpp:61->bnn.cpp:123]   --->   Operation 189 'zext' 'zext_ln11_151' <Predicate = true> <Delay = 0.00>
ST_2 : Operation 190 [1/1] (0.00ns)   --->   "%tmp_82 = bitselect i1 @_ssdm_op_BitSelect.i1.i16.i32, i16 %xnor_4, i32 9" [bnn.cpp:11->bnn.cpp:61->bnn.cpp:123]   --->   Operation 190 'bitselect' 'tmp_82' <Predicate = true> <Delay = 0.00>
ST_2 : Operation 191 [1/1] (0.00ns)   --->   "%zext_ln11_152 = zext i1 %tmp_82" [bnn.cpp:11->bnn.cpp:61->bnn.cpp:123]   --->   Operation 191 'zext' 'zext_ln11_152' <Predicate = true> <Delay = 0.00>
ST_2 : Operation 192 [1/1] (0.00ns)   --->   "%tmp_83 = bitselect i1 @_ssdm_op_BitSelect.i1.i16.i32, i16 %xnor_4, i32 10" [bnn.cpp:11->bnn.cpp:61->bnn.cpp:123]   --->   Operation 192 'bitselect' 'tmp_83' <Predicate = true> <Delay = 0.00>
ST_2 : Operation 193 [1/1] (0.00ns)   --->   "%zext_ln11_153 = zext i1 %tmp_83" [bnn.cpp:11->bnn.cpp:61->bnn.cpp:123]   --->   Operation 193 'zext' 'zext_ln11_153' <Predicate = true> <Delay = 0.00>
ST_2 : Operation 194 [1/1] (0.00ns)   --->   "%tmp_84 = bitselect i1 @_ssdm_op_BitSelect.i1.i16.i32, i16 %xnor_4, i32 11" [bnn.cpp:11->bnn.cpp:61->bnn.cpp:123]   --->   Operation 194 'bitselect' 'tmp_84' <Predicate = true> <Delay = 0.00>
ST_2 : Operation 195 [1/1] (0.00ns)   --->   "%zext_ln11_154 = zext i1 %tmp_84" [bnn.cpp:11->bnn.cpp:61->bnn.cpp:123]   --->   Operation 195 'zext' 'zext_ln11_154' <Predicate = true> <Delay = 0.00>
ST_2 : Operation 196 [1/1] (0.00ns)   --->   "%tmp_85 = bitselect i1 @_ssdm_op_BitSelect.i1.i16.i32, i16 %xnor_4, i32 12" [bnn.cpp:11->bnn.cpp:61->bnn.cpp:123]   --->   Operation 196 'bitselect' 'tmp_85' <Predicate = true> <Delay = 0.00>
ST_2 : Operation 197 [1/1] (0.00ns)   --->   "%zext_ln11_155 = zext i1 %tmp_85" [bnn.cpp:11->bnn.cpp:61->bnn.cpp:123]   --->   Operation 197 'zext' 'zext_ln11_155' <Predicate = true> <Delay = 0.00>
ST_2 : Operation 198 [1/1] (0.00ns)   --->   "%tmp_86 = bitselect i1 @_ssdm_op_BitSelect.i1.i16.i32, i16 %xnor_4, i32 13" [bnn.cpp:11->bnn.cpp:61->bnn.cpp:123]   --->   Operation 198 'bitselect' 'tmp_86' <Predicate = true> <Delay = 0.00>
ST_2 : Operation 199 [1/1] (0.00ns)   --->   "%zext_ln11_156 = zext i1 %tmp_86" [bnn.cpp:11->bnn.cpp:61->bnn.cpp:123]   --->   Operation 199 'zext' 'zext_ln11_156' <Predicate = true> <Delay = 0.00>
ST_2 : Operation 200 [1/1] (0.00ns)   --->   "%tmp_87 = bitselect i1 @_ssdm_op_BitSelect.i1.i16.i32, i16 %xnor_4, i32 14" [bnn.cpp:11->bnn.cpp:61->bnn.cpp:123]   --->   Operation 200 'bitselect' 'tmp_87' <Predicate = true> <Delay = 0.00>
ST_2 : Operation 201 [1/1] (0.00ns)   --->   "%zext_ln11_157 = zext i1 %tmp_87" [bnn.cpp:11->bnn.cpp:61->bnn.cpp:123]   --->   Operation 201 'zext' 'zext_ln11_157' <Predicate = true> <Delay = 0.00>
ST_2 : Operation 202 [1/1] (0.00ns)   --->   "%tmp_88 = bitselect i1 @_ssdm_op_BitSelect.i1.i16.i32, i16 %xnor_4, i32 15" [bnn.cpp:11->bnn.cpp:61->bnn.cpp:123]   --->   Operation 202 'bitselect' 'tmp_88' <Predicate = true> <Delay = 0.00>
ST_2 : Operation 203 [1/1] (0.00ns)   --->   "%zext_ln11_158 = zext i1 %tmp_88" [bnn.cpp:11->bnn.cpp:61->bnn.cpp:123]   --->   Operation 203 'zext' 'zext_ln11_158' <Predicate = true> <Delay = 0.00>
ST_2 : Operation 204 [1/1] (1.56ns)   --->   "%add_ln11_74 = add i2 %zext_ln11_144, i2 %zext_ln8_4" [bnn.cpp:11->bnn.cpp:61->bnn.cpp:123]   --->   Operation 204 'add' 'add_ln11_74' <Predicate = true> <Delay = 1.56> <CoreInst = "Adder">   --->   Core 1 'Adder' <Latency = 0> <II = 1> <Delay = 1.56> <FuncUnit> <Opcode : 'add' 'sub'> <InPorts = 2> <OutPorts = 1>
ST_2 : Operation 205 [1/1] (1.56ns)   --->   "%add_ln11_75 = add i2 %zext_ln11_145, i2 %zext_ln11_146" [bnn.cpp:11->bnn.cpp:61->bnn.cpp:123]   --->   Operation 205 'add' 'add_ln11_75' <Predicate = true> <Delay = 1.56> <CoreInst = "Adder">   --->   Core 1 'Adder' <Latency = 0> <II = 1> <Delay = 1.56> <FuncUnit> <Opcode : 'add' 'sub'> <InPorts = 2> <OutPorts = 1>
ST_2 : Operation 206 [1/1] (1.56ns)   --->   "%add_ln11_77 = add i2 %zext_ln11_147, i2 %zext_ln11_148" [bnn.cpp:11->bnn.cpp:61->bnn.cpp:123]   --->   Operation 206 'add' 'add_ln11_77' <Predicate = true> <Delay = 1.56> <CoreInst = "Adder">   --->   Core 1 'Adder' <Latency = 0> <II = 1> <Delay = 1.56> <FuncUnit> <Opcode : 'add' 'sub'> <InPorts = 2> <OutPorts = 1>
ST_2 : Operation 207 [1/1] (1.56ns)   --->   "%add_ln11_78 = add i2 %zext_ln11_149, i2 %zext_ln11_150" [bnn.cpp:11->bnn.cpp:61->bnn.cpp:123]   --->   Operation 207 'add' 'add_ln11_78' <Predicate = true> <Delay = 1.56> <CoreInst = "Adder">   --->   Core 1 'Adder' <Latency = 0> <II = 1> <Delay = 1.56> <FuncUnit> <Opcode : 'add' 'sub'> <InPorts = 2> <OutPorts = 1>
ST_2 : Operation 208 [1/1] (1.56ns)   --->   "%add_ln11_81 = add i2 %zext_ln11_151, i2 %zext_ln11_152" [bnn.cpp:11->bnn.cpp:61->bnn.cpp:123]   --->   Operation 208 'add' 'add_ln11_81' <Predicate = true> <Delay = 1.56> <CoreInst = "Adder">   --->   Core 1 'Adder' <Latency = 0> <II = 1> <Delay = 1.56> <FuncUnit> <Opcode : 'add' 'sub'> <InPorts = 2> <OutPorts = 1>
ST_2 : Operation 209 [1/1] (1.56ns)   --->   "%add_ln11_82 = add i2 %zext_ln11_153, i2 %zext_ln11_154" [bnn.cpp:11->bnn.cpp:61->bnn.cpp:123]   --->   Operation 209 'add' 'add_ln11_82' <Predicate = true> <Delay = 1.56> <CoreInst = "Adder">   --->   Core 1 'Adder' <Latency = 0> <II = 1> <Delay = 1.56> <FuncUnit> <Opcode : 'add' 'sub'> <InPorts = 2> <OutPorts = 1>
ST_2 : Operation 210 [1/1] (1.56ns)   --->   "%add_ln11_84 = add i2 %zext_ln11_155, i2 %zext_ln11_156" [bnn.cpp:11->bnn.cpp:61->bnn.cpp:123]   --->   Operation 210 'add' 'add_ln11_84' <Predicate = true> <Delay = 1.56> <CoreInst = "Adder">   --->   Core 1 'Adder' <Latency = 0> <II = 1> <Delay = 1.56> <FuncUnit> <Opcode : 'add' 'sub'> <InPorts = 2> <OutPorts = 1>
ST_2 : Operation 211 [1/1] (1.56ns)   --->   "%add_ln11_85 = add i2 %zext_ln11_157, i2 %zext_ln11_158" [bnn.cpp:11->bnn.cpp:61->bnn.cpp:123]   --->   Operation 211 'add' 'add_ln11_85' <Predicate = true> <Delay = 1.56> <CoreInst = "Adder">   --->   Core 1 'Adder' <Latency = 0> <II = 1> <Delay = 1.56> <FuncUnit> <Opcode : 'add' 'sub'> <InPorts = 2> <OutPorts = 1>
ST_2 : Operation 212 [1/2] ( I:3.25ns O:3.25ns )   --->   "%w2_load_2 = load i9 %w2_addr_2" [bnn.cpp:60->bnn.cpp:123]   --->   Operation 212 'load' 'w2_load_2' <Predicate = true> <Delay = 3.25> <CoreInst = "ROM">   --->   Core 94 'ROM' <Latency = 1> <II = 1> <Delay = 3.25> <Storage> <Opcode : 'load'> <Ports = 0> <Width = 16> <Depth = 512> <ROM>
ST_2 : Operation 213 [1/1] (0.00ns) (grouped into LUT with out node xnor_5)   --->   "%xor_ln60_11 = xor i16 %p_0_0282_292_reload_read, i16 65535" [bnn.cpp:60->bnn.cpp:123]   --->   Operation 213 'xor' 'xor_ln60_11' <Predicate = true> <Delay = 0.00> <CoreInst = "LogicGate">   --->   Core 74 'LogicGate' <Latency = 0> <II = 1> <Delay = 0.99> <FuncUnit> <Opcode : 'and' 'or' 'xor'> <InPorts = 2> <OutPorts = 1>
ST_2 : Operation 214 [1/1] (0.99ns) (out node of the LUT)   --->   "%xnor_5 = xor i16 %w2_load_2, i16 %xor_ln60_11" [bnn.cpp:60->bnn.cpp:123]   --->   Operation 214 'xor' 'xnor_5' <Predicate = true> <Delay = 0.99> <CoreInst = "LogicGate">   --->   Core 74 'LogicGate' <Latency = 0> <II = 1> <Delay = 0.99> <FuncUnit> <Opcode : 'and' 'or' 'xor'> <InPorts = 2> <OutPorts = 1>
ST_2 : Operation 215 [1/1] (0.00ns)   --->   "%cnt_11 = trunc i16 %xnor_5" [bnn.cpp:11->bnn.cpp:61->bnn.cpp:123]   --->   Operation 215 'trunc' 'cnt_11' <Predicate = true> <Delay = 0.00>
ST_2 : Operation 216 [1/1] (0.00ns)   --->   "%zext_ln8_5 = zext i1 %cnt_11" [bnn.cpp:8->bnn.cpp:61->bnn.cpp:123]   --->   Operation 216 'zext' 'zext_ln8_5' <Predicate = true> <Delay = 0.00>
ST_2 : Operation 217 [1/1] (0.00ns)   --->   "%tmp_89 = bitselect i1 @_ssdm_op_BitSelect.i1.i16.i32, i16 %xnor_5, i32 1" [bnn.cpp:11->bnn.cpp:61->bnn.cpp:123]   --->   Operation 217 'bitselect' 'tmp_89' <Predicate = true> <Delay = 0.00>
ST_2 : Operation 218 [1/1] (0.00ns)   --->   "%zext_ln11_173 = zext i1 %tmp_89" [bnn.cpp:11->bnn.cpp:61->bnn.cpp:123]   --->   Operation 218 'zext' 'zext_ln11_173' <Predicate = true> <Delay = 0.00>
ST_2 : Operation 219 [1/1] (0.00ns)   --->   "%tmp_90 = bitselect i1 @_ssdm_op_BitSelect.i1.i16.i32, i16 %xnor_5, i32 2" [bnn.cpp:11->bnn.cpp:61->bnn.cpp:123]   --->   Operation 219 'bitselect' 'tmp_90' <Predicate = true> <Delay = 0.00>
ST_2 : Operation 220 [1/1] (0.00ns)   --->   "%zext_ln11_174 = zext i1 %tmp_90" [bnn.cpp:11->bnn.cpp:61->bnn.cpp:123]   --->   Operation 220 'zext' 'zext_ln11_174' <Predicate = true> <Delay = 0.00>
ST_2 : Operation 221 [1/1] (0.00ns)   --->   "%tmp_91 = bitselect i1 @_ssdm_op_BitSelect.i1.i16.i32, i16 %xnor_5, i32 3" [bnn.cpp:11->bnn.cpp:61->bnn.cpp:123]   --->   Operation 221 'bitselect' 'tmp_91' <Predicate = true> <Delay = 0.00>
ST_2 : Operation 222 [1/1] (0.00ns)   --->   "%zext_ln11_175 = zext i1 %tmp_91" [bnn.cpp:11->bnn.cpp:61->bnn.cpp:123]   --->   Operation 222 'zext' 'zext_ln11_175' <Predicate = true> <Delay = 0.00>
ST_2 : Operation 223 [1/1] (0.00ns)   --->   "%tmp_92 = bitselect i1 @_ssdm_op_BitSelect.i1.i16.i32, i16 %xnor_5, i32 4" [bnn.cpp:11->bnn.cpp:61->bnn.cpp:123]   --->   Operation 223 'bitselect' 'tmp_92' <Predicate = true> <Delay = 0.00>
ST_2 : Operation 224 [1/1] (0.00ns)   --->   "%zext_ln11_176 = zext i1 %tmp_92" [bnn.cpp:11->bnn.cpp:61->bnn.cpp:123]   --->   Operation 224 'zext' 'zext_ln11_176' <Predicate = true> <Delay = 0.00>
ST_2 : Operation 225 [1/1] (0.00ns)   --->   "%tmp_93 = bitselect i1 @_ssdm_op_BitSelect.i1.i16.i32, i16 %xnor_5, i32 5" [bnn.cpp:11->bnn.cpp:61->bnn.cpp:123]   --->   Operation 225 'bitselect' 'tmp_93' <Predicate = true> <Delay = 0.00>
ST_2 : Operation 226 [1/1] (0.00ns)   --->   "%zext_ln11_177 = zext i1 %tmp_93" [bnn.cpp:11->bnn.cpp:61->bnn.cpp:123]   --->   Operation 226 'zext' 'zext_ln11_177' <Predicate = true> <Delay = 0.00>
ST_2 : Operation 227 [1/1] (0.00ns)   --->   "%tmp_94 = bitselect i1 @_ssdm_op_BitSelect.i1.i16.i32, i16 %xnor_5, i32 6" [bnn.cpp:11->bnn.cpp:61->bnn.cpp:123]   --->   Operation 227 'bitselect' 'tmp_94' <Predicate = true> <Delay = 0.00>
ST_2 : Operation 228 [1/1] (0.00ns)   --->   "%zext_ln11_178 = zext i1 %tmp_94" [bnn.cpp:11->bnn.cpp:61->bnn.cpp:123]   --->   Operation 228 'zext' 'zext_ln11_178' <Predicate = true> <Delay = 0.00>
ST_2 : Operation 229 [1/1] (0.00ns)   --->   "%tmp_95 = bitselect i1 @_ssdm_op_BitSelect.i1.i16.i32, i16 %xnor_5, i32 7" [bnn.cpp:11->bnn.cpp:61->bnn.cpp:123]   --->   Operation 229 'bitselect' 'tmp_95' <Predicate = true> <Delay = 0.00>
ST_2 : Operation 230 [1/1] (0.00ns)   --->   "%zext_ln11_179 = zext i1 %tmp_95" [bnn.cpp:11->bnn.cpp:61->bnn.cpp:123]   --->   Operation 230 'zext' 'zext_ln11_179' <Predicate = true> <Delay = 0.00>
ST_2 : Operation 231 [1/1] (0.00ns)   --->   "%tmp_96 = bitselect i1 @_ssdm_op_BitSelect.i1.i16.i32, i16 %xnor_5, i32 8" [bnn.cpp:11->bnn.cpp:61->bnn.cpp:123]   --->   Operation 231 'bitselect' 'tmp_96' <Predicate = true> <Delay = 0.00>
ST_2 : Operation 232 [1/1] (0.00ns)   --->   "%zext_ln11_180 = zext i1 %tmp_96" [bnn.cpp:11->bnn.cpp:61->bnn.cpp:123]   --->   Operation 232 'zext' 'zext_ln11_180' <Predicate = true> <Delay = 0.00>
ST_2 : Operation 233 [1/1] (0.00ns)   --->   "%tmp_97 = bitselect i1 @_ssdm_op_BitSelect.i1.i16.i32, i16 %xnor_5, i32 9" [bnn.cpp:11->bnn.cpp:61->bnn.cpp:123]   --->   Operation 233 'bitselect' 'tmp_97' <Predicate = true> <Delay = 0.00>
ST_2 : Operation 234 [1/1] (0.00ns)   --->   "%zext_ln11_181 = zext i1 %tmp_97" [bnn.cpp:11->bnn.cpp:61->bnn.cpp:123]   --->   Operation 234 'zext' 'zext_ln11_181' <Predicate = true> <Delay = 0.00>
ST_2 : Operation 235 [1/1] (0.00ns)   --->   "%tmp_98 = bitselect i1 @_ssdm_op_BitSelect.i1.i16.i32, i16 %xnor_5, i32 10" [bnn.cpp:11->bnn.cpp:61->bnn.cpp:123]   --->   Operation 235 'bitselect' 'tmp_98' <Predicate = true> <Delay = 0.00>
ST_2 : Operation 236 [1/1] (0.00ns)   --->   "%zext_ln11_182 = zext i1 %tmp_98" [bnn.cpp:11->bnn.cpp:61->bnn.cpp:123]   --->   Operation 236 'zext' 'zext_ln11_182' <Predicate = true> <Delay = 0.00>
ST_2 : Operation 237 [1/1] (0.00ns)   --->   "%tmp_99 = bitselect i1 @_ssdm_op_BitSelect.i1.i16.i32, i16 %xnor_5, i32 11" [bnn.cpp:11->bnn.cpp:61->bnn.cpp:123]   --->   Operation 237 'bitselect' 'tmp_99' <Predicate = true> <Delay = 0.00>
ST_2 : Operation 238 [1/1] (0.00ns)   --->   "%zext_ln11_183 = zext i1 %tmp_99" [bnn.cpp:11->bnn.cpp:61->bnn.cpp:123]   --->   Operation 238 'zext' 'zext_ln11_183' <Predicate = true> <Delay = 0.00>
ST_2 : Operation 239 [1/1] (0.00ns)   --->   "%tmp_100 = bitselect i1 @_ssdm_op_BitSelect.i1.i16.i32, i16 %xnor_5, i32 12" [bnn.cpp:11->bnn.cpp:61->bnn.cpp:123]   --->   Operation 239 'bitselect' 'tmp_100' <Predicate = true> <Delay = 0.00>
ST_2 : Operation 240 [1/1] (0.00ns)   --->   "%zext_ln11_184 = zext i1 %tmp_100" [bnn.cpp:11->bnn.cpp:61->bnn.cpp:123]   --->   Operation 240 'zext' 'zext_ln11_184' <Predicate = true> <Delay = 0.00>
ST_2 : Operation 241 [1/1] (0.00ns)   --->   "%tmp_101 = bitselect i1 @_ssdm_op_BitSelect.i1.i16.i32, i16 %xnor_5, i32 13" [bnn.cpp:11->bnn.cpp:61->bnn.cpp:123]   --->   Operation 241 'bitselect' 'tmp_101' <Predicate = true> <Delay = 0.00>
ST_2 : Operation 242 [1/1] (0.00ns)   --->   "%zext_ln11_185 = zext i1 %tmp_101" [bnn.cpp:11->bnn.cpp:61->bnn.cpp:123]   --->   Operation 242 'zext' 'zext_ln11_185' <Predicate = true> <Delay = 0.00>
ST_2 : Operation 243 [1/1] (0.00ns)   --->   "%tmp_102 = bitselect i1 @_ssdm_op_BitSelect.i1.i16.i32, i16 %xnor_5, i32 14" [bnn.cpp:11->bnn.cpp:61->bnn.cpp:123]   --->   Operation 243 'bitselect' 'tmp_102' <Predicate = true> <Delay = 0.00>
ST_2 : Operation 244 [1/1] (0.00ns)   --->   "%zext_ln11_186 = zext i1 %tmp_102" [bnn.cpp:11->bnn.cpp:61->bnn.cpp:123]   --->   Operation 244 'zext' 'zext_ln11_186' <Predicate = true> <Delay = 0.00>
ST_2 : Operation 245 [1/1] (0.00ns)   --->   "%tmp_103 = bitselect i1 @_ssdm_op_BitSelect.i1.i16.i32, i16 %xnor_5, i32 15" [bnn.cpp:11->bnn.cpp:61->bnn.cpp:123]   --->   Operation 245 'bitselect' 'tmp_103' <Predicate = true> <Delay = 0.00>
ST_2 : Operation 246 [1/1] (0.00ns)   --->   "%zext_ln11_187 = zext i1 %tmp_103" [bnn.cpp:11->bnn.cpp:61->bnn.cpp:123]   --->   Operation 246 'zext' 'zext_ln11_187' <Predicate = true> <Delay = 0.00>
ST_2 : Operation 247 [1/1] (1.56ns)   --->   "%add_ln11_89 = add i2 %zext_ln11_173, i2 %zext_ln8_5" [bnn.cpp:11->bnn.cpp:61->bnn.cpp:123]   --->   Operation 247 'add' 'add_ln11_89' <Predicate = true> <Delay = 1.56> <CoreInst = "Adder">   --->   Core 1 'Adder' <Latency = 0> <II = 1> <Delay = 1.56> <FuncUnit> <Opcode : 'add' 'sub'> <InPorts = 2> <OutPorts = 1>
ST_2 : Operation 248 [1/1] (1.56ns)   --->   "%add_ln11_90 = add i2 %zext_ln11_174, i2 %zext_ln11_175" [bnn.cpp:11->bnn.cpp:61->bnn.cpp:123]   --->   Operation 248 'add' 'add_ln11_90' <Predicate = true> <Delay = 1.56> <CoreInst = "Adder">   --->   Core 1 'Adder' <Latency = 0> <II = 1> <Delay = 1.56> <FuncUnit> <Opcode : 'add' 'sub'> <InPorts = 2> <OutPorts = 1>
ST_2 : Operation 249 [1/1] (1.56ns)   --->   "%add_ln11_92 = add i2 %zext_ln11_176, i2 %zext_ln11_177" [bnn.cpp:11->bnn.cpp:61->bnn.cpp:123]   --->   Operation 249 'add' 'add_ln11_92' <Predicate = true> <Delay = 1.56> <CoreInst = "Adder">   --->   Core 1 'Adder' <Latency = 0> <II = 1> <Delay = 1.56> <FuncUnit> <Opcode : 'add' 'sub'> <InPorts = 2> <OutPorts = 1>
ST_2 : Operation 250 [1/1] (1.56ns)   --->   "%add_ln11_93 = add i2 %zext_ln11_178, i2 %zext_ln11_179" [bnn.cpp:11->bnn.cpp:61->bnn.cpp:123]   --->   Operation 250 'add' 'add_ln11_93' <Predicate = true> <Delay = 1.56> <CoreInst = "Adder">   --->   Core 1 'Adder' <Latency = 0> <II = 1> <Delay = 1.56> <FuncUnit> <Opcode : 'add' 'sub'> <InPorts = 2> <OutPorts = 1>
ST_2 : Operation 251 [1/1] (1.56ns)   --->   "%add_ln11_96 = add i2 %zext_ln11_180, i2 %zext_ln11_181" [bnn.cpp:11->bnn.cpp:61->bnn.cpp:123]   --->   Operation 251 'add' 'add_ln11_96' <Predicate = true> <Delay = 1.56> <CoreInst = "Adder">   --->   Core 1 'Adder' <Latency = 0> <II = 1> <Delay = 1.56> <FuncUnit> <Opcode : 'add' 'sub'> <InPorts = 2> <OutPorts = 1>
ST_2 : Operation 252 [1/1] (1.56ns)   --->   "%add_ln11_97 = add i2 %zext_ln11_182, i2 %zext_ln11_183" [bnn.cpp:11->bnn.cpp:61->bnn.cpp:123]   --->   Operation 252 'add' 'add_ln11_97' <Predicate = true> <Delay = 1.56> <CoreInst = "Adder">   --->   Core 1 'Adder' <Latency = 0> <II = 1> <Delay = 1.56> <FuncUnit> <Opcode : 'add' 'sub'> <InPorts = 2> <OutPorts = 1>
ST_2 : Operation 253 [1/1] (1.56ns)   --->   "%add_ln11_99 = add i2 %zext_ln11_184, i2 %zext_ln11_185" [bnn.cpp:11->bnn.cpp:61->bnn.cpp:123]   --->   Operation 253 'add' 'add_ln11_99' <Predicate = true> <Delay = 1.56> <CoreInst = "Adder">   --->   Core 1 'Adder' <Latency = 0> <II = 1> <Delay = 1.56> <FuncUnit> <Opcode : 'add' 'sub'> <InPorts = 2> <OutPorts = 1>
ST_2 : Operation 254 [1/1] (1.56ns)   --->   "%add_ln11_100 = add i2 %zext_ln11_186, i2 %zext_ln11_187" [bnn.cpp:11->bnn.cpp:61->bnn.cpp:123]   --->   Operation 254 'add' 'add_ln11_100' <Predicate = true> <Delay = 1.56> <CoreInst = "Adder">   --->   Core 1 'Adder' <Latency = 0> <II = 1> <Delay = 1.56> <FuncUnit> <Opcode : 'add' 'sub'> <InPorts = 2> <OutPorts = 1>
ST_2 : Operation 255 [1/2] ( I:3.25ns O:3.25ns )   --->   "%w2_load_3 = load i9 %w2_addr_3" [bnn.cpp:60->bnn.cpp:123]   --->   Operation 255 'load' 'w2_load_3' <Predicate = true> <Delay = 3.25> <CoreInst = "ROM">   --->   Core 94 'ROM' <Latency = 1> <II = 1> <Delay = 3.25> <Storage> <Opcode : 'load'> <Ports = 0> <Width = 16> <Depth = 512> <ROM>
ST_2 : Operation 256 [1/1] (0.00ns) (grouped into LUT with out node xnor_6)   --->   "%xor_ln60_13 = xor i16 %p_0_0282_394_reload_read, i16 65535" [bnn.cpp:60->bnn.cpp:123]   --->   Operation 256 'xor' 'xor_ln60_13' <Predicate = true> <Delay = 0.00> <CoreInst = "LogicGate">   --->   Core 74 'LogicGate' <Latency = 0> <II = 1> <Delay = 0.99> <FuncUnit> <Opcode : 'and' 'or' 'xor'> <InPorts = 2> <OutPorts = 1>
ST_2 : Operation 257 [1/1] (0.99ns) (out node of the LUT)   --->   "%xnor_6 = xor i16 %w2_load_3, i16 %xor_ln60_13" [bnn.cpp:60->bnn.cpp:123]   --->   Operation 257 'xor' 'xnor_6' <Predicate = true> <Delay = 0.99> <CoreInst = "LogicGate">   --->   Core 74 'LogicGate' <Latency = 0> <II = 1> <Delay = 0.99> <FuncUnit> <Opcode : 'and' 'or' 'xor'> <InPorts = 2> <OutPorts = 1>
ST_2 : Operation 258 [1/1] (0.00ns)   --->   "%cnt_13 = trunc i16 %xnor_6" [bnn.cpp:11->bnn.cpp:61->bnn.cpp:123]   --->   Operation 258 'trunc' 'cnt_13' <Predicate = true> <Delay = 0.00>
ST_2 : Operation 259 [1/1] (0.00ns)   --->   "%zext_ln8_6 = zext i1 %cnt_13" [bnn.cpp:8->bnn.cpp:61->bnn.cpp:123]   --->   Operation 259 'zext' 'zext_ln8_6' <Predicate = true> <Delay = 0.00>
ST_2 : Operation 260 [1/1] (0.00ns)   --->   "%tmp_104 = bitselect i1 @_ssdm_op_BitSelect.i1.i16.i32, i16 %xnor_6, i32 1" [bnn.cpp:11->bnn.cpp:61->bnn.cpp:123]   --->   Operation 260 'bitselect' 'tmp_104' <Predicate = true> <Delay = 0.00>
ST_2 : Operation 261 [1/1] (0.00ns)   --->   "%zext_ln11_202 = zext i1 %tmp_104" [bnn.cpp:11->bnn.cpp:61->bnn.cpp:123]   --->   Operation 261 'zext' 'zext_ln11_202' <Predicate = true> <Delay = 0.00>
ST_2 : Operation 262 [1/1] (0.00ns)   --->   "%tmp_105 = bitselect i1 @_ssdm_op_BitSelect.i1.i16.i32, i16 %xnor_6, i32 2" [bnn.cpp:11->bnn.cpp:61->bnn.cpp:123]   --->   Operation 262 'bitselect' 'tmp_105' <Predicate = true> <Delay = 0.00>
ST_2 : Operation 263 [1/1] (0.00ns)   --->   "%zext_ln11_203 = zext i1 %tmp_105" [bnn.cpp:11->bnn.cpp:61->bnn.cpp:123]   --->   Operation 263 'zext' 'zext_ln11_203' <Predicate = true> <Delay = 0.00>
ST_2 : Operation 264 [1/1] (0.00ns)   --->   "%tmp_106 = bitselect i1 @_ssdm_op_BitSelect.i1.i16.i32, i16 %xnor_6, i32 3" [bnn.cpp:11->bnn.cpp:61->bnn.cpp:123]   --->   Operation 264 'bitselect' 'tmp_106' <Predicate = true> <Delay = 0.00>
ST_2 : Operation 265 [1/1] (0.00ns)   --->   "%zext_ln11_204 = zext i1 %tmp_106" [bnn.cpp:11->bnn.cpp:61->bnn.cpp:123]   --->   Operation 265 'zext' 'zext_ln11_204' <Predicate = true> <Delay = 0.00>
ST_2 : Operation 266 [1/1] (0.00ns)   --->   "%tmp_107 = bitselect i1 @_ssdm_op_BitSelect.i1.i16.i32, i16 %xnor_6, i32 4" [bnn.cpp:11->bnn.cpp:61->bnn.cpp:123]   --->   Operation 266 'bitselect' 'tmp_107' <Predicate = true> <Delay = 0.00>
ST_2 : Operation 267 [1/1] (0.00ns)   --->   "%zext_ln11_205 = zext i1 %tmp_107" [bnn.cpp:11->bnn.cpp:61->bnn.cpp:123]   --->   Operation 267 'zext' 'zext_ln11_205' <Predicate = true> <Delay = 0.00>
ST_2 : Operation 268 [1/1] (0.00ns)   --->   "%tmp_108 = bitselect i1 @_ssdm_op_BitSelect.i1.i16.i32, i16 %xnor_6, i32 5" [bnn.cpp:11->bnn.cpp:61->bnn.cpp:123]   --->   Operation 268 'bitselect' 'tmp_108' <Predicate = true> <Delay = 0.00>
ST_2 : Operation 269 [1/1] (0.00ns)   --->   "%zext_ln11_206 = zext i1 %tmp_108" [bnn.cpp:11->bnn.cpp:61->bnn.cpp:123]   --->   Operation 269 'zext' 'zext_ln11_206' <Predicate = true> <Delay = 0.00>
ST_2 : Operation 270 [1/1] (0.00ns)   --->   "%tmp_109 = bitselect i1 @_ssdm_op_BitSelect.i1.i16.i32, i16 %xnor_6, i32 6" [bnn.cpp:11->bnn.cpp:61->bnn.cpp:123]   --->   Operation 270 'bitselect' 'tmp_109' <Predicate = true> <Delay = 0.00>
ST_2 : Operation 271 [1/1] (0.00ns)   --->   "%zext_ln11_207 = zext i1 %tmp_109" [bnn.cpp:11->bnn.cpp:61->bnn.cpp:123]   --->   Operation 271 'zext' 'zext_ln11_207' <Predicate = true> <Delay = 0.00>
ST_2 : Operation 272 [1/1] (0.00ns)   --->   "%tmp_110 = bitselect i1 @_ssdm_op_BitSelect.i1.i16.i32, i16 %xnor_6, i32 7" [bnn.cpp:11->bnn.cpp:61->bnn.cpp:123]   --->   Operation 272 'bitselect' 'tmp_110' <Predicate = true> <Delay = 0.00>
ST_2 : Operation 273 [1/1] (0.00ns)   --->   "%zext_ln11_208 = zext i1 %tmp_110" [bnn.cpp:11->bnn.cpp:61->bnn.cpp:123]   --->   Operation 273 'zext' 'zext_ln11_208' <Predicate = true> <Delay = 0.00>
ST_2 : Operation 274 [1/1] (0.00ns)   --->   "%tmp_111 = bitselect i1 @_ssdm_op_BitSelect.i1.i16.i32, i16 %xnor_6, i32 8" [bnn.cpp:11->bnn.cpp:61->bnn.cpp:123]   --->   Operation 274 'bitselect' 'tmp_111' <Predicate = true> <Delay = 0.00>
ST_2 : Operation 275 [1/1] (0.00ns)   --->   "%zext_ln11_209 = zext i1 %tmp_111" [bnn.cpp:11->bnn.cpp:61->bnn.cpp:123]   --->   Operation 275 'zext' 'zext_ln11_209' <Predicate = true> <Delay = 0.00>
ST_2 : Operation 276 [1/1] (0.00ns)   --->   "%tmp_112 = bitselect i1 @_ssdm_op_BitSelect.i1.i16.i32, i16 %xnor_6, i32 9" [bnn.cpp:11->bnn.cpp:61->bnn.cpp:123]   --->   Operation 276 'bitselect' 'tmp_112' <Predicate = true> <Delay = 0.00>
ST_2 : Operation 277 [1/1] (0.00ns)   --->   "%zext_ln11_210 = zext i1 %tmp_112" [bnn.cpp:11->bnn.cpp:61->bnn.cpp:123]   --->   Operation 277 'zext' 'zext_ln11_210' <Predicate = true> <Delay = 0.00>
ST_2 : Operation 278 [1/1] (0.00ns)   --->   "%tmp_113 = bitselect i1 @_ssdm_op_BitSelect.i1.i16.i32, i16 %xnor_6, i32 10" [bnn.cpp:11->bnn.cpp:61->bnn.cpp:123]   --->   Operation 278 'bitselect' 'tmp_113' <Predicate = true> <Delay = 0.00>
ST_2 : Operation 279 [1/1] (0.00ns)   --->   "%zext_ln11_211 = zext i1 %tmp_113" [bnn.cpp:11->bnn.cpp:61->bnn.cpp:123]   --->   Operation 279 'zext' 'zext_ln11_211' <Predicate = true> <Delay = 0.00>
ST_2 : Operation 280 [1/1] (0.00ns)   --->   "%tmp_114 = bitselect i1 @_ssdm_op_BitSelect.i1.i16.i32, i16 %xnor_6, i32 11" [bnn.cpp:11->bnn.cpp:61->bnn.cpp:123]   --->   Operation 280 'bitselect' 'tmp_114' <Predicate = true> <Delay = 0.00>
ST_2 : Operation 281 [1/1] (0.00ns)   --->   "%zext_ln11_212 = zext i1 %tmp_114" [bnn.cpp:11->bnn.cpp:61->bnn.cpp:123]   --->   Operation 281 'zext' 'zext_ln11_212' <Predicate = true> <Delay = 0.00>
ST_2 : Operation 282 [1/1] (0.00ns)   --->   "%tmp_115 = bitselect i1 @_ssdm_op_BitSelect.i1.i16.i32, i16 %xnor_6, i32 12" [bnn.cpp:11->bnn.cpp:61->bnn.cpp:123]   --->   Operation 282 'bitselect' 'tmp_115' <Predicate = true> <Delay = 0.00>
ST_2 : Operation 283 [1/1] (0.00ns)   --->   "%zext_ln11_213 = zext i1 %tmp_115" [bnn.cpp:11->bnn.cpp:61->bnn.cpp:123]   --->   Operation 283 'zext' 'zext_ln11_213' <Predicate = true> <Delay = 0.00>
ST_2 : Operation 284 [1/1] (0.00ns)   --->   "%tmp_116 = bitselect i1 @_ssdm_op_BitSelect.i1.i16.i32, i16 %xnor_6, i32 13" [bnn.cpp:11->bnn.cpp:61->bnn.cpp:123]   --->   Operation 284 'bitselect' 'tmp_116' <Predicate = true> <Delay = 0.00>
ST_2 : Operation 285 [1/1] (0.00ns)   --->   "%zext_ln11_214 = zext i1 %tmp_116" [bnn.cpp:11->bnn.cpp:61->bnn.cpp:123]   --->   Operation 285 'zext' 'zext_ln11_214' <Predicate = true> <Delay = 0.00>
ST_2 : Operation 286 [1/1] (0.00ns)   --->   "%tmp_117 = bitselect i1 @_ssdm_op_BitSelect.i1.i16.i32, i16 %xnor_6, i32 14" [bnn.cpp:11->bnn.cpp:61->bnn.cpp:123]   --->   Operation 286 'bitselect' 'tmp_117' <Predicate = true> <Delay = 0.00>
ST_2 : Operation 287 [1/1] (0.00ns)   --->   "%zext_ln11_215 = zext i1 %tmp_117" [bnn.cpp:11->bnn.cpp:61->bnn.cpp:123]   --->   Operation 287 'zext' 'zext_ln11_215' <Predicate = true> <Delay = 0.00>
ST_2 : Operation 288 [1/1] (0.00ns)   --->   "%tmp_118 = bitselect i1 @_ssdm_op_BitSelect.i1.i16.i32, i16 %xnor_6, i32 15" [bnn.cpp:11->bnn.cpp:61->bnn.cpp:123]   --->   Operation 288 'bitselect' 'tmp_118' <Predicate = true> <Delay = 0.00>
ST_2 : Operation 289 [1/1] (0.00ns)   --->   "%zext_ln11_216 = zext i1 %tmp_118" [bnn.cpp:11->bnn.cpp:61->bnn.cpp:123]   --->   Operation 289 'zext' 'zext_ln11_216' <Predicate = true> <Delay = 0.00>
ST_2 : Operation 290 [1/1] (1.56ns)   --->   "%add_ln11_104 = add i2 %zext_ln11_202, i2 %zext_ln8_6" [bnn.cpp:11->bnn.cpp:61->bnn.cpp:123]   --->   Operation 290 'add' 'add_ln11_104' <Predicate = true> <Delay = 1.56> <CoreInst = "Adder">   --->   Core 1 'Adder' <Latency = 0> <II = 1> <Delay = 1.56> <FuncUnit> <Opcode : 'add' 'sub'> <InPorts = 2> <OutPorts = 1>
ST_2 : Operation 291 [1/1] (1.56ns)   --->   "%add_ln11_105 = add i2 %zext_ln11_203, i2 %zext_ln11_204" [bnn.cpp:11->bnn.cpp:61->bnn.cpp:123]   --->   Operation 291 'add' 'add_ln11_105' <Predicate = true> <Delay = 1.56> <CoreInst = "Adder">   --->   Core 1 'Adder' <Latency = 0> <II = 1> <Delay = 1.56> <FuncUnit> <Opcode : 'add' 'sub'> <InPorts = 2> <OutPorts = 1>
ST_2 : Operation 292 [1/1] (1.56ns)   --->   "%add_ln11_107 = add i2 %zext_ln11_205, i2 %zext_ln11_206" [bnn.cpp:11->bnn.cpp:61->bnn.cpp:123]   --->   Operation 292 'add' 'add_ln11_107' <Predicate = true> <Delay = 1.56> <CoreInst = "Adder">   --->   Core 1 'Adder' <Latency = 0> <II = 1> <Delay = 1.56> <FuncUnit> <Opcode : 'add' 'sub'> <InPorts = 2> <OutPorts = 1>
ST_2 : Operation 293 [1/1] (1.56ns)   --->   "%add_ln11_108 = add i2 %zext_ln11_207, i2 %zext_ln11_208" [bnn.cpp:11->bnn.cpp:61->bnn.cpp:123]   --->   Operation 293 'add' 'add_ln11_108' <Predicate = true> <Delay = 1.56> <CoreInst = "Adder">   --->   Core 1 'Adder' <Latency = 0> <II = 1> <Delay = 1.56> <FuncUnit> <Opcode : 'add' 'sub'> <InPorts = 2> <OutPorts = 1>
ST_2 : Operation 294 [1/1] (1.56ns)   --->   "%add_ln11_111 = add i2 %zext_ln11_209, i2 %zext_ln11_210" [bnn.cpp:11->bnn.cpp:61->bnn.cpp:123]   --->   Operation 294 'add' 'add_ln11_111' <Predicate = true> <Delay = 1.56> <CoreInst = "Adder">   --->   Core 1 'Adder' <Latency = 0> <II = 1> <Delay = 1.56> <FuncUnit> <Opcode : 'add' 'sub'> <InPorts = 2> <OutPorts = 1>
ST_2 : Operation 295 [1/1] (1.56ns)   --->   "%add_ln11_112 = add i2 %zext_ln11_211, i2 %zext_ln11_212" [bnn.cpp:11->bnn.cpp:61->bnn.cpp:123]   --->   Operation 295 'add' 'add_ln11_112' <Predicate = true> <Delay = 1.56> <CoreInst = "Adder">   --->   Core 1 'Adder' <Latency = 0> <II = 1> <Delay = 1.56> <FuncUnit> <Opcode : 'add' 'sub'> <InPorts = 2> <OutPorts = 1>
ST_2 : Operation 296 [1/1] (1.56ns)   --->   "%add_ln11_114 = add i2 %zext_ln11_213, i2 %zext_ln11_214" [bnn.cpp:11->bnn.cpp:61->bnn.cpp:123]   --->   Operation 296 'add' 'add_ln11_114' <Predicate = true> <Delay = 1.56> <CoreInst = "Adder">   --->   Core 1 'Adder' <Latency = 0> <II = 1> <Delay = 1.56> <FuncUnit> <Opcode : 'add' 'sub'> <InPorts = 2> <OutPorts = 1>
ST_2 : Operation 297 [1/1] (1.56ns)   --->   "%add_ln11_115 = add i2 %zext_ln11_215, i2 %zext_ln11_216" [bnn.cpp:11->bnn.cpp:61->bnn.cpp:123]   --->   Operation 297 'add' 'add_ln11_115' <Predicate = true> <Delay = 1.56> <CoreInst = "Adder">   --->   Core 1 'Adder' <Latency = 0> <II = 1> <Delay = 1.56> <FuncUnit> <Opcode : 'add' 'sub'> <InPorts = 2> <OutPorts = 1>
ST_2 : Operation 298 [1/2] ( I:3.25ns O:3.25ns )   --->   "%w2_load_4 = load i9 %w2_addr_4" [bnn.cpp:60->bnn.cpp:123]   --->   Operation 298 'load' 'w2_load_4' <Predicate = true> <Delay = 3.25> <CoreInst = "ROM">   --->   Core 94 'ROM' <Latency = 1> <II = 1> <Delay = 3.25> <Storage> <Opcode : 'load'> <Ports = 0> <Width = 16> <Depth = 512> <ROM>
ST_2 : Operation 299 [1/1] (0.00ns) (grouped into LUT with out node xnor_7)   --->   "%xor_ln60_15 = xor i16 %p_0_0282_496_reload_read, i16 65535" [bnn.cpp:60->bnn.cpp:123]   --->   Operation 299 'xor' 'xor_ln60_15' <Predicate = true> <Delay = 0.00> <CoreInst = "LogicGate">   --->   Core 74 'LogicGate' <Latency = 0> <II = 1> <Delay = 0.99> <FuncUnit> <Opcode : 'and' 'or' 'xor'> <InPorts = 2> <OutPorts = 1>
ST_2 : Operation 300 [1/1] (0.99ns) (out node of the LUT)   --->   "%xnor_7 = xor i16 %w2_load_4, i16 %xor_ln60_15" [bnn.cpp:60->bnn.cpp:123]   --->   Operation 300 'xor' 'xnor_7' <Predicate = true> <Delay = 0.99> <CoreInst = "LogicGate">   --->   Core 74 'LogicGate' <Latency = 0> <II = 1> <Delay = 0.99> <FuncUnit> <Opcode : 'and' 'or' 'xor'> <InPorts = 2> <OutPorts = 1>
ST_2 : Operation 301 [1/1] (0.00ns)   --->   "%cnt_15 = trunc i16 %xnor_7" [bnn.cpp:11->bnn.cpp:61->bnn.cpp:123]   --->   Operation 301 'trunc' 'cnt_15' <Predicate = true> <Delay = 0.00>
ST_2 : Operation 302 [1/1] (0.00ns)   --->   "%zext_ln8_7 = zext i1 %cnt_15" [bnn.cpp:8->bnn.cpp:61->bnn.cpp:123]   --->   Operation 302 'zext' 'zext_ln8_7' <Predicate = true> <Delay = 0.00>
ST_2 : Operation 303 [1/1] (0.00ns)   --->   "%tmp_119 = bitselect i1 @_ssdm_op_BitSelect.i1.i16.i32, i16 %xnor_7, i32 1" [bnn.cpp:11->bnn.cpp:61->bnn.cpp:123]   --->   Operation 303 'bitselect' 'tmp_119' <Predicate = true> <Delay = 0.00>
ST_2 : Operation 304 [1/1] (0.00ns)   --->   "%zext_ln11_231 = zext i1 %tmp_119" [bnn.cpp:11->bnn.cpp:61->bnn.cpp:123]   --->   Operation 304 'zext' 'zext_ln11_231' <Predicate = true> <Delay = 0.00>
ST_2 : Operation 305 [1/1] (0.00ns)   --->   "%tmp_120 = bitselect i1 @_ssdm_op_BitSelect.i1.i16.i32, i16 %xnor_7, i32 2" [bnn.cpp:11->bnn.cpp:61->bnn.cpp:123]   --->   Operation 305 'bitselect' 'tmp_120' <Predicate = true> <Delay = 0.00>
ST_2 : Operation 306 [1/1] (0.00ns)   --->   "%zext_ln11_232 = zext i1 %tmp_120" [bnn.cpp:11->bnn.cpp:61->bnn.cpp:123]   --->   Operation 306 'zext' 'zext_ln11_232' <Predicate = true> <Delay = 0.00>
ST_2 : Operation 307 [1/1] (0.00ns)   --->   "%tmp_121 = bitselect i1 @_ssdm_op_BitSelect.i1.i16.i32, i16 %xnor_7, i32 3" [bnn.cpp:11->bnn.cpp:61->bnn.cpp:123]   --->   Operation 307 'bitselect' 'tmp_121' <Predicate = true> <Delay = 0.00>
ST_2 : Operation 308 [1/1] (0.00ns)   --->   "%zext_ln11_233 = zext i1 %tmp_121" [bnn.cpp:11->bnn.cpp:61->bnn.cpp:123]   --->   Operation 308 'zext' 'zext_ln11_233' <Predicate = true> <Delay = 0.00>
ST_2 : Operation 309 [1/1] (0.00ns)   --->   "%tmp_122 = bitselect i1 @_ssdm_op_BitSelect.i1.i16.i32, i16 %xnor_7, i32 4" [bnn.cpp:11->bnn.cpp:61->bnn.cpp:123]   --->   Operation 309 'bitselect' 'tmp_122' <Predicate = true> <Delay = 0.00>
ST_2 : Operation 310 [1/1] (0.00ns)   --->   "%zext_ln11_234 = zext i1 %tmp_122" [bnn.cpp:11->bnn.cpp:61->bnn.cpp:123]   --->   Operation 310 'zext' 'zext_ln11_234' <Predicate = true> <Delay = 0.00>
ST_2 : Operation 311 [1/1] (0.00ns)   --->   "%tmp_123 = bitselect i1 @_ssdm_op_BitSelect.i1.i16.i32, i16 %xnor_7, i32 5" [bnn.cpp:11->bnn.cpp:61->bnn.cpp:123]   --->   Operation 311 'bitselect' 'tmp_123' <Predicate = true> <Delay = 0.00>
ST_2 : Operation 312 [1/1] (0.00ns)   --->   "%zext_ln11_235 = zext i1 %tmp_123" [bnn.cpp:11->bnn.cpp:61->bnn.cpp:123]   --->   Operation 312 'zext' 'zext_ln11_235' <Predicate = true> <Delay = 0.00>
ST_2 : Operation 313 [1/1] (0.00ns)   --->   "%tmp_124 = bitselect i1 @_ssdm_op_BitSelect.i1.i16.i32, i16 %xnor_7, i32 6" [bnn.cpp:11->bnn.cpp:61->bnn.cpp:123]   --->   Operation 313 'bitselect' 'tmp_124' <Predicate = true> <Delay = 0.00>
ST_2 : Operation 314 [1/1] (0.00ns)   --->   "%zext_ln11_236 = zext i1 %tmp_124" [bnn.cpp:11->bnn.cpp:61->bnn.cpp:123]   --->   Operation 314 'zext' 'zext_ln11_236' <Predicate = true> <Delay = 0.00>
ST_2 : Operation 315 [1/1] (0.00ns)   --->   "%tmp_125 = bitselect i1 @_ssdm_op_BitSelect.i1.i16.i32, i16 %xnor_7, i32 7" [bnn.cpp:11->bnn.cpp:61->bnn.cpp:123]   --->   Operation 315 'bitselect' 'tmp_125' <Predicate = true> <Delay = 0.00>
ST_2 : Operation 316 [1/1] (0.00ns)   --->   "%zext_ln11_237 = zext i1 %tmp_125" [bnn.cpp:11->bnn.cpp:61->bnn.cpp:123]   --->   Operation 316 'zext' 'zext_ln11_237' <Predicate = true> <Delay = 0.00>
ST_2 : Operation 317 [1/1] (0.00ns)   --->   "%tmp_126 = bitselect i1 @_ssdm_op_BitSelect.i1.i16.i32, i16 %xnor_7, i32 8" [bnn.cpp:11->bnn.cpp:61->bnn.cpp:123]   --->   Operation 317 'bitselect' 'tmp_126' <Predicate = true> <Delay = 0.00>
ST_2 : Operation 318 [1/1] (0.00ns)   --->   "%zext_ln11_238 = zext i1 %tmp_126" [bnn.cpp:11->bnn.cpp:61->bnn.cpp:123]   --->   Operation 318 'zext' 'zext_ln11_238' <Predicate = true> <Delay = 0.00>
ST_2 : Operation 319 [1/1] (0.00ns)   --->   "%tmp_127 = bitselect i1 @_ssdm_op_BitSelect.i1.i16.i32, i16 %xnor_7, i32 9" [bnn.cpp:11->bnn.cpp:61->bnn.cpp:123]   --->   Operation 319 'bitselect' 'tmp_127' <Predicate = true> <Delay = 0.00>
ST_2 : Operation 320 [1/1] (0.00ns)   --->   "%zext_ln11_239 = zext i1 %tmp_127" [bnn.cpp:11->bnn.cpp:61->bnn.cpp:123]   --->   Operation 320 'zext' 'zext_ln11_239' <Predicate = true> <Delay = 0.00>
ST_2 : Operation 321 [1/1] (0.00ns)   --->   "%tmp_128 = bitselect i1 @_ssdm_op_BitSelect.i1.i16.i32, i16 %xnor_7, i32 10" [bnn.cpp:11->bnn.cpp:61->bnn.cpp:123]   --->   Operation 321 'bitselect' 'tmp_128' <Predicate = true> <Delay = 0.00>
ST_2 : Operation 322 [1/1] (0.00ns)   --->   "%zext_ln11_240 = zext i1 %tmp_128" [bnn.cpp:11->bnn.cpp:61->bnn.cpp:123]   --->   Operation 322 'zext' 'zext_ln11_240' <Predicate = true> <Delay = 0.00>
ST_2 : Operation 323 [1/1] (0.00ns)   --->   "%tmp_129 = bitselect i1 @_ssdm_op_BitSelect.i1.i16.i32, i16 %xnor_7, i32 11" [bnn.cpp:11->bnn.cpp:61->bnn.cpp:123]   --->   Operation 323 'bitselect' 'tmp_129' <Predicate = true> <Delay = 0.00>
ST_2 : Operation 324 [1/1] (0.00ns)   --->   "%zext_ln11_241 = zext i1 %tmp_129" [bnn.cpp:11->bnn.cpp:61->bnn.cpp:123]   --->   Operation 324 'zext' 'zext_ln11_241' <Predicate = true> <Delay = 0.00>
ST_2 : Operation 325 [1/1] (0.00ns)   --->   "%tmp_130 = bitselect i1 @_ssdm_op_BitSelect.i1.i16.i32, i16 %xnor_7, i32 12" [bnn.cpp:11->bnn.cpp:61->bnn.cpp:123]   --->   Operation 325 'bitselect' 'tmp_130' <Predicate = true> <Delay = 0.00>
ST_2 : Operation 326 [1/1] (0.00ns)   --->   "%zext_ln11_242 = zext i1 %tmp_130" [bnn.cpp:11->bnn.cpp:61->bnn.cpp:123]   --->   Operation 326 'zext' 'zext_ln11_242' <Predicate = true> <Delay = 0.00>
ST_2 : Operation 327 [1/1] (0.00ns)   --->   "%tmp_131 = bitselect i1 @_ssdm_op_BitSelect.i1.i16.i32, i16 %xnor_7, i32 13" [bnn.cpp:11->bnn.cpp:61->bnn.cpp:123]   --->   Operation 327 'bitselect' 'tmp_131' <Predicate = true> <Delay = 0.00>
ST_2 : Operation 328 [1/1] (0.00ns)   --->   "%zext_ln11_243 = zext i1 %tmp_131" [bnn.cpp:11->bnn.cpp:61->bnn.cpp:123]   --->   Operation 328 'zext' 'zext_ln11_243' <Predicate = true> <Delay = 0.00>
ST_2 : Operation 329 [1/1] (0.00ns)   --->   "%tmp_132 = bitselect i1 @_ssdm_op_BitSelect.i1.i16.i32, i16 %xnor_7, i32 14" [bnn.cpp:11->bnn.cpp:61->bnn.cpp:123]   --->   Operation 329 'bitselect' 'tmp_132' <Predicate = true> <Delay = 0.00>
ST_2 : Operation 330 [1/1] (0.00ns)   --->   "%zext_ln11_244 = zext i1 %tmp_132" [bnn.cpp:11->bnn.cpp:61->bnn.cpp:123]   --->   Operation 330 'zext' 'zext_ln11_244' <Predicate = true> <Delay = 0.00>
ST_2 : Operation 331 [1/1] (0.00ns)   --->   "%tmp_133 = bitselect i1 @_ssdm_op_BitSelect.i1.i16.i32, i16 %xnor_7, i32 15" [bnn.cpp:11->bnn.cpp:61->bnn.cpp:123]   --->   Operation 331 'bitselect' 'tmp_133' <Predicate = true> <Delay = 0.00>
ST_2 : Operation 332 [1/1] (0.00ns)   --->   "%zext_ln11_245 = zext i1 %tmp_133" [bnn.cpp:11->bnn.cpp:61->bnn.cpp:123]   --->   Operation 332 'zext' 'zext_ln11_245' <Predicate = true> <Delay = 0.00>
ST_2 : Operation 333 [1/1] (1.56ns)   --->   "%add_ln11_119 = add i2 %zext_ln11_231, i2 %zext_ln8_7" [bnn.cpp:11->bnn.cpp:61->bnn.cpp:123]   --->   Operation 333 'add' 'add_ln11_119' <Predicate = true> <Delay = 1.56> <CoreInst = "Adder">   --->   Core 1 'Adder' <Latency = 0> <II = 1> <Delay = 1.56> <FuncUnit> <Opcode : 'add' 'sub'> <InPorts = 2> <OutPorts = 1>
ST_2 : Operation 334 [1/1] (1.56ns)   --->   "%add_ln11_120 = add i2 %zext_ln11_232, i2 %zext_ln11_233" [bnn.cpp:11->bnn.cpp:61->bnn.cpp:123]   --->   Operation 334 'add' 'add_ln11_120' <Predicate = true> <Delay = 1.56> <CoreInst = "Adder">   --->   Core 1 'Adder' <Latency = 0> <II = 1> <Delay = 1.56> <FuncUnit> <Opcode : 'add' 'sub'> <InPorts = 2> <OutPorts = 1>
ST_2 : Operation 335 [1/1] (1.56ns)   --->   "%add_ln11_122 = add i2 %zext_ln11_234, i2 %zext_ln11_235" [bnn.cpp:11->bnn.cpp:61->bnn.cpp:123]   --->   Operation 335 'add' 'add_ln11_122' <Predicate = true> <Delay = 1.56> <CoreInst = "Adder">   --->   Core 1 'Adder' <Latency = 0> <II = 1> <Delay = 1.56> <FuncUnit> <Opcode : 'add' 'sub'> <InPorts = 2> <OutPorts = 1>
ST_2 : Operation 336 [1/1] (1.56ns)   --->   "%add_ln11_123 = add i2 %zext_ln11_236, i2 %zext_ln11_237" [bnn.cpp:11->bnn.cpp:61->bnn.cpp:123]   --->   Operation 336 'add' 'add_ln11_123' <Predicate = true> <Delay = 1.56> <CoreInst = "Adder">   --->   Core 1 'Adder' <Latency = 0> <II = 1> <Delay = 1.56> <FuncUnit> <Opcode : 'add' 'sub'> <InPorts = 2> <OutPorts = 1>
ST_2 : Operation 337 [1/1] (1.56ns)   --->   "%add_ln11_126 = add i2 %zext_ln11_238, i2 %zext_ln11_239" [bnn.cpp:11->bnn.cpp:61->bnn.cpp:123]   --->   Operation 337 'add' 'add_ln11_126' <Predicate = true> <Delay = 1.56> <CoreInst = "Adder">   --->   Core 1 'Adder' <Latency = 0> <II = 1> <Delay = 1.56> <FuncUnit> <Opcode : 'add' 'sub'> <InPorts = 2> <OutPorts = 1>
ST_2 : Operation 338 [1/1] (1.56ns)   --->   "%add_ln11_127 = add i2 %zext_ln11_240, i2 %zext_ln11_241" [bnn.cpp:11->bnn.cpp:61->bnn.cpp:123]   --->   Operation 338 'add' 'add_ln11_127' <Predicate = true> <Delay = 1.56> <CoreInst = "Adder">   --->   Core 1 'Adder' <Latency = 0> <II = 1> <Delay = 1.56> <FuncUnit> <Opcode : 'add' 'sub'> <InPorts = 2> <OutPorts = 1>
ST_2 : Operation 339 [1/1] (1.56ns)   --->   "%add_ln11_129 = add i2 %zext_ln11_242, i2 %zext_ln11_243" [bnn.cpp:11->bnn.cpp:61->bnn.cpp:123]   --->   Operation 339 'add' 'add_ln11_129' <Predicate = true> <Delay = 1.56> <CoreInst = "Adder">   --->   Core 1 'Adder' <Latency = 0> <II = 1> <Delay = 1.56> <FuncUnit> <Opcode : 'add' 'sub'> <InPorts = 2> <OutPorts = 1>
ST_2 : Operation 340 [1/1] (1.56ns)   --->   "%add_ln11_130 = add i2 %zext_ln11_244, i2 %zext_ln11_245" [bnn.cpp:11->bnn.cpp:61->bnn.cpp:123]   --->   Operation 340 'add' 'add_ln11_130' <Predicate = true> <Delay = 1.56> <CoreInst = "Adder">   --->   Core 1 'Adder' <Latency = 0> <II = 1> <Delay = 1.56> <FuncUnit> <Opcode : 'add' 'sub'> <InPorts = 2> <OutPorts = 1>
ST_2 : Operation 341 [1/2] ( I:3.25ns O:3.25ns )   --->   "%w2_load_5 = load i9 %w2_addr_5" [bnn.cpp:60->bnn.cpp:123]   --->   Operation 341 'load' 'w2_load_5' <Predicate = true> <Delay = 3.25> <CoreInst = "ROM">   --->   Core 94 'ROM' <Latency = 1> <II = 1> <Delay = 3.25> <Storage> <Opcode : 'load'> <Ports = 0> <Width = 16> <Depth = 512> <ROM>
ST_2 : Operation 342 [1/1] (0.00ns) (grouped into LUT with out node xnor_8)   --->   "%xor_ln60_17 = xor i16 %p_0_0282_598_reload_read, i16 65535" [bnn.cpp:60->bnn.cpp:123]   --->   Operation 342 'xor' 'xor_ln60_17' <Predicate = true> <Delay = 0.00> <CoreInst = "LogicGate">   --->   Core 74 'LogicGate' <Latency = 0> <II = 1> <Delay = 0.99> <FuncUnit> <Opcode : 'and' 'or' 'xor'> <InPorts = 2> <OutPorts = 1>
ST_2 : Operation 343 [1/1] (0.99ns) (out node of the LUT)   --->   "%xnor_8 = xor i16 %w2_load_5, i16 %xor_ln60_17" [bnn.cpp:60->bnn.cpp:123]   --->   Operation 343 'xor' 'xnor_8' <Predicate = true> <Delay = 0.99> <CoreInst = "LogicGate">   --->   Core 74 'LogicGate' <Latency = 0> <II = 1> <Delay = 0.99> <FuncUnit> <Opcode : 'and' 'or' 'xor'> <InPorts = 2> <OutPorts = 1>
ST_2 : Operation 344 [1/1] (0.00ns)   --->   "%cnt_17 = trunc i16 %xnor_8" [bnn.cpp:11->bnn.cpp:61->bnn.cpp:123]   --->   Operation 344 'trunc' 'cnt_17' <Predicate = true> <Delay = 0.00>
ST_2 : Operation 345 [1/1] (0.00ns)   --->   "%zext_ln8_8 = zext i1 %cnt_17" [bnn.cpp:8->bnn.cpp:61->bnn.cpp:123]   --->   Operation 345 'zext' 'zext_ln8_8' <Predicate = true> <Delay = 0.00>
ST_2 : Operation 346 [1/1] (0.00ns)   --->   "%tmp_134 = bitselect i1 @_ssdm_op_BitSelect.i1.i16.i32, i16 %xnor_8, i32 1" [bnn.cpp:11->bnn.cpp:61->bnn.cpp:123]   --->   Operation 346 'bitselect' 'tmp_134' <Predicate = true> <Delay = 0.00>
ST_2 : Operation 347 [1/1] (0.00ns)   --->   "%zext_ln11_260 = zext i1 %tmp_134" [bnn.cpp:11->bnn.cpp:61->bnn.cpp:123]   --->   Operation 347 'zext' 'zext_ln11_260' <Predicate = true> <Delay = 0.00>
ST_2 : Operation 348 [1/1] (0.00ns)   --->   "%tmp_135 = bitselect i1 @_ssdm_op_BitSelect.i1.i16.i32, i16 %xnor_8, i32 2" [bnn.cpp:11->bnn.cpp:61->bnn.cpp:123]   --->   Operation 348 'bitselect' 'tmp_135' <Predicate = true> <Delay = 0.00>
ST_2 : Operation 349 [1/1] (0.00ns)   --->   "%zext_ln11_261 = zext i1 %tmp_135" [bnn.cpp:11->bnn.cpp:61->bnn.cpp:123]   --->   Operation 349 'zext' 'zext_ln11_261' <Predicate = true> <Delay = 0.00>
ST_2 : Operation 350 [1/1] (0.00ns)   --->   "%tmp_136 = bitselect i1 @_ssdm_op_BitSelect.i1.i16.i32, i16 %xnor_8, i32 3" [bnn.cpp:11->bnn.cpp:61->bnn.cpp:123]   --->   Operation 350 'bitselect' 'tmp_136' <Predicate = true> <Delay = 0.00>
ST_2 : Operation 351 [1/1] (0.00ns)   --->   "%zext_ln11_262 = zext i1 %tmp_136" [bnn.cpp:11->bnn.cpp:61->bnn.cpp:123]   --->   Operation 351 'zext' 'zext_ln11_262' <Predicate = true> <Delay = 0.00>
ST_2 : Operation 352 [1/1] (0.00ns)   --->   "%tmp_137 = bitselect i1 @_ssdm_op_BitSelect.i1.i16.i32, i16 %xnor_8, i32 4" [bnn.cpp:11->bnn.cpp:61->bnn.cpp:123]   --->   Operation 352 'bitselect' 'tmp_137' <Predicate = true> <Delay = 0.00>
ST_2 : Operation 353 [1/1] (0.00ns)   --->   "%zext_ln11_263 = zext i1 %tmp_137" [bnn.cpp:11->bnn.cpp:61->bnn.cpp:123]   --->   Operation 353 'zext' 'zext_ln11_263' <Predicate = true> <Delay = 0.00>
ST_2 : Operation 354 [1/1] (0.00ns)   --->   "%tmp_138 = bitselect i1 @_ssdm_op_BitSelect.i1.i16.i32, i16 %xnor_8, i32 5" [bnn.cpp:11->bnn.cpp:61->bnn.cpp:123]   --->   Operation 354 'bitselect' 'tmp_138' <Predicate = true> <Delay = 0.00>
ST_2 : Operation 355 [1/1] (0.00ns)   --->   "%zext_ln11_264 = zext i1 %tmp_138" [bnn.cpp:11->bnn.cpp:61->bnn.cpp:123]   --->   Operation 355 'zext' 'zext_ln11_264' <Predicate = true> <Delay = 0.00>
ST_2 : Operation 356 [1/1] (0.00ns)   --->   "%tmp_139 = bitselect i1 @_ssdm_op_BitSelect.i1.i16.i32, i16 %xnor_8, i32 6" [bnn.cpp:11->bnn.cpp:61->bnn.cpp:123]   --->   Operation 356 'bitselect' 'tmp_139' <Predicate = true> <Delay = 0.00>
ST_2 : Operation 357 [1/1] (0.00ns)   --->   "%zext_ln11_265 = zext i1 %tmp_139" [bnn.cpp:11->bnn.cpp:61->bnn.cpp:123]   --->   Operation 357 'zext' 'zext_ln11_265' <Predicate = true> <Delay = 0.00>
ST_2 : Operation 358 [1/1] (0.00ns)   --->   "%tmp_140 = bitselect i1 @_ssdm_op_BitSelect.i1.i16.i32, i16 %xnor_8, i32 7" [bnn.cpp:11->bnn.cpp:61->bnn.cpp:123]   --->   Operation 358 'bitselect' 'tmp_140' <Predicate = true> <Delay = 0.00>
ST_2 : Operation 359 [1/1] (0.00ns)   --->   "%zext_ln11_266 = zext i1 %tmp_140" [bnn.cpp:11->bnn.cpp:61->bnn.cpp:123]   --->   Operation 359 'zext' 'zext_ln11_266' <Predicate = true> <Delay = 0.00>
ST_2 : Operation 360 [1/1] (0.00ns)   --->   "%tmp_141 = bitselect i1 @_ssdm_op_BitSelect.i1.i16.i32, i16 %xnor_8, i32 8" [bnn.cpp:11->bnn.cpp:61->bnn.cpp:123]   --->   Operation 360 'bitselect' 'tmp_141' <Predicate = true> <Delay = 0.00>
ST_2 : Operation 361 [1/1] (0.00ns)   --->   "%zext_ln11_267 = zext i1 %tmp_141" [bnn.cpp:11->bnn.cpp:61->bnn.cpp:123]   --->   Operation 361 'zext' 'zext_ln11_267' <Predicate = true> <Delay = 0.00>
ST_2 : Operation 362 [1/1] (0.00ns)   --->   "%tmp_142 = bitselect i1 @_ssdm_op_BitSelect.i1.i16.i32, i16 %xnor_8, i32 9" [bnn.cpp:11->bnn.cpp:61->bnn.cpp:123]   --->   Operation 362 'bitselect' 'tmp_142' <Predicate = true> <Delay = 0.00>
ST_2 : Operation 363 [1/1] (0.00ns)   --->   "%zext_ln11_268 = zext i1 %tmp_142" [bnn.cpp:11->bnn.cpp:61->bnn.cpp:123]   --->   Operation 363 'zext' 'zext_ln11_268' <Predicate = true> <Delay = 0.00>
ST_2 : Operation 364 [1/1] (0.00ns)   --->   "%tmp_143 = bitselect i1 @_ssdm_op_BitSelect.i1.i16.i32, i16 %xnor_8, i32 10" [bnn.cpp:11->bnn.cpp:61->bnn.cpp:123]   --->   Operation 364 'bitselect' 'tmp_143' <Predicate = true> <Delay = 0.00>
ST_2 : Operation 365 [1/1] (0.00ns)   --->   "%zext_ln11_269 = zext i1 %tmp_143" [bnn.cpp:11->bnn.cpp:61->bnn.cpp:123]   --->   Operation 365 'zext' 'zext_ln11_269' <Predicate = true> <Delay = 0.00>
ST_2 : Operation 366 [1/1] (0.00ns)   --->   "%tmp_144 = bitselect i1 @_ssdm_op_BitSelect.i1.i16.i32, i16 %xnor_8, i32 11" [bnn.cpp:11->bnn.cpp:61->bnn.cpp:123]   --->   Operation 366 'bitselect' 'tmp_144' <Predicate = true> <Delay = 0.00>
ST_2 : Operation 367 [1/1] (0.00ns)   --->   "%zext_ln11_270 = zext i1 %tmp_144" [bnn.cpp:11->bnn.cpp:61->bnn.cpp:123]   --->   Operation 367 'zext' 'zext_ln11_270' <Predicate = true> <Delay = 0.00>
ST_2 : Operation 368 [1/1] (0.00ns)   --->   "%tmp_145 = bitselect i1 @_ssdm_op_BitSelect.i1.i16.i32, i16 %xnor_8, i32 12" [bnn.cpp:11->bnn.cpp:61->bnn.cpp:123]   --->   Operation 368 'bitselect' 'tmp_145' <Predicate = true> <Delay = 0.00>
ST_2 : Operation 369 [1/1] (0.00ns)   --->   "%zext_ln11_271 = zext i1 %tmp_145" [bnn.cpp:11->bnn.cpp:61->bnn.cpp:123]   --->   Operation 369 'zext' 'zext_ln11_271' <Predicate = true> <Delay = 0.00>
ST_2 : Operation 370 [1/1] (0.00ns)   --->   "%tmp_146 = bitselect i1 @_ssdm_op_BitSelect.i1.i16.i32, i16 %xnor_8, i32 13" [bnn.cpp:11->bnn.cpp:61->bnn.cpp:123]   --->   Operation 370 'bitselect' 'tmp_146' <Predicate = true> <Delay = 0.00>
ST_2 : Operation 371 [1/1] (0.00ns)   --->   "%zext_ln11_272 = zext i1 %tmp_146" [bnn.cpp:11->bnn.cpp:61->bnn.cpp:123]   --->   Operation 371 'zext' 'zext_ln11_272' <Predicate = true> <Delay = 0.00>
ST_2 : Operation 372 [1/1] (0.00ns)   --->   "%tmp_147 = bitselect i1 @_ssdm_op_BitSelect.i1.i16.i32, i16 %xnor_8, i32 14" [bnn.cpp:11->bnn.cpp:61->bnn.cpp:123]   --->   Operation 372 'bitselect' 'tmp_147' <Predicate = true> <Delay = 0.00>
ST_2 : Operation 373 [1/1] (0.00ns)   --->   "%zext_ln11_273 = zext i1 %tmp_147" [bnn.cpp:11->bnn.cpp:61->bnn.cpp:123]   --->   Operation 373 'zext' 'zext_ln11_273' <Predicate = true> <Delay = 0.00>
ST_2 : Operation 374 [1/1] (0.00ns)   --->   "%tmp_148 = bitselect i1 @_ssdm_op_BitSelect.i1.i16.i32, i16 %xnor_8, i32 15" [bnn.cpp:11->bnn.cpp:61->bnn.cpp:123]   --->   Operation 374 'bitselect' 'tmp_148' <Predicate = true> <Delay = 0.00>
ST_2 : Operation 375 [1/1] (0.00ns)   --->   "%zext_ln11_274 = zext i1 %tmp_148" [bnn.cpp:11->bnn.cpp:61->bnn.cpp:123]   --->   Operation 375 'zext' 'zext_ln11_274' <Predicate = true> <Delay = 0.00>
ST_2 : Operation 376 [1/1] (1.56ns)   --->   "%add_ln11_134 = add i2 %zext_ln11_260, i2 %zext_ln8_8" [bnn.cpp:11->bnn.cpp:61->bnn.cpp:123]   --->   Operation 376 'add' 'add_ln11_134' <Predicate = true> <Delay = 1.56> <CoreInst = "Adder">   --->   Core 1 'Adder' <Latency = 0> <II = 1> <Delay = 1.56> <FuncUnit> <Opcode : 'add' 'sub'> <InPorts = 2> <OutPorts = 1>
ST_2 : Operation 377 [1/1] (1.56ns)   --->   "%add_ln11_135 = add i2 %zext_ln11_261, i2 %zext_ln11_262" [bnn.cpp:11->bnn.cpp:61->bnn.cpp:123]   --->   Operation 377 'add' 'add_ln11_135' <Predicate = true> <Delay = 1.56> <CoreInst = "Adder">   --->   Core 1 'Adder' <Latency = 0> <II = 1> <Delay = 1.56> <FuncUnit> <Opcode : 'add' 'sub'> <InPorts = 2> <OutPorts = 1>
ST_2 : Operation 378 [1/1] (1.56ns)   --->   "%add_ln11_137 = add i2 %zext_ln11_263, i2 %zext_ln11_264" [bnn.cpp:11->bnn.cpp:61->bnn.cpp:123]   --->   Operation 378 'add' 'add_ln11_137' <Predicate = true> <Delay = 1.56> <CoreInst = "Adder">   --->   Core 1 'Adder' <Latency = 0> <II = 1> <Delay = 1.56> <FuncUnit> <Opcode : 'add' 'sub'> <InPorts = 2> <OutPorts = 1>
ST_2 : Operation 379 [1/1] (1.56ns)   --->   "%add_ln11_138 = add i2 %zext_ln11_265, i2 %zext_ln11_266" [bnn.cpp:11->bnn.cpp:61->bnn.cpp:123]   --->   Operation 379 'add' 'add_ln11_138' <Predicate = true> <Delay = 1.56> <CoreInst = "Adder">   --->   Core 1 'Adder' <Latency = 0> <II = 1> <Delay = 1.56> <FuncUnit> <Opcode : 'add' 'sub'> <InPorts = 2> <OutPorts = 1>
ST_2 : Operation 380 [1/1] (1.56ns)   --->   "%add_ln11_141 = add i2 %zext_ln11_267, i2 %zext_ln11_268" [bnn.cpp:11->bnn.cpp:61->bnn.cpp:123]   --->   Operation 380 'add' 'add_ln11_141' <Predicate = true> <Delay = 1.56> <CoreInst = "Adder">   --->   Core 1 'Adder' <Latency = 0> <II = 1> <Delay = 1.56> <FuncUnit> <Opcode : 'add' 'sub'> <InPorts = 2> <OutPorts = 1>
ST_2 : Operation 381 [1/1] (1.56ns)   --->   "%add_ln11_142 = add i2 %zext_ln11_269, i2 %zext_ln11_270" [bnn.cpp:11->bnn.cpp:61->bnn.cpp:123]   --->   Operation 381 'add' 'add_ln11_142' <Predicate = true> <Delay = 1.56> <CoreInst = "Adder">   --->   Core 1 'Adder' <Latency = 0> <II = 1> <Delay = 1.56> <FuncUnit> <Opcode : 'add' 'sub'> <InPorts = 2> <OutPorts = 1>
ST_2 : Operation 382 [1/1] (1.56ns)   --->   "%add_ln11_144 = add i2 %zext_ln11_271, i2 %zext_ln11_272" [bnn.cpp:11->bnn.cpp:61->bnn.cpp:123]   --->   Operation 382 'add' 'add_ln11_144' <Predicate = true> <Delay = 1.56> <CoreInst = "Adder">   --->   Core 1 'Adder' <Latency = 0> <II = 1> <Delay = 1.56> <FuncUnit> <Opcode : 'add' 'sub'> <InPorts = 2> <OutPorts = 1>
ST_2 : Operation 383 [1/1] (1.56ns)   --->   "%add_ln11_145 = add i2 %zext_ln11_273, i2 %zext_ln11_274" [bnn.cpp:11->bnn.cpp:61->bnn.cpp:123]   --->   Operation 383 'add' 'add_ln11_145' <Predicate = true> <Delay = 1.56> <CoreInst = "Adder">   --->   Core 1 'Adder' <Latency = 0> <II = 1> <Delay = 1.56> <FuncUnit> <Opcode : 'add' 'sub'> <InPorts = 2> <OutPorts = 1>
ST_2 : Operation 384 [1/2] ( I:3.25ns O:3.25ns )   --->   "%w2_load_6 = load i9 %w2_addr_6" [bnn.cpp:60->bnn.cpp:123]   --->   Operation 384 'load' 'w2_load_6' <Predicate = true> <Delay = 3.25> <CoreInst = "ROM">   --->   Core 94 'ROM' <Latency = 1> <II = 1> <Delay = 3.25> <Storage> <Opcode : 'load'> <Ports = 0> <Width = 16> <Depth = 512> <ROM>
ST_2 : Operation 385 [1/1] (0.00ns) (grouped into LUT with out node xnor_9)   --->   "%xor_ln60_19 = xor i16 %p_0_0282_6100_reload_read, i16 65535" [bnn.cpp:60->bnn.cpp:123]   --->   Operation 385 'xor' 'xor_ln60_19' <Predicate = true> <Delay = 0.00> <CoreInst = "LogicGate">   --->   Core 74 'LogicGate' <Latency = 0> <II = 1> <Delay = 0.99> <FuncUnit> <Opcode : 'and' 'or' 'xor'> <InPorts = 2> <OutPorts = 1>
ST_2 : Operation 386 [1/1] (0.99ns) (out node of the LUT)   --->   "%xnor_9 = xor i16 %w2_load_6, i16 %xor_ln60_19" [bnn.cpp:60->bnn.cpp:123]   --->   Operation 386 'xor' 'xnor_9' <Predicate = true> <Delay = 0.99> <CoreInst = "LogicGate">   --->   Core 74 'LogicGate' <Latency = 0> <II = 1> <Delay = 0.99> <FuncUnit> <Opcode : 'and' 'or' 'xor'> <InPorts = 2> <OutPorts = 1>
ST_2 : Operation 387 [1/1] (0.00ns)   --->   "%cnt_19 = trunc i16 %xnor_9" [bnn.cpp:11->bnn.cpp:61->bnn.cpp:123]   --->   Operation 387 'trunc' 'cnt_19' <Predicate = true> <Delay = 0.00>
ST_2 : Operation 388 [1/1] (0.00ns)   --->   "%zext_ln8_9 = zext i1 %cnt_19" [bnn.cpp:8->bnn.cpp:61->bnn.cpp:123]   --->   Operation 388 'zext' 'zext_ln8_9' <Predicate = true> <Delay = 0.00>
ST_2 : Operation 389 [1/1] (0.00ns)   --->   "%tmp_149 = bitselect i1 @_ssdm_op_BitSelect.i1.i16.i32, i16 %xnor_9, i32 1" [bnn.cpp:11->bnn.cpp:61->bnn.cpp:123]   --->   Operation 389 'bitselect' 'tmp_149' <Predicate = true> <Delay = 0.00>
ST_2 : Operation 390 [1/1] (0.00ns)   --->   "%zext_ln11_289 = zext i1 %tmp_149" [bnn.cpp:11->bnn.cpp:61->bnn.cpp:123]   --->   Operation 390 'zext' 'zext_ln11_289' <Predicate = true> <Delay = 0.00>
ST_2 : Operation 391 [1/1] (0.00ns)   --->   "%tmp_150 = bitselect i1 @_ssdm_op_BitSelect.i1.i16.i32, i16 %xnor_9, i32 2" [bnn.cpp:11->bnn.cpp:61->bnn.cpp:123]   --->   Operation 391 'bitselect' 'tmp_150' <Predicate = true> <Delay = 0.00>
ST_2 : Operation 392 [1/1] (0.00ns)   --->   "%zext_ln11_290 = zext i1 %tmp_150" [bnn.cpp:11->bnn.cpp:61->bnn.cpp:123]   --->   Operation 392 'zext' 'zext_ln11_290' <Predicate = true> <Delay = 0.00>
ST_2 : Operation 393 [1/1] (0.00ns)   --->   "%tmp_151 = bitselect i1 @_ssdm_op_BitSelect.i1.i16.i32, i16 %xnor_9, i32 3" [bnn.cpp:11->bnn.cpp:61->bnn.cpp:123]   --->   Operation 393 'bitselect' 'tmp_151' <Predicate = true> <Delay = 0.00>
ST_2 : Operation 394 [1/1] (0.00ns)   --->   "%zext_ln11_291 = zext i1 %tmp_151" [bnn.cpp:11->bnn.cpp:61->bnn.cpp:123]   --->   Operation 394 'zext' 'zext_ln11_291' <Predicate = true> <Delay = 0.00>
ST_2 : Operation 395 [1/1] (0.00ns)   --->   "%tmp_152 = bitselect i1 @_ssdm_op_BitSelect.i1.i16.i32, i16 %xnor_9, i32 4" [bnn.cpp:11->bnn.cpp:61->bnn.cpp:123]   --->   Operation 395 'bitselect' 'tmp_152' <Predicate = true> <Delay = 0.00>
ST_2 : Operation 396 [1/1] (0.00ns)   --->   "%zext_ln11_292 = zext i1 %tmp_152" [bnn.cpp:11->bnn.cpp:61->bnn.cpp:123]   --->   Operation 396 'zext' 'zext_ln11_292' <Predicate = true> <Delay = 0.00>
ST_2 : Operation 397 [1/1] (0.00ns)   --->   "%tmp_153 = bitselect i1 @_ssdm_op_BitSelect.i1.i16.i32, i16 %xnor_9, i32 5" [bnn.cpp:11->bnn.cpp:61->bnn.cpp:123]   --->   Operation 397 'bitselect' 'tmp_153' <Predicate = true> <Delay = 0.00>
ST_2 : Operation 398 [1/1] (0.00ns)   --->   "%zext_ln11_293 = zext i1 %tmp_153" [bnn.cpp:11->bnn.cpp:61->bnn.cpp:123]   --->   Operation 398 'zext' 'zext_ln11_293' <Predicate = true> <Delay = 0.00>
ST_2 : Operation 399 [1/1] (0.00ns)   --->   "%tmp_154 = bitselect i1 @_ssdm_op_BitSelect.i1.i16.i32, i16 %xnor_9, i32 6" [bnn.cpp:11->bnn.cpp:61->bnn.cpp:123]   --->   Operation 399 'bitselect' 'tmp_154' <Predicate = true> <Delay = 0.00>
ST_2 : Operation 400 [1/1] (0.00ns)   --->   "%zext_ln11_294 = zext i1 %tmp_154" [bnn.cpp:11->bnn.cpp:61->bnn.cpp:123]   --->   Operation 400 'zext' 'zext_ln11_294' <Predicate = true> <Delay = 0.00>
ST_2 : Operation 401 [1/1] (0.00ns)   --->   "%tmp_155 = bitselect i1 @_ssdm_op_BitSelect.i1.i16.i32, i16 %xnor_9, i32 7" [bnn.cpp:11->bnn.cpp:61->bnn.cpp:123]   --->   Operation 401 'bitselect' 'tmp_155' <Predicate = true> <Delay = 0.00>
ST_2 : Operation 402 [1/1] (0.00ns)   --->   "%zext_ln11_295 = zext i1 %tmp_155" [bnn.cpp:11->bnn.cpp:61->bnn.cpp:123]   --->   Operation 402 'zext' 'zext_ln11_295' <Predicate = true> <Delay = 0.00>
ST_2 : Operation 403 [1/1] (0.00ns)   --->   "%tmp_156 = bitselect i1 @_ssdm_op_BitSelect.i1.i16.i32, i16 %xnor_9, i32 8" [bnn.cpp:11->bnn.cpp:61->bnn.cpp:123]   --->   Operation 403 'bitselect' 'tmp_156' <Predicate = true> <Delay = 0.00>
ST_2 : Operation 404 [1/1] (0.00ns)   --->   "%zext_ln11_296 = zext i1 %tmp_156" [bnn.cpp:11->bnn.cpp:61->bnn.cpp:123]   --->   Operation 404 'zext' 'zext_ln11_296' <Predicate = true> <Delay = 0.00>
ST_2 : Operation 405 [1/1] (0.00ns)   --->   "%tmp_157 = bitselect i1 @_ssdm_op_BitSelect.i1.i16.i32, i16 %xnor_9, i32 9" [bnn.cpp:11->bnn.cpp:61->bnn.cpp:123]   --->   Operation 405 'bitselect' 'tmp_157' <Predicate = true> <Delay = 0.00>
ST_2 : Operation 406 [1/1] (0.00ns)   --->   "%zext_ln11_297 = zext i1 %tmp_157" [bnn.cpp:11->bnn.cpp:61->bnn.cpp:123]   --->   Operation 406 'zext' 'zext_ln11_297' <Predicate = true> <Delay = 0.00>
ST_2 : Operation 407 [1/1] (0.00ns)   --->   "%tmp_158 = bitselect i1 @_ssdm_op_BitSelect.i1.i16.i32, i16 %xnor_9, i32 10" [bnn.cpp:11->bnn.cpp:61->bnn.cpp:123]   --->   Operation 407 'bitselect' 'tmp_158' <Predicate = true> <Delay = 0.00>
ST_2 : Operation 408 [1/1] (0.00ns)   --->   "%zext_ln11_298 = zext i1 %tmp_158" [bnn.cpp:11->bnn.cpp:61->bnn.cpp:123]   --->   Operation 408 'zext' 'zext_ln11_298' <Predicate = true> <Delay = 0.00>
ST_2 : Operation 409 [1/1] (0.00ns)   --->   "%tmp_159 = bitselect i1 @_ssdm_op_BitSelect.i1.i16.i32, i16 %xnor_9, i32 11" [bnn.cpp:11->bnn.cpp:61->bnn.cpp:123]   --->   Operation 409 'bitselect' 'tmp_159' <Predicate = true> <Delay = 0.00>
ST_2 : Operation 410 [1/1] (0.00ns)   --->   "%zext_ln11_299 = zext i1 %tmp_159" [bnn.cpp:11->bnn.cpp:61->bnn.cpp:123]   --->   Operation 410 'zext' 'zext_ln11_299' <Predicate = true> <Delay = 0.00>
ST_2 : Operation 411 [1/1] (0.00ns)   --->   "%tmp_160 = bitselect i1 @_ssdm_op_BitSelect.i1.i16.i32, i16 %xnor_9, i32 12" [bnn.cpp:11->bnn.cpp:61->bnn.cpp:123]   --->   Operation 411 'bitselect' 'tmp_160' <Predicate = true> <Delay = 0.00>
ST_2 : Operation 412 [1/1] (0.00ns)   --->   "%zext_ln11_300 = zext i1 %tmp_160" [bnn.cpp:11->bnn.cpp:61->bnn.cpp:123]   --->   Operation 412 'zext' 'zext_ln11_300' <Predicate = true> <Delay = 0.00>
ST_2 : Operation 413 [1/1] (0.00ns)   --->   "%tmp_161 = bitselect i1 @_ssdm_op_BitSelect.i1.i16.i32, i16 %xnor_9, i32 13" [bnn.cpp:11->bnn.cpp:61->bnn.cpp:123]   --->   Operation 413 'bitselect' 'tmp_161' <Predicate = true> <Delay = 0.00>
ST_2 : Operation 414 [1/1] (0.00ns)   --->   "%zext_ln11_301 = zext i1 %tmp_161" [bnn.cpp:11->bnn.cpp:61->bnn.cpp:123]   --->   Operation 414 'zext' 'zext_ln11_301' <Predicate = true> <Delay = 0.00>
ST_2 : Operation 415 [1/1] (0.00ns)   --->   "%tmp_162 = bitselect i1 @_ssdm_op_BitSelect.i1.i16.i32, i16 %xnor_9, i32 14" [bnn.cpp:11->bnn.cpp:61->bnn.cpp:123]   --->   Operation 415 'bitselect' 'tmp_162' <Predicate = true> <Delay = 0.00>
ST_2 : Operation 416 [1/1] (0.00ns)   --->   "%zext_ln11_302 = zext i1 %tmp_162" [bnn.cpp:11->bnn.cpp:61->bnn.cpp:123]   --->   Operation 416 'zext' 'zext_ln11_302' <Predicate = true> <Delay = 0.00>
ST_2 : Operation 417 [1/1] (0.00ns)   --->   "%tmp_163 = bitselect i1 @_ssdm_op_BitSelect.i1.i16.i32, i16 %xnor_9, i32 15" [bnn.cpp:11->bnn.cpp:61->bnn.cpp:123]   --->   Operation 417 'bitselect' 'tmp_163' <Predicate = true> <Delay = 0.00>
ST_2 : Operation 418 [1/1] (0.00ns)   --->   "%zext_ln11_303 = zext i1 %tmp_163" [bnn.cpp:11->bnn.cpp:61->bnn.cpp:123]   --->   Operation 418 'zext' 'zext_ln11_303' <Predicate = true> <Delay = 0.00>
ST_2 : Operation 419 [1/1] (1.56ns)   --->   "%add_ln11_149 = add i2 %zext_ln11_289, i2 %zext_ln8_9" [bnn.cpp:11->bnn.cpp:61->bnn.cpp:123]   --->   Operation 419 'add' 'add_ln11_149' <Predicate = true> <Delay = 1.56> <CoreInst = "Adder">   --->   Core 1 'Adder' <Latency = 0> <II = 1> <Delay = 1.56> <FuncUnit> <Opcode : 'add' 'sub'> <InPorts = 2> <OutPorts = 1>
ST_2 : Operation 420 [1/1] (1.56ns)   --->   "%add_ln11_150 = add i2 %zext_ln11_290, i2 %zext_ln11_291" [bnn.cpp:11->bnn.cpp:61->bnn.cpp:123]   --->   Operation 420 'add' 'add_ln11_150' <Predicate = true> <Delay = 1.56> <CoreInst = "Adder">   --->   Core 1 'Adder' <Latency = 0> <II = 1> <Delay = 1.56> <FuncUnit> <Opcode : 'add' 'sub'> <InPorts = 2> <OutPorts = 1>
ST_2 : Operation 421 [1/1] (1.56ns)   --->   "%add_ln11_152 = add i2 %zext_ln11_292, i2 %zext_ln11_293" [bnn.cpp:11->bnn.cpp:61->bnn.cpp:123]   --->   Operation 421 'add' 'add_ln11_152' <Predicate = true> <Delay = 1.56> <CoreInst = "Adder">   --->   Core 1 'Adder' <Latency = 0> <II = 1> <Delay = 1.56> <FuncUnit> <Opcode : 'add' 'sub'> <InPorts = 2> <OutPorts = 1>
ST_2 : Operation 422 [1/1] (1.56ns)   --->   "%add_ln11_153 = add i2 %zext_ln11_294, i2 %zext_ln11_295" [bnn.cpp:11->bnn.cpp:61->bnn.cpp:123]   --->   Operation 422 'add' 'add_ln11_153' <Predicate = true> <Delay = 1.56> <CoreInst = "Adder">   --->   Core 1 'Adder' <Latency = 0> <II = 1> <Delay = 1.56> <FuncUnit> <Opcode : 'add' 'sub'> <InPorts = 2> <OutPorts = 1>
ST_2 : Operation 423 [1/1] (1.56ns)   --->   "%add_ln11_156 = add i2 %zext_ln11_296, i2 %zext_ln11_297" [bnn.cpp:11->bnn.cpp:61->bnn.cpp:123]   --->   Operation 423 'add' 'add_ln11_156' <Predicate = true> <Delay = 1.56> <CoreInst = "Adder">   --->   Core 1 'Adder' <Latency = 0> <II = 1> <Delay = 1.56> <FuncUnit> <Opcode : 'add' 'sub'> <InPorts = 2> <OutPorts = 1>
ST_2 : Operation 424 [1/1] (1.56ns)   --->   "%add_ln11_157 = add i2 %zext_ln11_298, i2 %zext_ln11_299" [bnn.cpp:11->bnn.cpp:61->bnn.cpp:123]   --->   Operation 424 'add' 'add_ln11_157' <Predicate = true> <Delay = 1.56> <CoreInst = "Adder">   --->   Core 1 'Adder' <Latency = 0> <II = 1> <Delay = 1.56> <FuncUnit> <Opcode : 'add' 'sub'> <InPorts = 2> <OutPorts = 1>
ST_2 : Operation 425 [1/1] (1.56ns)   --->   "%add_ln11_159 = add i2 %zext_ln11_300, i2 %zext_ln11_301" [bnn.cpp:11->bnn.cpp:61->bnn.cpp:123]   --->   Operation 425 'add' 'add_ln11_159' <Predicate = true> <Delay = 1.56> <CoreInst = "Adder">   --->   Core 1 'Adder' <Latency = 0> <II = 1> <Delay = 1.56> <FuncUnit> <Opcode : 'add' 'sub'> <InPorts = 2> <OutPorts = 1>
ST_2 : Operation 426 [1/1] (1.56ns)   --->   "%add_ln11_160 = add i2 %zext_ln11_302, i2 %zext_ln11_303" [bnn.cpp:11->bnn.cpp:61->bnn.cpp:123]   --->   Operation 426 'add' 'add_ln11_160' <Predicate = true> <Delay = 1.56> <CoreInst = "Adder">   --->   Core 1 'Adder' <Latency = 0> <II = 1> <Delay = 1.56> <FuncUnit> <Opcode : 'add' 'sub'> <InPorts = 2> <OutPorts = 1>
ST_2 : Operation 427 [1/2] ( I:3.25ns O:3.25ns )   --->   "%w2_load_7 = load i9 %w2_addr_7" [bnn.cpp:60->bnn.cpp:123]   --->   Operation 427 'load' 'w2_load_7' <Predicate = true> <Delay = 3.25> <CoreInst = "ROM">   --->   Core 94 'ROM' <Latency = 1> <II = 1> <Delay = 3.25> <Storage> <Opcode : 'load'> <Ports = 0> <Width = 16> <Depth = 512> <ROM>
ST_2 : Operation 428 [1/1] (0.00ns) (grouped into LUT with out node xnor_10)   --->   "%xor_ln60_21 = xor i16 %p_0_0282_7102_reload_read, i16 65535" [bnn.cpp:60->bnn.cpp:123]   --->   Operation 428 'xor' 'xor_ln60_21' <Predicate = true> <Delay = 0.00> <CoreInst = "LogicGate">   --->   Core 74 'LogicGate' <Latency = 0> <II = 1> <Delay = 0.99> <FuncUnit> <Opcode : 'and' 'or' 'xor'> <InPorts = 2> <OutPorts = 1>
ST_2 : Operation 429 [1/1] (0.99ns) (out node of the LUT)   --->   "%xnor_10 = xor i16 %w2_load_7, i16 %xor_ln60_21" [bnn.cpp:60->bnn.cpp:123]   --->   Operation 429 'xor' 'xnor_10' <Predicate = true> <Delay = 0.99> <CoreInst = "LogicGate">   --->   Core 74 'LogicGate' <Latency = 0> <II = 1> <Delay = 0.99> <FuncUnit> <Opcode : 'and' 'or' 'xor'> <InPorts = 2> <OutPorts = 1>
ST_2 : Operation 430 [1/1] (0.00ns)   --->   "%cnt_21 = trunc i16 %xnor_10" [bnn.cpp:11->bnn.cpp:61->bnn.cpp:123]   --->   Operation 430 'trunc' 'cnt_21' <Predicate = true> <Delay = 0.00>
ST_2 : Operation 431 [1/1] (0.00ns)   --->   "%zext_ln8_10 = zext i1 %cnt_21" [bnn.cpp:8->bnn.cpp:61->bnn.cpp:123]   --->   Operation 431 'zext' 'zext_ln8_10' <Predicate = true> <Delay = 0.00>
ST_2 : Operation 432 [1/1] (0.00ns)   --->   "%tmp_164 = bitselect i1 @_ssdm_op_BitSelect.i1.i16.i32, i16 %xnor_10, i32 1" [bnn.cpp:11->bnn.cpp:61->bnn.cpp:123]   --->   Operation 432 'bitselect' 'tmp_164' <Predicate = true> <Delay = 0.00>
ST_2 : Operation 433 [1/1] (0.00ns)   --->   "%zext_ln11_318 = zext i1 %tmp_164" [bnn.cpp:11->bnn.cpp:61->bnn.cpp:123]   --->   Operation 433 'zext' 'zext_ln11_318' <Predicate = true> <Delay = 0.00>
ST_2 : Operation 434 [1/1] (0.00ns)   --->   "%tmp_165 = bitselect i1 @_ssdm_op_BitSelect.i1.i16.i32, i16 %xnor_10, i32 2" [bnn.cpp:11->bnn.cpp:61->bnn.cpp:123]   --->   Operation 434 'bitselect' 'tmp_165' <Predicate = true> <Delay = 0.00>
ST_2 : Operation 435 [1/1] (0.00ns)   --->   "%zext_ln11_319 = zext i1 %tmp_165" [bnn.cpp:11->bnn.cpp:61->bnn.cpp:123]   --->   Operation 435 'zext' 'zext_ln11_319' <Predicate = true> <Delay = 0.00>
ST_2 : Operation 436 [1/1] (0.00ns)   --->   "%tmp_166 = bitselect i1 @_ssdm_op_BitSelect.i1.i16.i32, i16 %xnor_10, i32 3" [bnn.cpp:11->bnn.cpp:61->bnn.cpp:123]   --->   Operation 436 'bitselect' 'tmp_166' <Predicate = true> <Delay = 0.00>
ST_2 : Operation 437 [1/1] (0.00ns)   --->   "%zext_ln11_320 = zext i1 %tmp_166" [bnn.cpp:11->bnn.cpp:61->bnn.cpp:123]   --->   Operation 437 'zext' 'zext_ln11_320' <Predicate = true> <Delay = 0.00>
ST_2 : Operation 438 [1/1] (0.00ns)   --->   "%tmp_167 = bitselect i1 @_ssdm_op_BitSelect.i1.i16.i32, i16 %xnor_10, i32 4" [bnn.cpp:11->bnn.cpp:61->bnn.cpp:123]   --->   Operation 438 'bitselect' 'tmp_167' <Predicate = true> <Delay = 0.00>
ST_2 : Operation 439 [1/1] (0.00ns)   --->   "%zext_ln11_321 = zext i1 %tmp_167" [bnn.cpp:11->bnn.cpp:61->bnn.cpp:123]   --->   Operation 439 'zext' 'zext_ln11_321' <Predicate = true> <Delay = 0.00>
ST_2 : Operation 440 [1/1] (0.00ns)   --->   "%tmp_168 = bitselect i1 @_ssdm_op_BitSelect.i1.i16.i32, i16 %xnor_10, i32 5" [bnn.cpp:11->bnn.cpp:61->bnn.cpp:123]   --->   Operation 440 'bitselect' 'tmp_168' <Predicate = true> <Delay = 0.00>
ST_2 : Operation 441 [1/1] (0.00ns)   --->   "%zext_ln11_322 = zext i1 %tmp_168" [bnn.cpp:11->bnn.cpp:61->bnn.cpp:123]   --->   Operation 441 'zext' 'zext_ln11_322' <Predicate = true> <Delay = 0.00>
ST_2 : Operation 442 [1/1] (0.00ns)   --->   "%tmp_169 = bitselect i1 @_ssdm_op_BitSelect.i1.i16.i32, i16 %xnor_10, i32 6" [bnn.cpp:11->bnn.cpp:61->bnn.cpp:123]   --->   Operation 442 'bitselect' 'tmp_169' <Predicate = true> <Delay = 0.00>
ST_2 : Operation 443 [1/1] (0.00ns)   --->   "%zext_ln11_323 = zext i1 %tmp_169" [bnn.cpp:11->bnn.cpp:61->bnn.cpp:123]   --->   Operation 443 'zext' 'zext_ln11_323' <Predicate = true> <Delay = 0.00>
ST_2 : Operation 444 [1/1] (0.00ns)   --->   "%tmp_170 = bitselect i1 @_ssdm_op_BitSelect.i1.i16.i32, i16 %xnor_10, i32 7" [bnn.cpp:11->bnn.cpp:61->bnn.cpp:123]   --->   Operation 444 'bitselect' 'tmp_170' <Predicate = true> <Delay = 0.00>
ST_2 : Operation 445 [1/1] (0.00ns)   --->   "%zext_ln11_324 = zext i1 %tmp_170" [bnn.cpp:11->bnn.cpp:61->bnn.cpp:123]   --->   Operation 445 'zext' 'zext_ln11_324' <Predicate = true> <Delay = 0.00>
ST_2 : Operation 446 [1/1] (0.00ns)   --->   "%tmp_171 = bitselect i1 @_ssdm_op_BitSelect.i1.i16.i32, i16 %xnor_10, i32 8" [bnn.cpp:11->bnn.cpp:61->bnn.cpp:123]   --->   Operation 446 'bitselect' 'tmp_171' <Predicate = true> <Delay = 0.00>
ST_2 : Operation 447 [1/1] (0.00ns)   --->   "%zext_ln11_325 = zext i1 %tmp_171" [bnn.cpp:11->bnn.cpp:61->bnn.cpp:123]   --->   Operation 447 'zext' 'zext_ln11_325' <Predicate = true> <Delay = 0.00>
ST_2 : Operation 448 [1/1] (0.00ns)   --->   "%tmp_172 = bitselect i1 @_ssdm_op_BitSelect.i1.i16.i32, i16 %xnor_10, i32 9" [bnn.cpp:11->bnn.cpp:61->bnn.cpp:123]   --->   Operation 448 'bitselect' 'tmp_172' <Predicate = true> <Delay = 0.00>
ST_2 : Operation 449 [1/1] (0.00ns)   --->   "%zext_ln11_326 = zext i1 %tmp_172" [bnn.cpp:11->bnn.cpp:61->bnn.cpp:123]   --->   Operation 449 'zext' 'zext_ln11_326' <Predicate = true> <Delay = 0.00>
ST_2 : Operation 450 [1/1] (0.00ns)   --->   "%tmp_173 = bitselect i1 @_ssdm_op_BitSelect.i1.i16.i32, i16 %xnor_10, i32 10" [bnn.cpp:11->bnn.cpp:61->bnn.cpp:123]   --->   Operation 450 'bitselect' 'tmp_173' <Predicate = true> <Delay = 0.00>
ST_2 : Operation 451 [1/1] (0.00ns)   --->   "%zext_ln11_327 = zext i1 %tmp_173" [bnn.cpp:11->bnn.cpp:61->bnn.cpp:123]   --->   Operation 451 'zext' 'zext_ln11_327' <Predicate = true> <Delay = 0.00>
ST_2 : Operation 452 [1/1] (0.00ns)   --->   "%tmp_174 = bitselect i1 @_ssdm_op_BitSelect.i1.i16.i32, i16 %xnor_10, i32 11" [bnn.cpp:11->bnn.cpp:61->bnn.cpp:123]   --->   Operation 452 'bitselect' 'tmp_174' <Predicate = true> <Delay = 0.00>
ST_2 : Operation 453 [1/1] (0.00ns)   --->   "%zext_ln11_328 = zext i1 %tmp_174" [bnn.cpp:11->bnn.cpp:61->bnn.cpp:123]   --->   Operation 453 'zext' 'zext_ln11_328' <Predicate = true> <Delay = 0.00>
ST_2 : Operation 454 [1/1] (0.00ns)   --->   "%tmp_175 = bitselect i1 @_ssdm_op_BitSelect.i1.i16.i32, i16 %xnor_10, i32 12" [bnn.cpp:11->bnn.cpp:61->bnn.cpp:123]   --->   Operation 454 'bitselect' 'tmp_175' <Predicate = true> <Delay = 0.00>
ST_2 : Operation 455 [1/1] (0.00ns)   --->   "%zext_ln11_329 = zext i1 %tmp_175" [bnn.cpp:11->bnn.cpp:61->bnn.cpp:123]   --->   Operation 455 'zext' 'zext_ln11_329' <Predicate = true> <Delay = 0.00>
ST_2 : Operation 456 [1/1] (0.00ns)   --->   "%tmp_176 = bitselect i1 @_ssdm_op_BitSelect.i1.i16.i32, i16 %xnor_10, i32 13" [bnn.cpp:11->bnn.cpp:61->bnn.cpp:123]   --->   Operation 456 'bitselect' 'tmp_176' <Predicate = true> <Delay = 0.00>
ST_2 : Operation 457 [1/1] (0.00ns)   --->   "%zext_ln11_330 = zext i1 %tmp_176" [bnn.cpp:11->bnn.cpp:61->bnn.cpp:123]   --->   Operation 457 'zext' 'zext_ln11_330' <Predicate = true> <Delay = 0.00>
ST_2 : Operation 458 [1/1] (0.00ns)   --->   "%tmp_177 = bitselect i1 @_ssdm_op_BitSelect.i1.i16.i32, i16 %xnor_10, i32 14" [bnn.cpp:11->bnn.cpp:61->bnn.cpp:123]   --->   Operation 458 'bitselect' 'tmp_177' <Predicate = true> <Delay = 0.00>
ST_2 : Operation 459 [1/1] (0.00ns)   --->   "%zext_ln11_331 = zext i1 %tmp_177" [bnn.cpp:11->bnn.cpp:61->bnn.cpp:123]   --->   Operation 459 'zext' 'zext_ln11_331' <Predicate = true> <Delay = 0.00>
ST_2 : Operation 460 [1/1] (0.00ns)   --->   "%tmp_178 = bitselect i1 @_ssdm_op_BitSelect.i1.i16.i32, i16 %xnor_10, i32 15" [bnn.cpp:11->bnn.cpp:61->bnn.cpp:123]   --->   Operation 460 'bitselect' 'tmp_178' <Predicate = true> <Delay = 0.00>
ST_2 : Operation 461 [1/1] (0.00ns)   --->   "%zext_ln11_332 = zext i1 %tmp_178" [bnn.cpp:11->bnn.cpp:61->bnn.cpp:123]   --->   Operation 461 'zext' 'zext_ln11_332' <Predicate = true> <Delay = 0.00>
ST_2 : Operation 462 [1/1] (1.56ns)   --->   "%add_ln11_164 = add i2 %zext_ln11_318, i2 %zext_ln8_10" [bnn.cpp:11->bnn.cpp:61->bnn.cpp:123]   --->   Operation 462 'add' 'add_ln11_164' <Predicate = true> <Delay = 1.56> <CoreInst = "Adder">   --->   Core 1 'Adder' <Latency = 0> <II = 1> <Delay = 1.56> <FuncUnit> <Opcode : 'add' 'sub'> <InPorts = 2> <OutPorts = 1>
ST_2 : Operation 463 [1/1] (1.56ns)   --->   "%add_ln11_165 = add i2 %zext_ln11_319, i2 %zext_ln11_320" [bnn.cpp:11->bnn.cpp:61->bnn.cpp:123]   --->   Operation 463 'add' 'add_ln11_165' <Predicate = true> <Delay = 1.56> <CoreInst = "Adder">   --->   Core 1 'Adder' <Latency = 0> <II = 1> <Delay = 1.56> <FuncUnit> <Opcode : 'add' 'sub'> <InPorts = 2> <OutPorts = 1>
ST_2 : Operation 464 [1/1] (1.56ns)   --->   "%add_ln11_167 = add i2 %zext_ln11_321, i2 %zext_ln11_322" [bnn.cpp:11->bnn.cpp:61->bnn.cpp:123]   --->   Operation 464 'add' 'add_ln11_167' <Predicate = true> <Delay = 1.56> <CoreInst = "Adder">   --->   Core 1 'Adder' <Latency = 0> <II = 1> <Delay = 1.56> <FuncUnit> <Opcode : 'add' 'sub'> <InPorts = 2> <OutPorts = 1>
ST_2 : Operation 465 [1/1] (1.56ns)   --->   "%add_ln11_168 = add i2 %zext_ln11_323, i2 %zext_ln11_324" [bnn.cpp:11->bnn.cpp:61->bnn.cpp:123]   --->   Operation 465 'add' 'add_ln11_168' <Predicate = true> <Delay = 1.56> <CoreInst = "Adder">   --->   Core 1 'Adder' <Latency = 0> <II = 1> <Delay = 1.56> <FuncUnit> <Opcode : 'add' 'sub'> <InPorts = 2> <OutPorts = 1>
ST_2 : Operation 466 [1/1] (1.56ns)   --->   "%add_ln11_171 = add i2 %zext_ln11_325, i2 %zext_ln11_326" [bnn.cpp:11->bnn.cpp:61->bnn.cpp:123]   --->   Operation 466 'add' 'add_ln11_171' <Predicate = true> <Delay = 1.56> <CoreInst = "Adder">   --->   Core 1 'Adder' <Latency = 0> <II = 1> <Delay = 1.56> <FuncUnit> <Opcode : 'add' 'sub'> <InPorts = 2> <OutPorts = 1>
ST_2 : Operation 467 [1/1] (1.56ns)   --->   "%add_ln11_172 = add i2 %zext_ln11_327, i2 %zext_ln11_328" [bnn.cpp:11->bnn.cpp:61->bnn.cpp:123]   --->   Operation 467 'add' 'add_ln11_172' <Predicate = true> <Delay = 1.56> <CoreInst = "Adder">   --->   Core 1 'Adder' <Latency = 0> <II = 1> <Delay = 1.56> <FuncUnit> <Opcode : 'add' 'sub'> <InPorts = 2> <OutPorts = 1>
ST_2 : Operation 468 [1/1] (1.56ns)   --->   "%add_ln11_174 = add i2 %zext_ln11_329, i2 %zext_ln11_330" [bnn.cpp:11->bnn.cpp:61->bnn.cpp:123]   --->   Operation 468 'add' 'add_ln11_174' <Predicate = true> <Delay = 1.56> <CoreInst = "Adder">   --->   Core 1 'Adder' <Latency = 0> <II = 1> <Delay = 1.56> <FuncUnit> <Opcode : 'add' 'sub'> <InPorts = 2> <OutPorts = 1>
ST_2 : Operation 469 [1/1] (1.56ns)   --->   "%add_ln11_175 = add i2 %zext_ln11_331, i2 %zext_ln11_332" [bnn.cpp:11->bnn.cpp:61->bnn.cpp:123]   --->   Operation 469 'add' 'add_ln11_175' <Predicate = true> <Delay = 1.56> <CoreInst = "Adder">   --->   Core 1 'Adder' <Latency = 0> <II = 1> <Delay = 1.56> <FuncUnit> <Opcode : 'add' 'sub'> <InPorts = 2> <OutPorts = 1>

State 3 <SV = 2> <Delay = 6.73>
ST_3 : Operation 470 [1/1] (0.00ns)   --->   "%zext_ln11_130 = zext i2 %add_ln11" [bnn.cpp:11->bnn.cpp:61->bnn.cpp:123]   --->   Operation 470 'zext' 'zext_ln11_130' <Predicate = true> <Delay = 0.00>
ST_3 : Operation 471 [1/1] (0.00ns)   --->   "%zext_ln11_131 = zext i2 %add_ln11_60" [bnn.cpp:11->bnn.cpp:61->bnn.cpp:123]   --->   Operation 471 'zext' 'zext_ln11_131' <Predicate = true> <Delay = 0.00>
ST_3 : Operation 472 [1/1] (1.56ns)   --->   "%add_ln11_61 = add i3 %zext_ln11_131, i3 %zext_ln11_130" [bnn.cpp:11->bnn.cpp:61->bnn.cpp:123]   --->   Operation 472 'add' 'add_ln11_61' <Predicate = true> <Delay = 1.56> <CoreInst = "Adder">   --->   Core 1 'Adder' <Latency = 0> <II = 1> <Delay = 1.56> <FuncUnit> <Opcode : 'add' 'sub'> <InPorts = 2> <OutPorts = 1>
ST_3 : Operation 473 [1/1] (0.00ns)   --->   "%zext_ln11_132 = zext i3 %add_ln11_61" [bnn.cpp:11->bnn.cpp:61->bnn.cpp:123]   --->   Operation 473 'zext' 'zext_ln11_132' <Predicate = true> <Delay = 0.00>
ST_3 : Operation 474 [1/1] (0.00ns)   --->   "%zext_ln11_133 = zext i2 %add_ln11_62" [bnn.cpp:11->bnn.cpp:61->bnn.cpp:123]   --->   Operation 474 'zext' 'zext_ln11_133' <Predicate = true> <Delay = 0.00>
ST_3 : Operation 475 [1/1] (0.00ns)   --->   "%zext_ln11_134 = zext i2 %add_ln11_63" [bnn.cpp:11->bnn.cpp:61->bnn.cpp:123]   --->   Operation 475 'zext' 'zext_ln11_134' <Predicate = true> <Delay = 0.00>
ST_3 : Operation 476 [1/1] (1.56ns)   --->   "%add_ln11_64 = add i3 %zext_ln11_134, i3 %zext_ln11_133" [bnn.cpp:11->bnn.cpp:61->bnn.cpp:123]   --->   Operation 476 'add' 'add_ln11_64' <Predicate = true> <Delay = 1.56> <CoreInst = "Adder">   --->   Core 1 'Adder' <Latency = 0> <II = 1> <Delay = 1.56> <FuncUnit> <Opcode : 'add' 'sub'> <InPorts = 2> <OutPorts = 1>
ST_3 : Operation 477 [1/1] (0.00ns)   --->   "%zext_ln11_135 = zext i3 %add_ln11_64" [bnn.cpp:11->bnn.cpp:61->bnn.cpp:123]   --->   Operation 477 'zext' 'zext_ln11_135' <Predicate = true> <Delay = 0.00>
ST_3 : Operation 478 [1/1] (1.65ns)   --->   "%add_ln11_65 = add i4 %zext_ln11_135, i4 %zext_ln11_132" [bnn.cpp:11->bnn.cpp:61->bnn.cpp:123]   --->   Operation 478 'add' 'add_ln11_65' <Predicate = true> <Delay = 1.65> <CoreInst = "Adder">   --->   Core 1 'Adder' <Latency = 0> <II = 1> <Delay = 1.65> <FuncUnit> <Opcode : 'add' 'sub'> <InPorts = 2> <OutPorts = 1>
ST_3 : Operation 479 [1/1] (0.00ns)   --->   "%zext_ln11_136 = zext i4 %add_ln11_65" [bnn.cpp:11->bnn.cpp:61->bnn.cpp:123]   --->   Operation 479 'zext' 'zext_ln11_136' <Predicate = true> <Delay = 0.00>
ST_3 : Operation 480 [1/1] (0.00ns)   --->   "%zext_ln11_137 = zext i2 %add_ln11_66" [bnn.cpp:11->bnn.cpp:61->bnn.cpp:123]   --->   Operation 480 'zext' 'zext_ln11_137' <Predicate = true> <Delay = 0.00>
ST_3 : Operation 481 [1/1] (0.00ns)   --->   "%zext_ln11_138 = zext i2 %add_ln11_67" [bnn.cpp:11->bnn.cpp:61->bnn.cpp:123]   --->   Operation 481 'zext' 'zext_ln11_138' <Predicate = true> <Delay = 0.00>
ST_3 : Operation 482 [1/1] (1.56ns)   --->   "%add_ln11_68 = add i3 %zext_ln11_138, i3 %zext_ln11_137" [bnn.cpp:11->bnn.cpp:61->bnn.cpp:123]   --->   Operation 482 'add' 'add_ln11_68' <Predicate = true> <Delay = 1.56> <CoreInst = "Adder">   --->   Core 1 'Adder' <Latency = 0> <II = 1> <Delay = 1.56> <FuncUnit> <Opcode : 'add' 'sub'> <InPorts = 2> <OutPorts = 1>
ST_3 : Operation 483 [1/1] (0.00ns)   --->   "%zext_ln11_139 = zext i3 %add_ln11_68" [bnn.cpp:11->bnn.cpp:61->bnn.cpp:123]   --->   Operation 483 'zext' 'zext_ln11_139' <Predicate = true> <Delay = 0.00>
ST_3 : Operation 484 [1/1] (0.00ns)   --->   "%zext_ln11_140 = zext i2 %add_ln11_69" [bnn.cpp:11->bnn.cpp:61->bnn.cpp:123]   --->   Operation 484 'zext' 'zext_ln11_140' <Predicate = true> <Delay = 0.00>
ST_3 : Operation 485 [1/1] (0.00ns)   --->   "%zext_ln11_141 = zext i2 %add_ln11_70" [bnn.cpp:11->bnn.cpp:61->bnn.cpp:123]   --->   Operation 485 'zext' 'zext_ln11_141' <Predicate = true> <Delay = 0.00>
ST_3 : Operation 486 [1/1] (1.56ns)   --->   "%add_ln11_71 = add i3 %zext_ln11_141, i3 %zext_ln11_140" [bnn.cpp:11->bnn.cpp:61->bnn.cpp:123]   --->   Operation 486 'add' 'add_ln11_71' <Predicate = true> <Delay = 1.56> <CoreInst = "Adder">   --->   Core 1 'Adder' <Latency = 0> <II = 1> <Delay = 1.56> <FuncUnit> <Opcode : 'add' 'sub'> <InPorts = 2> <OutPorts = 1>
ST_3 : Operation 487 [1/1] (0.00ns)   --->   "%zext_ln11_142 = zext i3 %add_ln11_71" [bnn.cpp:11->bnn.cpp:61->bnn.cpp:123]   --->   Operation 487 'zext' 'zext_ln11_142' <Predicate = true> <Delay = 0.00>
ST_3 : Operation 488 [1/1] (1.65ns)   --->   "%add_ln11_72 = add i4 %zext_ln11_142, i4 %zext_ln11_139" [bnn.cpp:11->bnn.cpp:61->bnn.cpp:123]   --->   Operation 488 'add' 'add_ln11_72' <Predicate = true> <Delay = 1.65> <CoreInst = "Adder">   --->   Core 1 'Adder' <Latency = 0> <II = 1> <Delay = 1.65> <FuncUnit> <Opcode : 'add' 'sub'> <InPorts = 2> <OutPorts = 1>
ST_3 : Operation 489 [1/1] (0.00ns)   --->   "%zext_ln11_143 = zext i4 %add_ln11_72" [bnn.cpp:11->bnn.cpp:61->bnn.cpp:123]   --->   Operation 489 'zext' 'zext_ln11_143' <Predicate = true> <Delay = 0.00>
ST_3 : Operation 490 [1/1] (1.73ns)   --->   "%cnt_8 = add i5 %zext_ln11_143, i5 %zext_ln11_136" [bnn.cpp:11->bnn.cpp:61->bnn.cpp:123]   --->   Operation 490 'add' 'cnt_8' <Predicate = true> <Delay = 1.73> <CoreInst = "Adder">   --->   Core 1 'Adder' <Latency = 0> <II = 1> <Delay = 1.73> <FuncUnit> <Opcode : 'add' 'sub'> <InPorts = 2> <OutPorts = 1>
ST_3 : Operation 491 [1/1] (0.00ns)   --->   "%zext_ln11_159 = zext i2 %add_ln11_74" [bnn.cpp:11->bnn.cpp:61->bnn.cpp:123]   --->   Operation 491 'zext' 'zext_ln11_159' <Predicate = true> <Delay = 0.00>
ST_3 : Operation 492 [1/1] (0.00ns)   --->   "%zext_ln11_160 = zext i2 %add_ln11_75" [bnn.cpp:11->bnn.cpp:61->bnn.cpp:123]   --->   Operation 492 'zext' 'zext_ln11_160' <Predicate = true> <Delay = 0.00>
ST_3 : Operation 493 [1/1] (1.56ns)   --->   "%add_ln11_76 = add i3 %zext_ln11_160, i3 %zext_ln11_159" [bnn.cpp:11->bnn.cpp:61->bnn.cpp:123]   --->   Operation 493 'add' 'add_ln11_76' <Predicate = true> <Delay = 1.56> <CoreInst = "Adder">   --->   Core 1 'Adder' <Latency = 0> <II = 1> <Delay = 1.56> <FuncUnit> <Opcode : 'add' 'sub'> <InPorts = 2> <OutPorts = 1>
ST_3 : Operation 494 [1/1] (0.00ns)   --->   "%zext_ln11_161 = zext i3 %add_ln11_76" [bnn.cpp:11->bnn.cpp:61->bnn.cpp:123]   --->   Operation 494 'zext' 'zext_ln11_161' <Predicate = true> <Delay = 0.00>
ST_3 : Operation 495 [1/1] (0.00ns)   --->   "%zext_ln11_162 = zext i2 %add_ln11_77" [bnn.cpp:11->bnn.cpp:61->bnn.cpp:123]   --->   Operation 495 'zext' 'zext_ln11_162' <Predicate = true> <Delay = 0.00>
ST_3 : Operation 496 [1/1] (0.00ns)   --->   "%zext_ln11_163 = zext i2 %add_ln11_78" [bnn.cpp:11->bnn.cpp:61->bnn.cpp:123]   --->   Operation 496 'zext' 'zext_ln11_163' <Predicate = true> <Delay = 0.00>
ST_3 : Operation 497 [1/1] (1.56ns)   --->   "%add_ln11_79 = add i3 %zext_ln11_163, i3 %zext_ln11_162" [bnn.cpp:11->bnn.cpp:61->bnn.cpp:123]   --->   Operation 497 'add' 'add_ln11_79' <Predicate = true> <Delay = 1.56> <CoreInst = "Adder">   --->   Core 1 'Adder' <Latency = 0> <II = 1> <Delay = 1.56> <FuncUnit> <Opcode : 'add' 'sub'> <InPorts = 2> <OutPorts = 1>
ST_3 : Operation 498 [1/1] (0.00ns)   --->   "%zext_ln11_164 = zext i3 %add_ln11_79" [bnn.cpp:11->bnn.cpp:61->bnn.cpp:123]   --->   Operation 498 'zext' 'zext_ln11_164' <Predicate = true> <Delay = 0.00>
ST_3 : Operation 499 [1/1] (1.65ns)   --->   "%add_ln11_80 = add i4 %zext_ln11_164, i4 %zext_ln11_161" [bnn.cpp:11->bnn.cpp:61->bnn.cpp:123]   --->   Operation 499 'add' 'add_ln11_80' <Predicate = true> <Delay = 1.65> <CoreInst = "Adder">   --->   Core 1 'Adder' <Latency = 0> <II = 1> <Delay = 1.65> <FuncUnit> <Opcode : 'add' 'sub'> <InPorts = 2> <OutPorts = 1>
ST_3 : Operation 500 [1/1] (0.00ns)   --->   "%zext_ln11_165 = zext i4 %add_ln11_80" [bnn.cpp:11->bnn.cpp:61->bnn.cpp:123]   --->   Operation 500 'zext' 'zext_ln11_165' <Predicate = true> <Delay = 0.00>
ST_3 : Operation 501 [1/1] (0.00ns)   --->   "%zext_ln11_166 = zext i2 %add_ln11_81" [bnn.cpp:11->bnn.cpp:61->bnn.cpp:123]   --->   Operation 501 'zext' 'zext_ln11_166' <Predicate = true> <Delay = 0.00>
ST_3 : Operation 502 [1/1] (0.00ns)   --->   "%zext_ln11_167 = zext i2 %add_ln11_82" [bnn.cpp:11->bnn.cpp:61->bnn.cpp:123]   --->   Operation 502 'zext' 'zext_ln11_167' <Predicate = true> <Delay = 0.00>
ST_3 : Operation 503 [1/1] (1.56ns)   --->   "%add_ln11_83 = add i3 %zext_ln11_167, i3 %zext_ln11_166" [bnn.cpp:11->bnn.cpp:61->bnn.cpp:123]   --->   Operation 503 'add' 'add_ln11_83' <Predicate = true> <Delay = 1.56> <CoreInst = "Adder">   --->   Core 1 'Adder' <Latency = 0> <II = 1> <Delay = 1.56> <FuncUnit> <Opcode : 'add' 'sub'> <InPorts = 2> <OutPorts = 1>
ST_3 : Operation 504 [1/1] (0.00ns)   --->   "%zext_ln11_168 = zext i3 %add_ln11_83" [bnn.cpp:11->bnn.cpp:61->bnn.cpp:123]   --->   Operation 504 'zext' 'zext_ln11_168' <Predicate = true> <Delay = 0.00>
ST_3 : Operation 505 [1/1] (0.00ns)   --->   "%zext_ln11_169 = zext i2 %add_ln11_84" [bnn.cpp:11->bnn.cpp:61->bnn.cpp:123]   --->   Operation 505 'zext' 'zext_ln11_169' <Predicate = true> <Delay = 0.00>
ST_3 : Operation 506 [1/1] (0.00ns)   --->   "%zext_ln11_170 = zext i2 %add_ln11_85" [bnn.cpp:11->bnn.cpp:61->bnn.cpp:123]   --->   Operation 506 'zext' 'zext_ln11_170' <Predicate = true> <Delay = 0.00>
ST_3 : Operation 507 [1/1] (1.56ns)   --->   "%add_ln11_86 = add i3 %zext_ln11_170, i3 %zext_ln11_169" [bnn.cpp:11->bnn.cpp:61->bnn.cpp:123]   --->   Operation 507 'add' 'add_ln11_86' <Predicate = true> <Delay = 1.56> <CoreInst = "Adder">   --->   Core 1 'Adder' <Latency = 0> <II = 1> <Delay = 1.56> <FuncUnit> <Opcode : 'add' 'sub'> <InPorts = 2> <OutPorts = 1>
ST_3 : Operation 508 [1/1] (0.00ns)   --->   "%zext_ln11_171 = zext i3 %add_ln11_86" [bnn.cpp:11->bnn.cpp:61->bnn.cpp:123]   --->   Operation 508 'zext' 'zext_ln11_171' <Predicate = true> <Delay = 0.00>
ST_3 : Operation 509 [1/1] (1.65ns)   --->   "%add_ln11_87 = add i4 %zext_ln11_171, i4 %zext_ln11_168" [bnn.cpp:11->bnn.cpp:61->bnn.cpp:123]   --->   Operation 509 'add' 'add_ln11_87' <Predicate = true> <Delay = 1.65> <CoreInst = "Adder">   --->   Core 1 'Adder' <Latency = 0> <II = 1> <Delay = 1.65> <FuncUnit> <Opcode : 'add' 'sub'> <InPorts = 2> <OutPorts = 1>
ST_3 : Operation 510 [1/1] (0.00ns)   --->   "%zext_ln11_172 = zext i4 %add_ln11_87" [bnn.cpp:11->bnn.cpp:61->bnn.cpp:123]   --->   Operation 510 'zext' 'zext_ln11_172' <Predicate = true> <Delay = 0.00>
ST_3 : Operation 511 [1/1] (1.73ns)   --->   "%cnt_10 = add i5 %zext_ln11_172, i5 %zext_ln11_165" [bnn.cpp:11->bnn.cpp:61->bnn.cpp:123]   --->   Operation 511 'add' 'cnt_10' <Predicate = true> <Delay = 1.73> <CoreInst = "Adder">   --->   Core 1 'Adder' <Latency = 0> <II = 1> <Delay = 1.73> <FuncUnit> <Opcode : 'add' 'sub'> <InPorts = 2> <OutPorts = 1>
ST_3 : Operation 512 [1/1] (0.00ns)   --->   "%zext_ln11_188 = zext i2 %add_ln11_89" [bnn.cpp:11->bnn.cpp:61->bnn.cpp:123]   --->   Operation 512 'zext' 'zext_ln11_188' <Predicate = true> <Delay = 0.00>
ST_3 : Operation 513 [1/1] (0.00ns)   --->   "%zext_ln11_189 = zext i2 %add_ln11_90" [bnn.cpp:11->bnn.cpp:61->bnn.cpp:123]   --->   Operation 513 'zext' 'zext_ln11_189' <Predicate = true> <Delay = 0.00>
ST_3 : Operation 514 [1/1] (1.56ns)   --->   "%add_ln11_91 = add i3 %zext_ln11_189, i3 %zext_ln11_188" [bnn.cpp:11->bnn.cpp:61->bnn.cpp:123]   --->   Operation 514 'add' 'add_ln11_91' <Predicate = true> <Delay = 1.56> <CoreInst = "Adder">   --->   Core 1 'Adder' <Latency = 0> <II = 1> <Delay = 1.56> <FuncUnit> <Opcode : 'add' 'sub'> <InPorts = 2> <OutPorts = 1>
ST_3 : Operation 515 [1/1] (0.00ns)   --->   "%zext_ln11_190 = zext i3 %add_ln11_91" [bnn.cpp:11->bnn.cpp:61->bnn.cpp:123]   --->   Operation 515 'zext' 'zext_ln11_190' <Predicate = true> <Delay = 0.00>
ST_3 : Operation 516 [1/1] (0.00ns)   --->   "%zext_ln11_191 = zext i2 %add_ln11_92" [bnn.cpp:11->bnn.cpp:61->bnn.cpp:123]   --->   Operation 516 'zext' 'zext_ln11_191' <Predicate = true> <Delay = 0.00>
ST_3 : Operation 517 [1/1] (0.00ns)   --->   "%zext_ln11_192 = zext i2 %add_ln11_93" [bnn.cpp:11->bnn.cpp:61->bnn.cpp:123]   --->   Operation 517 'zext' 'zext_ln11_192' <Predicate = true> <Delay = 0.00>
ST_3 : Operation 518 [1/1] (1.56ns)   --->   "%add_ln11_94 = add i3 %zext_ln11_192, i3 %zext_ln11_191" [bnn.cpp:11->bnn.cpp:61->bnn.cpp:123]   --->   Operation 518 'add' 'add_ln11_94' <Predicate = true> <Delay = 1.56> <CoreInst = "Adder">   --->   Core 1 'Adder' <Latency = 0> <II = 1> <Delay = 1.56> <FuncUnit> <Opcode : 'add' 'sub'> <InPorts = 2> <OutPorts = 1>
ST_3 : Operation 519 [1/1] (0.00ns)   --->   "%zext_ln11_193 = zext i3 %add_ln11_94" [bnn.cpp:11->bnn.cpp:61->bnn.cpp:123]   --->   Operation 519 'zext' 'zext_ln11_193' <Predicate = true> <Delay = 0.00>
ST_3 : Operation 520 [1/1] (1.65ns)   --->   "%add_ln11_95 = add i4 %zext_ln11_193, i4 %zext_ln11_190" [bnn.cpp:11->bnn.cpp:61->bnn.cpp:123]   --->   Operation 520 'add' 'add_ln11_95' <Predicate = true> <Delay = 1.65> <CoreInst = "Adder">   --->   Core 1 'Adder' <Latency = 0> <II = 1> <Delay = 1.65> <FuncUnit> <Opcode : 'add' 'sub'> <InPorts = 2> <OutPorts = 1>
ST_3 : Operation 521 [1/1] (0.00ns)   --->   "%zext_ln11_194 = zext i4 %add_ln11_95" [bnn.cpp:11->bnn.cpp:61->bnn.cpp:123]   --->   Operation 521 'zext' 'zext_ln11_194' <Predicate = true> <Delay = 0.00>
ST_3 : Operation 522 [1/1] (0.00ns)   --->   "%zext_ln11_195 = zext i2 %add_ln11_96" [bnn.cpp:11->bnn.cpp:61->bnn.cpp:123]   --->   Operation 522 'zext' 'zext_ln11_195' <Predicate = true> <Delay = 0.00>
ST_3 : Operation 523 [1/1] (0.00ns)   --->   "%zext_ln11_196 = zext i2 %add_ln11_97" [bnn.cpp:11->bnn.cpp:61->bnn.cpp:123]   --->   Operation 523 'zext' 'zext_ln11_196' <Predicate = true> <Delay = 0.00>
ST_3 : Operation 524 [1/1] (1.56ns)   --->   "%add_ln11_98 = add i3 %zext_ln11_196, i3 %zext_ln11_195" [bnn.cpp:11->bnn.cpp:61->bnn.cpp:123]   --->   Operation 524 'add' 'add_ln11_98' <Predicate = true> <Delay = 1.56> <CoreInst = "Adder">   --->   Core 1 'Adder' <Latency = 0> <II = 1> <Delay = 1.56> <FuncUnit> <Opcode : 'add' 'sub'> <InPorts = 2> <OutPorts = 1>
ST_3 : Operation 525 [1/1] (0.00ns)   --->   "%zext_ln11_197 = zext i3 %add_ln11_98" [bnn.cpp:11->bnn.cpp:61->bnn.cpp:123]   --->   Operation 525 'zext' 'zext_ln11_197' <Predicate = true> <Delay = 0.00>
ST_3 : Operation 526 [1/1] (0.00ns)   --->   "%zext_ln11_198 = zext i2 %add_ln11_99" [bnn.cpp:11->bnn.cpp:61->bnn.cpp:123]   --->   Operation 526 'zext' 'zext_ln11_198' <Predicate = true> <Delay = 0.00>
ST_3 : Operation 527 [1/1] (0.00ns)   --->   "%zext_ln11_199 = zext i2 %add_ln11_100" [bnn.cpp:11->bnn.cpp:61->bnn.cpp:123]   --->   Operation 527 'zext' 'zext_ln11_199' <Predicate = true> <Delay = 0.00>
ST_3 : Operation 528 [1/1] (1.56ns)   --->   "%add_ln11_101 = add i3 %zext_ln11_199, i3 %zext_ln11_198" [bnn.cpp:11->bnn.cpp:61->bnn.cpp:123]   --->   Operation 528 'add' 'add_ln11_101' <Predicate = true> <Delay = 1.56> <CoreInst = "Adder">   --->   Core 1 'Adder' <Latency = 0> <II = 1> <Delay = 1.56> <FuncUnit> <Opcode : 'add' 'sub'> <InPorts = 2> <OutPorts = 1>
ST_3 : Operation 529 [1/1] (0.00ns)   --->   "%zext_ln11_200 = zext i3 %add_ln11_101" [bnn.cpp:11->bnn.cpp:61->bnn.cpp:123]   --->   Operation 529 'zext' 'zext_ln11_200' <Predicate = true> <Delay = 0.00>
ST_3 : Operation 530 [1/1] (1.65ns)   --->   "%add_ln11_102 = add i4 %zext_ln11_200, i4 %zext_ln11_197" [bnn.cpp:11->bnn.cpp:61->bnn.cpp:123]   --->   Operation 530 'add' 'add_ln11_102' <Predicate = true> <Delay = 1.65> <CoreInst = "Adder">   --->   Core 1 'Adder' <Latency = 0> <II = 1> <Delay = 1.65> <FuncUnit> <Opcode : 'add' 'sub'> <InPorts = 2> <OutPorts = 1>
ST_3 : Operation 531 [1/1] (0.00ns)   --->   "%zext_ln11_201 = zext i4 %add_ln11_102" [bnn.cpp:11->bnn.cpp:61->bnn.cpp:123]   --->   Operation 531 'zext' 'zext_ln11_201' <Predicate = true> <Delay = 0.00>
ST_3 : Operation 532 [1/1] (1.73ns)   --->   "%cnt_12 = add i5 %zext_ln11_201, i5 %zext_ln11_194" [bnn.cpp:11->bnn.cpp:61->bnn.cpp:123]   --->   Operation 532 'add' 'cnt_12' <Predicate = true> <Delay = 1.73> <CoreInst = "Adder">   --->   Core 1 'Adder' <Latency = 0> <II = 1> <Delay = 1.73> <FuncUnit> <Opcode : 'add' 'sub'> <InPorts = 2> <OutPorts = 1>
ST_3 : Operation 533 [1/1] (0.00ns)   --->   "%zext_ln11_217 = zext i2 %add_ln11_104" [bnn.cpp:11->bnn.cpp:61->bnn.cpp:123]   --->   Operation 533 'zext' 'zext_ln11_217' <Predicate = true> <Delay = 0.00>
ST_3 : Operation 534 [1/1] (0.00ns)   --->   "%zext_ln11_218 = zext i2 %add_ln11_105" [bnn.cpp:11->bnn.cpp:61->bnn.cpp:123]   --->   Operation 534 'zext' 'zext_ln11_218' <Predicate = true> <Delay = 0.00>
ST_3 : Operation 535 [1/1] (1.56ns)   --->   "%add_ln11_106 = add i3 %zext_ln11_218, i3 %zext_ln11_217" [bnn.cpp:11->bnn.cpp:61->bnn.cpp:123]   --->   Operation 535 'add' 'add_ln11_106' <Predicate = true> <Delay = 1.56> <CoreInst = "Adder">   --->   Core 1 'Adder' <Latency = 0> <II = 1> <Delay = 1.56> <FuncUnit> <Opcode : 'add' 'sub'> <InPorts = 2> <OutPorts = 1>
ST_3 : Operation 536 [1/1] (0.00ns)   --->   "%zext_ln11_219 = zext i3 %add_ln11_106" [bnn.cpp:11->bnn.cpp:61->bnn.cpp:123]   --->   Operation 536 'zext' 'zext_ln11_219' <Predicate = true> <Delay = 0.00>
ST_3 : Operation 537 [1/1] (0.00ns)   --->   "%zext_ln11_220 = zext i2 %add_ln11_107" [bnn.cpp:11->bnn.cpp:61->bnn.cpp:123]   --->   Operation 537 'zext' 'zext_ln11_220' <Predicate = true> <Delay = 0.00>
ST_3 : Operation 538 [1/1] (0.00ns)   --->   "%zext_ln11_221 = zext i2 %add_ln11_108" [bnn.cpp:11->bnn.cpp:61->bnn.cpp:123]   --->   Operation 538 'zext' 'zext_ln11_221' <Predicate = true> <Delay = 0.00>
ST_3 : Operation 539 [1/1] (1.56ns)   --->   "%add_ln11_109 = add i3 %zext_ln11_221, i3 %zext_ln11_220" [bnn.cpp:11->bnn.cpp:61->bnn.cpp:123]   --->   Operation 539 'add' 'add_ln11_109' <Predicate = true> <Delay = 1.56> <CoreInst = "Adder">   --->   Core 1 'Adder' <Latency = 0> <II = 1> <Delay = 1.56> <FuncUnit> <Opcode : 'add' 'sub'> <InPorts = 2> <OutPorts = 1>
ST_3 : Operation 540 [1/1] (0.00ns)   --->   "%zext_ln11_222 = zext i3 %add_ln11_109" [bnn.cpp:11->bnn.cpp:61->bnn.cpp:123]   --->   Operation 540 'zext' 'zext_ln11_222' <Predicate = true> <Delay = 0.00>
ST_3 : Operation 541 [1/1] (1.65ns)   --->   "%add_ln11_110 = add i4 %zext_ln11_222, i4 %zext_ln11_219" [bnn.cpp:11->bnn.cpp:61->bnn.cpp:123]   --->   Operation 541 'add' 'add_ln11_110' <Predicate = true> <Delay = 1.65> <CoreInst = "Adder">   --->   Core 1 'Adder' <Latency = 0> <II = 1> <Delay = 1.65> <FuncUnit> <Opcode : 'add' 'sub'> <InPorts = 2> <OutPorts = 1>
ST_3 : Operation 542 [1/1] (0.00ns)   --->   "%zext_ln11_223 = zext i4 %add_ln11_110" [bnn.cpp:11->bnn.cpp:61->bnn.cpp:123]   --->   Operation 542 'zext' 'zext_ln11_223' <Predicate = true> <Delay = 0.00>
ST_3 : Operation 543 [1/1] (0.00ns)   --->   "%zext_ln11_224 = zext i2 %add_ln11_111" [bnn.cpp:11->bnn.cpp:61->bnn.cpp:123]   --->   Operation 543 'zext' 'zext_ln11_224' <Predicate = true> <Delay = 0.00>
ST_3 : Operation 544 [1/1] (0.00ns)   --->   "%zext_ln11_225 = zext i2 %add_ln11_112" [bnn.cpp:11->bnn.cpp:61->bnn.cpp:123]   --->   Operation 544 'zext' 'zext_ln11_225' <Predicate = true> <Delay = 0.00>
ST_3 : Operation 545 [1/1] (1.56ns)   --->   "%add_ln11_113 = add i3 %zext_ln11_225, i3 %zext_ln11_224" [bnn.cpp:11->bnn.cpp:61->bnn.cpp:123]   --->   Operation 545 'add' 'add_ln11_113' <Predicate = true> <Delay = 1.56> <CoreInst = "Adder">   --->   Core 1 'Adder' <Latency = 0> <II = 1> <Delay = 1.56> <FuncUnit> <Opcode : 'add' 'sub'> <InPorts = 2> <OutPorts = 1>
ST_3 : Operation 546 [1/1] (0.00ns)   --->   "%zext_ln11_226 = zext i3 %add_ln11_113" [bnn.cpp:11->bnn.cpp:61->bnn.cpp:123]   --->   Operation 546 'zext' 'zext_ln11_226' <Predicate = true> <Delay = 0.00>
ST_3 : Operation 547 [1/1] (0.00ns)   --->   "%zext_ln11_227 = zext i2 %add_ln11_114" [bnn.cpp:11->bnn.cpp:61->bnn.cpp:123]   --->   Operation 547 'zext' 'zext_ln11_227' <Predicate = true> <Delay = 0.00>
ST_3 : Operation 548 [1/1] (0.00ns)   --->   "%zext_ln11_228 = zext i2 %add_ln11_115" [bnn.cpp:11->bnn.cpp:61->bnn.cpp:123]   --->   Operation 548 'zext' 'zext_ln11_228' <Predicate = true> <Delay = 0.00>
ST_3 : Operation 549 [1/1] (1.56ns)   --->   "%add_ln11_116 = add i3 %zext_ln11_228, i3 %zext_ln11_227" [bnn.cpp:11->bnn.cpp:61->bnn.cpp:123]   --->   Operation 549 'add' 'add_ln11_116' <Predicate = true> <Delay = 1.56> <CoreInst = "Adder">   --->   Core 1 'Adder' <Latency = 0> <II = 1> <Delay = 1.56> <FuncUnit> <Opcode : 'add' 'sub'> <InPorts = 2> <OutPorts = 1>
ST_3 : Operation 550 [1/1] (0.00ns)   --->   "%zext_ln11_229 = zext i3 %add_ln11_116" [bnn.cpp:11->bnn.cpp:61->bnn.cpp:123]   --->   Operation 550 'zext' 'zext_ln11_229' <Predicate = true> <Delay = 0.00>
ST_3 : Operation 551 [1/1] (1.65ns)   --->   "%add_ln11_117 = add i4 %zext_ln11_229, i4 %zext_ln11_226" [bnn.cpp:11->bnn.cpp:61->bnn.cpp:123]   --->   Operation 551 'add' 'add_ln11_117' <Predicate = true> <Delay = 1.65> <CoreInst = "Adder">   --->   Core 1 'Adder' <Latency = 0> <II = 1> <Delay = 1.65> <FuncUnit> <Opcode : 'add' 'sub'> <InPorts = 2> <OutPorts = 1>
ST_3 : Operation 552 [1/1] (0.00ns)   --->   "%zext_ln11_230 = zext i4 %add_ln11_117" [bnn.cpp:11->bnn.cpp:61->bnn.cpp:123]   --->   Operation 552 'zext' 'zext_ln11_230' <Predicate = true> <Delay = 0.00>
ST_3 : Operation 553 [1/1] (1.73ns)   --->   "%cnt_14 = add i5 %zext_ln11_230, i5 %zext_ln11_223" [bnn.cpp:11->bnn.cpp:61->bnn.cpp:123]   --->   Operation 553 'add' 'cnt_14' <Predicate = true> <Delay = 1.73> <CoreInst = "Adder">   --->   Core 1 'Adder' <Latency = 0> <II = 1> <Delay = 1.73> <FuncUnit> <Opcode : 'add' 'sub'> <InPorts = 2> <OutPorts = 1>
ST_3 : Operation 554 [1/1] (0.00ns)   --->   "%zext_ln11_246 = zext i2 %add_ln11_119" [bnn.cpp:11->bnn.cpp:61->bnn.cpp:123]   --->   Operation 554 'zext' 'zext_ln11_246' <Predicate = true> <Delay = 0.00>
ST_3 : Operation 555 [1/1] (0.00ns)   --->   "%zext_ln11_247 = zext i2 %add_ln11_120" [bnn.cpp:11->bnn.cpp:61->bnn.cpp:123]   --->   Operation 555 'zext' 'zext_ln11_247' <Predicate = true> <Delay = 0.00>
ST_3 : Operation 556 [1/1] (1.56ns)   --->   "%add_ln11_121 = add i3 %zext_ln11_247, i3 %zext_ln11_246" [bnn.cpp:11->bnn.cpp:61->bnn.cpp:123]   --->   Operation 556 'add' 'add_ln11_121' <Predicate = true> <Delay = 1.56> <CoreInst = "Adder">   --->   Core 1 'Adder' <Latency = 0> <II = 1> <Delay = 1.56> <FuncUnit> <Opcode : 'add' 'sub'> <InPorts = 2> <OutPorts = 1>
ST_3 : Operation 557 [1/1] (0.00ns)   --->   "%zext_ln11_248 = zext i3 %add_ln11_121" [bnn.cpp:11->bnn.cpp:61->bnn.cpp:123]   --->   Operation 557 'zext' 'zext_ln11_248' <Predicate = true> <Delay = 0.00>
ST_3 : Operation 558 [1/1] (0.00ns)   --->   "%zext_ln11_249 = zext i2 %add_ln11_122" [bnn.cpp:11->bnn.cpp:61->bnn.cpp:123]   --->   Operation 558 'zext' 'zext_ln11_249' <Predicate = true> <Delay = 0.00>
ST_3 : Operation 559 [1/1] (0.00ns)   --->   "%zext_ln11_250 = zext i2 %add_ln11_123" [bnn.cpp:11->bnn.cpp:61->bnn.cpp:123]   --->   Operation 559 'zext' 'zext_ln11_250' <Predicate = true> <Delay = 0.00>
ST_3 : Operation 560 [1/1] (1.56ns)   --->   "%add_ln11_124 = add i3 %zext_ln11_250, i3 %zext_ln11_249" [bnn.cpp:11->bnn.cpp:61->bnn.cpp:123]   --->   Operation 560 'add' 'add_ln11_124' <Predicate = true> <Delay = 1.56> <CoreInst = "Adder">   --->   Core 1 'Adder' <Latency = 0> <II = 1> <Delay = 1.56> <FuncUnit> <Opcode : 'add' 'sub'> <InPorts = 2> <OutPorts = 1>
ST_3 : Operation 561 [1/1] (0.00ns)   --->   "%zext_ln11_251 = zext i3 %add_ln11_124" [bnn.cpp:11->bnn.cpp:61->bnn.cpp:123]   --->   Operation 561 'zext' 'zext_ln11_251' <Predicate = true> <Delay = 0.00>
ST_3 : Operation 562 [1/1] (1.65ns)   --->   "%add_ln11_125 = add i4 %zext_ln11_251, i4 %zext_ln11_248" [bnn.cpp:11->bnn.cpp:61->bnn.cpp:123]   --->   Operation 562 'add' 'add_ln11_125' <Predicate = true> <Delay = 1.65> <CoreInst = "Adder">   --->   Core 1 'Adder' <Latency = 0> <II = 1> <Delay = 1.65> <FuncUnit> <Opcode : 'add' 'sub'> <InPorts = 2> <OutPorts = 1>
ST_3 : Operation 563 [1/1] (0.00ns)   --->   "%zext_ln11_252 = zext i4 %add_ln11_125" [bnn.cpp:11->bnn.cpp:61->bnn.cpp:123]   --->   Operation 563 'zext' 'zext_ln11_252' <Predicate = true> <Delay = 0.00>
ST_3 : Operation 564 [1/1] (0.00ns)   --->   "%zext_ln11_253 = zext i2 %add_ln11_126" [bnn.cpp:11->bnn.cpp:61->bnn.cpp:123]   --->   Operation 564 'zext' 'zext_ln11_253' <Predicate = true> <Delay = 0.00>
ST_3 : Operation 565 [1/1] (0.00ns)   --->   "%zext_ln11_254 = zext i2 %add_ln11_127" [bnn.cpp:11->bnn.cpp:61->bnn.cpp:123]   --->   Operation 565 'zext' 'zext_ln11_254' <Predicate = true> <Delay = 0.00>
ST_3 : Operation 566 [1/1] (1.56ns)   --->   "%add_ln11_128 = add i3 %zext_ln11_254, i3 %zext_ln11_253" [bnn.cpp:11->bnn.cpp:61->bnn.cpp:123]   --->   Operation 566 'add' 'add_ln11_128' <Predicate = true> <Delay = 1.56> <CoreInst = "Adder">   --->   Core 1 'Adder' <Latency = 0> <II = 1> <Delay = 1.56> <FuncUnit> <Opcode : 'add' 'sub'> <InPorts = 2> <OutPorts = 1>
ST_3 : Operation 567 [1/1] (0.00ns)   --->   "%zext_ln11_255 = zext i3 %add_ln11_128" [bnn.cpp:11->bnn.cpp:61->bnn.cpp:123]   --->   Operation 567 'zext' 'zext_ln11_255' <Predicate = true> <Delay = 0.00>
ST_3 : Operation 568 [1/1] (0.00ns)   --->   "%zext_ln11_256 = zext i2 %add_ln11_129" [bnn.cpp:11->bnn.cpp:61->bnn.cpp:123]   --->   Operation 568 'zext' 'zext_ln11_256' <Predicate = true> <Delay = 0.00>
ST_3 : Operation 569 [1/1] (0.00ns)   --->   "%zext_ln11_257 = zext i2 %add_ln11_130" [bnn.cpp:11->bnn.cpp:61->bnn.cpp:123]   --->   Operation 569 'zext' 'zext_ln11_257' <Predicate = true> <Delay = 0.00>
ST_3 : Operation 570 [1/1] (1.56ns)   --->   "%add_ln11_131 = add i3 %zext_ln11_257, i3 %zext_ln11_256" [bnn.cpp:11->bnn.cpp:61->bnn.cpp:123]   --->   Operation 570 'add' 'add_ln11_131' <Predicate = true> <Delay = 1.56> <CoreInst = "Adder">   --->   Core 1 'Adder' <Latency = 0> <II = 1> <Delay = 1.56> <FuncUnit> <Opcode : 'add' 'sub'> <InPorts = 2> <OutPorts = 1>
ST_3 : Operation 571 [1/1] (0.00ns)   --->   "%zext_ln11_258 = zext i3 %add_ln11_131" [bnn.cpp:11->bnn.cpp:61->bnn.cpp:123]   --->   Operation 571 'zext' 'zext_ln11_258' <Predicate = true> <Delay = 0.00>
ST_3 : Operation 572 [1/1] (1.65ns)   --->   "%add_ln11_132 = add i4 %zext_ln11_258, i4 %zext_ln11_255" [bnn.cpp:11->bnn.cpp:61->bnn.cpp:123]   --->   Operation 572 'add' 'add_ln11_132' <Predicate = true> <Delay = 1.65> <CoreInst = "Adder">   --->   Core 1 'Adder' <Latency = 0> <II = 1> <Delay = 1.65> <FuncUnit> <Opcode : 'add' 'sub'> <InPorts = 2> <OutPorts = 1>
ST_3 : Operation 573 [1/1] (0.00ns)   --->   "%zext_ln11_259 = zext i4 %add_ln11_132" [bnn.cpp:11->bnn.cpp:61->bnn.cpp:123]   --->   Operation 573 'zext' 'zext_ln11_259' <Predicate = true> <Delay = 0.00>
ST_3 : Operation 574 [1/1] (1.73ns)   --->   "%cnt_16 = add i5 %zext_ln11_259, i5 %zext_ln11_252" [bnn.cpp:11->bnn.cpp:61->bnn.cpp:123]   --->   Operation 574 'add' 'cnt_16' <Predicate = true> <Delay = 1.73> <CoreInst = "Adder">   --->   Core 1 'Adder' <Latency = 0> <II = 1> <Delay = 1.73> <FuncUnit> <Opcode : 'add' 'sub'> <InPorts = 2> <OutPorts = 1>
ST_3 : Operation 575 [1/1] (0.00ns)   --->   "%zext_ln11_275 = zext i2 %add_ln11_134" [bnn.cpp:11->bnn.cpp:61->bnn.cpp:123]   --->   Operation 575 'zext' 'zext_ln11_275' <Predicate = true> <Delay = 0.00>
ST_3 : Operation 576 [1/1] (0.00ns)   --->   "%zext_ln11_276 = zext i2 %add_ln11_135" [bnn.cpp:11->bnn.cpp:61->bnn.cpp:123]   --->   Operation 576 'zext' 'zext_ln11_276' <Predicate = true> <Delay = 0.00>
ST_3 : Operation 577 [1/1] (1.56ns)   --->   "%add_ln11_136 = add i3 %zext_ln11_276, i3 %zext_ln11_275" [bnn.cpp:11->bnn.cpp:61->bnn.cpp:123]   --->   Operation 577 'add' 'add_ln11_136' <Predicate = true> <Delay = 1.56> <CoreInst = "Adder">   --->   Core 1 'Adder' <Latency = 0> <II = 1> <Delay = 1.56> <FuncUnit> <Opcode : 'add' 'sub'> <InPorts = 2> <OutPorts = 1>
ST_3 : Operation 578 [1/1] (0.00ns)   --->   "%zext_ln11_277 = zext i3 %add_ln11_136" [bnn.cpp:11->bnn.cpp:61->bnn.cpp:123]   --->   Operation 578 'zext' 'zext_ln11_277' <Predicate = true> <Delay = 0.00>
ST_3 : Operation 579 [1/1] (0.00ns)   --->   "%zext_ln11_278 = zext i2 %add_ln11_137" [bnn.cpp:11->bnn.cpp:61->bnn.cpp:123]   --->   Operation 579 'zext' 'zext_ln11_278' <Predicate = true> <Delay = 0.00>
ST_3 : Operation 580 [1/1] (0.00ns)   --->   "%zext_ln11_279 = zext i2 %add_ln11_138" [bnn.cpp:11->bnn.cpp:61->bnn.cpp:123]   --->   Operation 580 'zext' 'zext_ln11_279' <Predicate = true> <Delay = 0.00>
ST_3 : Operation 581 [1/1] (1.56ns)   --->   "%add_ln11_139 = add i3 %zext_ln11_279, i3 %zext_ln11_278" [bnn.cpp:11->bnn.cpp:61->bnn.cpp:123]   --->   Operation 581 'add' 'add_ln11_139' <Predicate = true> <Delay = 1.56> <CoreInst = "Adder">   --->   Core 1 'Adder' <Latency = 0> <II = 1> <Delay = 1.56> <FuncUnit> <Opcode : 'add' 'sub'> <InPorts = 2> <OutPorts = 1>
ST_3 : Operation 582 [1/1] (0.00ns)   --->   "%zext_ln11_280 = zext i3 %add_ln11_139" [bnn.cpp:11->bnn.cpp:61->bnn.cpp:123]   --->   Operation 582 'zext' 'zext_ln11_280' <Predicate = true> <Delay = 0.00>
ST_3 : Operation 583 [1/1] (1.65ns)   --->   "%add_ln11_140 = add i4 %zext_ln11_280, i4 %zext_ln11_277" [bnn.cpp:11->bnn.cpp:61->bnn.cpp:123]   --->   Operation 583 'add' 'add_ln11_140' <Predicate = true> <Delay = 1.65> <CoreInst = "Adder">   --->   Core 1 'Adder' <Latency = 0> <II = 1> <Delay = 1.65> <FuncUnit> <Opcode : 'add' 'sub'> <InPorts = 2> <OutPorts = 1>
ST_3 : Operation 584 [1/1] (0.00ns)   --->   "%zext_ln11_281 = zext i4 %add_ln11_140" [bnn.cpp:11->bnn.cpp:61->bnn.cpp:123]   --->   Operation 584 'zext' 'zext_ln11_281' <Predicate = true> <Delay = 0.00>
ST_3 : Operation 585 [1/1] (0.00ns)   --->   "%zext_ln11_282 = zext i2 %add_ln11_141" [bnn.cpp:11->bnn.cpp:61->bnn.cpp:123]   --->   Operation 585 'zext' 'zext_ln11_282' <Predicate = true> <Delay = 0.00>
ST_3 : Operation 586 [1/1] (0.00ns)   --->   "%zext_ln11_283 = zext i2 %add_ln11_142" [bnn.cpp:11->bnn.cpp:61->bnn.cpp:123]   --->   Operation 586 'zext' 'zext_ln11_283' <Predicate = true> <Delay = 0.00>
ST_3 : Operation 587 [1/1] (1.56ns)   --->   "%add_ln11_143 = add i3 %zext_ln11_283, i3 %zext_ln11_282" [bnn.cpp:11->bnn.cpp:61->bnn.cpp:123]   --->   Operation 587 'add' 'add_ln11_143' <Predicate = true> <Delay = 1.56> <CoreInst = "Adder">   --->   Core 1 'Adder' <Latency = 0> <II = 1> <Delay = 1.56> <FuncUnit> <Opcode : 'add' 'sub'> <InPorts = 2> <OutPorts = 1>
ST_3 : Operation 588 [1/1] (0.00ns)   --->   "%zext_ln11_284 = zext i3 %add_ln11_143" [bnn.cpp:11->bnn.cpp:61->bnn.cpp:123]   --->   Operation 588 'zext' 'zext_ln11_284' <Predicate = true> <Delay = 0.00>
ST_3 : Operation 589 [1/1] (0.00ns)   --->   "%zext_ln11_285 = zext i2 %add_ln11_144" [bnn.cpp:11->bnn.cpp:61->bnn.cpp:123]   --->   Operation 589 'zext' 'zext_ln11_285' <Predicate = true> <Delay = 0.00>
ST_3 : Operation 590 [1/1] (0.00ns)   --->   "%zext_ln11_286 = zext i2 %add_ln11_145" [bnn.cpp:11->bnn.cpp:61->bnn.cpp:123]   --->   Operation 590 'zext' 'zext_ln11_286' <Predicate = true> <Delay = 0.00>
ST_3 : Operation 591 [1/1] (1.56ns)   --->   "%add_ln11_146 = add i3 %zext_ln11_286, i3 %zext_ln11_285" [bnn.cpp:11->bnn.cpp:61->bnn.cpp:123]   --->   Operation 591 'add' 'add_ln11_146' <Predicate = true> <Delay = 1.56> <CoreInst = "Adder">   --->   Core 1 'Adder' <Latency = 0> <II = 1> <Delay = 1.56> <FuncUnit> <Opcode : 'add' 'sub'> <InPorts = 2> <OutPorts = 1>
ST_3 : Operation 592 [1/1] (0.00ns)   --->   "%zext_ln11_287 = zext i3 %add_ln11_146" [bnn.cpp:11->bnn.cpp:61->bnn.cpp:123]   --->   Operation 592 'zext' 'zext_ln11_287' <Predicate = true> <Delay = 0.00>
ST_3 : Operation 593 [1/1] (1.65ns)   --->   "%add_ln11_147 = add i4 %zext_ln11_287, i4 %zext_ln11_284" [bnn.cpp:11->bnn.cpp:61->bnn.cpp:123]   --->   Operation 593 'add' 'add_ln11_147' <Predicate = true> <Delay = 1.65> <CoreInst = "Adder">   --->   Core 1 'Adder' <Latency = 0> <II = 1> <Delay = 1.65> <FuncUnit> <Opcode : 'add' 'sub'> <InPorts = 2> <OutPorts = 1>
ST_3 : Operation 594 [1/1] (0.00ns)   --->   "%zext_ln11_288 = zext i4 %add_ln11_147" [bnn.cpp:11->bnn.cpp:61->bnn.cpp:123]   --->   Operation 594 'zext' 'zext_ln11_288' <Predicate = true> <Delay = 0.00>
ST_3 : Operation 595 [1/1] (1.73ns)   --->   "%cnt_18 = add i5 %zext_ln11_288, i5 %zext_ln11_281" [bnn.cpp:11->bnn.cpp:61->bnn.cpp:123]   --->   Operation 595 'add' 'cnt_18' <Predicate = true> <Delay = 1.73> <CoreInst = "Adder">   --->   Core 1 'Adder' <Latency = 0> <II = 1> <Delay = 1.73> <FuncUnit> <Opcode : 'add' 'sub'> <InPorts = 2> <OutPorts = 1>
ST_3 : Operation 596 [1/1] (0.00ns)   --->   "%zext_ln11_304 = zext i2 %add_ln11_149" [bnn.cpp:11->bnn.cpp:61->bnn.cpp:123]   --->   Operation 596 'zext' 'zext_ln11_304' <Predicate = true> <Delay = 0.00>
ST_3 : Operation 597 [1/1] (0.00ns)   --->   "%zext_ln11_305 = zext i2 %add_ln11_150" [bnn.cpp:11->bnn.cpp:61->bnn.cpp:123]   --->   Operation 597 'zext' 'zext_ln11_305' <Predicate = true> <Delay = 0.00>
ST_3 : Operation 598 [1/1] (1.56ns)   --->   "%add_ln11_151 = add i3 %zext_ln11_305, i3 %zext_ln11_304" [bnn.cpp:11->bnn.cpp:61->bnn.cpp:123]   --->   Operation 598 'add' 'add_ln11_151' <Predicate = true> <Delay = 1.56> <CoreInst = "Adder">   --->   Core 1 'Adder' <Latency = 0> <II = 1> <Delay = 1.56> <FuncUnit> <Opcode : 'add' 'sub'> <InPorts = 2> <OutPorts = 1>
ST_3 : Operation 599 [1/1] (0.00ns)   --->   "%zext_ln11_306 = zext i3 %add_ln11_151" [bnn.cpp:11->bnn.cpp:61->bnn.cpp:123]   --->   Operation 599 'zext' 'zext_ln11_306' <Predicate = true> <Delay = 0.00>
ST_3 : Operation 600 [1/1] (0.00ns)   --->   "%zext_ln11_307 = zext i2 %add_ln11_152" [bnn.cpp:11->bnn.cpp:61->bnn.cpp:123]   --->   Operation 600 'zext' 'zext_ln11_307' <Predicate = true> <Delay = 0.00>
ST_3 : Operation 601 [1/1] (0.00ns)   --->   "%zext_ln11_308 = zext i2 %add_ln11_153" [bnn.cpp:11->bnn.cpp:61->bnn.cpp:123]   --->   Operation 601 'zext' 'zext_ln11_308' <Predicate = true> <Delay = 0.00>
ST_3 : Operation 602 [1/1] (1.56ns)   --->   "%add_ln11_154 = add i3 %zext_ln11_308, i3 %zext_ln11_307" [bnn.cpp:11->bnn.cpp:61->bnn.cpp:123]   --->   Operation 602 'add' 'add_ln11_154' <Predicate = true> <Delay = 1.56> <CoreInst = "Adder">   --->   Core 1 'Adder' <Latency = 0> <II = 1> <Delay = 1.56> <FuncUnit> <Opcode : 'add' 'sub'> <InPorts = 2> <OutPorts = 1>
ST_3 : Operation 603 [1/1] (0.00ns)   --->   "%zext_ln11_309 = zext i3 %add_ln11_154" [bnn.cpp:11->bnn.cpp:61->bnn.cpp:123]   --->   Operation 603 'zext' 'zext_ln11_309' <Predicate = true> <Delay = 0.00>
ST_3 : Operation 604 [1/1] (1.65ns)   --->   "%add_ln11_155 = add i4 %zext_ln11_309, i4 %zext_ln11_306" [bnn.cpp:11->bnn.cpp:61->bnn.cpp:123]   --->   Operation 604 'add' 'add_ln11_155' <Predicate = true> <Delay = 1.65> <CoreInst = "Adder">   --->   Core 1 'Adder' <Latency = 0> <II = 1> <Delay = 1.65> <FuncUnit> <Opcode : 'add' 'sub'> <InPorts = 2> <OutPorts = 1>
ST_3 : Operation 605 [1/1] (0.00ns)   --->   "%zext_ln11_310 = zext i4 %add_ln11_155" [bnn.cpp:11->bnn.cpp:61->bnn.cpp:123]   --->   Operation 605 'zext' 'zext_ln11_310' <Predicate = true> <Delay = 0.00>
ST_3 : Operation 606 [1/1] (0.00ns)   --->   "%zext_ln11_311 = zext i2 %add_ln11_156" [bnn.cpp:11->bnn.cpp:61->bnn.cpp:123]   --->   Operation 606 'zext' 'zext_ln11_311' <Predicate = true> <Delay = 0.00>
ST_3 : Operation 607 [1/1] (0.00ns)   --->   "%zext_ln11_312 = zext i2 %add_ln11_157" [bnn.cpp:11->bnn.cpp:61->bnn.cpp:123]   --->   Operation 607 'zext' 'zext_ln11_312' <Predicate = true> <Delay = 0.00>
ST_3 : Operation 608 [1/1] (1.56ns)   --->   "%add_ln11_158 = add i3 %zext_ln11_312, i3 %zext_ln11_311" [bnn.cpp:11->bnn.cpp:61->bnn.cpp:123]   --->   Operation 608 'add' 'add_ln11_158' <Predicate = true> <Delay = 1.56> <CoreInst = "Adder">   --->   Core 1 'Adder' <Latency = 0> <II = 1> <Delay = 1.56> <FuncUnit> <Opcode : 'add' 'sub'> <InPorts = 2> <OutPorts = 1>
ST_3 : Operation 609 [1/1] (0.00ns)   --->   "%zext_ln11_313 = zext i3 %add_ln11_158" [bnn.cpp:11->bnn.cpp:61->bnn.cpp:123]   --->   Operation 609 'zext' 'zext_ln11_313' <Predicate = true> <Delay = 0.00>
ST_3 : Operation 610 [1/1] (0.00ns)   --->   "%zext_ln11_314 = zext i2 %add_ln11_159" [bnn.cpp:11->bnn.cpp:61->bnn.cpp:123]   --->   Operation 610 'zext' 'zext_ln11_314' <Predicate = true> <Delay = 0.00>
ST_3 : Operation 611 [1/1] (0.00ns)   --->   "%zext_ln11_315 = zext i2 %add_ln11_160" [bnn.cpp:11->bnn.cpp:61->bnn.cpp:123]   --->   Operation 611 'zext' 'zext_ln11_315' <Predicate = true> <Delay = 0.00>
ST_3 : Operation 612 [1/1] (1.56ns)   --->   "%add_ln11_161 = add i3 %zext_ln11_315, i3 %zext_ln11_314" [bnn.cpp:11->bnn.cpp:61->bnn.cpp:123]   --->   Operation 612 'add' 'add_ln11_161' <Predicate = true> <Delay = 1.56> <CoreInst = "Adder">   --->   Core 1 'Adder' <Latency = 0> <II = 1> <Delay = 1.56> <FuncUnit> <Opcode : 'add' 'sub'> <InPorts = 2> <OutPorts = 1>
ST_3 : Operation 613 [1/1] (0.00ns)   --->   "%zext_ln11_316 = zext i3 %add_ln11_161" [bnn.cpp:11->bnn.cpp:61->bnn.cpp:123]   --->   Operation 613 'zext' 'zext_ln11_316' <Predicate = true> <Delay = 0.00>
ST_3 : Operation 614 [1/1] (1.65ns)   --->   "%add_ln11_162 = add i4 %zext_ln11_316, i4 %zext_ln11_313" [bnn.cpp:11->bnn.cpp:61->bnn.cpp:123]   --->   Operation 614 'add' 'add_ln11_162' <Predicate = true> <Delay = 1.65> <CoreInst = "Adder">   --->   Core 1 'Adder' <Latency = 0> <II = 1> <Delay = 1.65> <FuncUnit> <Opcode : 'add' 'sub'> <InPorts = 2> <OutPorts = 1>
ST_3 : Operation 615 [1/1] (0.00ns)   --->   "%zext_ln11_317 = zext i4 %add_ln11_162" [bnn.cpp:11->bnn.cpp:61->bnn.cpp:123]   --->   Operation 615 'zext' 'zext_ln11_317' <Predicate = true> <Delay = 0.00>
ST_3 : Operation 616 [1/1] (1.73ns)   --->   "%cnt_20 = add i5 %zext_ln11_317, i5 %zext_ln11_310" [bnn.cpp:11->bnn.cpp:61->bnn.cpp:123]   --->   Operation 616 'add' 'cnt_20' <Predicate = true> <Delay = 1.73> <CoreInst = "Adder">   --->   Core 1 'Adder' <Latency = 0> <II = 1> <Delay = 1.73> <FuncUnit> <Opcode : 'add' 'sub'> <InPorts = 2> <OutPorts = 1>
ST_3 : Operation 617 [1/1] (0.00ns)   --->   "%zext_ln11_333 = zext i2 %add_ln11_164" [bnn.cpp:11->bnn.cpp:61->bnn.cpp:123]   --->   Operation 617 'zext' 'zext_ln11_333' <Predicate = true> <Delay = 0.00>
ST_3 : Operation 618 [1/1] (0.00ns)   --->   "%zext_ln11_334 = zext i2 %add_ln11_165" [bnn.cpp:11->bnn.cpp:61->bnn.cpp:123]   --->   Operation 618 'zext' 'zext_ln11_334' <Predicate = true> <Delay = 0.00>
ST_3 : Operation 619 [1/1] (1.56ns)   --->   "%add_ln11_166 = add i3 %zext_ln11_334, i3 %zext_ln11_333" [bnn.cpp:11->bnn.cpp:61->bnn.cpp:123]   --->   Operation 619 'add' 'add_ln11_166' <Predicate = true> <Delay = 1.56> <CoreInst = "Adder">   --->   Core 1 'Adder' <Latency = 0> <II = 1> <Delay = 1.56> <FuncUnit> <Opcode : 'add' 'sub'> <InPorts = 2> <OutPorts = 1>
ST_3 : Operation 620 [1/1] (0.00ns)   --->   "%zext_ln11_335 = zext i3 %add_ln11_166" [bnn.cpp:11->bnn.cpp:61->bnn.cpp:123]   --->   Operation 620 'zext' 'zext_ln11_335' <Predicate = true> <Delay = 0.00>
ST_3 : Operation 621 [1/1] (0.00ns)   --->   "%zext_ln11_336 = zext i2 %add_ln11_167" [bnn.cpp:11->bnn.cpp:61->bnn.cpp:123]   --->   Operation 621 'zext' 'zext_ln11_336' <Predicate = true> <Delay = 0.00>
ST_3 : Operation 622 [1/1] (0.00ns)   --->   "%zext_ln11_337 = zext i2 %add_ln11_168" [bnn.cpp:11->bnn.cpp:61->bnn.cpp:123]   --->   Operation 622 'zext' 'zext_ln11_337' <Predicate = true> <Delay = 0.00>
ST_3 : Operation 623 [1/1] (1.56ns)   --->   "%add_ln11_169 = add i3 %zext_ln11_337, i3 %zext_ln11_336" [bnn.cpp:11->bnn.cpp:61->bnn.cpp:123]   --->   Operation 623 'add' 'add_ln11_169' <Predicate = true> <Delay = 1.56> <CoreInst = "Adder">   --->   Core 1 'Adder' <Latency = 0> <II = 1> <Delay = 1.56> <FuncUnit> <Opcode : 'add' 'sub'> <InPorts = 2> <OutPorts = 1>
ST_3 : Operation 624 [1/1] (0.00ns)   --->   "%zext_ln11_338 = zext i3 %add_ln11_169" [bnn.cpp:11->bnn.cpp:61->bnn.cpp:123]   --->   Operation 624 'zext' 'zext_ln11_338' <Predicate = true> <Delay = 0.00>
ST_3 : Operation 625 [1/1] (1.65ns)   --->   "%add_ln11_170 = add i4 %zext_ln11_338, i4 %zext_ln11_335" [bnn.cpp:11->bnn.cpp:61->bnn.cpp:123]   --->   Operation 625 'add' 'add_ln11_170' <Predicate = true> <Delay = 1.65> <CoreInst = "Adder">   --->   Core 1 'Adder' <Latency = 0> <II = 1> <Delay = 1.65> <FuncUnit> <Opcode : 'add' 'sub'> <InPorts = 2> <OutPorts = 1>
ST_3 : Operation 626 [1/1] (0.00ns)   --->   "%zext_ln11_339 = zext i4 %add_ln11_170" [bnn.cpp:11->bnn.cpp:61->bnn.cpp:123]   --->   Operation 626 'zext' 'zext_ln11_339' <Predicate = true> <Delay = 0.00>
ST_3 : Operation 627 [1/1] (0.00ns)   --->   "%zext_ln11_340 = zext i2 %add_ln11_171" [bnn.cpp:11->bnn.cpp:61->bnn.cpp:123]   --->   Operation 627 'zext' 'zext_ln11_340' <Predicate = true> <Delay = 0.00>
ST_3 : Operation 628 [1/1] (0.00ns)   --->   "%zext_ln11_341 = zext i2 %add_ln11_172" [bnn.cpp:11->bnn.cpp:61->bnn.cpp:123]   --->   Operation 628 'zext' 'zext_ln11_341' <Predicate = true> <Delay = 0.00>
ST_3 : Operation 629 [1/1] (1.56ns)   --->   "%add_ln11_173 = add i3 %zext_ln11_341, i3 %zext_ln11_340" [bnn.cpp:11->bnn.cpp:61->bnn.cpp:123]   --->   Operation 629 'add' 'add_ln11_173' <Predicate = true> <Delay = 1.56> <CoreInst = "Adder">   --->   Core 1 'Adder' <Latency = 0> <II = 1> <Delay = 1.56> <FuncUnit> <Opcode : 'add' 'sub'> <InPorts = 2> <OutPorts = 1>
ST_3 : Operation 630 [1/1] (0.00ns)   --->   "%zext_ln11_342 = zext i3 %add_ln11_173" [bnn.cpp:11->bnn.cpp:61->bnn.cpp:123]   --->   Operation 630 'zext' 'zext_ln11_342' <Predicate = true> <Delay = 0.00>
ST_3 : Operation 631 [1/1] (0.00ns)   --->   "%zext_ln11_343 = zext i2 %add_ln11_174" [bnn.cpp:11->bnn.cpp:61->bnn.cpp:123]   --->   Operation 631 'zext' 'zext_ln11_343' <Predicate = true> <Delay = 0.00>
ST_3 : Operation 632 [1/1] (0.00ns)   --->   "%zext_ln11_344 = zext i2 %add_ln11_175" [bnn.cpp:11->bnn.cpp:61->bnn.cpp:123]   --->   Operation 632 'zext' 'zext_ln11_344' <Predicate = true> <Delay = 0.00>
ST_3 : Operation 633 [1/1] (1.56ns)   --->   "%add_ln11_176 = add i3 %zext_ln11_344, i3 %zext_ln11_343" [bnn.cpp:11->bnn.cpp:61->bnn.cpp:123]   --->   Operation 633 'add' 'add_ln11_176' <Predicate = true> <Delay = 1.56> <CoreInst = "Adder">   --->   Core 1 'Adder' <Latency = 0> <II = 1> <Delay = 1.56> <FuncUnit> <Opcode : 'add' 'sub'> <InPorts = 2> <OutPorts = 1>
ST_3 : Operation 634 [1/1] (0.00ns)   --->   "%zext_ln11_345 = zext i3 %add_ln11_176" [bnn.cpp:11->bnn.cpp:61->bnn.cpp:123]   --->   Operation 634 'zext' 'zext_ln11_345' <Predicate = true> <Delay = 0.00>
ST_3 : Operation 635 [1/1] (1.65ns)   --->   "%add_ln11_177 = add i4 %zext_ln11_345, i4 %zext_ln11_342" [bnn.cpp:11->bnn.cpp:61->bnn.cpp:123]   --->   Operation 635 'add' 'add_ln11_177' <Predicate = true> <Delay = 1.65> <CoreInst = "Adder">   --->   Core 1 'Adder' <Latency = 0> <II = 1> <Delay = 1.65> <FuncUnit> <Opcode : 'add' 'sub'> <InPorts = 2> <OutPorts = 1>
ST_3 : Operation 636 [1/1] (0.00ns)   --->   "%zext_ln11_346 = zext i4 %add_ln11_177" [bnn.cpp:11->bnn.cpp:61->bnn.cpp:123]   --->   Operation 636 'zext' 'zext_ln11_346' <Predicate = true> <Delay = 0.00>
ST_3 : Operation 637 [1/1] (1.73ns)   --->   "%cnt_22 = add i5 %zext_ln11_346, i5 %zext_ln11_339" [bnn.cpp:11->bnn.cpp:61->bnn.cpp:123]   --->   Operation 637 'add' 'cnt_22' <Predicate = true> <Delay = 1.73> <CoreInst = "Adder">   --->   Core 1 'Adder' <Latency = 0> <II = 1> <Delay = 1.73> <FuncUnit> <Opcode : 'add' 'sub'> <InPorts = 2> <OutPorts = 1>
ST_3 : Operation 638 [1/1] (0.00ns)   --->   "%zext_ln61 = zext i5 %cnt_8" [bnn.cpp:61->bnn.cpp:123]   --->   Operation 638 'zext' 'zext_ln61' <Predicate = true> <Delay = 0.00>
ST_3 : Operation 639 [1/1] (0.00ns)   --->   "%zext_ln61_3 = zext i5 %cnt_10" [bnn.cpp:61->bnn.cpp:123]   --->   Operation 639 'zext' 'zext_ln61_3' <Predicate = true> <Delay = 0.00>
ST_3 : Operation 640 [1/1] (0.00ns)   --->   "%zext_ln61_4 = zext i5 %cnt_12" [bnn.cpp:61->bnn.cpp:123]   --->   Operation 640 'zext' 'zext_ln61_4' <Predicate = true> <Delay = 0.00>
ST_3 : Operation 641 [1/1] (0.00ns)   --->   "%zext_ln61_5 = zext i5 %cnt_14" [bnn.cpp:61->bnn.cpp:123]   --->   Operation 641 'zext' 'zext_ln61_5' <Predicate = true> <Delay = 0.00>
ST_3 : Operation 642 [1/1] (0.00ns)   --->   "%zext_ln61_6 = zext i5 %cnt_16" [bnn.cpp:61->bnn.cpp:123]   --->   Operation 642 'zext' 'zext_ln61_6' <Predicate = true> <Delay = 0.00>
ST_3 : Operation 643 [1/1] (0.00ns)   --->   "%zext_ln61_7 = zext i5 %cnt_18" [bnn.cpp:61->bnn.cpp:123]   --->   Operation 643 'zext' 'zext_ln61_7' <Predicate = true> <Delay = 0.00>
ST_3 : Operation 644 [1/1] (0.00ns)   --->   "%zext_ln61_8 = zext i5 %cnt_20" [bnn.cpp:61->bnn.cpp:123]   --->   Operation 644 'zext' 'zext_ln61_8' <Predicate = true> <Delay = 0.00>
ST_3 : Operation 645 [1/1] (0.00ns)   --->   "%zext_ln64 = zext i5 %cnt_22" [bnn.cpp:64->bnn.cpp:123]   --->   Operation 645 'zext' 'zext_ln64' <Predicate = true> <Delay = 0.00>
ST_3 : Operation 646 [1/1] (1.78ns)   --->   "%add_ln64 = add i6 %zext_ln61_3, i6 %zext_ln61" [bnn.cpp:64->bnn.cpp:123]   --->   Operation 646 'add' 'add_ln64' <Predicate = true> <Delay = 1.78> <CoreInst = "Adder">   --->   Core 1 'Adder' <Latency = 0> <II = 1> <Delay = 1.78> <FuncUnit> <Opcode : 'add' 'sub'> <InPorts = 2> <OutPorts = 1>
ST_3 : Operation 647 [1/1] (1.78ns)   --->   "%add_ln64_4 = add i6 %zext_ln61_4, i6 %zext_ln61_5" [bnn.cpp:64->bnn.cpp:123]   --->   Operation 647 'add' 'add_ln64_4' <Predicate = true> <Delay = 1.78> <CoreInst = "Adder">   --->   Core 1 'Adder' <Latency = 0> <II = 1> <Delay = 1.78> <FuncUnit> <Opcode : 'add' 'sub'> <InPorts = 2> <OutPorts = 1>
ST_3 : Operation 648 [1/1] (1.78ns)   --->   "%add_ln64_6 = add i6 %zext_ln61_6, i6 %zext_ln61_7" [bnn.cpp:64->bnn.cpp:123]   --->   Operation 648 'add' 'add_ln64_6' <Predicate = true> <Delay = 1.78> <CoreInst = "Adder">   --->   Core 1 'Adder' <Latency = 0> <II = 1> <Delay = 1.78> <FuncUnit> <Opcode : 'add' 'sub'> <InPorts = 2> <OutPorts = 1>
ST_3 : Operation 649 [1/1] (1.78ns)   --->   "%add_ln64_7 = add i6 %zext_ln61_8, i6 %zext_ln64" [bnn.cpp:64->bnn.cpp:123]   --->   Operation 649 'add' 'add_ln64_7' <Predicate = true> <Delay = 1.78> <CoreInst = "Adder">   --->   Core 1 'Adder' <Latency = 0> <II = 1> <Delay = 1.78> <FuncUnit> <Opcode : 'add' 'sub'> <InPorts = 2> <OutPorts = 1>

State 4 <SV = 3> <Delay = 3.69>
ST_4 : Operation 650 [1/1] (0.00ns)   --->   "%zext_ln64_3 = zext i6 %add_ln64" [bnn.cpp:64->bnn.cpp:123]   --->   Operation 650 'zext' 'zext_ln64_3' <Predicate = true> <Delay = 0.00>
ST_4 : Operation 651 [1/1] (0.00ns)   --->   "%zext_ln64_4 = zext i6 %add_ln64_4" [bnn.cpp:64->bnn.cpp:123]   --->   Operation 651 'zext' 'zext_ln64_4' <Predicate = true> <Delay = 0.00>
ST_4 : Operation 652 [1/1] (1.82ns)   --->   "%add_ln64_5 = add i7 %zext_ln64_4, i7 %zext_ln64_3" [bnn.cpp:64->bnn.cpp:123]   --->   Operation 652 'add' 'add_ln64_5' <Predicate = true> <Delay = 1.82> <CoreInst = "Adder">   --->   Core 1 'Adder' <Latency = 0> <II = 1> <Delay = 1.82> <FuncUnit> <Opcode : 'add' 'sub'> <InPorts = 2> <OutPorts = 1>
ST_4 : Operation 653 [1/1] (0.00ns)   --->   "%zext_ln64_5 = zext i7 %add_ln64_5" [bnn.cpp:64->bnn.cpp:123]   --->   Operation 653 'zext' 'zext_ln64_5' <Predicate = true> <Delay = 0.00>
ST_4 : Operation 654 [1/1] (0.00ns)   --->   "%zext_ln64_6 = zext i6 %add_ln64_6" [bnn.cpp:64->bnn.cpp:123]   --->   Operation 654 'zext' 'zext_ln64_6' <Predicate = true> <Delay = 0.00>
ST_4 : Operation 655 [1/1] (0.00ns)   --->   "%zext_ln64_7 = zext i6 %add_ln64_7" [bnn.cpp:64->bnn.cpp:123]   --->   Operation 655 'zext' 'zext_ln64_7' <Predicate = true> <Delay = 0.00>
ST_4 : Operation 656 [1/1] (1.82ns)   --->   "%add_ln64_8 = add i7 %zext_ln64_7, i7 %zext_ln64_6" [bnn.cpp:64->bnn.cpp:123]   --->   Operation 656 'add' 'add_ln64_8' <Predicate = true> <Delay = 1.82> <CoreInst = "Adder">   --->   Core 1 'Adder' <Latency = 0> <II = 1> <Delay = 1.82> <FuncUnit> <Opcode : 'add' 'sub'> <InPorts = 2> <OutPorts = 1>
ST_4 : Operation 657 [1/1] (0.00ns)   --->   "%zext_ln64_8 = zext i7 %add_ln64_8" [bnn.cpp:64->bnn.cpp:123]   --->   Operation 657 'zext' 'zext_ln64_8' <Predicate = true> <Delay = 0.00>
ST_4 : Operation 658 [1/1] (1.87ns)   --->   "%add_ln64_2 = add i8 %zext_ln64_8, i8 %zext_ln64_5" [bnn.cpp:64->bnn.cpp:123]   --->   Operation 658 'add' 'add_ln64_2' <Predicate = true> <Delay = 1.87> <CoreInst = "Adder">   --->   Core 1 'Adder' <Latency = 0> <II = 1> <Delay = 1.87> <FuncUnit> <Opcode : 'add' 'sub'> <InPorts = 2> <OutPorts = 1>

State 5 <SV = 4> <Delay = 5.07>
ST_5 : Operation 659 [1/1] (0.00ns)   --->   "%zext_ln120 = zext i7 %n" [bnn.cpp:120]   --->   Operation 659 'zext' 'zext_ln120' <Predicate = true> <Delay = 0.00>
ST_5 : Operation 660 [1/1] (0.00ns)   --->   "%shl_ln64_1 = bitconcatenate i9 @_ssdm_op_BitConcatenate.i9.i8.i1, i8 %add_ln64_2, i1 0" [bnn.cpp:64->bnn.cpp:123]   --->   Operation 660 'bitconcatenate' 'shl_ln64_1' <Predicate = true> <Delay = 0.00>
ST_5 : Operation 661 [1/1] (1.82ns)   --->   "%dot = add i9 %shl_ln64_1, i9 384" [bnn.cpp:64->bnn.cpp:123]   --->   Operation 661 'add' 'dot' <Predicate = true> <Delay = 1.82> <CoreInst = "Adder">   --->   Core 1 'Adder' <Latency = 0> <II = 1> <Delay = 1.82> <FuncUnit> <Opcode : 'add' 'sub'> <InPorts = 2> <OutPorts = 1>
ST_5 : Operation 662 [1/1] (0.00ns)   --->   "%sext_ln123 = sext i9 %dot" [bnn.cpp:123]   --->   Operation 662 'sext' 'sext_ln123' <Predicate = true> <Delay = 0.00>
ST_5 : Operation 663 [1/1] (0.00ns)   --->   "%l2_out_addr = getelementptr i32 %l2_out, i64 0, i64 %zext_ln120" [bnn.cpp:126]   --->   Operation 663 'getelementptr' 'l2_out_addr' <Predicate = true> <Delay = 0.00>
ST_5 : Operation 664 [2/2] (3.25ns)   --->   "%store_ln126 = store i32 %sext_ln123, i6 %l2_out_addr" [bnn.cpp:126]   --->   Operation 664 'store' 'store_ln126' <Predicate = true> <Delay = 3.25> <CoreInst = "RAM_1P">   --->   Core 85 'RAM_1P' <Latency = 1> <II = 1> <Delay = 3.25> <Storage> <Opcode : 'load' 'store'> <Ports = 1> <Width = 32> <Depth = 64> <RAM>
ST_5 : Operation 665 [1/1] (1.82ns)   --->   "%l2_bits_64 = icmp_slt  i9 %dot, i9 1" [bnn.cpp:129]   --->   Operation 665 'icmp' 'l2_bits_64' <Predicate = true> <Delay = 1.82> <CoreInst = "Cmp">   --->   Core 9 'Cmp' <Latency = 0> <II = 1> <Delay = 1.82> <FuncUnit> <Opcode : 'seteq' 'setne' 'setle' 'setge' 'setlt' 'setgt'> <InPorts = 2> <OutPorts = 1>
ST_5 : Operation 666 [1/1] (0.00ns)   --->   "%store_ln116 = store i1 %l2_bits_64, i1 %l2_bits_62" [bnn.cpp:116]   --->   Operation 666 'store' 'store_ln116' <Predicate = (trunc_ln120 == 62)> <Delay = 0.00>
ST_5 : Operation 667 [1/1] (0.00ns)   --->   "%br_ln129 = br void %arrayidx23.exit" [bnn.cpp:129]   --->   Operation 667 'br' 'br_ln129' <Predicate = (trunc_ln120 == 62)> <Delay = 0.00>
ST_5 : Operation 668 [1/1] (0.00ns)   --->   "%store_ln116 = store i1 %l2_bits_64, i1 %l2_bits_61" [bnn.cpp:116]   --->   Operation 668 'store' 'store_ln116' <Predicate = (trunc_ln120 == 61)> <Delay = 0.00>
ST_5 : Operation 669 [1/1] (0.00ns)   --->   "%br_ln129 = br void %arrayidx23.exit" [bnn.cpp:129]   --->   Operation 669 'br' 'br_ln129' <Predicate = (trunc_ln120 == 61)> <Delay = 0.00>
ST_5 : Operation 670 [1/1] (0.00ns)   --->   "%store_ln116 = store i1 %l2_bits_64, i1 %l2_bits_60" [bnn.cpp:116]   --->   Operation 670 'store' 'store_ln116' <Predicate = (trunc_ln120 == 60)> <Delay = 0.00>
ST_5 : Operation 671 [1/1] (0.00ns)   --->   "%br_ln129 = br void %arrayidx23.exit" [bnn.cpp:129]   --->   Operation 671 'br' 'br_ln129' <Predicate = (trunc_ln120 == 60)> <Delay = 0.00>
ST_5 : Operation 672 [1/1] (0.00ns)   --->   "%store_ln116 = store i1 %l2_bits_64, i1 %l2_bits_59" [bnn.cpp:116]   --->   Operation 672 'store' 'store_ln116' <Predicate = (trunc_ln120 == 59)> <Delay = 0.00>
ST_5 : Operation 673 [1/1] (0.00ns)   --->   "%br_ln129 = br void %arrayidx23.exit" [bnn.cpp:129]   --->   Operation 673 'br' 'br_ln129' <Predicate = (trunc_ln120 == 59)> <Delay = 0.00>
ST_5 : Operation 674 [1/1] (0.00ns)   --->   "%store_ln116 = store i1 %l2_bits_64, i1 %l2_bits_58" [bnn.cpp:116]   --->   Operation 674 'store' 'store_ln116' <Predicate = (trunc_ln120 == 58)> <Delay = 0.00>
ST_5 : Operation 675 [1/1] (0.00ns)   --->   "%br_ln129 = br void %arrayidx23.exit" [bnn.cpp:129]   --->   Operation 675 'br' 'br_ln129' <Predicate = (trunc_ln120 == 58)> <Delay = 0.00>
ST_5 : Operation 676 [1/1] (0.00ns)   --->   "%store_ln116 = store i1 %l2_bits_64, i1 %l2_bits_57" [bnn.cpp:116]   --->   Operation 676 'store' 'store_ln116' <Predicate = (trunc_ln120 == 57)> <Delay = 0.00>
ST_5 : Operation 677 [1/1] (0.00ns)   --->   "%br_ln129 = br void %arrayidx23.exit" [bnn.cpp:129]   --->   Operation 677 'br' 'br_ln129' <Predicate = (trunc_ln120 == 57)> <Delay = 0.00>
ST_5 : Operation 678 [1/1] (0.00ns)   --->   "%store_ln116 = store i1 %l2_bits_64, i1 %l2_bits_56" [bnn.cpp:116]   --->   Operation 678 'store' 'store_ln116' <Predicate = (trunc_ln120 == 56)> <Delay = 0.00>
ST_5 : Operation 679 [1/1] (0.00ns)   --->   "%br_ln129 = br void %arrayidx23.exit" [bnn.cpp:129]   --->   Operation 679 'br' 'br_ln129' <Predicate = (trunc_ln120 == 56)> <Delay = 0.00>
ST_5 : Operation 680 [1/1] (0.00ns)   --->   "%store_ln116 = store i1 %l2_bits_64, i1 %l2_bits_55" [bnn.cpp:116]   --->   Operation 680 'store' 'store_ln116' <Predicate = (trunc_ln120 == 55)> <Delay = 0.00>
ST_5 : Operation 681 [1/1] (0.00ns)   --->   "%br_ln129 = br void %arrayidx23.exit" [bnn.cpp:129]   --->   Operation 681 'br' 'br_ln129' <Predicate = (trunc_ln120 == 55)> <Delay = 0.00>
ST_5 : Operation 682 [1/1] (0.00ns)   --->   "%store_ln116 = store i1 %l2_bits_64, i1 %l2_bits_54" [bnn.cpp:116]   --->   Operation 682 'store' 'store_ln116' <Predicate = (trunc_ln120 == 54)> <Delay = 0.00>
ST_5 : Operation 683 [1/1] (0.00ns)   --->   "%br_ln129 = br void %arrayidx23.exit" [bnn.cpp:129]   --->   Operation 683 'br' 'br_ln129' <Predicate = (trunc_ln120 == 54)> <Delay = 0.00>
ST_5 : Operation 684 [1/1] (0.00ns)   --->   "%store_ln116 = store i1 %l2_bits_64, i1 %l2_bits_53" [bnn.cpp:116]   --->   Operation 684 'store' 'store_ln116' <Predicate = (trunc_ln120 == 53)> <Delay = 0.00>
ST_5 : Operation 685 [1/1] (0.00ns)   --->   "%br_ln129 = br void %arrayidx23.exit" [bnn.cpp:129]   --->   Operation 685 'br' 'br_ln129' <Predicate = (trunc_ln120 == 53)> <Delay = 0.00>
ST_5 : Operation 686 [1/1] (0.00ns)   --->   "%store_ln116 = store i1 %l2_bits_64, i1 %l2_bits_52" [bnn.cpp:116]   --->   Operation 686 'store' 'store_ln116' <Predicate = (trunc_ln120 == 52)> <Delay = 0.00>
ST_5 : Operation 687 [1/1] (0.00ns)   --->   "%br_ln129 = br void %arrayidx23.exit" [bnn.cpp:129]   --->   Operation 687 'br' 'br_ln129' <Predicate = (trunc_ln120 == 52)> <Delay = 0.00>
ST_5 : Operation 688 [1/1] (0.00ns)   --->   "%store_ln116 = store i1 %l2_bits_64, i1 %l2_bits_51" [bnn.cpp:116]   --->   Operation 688 'store' 'store_ln116' <Predicate = (trunc_ln120 == 51)> <Delay = 0.00>
ST_5 : Operation 689 [1/1] (0.00ns)   --->   "%br_ln129 = br void %arrayidx23.exit" [bnn.cpp:129]   --->   Operation 689 'br' 'br_ln129' <Predicate = (trunc_ln120 == 51)> <Delay = 0.00>
ST_5 : Operation 690 [1/1] (0.00ns)   --->   "%store_ln116 = store i1 %l2_bits_64, i1 %l2_bits_50" [bnn.cpp:116]   --->   Operation 690 'store' 'store_ln116' <Predicate = (trunc_ln120 == 50)> <Delay = 0.00>
ST_5 : Operation 691 [1/1] (0.00ns)   --->   "%br_ln129 = br void %arrayidx23.exit" [bnn.cpp:129]   --->   Operation 691 'br' 'br_ln129' <Predicate = (trunc_ln120 == 50)> <Delay = 0.00>
ST_5 : Operation 692 [1/1] (0.00ns)   --->   "%store_ln116 = store i1 %l2_bits_64, i1 %l2_bits_49" [bnn.cpp:116]   --->   Operation 692 'store' 'store_ln116' <Predicate = (trunc_ln120 == 49)> <Delay = 0.00>
ST_5 : Operation 693 [1/1] (0.00ns)   --->   "%br_ln129 = br void %arrayidx23.exit" [bnn.cpp:129]   --->   Operation 693 'br' 'br_ln129' <Predicate = (trunc_ln120 == 49)> <Delay = 0.00>
ST_5 : Operation 694 [1/1] (0.00ns)   --->   "%store_ln116 = store i1 %l2_bits_64, i1 %l2_bits_48" [bnn.cpp:116]   --->   Operation 694 'store' 'store_ln116' <Predicate = (trunc_ln120 == 48)> <Delay = 0.00>
ST_5 : Operation 695 [1/1] (0.00ns)   --->   "%br_ln129 = br void %arrayidx23.exit" [bnn.cpp:129]   --->   Operation 695 'br' 'br_ln129' <Predicate = (trunc_ln120 == 48)> <Delay = 0.00>
ST_5 : Operation 696 [1/1] (0.00ns)   --->   "%store_ln116 = store i1 %l2_bits_64, i1 %l2_bits_47" [bnn.cpp:116]   --->   Operation 696 'store' 'store_ln116' <Predicate = (trunc_ln120 == 47)> <Delay = 0.00>
ST_5 : Operation 697 [1/1] (0.00ns)   --->   "%br_ln129 = br void %arrayidx23.exit" [bnn.cpp:129]   --->   Operation 697 'br' 'br_ln129' <Predicate = (trunc_ln120 == 47)> <Delay = 0.00>
ST_5 : Operation 698 [1/1] (0.00ns)   --->   "%store_ln116 = store i1 %l2_bits_64, i1 %l2_bits_46" [bnn.cpp:116]   --->   Operation 698 'store' 'store_ln116' <Predicate = (trunc_ln120 == 46)> <Delay = 0.00>
ST_5 : Operation 699 [1/1] (0.00ns)   --->   "%br_ln129 = br void %arrayidx23.exit" [bnn.cpp:129]   --->   Operation 699 'br' 'br_ln129' <Predicate = (trunc_ln120 == 46)> <Delay = 0.00>
ST_5 : Operation 700 [1/1] (0.00ns)   --->   "%store_ln116 = store i1 %l2_bits_64, i1 %l2_bits_45" [bnn.cpp:116]   --->   Operation 700 'store' 'store_ln116' <Predicate = (trunc_ln120 == 45)> <Delay = 0.00>
ST_5 : Operation 701 [1/1] (0.00ns)   --->   "%br_ln129 = br void %arrayidx23.exit" [bnn.cpp:129]   --->   Operation 701 'br' 'br_ln129' <Predicate = (trunc_ln120 == 45)> <Delay = 0.00>
ST_5 : Operation 702 [1/1] (0.00ns)   --->   "%store_ln116 = store i1 %l2_bits_64, i1 %l2_bits_44" [bnn.cpp:116]   --->   Operation 702 'store' 'store_ln116' <Predicate = (trunc_ln120 == 44)> <Delay = 0.00>
ST_5 : Operation 703 [1/1] (0.00ns)   --->   "%br_ln129 = br void %arrayidx23.exit" [bnn.cpp:129]   --->   Operation 703 'br' 'br_ln129' <Predicate = (trunc_ln120 == 44)> <Delay = 0.00>
ST_5 : Operation 704 [1/1] (0.00ns)   --->   "%store_ln116 = store i1 %l2_bits_64, i1 %l2_bits_43" [bnn.cpp:116]   --->   Operation 704 'store' 'store_ln116' <Predicate = (trunc_ln120 == 43)> <Delay = 0.00>
ST_5 : Operation 705 [1/1] (0.00ns)   --->   "%br_ln129 = br void %arrayidx23.exit" [bnn.cpp:129]   --->   Operation 705 'br' 'br_ln129' <Predicate = (trunc_ln120 == 43)> <Delay = 0.00>
ST_5 : Operation 706 [1/1] (0.00ns)   --->   "%store_ln116 = store i1 %l2_bits_64, i1 %l2_bits_42" [bnn.cpp:116]   --->   Operation 706 'store' 'store_ln116' <Predicate = (trunc_ln120 == 42)> <Delay = 0.00>
ST_5 : Operation 707 [1/1] (0.00ns)   --->   "%br_ln129 = br void %arrayidx23.exit" [bnn.cpp:129]   --->   Operation 707 'br' 'br_ln129' <Predicate = (trunc_ln120 == 42)> <Delay = 0.00>
ST_5 : Operation 708 [1/1] (0.00ns)   --->   "%store_ln116 = store i1 %l2_bits_64, i1 %l2_bits_41" [bnn.cpp:116]   --->   Operation 708 'store' 'store_ln116' <Predicate = (trunc_ln120 == 41)> <Delay = 0.00>
ST_5 : Operation 709 [1/1] (0.00ns)   --->   "%br_ln129 = br void %arrayidx23.exit" [bnn.cpp:129]   --->   Operation 709 'br' 'br_ln129' <Predicate = (trunc_ln120 == 41)> <Delay = 0.00>
ST_5 : Operation 710 [1/1] (0.00ns)   --->   "%store_ln116 = store i1 %l2_bits_64, i1 %l2_bits_40" [bnn.cpp:116]   --->   Operation 710 'store' 'store_ln116' <Predicate = (trunc_ln120 == 40)> <Delay = 0.00>
ST_5 : Operation 711 [1/1] (0.00ns)   --->   "%br_ln129 = br void %arrayidx23.exit" [bnn.cpp:129]   --->   Operation 711 'br' 'br_ln129' <Predicate = (trunc_ln120 == 40)> <Delay = 0.00>
ST_5 : Operation 712 [1/1] (0.00ns)   --->   "%store_ln116 = store i1 %l2_bits_64, i1 %l2_bits_39" [bnn.cpp:116]   --->   Operation 712 'store' 'store_ln116' <Predicate = (trunc_ln120 == 39)> <Delay = 0.00>
ST_5 : Operation 713 [1/1] (0.00ns)   --->   "%br_ln129 = br void %arrayidx23.exit" [bnn.cpp:129]   --->   Operation 713 'br' 'br_ln129' <Predicate = (trunc_ln120 == 39)> <Delay = 0.00>
ST_5 : Operation 714 [1/1] (0.00ns)   --->   "%store_ln116 = store i1 %l2_bits_64, i1 %l2_bits_38" [bnn.cpp:116]   --->   Operation 714 'store' 'store_ln116' <Predicate = (trunc_ln120 == 38)> <Delay = 0.00>
ST_5 : Operation 715 [1/1] (0.00ns)   --->   "%br_ln129 = br void %arrayidx23.exit" [bnn.cpp:129]   --->   Operation 715 'br' 'br_ln129' <Predicate = (trunc_ln120 == 38)> <Delay = 0.00>
ST_5 : Operation 716 [1/1] (0.00ns)   --->   "%store_ln116 = store i1 %l2_bits_64, i1 %l2_bits_37" [bnn.cpp:116]   --->   Operation 716 'store' 'store_ln116' <Predicate = (trunc_ln120 == 37)> <Delay = 0.00>
ST_5 : Operation 717 [1/1] (0.00ns)   --->   "%br_ln129 = br void %arrayidx23.exit" [bnn.cpp:129]   --->   Operation 717 'br' 'br_ln129' <Predicate = (trunc_ln120 == 37)> <Delay = 0.00>
ST_5 : Operation 718 [1/1] (0.00ns)   --->   "%store_ln116 = store i1 %l2_bits_64, i1 %l2_bits_36" [bnn.cpp:116]   --->   Operation 718 'store' 'store_ln116' <Predicate = (trunc_ln120 == 36)> <Delay = 0.00>
ST_5 : Operation 719 [1/1] (0.00ns)   --->   "%br_ln129 = br void %arrayidx23.exit" [bnn.cpp:129]   --->   Operation 719 'br' 'br_ln129' <Predicate = (trunc_ln120 == 36)> <Delay = 0.00>
ST_5 : Operation 720 [1/1] (0.00ns)   --->   "%store_ln116 = store i1 %l2_bits_64, i1 %l2_bits_35" [bnn.cpp:116]   --->   Operation 720 'store' 'store_ln116' <Predicate = (trunc_ln120 == 35)> <Delay = 0.00>
ST_5 : Operation 721 [1/1] (0.00ns)   --->   "%br_ln129 = br void %arrayidx23.exit" [bnn.cpp:129]   --->   Operation 721 'br' 'br_ln129' <Predicate = (trunc_ln120 == 35)> <Delay = 0.00>
ST_5 : Operation 722 [1/1] (0.00ns)   --->   "%store_ln116 = store i1 %l2_bits_64, i1 %l2_bits_34" [bnn.cpp:116]   --->   Operation 722 'store' 'store_ln116' <Predicate = (trunc_ln120 == 34)> <Delay = 0.00>
ST_5 : Operation 723 [1/1] (0.00ns)   --->   "%br_ln129 = br void %arrayidx23.exit" [bnn.cpp:129]   --->   Operation 723 'br' 'br_ln129' <Predicate = (trunc_ln120 == 34)> <Delay = 0.00>
ST_5 : Operation 724 [1/1] (0.00ns)   --->   "%store_ln116 = store i1 %l2_bits_64, i1 %l2_bits_33" [bnn.cpp:116]   --->   Operation 724 'store' 'store_ln116' <Predicate = (trunc_ln120 == 33)> <Delay = 0.00>
ST_5 : Operation 725 [1/1] (0.00ns)   --->   "%br_ln129 = br void %arrayidx23.exit" [bnn.cpp:129]   --->   Operation 725 'br' 'br_ln129' <Predicate = (trunc_ln120 == 33)> <Delay = 0.00>
ST_5 : Operation 726 [1/1] (0.00ns)   --->   "%store_ln116 = store i1 %l2_bits_64, i1 %l2_bits_32" [bnn.cpp:116]   --->   Operation 726 'store' 'store_ln116' <Predicate = (trunc_ln120 == 32)> <Delay = 0.00>
ST_5 : Operation 727 [1/1] (0.00ns)   --->   "%br_ln129 = br void %arrayidx23.exit" [bnn.cpp:129]   --->   Operation 727 'br' 'br_ln129' <Predicate = (trunc_ln120 == 32)> <Delay = 0.00>
ST_5 : Operation 728 [1/1] (0.00ns)   --->   "%store_ln116 = store i1 %l2_bits_64, i1 %l2_bits_31" [bnn.cpp:116]   --->   Operation 728 'store' 'store_ln116' <Predicate = (trunc_ln120 == 31)> <Delay = 0.00>
ST_5 : Operation 729 [1/1] (0.00ns)   --->   "%br_ln129 = br void %arrayidx23.exit" [bnn.cpp:129]   --->   Operation 729 'br' 'br_ln129' <Predicate = (trunc_ln120 == 31)> <Delay = 0.00>
ST_5 : Operation 730 [1/1] (0.00ns)   --->   "%store_ln116 = store i1 %l2_bits_64, i1 %l2_bits_30" [bnn.cpp:116]   --->   Operation 730 'store' 'store_ln116' <Predicate = (trunc_ln120 == 30)> <Delay = 0.00>
ST_5 : Operation 731 [1/1] (0.00ns)   --->   "%br_ln129 = br void %arrayidx23.exit" [bnn.cpp:129]   --->   Operation 731 'br' 'br_ln129' <Predicate = (trunc_ln120 == 30)> <Delay = 0.00>
ST_5 : Operation 732 [1/1] (0.00ns)   --->   "%store_ln116 = store i1 %l2_bits_64, i1 %l2_bits_29" [bnn.cpp:116]   --->   Operation 732 'store' 'store_ln116' <Predicate = (trunc_ln120 == 29)> <Delay = 0.00>
ST_5 : Operation 733 [1/1] (0.00ns)   --->   "%br_ln129 = br void %arrayidx23.exit" [bnn.cpp:129]   --->   Operation 733 'br' 'br_ln129' <Predicate = (trunc_ln120 == 29)> <Delay = 0.00>
ST_5 : Operation 734 [1/1] (0.00ns)   --->   "%store_ln116 = store i1 %l2_bits_64, i1 %l2_bits_28" [bnn.cpp:116]   --->   Operation 734 'store' 'store_ln116' <Predicate = (trunc_ln120 == 28)> <Delay = 0.00>
ST_5 : Operation 735 [1/1] (0.00ns)   --->   "%br_ln129 = br void %arrayidx23.exit" [bnn.cpp:129]   --->   Operation 735 'br' 'br_ln129' <Predicate = (trunc_ln120 == 28)> <Delay = 0.00>
ST_5 : Operation 736 [1/1] (0.00ns)   --->   "%store_ln116 = store i1 %l2_bits_64, i1 %l2_bits_27" [bnn.cpp:116]   --->   Operation 736 'store' 'store_ln116' <Predicate = (trunc_ln120 == 27)> <Delay = 0.00>
ST_5 : Operation 737 [1/1] (0.00ns)   --->   "%br_ln129 = br void %arrayidx23.exit" [bnn.cpp:129]   --->   Operation 737 'br' 'br_ln129' <Predicate = (trunc_ln120 == 27)> <Delay = 0.00>
ST_5 : Operation 738 [1/1] (0.00ns)   --->   "%store_ln116 = store i1 %l2_bits_64, i1 %l2_bits_26" [bnn.cpp:116]   --->   Operation 738 'store' 'store_ln116' <Predicate = (trunc_ln120 == 26)> <Delay = 0.00>
ST_5 : Operation 739 [1/1] (0.00ns)   --->   "%br_ln129 = br void %arrayidx23.exit" [bnn.cpp:129]   --->   Operation 739 'br' 'br_ln129' <Predicate = (trunc_ln120 == 26)> <Delay = 0.00>
ST_5 : Operation 740 [1/1] (0.00ns)   --->   "%store_ln116 = store i1 %l2_bits_64, i1 %l2_bits_25" [bnn.cpp:116]   --->   Operation 740 'store' 'store_ln116' <Predicate = (trunc_ln120 == 25)> <Delay = 0.00>
ST_5 : Operation 741 [1/1] (0.00ns)   --->   "%br_ln129 = br void %arrayidx23.exit" [bnn.cpp:129]   --->   Operation 741 'br' 'br_ln129' <Predicate = (trunc_ln120 == 25)> <Delay = 0.00>
ST_5 : Operation 742 [1/1] (0.00ns)   --->   "%store_ln116 = store i1 %l2_bits_64, i1 %l2_bits_24" [bnn.cpp:116]   --->   Operation 742 'store' 'store_ln116' <Predicate = (trunc_ln120 == 24)> <Delay = 0.00>
ST_5 : Operation 743 [1/1] (0.00ns)   --->   "%br_ln129 = br void %arrayidx23.exit" [bnn.cpp:129]   --->   Operation 743 'br' 'br_ln129' <Predicate = (trunc_ln120 == 24)> <Delay = 0.00>
ST_5 : Operation 744 [1/1] (0.00ns)   --->   "%store_ln116 = store i1 %l2_bits_64, i1 %l2_bits_23" [bnn.cpp:116]   --->   Operation 744 'store' 'store_ln116' <Predicate = (trunc_ln120 == 23)> <Delay = 0.00>
ST_5 : Operation 745 [1/1] (0.00ns)   --->   "%br_ln129 = br void %arrayidx23.exit" [bnn.cpp:129]   --->   Operation 745 'br' 'br_ln129' <Predicate = (trunc_ln120 == 23)> <Delay = 0.00>
ST_5 : Operation 746 [1/1] (0.00ns)   --->   "%store_ln116 = store i1 %l2_bits_64, i1 %l2_bits_22" [bnn.cpp:116]   --->   Operation 746 'store' 'store_ln116' <Predicate = (trunc_ln120 == 22)> <Delay = 0.00>
ST_5 : Operation 747 [1/1] (0.00ns)   --->   "%br_ln129 = br void %arrayidx23.exit" [bnn.cpp:129]   --->   Operation 747 'br' 'br_ln129' <Predicate = (trunc_ln120 == 22)> <Delay = 0.00>
ST_5 : Operation 748 [1/1] (0.00ns)   --->   "%store_ln116 = store i1 %l2_bits_64, i1 %l2_bits_21" [bnn.cpp:116]   --->   Operation 748 'store' 'store_ln116' <Predicate = (trunc_ln120 == 21)> <Delay = 0.00>
ST_5 : Operation 749 [1/1] (0.00ns)   --->   "%br_ln129 = br void %arrayidx23.exit" [bnn.cpp:129]   --->   Operation 749 'br' 'br_ln129' <Predicate = (trunc_ln120 == 21)> <Delay = 0.00>
ST_5 : Operation 750 [1/1] (0.00ns)   --->   "%store_ln116 = store i1 %l2_bits_64, i1 %l2_bits_20" [bnn.cpp:116]   --->   Operation 750 'store' 'store_ln116' <Predicate = (trunc_ln120 == 20)> <Delay = 0.00>
ST_5 : Operation 751 [1/1] (0.00ns)   --->   "%br_ln129 = br void %arrayidx23.exit" [bnn.cpp:129]   --->   Operation 751 'br' 'br_ln129' <Predicate = (trunc_ln120 == 20)> <Delay = 0.00>
ST_5 : Operation 752 [1/1] (0.00ns)   --->   "%store_ln116 = store i1 %l2_bits_64, i1 %l2_bits_19" [bnn.cpp:116]   --->   Operation 752 'store' 'store_ln116' <Predicate = (trunc_ln120 == 19)> <Delay = 0.00>
ST_5 : Operation 753 [1/1] (0.00ns)   --->   "%br_ln129 = br void %arrayidx23.exit" [bnn.cpp:129]   --->   Operation 753 'br' 'br_ln129' <Predicate = (trunc_ln120 == 19)> <Delay = 0.00>
ST_5 : Operation 754 [1/1] (0.00ns)   --->   "%store_ln116 = store i1 %l2_bits_64, i1 %l2_bits_18" [bnn.cpp:116]   --->   Operation 754 'store' 'store_ln116' <Predicate = (trunc_ln120 == 18)> <Delay = 0.00>
ST_5 : Operation 755 [1/1] (0.00ns)   --->   "%br_ln129 = br void %arrayidx23.exit" [bnn.cpp:129]   --->   Operation 755 'br' 'br_ln129' <Predicate = (trunc_ln120 == 18)> <Delay = 0.00>
ST_5 : Operation 756 [1/1] (0.00ns)   --->   "%store_ln116 = store i1 %l2_bits_64, i1 %l2_bits_17" [bnn.cpp:116]   --->   Operation 756 'store' 'store_ln116' <Predicate = (trunc_ln120 == 17)> <Delay = 0.00>
ST_5 : Operation 757 [1/1] (0.00ns)   --->   "%br_ln129 = br void %arrayidx23.exit" [bnn.cpp:129]   --->   Operation 757 'br' 'br_ln129' <Predicate = (trunc_ln120 == 17)> <Delay = 0.00>
ST_5 : Operation 758 [1/1] (0.00ns)   --->   "%store_ln116 = store i1 %l2_bits_64, i1 %l2_bits_16" [bnn.cpp:116]   --->   Operation 758 'store' 'store_ln116' <Predicate = (trunc_ln120 == 16)> <Delay = 0.00>
ST_5 : Operation 759 [1/1] (0.00ns)   --->   "%br_ln129 = br void %arrayidx23.exit" [bnn.cpp:129]   --->   Operation 759 'br' 'br_ln129' <Predicate = (trunc_ln120 == 16)> <Delay = 0.00>
ST_5 : Operation 760 [1/1] (0.00ns)   --->   "%store_ln116 = store i1 %l2_bits_64, i1 %l2_bits_15" [bnn.cpp:116]   --->   Operation 760 'store' 'store_ln116' <Predicate = (trunc_ln120 == 15)> <Delay = 0.00>
ST_5 : Operation 761 [1/1] (0.00ns)   --->   "%br_ln129 = br void %arrayidx23.exit" [bnn.cpp:129]   --->   Operation 761 'br' 'br_ln129' <Predicate = (trunc_ln120 == 15)> <Delay = 0.00>
ST_5 : Operation 762 [1/1] (0.00ns)   --->   "%store_ln116 = store i1 %l2_bits_64, i1 %l2_bits_14" [bnn.cpp:116]   --->   Operation 762 'store' 'store_ln116' <Predicate = (trunc_ln120 == 14)> <Delay = 0.00>
ST_5 : Operation 763 [1/1] (0.00ns)   --->   "%br_ln129 = br void %arrayidx23.exit" [bnn.cpp:129]   --->   Operation 763 'br' 'br_ln129' <Predicate = (trunc_ln120 == 14)> <Delay = 0.00>
ST_5 : Operation 764 [1/1] (0.00ns)   --->   "%store_ln116 = store i1 %l2_bits_64, i1 %l2_bits_13" [bnn.cpp:116]   --->   Operation 764 'store' 'store_ln116' <Predicate = (trunc_ln120 == 13)> <Delay = 0.00>
ST_5 : Operation 765 [1/1] (0.00ns)   --->   "%br_ln129 = br void %arrayidx23.exit" [bnn.cpp:129]   --->   Operation 765 'br' 'br_ln129' <Predicate = (trunc_ln120 == 13)> <Delay = 0.00>
ST_5 : Operation 766 [1/1] (0.00ns)   --->   "%store_ln116 = store i1 %l2_bits_64, i1 %l2_bits_12" [bnn.cpp:116]   --->   Operation 766 'store' 'store_ln116' <Predicate = (trunc_ln120 == 12)> <Delay = 0.00>
ST_5 : Operation 767 [1/1] (0.00ns)   --->   "%br_ln129 = br void %arrayidx23.exit" [bnn.cpp:129]   --->   Operation 767 'br' 'br_ln129' <Predicate = (trunc_ln120 == 12)> <Delay = 0.00>
ST_5 : Operation 768 [1/1] (0.00ns)   --->   "%store_ln116 = store i1 %l2_bits_64, i1 %l2_bits_11" [bnn.cpp:116]   --->   Operation 768 'store' 'store_ln116' <Predicate = (trunc_ln120 == 11)> <Delay = 0.00>
ST_5 : Operation 769 [1/1] (0.00ns)   --->   "%br_ln129 = br void %arrayidx23.exit" [bnn.cpp:129]   --->   Operation 769 'br' 'br_ln129' <Predicate = (trunc_ln120 == 11)> <Delay = 0.00>
ST_5 : Operation 770 [1/1] (0.00ns)   --->   "%store_ln116 = store i1 %l2_bits_64, i1 %l2_bits_10" [bnn.cpp:116]   --->   Operation 770 'store' 'store_ln116' <Predicate = (trunc_ln120 == 10)> <Delay = 0.00>
ST_5 : Operation 771 [1/1] (0.00ns)   --->   "%br_ln129 = br void %arrayidx23.exit" [bnn.cpp:129]   --->   Operation 771 'br' 'br_ln129' <Predicate = (trunc_ln120 == 10)> <Delay = 0.00>
ST_5 : Operation 772 [1/1] (0.00ns)   --->   "%store_ln116 = store i1 %l2_bits_64, i1 %l2_bits_9" [bnn.cpp:116]   --->   Operation 772 'store' 'store_ln116' <Predicate = (trunc_ln120 == 9)> <Delay = 0.00>
ST_5 : Operation 773 [1/1] (0.00ns)   --->   "%br_ln129 = br void %arrayidx23.exit" [bnn.cpp:129]   --->   Operation 773 'br' 'br_ln129' <Predicate = (trunc_ln120 == 9)> <Delay = 0.00>
ST_5 : Operation 774 [1/1] (0.00ns)   --->   "%store_ln116 = store i1 %l2_bits_64, i1 %l2_bits_8" [bnn.cpp:116]   --->   Operation 774 'store' 'store_ln116' <Predicate = (trunc_ln120 == 8)> <Delay = 0.00>
ST_5 : Operation 775 [1/1] (0.00ns)   --->   "%br_ln129 = br void %arrayidx23.exit" [bnn.cpp:129]   --->   Operation 775 'br' 'br_ln129' <Predicate = (trunc_ln120 == 8)> <Delay = 0.00>
ST_5 : Operation 776 [1/1] (0.00ns)   --->   "%store_ln116 = store i1 %l2_bits_64, i1 %l2_bits_7" [bnn.cpp:116]   --->   Operation 776 'store' 'store_ln116' <Predicate = (trunc_ln120 == 7)> <Delay = 0.00>
ST_5 : Operation 777 [1/1] (0.00ns)   --->   "%br_ln129 = br void %arrayidx23.exit" [bnn.cpp:129]   --->   Operation 777 'br' 'br_ln129' <Predicate = (trunc_ln120 == 7)> <Delay = 0.00>
ST_5 : Operation 778 [1/1] (0.00ns)   --->   "%store_ln116 = store i1 %l2_bits_64, i1 %l2_bits_6" [bnn.cpp:116]   --->   Operation 778 'store' 'store_ln116' <Predicate = (trunc_ln120 == 6)> <Delay = 0.00>
ST_5 : Operation 779 [1/1] (0.00ns)   --->   "%br_ln129 = br void %arrayidx23.exit" [bnn.cpp:129]   --->   Operation 779 'br' 'br_ln129' <Predicate = (trunc_ln120 == 6)> <Delay = 0.00>
ST_5 : Operation 780 [1/1] (0.00ns)   --->   "%store_ln116 = store i1 %l2_bits_64, i1 %l2_bits_5" [bnn.cpp:116]   --->   Operation 780 'store' 'store_ln116' <Predicate = (trunc_ln120 == 5)> <Delay = 0.00>
ST_5 : Operation 781 [1/1] (0.00ns)   --->   "%br_ln129 = br void %arrayidx23.exit" [bnn.cpp:129]   --->   Operation 781 'br' 'br_ln129' <Predicate = (trunc_ln120 == 5)> <Delay = 0.00>
ST_5 : Operation 782 [1/1] (0.00ns)   --->   "%store_ln116 = store i1 %l2_bits_64, i1 %l2_bits_4" [bnn.cpp:116]   --->   Operation 782 'store' 'store_ln116' <Predicate = (trunc_ln120 == 4)> <Delay = 0.00>
ST_5 : Operation 783 [1/1] (0.00ns)   --->   "%br_ln129 = br void %arrayidx23.exit" [bnn.cpp:129]   --->   Operation 783 'br' 'br_ln129' <Predicate = (trunc_ln120 == 4)> <Delay = 0.00>
ST_5 : Operation 784 [1/1] (0.00ns)   --->   "%store_ln116 = store i1 %l2_bits_64, i1 %l2_bits_3" [bnn.cpp:116]   --->   Operation 784 'store' 'store_ln116' <Predicate = (trunc_ln120 == 3)> <Delay = 0.00>
ST_5 : Operation 785 [1/1] (0.00ns)   --->   "%br_ln129 = br void %arrayidx23.exit" [bnn.cpp:129]   --->   Operation 785 'br' 'br_ln129' <Predicate = (trunc_ln120 == 3)> <Delay = 0.00>
ST_5 : Operation 786 [1/1] (0.00ns)   --->   "%store_ln116 = store i1 %l2_bits_64, i1 %l2_bits_2" [bnn.cpp:116]   --->   Operation 786 'store' 'store_ln116' <Predicate = (trunc_ln120 == 2)> <Delay = 0.00>
ST_5 : Operation 787 [1/1] (0.00ns)   --->   "%br_ln129 = br void %arrayidx23.exit" [bnn.cpp:129]   --->   Operation 787 'br' 'br_ln129' <Predicate = (trunc_ln120 == 2)> <Delay = 0.00>
ST_5 : Operation 788 [1/1] (0.00ns)   --->   "%store_ln116 = store i1 %l2_bits_64, i1 %l2_bits_1" [bnn.cpp:116]   --->   Operation 788 'store' 'store_ln116' <Predicate = (trunc_ln120 == 1)> <Delay = 0.00>
ST_5 : Operation 789 [1/1] (0.00ns)   --->   "%br_ln129 = br void %arrayidx23.exit" [bnn.cpp:129]   --->   Operation 789 'br' 'br_ln129' <Predicate = (trunc_ln120 == 1)> <Delay = 0.00>
ST_5 : Operation 790 [1/1] (0.00ns)   --->   "%store_ln116 = store i1 %l2_bits_64, i1 %l2_bits" [bnn.cpp:116]   --->   Operation 790 'store' 'store_ln116' <Predicate = (trunc_ln120 == 0)> <Delay = 0.00>
ST_5 : Operation 791 [1/1] (0.00ns)   --->   "%br_ln129 = br void %arrayidx23.exit" [bnn.cpp:129]   --->   Operation 791 'br' 'br_ln129' <Predicate = (trunc_ln120 == 0)> <Delay = 0.00>
ST_5 : Operation 792 [1/1] (0.00ns)   --->   "%store_ln116 = store i1 %l2_bits_64, i1 %l2_bits_63" [bnn.cpp:116]   --->   Operation 792 'store' 'store_ln116' <Predicate = (trunc_ln120 == 63)> <Delay = 0.00>
ST_5 : Operation 793 [1/1] (0.00ns)   --->   "%br_ln129 = br void %arrayidx23.exit" [bnn.cpp:129]   --->   Operation 793 'br' 'br_ln129' <Predicate = (trunc_ln120 == 63)> <Delay = 0.00>
ST_5 : Operation 798 [1/1] (0.00ns)   --->   "%l2_bits_load = load i1 %l2_bits"   --->   Operation 798 'load' 'l2_bits_load' <Predicate = (icmp_ln120)> <Delay = 0.00>
ST_5 : Operation 799 [1/1] (0.00ns)   --->   "%l2_bits_1_load = load i1 %l2_bits_1"   --->   Operation 799 'load' 'l2_bits_1_load' <Predicate = (icmp_ln120)> <Delay = 0.00>
ST_5 : Operation 800 [1/1] (0.00ns)   --->   "%l2_bits_2_load = load i1 %l2_bits_2"   --->   Operation 800 'load' 'l2_bits_2_load' <Predicate = (icmp_ln120)> <Delay = 0.00>
ST_5 : Operation 801 [1/1] (0.00ns)   --->   "%l2_bits_3_load = load i1 %l2_bits_3"   --->   Operation 801 'load' 'l2_bits_3_load' <Predicate = (icmp_ln120)> <Delay = 0.00>
ST_5 : Operation 802 [1/1] (0.00ns)   --->   "%l2_bits_4_load = load i1 %l2_bits_4"   --->   Operation 802 'load' 'l2_bits_4_load' <Predicate = (icmp_ln120)> <Delay = 0.00>
ST_5 : Operation 803 [1/1] (0.00ns)   --->   "%l2_bits_5_load = load i1 %l2_bits_5"   --->   Operation 803 'load' 'l2_bits_5_load' <Predicate = (icmp_ln120)> <Delay = 0.00>
ST_5 : Operation 804 [1/1] (0.00ns)   --->   "%l2_bits_6_load = load i1 %l2_bits_6"   --->   Operation 804 'load' 'l2_bits_6_load' <Predicate = (icmp_ln120)> <Delay = 0.00>
ST_5 : Operation 805 [1/1] (0.00ns)   --->   "%l2_bits_7_load = load i1 %l2_bits_7"   --->   Operation 805 'load' 'l2_bits_7_load' <Predicate = (icmp_ln120)> <Delay = 0.00>
ST_5 : Operation 806 [1/1] (0.00ns)   --->   "%l2_bits_8_load = load i1 %l2_bits_8"   --->   Operation 806 'load' 'l2_bits_8_load' <Predicate = (icmp_ln120)> <Delay = 0.00>
ST_5 : Operation 807 [1/1] (0.00ns)   --->   "%l2_bits_9_load = load i1 %l2_bits_9"   --->   Operation 807 'load' 'l2_bits_9_load' <Predicate = (icmp_ln120)> <Delay = 0.00>
ST_5 : Operation 808 [1/1] (0.00ns)   --->   "%l2_bits_10_load = load i1 %l2_bits_10"   --->   Operation 808 'load' 'l2_bits_10_load' <Predicate = (icmp_ln120)> <Delay = 0.00>
ST_5 : Operation 809 [1/1] (0.00ns)   --->   "%l2_bits_11_load = load i1 %l2_bits_11"   --->   Operation 809 'load' 'l2_bits_11_load' <Predicate = (icmp_ln120)> <Delay = 0.00>
ST_5 : Operation 810 [1/1] (0.00ns)   --->   "%l2_bits_12_load = load i1 %l2_bits_12"   --->   Operation 810 'load' 'l2_bits_12_load' <Predicate = (icmp_ln120)> <Delay = 0.00>
ST_5 : Operation 811 [1/1] (0.00ns)   --->   "%l2_bits_13_load = load i1 %l2_bits_13"   --->   Operation 811 'load' 'l2_bits_13_load' <Predicate = (icmp_ln120)> <Delay = 0.00>
ST_5 : Operation 812 [1/1] (0.00ns)   --->   "%l2_bits_14_load = load i1 %l2_bits_14"   --->   Operation 812 'load' 'l2_bits_14_load' <Predicate = (icmp_ln120)> <Delay = 0.00>
ST_5 : Operation 813 [1/1] (0.00ns)   --->   "%l2_bits_15_load = load i1 %l2_bits_15"   --->   Operation 813 'load' 'l2_bits_15_load' <Predicate = (icmp_ln120)> <Delay = 0.00>
ST_5 : Operation 814 [1/1] (0.00ns)   --->   "%l2_bits_16_load = load i1 %l2_bits_16"   --->   Operation 814 'load' 'l2_bits_16_load' <Predicate = (icmp_ln120)> <Delay = 0.00>
ST_5 : Operation 815 [1/1] (0.00ns)   --->   "%l2_bits_17_load = load i1 %l2_bits_17"   --->   Operation 815 'load' 'l2_bits_17_load' <Predicate = (icmp_ln120)> <Delay = 0.00>
ST_5 : Operation 816 [1/1] (0.00ns)   --->   "%l2_bits_18_load = load i1 %l2_bits_18"   --->   Operation 816 'load' 'l2_bits_18_load' <Predicate = (icmp_ln120)> <Delay = 0.00>
ST_5 : Operation 817 [1/1] (0.00ns)   --->   "%l2_bits_19_load = load i1 %l2_bits_19"   --->   Operation 817 'load' 'l2_bits_19_load' <Predicate = (icmp_ln120)> <Delay = 0.00>
ST_5 : Operation 818 [1/1] (0.00ns)   --->   "%l2_bits_20_load = load i1 %l2_bits_20"   --->   Operation 818 'load' 'l2_bits_20_load' <Predicate = (icmp_ln120)> <Delay = 0.00>
ST_5 : Operation 819 [1/1] (0.00ns)   --->   "%l2_bits_21_load = load i1 %l2_bits_21"   --->   Operation 819 'load' 'l2_bits_21_load' <Predicate = (icmp_ln120)> <Delay = 0.00>
ST_5 : Operation 820 [1/1] (0.00ns)   --->   "%l2_bits_22_load = load i1 %l2_bits_22"   --->   Operation 820 'load' 'l2_bits_22_load' <Predicate = (icmp_ln120)> <Delay = 0.00>
ST_5 : Operation 821 [1/1] (0.00ns)   --->   "%l2_bits_23_load = load i1 %l2_bits_23"   --->   Operation 821 'load' 'l2_bits_23_load' <Predicate = (icmp_ln120)> <Delay = 0.00>
ST_5 : Operation 822 [1/1] (0.00ns)   --->   "%l2_bits_24_load = load i1 %l2_bits_24"   --->   Operation 822 'load' 'l2_bits_24_load' <Predicate = (icmp_ln120)> <Delay = 0.00>
ST_5 : Operation 823 [1/1] (0.00ns)   --->   "%l2_bits_25_load = load i1 %l2_bits_25"   --->   Operation 823 'load' 'l2_bits_25_load' <Predicate = (icmp_ln120)> <Delay = 0.00>
ST_5 : Operation 824 [1/1] (0.00ns)   --->   "%l2_bits_26_load = load i1 %l2_bits_26"   --->   Operation 824 'load' 'l2_bits_26_load' <Predicate = (icmp_ln120)> <Delay = 0.00>
ST_5 : Operation 825 [1/1] (0.00ns)   --->   "%l2_bits_27_load = load i1 %l2_bits_27"   --->   Operation 825 'load' 'l2_bits_27_load' <Predicate = (icmp_ln120)> <Delay = 0.00>
ST_5 : Operation 826 [1/1] (0.00ns)   --->   "%l2_bits_28_load = load i1 %l2_bits_28"   --->   Operation 826 'load' 'l2_bits_28_load' <Predicate = (icmp_ln120)> <Delay = 0.00>
ST_5 : Operation 827 [1/1] (0.00ns)   --->   "%l2_bits_29_load = load i1 %l2_bits_29"   --->   Operation 827 'load' 'l2_bits_29_load' <Predicate = (icmp_ln120)> <Delay = 0.00>
ST_5 : Operation 828 [1/1] (0.00ns)   --->   "%l2_bits_30_load = load i1 %l2_bits_30"   --->   Operation 828 'load' 'l2_bits_30_load' <Predicate = (icmp_ln120)> <Delay = 0.00>
ST_5 : Operation 829 [1/1] (0.00ns)   --->   "%l2_bits_31_load = load i1 %l2_bits_31"   --->   Operation 829 'load' 'l2_bits_31_load' <Predicate = (icmp_ln120)> <Delay = 0.00>
ST_5 : Operation 830 [1/1] (0.00ns)   --->   "%l2_bits_32_load = load i1 %l2_bits_32"   --->   Operation 830 'load' 'l2_bits_32_load' <Predicate = (icmp_ln120)> <Delay = 0.00>
ST_5 : Operation 831 [1/1] (0.00ns)   --->   "%l2_bits_33_load = load i1 %l2_bits_33"   --->   Operation 831 'load' 'l2_bits_33_load' <Predicate = (icmp_ln120)> <Delay = 0.00>
ST_5 : Operation 832 [1/1] (0.00ns)   --->   "%l2_bits_34_load = load i1 %l2_bits_34"   --->   Operation 832 'load' 'l2_bits_34_load' <Predicate = (icmp_ln120)> <Delay = 0.00>
ST_5 : Operation 833 [1/1] (0.00ns)   --->   "%l2_bits_35_load = load i1 %l2_bits_35"   --->   Operation 833 'load' 'l2_bits_35_load' <Predicate = (icmp_ln120)> <Delay = 0.00>
ST_5 : Operation 834 [1/1] (0.00ns)   --->   "%l2_bits_36_load = load i1 %l2_bits_36"   --->   Operation 834 'load' 'l2_bits_36_load' <Predicate = (icmp_ln120)> <Delay = 0.00>
ST_5 : Operation 835 [1/1] (0.00ns)   --->   "%l2_bits_37_load = load i1 %l2_bits_37"   --->   Operation 835 'load' 'l2_bits_37_load' <Predicate = (icmp_ln120)> <Delay = 0.00>
ST_5 : Operation 836 [1/1] (0.00ns)   --->   "%l2_bits_38_load = load i1 %l2_bits_38"   --->   Operation 836 'load' 'l2_bits_38_load' <Predicate = (icmp_ln120)> <Delay = 0.00>
ST_5 : Operation 837 [1/1] (0.00ns)   --->   "%l2_bits_39_load = load i1 %l2_bits_39"   --->   Operation 837 'load' 'l2_bits_39_load' <Predicate = (icmp_ln120)> <Delay = 0.00>
ST_5 : Operation 838 [1/1] (0.00ns)   --->   "%l2_bits_40_load = load i1 %l2_bits_40"   --->   Operation 838 'load' 'l2_bits_40_load' <Predicate = (icmp_ln120)> <Delay = 0.00>
ST_5 : Operation 839 [1/1] (0.00ns)   --->   "%l2_bits_41_load = load i1 %l2_bits_41"   --->   Operation 839 'load' 'l2_bits_41_load' <Predicate = (icmp_ln120)> <Delay = 0.00>
ST_5 : Operation 840 [1/1] (0.00ns)   --->   "%l2_bits_42_load = load i1 %l2_bits_42"   --->   Operation 840 'load' 'l2_bits_42_load' <Predicate = (icmp_ln120)> <Delay = 0.00>
ST_5 : Operation 841 [1/1] (0.00ns)   --->   "%l2_bits_43_load = load i1 %l2_bits_43"   --->   Operation 841 'load' 'l2_bits_43_load' <Predicate = (icmp_ln120)> <Delay = 0.00>
ST_5 : Operation 842 [1/1] (0.00ns)   --->   "%l2_bits_44_load = load i1 %l2_bits_44"   --->   Operation 842 'load' 'l2_bits_44_load' <Predicate = (icmp_ln120)> <Delay = 0.00>
ST_5 : Operation 843 [1/1] (0.00ns)   --->   "%l2_bits_45_load = load i1 %l2_bits_45"   --->   Operation 843 'load' 'l2_bits_45_load' <Predicate = (icmp_ln120)> <Delay = 0.00>
ST_5 : Operation 844 [1/1] (0.00ns)   --->   "%l2_bits_46_load = load i1 %l2_bits_46"   --->   Operation 844 'load' 'l2_bits_46_load' <Predicate = (icmp_ln120)> <Delay = 0.00>
ST_5 : Operation 845 [1/1] (0.00ns)   --->   "%l2_bits_47_load = load i1 %l2_bits_47"   --->   Operation 845 'load' 'l2_bits_47_load' <Predicate = (icmp_ln120)> <Delay = 0.00>
ST_5 : Operation 846 [1/1] (0.00ns)   --->   "%l2_bits_48_load = load i1 %l2_bits_48"   --->   Operation 846 'load' 'l2_bits_48_load' <Predicate = (icmp_ln120)> <Delay = 0.00>
ST_5 : Operation 847 [1/1] (0.00ns)   --->   "%l2_bits_49_load = load i1 %l2_bits_49"   --->   Operation 847 'load' 'l2_bits_49_load' <Predicate = (icmp_ln120)> <Delay = 0.00>
ST_5 : Operation 848 [1/1] (0.00ns)   --->   "%l2_bits_50_load = load i1 %l2_bits_50"   --->   Operation 848 'load' 'l2_bits_50_load' <Predicate = (icmp_ln120)> <Delay = 0.00>
ST_5 : Operation 849 [1/1] (0.00ns)   --->   "%l2_bits_51_load = load i1 %l2_bits_51"   --->   Operation 849 'load' 'l2_bits_51_load' <Predicate = (icmp_ln120)> <Delay = 0.00>
ST_5 : Operation 850 [1/1] (0.00ns)   --->   "%l2_bits_52_load = load i1 %l2_bits_52"   --->   Operation 850 'load' 'l2_bits_52_load' <Predicate = (icmp_ln120)> <Delay = 0.00>
ST_5 : Operation 851 [1/1] (0.00ns)   --->   "%l2_bits_53_load = load i1 %l2_bits_53"   --->   Operation 851 'load' 'l2_bits_53_load' <Predicate = (icmp_ln120)> <Delay = 0.00>
ST_5 : Operation 852 [1/1] (0.00ns)   --->   "%l2_bits_54_load = load i1 %l2_bits_54"   --->   Operation 852 'load' 'l2_bits_54_load' <Predicate = (icmp_ln120)> <Delay = 0.00>
ST_5 : Operation 853 [1/1] (0.00ns)   --->   "%l2_bits_55_load = load i1 %l2_bits_55"   --->   Operation 853 'load' 'l2_bits_55_load' <Predicate = (icmp_ln120)> <Delay = 0.00>
ST_5 : Operation 854 [1/1] (0.00ns)   --->   "%l2_bits_56_load = load i1 %l2_bits_56"   --->   Operation 854 'load' 'l2_bits_56_load' <Predicate = (icmp_ln120)> <Delay = 0.00>
ST_5 : Operation 855 [1/1] (0.00ns)   --->   "%l2_bits_57_load = load i1 %l2_bits_57"   --->   Operation 855 'load' 'l2_bits_57_load' <Predicate = (icmp_ln120)> <Delay = 0.00>
ST_5 : Operation 856 [1/1] (0.00ns)   --->   "%l2_bits_58_load = load i1 %l2_bits_58"   --->   Operation 856 'load' 'l2_bits_58_load' <Predicate = (icmp_ln120)> <Delay = 0.00>
ST_5 : Operation 857 [1/1] (0.00ns)   --->   "%l2_bits_59_load = load i1 %l2_bits_59"   --->   Operation 857 'load' 'l2_bits_59_load' <Predicate = (icmp_ln120)> <Delay = 0.00>
ST_5 : Operation 858 [1/1] (0.00ns)   --->   "%l2_bits_60_load = load i1 %l2_bits_60"   --->   Operation 858 'load' 'l2_bits_60_load' <Predicate = (icmp_ln120)> <Delay = 0.00>
ST_5 : Operation 859 [1/1] (0.00ns)   --->   "%l2_bits_61_load = load i1 %l2_bits_61"   --->   Operation 859 'load' 'l2_bits_61_load' <Predicate = (icmp_ln120)> <Delay = 0.00>
ST_5 : Operation 860 [1/1] (0.00ns)   --->   "%l2_bits_62_load = load i1 %l2_bits_62"   --->   Operation 860 'load' 'l2_bits_62_load' <Predicate = (icmp_ln120)> <Delay = 0.00>
ST_5 : Operation 861 [1/1] (0.00ns)   --->   "%l2_bits_63_load = load i1 %l2_bits_63"   --->   Operation 861 'load' 'l2_bits_63_load' <Predicate = (icmp_ln120)> <Delay = 0.00>
ST_5 : Operation 862 [1/1] (0.00ns)   --->   "%write_ln0 = write void @_ssdm_op_Write.ap_auto.i1P0A, i1 %l2_bits_63_out, i1 %l2_bits_63_load"   --->   Operation 862 'write' 'write_ln0' <Predicate = (icmp_ln120)> <Delay = 0.00>
ST_5 : Operation 863 [1/1] (0.00ns)   --->   "%write_ln0 = write void @_ssdm_op_Write.ap_auto.i1P0A, i1 %l2_bits_62_out, i1 %l2_bits_62_load"   --->   Operation 863 'write' 'write_ln0' <Predicate = (icmp_ln120)> <Delay = 0.00>
ST_5 : Operation 864 [1/1] (0.00ns)   --->   "%write_ln0 = write void @_ssdm_op_Write.ap_auto.i1P0A, i1 %l2_bits_61_out, i1 %l2_bits_61_load"   --->   Operation 864 'write' 'write_ln0' <Predicate = (icmp_ln120)> <Delay = 0.00>
ST_5 : Operation 865 [1/1] (0.00ns)   --->   "%write_ln0 = write void @_ssdm_op_Write.ap_auto.i1P0A, i1 %l2_bits_60_out, i1 %l2_bits_60_load"   --->   Operation 865 'write' 'write_ln0' <Predicate = (icmp_ln120)> <Delay = 0.00>
ST_5 : Operation 866 [1/1] (0.00ns)   --->   "%write_ln0 = write void @_ssdm_op_Write.ap_auto.i1P0A, i1 %l2_bits_59_out, i1 %l2_bits_59_load"   --->   Operation 866 'write' 'write_ln0' <Predicate = (icmp_ln120)> <Delay = 0.00>
ST_5 : Operation 867 [1/1] (0.00ns)   --->   "%write_ln0 = write void @_ssdm_op_Write.ap_auto.i1P0A, i1 %l2_bits_58_out, i1 %l2_bits_58_load"   --->   Operation 867 'write' 'write_ln0' <Predicate = (icmp_ln120)> <Delay = 0.00>
ST_5 : Operation 868 [1/1] (0.00ns)   --->   "%write_ln0 = write void @_ssdm_op_Write.ap_auto.i1P0A, i1 %l2_bits_57_out, i1 %l2_bits_57_load"   --->   Operation 868 'write' 'write_ln0' <Predicate = (icmp_ln120)> <Delay = 0.00>
ST_5 : Operation 869 [1/1] (0.00ns)   --->   "%write_ln0 = write void @_ssdm_op_Write.ap_auto.i1P0A, i1 %l2_bits_56_out, i1 %l2_bits_56_load"   --->   Operation 869 'write' 'write_ln0' <Predicate = (icmp_ln120)> <Delay = 0.00>
ST_5 : Operation 870 [1/1] (0.00ns)   --->   "%write_ln0 = write void @_ssdm_op_Write.ap_auto.i1P0A, i1 %l2_bits_55_out, i1 %l2_bits_55_load"   --->   Operation 870 'write' 'write_ln0' <Predicate = (icmp_ln120)> <Delay = 0.00>
ST_5 : Operation 871 [1/1] (0.00ns)   --->   "%write_ln0 = write void @_ssdm_op_Write.ap_auto.i1P0A, i1 %l2_bits_54_out, i1 %l2_bits_54_load"   --->   Operation 871 'write' 'write_ln0' <Predicate = (icmp_ln120)> <Delay = 0.00>
ST_5 : Operation 872 [1/1] (0.00ns)   --->   "%write_ln0 = write void @_ssdm_op_Write.ap_auto.i1P0A, i1 %l2_bits_53_out, i1 %l2_bits_53_load"   --->   Operation 872 'write' 'write_ln0' <Predicate = (icmp_ln120)> <Delay = 0.00>
ST_5 : Operation 873 [1/1] (0.00ns)   --->   "%write_ln0 = write void @_ssdm_op_Write.ap_auto.i1P0A, i1 %l2_bits_52_out, i1 %l2_bits_52_load"   --->   Operation 873 'write' 'write_ln0' <Predicate = (icmp_ln120)> <Delay = 0.00>
ST_5 : Operation 874 [1/1] (0.00ns)   --->   "%write_ln0 = write void @_ssdm_op_Write.ap_auto.i1P0A, i1 %l2_bits_51_out, i1 %l2_bits_51_load"   --->   Operation 874 'write' 'write_ln0' <Predicate = (icmp_ln120)> <Delay = 0.00>
ST_5 : Operation 875 [1/1] (0.00ns)   --->   "%write_ln0 = write void @_ssdm_op_Write.ap_auto.i1P0A, i1 %l2_bits_50_out, i1 %l2_bits_50_load"   --->   Operation 875 'write' 'write_ln0' <Predicate = (icmp_ln120)> <Delay = 0.00>
ST_5 : Operation 876 [1/1] (0.00ns)   --->   "%write_ln0 = write void @_ssdm_op_Write.ap_auto.i1P0A, i1 %l2_bits_49_out, i1 %l2_bits_49_load"   --->   Operation 876 'write' 'write_ln0' <Predicate = (icmp_ln120)> <Delay = 0.00>
ST_5 : Operation 877 [1/1] (0.00ns)   --->   "%write_ln0 = write void @_ssdm_op_Write.ap_auto.i1P0A, i1 %l2_bits_48_out, i1 %l2_bits_48_load"   --->   Operation 877 'write' 'write_ln0' <Predicate = (icmp_ln120)> <Delay = 0.00>
ST_5 : Operation 878 [1/1] (0.00ns)   --->   "%write_ln0 = write void @_ssdm_op_Write.ap_auto.i1P0A, i1 %l2_bits_47_out, i1 %l2_bits_47_load"   --->   Operation 878 'write' 'write_ln0' <Predicate = (icmp_ln120)> <Delay = 0.00>
ST_5 : Operation 879 [1/1] (0.00ns)   --->   "%write_ln0 = write void @_ssdm_op_Write.ap_auto.i1P0A, i1 %l2_bits_46_out, i1 %l2_bits_46_load"   --->   Operation 879 'write' 'write_ln0' <Predicate = (icmp_ln120)> <Delay = 0.00>
ST_5 : Operation 880 [1/1] (0.00ns)   --->   "%write_ln0 = write void @_ssdm_op_Write.ap_auto.i1P0A, i1 %l2_bits_45_out, i1 %l2_bits_45_load"   --->   Operation 880 'write' 'write_ln0' <Predicate = (icmp_ln120)> <Delay = 0.00>
ST_5 : Operation 881 [1/1] (0.00ns)   --->   "%write_ln0 = write void @_ssdm_op_Write.ap_auto.i1P0A, i1 %l2_bits_44_out, i1 %l2_bits_44_load"   --->   Operation 881 'write' 'write_ln0' <Predicate = (icmp_ln120)> <Delay = 0.00>
ST_5 : Operation 882 [1/1] (0.00ns)   --->   "%write_ln0 = write void @_ssdm_op_Write.ap_auto.i1P0A, i1 %l2_bits_43_out, i1 %l2_bits_43_load"   --->   Operation 882 'write' 'write_ln0' <Predicate = (icmp_ln120)> <Delay = 0.00>
ST_5 : Operation 883 [1/1] (0.00ns)   --->   "%write_ln0 = write void @_ssdm_op_Write.ap_auto.i1P0A, i1 %l2_bits_42_out, i1 %l2_bits_42_load"   --->   Operation 883 'write' 'write_ln0' <Predicate = (icmp_ln120)> <Delay = 0.00>
ST_5 : Operation 884 [1/1] (0.00ns)   --->   "%write_ln0 = write void @_ssdm_op_Write.ap_auto.i1P0A, i1 %l2_bits_41_out, i1 %l2_bits_41_load"   --->   Operation 884 'write' 'write_ln0' <Predicate = (icmp_ln120)> <Delay = 0.00>
ST_5 : Operation 885 [1/1] (0.00ns)   --->   "%write_ln0 = write void @_ssdm_op_Write.ap_auto.i1P0A, i1 %l2_bits_40_out, i1 %l2_bits_40_load"   --->   Operation 885 'write' 'write_ln0' <Predicate = (icmp_ln120)> <Delay = 0.00>
ST_5 : Operation 886 [1/1] (0.00ns)   --->   "%write_ln0 = write void @_ssdm_op_Write.ap_auto.i1P0A, i1 %l2_bits_39_out, i1 %l2_bits_39_load"   --->   Operation 886 'write' 'write_ln0' <Predicate = (icmp_ln120)> <Delay = 0.00>
ST_5 : Operation 887 [1/1] (0.00ns)   --->   "%write_ln0 = write void @_ssdm_op_Write.ap_auto.i1P0A, i1 %l2_bits_38_out, i1 %l2_bits_38_load"   --->   Operation 887 'write' 'write_ln0' <Predicate = (icmp_ln120)> <Delay = 0.00>
ST_5 : Operation 888 [1/1] (0.00ns)   --->   "%write_ln0 = write void @_ssdm_op_Write.ap_auto.i1P0A, i1 %l2_bits_37_out, i1 %l2_bits_37_load"   --->   Operation 888 'write' 'write_ln0' <Predicate = (icmp_ln120)> <Delay = 0.00>
ST_5 : Operation 889 [1/1] (0.00ns)   --->   "%write_ln0 = write void @_ssdm_op_Write.ap_auto.i1P0A, i1 %l2_bits_36_out, i1 %l2_bits_36_load"   --->   Operation 889 'write' 'write_ln0' <Predicate = (icmp_ln120)> <Delay = 0.00>
ST_5 : Operation 890 [1/1] (0.00ns)   --->   "%write_ln0 = write void @_ssdm_op_Write.ap_auto.i1P0A, i1 %l2_bits_35_out, i1 %l2_bits_35_load"   --->   Operation 890 'write' 'write_ln0' <Predicate = (icmp_ln120)> <Delay = 0.00>
ST_5 : Operation 891 [1/1] (0.00ns)   --->   "%write_ln0 = write void @_ssdm_op_Write.ap_auto.i1P0A, i1 %l2_bits_34_out, i1 %l2_bits_34_load"   --->   Operation 891 'write' 'write_ln0' <Predicate = (icmp_ln120)> <Delay = 0.00>
ST_5 : Operation 892 [1/1] (0.00ns)   --->   "%write_ln0 = write void @_ssdm_op_Write.ap_auto.i1P0A, i1 %l2_bits_33_out, i1 %l2_bits_33_load"   --->   Operation 892 'write' 'write_ln0' <Predicate = (icmp_ln120)> <Delay = 0.00>
ST_5 : Operation 893 [1/1] (0.00ns)   --->   "%write_ln0 = write void @_ssdm_op_Write.ap_auto.i1P0A, i1 %l2_bits_32_out, i1 %l2_bits_32_load"   --->   Operation 893 'write' 'write_ln0' <Predicate = (icmp_ln120)> <Delay = 0.00>
ST_5 : Operation 894 [1/1] (0.00ns)   --->   "%write_ln0 = write void @_ssdm_op_Write.ap_auto.i1P0A, i1 %l2_bits_31_out, i1 %l2_bits_31_load"   --->   Operation 894 'write' 'write_ln0' <Predicate = (icmp_ln120)> <Delay = 0.00>
ST_5 : Operation 895 [1/1] (0.00ns)   --->   "%write_ln0 = write void @_ssdm_op_Write.ap_auto.i1P0A, i1 %l2_bits_30_out, i1 %l2_bits_30_load"   --->   Operation 895 'write' 'write_ln0' <Predicate = (icmp_ln120)> <Delay = 0.00>
ST_5 : Operation 896 [1/1] (0.00ns)   --->   "%write_ln0 = write void @_ssdm_op_Write.ap_auto.i1P0A, i1 %l2_bits_29_out, i1 %l2_bits_29_load"   --->   Operation 896 'write' 'write_ln0' <Predicate = (icmp_ln120)> <Delay = 0.00>
ST_5 : Operation 897 [1/1] (0.00ns)   --->   "%write_ln0 = write void @_ssdm_op_Write.ap_auto.i1P0A, i1 %l2_bits_28_out, i1 %l2_bits_28_load"   --->   Operation 897 'write' 'write_ln0' <Predicate = (icmp_ln120)> <Delay = 0.00>
ST_5 : Operation 898 [1/1] (0.00ns)   --->   "%write_ln0 = write void @_ssdm_op_Write.ap_auto.i1P0A, i1 %l2_bits_27_out, i1 %l2_bits_27_load"   --->   Operation 898 'write' 'write_ln0' <Predicate = (icmp_ln120)> <Delay = 0.00>
ST_5 : Operation 899 [1/1] (0.00ns)   --->   "%write_ln0 = write void @_ssdm_op_Write.ap_auto.i1P0A, i1 %l2_bits_26_out, i1 %l2_bits_26_load"   --->   Operation 899 'write' 'write_ln0' <Predicate = (icmp_ln120)> <Delay = 0.00>
ST_5 : Operation 900 [1/1] (0.00ns)   --->   "%write_ln0 = write void @_ssdm_op_Write.ap_auto.i1P0A, i1 %l2_bits_25_out, i1 %l2_bits_25_load"   --->   Operation 900 'write' 'write_ln0' <Predicate = (icmp_ln120)> <Delay = 0.00>
ST_5 : Operation 901 [1/1] (0.00ns)   --->   "%write_ln0 = write void @_ssdm_op_Write.ap_auto.i1P0A, i1 %l2_bits_24_out, i1 %l2_bits_24_load"   --->   Operation 901 'write' 'write_ln0' <Predicate = (icmp_ln120)> <Delay = 0.00>
ST_5 : Operation 902 [1/1] (0.00ns)   --->   "%write_ln0 = write void @_ssdm_op_Write.ap_auto.i1P0A, i1 %l2_bits_23_out, i1 %l2_bits_23_load"   --->   Operation 902 'write' 'write_ln0' <Predicate = (icmp_ln120)> <Delay = 0.00>
ST_5 : Operation 903 [1/1] (0.00ns)   --->   "%write_ln0 = write void @_ssdm_op_Write.ap_auto.i1P0A, i1 %l2_bits_22_out, i1 %l2_bits_22_load"   --->   Operation 903 'write' 'write_ln0' <Predicate = (icmp_ln120)> <Delay = 0.00>
ST_5 : Operation 904 [1/1] (0.00ns)   --->   "%write_ln0 = write void @_ssdm_op_Write.ap_auto.i1P0A, i1 %l2_bits_21_out, i1 %l2_bits_21_load"   --->   Operation 904 'write' 'write_ln0' <Predicate = (icmp_ln120)> <Delay = 0.00>
ST_5 : Operation 905 [1/1] (0.00ns)   --->   "%write_ln0 = write void @_ssdm_op_Write.ap_auto.i1P0A, i1 %l2_bits_20_out, i1 %l2_bits_20_load"   --->   Operation 905 'write' 'write_ln0' <Predicate = (icmp_ln120)> <Delay = 0.00>
ST_5 : Operation 906 [1/1] (0.00ns)   --->   "%write_ln0 = write void @_ssdm_op_Write.ap_auto.i1P0A, i1 %l2_bits_19_out, i1 %l2_bits_19_load"   --->   Operation 906 'write' 'write_ln0' <Predicate = (icmp_ln120)> <Delay = 0.00>
ST_5 : Operation 907 [1/1] (0.00ns)   --->   "%write_ln0 = write void @_ssdm_op_Write.ap_auto.i1P0A, i1 %l2_bits_18_out, i1 %l2_bits_18_load"   --->   Operation 907 'write' 'write_ln0' <Predicate = (icmp_ln120)> <Delay = 0.00>
ST_5 : Operation 908 [1/1] (0.00ns)   --->   "%write_ln0 = write void @_ssdm_op_Write.ap_auto.i1P0A, i1 %l2_bits_17_out, i1 %l2_bits_17_load"   --->   Operation 908 'write' 'write_ln0' <Predicate = (icmp_ln120)> <Delay = 0.00>
ST_5 : Operation 909 [1/1] (0.00ns)   --->   "%write_ln0 = write void @_ssdm_op_Write.ap_auto.i1P0A, i1 %l2_bits_16_out, i1 %l2_bits_16_load"   --->   Operation 909 'write' 'write_ln0' <Predicate = (icmp_ln120)> <Delay = 0.00>
ST_5 : Operation 910 [1/1] (0.00ns)   --->   "%write_ln0 = write void @_ssdm_op_Write.ap_auto.i1P0A, i1 %l2_bits_15_out, i1 %l2_bits_15_load"   --->   Operation 910 'write' 'write_ln0' <Predicate = (icmp_ln120)> <Delay = 0.00>
ST_5 : Operation 911 [1/1] (0.00ns)   --->   "%write_ln0 = write void @_ssdm_op_Write.ap_auto.i1P0A, i1 %l2_bits_14_out, i1 %l2_bits_14_load"   --->   Operation 911 'write' 'write_ln0' <Predicate = (icmp_ln120)> <Delay = 0.00>
ST_5 : Operation 912 [1/1] (0.00ns)   --->   "%write_ln0 = write void @_ssdm_op_Write.ap_auto.i1P0A, i1 %l2_bits_13_out, i1 %l2_bits_13_load"   --->   Operation 912 'write' 'write_ln0' <Predicate = (icmp_ln120)> <Delay = 0.00>
ST_5 : Operation 913 [1/1] (0.00ns)   --->   "%write_ln0 = write void @_ssdm_op_Write.ap_auto.i1P0A, i1 %l2_bits_12_out, i1 %l2_bits_12_load"   --->   Operation 913 'write' 'write_ln0' <Predicate = (icmp_ln120)> <Delay = 0.00>
ST_5 : Operation 914 [1/1] (0.00ns)   --->   "%write_ln0 = write void @_ssdm_op_Write.ap_auto.i1P0A, i1 %l2_bits_11_out, i1 %l2_bits_11_load"   --->   Operation 914 'write' 'write_ln0' <Predicate = (icmp_ln120)> <Delay = 0.00>
ST_5 : Operation 915 [1/1] (0.00ns)   --->   "%write_ln0 = write void @_ssdm_op_Write.ap_auto.i1P0A, i1 %l2_bits_10_out, i1 %l2_bits_10_load"   --->   Operation 915 'write' 'write_ln0' <Predicate = (icmp_ln120)> <Delay = 0.00>
ST_5 : Operation 916 [1/1] (0.00ns)   --->   "%write_ln0 = write void @_ssdm_op_Write.ap_auto.i1P0A, i1 %l2_bits_9_out, i1 %l2_bits_9_load"   --->   Operation 916 'write' 'write_ln0' <Predicate = (icmp_ln120)> <Delay = 0.00>
ST_5 : Operation 917 [1/1] (0.00ns)   --->   "%write_ln0 = write void @_ssdm_op_Write.ap_auto.i1P0A, i1 %l2_bits_8_out, i1 %l2_bits_8_load"   --->   Operation 917 'write' 'write_ln0' <Predicate = (icmp_ln120)> <Delay = 0.00>
ST_5 : Operation 918 [1/1] (0.00ns)   --->   "%write_ln0 = write void @_ssdm_op_Write.ap_auto.i1P0A, i1 %l2_bits_7_out, i1 %l2_bits_7_load"   --->   Operation 918 'write' 'write_ln0' <Predicate = (icmp_ln120)> <Delay = 0.00>
ST_5 : Operation 919 [1/1] (0.00ns)   --->   "%write_ln0 = write void @_ssdm_op_Write.ap_auto.i1P0A, i1 %l2_bits_6_out, i1 %l2_bits_6_load"   --->   Operation 919 'write' 'write_ln0' <Predicate = (icmp_ln120)> <Delay = 0.00>
ST_5 : Operation 920 [1/1] (0.00ns)   --->   "%write_ln0 = write void @_ssdm_op_Write.ap_auto.i1P0A, i1 %l2_bits_5_out, i1 %l2_bits_5_load"   --->   Operation 920 'write' 'write_ln0' <Predicate = (icmp_ln120)> <Delay = 0.00>
ST_5 : Operation 921 [1/1] (0.00ns)   --->   "%write_ln0 = write void @_ssdm_op_Write.ap_auto.i1P0A, i1 %l2_bits_4_out, i1 %l2_bits_4_load"   --->   Operation 921 'write' 'write_ln0' <Predicate = (icmp_ln120)> <Delay = 0.00>
ST_5 : Operation 922 [1/1] (0.00ns)   --->   "%write_ln0 = write void @_ssdm_op_Write.ap_auto.i1P0A, i1 %l2_bits_3_out, i1 %l2_bits_3_load"   --->   Operation 922 'write' 'write_ln0' <Predicate = (icmp_ln120)> <Delay = 0.00>
ST_5 : Operation 923 [1/1] (0.00ns)   --->   "%write_ln0 = write void @_ssdm_op_Write.ap_auto.i1P0A, i1 %l2_bits_2_out, i1 %l2_bits_2_load"   --->   Operation 923 'write' 'write_ln0' <Predicate = (icmp_ln120)> <Delay = 0.00>
ST_5 : Operation 924 [1/1] (0.00ns)   --->   "%write_ln0 = write void @_ssdm_op_Write.ap_auto.i1P0A, i1 %l2_bits_1_out, i1 %l2_bits_1_load"   --->   Operation 924 'write' 'write_ln0' <Predicate = (icmp_ln120)> <Delay = 0.00>
ST_5 : Operation 925 [1/1] (0.00ns)   --->   "%write_ln0 = write void @_ssdm_op_Write.ap_auto.i1P0A, i1 %l2_bits_out, i1 %l2_bits_load"   --->   Operation 925 'write' 'write_ln0' <Predicate = (icmp_ln120)> <Delay = 0.00>
ST_5 : Operation 926 [1/1] (1.58ns)   --->   "%ret_ln0 = ret"   --->   Operation 926 'ret' 'ret_ln0' <Predicate = (icmp_ln120)> <Delay = 1.58>

State 6 <SV = 5> <Delay = 3.25>
ST_6 : Operation 794 [1/1] (0.00ns)   --->   "%specpipeline_ln121 = specpipeline void @_ssdm_op_SpecPipeline, i32 1, i32 0, i32 0, i32 0, void @empty_8" [bnn.cpp:121]   --->   Operation 794 'specpipeline' 'specpipeline_ln121' <Predicate = true> <Delay = 0.00>
ST_6 : Operation 795 [1/1] (0.00ns)   --->   "%speclooptripcount_ln116 = speclooptripcount void @_ssdm_op_SpecLoopTripCount, i64 64, i64 64, i64 64" [bnn.cpp:116]   --->   Operation 795 'speclooptripcount' 'speclooptripcount_ln116' <Predicate = true> <Delay = 0.00>
ST_6 : Operation 796 [1/1] (0.00ns)   --->   "%specloopname_ln120 = specloopname void @_ssdm_op_SpecLoopName, void @empty" [bnn.cpp:120]   --->   Operation 796 'specloopname' 'specloopname_ln120' <Predicate = true> <Delay = 0.00>
ST_6 : Operation 797 [1/2] ( I:3.25ns O:3.25ns )   --->   "%store_ln126 = store i32 %sext_ln123, i6 %l2_out_addr" [bnn.cpp:126]   --->   Operation 797 'store' 'store_ln126' <Predicate = true> <Delay = 3.25> <CoreInst = "RAM_1P">   --->   Core 85 'RAM_1P' <Latency = 1> <II = 1> <Delay = 3.25> <Storage> <Opcode : 'load' 'store'> <Ports = 1> <Width = 32> <Depth = 64> <RAM>


============================================================
+ Verbose Summary: Timing violations
============================================================
Target clock period: 10.000ns, clock uncertainty: 2.700ns.

 <State 1>: 5.046ns
The critical path consists of the following:
	'store' operation 0 bit ('store_ln120', bnn.cpp:120) of constant 0 on local variable 'n', bnn.cpp:120 [150]  (1.588 ns)
	'load' operation 7 bit ('n', bnn.cpp:120) on local variable 'n', bnn.cpp:120 [153]  (0.000 ns)
	'add' operation 7 bit ('add_ln120', bnn.cpp:120) [155]  (1.870 ns)
	'store' operation 0 bit ('store_ln120', bnn.cpp:120) of variable 'add_ln120', bnn.cpp:120 on local variable 'n', bnn.cpp:120 [920]  (1.588 ns)

 <State 2>: 5.809ns
The critical path consists of the following:
	'load' operation 16 bit ('w2_load', bnn.cpp:60->bnn.cpp:123) on array 'w2' [166]  (3.254 ns)
	'xor' operation 16 bit ('xnor', bnn.cpp:60->bnn.cpp:123) [168]  (0.990 ns)
	'add' operation 2 bit ('add_ln11', bnn.cpp:11->bnn.cpp:61->bnn.cpp:123) [201]  (1.565 ns)

 <State 3>: 6.730ns
The critical path consists of the following:
	'add' operation 3 bit ('add_ln11_61', bnn.cpp:11->bnn.cpp:61->bnn.cpp:123) [205]  (1.565 ns)
	'add' operation 4 bit ('add_ln11_65', bnn.cpp:11->bnn.cpp:61->bnn.cpp:123) [213]  (1.650 ns)
	'add' operation 5 bit ('cnt', bnn.cpp:11->bnn.cpp:61->bnn.cpp:123) [229]  (1.735 ns)
	'add' operation 6 bit ('add_ln64', bnn.cpp:64->bnn.cpp:123) [707]  (1.780 ns)

 <State 4>: 3.695ns
The critical path consists of the following:
	'add' operation 7 bit ('add_ln64_5', bnn.cpp:64->bnn.cpp:123) [711]  (1.825 ns)
	'add' operation 8 bit ('add_ln64_2', bnn.cpp:64->bnn.cpp:123) [719]  (1.870 ns)

 <State 5>: 5.077ns
The critical path consists of the following:
	'add' operation 9 bit ('dot', bnn.cpp:64->bnn.cpp:123) [721]  (1.823 ns)
	'store' operation 0 bit ('store_ln126', bnn.cpp:126) of variable 'sext_ln123', bnn.cpp:123 on array 'l2_out' [724]  (3.254 ns)

 <State 6>: 3.254ns
The critical path consists of the following:
	'store' operation 0 bit ('store_ln126', bnn.cpp:126) of variable 'sext_ln123', bnn.cpp:123 on array 'l2_out' [724]  (3.254 ns)


============================================================
+ Verbose Summary: Binding
============================================================
N/A
* FSMD analyzer results:
  - Output states:
 - Input state : 
  - Chain level:
	State 1
	State 2
	State 3
	State 4
	State 5
	State 6


============================================================
+ Verbose Summary: Datapath Resource usage 
============================================================
N/A
