

================================================================
== Vitis HLS Report for 'bnn_Pipeline_l2_loop'
================================================================
* Date:           Wed Dec 10 17:08:02 2025

* Version:        2024.2 (Build 5238294 on Nov  8 2024)
* Project:        bnn.comp
* Solution:       hls (Vivado IP Flow Target)
* Product family: zynq
* Target device:  xc7z020-clg400-1


================================================================
== Performance Estimates
================================================================
+ Timing: 
    * Summary: 
    +--------+----------+----------+------------+
    |  Clock |  Target  | Estimated| Uncertainty|
    +--------+----------+----------+------------+
    |ap_clk  |  10.00 ns|  6.730 ns|     2.70 ns|
    +--------+----------+----------+------------+

+ Latency: 
    * Summary: 
    +---------+---------+----------+----------+-----+-----+------------------------------------------------+
    |  Latency (cycles) |  Latency (absolute) |  Interval |                    Pipeline                    |
    |   min   |   max   |    min   |    max   | min | max |                      Type                      |
    +---------+---------+----------+----------+-----+-----+------------------------------------------------+
    |       70|       70|  0.700 us|  0.700 us|   65|   65|  loop auto-rewind stp (delay=0 clock cycles(s))|
    +---------+---------+----------+----------+-----+-----+------------------------------------------------+

    + Detail: 
        * Instance: 
        N/A

        * Loop: 
        +-----------+---------+---------+----------+-----------+-----------+------+----------+
        |           |  Latency (cycles) | Iteration|  Initiation Interval  | Trip |          |
        | Loop Name |   min   |   max   |  Latency |  achieved |   target  | Count| Pipelined|
        +-----------+---------+---------+----------+-----------+-----------+------+----------+
        |- l2_loop  |       68|       68|         6|          1|          1|    64|       yes|
        +-----------+---------+---------+----------+-----------+-----------+------+----------+



================================================================
== Utilization Estimates
================================================================
* Summary: 
+-----------------+---------+-----+--------+-------+-----+
|       Name      | BRAM_18K| DSP |   FF   |  LUT  | URAM|
+-----------------+---------+-----+--------+-------+-----+
|DSP              |        -|    -|       -|      -|    -|
|Expression       |        -|    -|       0|   1718|    -|
|FIFO             |        -|    -|       -|      -|    -|
|Instance         |        -|    -|       -|      -|    -|
|Memory           |        4|    -|       0|      0|    -|
|Multiplexer      |        -|    -|       0|     36|    -|
|Register         |        -|    -|     512|     96|    -|
+-----------------+---------+-----+--------+-------+-----+
|Total            |        4|    0|     512|   1850|    0|
+-----------------+---------+-----+--------+-------+-----+
|Available        |      280|  220|  106400|  53200|    0|
+-----------------+---------+-----+--------+-------+-----+
|Utilization (%)  |        1|    0|      ~0|      3|    0|
+-----------------+---------+-----+--------+-------+-----+

+ Detail: 
    * Instance: 
    N/A

    * DSP: 
    N/A

    * Memory: 
    +-------+-------------------------------------+---------+---+----+-----+------+-----+------+-------------+
    | Memory|                Module               | BRAM_18K| FF| LUT| URAM| Words| Bits| Banks| W*Bits*Banks|
    +-------+-------------------------------------+---------+---+----+-----+------+-----+------+-------------+
    |w2_U   |bnn_Pipeline_l2_loop_w2_ROM_AUTO_1R  |        4|  0|   0|    0|   512|   16|     1|         8192|
    +-------+-------------------------------------+---------+---+----+-----+------+-----+------+-------------+
    |Total  |                                     |        4|  0|   0|    0|   512|   16|     1|         8192|
    +-------+-------------------------------------+---------+---+----+-----+------+-----+------+-------------+

    * FIFO: 
    N/A

    * Expression: 
    +-------------------------+----------+----+---+----+------------+------------+
    |      Variable Name      | Operation| DSP| FF| LUT| Bitwidth P0| Bitwidth P1|
    +-------------------------+----------+----+---+----+------------+------------+
    |add_ln11_100_fu_2108_p2  |         +|   0|  0|  10|           2|           2|
    |add_ln11_101_fu_3593_p2  |         +|   0|  0|  11|           3|           3|
    |add_ln11_102_fu_3603_p2  |         +|   0|  0|  13|           4|           4|
    |add_ln11_104_fu_2313_p2  |         +|   0|  0|  10|           2|           2|
    |add_ln11_105_fu_2319_p2  |         +|   0|  0|  10|           2|           2|
    |add_ln11_106_fu_3625_p2  |         +|   0|  0|  11|           3|           3|
    |add_ln11_107_fu_2325_p2  |         +|   0|  0|  10|           2|           2|
    |add_ln11_108_fu_2331_p2  |         +|   0|  0|  10|           2|           2|
    |add_ln11_109_fu_3641_p2  |         +|   0|  0|  11|           3|           3|
    |add_ln11_110_fu_3651_p2  |         +|   0|  0|  13|           4|           4|
    |add_ln11_111_fu_2337_p2  |         +|   0|  0|  10|           2|           2|
    |add_ln11_112_fu_2343_p2  |         +|   0|  0|  10|           2|           2|
    |add_ln11_113_fu_3667_p2  |         +|   0|  0|  11|           3|           3|
    |add_ln11_114_fu_2349_p2  |         +|   0|  0|  10|           2|           2|
    |add_ln11_115_fu_2355_p2  |         +|   0|  0|  10|           2|           2|
    |add_ln11_116_fu_3683_p2  |         +|   0|  0|  11|           3|           3|
    |add_ln11_117_fu_3693_p2  |         +|   0|  0|  13|           4|           4|
    |add_ln11_119_fu_2560_p2  |         +|   0|  0|  10|           2|           2|
    |add_ln11_120_fu_2566_p2  |         +|   0|  0|  10|           2|           2|
    |add_ln11_121_fu_3715_p2  |         +|   0|  0|  11|           3|           3|
    |add_ln11_122_fu_2572_p2  |         +|   0|  0|  10|           2|           2|
    |add_ln11_123_fu_2578_p2  |         +|   0|  0|  10|           2|           2|
    |add_ln11_124_fu_3731_p2  |         +|   0|  0|  11|           3|           3|
    |add_ln11_125_fu_3741_p2  |         +|   0|  0|  13|           4|           4|
    |add_ln11_126_fu_2584_p2  |         +|   0|  0|  10|           2|           2|
    |add_ln11_127_fu_2590_p2  |         +|   0|  0|  10|           2|           2|
    |add_ln11_128_fu_3757_p2  |         +|   0|  0|  11|           3|           3|
    |add_ln11_129_fu_2596_p2  |         +|   0|  0|  10|           2|           2|
    |add_ln11_130_fu_2602_p2  |         +|   0|  0|  10|           2|           2|
    |add_ln11_131_fu_3773_p2  |         +|   0|  0|  11|           3|           3|
    |add_ln11_132_fu_3783_p2  |         +|   0|  0|  13|           4|           4|
    |add_ln11_134_fu_2807_p2  |         +|   0|  0|  10|           2|           2|
    |add_ln11_135_fu_2813_p2  |         +|   0|  0|  10|           2|           2|
    |add_ln11_136_fu_3805_p2  |         +|   0|  0|  11|           3|           3|
    |add_ln11_137_fu_2819_p2  |         +|   0|  0|  10|           2|           2|
    |add_ln11_138_fu_2825_p2  |         +|   0|  0|  10|           2|           2|
    |add_ln11_139_fu_3821_p2  |         +|   0|  0|  11|           3|           3|
    |add_ln11_140_fu_3831_p2  |         +|   0|  0|  13|           4|           4|
    |add_ln11_141_fu_2831_p2  |         +|   0|  0|  10|           2|           2|
    |add_ln11_142_fu_2837_p2  |         +|   0|  0|  10|           2|           2|
    |add_ln11_143_fu_3847_p2  |         +|   0|  0|  11|           3|           3|
    |add_ln11_144_fu_2843_p2  |         +|   0|  0|  10|           2|           2|
    |add_ln11_145_fu_2849_p2  |         +|   0|  0|  10|           2|           2|
    |add_ln11_146_fu_3863_p2  |         +|   0|  0|  11|           3|           3|
    |add_ln11_147_fu_3873_p2  |         +|   0|  0|  13|           4|           4|
    |add_ln11_149_fu_3054_p2  |         +|   0|  0|  10|           2|           2|
    |add_ln11_150_fu_3060_p2  |         +|   0|  0|  10|           2|           2|
    |add_ln11_151_fu_3895_p2  |         +|   0|  0|  11|           3|           3|
    |add_ln11_152_fu_3066_p2  |         +|   0|  0|  10|           2|           2|
    |add_ln11_153_fu_3072_p2  |         +|   0|  0|  10|           2|           2|
    |add_ln11_154_fu_3911_p2  |         +|   0|  0|  11|           3|           3|
    |add_ln11_155_fu_3921_p2  |         +|   0|  0|  13|           4|           4|
    |add_ln11_156_fu_3078_p2  |         +|   0|  0|  10|           2|           2|
    |add_ln11_157_fu_3084_p2  |         +|   0|  0|  10|           2|           2|
    |add_ln11_158_fu_3937_p2  |         +|   0|  0|  11|           3|           3|
    |add_ln11_159_fu_3090_p2  |         +|   0|  0|  10|           2|           2|
    |add_ln11_160_fu_3096_p2  |         +|   0|  0|  10|           2|           2|
    |add_ln11_161_fu_3953_p2  |         +|   0|  0|  11|           3|           3|
    |add_ln11_162_fu_3963_p2  |         +|   0|  0|  13|           4|           4|
    |add_ln11_164_fu_3301_p2  |         +|   0|  0|  10|           2|           2|
    |add_ln11_165_fu_3307_p2  |         +|   0|  0|  10|           2|           2|
    |add_ln11_166_fu_3985_p2  |         +|   0|  0|  11|           3|           3|
    |add_ln11_167_fu_3313_p2  |         +|   0|  0|  10|           2|           2|
    |add_ln11_168_fu_3319_p2  |         +|   0|  0|  10|           2|           2|
    |add_ln11_169_fu_4001_p2  |         +|   0|  0|  11|           3|           3|
    |add_ln11_170_fu_4011_p2  |         +|   0|  0|  13|           4|           4|
    |add_ln11_171_fu_3325_p2  |         +|   0|  0|  10|           2|           2|
    |add_ln11_172_fu_3331_p2  |         +|   0|  0|  10|           2|           2|
    |add_ln11_173_fu_4027_p2  |         +|   0|  0|  11|           3|           3|
    |add_ln11_174_fu_3337_p2  |         +|   0|  0|  10|           2|           2|
    |add_ln11_175_fu_3343_p2  |         +|   0|  0|  10|           2|           2|
    |add_ln11_176_fu_4043_p2  |         +|   0|  0|  11|           3|           3|
    |add_ln11_177_fu_4053_p2  |         +|   0|  0|  13|           4|           4|
    |add_ln11_60_fu_1578_p2   |         +|   0|  0|  10|           2|           2|
    |add_ln11_61_fu_3355_p2   |         +|   0|  0|  11|           3|           3|
    |add_ln11_62_fu_1584_p2   |         +|   0|  0|  10|           2|           2|
    |add_ln11_63_fu_1590_p2   |         +|   0|  0|  10|           2|           2|
    |add_ln11_64_fu_3371_p2   |         +|   0|  0|  11|           3|           3|
    |add_ln11_65_fu_3381_p2   |         +|   0|  0|  13|           4|           4|
    |add_ln11_66_fu_1596_p2   |         +|   0|  0|  10|           2|           2|
    |add_ln11_67_fu_1602_p2   |         +|   0|  0|  10|           2|           2|
    |add_ln11_68_fu_3397_p2   |         +|   0|  0|  11|           3|           3|
    |add_ln11_69_fu_1608_p2   |         +|   0|  0|  10|           2|           2|
    |add_ln11_70_fu_1614_p2   |         +|   0|  0|  10|           2|           2|
    |add_ln11_71_fu_3413_p2   |         +|   0|  0|  11|           3|           3|
    |add_ln11_72_fu_3423_p2   |         +|   0|  0|  13|           4|           4|
    |add_ln11_74_fu_1819_p2   |         +|   0|  0|  10|           2|           2|
    |add_ln11_75_fu_1825_p2   |         +|   0|  0|  10|           2|           2|
    |add_ln11_76_fu_3445_p2   |         +|   0|  0|  11|           3|           3|
    |add_ln11_77_fu_1831_p2   |         +|   0|  0|  10|           2|           2|
    |add_ln11_78_fu_1837_p2   |         +|   0|  0|  10|           2|           2|
    |add_ln11_79_fu_3461_p2   |         +|   0|  0|  11|           3|           3|
    |add_ln11_80_fu_3471_p2   |         +|   0|  0|  13|           4|           4|
    |add_ln11_81_fu_1843_p2   |         +|   0|  0|  10|           2|           2|
    |add_ln11_82_fu_1849_p2   |         +|   0|  0|  10|           2|           2|
    |add_ln11_83_fu_3487_p2   |         +|   0|  0|  11|           3|           3|
    |add_ln11_84_fu_1855_p2   |         +|   0|  0|  10|           2|           2|
    |add_ln11_85_fu_1861_p2   |         +|   0|  0|  10|           2|           2|
    |add_ln11_86_fu_3503_p2   |         +|   0|  0|  11|           3|           3|
    |add_ln11_87_fu_3513_p2   |         +|   0|  0|  13|           4|           4|
    |add_ln11_89_fu_2066_p2   |         +|   0|  0|  10|           2|           2|
    |add_ln11_90_fu_2072_p2   |         +|   0|  0|  10|           2|           2|
    |add_ln11_91_fu_3535_p2   |         +|   0|  0|  11|           3|           3|
    |add_ln11_92_fu_2078_p2   |         +|   0|  0|  10|           2|           2|
    |add_ln11_93_fu_2084_p2   |         +|   0|  0|  10|           2|           2|
    |add_ln11_94_fu_3551_p2   |         +|   0|  0|  11|           3|           3|
    |add_ln11_95_fu_3561_p2   |         +|   0|  0|  13|           4|           4|
    |add_ln11_96_fu_2090_p2   |         +|   0|  0|  10|           2|           2|
    |add_ln11_97_fu_2096_p2   |         +|   0|  0|  10|           2|           2|
    |add_ln11_98_fu_3577_p2   |         +|   0|  0|  11|           3|           3|
    |add_ln11_99_fu_2102_p2   |         +|   0|  0|  10|           2|           2|
    |add_ln11_fu_1572_p2      |         +|   0|  0|  10|           2|           2|
    |add_ln120_fu_1254_p2     |         +|   0|  0|  14|           7|           1|
    |add_ln64_2_fu_4157_p2    |         +|   0|  0|  15|           8|           8|
    |add_ln64_4_fu_4107_p2    |         +|   0|  0|  14|           6|           6|
    |add_ln64_5_fu_4131_p2    |         +|   0|  0|  14|           7|           7|
    |add_ln64_6_fu_4113_p2    |         +|   0|  0|  14|           6|           6|
    |add_ln64_7_fu_4119_p2    |         +|   0|  0|  14|           6|           6|
    |add_ln64_8_fu_4147_p2    |         +|   0|  0|  14|           7|           7|
    |add_ln64_fu_4101_p2      |         +|   0|  0|  14|           6|           6|
    |cnt_10_fu_3523_p2        |         +|   0|  0|  13|           5|           5|
    |cnt_12_fu_3613_p2        |         +|   0|  0|  13|           5|           5|
    |cnt_14_fu_3703_p2        |         +|   0|  0|  13|           5|           5|
    |cnt_16_fu_3793_p2        |         +|   0|  0|  13|           5|           5|
    |cnt_18_fu_3883_p2        |         +|   0|  0|  13|           5|           5|
    |cnt_20_fu_3973_p2        |         +|   0|  0|  13|           5|           5|
    |cnt_22_fu_4063_p2        |         +|   0|  0|  13|           5|           5|
    |cnt_8_fu_3433_p2         |         +|   0|  0|  13|           5|           5|
    |dot_fu_4174_p2           |         +|   0|  0|  14|           9|           9|
    |icmp_ln120_fu_1248_p2    |      icmp|   0|  0|  15|           7|           8|
    |l2_bits_64_fu_4185_p2    |      icmp|   0|  0|  14|           9|           1|
    |ap_enable_pp0            |       xor|   0|  0|   2|           1|           2|
    |xnor_10_fu_3107_p2       |       xor|   0|  0|  16|          16|          16|
    |xnor_4_fu_1625_p2        |       xor|   0|  0|  16|          16|          16|
    |xnor_5_fu_1872_p2        |       xor|   0|  0|  16|          16|          16|
    |xnor_6_fu_2119_p2        |       xor|   0|  0|  16|          16|          16|
    |xnor_7_fu_2366_p2        |       xor|   0|  0|  16|          16|          16|
    |xnor_8_fu_2613_p2        |       xor|   0|  0|  16|          16|          16|
    |xnor_9_fu_2860_p2        |       xor|   0|  0|  16|          16|          16|
    |xnor_fu_1378_p2          |       xor|   0|  0|  16|          16|          16|
    |xor_ln60_11_fu_1867_p2   |       xor|   0|  0|  16|          16|           2|
    |xor_ln60_13_fu_2114_p2   |       xor|   0|  0|  16|          16|           2|
    |xor_ln60_15_fu_2361_p2   |       xor|   0|  0|  16|          16|           2|
    |xor_ln60_17_fu_2608_p2   |       xor|   0|  0|  16|          16|           2|
    |xor_ln60_19_fu_2855_p2   |       xor|   0|  0|  16|          16|           2|
    |xor_ln60_21_fu_3102_p2   |       xor|   0|  0|  16|          16|           2|
    |xor_ln60_9_fu_1620_p2    |       xor|   0|  0|  16|          16|           2|
    |xor_ln60_fu_1373_p2      |       xor|   0|  0|  16|          16|           2|
    +-------------------------+----------+----+---+----+------------+------------+
    |Total                    |          |   0|  0|1718|         663|         539|
    +-------------------------+----------+----+---+----+------------+------------+

    * Multiplexer: 
    +-------------------------+----+-----------+-----+-----------+
    |           Name          | LUT| Input Size| Bits| Total Bits|
    +-------------------------+----+-----------+-----+-----------+
    |ap_done_int              |   9|          2|    1|          2|
    |ap_enable_reg_pp0_iter1  |   9|          2|    1|          2|
    |ap_sig_allocacmp_n       |   9|          2|    7|         14|
    |n_1_fu_374               |   9|          2|    7|         14|
    +-------------------------+----+-----------+-----+-----------+
    |Total                    |  36|          8|   16|         32|
    +-------------------------+----+-----------+-----+-----------+

    * Register: 
    +----------------------------------+----+----+-----+-----------+
    |               Name               | FF | LUT| Bits| Const Bits|
    +----------------------------------+----+----+-----+-----------+
    |add_ln11_100_reg_5366             |   2|   0|    2|          0|
    |add_ln11_104_reg_5371             |   2|   0|    2|          0|
    |add_ln11_105_reg_5376             |   2|   0|    2|          0|
    |add_ln11_107_reg_5381             |   2|   0|    2|          0|
    |add_ln11_108_reg_5386             |   2|   0|    2|          0|
    |add_ln11_111_reg_5391             |   2|   0|    2|          0|
    |add_ln11_112_reg_5396             |   2|   0|    2|          0|
    |add_ln11_114_reg_5401             |   2|   0|    2|          0|
    |add_ln11_115_reg_5406             |   2|   0|    2|          0|
    |add_ln11_119_reg_5411             |   2|   0|    2|          0|
    |add_ln11_120_reg_5416             |   2|   0|    2|          0|
    |add_ln11_122_reg_5421             |   2|   0|    2|          0|
    |add_ln11_123_reg_5426             |   2|   0|    2|          0|
    |add_ln11_126_reg_5431             |   2|   0|    2|          0|
    |add_ln11_127_reg_5436             |   2|   0|    2|          0|
    |add_ln11_129_reg_5441             |   2|   0|    2|          0|
    |add_ln11_130_reg_5446             |   2|   0|    2|          0|
    |add_ln11_134_reg_5451             |   2|   0|    2|          0|
    |add_ln11_135_reg_5456             |   2|   0|    2|          0|
    |add_ln11_137_reg_5461             |   2|   0|    2|          0|
    |add_ln11_138_reg_5466             |   2|   0|    2|          0|
    |add_ln11_141_reg_5471             |   2|   0|    2|          0|
    |add_ln11_142_reg_5476             |   2|   0|    2|          0|
    |add_ln11_144_reg_5481             |   2|   0|    2|          0|
    |add_ln11_145_reg_5486             |   2|   0|    2|          0|
    |add_ln11_149_reg_5491             |   2|   0|    2|          0|
    |add_ln11_150_reg_5496             |   2|   0|    2|          0|
    |add_ln11_152_reg_5501             |   2|   0|    2|          0|
    |add_ln11_153_reg_5506             |   2|   0|    2|          0|
    |add_ln11_156_reg_5511             |   2|   0|    2|          0|
    |add_ln11_157_reg_5516             |   2|   0|    2|          0|
    |add_ln11_159_reg_5521             |   2|   0|    2|          0|
    |add_ln11_160_reg_5526             |   2|   0|    2|          0|
    |add_ln11_164_reg_5531             |   2|   0|    2|          0|
    |add_ln11_165_reg_5536             |   2|   0|    2|          0|
    |add_ln11_167_reg_5541             |   2|   0|    2|          0|
    |add_ln11_168_reg_5546             |   2|   0|    2|          0|
    |add_ln11_171_reg_5551             |   2|   0|    2|          0|
    |add_ln11_172_reg_5556             |   2|   0|    2|          0|
    |add_ln11_174_reg_5561             |   2|   0|    2|          0|
    |add_ln11_175_reg_5566             |   2|   0|    2|          0|
    |add_ln11_60_reg_5256              |   2|   0|    2|          0|
    |add_ln11_62_reg_5261              |   2|   0|    2|          0|
    |add_ln11_63_reg_5266              |   2|   0|    2|          0|
    |add_ln11_66_reg_5271              |   2|   0|    2|          0|
    |add_ln11_67_reg_5276              |   2|   0|    2|          0|
    |add_ln11_69_reg_5281              |   2|   0|    2|          0|
    |add_ln11_70_reg_5286              |   2|   0|    2|          0|
    |add_ln11_74_reg_5291              |   2|   0|    2|          0|
    |add_ln11_75_reg_5296              |   2|   0|    2|          0|
    |add_ln11_77_reg_5301              |   2|   0|    2|          0|
    |add_ln11_78_reg_5306              |   2|   0|    2|          0|
    |add_ln11_81_reg_5311              |   2|   0|    2|          0|
    |add_ln11_82_reg_5316              |   2|   0|    2|          0|
    |add_ln11_84_reg_5321              |   2|   0|    2|          0|
    |add_ln11_85_reg_5326              |   2|   0|    2|          0|
    |add_ln11_89_reg_5331              |   2|   0|    2|          0|
    |add_ln11_90_reg_5336              |   2|   0|    2|          0|
    |add_ln11_92_reg_5341              |   2|   0|    2|          0|
    |add_ln11_93_reg_5346              |   2|   0|    2|          0|
    |add_ln11_96_reg_5351              |   2|   0|    2|          0|
    |add_ln11_97_reg_5356              |   2|   0|    2|          0|
    |add_ln11_99_reg_5361              |   2|   0|    2|          0|
    |add_ln11_reg_5251                 |   2|   0|    2|          0|
    |add_ln64_2_reg_5591               |   8|   0|    8|          0|
    |add_ln64_4_reg_5576               |   6|   0|    6|          0|
    |add_ln64_6_reg_5581               |   6|   0|    6|          0|
    |add_ln64_7_reg_5586               |   6|   0|    6|          0|
    |add_ln64_reg_5571                 |   6|   0|    6|          0|
    |ap_CS_fsm                         |   1|   0|    1|          0|
    |ap_done_reg                       |   1|   0|    1|          0|
    |ap_enable_reg_pp0_iter1           |   1|   0|    1|          0|
    |ap_enable_reg_pp0_iter2           |   1|   0|    1|          0|
    |ap_enable_reg_pp0_iter3           |   1|   0|    1|          0|
    |ap_enable_reg_pp0_iter4           |   1|   0|    1|          0|
    |ap_enable_reg_pp0_iter5           |   1|   0|    1|          0|
    |ap_loop_exit_ready_pp0_iter1_reg  |   1|   0|    1|          0|
    |ap_loop_exit_ready_pp0_iter2_reg  |   1|   0|    1|          0|
    |ap_loop_exit_ready_pp0_iter3_reg  |   1|   0|    1|          0|
    |ap_loop_exit_ready_pp0_iter4_reg  |   1|   0|    1|          0|
    |ap_predicate_pred1007_state5      |   1|   0|    1|          0|
    |ap_predicate_pred1016_state5      |   1|   0|    1|          0|
    |ap_predicate_pred1025_state5      |   1|   0|    1|          0|
    |ap_predicate_pred1034_state5      |   1|   0|    1|          0|
    |ap_predicate_pred1043_state5      |   1|   0|    1|          0|
    |ap_predicate_pred1052_state5      |   1|   0|    1|          0|
    |ap_predicate_pred1061_state5      |   1|   0|    1|          0|
    |ap_predicate_pred1070_state5      |   1|   0|    1|          0|
    |ap_predicate_pred1079_state5      |   1|   0|    1|          0|
    |ap_predicate_pred1088_state5      |   1|   0|    1|          0|
    |ap_predicate_pred1097_state5      |   1|   0|    1|          0|
    |ap_predicate_pred1106_state5      |   1|   0|    1|          0|
    |ap_predicate_pred1115_state5      |   1|   0|    1|          0|
    |ap_predicate_pred1124_state5      |   1|   0|    1|          0|
    |ap_predicate_pred1133_state5      |   1|   0|    1|          0|
    |ap_predicate_pred1142_state5      |   1|   0|    1|          0|
    |ap_predicate_pred1151_state5      |   1|   0|    1|          0|
    |ap_predicate_pred1160_state5      |   1|   0|    1|          0|
    |ap_predicate_pred1169_state5      |   1|   0|    1|          0|
    |ap_predicate_pred1178_state5      |   1|   0|    1|          0|
    |ap_predicate_pred1187_state5      |   1|   0|    1|          0|
    |ap_predicate_pred1196_state5      |   1|   0|    1|          0|
    |ap_predicate_pred1205_state5      |   1|   0|    1|          0|
    |ap_predicate_pred1214_state5      |   1|   0|    1|          0|
    |ap_predicate_pred1223_state5      |   1|   0|    1|          0|
    |ap_predicate_pred1232_state5      |   1|   0|    1|          0|
    |ap_predicate_pred1241_state5      |   1|   0|    1|          0|
    |ap_predicate_pred1250_state5      |   1|   0|    1|          0|
    |ap_predicate_pred1259_state5      |   1|   0|    1|          0|
    |ap_predicate_pred1268_state5      |   1|   0|    1|          0|
    |ap_predicate_pred1277_state5      |   1|   0|    1|          0|
    |ap_predicate_pred1286_state5      |   1|   0|    1|          0|
    |ap_predicate_pred1295_state5      |   1|   0|    1|          0|
    |ap_predicate_pred1304_state5      |   1|   0|    1|          0|
    |ap_predicate_pred1313_state5      |   1|   0|    1|          0|
    |ap_predicate_pred1322_state5      |   1|   0|    1|          0|
    |ap_predicate_pred1331_state5      |   1|   0|    1|          0|
    |ap_predicate_pred1340_state5      |   1|   0|    1|          0|
    |ap_predicate_pred1349_state5      |   1|   0|    1|          0|
    |ap_predicate_pred1358_state5      |   1|   0|    1|          0|
    |ap_predicate_pred783_state5       |   1|   0|    1|          0|
    |ap_predicate_pred800_state5       |   1|   0|    1|          0|
    |ap_predicate_pred809_state5       |   1|   0|    1|          0|
    |ap_predicate_pred818_state5       |   1|   0|    1|          0|
    |ap_predicate_pred827_state5       |   1|   0|    1|          0|
    |ap_predicate_pred836_state5       |   1|   0|    1|          0|
    |ap_predicate_pred845_state5       |   1|   0|    1|          0|
    |ap_predicate_pred854_state5       |   1|   0|    1|          0|
    |ap_predicate_pred863_state5       |   1|   0|    1|          0|
    |ap_predicate_pred872_state5       |   1|   0|    1|          0|
    |ap_predicate_pred881_state5       |   1|   0|    1|          0|
    |ap_predicate_pred890_state5       |   1|   0|    1|          0|
    |ap_predicate_pred899_state5       |   1|   0|    1|          0|
    |ap_predicate_pred908_state5       |   1|   0|    1|          0|
    |ap_predicate_pred917_state5       |   1|   0|    1|          0|
    |ap_predicate_pred926_state5       |   1|   0|    1|          0|
    |ap_predicate_pred935_state5       |   1|   0|    1|          0|
    |ap_predicate_pred944_state5       |   1|   0|    1|          0|
    |ap_predicate_pred953_state5       |   1|   0|    1|          0|
    |ap_predicate_pred962_state5       |   1|   0|    1|          0|
    |ap_predicate_pred971_state5       |   1|   0|    1|          0|
    |ap_predicate_pred980_state5       |   1|   0|    1|          0|
    |ap_predicate_pred989_state5       |   1|   0|    1|          0|
    |ap_predicate_pred998_state5       |   1|   0|    1|          0|
    |icmp_ln120_reg_5203               |   1|   0|    1|          0|
    |l2_bits_10_fu_418                 |   1|   0|    1|          0|
    |l2_bits_11_fu_422                 |   1|   0|    1|          0|
    |l2_bits_12_fu_426                 |   1|   0|    1|          0|
    |l2_bits_13_fu_430                 |   1|   0|    1|          0|
    |l2_bits_14_fu_434                 |   1|   0|    1|          0|
    |l2_bits_15_fu_438                 |   1|   0|    1|          0|
    |l2_bits_16_fu_442                 |   1|   0|    1|          0|
    |l2_bits_17_fu_446                 |   1|   0|    1|          0|
    |l2_bits_18_fu_450                 |   1|   0|    1|          0|
    |l2_bits_19_fu_454                 |   1|   0|    1|          0|
    |l2_bits_1_fu_382                  |   1|   0|    1|          0|
    |l2_bits_20_fu_458                 |   1|   0|    1|          0|
    |l2_bits_21_fu_462                 |   1|   0|    1|          0|
    |l2_bits_22_fu_466                 |   1|   0|    1|          0|
    |l2_bits_23_fu_470                 |   1|   0|    1|          0|
    |l2_bits_24_fu_474                 |   1|   0|    1|          0|
    |l2_bits_25_fu_478                 |   1|   0|    1|          0|
    |l2_bits_26_fu_482                 |   1|   0|    1|          0|
    |l2_bits_27_fu_486                 |   1|   0|    1|          0|
    |l2_bits_28_fu_490                 |   1|   0|    1|          0|
    |l2_bits_29_fu_494                 |   1|   0|    1|          0|
    |l2_bits_2_fu_386                  |   1|   0|    1|          0|
    |l2_bits_30_fu_498                 |   1|   0|    1|          0|
    |l2_bits_31_fu_502                 |   1|   0|    1|          0|
    |l2_bits_32_fu_506                 |   1|   0|    1|          0|
    |l2_bits_33_fu_510                 |   1|   0|    1|          0|
    |l2_bits_34_fu_514                 |   1|   0|    1|          0|
    |l2_bits_35_fu_518                 |   1|   0|    1|          0|
    |l2_bits_36_fu_522                 |   1|   0|    1|          0|
    |l2_bits_37_fu_526                 |   1|   0|    1|          0|
    |l2_bits_38_fu_530                 |   1|   0|    1|          0|
    |l2_bits_39_fu_534                 |   1|   0|    1|          0|
    |l2_bits_3_fu_390                  |   1|   0|    1|          0|
    |l2_bits_40_fu_538                 |   1|   0|    1|          0|
    |l2_bits_41_fu_542                 |   1|   0|    1|          0|
    |l2_bits_42_fu_546                 |   1|   0|    1|          0|
    |l2_bits_43_fu_550                 |   1|   0|    1|          0|
    |l2_bits_44_fu_554                 |   1|   0|    1|          0|
    |l2_bits_45_fu_558                 |   1|   0|    1|          0|
    |l2_bits_46_fu_562                 |   1|   0|    1|          0|
    |l2_bits_47_fu_566                 |   1|   0|    1|          0|
    |l2_bits_48_fu_570                 |   1|   0|    1|          0|
    |l2_bits_49_fu_574                 |   1|   0|    1|          0|
    |l2_bits_4_fu_394                  |   1|   0|    1|          0|
    |l2_bits_50_fu_578                 |   1|   0|    1|          0|
    |l2_bits_51_fu_582                 |   1|   0|    1|          0|
    |l2_bits_52_fu_586                 |   1|   0|    1|          0|
    |l2_bits_53_fu_590                 |   1|   0|    1|          0|
    |l2_bits_54_fu_594                 |   1|   0|    1|          0|
    |l2_bits_55_fu_598                 |   1|   0|    1|          0|
    |l2_bits_56_fu_602                 |   1|   0|    1|          0|
    |l2_bits_57_fu_606                 |   1|   0|    1|          0|
    |l2_bits_58_fu_610                 |   1|   0|    1|          0|
    |l2_bits_59_fu_614                 |   1|   0|    1|          0|
    |l2_bits_5_fu_398                  |   1|   0|    1|          0|
    |l2_bits_60_fu_618                 |   1|   0|    1|          0|
    |l2_bits_61_fu_622                 |   1|   0|    1|          0|
    |l2_bits_62_fu_626                 |   1|   0|    1|          0|
    |l2_bits_63_fu_630                 |   1|   0|    1|          0|
    |l2_bits_6_fu_402                  |   1|   0|    1|          0|
    |l2_bits_7_fu_406                  |   1|   0|    1|          0|
    |l2_bits_8_fu_410                  |   1|   0|    1|          0|
    |l2_bits_9_fu_414                  |   1|   0|    1|          0|
    |l2_bits_fu_378                    |   1|   0|    1|          0|
    |n_1_fu_374                        |   7|   0|    7|          0|
    |n_reg_5198                        |   7|   0|    7|          0|
    |trunc_ln120_reg_5207              |   6|   0|    6|          0|
    |icmp_ln120_reg_5203               |  64|  32|    1|          0|
    |n_reg_5198                        |  64|  32|    7|          0|
    |trunc_ln120_reg_5207              |  64|  32|    6|          0|
    +----------------------------------+----+----+-----+-----------+
    |Total                             | 512|  96|  334|          0|
    +----------------------------------+----+----+-----+-----------+



================================================================
== Interface
================================================================
* Summary: 
+-----------------------+-----+-----+------------+----------------------+--------------+
|       RTL Ports       | Dir | Bits|  Protocol  |     Source Object    |    C Type    |
+-----------------------+-----+-----+------------+----------------------+--------------+
|ap_clk                 |   in|    1|  ap_ctrl_hs|  bnn_Pipeline_l2_loop|  return value|
|ap_rst                 |   in|    1|  ap_ctrl_hs|  bnn_Pipeline_l2_loop|  return value|
|ap_start               |   in|    1|  ap_ctrl_hs|  bnn_Pipeline_l2_loop|  return value|
|ap_done                |  out|    1|  ap_ctrl_hs|  bnn_Pipeline_l2_loop|  return value|
|ap_idle                |  out|    1|  ap_ctrl_hs|  bnn_Pipeline_l2_loop|  return value|
|ap_ready               |  out|    1|  ap_ctrl_hs|  bnn_Pipeline_l2_loop|  return value|
|p_0_028288_reload      |   in|   16|     ap_none|     p_0_028288_reload|        scalar|
|p_0_0282_190_reload    |   in|   16|     ap_none|   p_0_0282_190_reload|        scalar|
|p_0_0282_292_reload    |   in|   16|     ap_none|   p_0_0282_292_reload|        scalar|
|p_0_0282_394_reload    |   in|   16|     ap_none|   p_0_0282_394_reload|        scalar|
|p_0_0282_496_reload    |   in|   16|     ap_none|   p_0_0282_496_reload|        scalar|
|p_0_0282_598_reload    |   in|   16|     ap_none|   p_0_0282_598_reload|        scalar|
|p_0_0282_6100_reload   |   in|   16|     ap_none|  p_0_0282_6100_reload|        scalar|
|p_0_0282_7102_reload   |   in|   16|     ap_none|  p_0_0282_7102_reload|        scalar|
|l2_out_address0        |  out|    6|   ap_memory|                l2_out|         array|
|l2_out_ce0             |  out|    1|   ap_memory|                l2_out|         array|
|l2_out_we0             |  out|    1|   ap_memory|                l2_out|         array|
|l2_out_d0              |  out|   32|   ap_memory|                l2_out|         array|
|l2_bits_63_out         |  out|    1|      ap_vld|        l2_bits_63_out|       pointer|
|l2_bits_63_out_ap_vld  |  out|    1|      ap_vld|        l2_bits_63_out|       pointer|
|l2_bits_62_out         |  out|    1|      ap_vld|        l2_bits_62_out|       pointer|
|l2_bits_62_out_ap_vld  |  out|    1|      ap_vld|        l2_bits_62_out|       pointer|
|l2_bits_61_out         |  out|    1|      ap_vld|        l2_bits_61_out|       pointer|
|l2_bits_61_out_ap_vld  |  out|    1|      ap_vld|        l2_bits_61_out|       pointer|
|l2_bits_60_out         |  out|    1|      ap_vld|        l2_bits_60_out|       pointer|
|l2_bits_60_out_ap_vld  |  out|    1|      ap_vld|        l2_bits_60_out|       pointer|
|l2_bits_59_out         |  out|    1|      ap_vld|        l2_bits_59_out|       pointer|
|l2_bits_59_out_ap_vld  |  out|    1|      ap_vld|        l2_bits_59_out|       pointer|
|l2_bits_58_out         |  out|    1|      ap_vld|        l2_bits_58_out|       pointer|
|l2_bits_58_out_ap_vld  |  out|    1|      ap_vld|        l2_bits_58_out|       pointer|
|l2_bits_57_out         |  out|    1|      ap_vld|        l2_bits_57_out|       pointer|
|l2_bits_57_out_ap_vld  |  out|    1|      ap_vld|        l2_bits_57_out|       pointer|
|l2_bits_56_out         |  out|    1|      ap_vld|        l2_bits_56_out|       pointer|
|l2_bits_56_out_ap_vld  |  out|    1|      ap_vld|        l2_bits_56_out|       pointer|
|l2_bits_55_out         |  out|    1|      ap_vld|        l2_bits_55_out|       pointer|
|l2_bits_55_out_ap_vld  |  out|    1|      ap_vld|        l2_bits_55_out|       pointer|
|l2_bits_54_out         |  out|    1|      ap_vld|        l2_bits_54_out|       pointer|
|l2_bits_54_out_ap_vld  |  out|    1|      ap_vld|        l2_bits_54_out|       pointer|
|l2_bits_53_out         |  out|    1|      ap_vld|        l2_bits_53_out|       pointer|
|l2_bits_53_out_ap_vld  |  out|    1|      ap_vld|        l2_bits_53_out|       pointer|
|l2_bits_52_out         |  out|    1|      ap_vld|        l2_bits_52_out|       pointer|
|l2_bits_52_out_ap_vld  |  out|    1|      ap_vld|        l2_bits_52_out|       pointer|
|l2_bits_51_out         |  out|    1|      ap_vld|        l2_bits_51_out|       pointer|
|l2_bits_51_out_ap_vld  |  out|    1|      ap_vld|        l2_bits_51_out|       pointer|
|l2_bits_50_out         |  out|    1|      ap_vld|        l2_bits_50_out|       pointer|
|l2_bits_50_out_ap_vld  |  out|    1|      ap_vld|        l2_bits_50_out|       pointer|
|l2_bits_49_out         |  out|    1|      ap_vld|        l2_bits_49_out|       pointer|
|l2_bits_49_out_ap_vld  |  out|    1|      ap_vld|        l2_bits_49_out|       pointer|
|l2_bits_48_out         |  out|    1|      ap_vld|        l2_bits_48_out|       pointer|
|l2_bits_48_out_ap_vld  |  out|    1|      ap_vld|        l2_bits_48_out|       pointer|
|l2_bits_47_out         |  out|    1|      ap_vld|        l2_bits_47_out|       pointer|
|l2_bits_47_out_ap_vld  |  out|    1|      ap_vld|        l2_bits_47_out|       pointer|
|l2_bits_46_out         |  out|    1|      ap_vld|        l2_bits_46_out|       pointer|
|l2_bits_46_out_ap_vld  |  out|    1|      ap_vld|        l2_bits_46_out|       pointer|
|l2_bits_45_out         |  out|    1|      ap_vld|        l2_bits_45_out|       pointer|
|l2_bits_45_out_ap_vld  |  out|    1|      ap_vld|        l2_bits_45_out|       pointer|
|l2_bits_44_out         |  out|    1|      ap_vld|        l2_bits_44_out|       pointer|
|l2_bits_44_out_ap_vld  |  out|    1|      ap_vld|        l2_bits_44_out|       pointer|
|l2_bits_43_out         |  out|    1|      ap_vld|        l2_bits_43_out|       pointer|
|l2_bits_43_out_ap_vld  |  out|    1|      ap_vld|        l2_bits_43_out|       pointer|
|l2_bits_42_out         |  out|    1|      ap_vld|        l2_bits_42_out|       pointer|
|l2_bits_42_out_ap_vld  |  out|    1|      ap_vld|        l2_bits_42_out|       pointer|
|l2_bits_41_out         |  out|    1|      ap_vld|        l2_bits_41_out|       pointer|
|l2_bits_41_out_ap_vld  |  out|    1|      ap_vld|        l2_bits_41_out|       pointer|
|l2_bits_40_out         |  out|    1|      ap_vld|        l2_bits_40_out|       pointer|
|l2_bits_40_out_ap_vld  |  out|    1|      ap_vld|        l2_bits_40_out|       pointer|
|l2_bits_39_out         |  out|    1|      ap_vld|        l2_bits_39_out|       pointer|
|l2_bits_39_out_ap_vld  |  out|    1|      ap_vld|        l2_bits_39_out|       pointer|
|l2_bits_38_out         |  out|    1|      ap_vld|        l2_bits_38_out|       pointer|
|l2_bits_38_out_ap_vld  |  out|    1|      ap_vld|        l2_bits_38_out|       pointer|
|l2_bits_37_out         |  out|    1|      ap_vld|        l2_bits_37_out|       pointer|
|l2_bits_37_out_ap_vld  |  out|    1|      ap_vld|        l2_bits_37_out|       pointer|
|l2_bits_36_out         |  out|    1|      ap_vld|        l2_bits_36_out|       pointer|
|l2_bits_36_out_ap_vld  |  out|    1|      ap_vld|        l2_bits_36_out|       pointer|
|l2_bits_35_out         |  out|    1|      ap_vld|        l2_bits_35_out|       pointer|
|l2_bits_35_out_ap_vld  |  out|    1|      ap_vld|        l2_bits_35_out|       pointer|
|l2_bits_34_out         |  out|    1|      ap_vld|        l2_bits_34_out|       pointer|
|l2_bits_34_out_ap_vld  |  out|    1|      ap_vld|        l2_bits_34_out|       pointer|
|l2_bits_33_out         |  out|    1|      ap_vld|        l2_bits_33_out|       pointer|
|l2_bits_33_out_ap_vld  |  out|    1|      ap_vld|        l2_bits_33_out|       pointer|
|l2_bits_32_out         |  out|    1|      ap_vld|        l2_bits_32_out|       pointer|
|l2_bits_32_out_ap_vld  |  out|    1|      ap_vld|        l2_bits_32_out|       pointer|
|l2_bits_31_out         |  out|    1|      ap_vld|        l2_bits_31_out|       pointer|
|l2_bits_31_out_ap_vld  |  out|    1|      ap_vld|        l2_bits_31_out|       pointer|
|l2_bits_30_out         |  out|    1|      ap_vld|        l2_bits_30_out|       pointer|
|l2_bits_30_out_ap_vld  |  out|    1|      ap_vld|        l2_bits_30_out|       pointer|
|l2_bits_29_out         |  out|    1|      ap_vld|        l2_bits_29_out|       pointer|
|l2_bits_29_out_ap_vld  |  out|    1|      ap_vld|        l2_bits_29_out|       pointer|
|l2_bits_28_out         |  out|    1|      ap_vld|        l2_bits_28_out|       pointer|
|l2_bits_28_out_ap_vld  |  out|    1|      ap_vld|        l2_bits_28_out|       pointer|
|l2_bits_27_out         |  out|    1|      ap_vld|        l2_bits_27_out|       pointer|
|l2_bits_27_out_ap_vld  |  out|    1|      ap_vld|        l2_bits_27_out|       pointer|
|l2_bits_26_out         |  out|    1|      ap_vld|        l2_bits_26_out|       pointer|
|l2_bits_26_out_ap_vld  |  out|    1|      ap_vld|        l2_bits_26_out|       pointer|
|l2_bits_25_out         |  out|    1|      ap_vld|        l2_bits_25_out|       pointer|
|l2_bits_25_out_ap_vld  |  out|    1|      ap_vld|        l2_bits_25_out|       pointer|
|l2_bits_24_out         |  out|    1|      ap_vld|        l2_bits_24_out|       pointer|
|l2_bits_24_out_ap_vld  |  out|    1|      ap_vld|        l2_bits_24_out|       pointer|
|l2_bits_23_out         |  out|    1|      ap_vld|        l2_bits_23_out|       pointer|
|l2_bits_23_out_ap_vld  |  out|    1|      ap_vld|        l2_bits_23_out|       pointer|
|l2_bits_22_out         |  out|    1|      ap_vld|        l2_bits_22_out|       pointer|
|l2_bits_22_out_ap_vld  |  out|    1|      ap_vld|        l2_bits_22_out|       pointer|
|l2_bits_21_out         |  out|    1|      ap_vld|        l2_bits_21_out|       pointer|
|l2_bits_21_out_ap_vld  |  out|    1|      ap_vld|        l2_bits_21_out|       pointer|
|l2_bits_20_out         |  out|    1|      ap_vld|        l2_bits_20_out|       pointer|
|l2_bits_20_out_ap_vld  |  out|    1|      ap_vld|        l2_bits_20_out|       pointer|
|l2_bits_19_out         |  out|    1|      ap_vld|        l2_bits_19_out|       pointer|
|l2_bits_19_out_ap_vld  |  out|    1|      ap_vld|        l2_bits_19_out|       pointer|
|l2_bits_18_out         |  out|    1|      ap_vld|        l2_bits_18_out|       pointer|
|l2_bits_18_out_ap_vld  |  out|    1|      ap_vld|        l2_bits_18_out|       pointer|
|l2_bits_17_out         |  out|    1|      ap_vld|        l2_bits_17_out|       pointer|
|l2_bits_17_out_ap_vld  |  out|    1|      ap_vld|        l2_bits_17_out|       pointer|
|l2_bits_16_out         |  out|    1|      ap_vld|        l2_bits_16_out|       pointer|
|l2_bits_16_out_ap_vld  |  out|    1|      ap_vld|        l2_bits_16_out|       pointer|
|l2_bits_15_out         |  out|    1|      ap_vld|        l2_bits_15_out|       pointer|
|l2_bits_15_out_ap_vld  |  out|    1|      ap_vld|        l2_bits_15_out|       pointer|
|l2_bits_14_out         |  out|    1|      ap_vld|        l2_bits_14_out|       pointer|
|l2_bits_14_out_ap_vld  |  out|    1|      ap_vld|        l2_bits_14_out|       pointer|
|l2_bits_13_out         |  out|    1|      ap_vld|        l2_bits_13_out|       pointer|
|l2_bits_13_out_ap_vld  |  out|    1|      ap_vld|        l2_bits_13_out|       pointer|
|l2_bits_12_out         |  out|    1|      ap_vld|        l2_bits_12_out|       pointer|
|l2_bits_12_out_ap_vld  |  out|    1|      ap_vld|        l2_bits_12_out|       pointer|
|l2_bits_11_out         |  out|    1|      ap_vld|        l2_bits_11_out|       pointer|
|l2_bits_11_out_ap_vld  |  out|    1|      ap_vld|        l2_bits_11_out|       pointer|
|l2_bits_10_out         |  out|    1|      ap_vld|        l2_bits_10_out|       pointer|
|l2_bits_10_out_ap_vld  |  out|    1|      ap_vld|        l2_bits_10_out|       pointer|
|l2_bits_9_out          |  out|    1|      ap_vld|         l2_bits_9_out|       pointer|
|l2_bits_9_out_ap_vld   |  out|    1|      ap_vld|         l2_bits_9_out|       pointer|
|l2_bits_8_out          |  out|    1|      ap_vld|         l2_bits_8_out|       pointer|
|l2_bits_8_out_ap_vld   |  out|    1|      ap_vld|         l2_bits_8_out|       pointer|
|l2_bits_7_out          |  out|    1|      ap_vld|         l2_bits_7_out|       pointer|
|l2_bits_7_out_ap_vld   |  out|    1|      ap_vld|         l2_bits_7_out|       pointer|
|l2_bits_6_out          |  out|    1|      ap_vld|         l2_bits_6_out|       pointer|
|l2_bits_6_out_ap_vld   |  out|    1|      ap_vld|         l2_bits_6_out|       pointer|
|l2_bits_5_out          |  out|    1|      ap_vld|         l2_bits_5_out|       pointer|
|l2_bits_5_out_ap_vld   |  out|    1|      ap_vld|         l2_bits_5_out|       pointer|
|l2_bits_4_out          |  out|    1|      ap_vld|         l2_bits_4_out|       pointer|
|l2_bits_4_out_ap_vld   |  out|    1|      ap_vld|         l2_bits_4_out|       pointer|
|l2_bits_3_out          |  out|    1|      ap_vld|         l2_bits_3_out|       pointer|
|l2_bits_3_out_ap_vld   |  out|    1|      ap_vld|         l2_bits_3_out|       pointer|
|l2_bits_2_out          |  out|    1|      ap_vld|         l2_bits_2_out|       pointer|
|l2_bits_2_out_ap_vld   |  out|    1|      ap_vld|         l2_bits_2_out|       pointer|
|l2_bits_1_out          |  out|    1|      ap_vld|         l2_bits_1_out|       pointer|
|l2_bits_1_out_ap_vld   |  out|    1|      ap_vld|         l2_bits_1_out|       pointer|
|l2_bits_out            |  out|    1|      ap_vld|           l2_bits_out|       pointer|
|l2_bits_out_ap_vld     |  out|    1|      ap_vld|           l2_bits_out|       pointer|
+-----------------------+-----+-----+------------+----------------------+--------------+

============================================================
+ Verbose Summary: Synthesis Manager
============================================================
InlineROM: 1
ExposeGlobal: 0
============================================================
+ Verbose Summary: CDFG Model
============================================================
IsTopModel: 0
ResetActiveHigh: 1
IsCombinational: 2
IsDatapathOnly: 2
HasWiredReturn: 1
HasMFsm: 2
HasVarLatency: 1
IsPipeline: 0
IsRtlPipelined: 0
IsInstanceOverlapped: 0
IsDontTouch: 0
HasImplIP: 0
IsGatedGlobalClock: 0

+ Individual pipeline summary: 
  * Pipeline-0: initiation interval (II) = 1, depth = 6


============================================================
+ Verbose Summary: Schedule
============================================================
* Number of FSM states : 6
* Pipeline : 1
  Pipeline-0 : II = 1, D = 6, States = { 1 2 3 4 5 6 }
* Dataflow Pipeline: 0

* FSM state transitions: 
1 --> 2 
2 --> 3 
3 --> 4 
4 --> 5 
5 --> 6 
6 --> 

* FSM state operations: 

State 1 <SV = 0> <Delay = 5.04>
ST_1 : Operation 9 [1/1] (0.00ns)   --->   "%n_1 = alloca i32 1" [bnn.cpp:120]   --->   Operation 9 'alloca' 'n_1' <Predicate = true> <Delay = 0.00>
ST_1 : Operation 10 [1/1] (0.00ns)   --->   "%l2_bits = alloca i32 1" [bnn.cpp:116]   --->   Operation 10 'alloca' 'l2_bits' <Predicate = true> <Delay = 0.00>
ST_1 : Operation 11 [1/1] (0.00ns)   --->   "%l2_bits_1 = alloca i32 1" [bnn.cpp:116]   --->   Operation 11 'alloca' 'l2_bits_1' <Predicate = true> <Delay = 0.00>
ST_1 : Operation 12 [1/1] (0.00ns)   --->   "%l2_bits_2 = alloca i32 1" [bnn.cpp:116]   --->   Operation 12 'alloca' 'l2_bits_2' <Predicate = true> <Delay = 0.00>
ST_1 : Operation 13 [1/1] (0.00ns)   --->   "%l2_bits_3 = alloca i32 1" [bnn.cpp:116]   --->   Operation 13 'alloca' 'l2_bits_3' <Predicate = true> <Delay = 0.00>
ST_1 : Operation 14 [1/1] (0.00ns)   --->   "%l2_bits_4 = alloca i32 1" [bnn.cpp:116]   --->   Operation 14 'alloca' 'l2_bits_4' <Predicate = true> <Delay = 0.00>
ST_1 : Operation 15 [1/1] (0.00ns)   --->   "%l2_bits_5 = alloca i32 1" [bnn.cpp:116]   --->   Operation 15 'alloca' 'l2_bits_5' <Predicate = true> <Delay = 0.00>
ST_1 : Operation 16 [1/1] (0.00ns)   --->   "%l2_bits_6 = alloca i32 1" [bnn.cpp:116]   --->   Operation 16 'alloca' 'l2_bits_6' <Predicate = true> <Delay = 0.00>
ST_1 : Operation 17 [1/1] (0.00ns)   --->   "%l2_bits_7 = alloca i32 1" [bnn.cpp:116]   --->   Operation 17 'alloca' 'l2_bits_7' <Predicate = true> <Delay = 0.00>
ST_1 : Operation 18 [1/1] (0.00ns)   --->   "%l2_bits_8 = alloca i32 1" [bnn.cpp:116]   --->   Operation 18 'alloca' 'l2_bits_8' <Predicate = true> <Delay = 0.00>
ST_1 : Operation 19 [1/1] (0.00ns)   --->   "%l2_bits_9 = alloca i32 1" [bnn.cpp:116]   --->   Operation 19 'alloca' 'l2_bits_9' <Predicate = true> <Delay = 0.00>
ST_1 : Operation 20 [1/1] (0.00ns)   --->   "%l2_bits_10 = alloca i32 1" [bnn.cpp:116]   --->   Operation 20 'alloca' 'l2_bits_10' <Predicate = true> <Delay = 0.00>
ST_1 : Operation 21 [1/1] (0.00ns)   --->   "%l2_bits_11 = alloca i32 1" [bnn.cpp:116]   --->   Operation 21 'alloca' 'l2_bits_11' <Predicate = true> <Delay = 0.00>
ST_1 : Operation 22 [1/1] (0.00ns)   --->   "%l2_bits_12 = alloca i32 1" [bnn.cpp:116]   --->   Operation 22 'alloca' 'l2_bits_12' <Predicate = true> <Delay = 0.00>
ST_1 : Operation 23 [1/1] (0.00ns)   --->   "%l2_bits_13 = alloca i32 1" [bnn.cpp:116]   --->   Operation 23 'alloca' 'l2_bits_13' <Predicate = true> <Delay = 0.00>
ST_1 : Operation 24 [1/1] (0.00ns)   --->   "%l2_bits_14 = alloca i32 1" [bnn.cpp:116]   --->   Operation 24 'alloca' 'l2_bits_14' <Predicate = true> <Delay = 0.00>
ST_1 : Operation 25 [1/1] (0.00ns)   --->   "%l2_bits_15 = alloca i32 1" [bnn.cpp:116]   --->   Operation 25 'alloca' 'l2_bits_15' <Predicate = true> <Delay = 0.00>
ST_1 : Operation 26 [1/1] (0.00ns)   --->   "%l2_bits_16 = alloca i32 1" [bnn.cpp:116]   --->   Operation 26 'alloca' 'l2_bits_16' <Predicate = true> <Delay = 0.00>
ST_1 : Operation 27 [1/1] (0.00ns)   --->   "%l2_bits_17 = alloca i32 1" [bnn.cpp:116]   --->   Operation 27 'alloca' 'l2_bits_17' <Predicate = true> <Delay = 0.00>
ST_1 : Operation 28 [1/1] (0.00ns)   --->   "%l2_bits_18 = alloca i32 1" [bnn.cpp:116]   --->   Operation 28 'alloca' 'l2_bits_18' <Predicate = true> <Delay = 0.00>
ST_1 : Operation 29 [1/1] (0.00ns)   --->   "%l2_bits_19 = alloca i32 1" [bnn.cpp:116]   --->   Operation 29 'alloca' 'l2_bits_19' <Predicate = true> <Delay = 0.00>
ST_1 : Operation 30 [1/1] (0.00ns)   --->   "%l2_bits_20 = alloca i32 1" [bnn.cpp:116]   --->   Operation 30 'alloca' 'l2_bits_20' <Predicate = true> <Delay = 0.00>
ST_1 : Operation 31 [1/1] (0.00ns)   --->   "%l2_bits_21 = alloca i32 1" [bnn.cpp:116]   --->   Operation 31 'alloca' 'l2_bits_21' <Predicate = true> <Delay = 0.00>
ST_1 : Operation 32 [1/1] (0.00ns)   --->   "%l2_bits_22 = alloca i32 1" [bnn.cpp:116]   --->   Operation 32 'alloca' 'l2_bits_22' <Predicate = true> <Delay = 0.00>
ST_1 : Operation 33 [1/1] (0.00ns)   --->   "%l2_bits_23 = alloca i32 1" [bnn.cpp:116]   --->   Operation 33 'alloca' 'l2_bits_23' <Predicate = true> <Delay = 0.00>
ST_1 : Operation 34 [1/1] (0.00ns)   --->   "%l2_bits_24 = alloca i32 1" [bnn.cpp:116]   --->   Operation 34 'alloca' 'l2_bits_24' <Predicate = true> <Delay = 0.00>
ST_1 : Operation 35 [1/1] (0.00ns)   --->   "%l2_bits_25 = alloca i32 1" [bnn.cpp:116]   --->   Operation 35 'alloca' 'l2_bits_25' <Predicate = true> <Delay = 0.00>
ST_1 : Operation 36 [1/1] (0.00ns)   --->   "%l2_bits_26 = alloca i32 1" [bnn.cpp:116]   --->   Operation 36 'alloca' 'l2_bits_26' <Predicate = true> <Delay = 0.00>
ST_1 : Operation 37 [1/1] (0.00ns)   --->   "%l2_bits_27 = alloca i32 1" [bnn.cpp:116]   --->   Operation 37 'alloca' 'l2_bits_27' <Predicate = true> <Delay = 0.00>
ST_1 : Operation 38 [1/1] (0.00ns)   --->   "%l2_bits_28 = alloca i32 1" [bnn.cpp:116]   --->   Operation 38 'alloca' 'l2_bits_28' <Predicate = true> <Delay = 0.00>
ST_1 : Operation 39 [1/1] (0.00ns)   --->   "%l2_bits_29 = alloca i32 1" [bnn.cpp:116]   --->   Operation 39 'alloca' 'l2_bits_29' <Predicate = true> <Delay = 0.00>
ST_1 : Operation 40 [1/1] (0.00ns)   --->   "%l2_bits_30 = alloca i32 1" [bnn.cpp:116]   --->   Operation 40 'alloca' 'l2_bits_30' <Predicate = true> <Delay = 0.00>
ST_1 : Operation 41 [1/1] (0.00ns)   --->   "%l2_bits_31 = alloca i32 1" [bnn.cpp:116]   --->   Operation 41 'alloca' 'l2_bits_31' <Predicate = true> <Delay = 0.00>
ST_1 : Operation 42 [1/1] (0.00ns)   --->   "%l2_bits_32 = alloca i32 1" [bnn.cpp:116]   --->   Operation 42 'alloca' 'l2_bits_32' <Predicate = true> <Delay = 0.00>
ST_1 : Operation 43 [1/1] (0.00ns)   --->   "%l2_bits_33 = alloca i32 1" [bnn.cpp:116]   --->   Operation 43 'alloca' 'l2_bits_33' <Predicate = true> <Delay = 0.00>
ST_1 : Operation 44 [1/1] (0.00ns)   --->   "%l2_bits_34 = alloca i32 1" [bnn.cpp:116]   --->   Operation 44 'alloca' 'l2_bits_34' <Predicate = true> <Delay = 0.00>
ST_1 : Operation 45 [1/1] (0.00ns)   --->   "%l2_bits_35 = alloca i32 1" [bnn.cpp:116]   --->   Operation 45 'alloca' 'l2_bits_35' <Predicate = true> <Delay = 0.00>
ST_1 : Operation 46 [1/1] (0.00ns)   --->   "%l2_bits_36 = alloca i32 1" [bnn.cpp:116]   --->   Operation 46 'alloca' 'l2_bits_36' <Predicate = true> <Delay = 0.00>
ST_1 : Operation 47 [1/1] (0.00ns)   --->   "%l2_bits_37 = alloca i32 1" [bnn.cpp:116]   --->   Operation 47 'alloca' 'l2_bits_37' <Predicate = true> <Delay = 0.00>
ST_1 : Operation 48 [1/1] (0.00ns)   --->   "%l2_bits_38 = alloca i32 1" [bnn.cpp:116]   --->   Operation 48 'alloca' 'l2_bits_38' <Predicate = true> <Delay = 0.00>
ST_1 : Operation 49 [1/1] (0.00ns)   --->   "%l2_bits_39 = alloca i32 1" [bnn.cpp:116]   --->   Operation 49 'alloca' 'l2_bits_39' <Predicate = true> <Delay = 0.00>
ST_1 : Operation 50 [1/1] (0.00ns)   --->   "%l2_bits_40 = alloca i32 1" [bnn.cpp:116]   --->   Operation 50 'alloca' 'l2_bits_40' <Predicate = true> <Delay = 0.00>
ST_1 : Operation 51 [1/1] (0.00ns)   --->   "%l2_bits_41 = alloca i32 1" [bnn.cpp:116]   --->   Operation 51 'alloca' 'l2_bits_41' <Predicate = true> <Delay = 0.00>
ST_1 : Operation 52 [1/1] (0.00ns)   --->   "%l2_bits_42 = alloca i32 1" [bnn.cpp:116]   --->   Operation 52 'alloca' 'l2_bits_42' <Predicate = true> <Delay = 0.00>
ST_1 : Operation 53 [1/1] (0.00ns)   --->   "%l2_bits_43 = alloca i32 1" [bnn.cpp:116]   --->   Operation 53 'alloca' 'l2_bits_43' <Predicate = true> <Delay = 0.00>
ST_1 : Operation 54 [1/1] (0.00ns)   --->   "%l2_bits_44 = alloca i32 1" [bnn.cpp:116]   --->   Operation 54 'alloca' 'l2_bits_44' <Predicate = true> <Delay = 0.00>
ST_1 : Operation 55 [1/1] (0.00ns)   --->   "%l2_bits_45 = alloca i32 1" [bnn.cpp:116]   --->   Operation 55 'alloca' 'l2_bits_45' <Predicate = true> <Delay = 0.00>
ST_1 : Operation 56 [1/1] (0.00ns)   --->   "%l2_bits_46 = alloca i32 1" [bnn.cpp:116]   --->   Operation 56 'alloca' 'l2_bits_46' <Predicate = true> <Delay = 0.00>
ST_1 : Operation 57 [1/1] (0.00ns)   --->   "%l2_bits_47 = alloca i32 1" [bnn.cpp:116]   --->   Operation 57 'alloca' 'l2_bits_47' <Predicate = true> <Delay = 0.00>
ST_1 : Operation 58 [1/1] (0.00ns)   --->   "%l2_bits_48 = alloca i32 1" [bnn.cpp:116]   --->   Operation 58 'alloca' 'l2_bits_48' <Predicate = true> <Delay = 0.00>
ST_1 : Operation 59 [1/1] (0.00ns)   --->   "%l2_bits_49 = alloca i32 1" [bnn.cpp:116]   --->   Operation 59 'alloca' 'l2_bits_49' <Predicate = true> <Delay = 0.00>
ST_1 : Operation 60 [1/1] (0.00ns)   --->   "%l2_bits_50 = alloca i32 1" [bnn.cpp:116]   --->   Operation 60 'alloca' 'l2_bits_50' <Predicate = true> <Delay = 0.00>
ST_1 : Operation 61 [1/1] (0.00ns)   --->   "%l2_bits_51 = alloca i32 1" [bnn.cpp:116]   --->   Operation 61 'alloca' 'l2_bits_51' <Predicate = true> <Delay = 0.00>
ST_1 : Operation 62 [1/1] (0.00ns)   --->   "%l2_bits_52 = alloca i32 1" [bnn.cpp:116]   --->   Operation 62 'alloca' 'l2_bits_52' <Predicate = true> <Delay = 0.00>
ST_1 : Operation 63 [1/1] (0.00ns)   --->   "%l2_bits_53 = alloca i32 1" [bnn.cpp:116]   --->   Operation 63 'alloca' 'l2_bits_53' <Predicate = true> <Delay = 0.00>
ST_1 : Operation 64 [1/1] (0.00ns)   --->   "%l2_bits_54 = alloca i32 1" [bnn.cpp:116]   --->   Operation 64 'alloca' 'l2_bits_54' <Predicate = true> <Delay = 0.00>
ST_1 : Operation 65 [1/1] (0.00ns)   --->   "%l2_bits_55 = alloca i32 1" [bnn.cpp:116]   --->   Operation 65 'alloca' 'l2_bits_55' <Predicate = true> <Delay = 0.00>
ST_1 : Operation 66 [1/1] (0.00ns)   --->   "%l2_bits_56 = alloca i32 1" [bnn.cpp:116]   --->   Operation 66 'alloca' 'l2_bits_56' <Predicate = true> <Delay = 0.00>
ST_1 : Operation 67 [1/1] (0.00ns)   --->   "%l2_bits_57 = alloca i32 1" [bnn.cpp:116]   --->   Operation 67 'alloca' 'l2_bits_57' <Predicate = true> <Delay = 0.00>
ST_1 : Operation 68 [1/1] (0.00ns)   --->   "%l2_bits_58 = alloca i32 1" [bnn.cpp:116]   --->   Operation 68 'alloca' 'l2_bits_58' <Predicate = true> <Delay = 0.00>
ST_1 : Operation 69 [1/1] (0.00ns)   --->   "%l2_bits_59 = alloca i32 1" [bnn.cpp:116]   --->   Operation 69 'alloca' 'l2_bits_59' <Predicate = true> <Delay = 0.00>
ST_1 : Operation 70 [1/1] (0.00ns)   --->   "%l2_bits_60 = alloca i32 1" [bnn.cpp:116]   --->   Operation 70 'alloca' 'l2_bits_60' <Predicate = true> <Delay = 0.00>
ST_1 : Operation 71 [1/1] (0.00ns)   --->   "%l2_bits_61 = alloca i32 1" [bnn.cpp:116]   --->   Operation 71 'alloca' 'l2_bits_61' <Predicate = true> <Delay = 0.00>
ST_1 : Operation 72 [1/1] (0.00ns)   --->   "%l2_bits_62 = alloca i32 1" [bnn.cpp:116]   --->   Operation 72 'alloca' 'l2_bits_62' <Predicate = true> <Delay = 0.00>
ST_1 : Operation 73 [1/1] (0.00ns)   --->   "%l2_bits_63 = alloca i32 1" [bnn.cpp:116]   --->   Operation 73 'alloca' 'l2_bits_63' <Predicate = true> <Delay = 0.00>
ST_1 : Operation 74 [1/1] (0.00ns)   --->   "%specmemcore_ln0 = specmemcore void @_ssdm_op_SpecMemCore, i32 %l2_out, i64 666, i64 207, i64 1"   --->   Operation 74 'specmemcore' 'specmemcore_ln0' <Predicate = true> <Delay = 0.00>
ST_1 : Operation 75 [1/1] (0.00ns)   --->   "%specinterface_ln0 = specinterface void @_ssdm_op_SpecInterface, i32 %l2_out, void @empty_5, i32 0, i32 0, void @empty_8, i32 1, i32 0, void @empty_8, void @empty_8, void @empty_8, i32 0, i32 0, i32 0, i32 0, void @empty_8, void @empty_8, i32 4294967295, i32 0, i32 0"   --->   Operation 75 'specinterface' 'specinterface_ln0' <Predicate = true> <Delay = 0.00>
ST_1 : Operation 76 [1/1] (0.00ns)   --->   "%p_0_0282_7102_reload_read = read i16 @_ssdm_op_Read.ap_auto.i16, i16 %p_0_0282_7102_reload"   --->   Operation 76 'read' 'p_0_0282_7102_reload_read' <Predicate = true> <Delay = 0.00>
ST_1 : Operation 77 [1/1] (0.00ns)   --->   "%p_0_0282_6100_reload_read = read i16 @_ssdm_op_Read.ap_auto.i16, i16 %p_0_0282_6100_reload"   --->   Operation 77 'read' 'p_0_0282_6100_reload_read' <Predicate = true> <Delay = 0.00>
ST_1 : Operation 78 [1/1] (0.00ns)   --->   "%p_0_0282_598_reload_read = read i16 @_ssdm_op_Read.ap_auto.i16, i16 %p_0_0282_598_reload"   --->   Operation 78 'read' 'p_0_0282_598_reload_read' <Predicate = true> <Delay = 0.00>
ST_1 : Operation 79 [1/1] (0.00ns)   --->   "%p_0_0282_496_reload_read = read i16 @_ssdm_op_Read.ap_auto.i16, i16 %p_0_0282_496_reload"   --->   Operation 79 'read' 'p_0_0282_496_reload_read' <Predicate = true> <Delay = 0.00>
ST_1 : Operation 80 [1/1] (0.00ns)   --->   "%p_0_0282_394_reload_read = read i16 @_ssdm_op_Read.ap_auto.i16, i16 %p_0_0282_394_reload"   --->   Operation 80 'read' 'p_0_0282_394_reload_read' <Predicate = true> <Delay = 0.00>
ST_1 : Operation 81 [1/1] (0.00ns)   --->   "%p_0_0282_292_reload_read = read i16 @_ssdm_op_Read.ap_auto.i16, i16 %p_0_0282_292_reload"   --->   Operation 81 'read' 'p_0_0282_292_reload_read' <Predicate = true> <Delay = 0.00>
ST_1 : Operation 82 [1/1] (0.00ns)   --->   "%p_0_0282_190_reload_read = read i16 @_ssdm_op_Read.ap_auto.i16, i16 %p_0_0282_190_reload"   --->   Operation 82 'read' 'p_0_0282_190_reload_read' <Predicate = true> <Delay = 0.00>
ST_1 : Operation 83 [1/1] (0.00ns)   --->   "%p_0_028288_reload_read = read i16 @_ssdm_op_Read.ap_auto.i16, i16 %p_0_028288_reload"   --->   Operation 83 'read' 'p_0_028288_reload_read' <Predicate = true> <Delay = 0.00>
ST_1 : Operation 84 [1/1] (1.58ns)   --->   "%store_ln120 = store i7 0, i7 %n_1" [bnn.cpp:120]   --->   Operation 84 'store' 'store_ln120' <Predicate = true> <Delay = 1.58>
ST_1 : Operation 85 [1/1] (0.00ns)   --->   "%br_ln0 = br void %for.body9"   --->   Operation 85 'br' 'br_ln0' <Predicate = true> <Delay = 0.00>
ST_1 : Operation 86 [1/1] (0.00ns)   --->   "%n = load i7 %n_1" [bnn.cpp:120]   --->   Operation 86 'load' 'n' <Predicate = true> <Delay = 0.00>
ST_1 : Operation 87 [1/1] (1.87ns)   --->   "%icmp_ln120 = icmp_eq  i7 %n, i7 64" [bnn.cpp:120]   --->   Operation 87 'icmp' 'icmp_ln120' <Predicate = true> <Delay = 1.87> <CoreInst = "Cmp">   --->   Core 9 'Cmp' <Latency = 0> <II = 1> <Delay = 1.91> <FuncUnit> <Opcode : 'seteq' 'setne' 'setle' 'setge' 'setlt' 'setgt'> <InPorts = 2> <OutPorts = 1>
ST_1 : Operation 88 [1/1] (1.87ns)   --->   "%add_ln120 = add i7 %n, i7 1" [bnn.cpp:120]   --->   Operation 88 'add' 'add_ln120' <Predicate = true> <Delay = 1.87> <CoreInst = "Adder">   --->   Core 1 'Adder' <Latency = 0> <II = 1> <Delay = 1.87> <FuncUnit> <Opcode : 'add' 'sub'> <InPorts = 2> <OutPorts = 1>
ST_1 : Operation 89 [1/1] (0.00ns)   --->   "%br_ln120 = br i1 %icmp_ln120, void %for.body9.split, void %for.body.i65.preheader.exitStub" [bnn.cpp:120]   --->   Operation 89 'br' 'br_ln120' <Predicate = true> <Delay = 0.00>
ST_1 : Operation 90 [1/1] (0.00ns)   --->   "%trunc_ln120 = trunc i7 %n" [bnn.cpp:120]   --->   Operation 90 'trunc' 'trunc_ln120' <Predicate = (!icmp_ln120)> <Delay = 0.00>
ST_1 : Operation 91 [1/1] (0.00ns)   --->   "%shl_ln1 = bitconcatenate i9 @_ssdm_op_BitConcatenate.i9.i6.i3, i6 %trunc_ln120, i3 0" [bnn.cpp:122]   --->   Operation 91 'bitconcatenate' 'shl_ln1' <Predicate = (!icmp_ln120)> <Delay = 0.00>
ST_1 : Operation 92 [1/1] (0.00ns)   --->   "%zext_ln60 = zext i9 %shl_ln1" [bnn.cpp:60->bnn.cpp:123]   --->   Operation 92 'zext' 'zext_ln60' <Predicate = (!icmp_ln120)> <Delay = 0.00>
ST_1 : Operation 93 [1/1] (0.00ns)   --->   "%w2_addr = getelementptr i16 %w2, i64 0, i64 %zext_ln60" [bnn.cpp:60->bnn.cpp:123]   --->   Operation 93 'getelementptr' 'w2_addr' <Predicate = (!icmp_ln120)> <Delay = 0.00>
ST_1 : Operation 94 [2/2] (3.25ns)   --->   "%w2_load = load i9 %w2_addr" [bnn.cpp:60->bnn.cpp:123]   --->   Operation 94 'load' 'w2_load' <Predicate = (!icmp_ln120)> <Delay = 3.25> <CoreInst = "ROM">   --->   Core 94 'ROM' <Latency = 1> <II = 1> <Delay = 3.25> <Storage> <Opcode : 'load'> <Ports = 0> <Width = 16> <Depth = 512> <ROM>
ST_1 : Operation 95 [1/1] (0.00ns)   --->   "%or_ln = bitconcatenate i9 @_ssdm_op_BitConcatenate.i9.i6.i3, i6 %trunc_ln120, i3 1" [bnn.cpp:60->bnn.cpp:123]   --->   Operation 95 'bitconcatenate' 'or_ln' <Predicate = (!icmp_ln120)> <Delay = 0.00>
ST_1 : Operation 96 [1/1] (0.00ns)   --->   "%zext_ln60_4 = zext i9 %or_ln" [bnn.cpp:60->bnn.cpp:123]   --->   Operation 96 'zext' 'zext_ln60_4' <Predicate = (!icmp_ln120)> <Delay = 0.00>
ST_1 : Operation 97 [1/1] (0.00ns)   --->   "%w2_addr_1 = getelementptr i16 %w2, i64 0, i64 %zext_ln60_4" [bnn.cpp:60->bnn.cpp:123]   --->   Operation 97 'getelementptr' 'w2_addr_1' <Predicate = (!icmp_ln120)> <Delay = 0.00>
ST_1 : Operation 98 [2/2] (3.25ns)   --->   "%w2_load_1 = load i9 %w2_addr_1" [bnn.cpp:60->bnn.cpp:123]   --->   Operation 98 'load' 'w2_load_1' <Predicate = (!icmp_ln120)> <Delay = 3.25> <CoreInst = "ROM">   --->   Core 94 'ROM' <Latency = 1> <II = 1> <Delay = 3.25> <Storage> <Opcode : 'load'> <Ports = 0> <Width = 16> <Depth = 512> <ROM>
ST_1 : Operation 99 [1/1] (0.00ns)   --->   "%or_ln60_1 = bitconcatenate i9 @_ssdm_op_BitConcatenate.i9.i6.i3, i6 %trunc_ln120, i3 2" [bnn.cpp:60->bnn.cpp:123]   --->   Operation 99 'bitconcatenate' 'or_ln60_1' <Predicate = (!icmp_ln120)> <Delay = 0.00>
ST_1 : Operation 100 [1/1] (0.00ns)   --->   "%zext_ln60_5 = zext i9 %or_ln60_1" [bnn.cpp:60->bnn.cpp:123]   --->   Operation 100 'zext' 'zext_ln60_5' <Predicate = (!icmp_ln120)> <Delay = 0.00>
ST_1 : Operation 101 [1/1] (0.00ns)   --->   "%w2_addr_2 = getelementptr i16 %w2, i64 0, i64 %zext_ln60_5" [bnn.cpp:60->bnn.cpp:123]   --->   Operation 101 'getelementptr' 'w2_addr_2' <Predicate = (!icmp_ln120)> <Delay = 0.00>
ST_1 : Operation 102 [2/2] (3.25ns)   --->   "%w2_load_2 = load i9 %w2_addr_2" [bnn.cpp:60->bnn.cpp:123]   --->   Operation 102 'load' 'w2_load_2' <Predicate = (!icmp_ln120)> <Delay = 3.25> <CoreInst = "ROM">   --->   Core 94 'ROM' <Latency = 1> <II = 1> <Delay = 3.25> <Storage> <Opcode : 'load'> <Ports = 0> <Width = 16> <Depth = 512> <ROM>
ST_1 : Operation 103 [1/1] (0.00ns)   --->   "%or_ln60_2 = bitconcatenate i9 @_ssdm_op_BitConcatenate.i9.i6.i3, i6 %trunc_ln120, i3 3" [bnn.cpp:60->bnn.cpp:123]   --->   Operation 103 'bitconcatenate' 'or_ln60_2' <Predicate = (!icmp_ln120)> <Delay = 0.00>
ST_1 : Operation 104 [1/1] (0.00ns)   --->   "%zext_ln60_6 = zext i9 %or_ln60_2" [bnn.cpp:60->bnn.cpp:123]   --->   Operation 104 'zext' 'zext_ln60_6' <Predicate = (!icmp_ln120)> <Delay = 0.00>
ST_1 : Operation 105 [1/1] (0.00ns)   --->   "%w2_addr_3 = getelementptr i16 %w2, i64 0, i64 %zext_ln60_6" [bnn.cpp:60->bnn.cpp:123]   --->   Operation 105 'getelementptr' 'w2_addr_3' <Predicate = (!icmp_ln120)> <Delay = 0.00>
ST_1 : Operation 106 [2/2] (3.25ns)   --->   "%w2_load_3 = load i9 %w2_addr_3" [bnn.cpp:60->bnn.cpp:123]   --->   Operation 106 'load' 'w2_load_3' <Predicate = (!icmp_ln120)> <Delay = 3.25> <CoreInst = "ROM">   --->   Core 94 'ROM' <Latency = 1> <II = 1> <Delay = 3.25> <Storage> <Opcode : 'load'> <Ports = 0> <Width = 16> <Depth = 512> <ROM>
ST_1 : Operation 107 [1/1] (0.00ns)   --->   "%or_ln60_3 = bitconcatenate i9 @_ssdm_op_BitConcatenate.i9.i6.i3, i6 %trunc_ln120, i3 4" [bnn.cpp:60->bnn.cpp:123]   --->   Operation 107 'bitconcatenate' 'or_ln60_3' <Predicate = (!icmp_ln120)> <Delay = 0.00>
ST_1 : Operation 108 [1/1] (0.00ns)   --->   "%zext_ln60_7 = zext i9 %or_ln60_3" [bnn.cpp:60->bnn.cpp:123]   --->   Operation 108 'zext' 'zext_ln60_7' <Predicate = (!icmp_ln120)> <Delay = 0.00>
ST_1 : Operation 109 [1/1] (0.00ns)   --->   "%w2_addr_4 = getelementptr i16 %w2, i64 0, i64 %zext_ln60_7" [bnn.cpp:60->bnn.cpp:123]   --->   Operation 109 'getelementptr' 'w2_addr_4' <Predicate = (!icmp_ln120)> <Delay = 0.00>
ST_1 : Operation 110 [2/2] (3.25ns)   --->   "%w2_load_4 = load i9 %w2_addr_4" [bnn.cpp:60->bnn.cpp:123]   --->   Operation 110 'load' 'w2_load_4' <Predicate = (!icmp_ln120)> <Delay = 3.25> <CoreInst = "ROM">   --->   Core 94 'ROM' <Latency = 1> <II = 1> <Delay = 3.25> <Storage> <Opcode : 'load'> <Ports = 0> <Width = 16> <Depth = 512> <ROM>
ST_1 : Operation 111 [1/1] (0.00ns)   --->   "%or_ln60_4 = bitconcatenate i9 @_ssdm_op_BitConcatenate.i9.i6.i3, i6 %trunc_ln120, i3 5" [bnn.cpp:60->bnn.cpp:123]   --->   Operation 111 'bitconcatenate' 'or_ln60_4' <Predicate = (!icmp_ln120)> <Delay = 0.00>
ST_1 : Operation 112 [1/1] (0.00ns)   --->   "%zext_ln60_8 = zext i9 %or_ln60_4" [bnn.cpp:60->bnn.cpp:123]   --->   Operation 112 'zext' 'zext_ln60_8' <Predicate = (!icmp_ln120)> <Delay = 0.00>
ST_1 : Operation 113 [1/1] (0.00ns)   --->   "%w2_addr_5 = getelementptr i16 %w2, i64 0, i64 %zext_ln60_8" [bnn.cpp:60->bnn.cpp:123]   --->   Operation 113 'getelementptr' 'w2_addr_5' <Predicate = (!icmp_ln120)> <Delay = 0.00>
ST_1 : Operation 114 [2/2] (3.25ns)   --->   "%w2_load_5 = load i9 %w2_addr_5" [bnn.cpp:60->bnn.cpp:123]   --->   Operation 114 'load' 'w2_load_5' <Predicate = (!icmp_ln120)> <Delay = 3.25> <CoreInst = "ROM">   --->   Core 94 'ROM' <Latency = 1> <II = 1> <Delay = 3.25> <Storage> <Opcode : 'load'> <Ports = 0> <Width = 16> <Depth = 512> <ROM>
ST_1 : Operation 115 [1/1] (0.00ns)   --->   "%or_ln60_5 = bitconcatenate i9 @_ssdm_op_BitConcatenate.i9.i6.i3, i6 %trunc_ln120, i3 6" [bnn.cpp:60->bnn.cpp:123]   --->   Operation 115 'bitconcatenate' 'or_ln60_5' <Predicate = (!icmp_ln120)> <Delay = 0.00>
ST_1 : Operation 116 [1/1] (0.00ns)   --->   "%zext_ln60_9 = zext i9 %or_ln60_5" [bnn.cpp:60->bnn.cpp:123]   --->   Operation 116 'zext' 'zext_ln60_9' <Predicate = (!icmp_ln120)> <Delay = 0.00>
ST_1 : Operation 117 [1/1] (0.00ns)   --->   "%w2_addr_6 = getelementptr i16 %w2, i64 0, i64 %zext_ln60_9" [bnn.cpp:60->bnn.cpp:123]   --->   Operation 117 'getelementptr' 'w2_addr_6' <Predicate = (!icmp_ln120)> <Delay = 0.00>
ST_1 : Operation 118 [2/2] (3.25ns)   --->   "%w2_load_6 = load i9 %w2_addr_6" [bnn.cpp:60->bnn.cpp:123]   --->   Operation 118 'load' 'w2_load_6' <Predicate = (!icmp_ln120)> <Delay = 3.25> <CoreInst = "ROM">   --->   Core 94 'ROM' <Latency = 1> <II = 1> <Delay = 3.25> <Storage> <Opcode : 'load'> <Ports = 0> <Width = 16> <Depth = 512> <ROM>
ST_1 : Operation 119 [1/1] (0.00ns)   --->   "%or_ln60_6 = bitconcatenate i9 @_ssdm_op_BitConcatenate.i9.i6.i3, i6 %trunc_ln120, i3 7" [bnn.cpp:60->bnn.cpp:123]   --->   Operation 119 'bitconcatenate' 'or_ln60_6' <Predicate = (!icmp_ln120)> <Delay = 0.00>
ST_1 : Operation 120 [1/1] (0.00ns)   --->   "%zext_ln60_10 = zext i9 %or_ln60_6" [bnn.cpp:60->bnn.cpp:123]   --->   Operation 120 'zext' 'zext_ln60_10' <Predicate = (!icmp_ln120)> <Delay = 0.00>
ST_1 : Operation 121 [1/1] (0.00ns)   --->   "%w2_addr_7 = getelementptr i16 %w2, i64 0, i64 %zext_ln60_10" [bnn.cpp:60->bnn.cpp:123]   --->   Operation 121 'getelementptr' 'w2_addr_7' <Predicate = (!icmp_ln120)> <Delay = 0.00>
ST_1 : Operation 122 [2/2] (3.25ns)   --->   "%w2_load_7 = load i9 %w2_addr_7" [bnn.cpp:60->bnn.cpp:123]   --->   Operation 122 'load' 'w2_load_7' <Predicate = (!icmp_ln120)> <Delay = 3.25> <CoreInst = "ROM">   --->   Core 94 'ROM' <Latency = 1> <II = 1> <Delay = 3.25> <Storage> <Opcode : 'load'> <Ports = 0> <Width = 16> <Depth = 512> <ROM>
ST_1 : Operation 123 [1/1] (1.82ns)   --->   "%switch_ln129 = switch i6 %trunc_ln120, void %arrayidx23.case.63, i6 0, void %arrayidx23.case.0, i6 1, void %arrayidx23.case.1, i6 2, void %arrayidx23.case.2, i6 3, void %arrayidx23.case.3, i6 4, void %arrayidx23.case.4, i6 5, void %arrayidx23.case.5, i6 6, void %arrayidx23.case.6, i6 7, void %arrayidx23.case.7, i6 8, void %arrayidx23.case.8, i6 9, void %arrayidx23.case.9, i6 10, void %arrayidx23.case.10, i6 11, void %arrayidx23.case.11, i6 12, void %arrayidx23.case.12, i6 13, void %arrayidx23.case.13, i6 14, void %arrayidx23.case.14, i6 15, void %arrayidx23.case.15, i6 16, void %arrayidx23.case.16, i6 17, void %arrayidx23.case.17, i6 18, void %arrayidx23.case.18, i6 19, void %arrayidx23.case.19, i6 20, void %arrayidx23.case.20, i6 21, void %arrayidx23.case.21, i6 22, void %arrayidx23.case.22, i6 23, void %arrayidx23.case.23, i6 24, void %arrayidx23.case.24, i6 25, void %arrayidx23.case.25, i6 26, void %arrayidx23.case.26, i6 27, void %arrayidx23.case.27, i6 28, void %arrayidx23.case.28, i6 29, void %arrayidx23.case.29, i6 30, void %arrayidx23.case.30, i6 31, void %arrayidx23.case.31, i6 32, void %arrayidx23.case.32, i6 33, void %arrayidx23.case.33, i6 34, void %arrayidx23.case.34, i6 35, void %arrayidx23.case.35, i6 36, void %arrayidx23.case.36, i6 37, void %arrayidx23.case.37, i6 38, void %arrayidx23.case.38, i6 39, void %arrayidx23.case.39, i6 40, void %arrayidx23.case.40, i6 41, void %arrayidx23.case.41, i6 42, void %arrayidx23.case.42, i6 43, void %arrayidx23.case.43, i6 44, void %arrayidx23.case.44, i6 45, void %arrayidx23.case.45, i6 46, void %arrayidx23.case.46, i6 47, void %arrayidx23.case.47, i6 48, void %arrayidx23.case.48, i6 49, void %arrayidx23.case.49, i6 50, void %arrayidx23.case.50, i6 51, void %arrayidx23.case.51, i6 52, void %arrayidx23.case.52, i6 53, void %arrayidx23.case.53, i6 54, void %arrayidx23.case.54, i6 55, void %arrayidx23.case.55, i6 56, void %arrayidx23.case.56, i6 57, void %arrayidx23.case.57, i6 58, void %arrayidx23.case.58, i6 59, void %arrayidx23.case.59, i6 60, void %arrayidx23.case.60, i6 61, void %arrayidx23.case.61, i6 62, void %for.body9.split.arrayidx23.exit_crit_edge" [bnn.cpp:129]   --->   Operation 123 'switch' 'switch_ln129' <Predicate = (!icmp_ln120)> <Delay = 1.82>
ST_1 : Operation 124 [1/1] (1.58ns)   --->   "%store_ln120 = store i7 %add_ln120, i7 %n_1" [bnn.cpp:120]   --->   Operation 124 'store' 'store_ln120' <Predicate = (!icmp_ln120)> <Delay = 1.58>
ST_1 : Operation 125 [1/1] (0.00ns)   --->   "%br_ln120 = br void %for.body9" [bnn.cpp:120]   --->   Operation 125 'br' 'br_ln120' <Predicate = (!icmp_ln120)> <Delay = 0.00>

State 2 <SV = 1> <Delay = 5.80>
ST_2 : Operation 126 [1/2] ( I:3.25ns O:3.25ns )   --->   "%w2_load = load i9 %w2_addr" [bnn.cpp:60->bnn.cpp:123]   --->   Operation 126 'load' 'w2_load' <Predicate = true> <Delay = 3.25> <CoreInst = "ROM">   --->   Core 94 'ROM' <Latency = 1> <II = 1> <Delay = 3.25> <Storage> <Opcode : 'load'> <Ports = 0> <Width = 16> <Depth = 512> <ROM>
ST_2 : Operation 127 [1/1] (0.00ns) (grouped into LUT with out node xnor)   --->   "%xor_ln60 = xor i16 %p_0_028288_reload_read, i16 65535" [bnn.cpp:60->bnn.cpp:123]   --->   Operation 127 'xor' 'xor_ln60' <Predicate = true> <Delay = 0.00> <CoreInst = "LogicGate">   --->   Core 74 'LogicGate' <Latency = 0> <II = 1> <Delay = 0.99> <FuncUnit> <Opcode : 'and' 'or' 'xor'> <InPorts = 2> <OutPorts = 1>
ST_2 : Operation 128 [1/1] (0.99ns) (out node of the LUT)   --->   "%xnor = xor i16 %w2_load, i16 %xor_ln60" [bnn.cpp:60->bnn.cpp:123]   --->   Operation 128 'xor' 'xnor' <Predicate = true> <Delay = 0.99> <CoreInst = "LogicGate">   --->   Core 74 'LogicGate' <Latency = 0> <II = 1> <Delay = 0.99> <FuncUnit> <Opcode : 'and' 'or' 'xor'> <InPorts = 2> <OutPorts = 1>
ST_2 : Operation 129 [1/1] (0.00ns)   --->   "%cnt = trunc i16 %xnor" [bnn.cpp:11->bnn.cpp:61->bnn.cpp:123]   --->   Operation 129 'trunc' 'cnt' <Predicate = true> <Delay = 0.00>
ST_2 : Operation 130 [1/1] (0.00ns)   --->   "%zext_ln8 = zext i1 %cnt" [bnn.cpp:8->bnn.cpp:61->bnn.cpp:123]   --->   Operation 130 'zext' 'zext_ln8' <Predicate = true> <Delay = 0.00>
ST_2 : Operation 131 [1/1] (0.00ns)   --->   "%tmp = bitselect i1 @_ssdm_op_BitSelect.i1.i16.i32, i16 %xnor, i32 1" [bnn.cpp:11->bnn.cpp:61->bnn.cpp:123]   --->   Operation 131 'bitselect' 'tmp' <Predicate = true> <Delay = 0.00>
ST_2 : Operation 132 [1/1] (0.00ns)   --->   "%zext_ln11 = zext i1 %tmp" [bnn.cpp:11->bnn.cpp:61->bnn.cpp:123]   --->   Operation 132 'zext' 'zext_ln11' <Predicate = true> <Delay = 0.00>
ST_2 : Operation 133 [1/1] (0.00ns)   --->   "%tmp_60 = bitselect i1 @_ssdm_op_BitSelect.i1.i16.i32, i16 %xnor, i32 2" [bnn.cpp:11->bnn.cpp:61->bnn.cpp:123]   --->   Operation 133 'bitselect' 'tmp_60' <Predicate = true> <Delay = 0.00>
ST_2 : Operation 134 [1/1] (0.00ns)   --->   "%zext_ln11_116 = zext i1 %tmp_60" [bnn.cpp:11->bnn.cpp:61->bnn.cpp:123]   --->   Operation 134 'zext' 'zext_ln11_116' <Predicate = true> <Delay = 0.00>
ST_2 : Operation 135 [1/1] (0.00ns)   --->   "%tmp_61 = bitselect i1 @_ssdm_op_BitSelect.i1.i16.i32, i16 %xnor, i32 3" [bnn.cpp:11->bnn.cpp:61->bnn.cpp:123]   --->   Operation 135 'bitselect' 'tmp_61' <Predicate = true> <Delay = 0.00>
ST_2 : Operation 136 [1/1] (0.00ns)   --->   "%zext_ln11_117 = zext i1 %tmp_61" [bnn.cpp:11->bnn.cpp:61->bnn.cpp:123]   --->   Operation 136 'zext' 'zext_ln11_117' <Predicate = true> <Delay = 0.00>
ST_2 : Operation 137 [1/1] (0.00ns)   --->   "%tmp_62 = bitselect i1 @_ssdm_op_BitSelect.i1.i16.i32, i16 %xnor, i32 4" [bnn.cpp:11->bnn.cpp:61->bnn.cpp:123]   --->   Operation 137 'bitselect' 'tmp_62' <Predicate = true> <Delay = 0.00>
ST_2 : Operation 138 [1/1] (0.00ns)   --->   "%zext_ln11_118 = zext i1 %tmp_62" [bnn.cpp:11->bnn.cpp:61->bnn.cpp:123]   --->   Operation 138 'zext' 'zext_ln11_118' <Predicate = true> <Delay = 0.00>
ST_2 : Operation 139 [1/1] (0.00ns)   --->   "%tmp_63 = bitselect i1 @_ssdm_op_BitSelect.i1.i16.i32, i16 %xnor, i32 5" [bnn.cpp:11->bnn.cpp:61->bnn.cpp:123]   --->   Operation 139 'bitselect' 'tmp_63' <Predicate = true> <Delay = 0.00>
ST_2 : Operation 140 [1/1] (0.00ns)   --->   "%zext_ln11_119 = zext i1 %tmp_63" [bnn.cpp:11->bnn.cpp:61->bnn.cpp:123]   --->   Operation 140 'zext' 'zext_ln11_119' <Predicate = true> <Delay = 0.00>
ST_2 : Operation 141 [1/1] (0.00ns)   --->   "%tmp_64 = bitselect i1 @_ssdm_op_BitSelect.i1.i16.i32, i16 %xnor, i32 6" [bnn.cpp:11->bnn.cpp:61->bnn.cpp:123]   --->   Operation 141 'bitselect' 'tmp_64' <Predicate = true> <Delay = 0.00>
ST_2 : Operation 142 [1/1] (0.00ns)   --->   "%zext_ln11_120 = zext i1 %tmp_64" [bnn.cpp:11->bnn.cpp:61->bnn.cpp:123]   --->   Operation 142 'zext' 'zext_ln11_120' <Predicate = true> <Delay = 0.00>
ST_2 : Operation 143 [1/1] (0.00ns)   --->   "%tmp_65 = bitselect i1 @_ssdm_op_BitSelect.i1.i16.i32, i16 %xnor, i32 7" [bnn.cpp:11->bnn.cpp:61->bnn.cpp:123]   --->   Operation 143 'bitselect' 'tmp_65' <Predicate = true> <Delay = 0.00>
ST_2 : Operation 144 [1/1] (0.00ns)   --->   "%zext_ln11_121 = zext i1 %tmp_65" [bnn.cpp:11->bnn.cpp:61->bnn.cpp:123]   --->   Operation 144 'zext' 'zext_ln11_121' <Predicate = true> <Delay = 0.00>
ST_2 : Operation 145 [1/1] (0.00ns)   --->   "%tmp_66 = bitselect i1 @_ssdm_op_BitSelect.i1.i16.i32, i16 %xnor, i32 8" [bnn.cpp:11->bnn.cpp:61->bnn.cpp:123]   --->   Operation 145 'bitselect' 'tmp_66' <Predicate = true> <Delay = 0.00>
ST_2 : Operation 146 [1/1] (0.00ns)   --->   "%zext_ln11_122 = zext i1 %tmp_66" [bnn.cpp:11->bnn.cpp:61->bnn.cpp:123]   --->   Operation 146 'zext' 'zext_ln11_122' <Predicate = true> <Delay = 0.00>
ST_2 : Operation 147 [1/1] (0.00ns)   --->   "%tmp_67 = bitselect i1 @_ssdm_op_BitSelect.i1.i16.i32, i16 %xnor, i32 9" [bnn.cpp:11->bnn.cpp:61->bnn.cpp:123]   --->   Operation 147 'bitselect' 'tmp_67' <Predicate = true> <Delay = 0.00>
ST_2 : Operation 148 [1/1] (0.00ns)   --->   "%zext_ln11_123 = zext i1 %tmp_67" [bnn.cpp:11->bnn.cpp:61->bnn.cpp:123]   --->   Operation 148 'zext' 'zext_ln11_123' <Predicate = true> <Delay = 0.00>
ST_2 : Operation 149 [1/1] (0.00ns)   --->   "%tmp_68 = bitselect i1 @_ssdm_op_BitSelect.i1.i16.i32, i16 %xnor, i32 10" [bnn.cpp:11->bnn.cpp:61->bnn.cpp:123]   --->   Operation 149 'bitselect' 'tmp_68' <Predicate = true> <Delay = 0.00>
ST_2 : Operation 150 [1/1] (0.00ns)   --->   "%zext_ln11_124 = zext i1 %tmp_68" [bnn.cpp:11->bnn.cpp:61->bnn.cpp:123]   --->   Operation 150 'zext' 'zext_ln11_124' <Predicate = true> <Delay = 0.00>
ST_2 : Operation 151 [1/1] (0.00ns)   --->   "%tmp_69 = bitselect i1 @_ssdm_op_BitSelect.i1.i16.i32, i16 %xnor, i32 11" [bnn.cpp:11->bnn.cpp:61->bnn.cpp:123]   --->   Operation 151 'bitselect' 'tmp_69' <Predicate = true> <Delay = 0.00>
ST_2 : Operation 152 [1/1] (0.00ns)   --->   "%zext_ln11_125 = zext i1 %tmp_69" [bnn.cpp:11->bnn.cpp:61->bnn.cpp:123]   --->   Operation 152 'zext' 'zext_ln11_125' <Predicate = true> <Delay = 0.00>
ST_2 : Operation 153 [1/1] (0.00ns)   --->   "%tmp_70 = bitselect i1 @_ssdm_op_BitSelect.i1.i16.i32, i16 %xnor, i32 12" [bnn.cpp:11->bnn.cpp:61->bnn.cpp:123]   --->   Operation 153 'bitselect' 'tmp_70' <Predicate = true> <Delay = 0.00>
ST_2 : Operation 154 [1/1] (0.00ns)   --->   "%zext_ln11_126 = zext i1 %tmp_70" [bnn.cpp:11->bnn.cpp:61->bnn.cpp:123]   --->   Operation 154 'zext' 'zext_ln11_126' <Predicate = true> <Delay = 0.00>
ST_2 : Operation 155 [1/1] (0.00ns)   --->   "%tmp_71 = bitselect i1 @_ssdm_op_BitSelect.i1.i16.i32, i16 %xnor, i32 13" [bnn.cpp:11->bnn.cpp:61->bnn.cpp:123]   --->   Operation 155 'bitselect' 'tmp_71' <Predicate = true> <Delay = 0.00>
ST_2 : Operation 156 [1/1] (0.00ns)   --->   "%zext_ln11_127 = zext i1 %tmp_71" [bnn.cpp:11->bnn.cpp:61->bnn.cpp:123]   --->   Operation 156 'zext' 'zext_ln11_127' <Predicate = true> <Delay = 0.00>
ST_2 : Operation 157 [1/1] (0.00ns)   --->   "%tmp_72 = bitselect i1 @_ssdm_op_BitSelect.i1.i16.i32, i16 %xnor, i32 14" [bnn.cpp:11->bnn.cpp:61->bnn.cpp:123]   --->   Operation 157 'bitselect' 'tmp_72' <Predicate = true> <Delay = 0.00>
ST_2 : Operation 158 [1/1] (0.00ns)   --->   "%zext_ln11_128 = zext i1 %tmp_72" [bnn.cpp:11->bnn.cpp:61->bnn.cpp:123]   --->   Operation 158 'zext' 'zext_ln11_128' <Predicate = true> <Delay = 0.00>
ST_2 : Operation 159 [1/1] (0.00ns)   --->   "%tmp_73 = bitselect i1 @_ssdm_op_BitSelect.i1.i16.i32, i16 %xnor, i32 15" [bnn.cpp:11->bnn.cpp:61->bnn.cpp:123]   --->   Operation 159 'bitselect' 'tmp_73' <Predicate = true> <Delay = 0.00>
ST_2 : Operation 160 [1/1] (0.00ns)   --->   "%zext_ln11_129 = zext i1 %tmp_73" [bnn.cpp:11->bnn.cpp:61->bnn.cpp:123]   --->   Operation 160 'zext' 'zext_ln11_129' <Predicate = true> <Delay = 0.00>
ST_2 : Operation 161 [1/1] (1.56ns)   --->   "%add_ln11 = add i2 %zext_ln11, i2 %zext_ln8" [bnn.cpp:11->bnn.cpp:61->bnn.cpp:123]   --->   Operation 161 'add' 'add_ln11' <Predicate = true> <Delay = 1.56> <CoreInst = "Adder">   --->   Core 1 'Adder' <Latency = 0> <II = 1> <Delay = 1.56> <FuncUnit> <Opcode : 'add' 'sub'> <InPorts = 2> <OutPorts = 1>
ST_2 : Operation 162 [1/1] (1.56ns)   --->   "%add_ln11_60 = add i2 %zext_ln11_116, i2 %zext_ln11_117" [bnn.cpp:11->bnn.cpp:61->bnn.cpp:123]   --->   Operation 162 'add' 'add_ln11_60' <Predicate = true> <Delay = 1.56> <CoreInst = "Adder">   --->   Core 1 'Adder' <Latency = 0> <II = 1> <Delay = 1.56> <FuncUnit> <Opcode : 'add' 'sub'> <InPorts = 2> <OutPorts = 1>
ST_2 : Operation 163 [1/1] (1.56ns)   --->   "%add_ln11_62 = add i2 %zext_ln11_118, i2 %zext_ln11_119" [bnn.cpp:11->bnn.cpp:61->bnn.cpp:123]   --->   Operation 163 'add' 'add_ln11_62' <Predicate = true> <Delay = 1.56> <CoreInst = "Adder">   --->   Core 1 'Adder' <Latency = 0> <II = 1> <Delay = 1.56> <FuncUnit> <Opcode : 'add' 'sub'> <InPorts = 2> <OutPorts = 1>
ST_2 : Operation 164 [1/1] (1.56ns)   --->   "%add_ln11_63 = add i2 %zext_ln11_120, i2 %zext_ln11_121" [bnn.cpp:11->bnn.cpp:61->bnn.cpp:123]   --->   Operation 164 'add' 'add_ln11_63' <Predicate = true> <Delay = 1.56> <CoreInst = "Adder">   --->   Core 1 'Adder' <Latency = 0> <II = 1> <Delay = 1.56> <FuncUnit> <Opcode : 'add' 'sub'> <InPorts = 2> <OutPorts = 1>
ST_2 : Operation 165 [1/1] (1.56ns)   --->   "%add_ln11_66 = add i2 %zext_ln11_122, i2 %zext_ln11_123" [bnn.cpp:11->bnn.cpp:61->bnn.cpp:123]   --->   Operation 165 'add' 'add_ln11_66' <Predicate = true> <Delay = 1.56> <CoreInst = "Adder">   --->   Core 1 'Adder' <Latency = 0> <II = 1> <Delay = 1.56> <FuncUnit> <Opcode : 'add' 'sub'> <InPorts = 2> <OutPorts = 1>
ST_2 : Operation 166 [1/1] (1.56ns)   --->   "%add_ln11_67 = add i2 %zext_ln11_124, i2 %zext_ln11_125" [bnn.cpp:11->bnn.cpp:61->bnn.cpp:123]   --->   Operation 166 'add' 'add_ln11_67' <Predicate = true> <Delay = 1.56> <CoreInst = "Adder">   --->   Core 1 'Adder' <Latency = 0> <II = 1> <Delay = 1.56> <FuncUnit> <Opcode : 'add' 'sub'> <InPorts = 2> <OutPorts = 1>
ST_2 : Operation 167 [1/1] (1.56ns)   --->   "%add_ln11_69 = add i2 %zext_ln11_126, i2 %zext_ln11_127" [bnn.cpp:11->bnn.cpp:61->bnn.cpp:123]   --->   Operation 167 'add' 'add_ln11_69' <Predicate = true> <Delay = 1.56> <CoreInst = "Adder">   --->   Core 1 'Adder' <Latency = 0> <II = 1> <Delay = 1.56> <FuncUnit> <Opcode : 'add' 'sub'> <InPorts = 2> <OutPorts = 1>
ST_2 : Operation 168 [1/1] (1.56ns)   --->   "%add_ln11_70 = add i2 %zext_ln11_128, i2 %zext_ln11_129" [bnn.cpp:11->bnn.cpp:61->bnn.cpp:123]   --->   Operation 168 'add' 'add_ln11_70' <Predicate = true> <Delay = 1.56> <CoreInst = "Adder">   --->   Core 1 'Adder' <Latency = 0> <II = 1> <Delay = 1.56> <FuncUnit> <Opcode : 'add' 'sub'> <InPorts = 2> <OutPorts = 1>
ST_2 : Operation 169 [1/2] ( I:3.25ns O:3.25ns )   --->   "%w2_load_1 = load i9 %w2_addr_1" [bnn.cpp:60->bnn.cpp:123]   --->   Operation 169 'load' 'w2_load_1' <Predicate = true> <Delay = 3.25> <CoreInst = "ROM">   --->   Core 94 'ROM' <Latency = 1> <II = 1> <Delay = 3.25> <Storage> <Opcode : 'load'> <Ports = 0> <Width = 16> <Depth = 512> <ROM>
ST_2 : Operation 170 [1/1] (0.00ns) (grouped into LUT with out node xnor_4)   --->   "%xor_ln60_9 = xor i16 %p_0_0282_190_reload_read, i16 65535" [bnn.cpp:60->bnn.cpp:123]   --->   Operation 170 'xor' 'xor_ln60_9' <Predicate = true> <Delay = 0.00> <CoreInst = "LogicGate">   --->   Core 74 'LogicGate' <Latency = 0> <II = 1> <Delay = 0.99> <FuncUnit> <Opcode : 'and' 'or' 'xor'> <InPorts = 2> <OutPorts = 1>
ST_2 : Operation 171 [1/1] (0.99ns) (out node of the LUT)   --->   "%xnor_4 = xor i16 %w2_load_1, i16 %xor_ln60_9" [bnn.cpp:60->bnn.cpp:123]   --->   Operation 171 'xor' 'xnor_4' <Predicate = true> <Delay = 0.99> <CoreInst = "LogicGate">   --->   Core 74 'LogicGate' <Latency = 0> <II = 1> <Delay = 0.99> <FuncUnit> <Opcode : 'and' 'or' 'xor'> <InPorts = 2> <OutPorts = 1>
ST_2 : Operation 172 [1/1] (0.00ns)   --->   "%cnt_9 = trunc i16 %xnor_4" [bnn.cpp:11->bnn.cpp:61->bnn.cpp:123]   --->   Operation 172 'trunc' 'cnt_9' <Predicate = true> <Delay = 0.00>
ST_2 : Operation 173 [1/1] (0.00ns)   --->   "%zext_ln8_4 = zext i1 %cnt_9" [bnn.cpp:8->bnn.cpp:61->bnn.cpp:123]   --->   Operation 173 'zext' 'zext_ln8_4' <Predicate = true> <Delay = 0.00>
ST_2 : Operation 174 [1/1] (0.00ns)   --->   "%tmp_74 = bitselect i1 @_ssdm_op_BitSelect.i1.i16.i32, i16 %xnor_4, i32 1" [bnn.cpp:11->bnn.cpp:61->bnn.cpp:123]   --->   Operation 174 'bitselect' 'tmp_74' <Predicate = true> <Delay = 0.00>
ST_2 : Operation 175 [1/1] (0.00ns)   --->   "%zext_ln11_144 = zext i1 %tmp_74" [bnn.cpp:11->bnn.cpp:61->bnn.cpp:123]   --->   Operation 175 'zext' 'zext_ln11_144' <Predicate = true> <Delay = 0.00>
ST_2 : Operation 176 [1/1] (0.00ns)   --->   "%tmp_75 = bitselect i1 @_ssdm_op_BitSelect.i1.i16.i32, i16 %xnor_4, i32 2" [bnn.cpp:11->bnn.cpp:61->bnn.cpp:123]   --->   Operation 176 'bitselect' 'tmp_75' <Predicate = true> <Delay = 0.00>
ST_2 : Operation 177 [1/1] (0.00ns)   --->   "%zext_ln11_145 = zext i1 %tmp_75" [bnn.cpp:11->bnn.cpp:61->bnn.cpp:123]   --->   Operation 177 'zext' 'zext_ln11_145' <Predicate = true> <Delay = 0.00>
ST_2 : Operation 178 [1/1] (0.00ns)   --->   "%tmp_76 = bitselect i1 @_ssdm_op_BitSelect.i1.i16.i32, i16 %xnor_4, i32 3" [bnn.cpp:11->bnn.cpp:61->bnn.cpp:123]   --->   Operation 178 'bitselect' 'tmp_76' <Predicate = true> <Delay = 0.00>
ST_2 : Operation 179 [1/1] (0.00ns)   --->   "%zext_ln11_146 = zext i1 %tmp_76" [bnn.cpp:11->bnn.cpp:61->bnn.cpp:123]   --->   Operation 179 'zext' 'zext_ln11_146' <Predicate = true> <Delay = 0.00>
ST_2 : Operation 180 [1/1] (0.00ns)   --->   "%tmp_77 = bitselect i1 @_ssdm_op_BitSelect.i1.i16.i32, i16 %xnor_4, i32 4" [bnn.cpp:11->bnn.cpp:61->bnn.cpp:123]   --->   Operation 180 'bitselect' 'tmp_77' <Predicate = true> <Delay = 0.00>
ST_2 : Operation 181 [1/1] (0.00ns)   --->   "%zext_ln11_147 = zext i1 %tmp_77" [bnn.cpp:11->bnn.cpp:61->bnn.cpp:123]   --->   Operation 181 'zext' 'zext_ln11_147' <Predicate = true> <Delay = 0.00>
ST_2 : Operation 182 [1/1] (0.00ns)   --->   "%tmp_78 = bitselect i1 @_ssdm_op_BitSelect.i1.i16.i32, i16 %xnor_4, i32 5" [bnn.cpp:11->bnn.cpp:61->bnn.cpp:123]   --->   Operation 182 'bitselect' 'tmp_78' <Predicate = true> <Delay = 0.00>
ST_2 : Operation 183 [1/1] (0.00ns)   --->   "%zext_ln11_148 = zext i1 %tmp_78" [bnn.cpp:11->bnn.cpp:61->bnn.cpp:123]   --->   Operation 183 'zext' 'zext_ln11_148' <Predicate = true> <Delay = 0.00>
ST_2 : Operation 184 [1/1] (0.00ns)   --->   "%tmp_79 = bitselect i1 @_ssdm_op_BitSelect.i1.i16.i32, i16 %xnor_4, i32 6" [bnn.cpp:11->bnn.cpp:61->bnn.cpp:123]   --->   Operation 184 'bitselect' 'tmp_79' <Predicate = true> <Delay = 0.00>
ST_2 : Operation 185 [1/1] (0.00ns)   --->   "%zext_ln11_149 = zext i1 %tmp_79" [bnn.cpp:11->bnn.cpp:61->bnn.cpp:123]   --->   Operation 185 'zext' 'zext_ln11_149' <Predicate = true> <Delay = 0.00>
ST_2 : Operation 186 [1/1] (0.00ns)   --->   "%tmp_80 = bitselect i1 @_ssdm_op_BitSelect.i1.i16.i32, i16 %xnor_4, i32 7" [bnn.cpp:11->bnn.cpp:61->bnn.cpp:123]   --->   Operation 186 'bitselect' 'tmp_80' <Predicate = true> <Delay = 0.00>
ST_2 : Operation 187 [1/1] (0.00ns)   --->   "%zext_ln11_150 = zext i1 %tmp_80" [bnn.cpp:11->bnn.cpp:61->bnn.cpp:123]   --->   Operation 187 'zext' 'zext_ln11_150' <Predicate = true> <Delay = 0.00>
ST_2 : Operation 188 [1/1] (0.00ns)   --->   "%tmp_81 = bitselect i1 @_ssdm_op_BitSelect.i1.i16.i32, i16 %xnor_4, i32 8" [bnn.cpp:11->bnn.cpp:61->bnn.cpp:123]   --->   Operation 188 'bitselect' 'tmp_81' <Predicate = true> <Delay = 0.00>
ST_2 : Operation 189 [1/1] (0.00ns)   --->   "%zext_ln11_151 = zext i1 %tmp_81" [bnn.cpp:11->bnn.cpp:61->bnn.cpp:123]   --->   Operation 189 'zext' 'zext_ln11_151' <Predicate = true> <Delay = 0.00>
ST_2 : Operation 190 [1/1] (0.00ns)   --->   "%tmp_82 = bitselect i1 @_ssdm_op_BitSelect.i1.i16.i32, i16 %xnor_4, i32 9" [bnn.cpp:11->bnn.cpp:61->bnn.cpp:123]   --->   Operation 190 'bitselect' 'tmp_82' <Predicate = true> <Delay = 0.00>
ST_2 : Operation 191 [1/1] (0.00ns)   --->   "%zext_ln11_152 = zext i1 %tmp_82" [bnn.cpp:11->bnn.cpp:61->bnn.cpp:123]   --->   Operation 191 'zext' 'zext_ln11_152' <Predicate = true> <Delay = 0.00>
ST_2 : Operation 192 [1/1] (0.00ns)   --->   "%tmp_83 = bitselect i1 @_ssdm_op_BitSelect.i1.i16.i32, i16 %xnor_4, i32 10" [bnn.cpp:11->bnn.cpp:61->bnn.cpp:123]   --->   Operation 192 'bitselect' 'tmp_83' <Predicate = true> <Delay = 0.00>
ST_2 : Operation 193 [1/1] (0.00ns)   --->   "%zext_ln11_153 = zext i1 %tmp_83" [bnn.cpp:11->bnn.cpp:61->bnn.cpp:123]   --->   Operation 193 'zext' 'zext_ln11_153' <Predicate = true> <Delay = 0.00>
ST_2 : Operation 194 [1/1] (0.00ns)   --->   "%tmp_84 = bitselect i1 @_ssdm_op_BitSelect.i1.i16.i32, i16 %xnor_4, i32 11" [bnn.cpp:11->bnn.cpp:61->bnn.cpp:123]   --->   Operation 194 'bitselect' 'tmp_84' <Predicate = true> <Delay = 0.00>
ST_2 : Operation 195 [1/1] (0.00ns)   --->   "%zext_ln11_154 = zext i1 %tmp_84" [bnn.cpp:11->bnn.cpp:61->bnn.cpp:123]   --->   Operation 195 'zext' 'zext_ln11_154' <Predicate = true> <Delay = 0.00>
ST_2 : Operation 196 [1/1] (0.00ns)   --->   "%tmp_85 = bitselect i1 @_ssdm_op_BitSelect.i1.i16.i32, i16 %xnor_4, i32 12" [bnn.cpp:11->bnn.cpp:61->bnn.cpp:123]   --->   Operation 196 'bitselect' 'tmp_85' <Predicate = true> <Delay = 0.00>
ST_2 : Operation 197 [1/1] (0.00ns)   --->   "%zext_ln11_155 = zext i1 %tmp_85" [bnn.cpp:11->bnn.cpp:61->bnn.cpp:123]   --->   Operation 197 'zext' 'zext_ln11_155' <Predicate = true> <Delay = 0.00>
ST_2 : Operation 198 [1/1] (0.00ns)   --->   "%tmp_86 = bitselect i1 @_ssdm_op_BitSelect.i1.i16.i32, i16 %xnor_4, i32 13" [bnn.cpp:11->bnn.cpp:61->bnn.cpp:123]   --->   Operation 198 'bitselect' 'tmp_86' <Predicate = true> <Delay = 0.00>
ST_2 : Operation 199 [1/1] (0.00ns)   --->   "%zext_ln11_156 = zext i1 %tmp_86" [bnn.cpp:11->bnn.cpp:61->bnn.cpp:123]   --->   Operation 199 'zext' 'zext_ln11_156' <Predicate = true> <Delay = 0.00>
ST_2 : Operation 200 [1/1] (0.00ns)   --->   "%tmp_87 = bitselect i1 @_ssdm_op_BitSelect.i1.i16.i32, i16 %xnor_4, i32 14" [bnn.cpp:11->bnn.cpp:61->bnn.cpp:123]   --->   Operation 200 'bitselect' 'tmp_87' <Predicate = true> <Delay = 0.00>
ST_2 : Operation 201 [1/1] (0.00ns)   --->   "%zext_ln11_157 = zext i1 %tmp_87" [bnn.cpp:11->bnn.cpp:61->bnn.cpp:123]   --->   Operation 201 'zext' 'zext_ln11_157' <Predicate = true> <Delay = 0.00>
ST_2 : Operation 202 [1/1] (0.00ns)   --->   "%tmp_88 = bitselect i1 @_ssdm_op_BitSelect.i1.i16.i32, i16 %xnor_4, i32 15" [bnn.cpp:11->bnn.cpp:61->bnn.cpp:123]   --->   Operation 202 'bitselect' 'tmp_88' <Predicate = true> <Delay = 0.00>
ST_2 : Operation 203 [1/1] (0.00ns)   --->   "%zext_ln11_158 = zext i1 %tmp_88" [bnn.cpp:11->bnn.cpp:61->bnn.cpp:123]   --->   Operation 203 'zext' 'zext_ln11_158' <Predicate = true> <Delay = 0.00>
ST_2 : Operation 204 [1/1] (1.56ns)   --->   "%add_ln11_74 = add i2 %zext_ln11_144, i2 %zext_ln8_4" [bnn.cpp:11->bnn.cpp:61->bnn.cpp:123]   --->   Operation 204 'add' 'add_ln11_74' <Predicate = true> <Delay = 1.56> <CoreInst = "Adder">   --->   Core 1 'Adder' <Latency = 0> <II = 1> <Delay = 1.56> <FuncUnit> <Opcode : 'add' 'sub'> <InPorts = 2> <OutPorts = 1>
ST_2 : Operation 205 [1/1] (1.56ns)   --->   "%add_ln11_75 = add i2 %zext_ln11_145, i2 %zext_ln11_146" [bnn.cpp:11->bnn.cpp:61->bnn.cpp:123]   --->   Operation 205 'add' 'add_ln11_75' <Predicate = true> <Delay = 1.56> <CoreInst = "Adder">   --->   Core 1 'Adder' <Latency = 0> <II = 1> <Delay = 1.56> <FuncUnit> <Opcode : 'add' 'sub'> <InPorts = 2> <OutPorts = 1>
ST_2 : Operation 206 [1/1] (1.56ns)   --->   "%add_ln11_77 = add i2 %zext_ln11_147, i2 %zext_ln11_148" [bnn.cpp:11->bnn.cpp:61->bnn.cpp:123]   --->   Operation 206 'add' 'add_ln11_77' <Predicate = true> <Delay = 1.56> <CoreInst = "Adder">   --->   Core 1 'Adder' <Latency = 0> <II = 1> <Delay = 1.56> <FuncUnit> <Opcode : 'add' 'sub'> <InPorts = 2> <OutPorts = 1>
ST_2 : Operation 207 [1/1] (1.56ns)   --->   "%add_ln11_78 = add i2 %zext_ln11_149, i2 %zext_ln11_150" [bnn.cpp:11->bnn.cpp:61->bnn.cpp:123]   --->   Operation 207 'add' 'add_ln11_78' <Predicate = true> <Delay = 1.56> <CoreInst = "Adder">   --->   Core 1 'Adder' <Latency = 0> <II = 1> <Delay = 1.56> <FuncUnit> <Opcode : 'add' 'sub'> <InPorts = 2> <OutPorts = 1>
ST_2 : Operation 208 [1/1] (1.56ns)   --->   "%add_ln11_81 = add i2 %zext_ln11_151, i2 %zext_ln11_152" [bnn.cpp:11->bnn.cpp:61->bnn.cpp:123]   --->   Operation 208 'add' 'add_ln11_81' <Predicate = true> <Delay = 1.56> <CoreInst = "Adder">   --->   Core 1 'Adder' <Latency = 0> <II = 1> <Delay = 1.56> <FuncUnit> <Opcode : 'add' 'sub'> <InPorts = 2> <OutPorts = 1>
ST_2 : Operation 209 [1/1] (1.56ns)   --->   "%add_ln11_82 = add i2 %zext_ln11_153, i2 %zext_ln11_154" [bnn.cpp:11->bnn.cpp:61->bnn.cpp:123]   --->   Operation 209 'add' 'add_ln11_82' <Predicate = true> <Delay = 1.56> <CoreInst = "Adder">   --->   Core 1 'Adder' <Latency = 0> <II = 1> <Delay = 1.56> <FuncUnit> <Opcode : 'add' 'sub'> <InPorts = 2> <OutPorts = 1>
ST_2 : Operation 210 [1/1] (1.56ns)   --->   "%add_ln11_84 = add i2 %zext_ln11_155, i2 %zext_ln11_156" [bnn.cpp:11->bnn.cpp:61->bnn.cpp:123]   --->   Operation 210 'add' 'add_ln11_84' <Predicate = true> <Delay = 1.56> <CoreInst = "Adder">   --->   Core 1 'Adder' <Latency = 0> <II = 1> <Delay = 1.56> <FuncUnit> <Opcode : 'add' 'sub'> <InPorts = 2> <OutPorts = 1>
ST_2 : Operation 211 [1/1] (1.56ns)   --->   "%add_ln11_85 = add i2 %zext_ln11_157, i2 %zext_ln11_158" [bnn.cpp:11->bnn.cpp:61->bnn.cpp:123]   --->   Operation 211 'add' 'add_ln11_85' <Predicate = true> <Delay = 1.56> <CoreInst = "Adder">   --->   Core 1 'Adder' <Latency = 0> <II = 1> <Delay = 1.56> <FuncUnit> <Opcode : 'add' 'sub'> <InPorts = 2> <OutPorts = 1>
ST_2 : Operation 212 [1/2] ( I:3.25ns O:3.25ns )   --->   "%w2_load_2 = load i9 %w2_addr_2" [bnn.cpp:60->bnn.cpp:123]   --->   Operation 212 'load' 'w2_load_2' <Predicate = true> <Delay = 3.25> <CoreInst = "ROM">   --->   Core 94 'ROM' <Latency = 1> <II = 1> <Delay = 3.25> <Storage> <Opcode : 'load'> <Ports = 0> <Width = 16> <Depth = 512> <ROM>
ST_2 : Operation 213 [1/1] (0.00ns) (grouped into LUT with out node xnor_5)   --->   "%xor_ln60_11 = xor i16 %p_0_0282_292_reload_read, i16 65535" [bnn.cpp:60->bnn.cpp:123]   --->   Operation 213 'xor' 'xor_ln60_11' <Predicate = true> <Delay = 0.00> <CoreInst = "LogicGate">   --->   Core 74 'LogicGate' <Latency = 0> <II = 1> <Delay = 0.99> <FuncUnit> <Opcode : 'and' 'or' 'xor'> <InPorts = 2> <OutPorts = 1>
ST_2 : Operation 214 [1/1] (0.99ns) (out node of the LUT)   --->   "%xnor_5 = xor i16 %w2_load_2, i16 %xor_ln60_11" [bnn.cpp:60->bnn.cpp:123]   --->   Operation 214 'xor' 'xnor_5' <Predicate = true> <Delay = 0.99> <CoreInst = "LogicGate">   --->   Core 74 'LogicGate' <Latency = 0> <II = 1> <Delay = 0.99> <FuncUnit> <Opcode : 'and' 'or' 'xor'> <InPorts = 2> <OutPorts = 1>
ST_2 : Operation 215 [1/1] (0.00ns)   --->   "%cnt_11 = trunc i16 %xnor_5" [bnn.cpp:11->bnn.cpp:61->bnn.cpp:123]   --->   Operation 215 'trunc' 'cnt_11' <Predicate = true> <Delay = 0.00>
ST_2 : Operation 216 [1/1] (0.00ns)   --->   "%zext_ln8_5 = zext i1 %cnt_11" [bnn.cpp:8->bnn.cpp:61->bnn.cpp:123]   --->   Operation 216 'zext' 'zext_ln8_5' <Predicate = true> <Delay = 0.00>
ST_2 : Operation 217 [1/1] (0.00ns)   --->   "%tmp_89 = bitselect i1 @_ssdm_op_BitSelect.i1.i16.i32, i16 %xnor_5, i32 1" [bnn.cpp:11->bnn.cpp:61->bnn.cpp:123]   --->   Operation 217 'bitselect' 'tmp_89' <Predicate = true> <Delay = 0.00>
ST_2 : Operation 218 [1/1] (0.00ns)   --->   "%zext_ln11_173 = zext i1 %tmp_89" [bnn.cpp:11->bnn.cpp:61->bnn.cpp:123]   --->   Operation 218 'zext' 'zext_ln11_173' <Predicate = true> <Delay = 0.00>
ST_2 : Operation 219 [1/1] (0.00ns)   --->   "%tmp_90 = bitselect i1 @_ssdm_op_BitSelect.i1.i16.i32, i16 %xnor_5, i32 2" [bnn.cpp:11->bnn.cpp:61->bnn.cpp:123]   --->   Operation 219 'bitselect' 'tmp_90' <Predicate = true> <Delay = 0.00>
ST_2 : Operation 220 [1/1] (0.00ns)   --->   "%zext_ln11_174 = zext i1 %tmp_90" [bnn.cpp:11->bnn.cpp:61->bnn.cpp:123]   --->   Operation 220 'zext' 'zext_ln11_174' <Predicate = true> <Delay = 0.00>
ST_2 : Operation 221 [1/1] (0.00ns)   --->   "%tmp_91 = bitselect i1 @_ssdm_op_BitSelect.i1.i16.i32, i16 %xnor_5, i32 3" [bnn.cpp:11->bnn.cpp:61->bnn.cpp:123]   --->   Operation 221 'bitselect' 'tmp_91' <Predicate = true> <Delay = 0.00>
ST_2 : Operation 222 [1/1] (0.00ns)   --->   "%zext_ln11_175 = zext i1 %tmp_91" [bnn.cpp:11->bnn.cpp:61->bnn.cpp:123]   --->   Operation 222 'zext' 'zext_ln11_175' <Predicate = true> <Delay = 0.00>
ST_2 : Operation 223 [1/1] (0.00ns)   --->   "%tmp_92 = bitselect i1 @_ssdm_op_BitSelect.i1.i16.i32, i16 %xnor_5, i32 4" [bnn.cpp:11->bnn.cpp:61->bnn.cpp:123]   --->   Operation 223 'bitselect' 'tmp_92' <Predicate = true> <Delay = 0.00>
ST_2 : Operation 224 [1/1] (0.00ns)   --->   "%zext_ln11_176 = zext i1 %tmp_92" [bnn.cpp:11->bnn.cpp:61->bnn.cpp:123]   --->   Operation 224 'zext' 'zext_ln11_176' <Predicate = true> <Delay = 0.00>
ST_2 : Operation 225 [1/1] (0.00ns)   --->   "%tmp_93 = bitselect i1 @_ssdm_op_BitSelect.i1.i16.i32, i16 %xnor_5, i32 5" [bnn.cpp:11->bnn.cpp:61->bnn.cpp:123]   --->   Operation 225 'bitselect' 'tmp_93' <Predicate = true> <Delay = 0.00>
ST_2 : Operation 226 [1/1] (0.00ns)   --->   "%zext_ln11_177 = zext i1 %tmp_93" [bnn.cpp:11->bnn.cpp:61->bnn.cpp:123]   --->   Operation 226 'zext' 'zext_ln11_177' <Predicate = true> <Delay = 0.00>
ST_2 : Operation 227 [1/1] (0.00ns)   --->   "%tmp_94 = bitselect i1 @_ssdm_op_BitSelect.i1.i16.i32, i16 %xnor_5, i32 6" [bnn.cpp:11->bnn.cpp:61->bnn.cpp:123]   --->   Operation 227 'bitselect' 'tmp_94' <Predicate = true> <Delay = 0.00>
ST_2 : Operation 228 [1/1] (0.00ns)   --->   "%zext_ln11_178 = zext i1 %tmp_94" [bnn.cpp:11->bnn.cpp:61->bnn.cpp:123]   --->   Operation 228 'zext' 'zext_ln11_178' <Predicate = true> <Delay = 0.00>
ST_2 : Operation 229 [1/1] (0.00ns)   --->   "%tmp_95 = bitselect i1 @_ssdm_op_BitSelect.i1.i16.i32, i16 %xnor_5, i32 7" [bnn.cpp:11->bnn.cpp:61->bnn.cpp:123]   --->   Operation 229 'bitselect' 'tmp_95' <Predicate = true> <Delay = 0.00>
ST_2 : Operation 230 [1/1] (0.00ns)   --->   "%zext_ln11_179 = zext i1 %tmp_95" [bnn.cpp:11->bnn.cpp:61->bnn.cpp:123]   --->   Operation 230 'zext' 'zext_ln11_179' <Predicate = true> <Delay = 0.00>
ST_2 : Operation 231 [1/1] (0.00ns)   --->   "%tmp_96 = bitselect i1 @_ssdm_op_BitSelect.i1.i16.i32, i16 %xnor_5, i32 8" [bnn.cpp:11->bnn.cpp:61->bnn.cpp:123]   --->   Operation 231 'bitselect' 'tmp_96' <Predicate = true> <Delay = 0.00>
ST_2 : Operation 232 [1/1] (0.00ns)   --->   "%zext_ln11_180 = zext i1 %tmp_96" [bnn.cpp:11->bnn.cpp:61->bnn.cpp:123]   --->   Operation 232 'zext' 'zext_ln11_180' <Predicate = true> <Delay = 0.00>
ST_2 : Operation 233 [1/1] (0.00ns)   --->   "%tmp_97 = bitselect i1 @_ssdm_op_BitSelect.i1.i16.i32, i16 %xnor_5, i32 9" [bnn.cpp:11->bnn.cpp:61->bnn.cpp:123]   --->   Operation 233 'bitselect' 'tmp_97' <Predicate = true> <Delay = 0.00>
ST_2 : Operation 234 [1/1] (0.00ns)   --->   "%zext_ln11_181 = zext i1 %tmp_97" [bnn.cpp:11->bnn.cpp:61->bnn.cpp:123]   --->   Operation 234 'zext' 'zext_ln11_181' <Predicate = true> <Delay = 0.00>
ST_2 : Operation 235 [1/1] (0.00ns)   --->   "%tmp_98 = bitselect i1 @_ssdm_op_BitSelect.i1.i16.i32, i16 %xnor_5, i32 10" [bnn.cpp:11->bnn.cpp:61->bnn.cpp:123]   --->   Operation 235 'bitselect' 'tmp_98' <Predicate = true> <Delay = 0.00>
ST_2 : Operation 236 [1/1] (0.00ns)   --->   "%zext_ln11_182 = zext i1 %tmp_98" [bnn.cpp:11->bnn.cpp:61->bnn.cpp:123]   --->   Operation 236 'zext' 'zext_ln11_182' <Predicate = true> <Delay = 0.00>
ST_2 : Operation 237 [1/1] (0.00ns)   --->   "%tmp_99 = bitselect i1 @_ssdm_op_BitSelect.i1.i16.i32, i16 %xnor_5, i32 11" [bnn.cpp:11->bnn.cpp:61->bnn.cpp:123]   --->   Operation 237 'bitselect' 'tmp_99' <Predicate = true> <Delay = 0.00>
ST_2 : Operation 238 [1/1] (0.00ns)   --->   "%zext_ln11_183 = zext i1 %tmp_99" [bnn.cpp:11->bnn.cpp:61->bnn.cpp:123]   --->   Operation 238 'zext' 'zext_ln11_183' <Predicate = true> <Delay = 0.00>
ST_2 : Operation 239 [1/1] (0.00ns)   --->   "%tmp_100 = bitselect i1 @_ssdm_op_BitSelect.i1.i16.i32, i16 %xnor_5, i32 12" [bnn.cpp:11->bnn.cpp:61->bnn.cpp:123]   --->   Operation 239 'bitselect' 'tmp_100' <Predicate = true> <Delay = 0.00>
ST_2 : Operation 240 [1/1] (0.00ns)   --->   "%zext_ln11_184 = zext i1 %tmp_100" [bnn.cpp:11->bnn.cpp:61->bnn.cpp:123]   --->   Operation 240 'zext' 'zext_ln11_184' <Predicate = true> <Delay = 0.00>
ST_2 : Operation 241 [1/1] (0.00ns)   --->   "%tmp_101 = bitselect i1 @_ssdm_op_BitSelect.i1.i16.i32, i16 %xnor_5, i32 13" [bnn.cpp:11->bnn.cpp:61->bnn.cpp:123]   --->   Operation 241 'bitselect' 'tmp_101' <Predicate = true> <Delay = 0.00>
ST_2 : Operation 242 [1/1] (0.00ns)   --->   "%zext_ln11_185 = zext i1 %tmp_101" [bnn.cpp:11->bnn.cpp:61->bnn.cpp:123]   --->   Operation 242 'zext' 'zext_ln11_185' <Predicate = true> <Delay = 0.00>
ST_2 : Operation 243 [1/1] (0.00ns)   --->   "%tmp_102 = bitselect i1 @_ssdm_op_BitSelect.i1.i16.i32, i16 %xnor_5, i32 14" [bnn.cpp:11->bnn.cpp:61->bnn.cpp:123]   --->   Operation 243 'bitselect' 'tmp_102' <Predicate = true> <Delay = 0.00>
ST_2 : Operation 244 [1/1] (0.00ns)   --->   "%zext_ln11_186 = zext i1 %tmp_102" [bnn.cpp:11->bnn.cpp:61->bnn.cpp:123]   --->   Operation 244 'zext' 'zext_ln11_186' <Predicate = true> <Delay = 0.00>
ST_2 : Operation 245 [1/1] (0.00ns)   --->   "%tmp_103 = bitselect i1 @_ssdm_op_BitSelect.i1.i16.i32, i16 %xnor_5, i32 15" [bnn.cpp:11->bnn.cpp:61->bnn.cpp:123]   --->   Operation 245 'bitselect' 'tmp_103' <Predicate = true> <Delay = 0.00>
ST_2 : Operation 246 [1/1] (0.00ns)   --->   "%zext_ln11_187 = zext i1 %tmp_103" [bnn.cpp:11->bnn.cpp:61->bnn.cpp:123]   --->   Operation 246 'zext' 'zext_ln11_187' <Predicate = true> <Delay = 0.00>
ST_2 : Operation 247 [1/1] (1.56ns)   --->   "%add_ln11_89 = add i2 %zext_ln11_173, i2 %zext_ln8_5" [bnn.cpp:11->bnn.cpp:61->bnn.cpp:123]   --->   Operation 247 'add' 'add_ln11_89' <Predicate = true> <Delay = 1.56> <CoreInst = "Adder">   --->   Core 1 'Adder' <Latency = 0> <II = 1> <Delay = 1.56> <FuncUnit> <Opcode : 'add' 'sub'> <InPorts = 2> <OutPorts = 1>
ST_2 : Operation 248 [1/1] (1.56ns)   --->   "%add_ln11_90 = add i2 %zext_ln11_174, i2 %zext_ln11_175" [bnn.cpp:11->bnn.cpp:61->bnn.cpp:123]   --->   Operation 248 'add' 'add_ln11_90' <Predicate = true> <Delay = 1.56> <CoreInst = "Adder">   --->   Core 1 'Adder' <Latency = 0> <II = 1> <Delay = 1.56> <FuncUnit> <Opcode : 'add' 'sub'> <InPorts = 2> <OutPorts = 1>
ST_2 : Operation 249 [1/1] (1.56ns)   --->   "%add_ln11_92 = add i2 %zext_ln11_176, i2 %zext_ln11_177" [bnn.cpp:11->bnn.cpp:61->bnn.cpp:123]   --->   Operation 249 'add' 'add_ln11_92' <Predicate = true> <Delay = 1.56> <CoreInst = "Adder">   --->   Core 1 'Adder' <Latency = 0> <II = 1> <Delay = 1.56> <FuncUnit> <Opcode : 'add' 'sub'> <InPorts = 2> <OutPorts = 1>
ST_2 : Operation 250 [1/1] (1.56ns)   --->   "%add_ln11_93 = add i2 %zext_ln11_178, i2 %zext_ln11_179" [bnn.cpp:11->bnn.cpp:61->bnn.cpp:123]   --->   Operation 250 'add' 'add_ln11_93' <Predicate = true> <Delay = 1.56> <CoreInst = "Adder">   --->   Core 1 'Adder' <Latency = 0> <II = 1> <Delay = 1.56> <FuncUnit> <Opcode : 'add' 'sub'> <InPorts = 2> <OutPorts = 1>
ST_2 : Operation 251 [1/1] (1.56ns)   --->   "%add_ln11_96 = add i2 %zext_ln11_180, i2 %zext_ln11_181" [bnn.cpp:11->bnn.cpp:61->bnn.cpp:123]   --->   Operation 251 'add' 'add_ln11_96' <Predicate = true> <Delay = 1.56> <CoreInst = "Adder">   --->   Core 1 'Adder' <Latency = 0> <II = 1> <Delay = 1.56> <FuncUnit> <Opcode : 'add' 'sub'> <InPorts = 2> <OutPorts = 1>
ST_2 : Operation 252 [1/1] (1.56ns)   --->   "%add_ln11_97 = add i2 %zext_ln11_182, i2 %zext_ln11_183" [bnn.cpp:11->bnn.cpp:61->bnn.cpp:123]   --->   Operation 252 'add' 'add_ln11_97' <Predicate = true> <Delay = 1.56> <CoreInst = "Adder">   --->   Core 1 'Adder' <Latency = 0> <II = 1> <Delay = 1.56> <FuncUnit> <Opcode : 'add' 'sub'> <InPorts = 2> <OutPorts = 1>
ST_2 : Operation 253 [1/1] (1.56ns)   --->   "%add_ln11_99 = add i2 %zext_ln11_184, i2 %zext_ln11_185" [bnn.cpp:11->bnn.cpp:61->bnn.cpp:123]   --->   Operation 253 'add' 'add_ln11_99' <Predicate = true> <Delay = 1.56> <CoreInst = "Adder">   --->   Core 1 'Adder' <Latency = 0> <II = 1> <Delay = 1.56> <FuncUnit> <Opcode : 'add' 'sub'> <InPorts = 2> <OutPorts = 1>
ST_2 : Operation 254 [1/1] (1.56ns)   --->   "%add_ln11_100 = add i2 %zext_ln11_186, i2 %zext_ln11_187" [bnn.cpp:11->bnn.cpp:61->bnn.cpp:123]   --->   Operation 254 'add' 'add_ln11_100' <Predicate = true> <Delay = 1.56> <CoreInst = "Adder">   --->   Core 1 'Adder' <Latency = 0> <II = 1> <Delay = 1.56> <FuncUnit> <Opcode : 'add' 'sub'> <InPorts = 2> <OutPorts = 1>
ST_2 : Operation 255 [1/2] ( I:3.25ns O:3.25ns )   --->   "%w2_load_3 = load i9 %w2_addr_3" [bnn.cpp:60->bnn.cpp:123]   --->   Operation 255 'load' 'w2_load_3' <Predicate = true> <Delay = 3.25> <CoreInst = "ROM">   --->   Core 94 'ROM' <Latency = 1> <II = 1> <Delay = 3.25> <Storage> <Opcode : 'load'> <Ports = 0> <Width = 16> <Depth = 512> <ROM>
ST_2 : Operation 256 [1/1] (0.00ns) (grouped into LUT with out node xnor_6)   --->   "%xor_ln60_13 = xor i16 %p_0_0282_394_reload_read, i16 65535" [bnn.cpp:60->bnn.cpp:123]   --->   Operation 256 'xor' 'xor_ln60_13' <Predicate = true> <Delay = 0.00> <CoreInst = "LogicGate">   --->   Core 74 'LogicGate' <Latency = 0> <II = 1> <Delay = 0.99> <FuncUnit> <Opcode : 'and' 'or' 'xor'> <InPorts = 2> <OutPorts = 1>
ST_2 : Operation 257 [1/1] (0.99ns) (out node of the LUT)   --->   "%xnor_6 = xor i16 %w2_load_3, i16 %xor_ln60_13" [bnn.cpp:60->bnn.cpp:123]   --->   Operation 257 'xor' 'xnor_6' <Predicate = true> <Delay = 0.99> <CoreInst = "LogicGate">   --->   Core 74 'LogicGate' <Latency = 0> <II = 1> <Delay = 0.99> <FuncUnit> <Opcode : 'and' 'or' 'xor'> <InPorts = 2> <OutPorts = 1>
ST_2 : Operation 258 [1/1] (0.00ns)   --->   "%cnt_13 = trunc i16 %xnor_6" [bnn.cpp:11->bnn.cpp:61->bnn.cpp:123]   --->   Operation 258 'trunc' 'cnt_13' <Predicate = true> <Delay = 0.00>
ST_2 : Operation 259 [1/1] (0.00ns)   --->   "%zext_ln8_6 = zext i1 %cnt_13" [bnn.cpp:8->bnn.cpp:61->bnn.cpp:123]   --->   Operation 259 'zext' 'zext_ln8_6' <Predicate = true> <Delay = 0.00>
ST_2 : Operation 260 [1/1] (0.00ns)   --->   "%tmp_104 = bitselect i1 @_ssdm_op_BitSelect.i1.i16.i32, i16 %xnor_6, i32 1" [bnn.cpp:11->bnn.cpp:61->bnn.cpp:123]   --->   Operation 260 'bitselect' 'tmp_104' <Predicate = true> <Delay = 0.00>
ST_2 : Operation 261 [1/1] (0.00ns)   --->   "%zext_ln11_202 = zext i1 %tmp_104" [bnn.cpp:11->bnn.cpp:61->bnn.cpp:123]   --->   Operation 261 'zext' 'zext_ln11_202' <Predicate = true> <Delay = 0.00>
ST_2 : Operation 262 [1/1] (0.00ns)   --->   "%tmp_105 = bitselect i1 @_ssdm_op_BitSelect.i1.i16.i32, i16 %xnor_6, i32 2" [bnn.cpp:11->bnn.cpp:61->bnn.cpp:123]   --->   Operation 262 'bitselect' 'tmp_105' <Predicate = true> <Delay = 0.00>
ST_2 : Operation 263 [1/1] (0.00ns)   --->   "%zext_ln11_203 = zext i1 %tmp_105" [bnn.cpp:11->bnn.cpp:61->bnn.cpp:123]   --->   Operation 263 'zext' 'zext_ln11_203' <Predicate = true> <Delay = 0.00>
ST_2 : Operation 264 [1/1] (0.00ns)   --->   "%tmp_106 = bitselect i1 @_ssdm_op_BitSelect.i1.i16.i32, i16 %xnor_6, i32 3" [bnn.cpp:11->bnn.cpp:61->bnn.cpp:123]   --->   Operation 264 'bitselect' 'tmp_106' <Predicate = true> <Delay = 0.00>
ST_2 : Operation 265 [1/1] (0.00ns)   --->   "%zext_ln11_204 = zext i1 %tmp_106" [bnn.cpp:11->bnn.cpp:61->bnn.cpp:123]   --->   Operation 265 'zext' 'zext_ln11_204' <Predicate = true> <Delay = 0.00>
ST_2 : Operation 266 [1/1] (0.00ns)   --->   "%tmp_107 = bitselect i1 @_ssdm_op_BitSelect.i1.i16.i32, i16 %xnor_6, i32 4" [bnn.cpp:11->bnn.cpp:61->bnn.cpp:123]   --->   Operation 266 'bitselect' 'tmp_107' <Predicate = true> <Delay = 0.00>
ST_2 : Operation 267 [1/1] (0.00ns)   --->   "%zext_ln11_205 = zext i1 %tmp_107" [bnn.cpp:11->bnn.cpp:61->bnn.cpp:123]   --->   Operation 267 'zext' 'zext_ln11_205' <Predicate = true> <Delay = 0.00>
ST_2 : Operation 268 [1/1] (0.00ns)   --->   "%tmp_108 = bitselect i1 @_ssdm_op_BitSelect.i1.i16.i32, i16 %xnor_6, i32 5" [bnn.cpp:11->bnn.cpp:61->bnn.cpp:123]   --->   Operation 268 'bitselect' 'tmp_108' <Predicate = true> <Delay = 0.00>
ST_2 : Operation 269 [1/1] (0.00ns)   --->   "%zext_ln11_206 = zext i1 %tmp_108" [bnn.cpp:11->bnn.cpp:61->bnn.cpp:123]   --->   Operation 269 'zext' 'zext_ln11_206' <Predicate = true> <Delay = 0.00>
ST_2 : Operation 270 [1/1] (0.00ns)   --->   "%tmp_109 = bitselect i1 @_ssdm_op_BitSelect.i1.i16.i32, i16 %xnor_6, i32 6" [bnn.cpp:11->bnn.cpp:61->bnn.cpp:123]   --->   Operation 270 'bitselect' 'tmp_109' <Predicate = true> <Delay = 0.00>
ST_2 : Operation 271 [1/1] (0.00ns)   --->   "%zext_ln11_207 = zext i1 %tmp_109" [bnn.cpp:11->bnn.cpp:61->bnn.cpp:123]   --->   Operation 271 'zext' 'zext_ln11_207' <Predicate = true> <Delay = 0.00>
ST_2 : Operation 272 [1/1] (0.00ns)   --->   "%tmp_110 = bitselect i1 @_ssdm_op_BitSelect.i1.i16.i32, i16 %xnor_6, i32 7" [bnn.cpp:11->bnn.cpp:61->bnn.cpp:123]   --->   Operation 272 'bitselect' 'tmp_110' <Predicate = true> <Delay = 0.00>
ST_2 : Operation 273 [1/1] (0.00ns)   --->   "%zext_ln11_208 = zext i1 %tmp_110" [bnn.cpp:11->bnn.cpp:61->bnn.cpp:123]   --->   Operation 273 'zext' 'zext_ln11_208' <Predicate = true> <Delay = 0.00>
ST_2 : Operation 274 [1/1] (0.00ns)   --->   "%tmp_111 = bitselect i1 @_ssdm_op_BitSelect.i1.i16.i32, i16 %xnor_6, i32 8" [bnn.cpp:11->bnn.cpp:61->bnn.cpp:123]   --->   Operation 274 'bitselect' 'tmp_111' <Predicate = true> <Delay = 0.00>
ST_2 : Operation 275 [1/1] (0.00ns)   --->   "%zext_ln11_209 = zext i1 %tmp_111" [bnn.cpp:11->bnn.cpp:61->bnn.cpp:123]   --->   Operation 275 'zext' 'zext_ln11_209' <Predicate = true> <Delay = 0.00>
ST_2 : Operation 276 [1/1] (0.00ns)   --->   "%tmp_112 = bitselect i1 @_ssdm_op_BitSelect.i1.i16.i32, i16 %xnor_6, i32 9" [bnn.cpp:11->bnn.cpp:61->bnn.cpp:123]   --->   Operation 276 'bitselect' 'tmp_112' <Predicate = true> <Delay = 0.00>
ST_2 : Operation 277 [1/1] (0.00ns)   --->   "%zext_ln11_210 = zext i1 %tmp_112" [bnn.cpp:11->bnn.cpp:61->bnn.cpp:123]   --->   Operation 277 'zext' 'zext_ln11_210' <Predicate = true> <Delay = 0.00>
ST_2 : Operation 278 [1/1] (0.00ns)   --->   "%tmp_113 = bitselect i1 @_ssdm_op_BitSelect.i1.i16.i32, i16 %xnor_6, i32 10" [bnn.cpp:11->bnn.cpp:61->bnn.cpp:123]   --->   Operation 278 'bitselect' 'tmp_113' <Predicate = true> <Delay = 0.00>
ST_2 : Operation 279 [1/1] (0.00ns)   --->   "%zext_ln11_211 = zext i1 %tmp_113" [bnn.cpp:11->bnn.cpp:61->bnn.cpp:123]   --->   Operation 279 'zext' 'zext_ln11_211' <Predicate = true> <Delay = 0.00>
ST_2 : Operation 280 [1/1] (0.00ns)   --->   "%tmp_114 = bitselect i1 @_ssdm_op_BitSelect.i1.i16.i32, i16 %xnor_6, i32 11" [bnn.cpp:11->bnn.cpp:61->bnn.cpp:123]   --->   Operation 280 'bitselect' 'tmp_114' <Predicate = true> <Delay = 0.00>
ST_2 : Operation 281 [1/1] (0.00ns)   --->   "%zext_ln11_212 = zext i1 %tmp_114" [bnn.cpp:11->bnn.cpp:61->bnn.cpp:123]   --->   Operation 281 'zext' 'zext_ln11_212' <Predicate = true> <Delay = 0.00>
ST_2 : Operation 282 [1/1] (0.00ns)   --->   "%tmp_115 = bitselect i1 @_ssdm_op_BitSelect.i1.i16.i32, i16 %xnor_6, i32 12" [bnn.cpp:11->bnn.cpp:61->bnn.cpp:123]   --->   Operation 282 'bitselect' 'tmp_115' <Predicate = true> <Delay = 0.00>
ST_2 : Operation 283 [1/1] (0.00ns)   --->   "%zext_ln11_213 = zext i1 %tmp_115" [bnn.cpp:11->bnn.cpp:61->bnn.cpp:123]   --->   Operation 283 'zext' 'zext_ln11_213' <Predicate = true> <Delay = 0.00>
ST_2 : Operation 284 [1/1] (0.00ns)   --->   "%tmp_116 = bitselect i1 @_ssdm_op_BitSelect.i1.i16.i32, i16 %xnor_6, i32 13" [bnn.cpp:11->bnn.cpp:61->bnn.cpp:123]   --->   Operation 284 'bitselect' 'tmp_116' <Predicate = true> <Delay = 0.00>
ST_2 : Operation 285 [1/1] (0.00ns)   --->   "%zext_ln11_214 = zext i1 %tmp_116" [bnn.cpp:11->bnn.cpp:61->bnn.cpp:123]   --->   Operation 285 'zext' 'zext_ln11_214' <Predicate = true> <Delay = 0.00>
ST_2 : Operation 286 [1/1] (0.00ns)   --->   "%tmp_117 = bitselect i1 @_ssdm_op_BitSelect.i1.i16.i32, i16 %xnor_6, i32 14" [bnn.cpp:11->bnn.cpp:61->bnn.cpp:123]   --->   Operation 286 'bitselect' 'tmp_117' <Predicate = true> <Delay = 0.00>
ST_2 : Operation 287 [1/1] (0.00ns)   --->   "%zext_ln11_215 = zext i1 %tmp_117" [bnn.cpp:11->bnn.cpp:61->bnn.cpp:123]   --->   Operation 287 'zext' 'zext_ln11_215' <Predicate = true> <Delay = 0.00>
ST_2 : Operation 288 [1/1] (0.00ns)   --->   "%tmp_118 = bitselect i1 @_ssdm_op_BitSelect.i1.i16.i32, i16 %xnor_6, i32 15" [bnn.cpp:11->bnn.cpp:61->bnn.cpp:123]   --->   Operation 288 'bitselect' 'tmp_118' <Predicate = true> <Delay = 0.00>
ST_2 : Operation 289 [1/1] (0.00ns)   --->   "%zext_ln11_216 = zext i1 %tmp_118" [bnn.cpp:11->bnn.cpp:61->bnn.cpp:123]   --->   Operation 289 'zext' 'zext_ln11_216' <Predicate = true> <Delay = 0.00>
ST_2 : Operation 290 [1/1] (1.56ns)   --->   "%add_ln11_104 = add i2 %zext_ln11_202, i2 %zext_ln8_6" [bnn.cpp:11->bnn.cpp:61->bnn.cpp:123]   --->   Operation 290 'add' 'add_ln11_104' <Predicate = true> <Delay = 1.56> <CoreInst = "Adder">   --->   Core 1 'Adder' <Latency = 0> <II = 1> <Delay = 1.56> <FuncUnit> <Opcode : 'add' 'sub'> <InPorts = 2> <OutPorts = 1>
ST_2 : Operation 291 [1/1] (1.56ns)   --->   "%add_ln11_105 = add i2 %zext_ln11_203, i2 %zext_ln11_204" [bnn.cpp:11->bnn.cpp:61->bnn.cpp:123]   --->   Operation 291 'add' 'add_ln11_105' <Predicate = true> <Delay = 1.56> <CoreInst = "Adder">   --->   Core 1 'Adder' <Latency = 0> <II = 1> <Delay = 1.56> <FuncUnit> <Opcode : 'add' 'sub'> <InPorts = 2> <OutPorts = 1>
ST_2 : Operation 292 [1/1] (1.56ns)   --->   "%add_ln11_107 = add i2 %zext_ln11_205, i2 %zext_ln11_206" [bnn.cpp:11->bnn.cpp:61->bnn.cpp:123]   --->   Operation 292 'add' 'add_ln11_107' <Predicate = true> <Delay = 1.56> <CoreInst = "Adder">   --->   Core 1 'Adder' <Latency = 0> <II = 1> <Delay = 1.56> <FuncUnit> <Opcode : 'add' 'sub'> <InPorts = 2> <OutPorts = 1>
ST_2 : Operation 293 [1/1] (1.56ns)   --->   "%add_ln11_108 = add i2 %zext_ln11_207, i2 %zext_ln11_208" [bnn.cpp:11->bnn.cpp:61->bnn.cpp:123]   --->   Operation 293 'add' 'add_ln11_108' <Predicate = true> <Delay = 1.56> <CoreInst = "Adder">   --->   Core 1 'Adder' <Latency = 0> <II = 1> <Delay = 1.56> <FuncUnit> <Opcode : 'add' 'sub'> <InPorts = 2> <OutPorts = 1>
ST_2 : Operation 294 [1/1] (1.56ns)   --->   "%add_ln11_111 = add i2 %zext_ln11_209, i2 %zext_ln11_210" [bnn.cpp:11->bnn.cpp:61->bnn.cpp:123]   --->   Operation 294 'add' 'add_ln11_111' <Predicate = true> <Delay = 1.56> <CoreInst = "Adder">   --->   Core 1 'Adder' <Latency = 0> <II = 1> <Delay = 1.56> <FuncUnit> <Opcode : 'add' 'sub'> <InPorts = 2> <OutPorts = 1>
ST_2 : Operation 295 [1/1] (1.56ns)   --->   "%add_ln11_112 = add i2 %zext_ln11_211, i2 %zext_ln11_212" [bnn.cpp:11->bnn.cpp:61->bnn.cpp:123]   --->   Operation 295 'add' 'add_ln11_112' <Predicate = true> <Delay = 1.56> <CoreInst = "Adder">   --->   Core 1 'Adder' <Latency = 0> <II = 1> <Delay = 1.56> <FuncUnit> <Opcode : 'add' 'sub'> <InPorts = 2> <OutPorts = 1>
ST_2 : Operation 296 [1/1] (1.56ns)   --->   "%add_ln11_114 = add i2 %zext_ln11_213, i2 %zext_ln11_214" [bnn.cpp:11->bnn.cpp:61->bnn.cpp:123]   --->   Operation 296 'add' 'add_ln11_114' <Predicate = true> <Delay = 1.56> <CoreInst = "Adder">   --->   Core 1 'Adder' <Latency = 0> <II = 1> <Delay = 1.56> <FuncUnit> <Opcode : 'add' 'sub'> <InPorts = 2> <OutPorts = 1>
ST_2 : Operation 297 [1/1] (1.56ns)   --->   "%add_ln11_115 = add i2 %zext_ln11_215, i2 %zext_ln11_216" [bnn.cpp:11->bnn.cpp:61->bnn.cpp:123]   --->   Operation 297 'add' 'add_ln11_115' <Predicate = true> <Delay = 1.56> <CoreInst = "Adder">   --->   Core 1 'Adder' <Latency = 0> <II = 1> <Delay = 1.56> <FuncUnit> <Opcode : 'add' 'sub'> <InPorts = 2> <OutPorts = 1>
ST_2 : Operation 298 [1/2] ( I:3.25ns O:3.25ns )   --->   "%w2_load_4 = load i9 %w2_addr_4" [bnn.cpp:60->bnn.cpp:123]   --->   Operation 298 'load' 'w2_load_4' <Predicate = true> <Delay = 3.25> <CoreInst = "ROM">   --->   Core 94 'ROM' <Latency = 1> <II = 1> <Delay = 3.25> <Storage> <Opcode : 'load'> <Ports = 0> <Width = 16> <Depth = 512> <ROM>
ST_2 : Operation 299 [1/1] (0.00ns) (grouped into LUT with out node xnor_7)   --->   "%xor_ln60_15 = xor i16 %p_0_0282_496_reload_read, i16 65535" [bnn.cpp:60->bnn.cpp:123]   --->   Operation 299 'xor' 'xor_ln60_15' <Predicate = true> <Delay = 0.00> <CoreInst = "LogicGate">   --->   Core 74 'LogicGate' <Latency = 0> <II = 1> <Delay = 0.99> <FuncUnit> <Opcode : 'and' 'or' 'xor'> <InPorts = 2> <OutPorts = 1>
ST_2 : Operation 300 [1/1] (0.99ns) (out node of the LUT)   --->   "%xnor_7 = xor i16 %w2_load_4, i16 %xor_ln60_15" [bnn.cpp:60->bnn.cpp:123]   --->   Operation 300 'xor' 'xnor_7' <Predicate = true> <Delay = 0.99> <CoreInst = "LogicGate">   --->   Core 74 'LogicGate' <Latency = 0> <II = 1> <Delay = 0.99> <FuncUnit> <Opcode : 'and' 'or' 'xor'> <InPorts = 2> <OutPorts = 1>
ST_2 : Operation 301 [1/1] (0.00ns)   --->   "%cnt_15 = trunc i16 %xnor_7" [bnn.cpp:11->bnn.cpp:61->bnn.cpp:123]   --->   Operation 301 'trunc' 'cnt_15' <Predicate = true> <Delay = 0.00>
ST_2 : Operation 302 [1/1] (0.00ns)   --->   "%zext_ln8_7 = zext i1 %cnt_15" [bnn.cpp:8->bnn.cpp:61->bnn.cpp:123]   --->   Operation 302 'zext' 'zext_ln8_7' <Predicate = true> <Delay = 0.00>
ST_2 : Operation 303 [1/1] (0.00ns)   --->   "%tmp_119 = bitselect i1 @_ssdm_op_BitSelect.i1.i16.i32, i16 %xnor_7, i32 1" [bnn.cpp:11->bnn.cpp:61->bnn.cpp:123]   --->   Operation 303 'bitselect' 'tmp_119' <Predicate = true> <Delay = 0.00>
ST_2 : Operation 304 [1/1] (0.00ns)   --->   "%zext_ln11_231 = zext i1 %tmp_119" [bnn.cpp:11->bnn.cpp:61->bnn.cpp:123]   --->   Operation 304 'zext' 'zext_ln11_231' <Predicate = true> <Delay = 0.00>
ST_2 : Operation 305 [1/1] (0.00ns)   --->   "%tmp_120 = bitselect i1 @_ssdm_op_BitSelect.i1.i16.i32, i16 %xnor_7, i32 2" [bnn.cpp:11->bnn.cpp:61->bnn.cpp:123]   --->   Operation 305 'bitselect' 'tmp_120' <Predicate = true> <Delay = 0.00>
ST_2 : Operation 306 [1/1] (0.00ns)   --->   "%zext_ln11_232 = zext i1 %tmp_120" [bnn.cpp:11->bnn.cpp:61->bnn.cpp:123]   --->   Operation 306 'zext' 'zext_ln11_232' <Predicate = true> <Delay = 0.00>
ST_2 : Operation 307 [1/1] (0.00ns)   --->   "%tmp_121 = bitselect i1 @_ssdm_op_BitSelect.i1.i16.i32, i16 %xnor_7, i32 3" [bnn.cpp:11->bnn.cpp:61->bnn.cpp:123]   --->   Operation 307 'bitselect' 'tmp_121' <Predicate = true> <Delay = 0.00>
ST_2 : Operation 308 [1/1] (0.00ns)   --->   "%zext_ln11_233 = zext i1 %tmp_121" [bnn.cpp:11->bnn.cpp:61->bnn.cpp:123]   --->   Operation 308 'zext' 'zext_ln11_233' <Predicate = true> <Delay = 0.00>
ST_2 : Operation 309 [1/1] (0.00ns)   --->   "%tmp_122 = bitselect i1 @_ssdm_op_BitSelect.i1.i16.i32, i16 %xnor_7, i32 4" [bnn.cpp:11->bnn.cpp:61->bnn.cpp:123]   --->   Operation 309 'bitselect' 'tmp_122' <Predicate = true> <Delay = 0.00>
ST_2 : Operation 310 [1/1] (0.00ns)   --->   "%zext_ln11_234 = zext i1 %tmp_122" [bnn.cpp:11->bnn.cpp:61->bnn.cpp:123]   --->   Operation 310 'zext' 'zext_ln11_234' <Predicate = true> <Delay = 0.00>
ST_2 : Operation 311 [1/1] (0.00ns)   --->   "%tmp_123 = bitselect i1 @_ssdm_op_BitSelect.i1.i16.i32, i16 %xnor_7, i32 5" [bnn.cpp:11->bnn.cpp:61->bnn.cpp:123]   --->   Operation 311 'bitselect' 'tmp_123' <Predicate = true> <Delay = 0.00>
ST_2 : Operation 312 [1/1] (0.00ns)   --->   "%zext_ln11_235 = zext i1 %tmp_123" [bnn.cpp:11->bnn.cpp:61->bnn.cpp:123]   --->   Operation 312 'zext' 'zext_ln11_235' <Predicate = true> <Delay = 0.00>
ST_2 : Operation 313 [1/1] (0.00ns)   --->   "%tmp_124 = bitselect i1 @_ssdm_op_BitSelect.i1.i16.i32, i16 %xnor_7, i32 6" [bnn.cpp:11->bnn.cpp:61->bnn.cpp:123]   --->   Operation 313 'bitselect' 'tmp_124' <Predicate = true> <Delay = 0.00>
ST_2 : Operation 314 [1/1] (0.00ns)   --->   "%zext_ln11_236 = zext i1 %tmp_124" [bnn.cpp:11->bnn.cpp:61->bnn.cpp:123]   --->   Operation 314 'zext' 'zext_ln11_236' <Predicate = true> <Delay = 0.00>
ST_2 : Operation 315 [1/1] (0.00ns)   --->   "%tmp_125 = bitselect i1 @_ssdm_op_BitSelect.i1.i16.i32, i16 %xnor_7, i32 7" [bnn.cpp:11->bnn.cpp:61->bnn.cpp:123]   --->   Operation 315 'bitselect' 'tmp_125' <Predicate = true> <Delay = 0.00>
ST_2 : Operation 316 [1/1] (0.00ns)   --->   "%zext_ln11_237 = zext i1 %tmp_125" [bnn.cpp:11->bnn.cpp:61->bnn.cpp:123]   --->   Operation 316 'zext' 'zext_ln11_237' <Predicate = true> <Delay = 0.00>
ST_2 : Operation 317 [1/1] (0.00ns)   --->   "%tmp_126 = bitselect i1 @_ssdm_op_BitSelect.i1.i16.i32, i16 %xnor_7, i32 8" [bnn.cpp:11->bnn.cpp:61->bnn.cpp:123]   --->   Operation 317 'bitselect' 'tmp_126' <Predicate = true> <Delay = 0.00>
ST_2 : Operation 318 [1/1] (0.00ns)   --->   "%zext_ln11_238 = zext i1 %tmp_126" [bnn.cpp:11->bnn.cpp:61->bnn.cpp:123]   --->   Operation 318 'zext' 'zext_ln11_238' <Predicate = true> <Delay = 0.00>
ST_2 : Operation 319 [1/1] (0.00ns)   --->   "%tmp_127 = bitselect i1 @_ssdm_op_BitSelect.i1.i16.i32, i16 %xnor_7, i32 9" [bnn.cpp:11->bnn.cpp:61->bnn.cpp:123]   --->   Operation 319 'bitselect' 'tmp_127' <Predicate = true> <Delay = 0.00>
ST_2 : Operation 320 [1/1] (0.00ns)   --->   "%zext_ln11_239 = zext i1 %tmp_127" [bnn.cpp:11->bnn.cpp:61->bnn.cpp:123]   --->   Operation 320 'zext' 'zext_ln11_239' <Predicate = true> <Delay = 0.00>
ST_2 : Operation 321 [1/1] (0.00ns)   --->   "%tmp_128 = bitselect i1 @_ssdm_op_BitSelect.i1.i16.i32, i16 %xnor_7, i32 10" [bnn.cpp:11->bnn.cpp:61->bnn.cpp:123]   --->   Operation 321 'bitselect' 'tmp_128' <Predicate = true> <Delay = 0.00>
ST_2 : Operation 322 [1/1] (0.00ns)   --->   "%zext_ln11_240 = zext i1 %tmp_128" [bnn.cpp:11->bnn.cpp:61->bnn.cpp:123]   --->   Operation 322 'zext' 'zext_ln11_240' <Predicate = true> <Delay = 0.00>
ST_2 : Operation 323 [1/1] (0.00ns)   --->   "%tmp_129 = bitselect i1 @_ssdm_op_BitSelect.i1.i16.i32, i16 %xnor_7, i32 11" [bnn.cpp:11->bnn.cpp:61->bnn.cpp:123]   --->   Operation 323 'bitselect' 'tmp_129' <Predicate = true> <Delay = 0.00>
ST_2 : Operation 324 [1/1] (0.00ns)   --->   "%zext_ln11_241 = zext i1 %tmp_129" [bnn.cpp:11->bnn.cpp:61->bnn.cpp:123]   --->   Operation 324 'zext' 'zext_ln11_241' <Predicate = true> <Delay = 0.00>
ST_2 : Operation 325 [1/1] (0.00ns)   --->   "%tmp_130 = bitselect i1 @_ssdm_op_BitSelect.i1.i16.i32, i16 %xnor_7, i32 12" [bnn.cpp:11->bnn.cpp:61->bnn.cpp:123]   --->   Operation 325 'bitselect' 'tmp_130' <Predicate = true> <Delay = 0.00>
ST_2 : Operation 326 [1/1] (0.00ns)   --->   "%zext_ln11_242 = zext i1 %tmp_130" [bnn.cpp:11->bnn.cpp:61->bnn.cpp:123]   --->   Operation 326 'zext' 'zext_ln11_242' <Predicate = true> <Delay = 0.00>
ST_2 : Operation 327 [1/1] (0.00ns)   --->   "%tmp_131 = bitselect i1 @_ssdm_op_BitSelect.i1.i16.i32, i16 %xnor_7, i32 13" [bnn.cpp:11->bnn.cpp:61->bnn.cpp:123]   --->   Operation 327 'bitselect' 'tmp_131' <Predicate = true> <Delay = 0.00>
ST_2 : Operation 328 [1/1] (0.00ns)   --->   "%zext_ln11_243 = zext i1 %tmp_131" [bnn.cpp:11->bnn.cpp:61->bnn.cpp:123]   --->   Operation 328 'zext' 'zext_ln11_243' <Predicate = true> <Delay = 0.00>
ST_2 : Operation 329 [1/1] (0.00ns)   --->   "%tmp_132 = bitselect i1 @_ssdm_op_BitSelect.i1.i16.i32, i16 %xnor_7, i32 14" [bnn.cpp:11->bnn.cpp:61->bnn.cpp:123]   --->   Operation 329 'bitselect' 'tmp_132' <Predicate = true> <Delay = 0.00>
ST_2 : Operation 330 [1/1] (0.00ns)   --->   "%zext_ln11_244 = zext i1 %tmp_132" [bnn.cpp:11->bnn.cpp:61->bnn.cpp:123]   --->   Operation 330 'zext' 'zext_ln11_244' <Predicate = true> <Delay = 0.00>
ST_2 : Operation 331 [1/1] (0.00ns)   --->   "%tmp_133 = bitselect i1 @_ssdm_op_BitSelect.i1.i16.i32, i16 %xnor_7, i32 15" [bnn.cpp:11->bnn.cpp:61->bnn.cpp:123]   --->   Operation 331 'bitselect' 'tmp_133' <Predicate = true> <Delay = 0.00>
ST_2 : Operation 332 [1/1] (0.00ns)   --->   "%zext_ln11_245 = zext i1 %tmp_133" [bnn.cpp:11->bnn.cpp:61->bnn.cpp:123]   --->   Operation 332 'zext' 'zext_ln11_245' <Predicate = true> <Delay = 0.00>
ST_2 : Operation 333 [1/1] (1.56ns)   --->   "%add_ln11_119 = add i2 %zext_ln11_231, i2 %zext_ln8_7" [bnn.cpp:11->bnn.cpp:61->bnn.cpp:123]   --->   Operation 333 'add' 'add_ln11_119' <Predicate = true> <Delay = 1.56> <CoreInst = "Adder">   --->   Core 1 'Adder' <Latency = 0> <II = 1> <Delay = 1.56> <FuncUnit> <Opcode : 'add' 'sub'> <InPorts = 2> <OutPorts = 1>
ST_2 : Operation 334 [1/1] (1.56ns)   --->   "%add_ln11_120 = add i2 %zext_ln11_232, i2 %zext_ln11_233" [bnn.cpp:11->bnn.cpp:61->bnn.cpp:123]   --->   Operation 334 'add' 'add_ln11_120' <Predicate = true> <Delay = 1.56> <CoreInst = "Adder">   --->   Core 1 'Adder' <Latency = 0> <II = 1> <Delay = 1.56> <FuncUnit> <Opcode : 'add' 'sub'> <InPorts = 2> <OutPorts = 1>
ST_2 : Operation 335 [1/1] (1.56ns)   --->   "%add_ln11_122 = add i2 %zext_ln11_234, i2 %zext_ln11_235" [bnn.cpp:11->bnn.cpp:61->bnn.cpp:123]   --->   Operation 335 'add' 'add_ln11_122' <Predicate = true> <Delay = 1.56> <CoreInst = "Adder">   --->   Core 1 'Adder' <Latency = 0> <II = 1> <Delay = 1.56> <FuncUnit> <Opcode : 'add' 'sub'> <InPorts = 2> <OutPorts = 1>
ST_2 : Operation 336 [1/1] (1.56ns)   --->   "%add_ln11_123 = add i2 %zext_ln11_236, i2 %zext_ln11_237" [bnn.cpp:11->bnn.cpp:61->bnn.cpp:123]   --->   Operation 336 'add' 'add_ln11_123' <Predicate = true> <Delay = 1.56> <CoreInst = "Adder">   --->   Core 1 'Adder' <Latency = 0> <II = 1> <Delay = 1.56> <FuncUnit> <Opcode : 'add' 'sub'> <InPorts = 2> <OutPorts = 1>
ST_2 : Operation 337 [1/1] (1.56ns)   --->   "%add_ln11_126 = add i2 %zext_ln11_238, i2 %zext_ln11_239" [bnn.cpp:11->bnn.cpp:61->bnn.cpp:123]   --->   Operation 337 'add' 'add_ln11_126' <Predicate = true> <Delay = 1.56> <CoreInst = "Adder">   --->   Core 1 'Adder' <Latency = 0> <II = 1> <Delay = 1.56> <FuncUnit> <Opcode : 'add' 'sub'> <InPorts = 2> <OutPorts = 1>
ST_2 : Operation 338 [1/1] (1.56ns)   --->   "%add_ln11_127 = add i2 %zext_ln11_240, i2 %zext_ln11_241" [bnn.cpp:11->bnn.cpp:61->bnn.cpp:123]   --->   Operation 338 'add' 'add_ln11_127' <Predicate = true> <Delay = 1.56> <CoreInst = "Adder">   --->   Core 1 'Adder' <Latency = 0> <II = 1> <Delay = 1.56> <FuncUnit> <Opcode : 'add' 'sub'> <InPorts = 2> <OutPorts = 1>
ST_2 : Operation 339 [1/1] (1.56ns)   --->   "%add_ln11_129 = add i2 %zext_ln11_242, i2 %zext_ln11_243" [bnn.cpp:11->bnn.cpp:61->bnn.cpp:123]   --->   Operation 339 'add' 'add_ln11_129' <Predicate = true> <Delay = 1.56> <CoreInst = "Adder">   --->   Core 1 'Adder' <Latency = 0> <II = 1> <Delay = 1.56> <FuncUnit> <Opcode : 'add' 'sub'> <InPorts = 2> <OutPorts = 1>
ST_2 : Operation 340 [1/1] (1.56ns)   --->   "%add_ln11_130 = add i2 %zext_ln11_244, i2 %zext_ln11_245" [bnn.cpp:11->bnn.cpp:61->bnn.cpp:123]   --->   Operation 340 'add' 'add_ln11_130' <Predicate = true> <Delay = 1.56> <CoreInst = "Adder">   --->   Core 1 'Adder' <Latency = 0> <II = 1> <Delay = 1.56> <FuncUnit> <Opcode : 'add' 'sub'> <InPorts = 2> <OutPorts = 1>
ST_2 : Operation 341 [1/2] ( I:3.25ns O:3.25ns )   --->   "%w2_load_5 = load i9 %w2_addr_5" [bnn.cpp:60->bnn.cpp:123]   --->   Operation 341 'load' 'w2_load_5' <Predicate = true> <Delay = 3.25> <CoreInst = "ROM">   --->   Core 94 'ROM' <Latency = 1> <II = 1> <Delay = 3.25> <Storage> <Opcode : 'load'> <Ports = 0> <Width = 16> <Depth = 512> <ROM>
ST_2 : Operation 342 [1/1] (0.00ns) (grouped into LUT with out node xnor_8)   --->   "%xor_ln60_17 = xor i16 %p_0_0282_598_reload_read, i16 65535" [bnn.cpp:60->bnn.cpp:123]   --->   Operation 342 'xor' 'xor_ln60_17' <Predicate = true> <Delay = 0.00> <CoreInst = "LogicGate">   --->   Core 74 'LogicGate' <Latency = 0> <II = 1> <Delay = 0.99> <FuncUnit> <Opcode : 'and' 'or' 'xor'> <InPorts = 2> <OutPorts = 1>
ST_2 : Operation 343 [1/1] (0.99ns) (out node of the LUT)   --->   "%xnor_8 = xor i16 %w2_load_5, i16 %xor_ln60_17" [bnn.cpp:60->bnn.cpp:123]   --->   Operation 343 'xor' 'xnor_8' <Predicate = true> <Delay = 0.99> <CoreInst = "LogicGate">   --->   Core 74 'LogicGate' <Latency = 0> <II = 1> <Delay = 0.99> <FuncUnit> <Opcode : 'and' 'or' 'xor'> <InPorts = 2> <OutPorts = 1>
ST_2 : Operation 344 [1/1] (0.00ns)   --->   "%cnt_17 = trunc i16 %xnor_8" [bnn.cpp:11->bnn.cpp:61->bnn.cpp:123]   --->   Operation 344 'trunc' 'cnt_17' <Predicate = true> <Delay = 0.00>
ST_2 : Operation 345 [1/1] (0.00ns)   --->   "%zext_ln8_8 = zext i1 %cnt_17" [bnn.cpp:8->bnn.cpp:61->bnn.cpp:123]   --->   Operation 345 'zext' 'zext_ln8_8' <Predicate = true> <Delay = 0.00>
ST_2 : Operation 346 [1/1] (0.00ns)   --->   "%tmp_134 = bitselect i1 @_ssdm_op_BitSelect.i1.i16.i32, i16 %xnor_8, i32 1" [bnn.cpp:11->bnn.cpp:61->bnn.cpp:123]   --->   Operation 346 'bitselect' 'tmp_134' <Predicate = true> <Delay = 0.00>
ST_2 : Operation 347 [1/1] (0.00ns)   --->   "%zext_ln11_260 = zext i1 %tmp_134" [bnn.cpp:11->bnn.cpp:61->bnn.cpp:123]   --->   Operation 347 'zext' 'zext_ln11_260' <Predicate = true> <Delay = 0.00>
ST_2 : Operation 348 [1/1] (0.00ns)   --->   "%tmp_135 = bitselect i1 @_ssdm_op_BitSelect.i1.i16.i32, i16 %xnor_8, i32 2" [bnn.cpp:11->bnn.cpp:61->bnn.cpp:123]   --->   Operation 348 'bitselect' 'tmp_135' <Predicate = true> <Delay = 0.00>
ST_2 : Operation 349 [1/1] (0.00ns)   --->   "%zext_ln11_261 = zext i1 %tmp_135" [bnn.cpp:11->bnn.cpp:61->bnn.cpp:123]   --->   Operation 349 'zext' 'zext_ln11_261' <Predicate = true> <Delay = 0.00>
ST_2 : Operation 350 [1/1] (0.00ns)   --->   "%tmp_136 = bitselect i1 @_ssdm_op_BitSelect.i1.i16.i32, i16 %xnor_8, i32 3" [bnn.cpp:11->bnn.cpp:61->bnn.cpp:123]   --->   Operation 350 'bitselect' 'tmp_136' <Predicate = true> <Delay = 0.00>
ST_2 : Operation 351 [1/1] (0.00ns)   --->   "%zext_ln11_262 = zext i1 %tmp_136" [bnn.cpp:11->bnn.cpp:61->bnn.cpp:123]   --->   Operation 351 'zext' 'zext_ln11_262' <Predicate = true> <Delay = 0.00>
ST_2 : Operation 352 [1/1] (0.00ns)   --->   "%tmp_137 = bitselect i1 @_ssdm_op_BitSelect.i1.i16.i32, i16 %xnor_8, i32 4" [bnn.cpp:11->bnn.cpp:61->bnn.cpp:123]   --->   Operation 352 'bitselect' 'tmp_137' <Predicate = true> <Delay = 0.00>
ST_2 : Operation 353 [1/1] (0.00ns)   --->   "%zext_ln11_263 = zext i1 %tmp_137" [bnn.cpp:11->bnn.cpp:61->bnn.cpp:123]   --->   Operation 353 'zext' 'zext_ln11_263' <Predicate = true> <Delay = 0.00>
ST_2 : Operation 354 [1/1] (0.00ns)   --->   "%tmp_138 = bitselect i1 @_ssdm_op_BitSelect.i1.i16.i32, i16 %xnor_8, i32 5" [bnn.cpp:11->bnn.cpp:61->bnn.cpp:123]   --->   Operation 354 'bitselect' 'tmp_138' <Predicate = true> <Delay = 0.00>
ST_2 : Operation 355 [1/1] (0.00ns)   --->   "%zext_ln11_264 = zext i1 %tmp_138" [bnn.cpp:11->bnn.cpp:61->bnn.cpp:123]   --->   Operation 355 'zext' 'zext_ln11_264' <Predicate = true> <Delay = 0.00>
ST_2 : Operation 356 [1/1] (0.00ns)   --->   "%tmp_139 = bitselect i1 @_ssdm_op_BitSelect.i1.i16.i32, i16 %xnor_8, i32 6" [bnn.cpp:11->bnn.cpp:61->bnn.cpp:123]   --->   Operation 356 'bitselect' 'tmp_139' <Predicate = true> <Delay = 0.00>
ST_2 : Operation 357 [1/1] (0.00ns)   --->   "%zext_ln11_265 = zext i1 %tmp_139" [bnn.cpp:11->bnn.cpp:61->bnn.cpp:123]   --->   Operation 357 'zext' 'zext_ln11_265' <Predicate = true> <Delay = 0.00>
ST_2 : Operation 358 [1/1] (0.00ns)   --->   "%tmp_140 = bitselect i1 @_ssdm_op_BitSelect.i1.i16.i32, i16 %xnor_8, i32 7" [bnn.cpp:11->bnn.cpp:61->bnn.cpp:123]   --->   Operation 358 'bitselect' 'tmp_140' <Predicate = true> <Delay = 0.00>
ST_2 : Operation 359 [1/1] (0.00ns)   --->   "%zext_ln11_266 = zext i1 %tmp_140" [bnn.cpp:11->bnn.cpp:61->bnn.cpp:123]   --->   Operation 359 'zext' 'zext_ln11_266' <Predicate = true> <Delay = 0.00>
ST_2 : Operation 360 [1/1] (0.00ns)   --->   "%tmp_141 = bitselect i1 @_ssdm_op_BitSelect.i1.i16.i32, i16 %xnor_8, i32 8" [bnn.cpp:11->bnn.cpp:61->bnn.cpp:123]   --->   Operation 360 'bitselect' 'tmp_141' <Predicate = true> <Delay = 0.00>
ST_2 : Operation 361 [1/1] (0.00ns)   --->   "%zext_ln11_267 = zext i1 %tmp_141" [bnn.cpp:11->bnn.cpp:61->bnn.cpp:123]   --->   Operation 361 'zext' 'zext_ln11_267' <Predicate = true> <Delay = 0.00>
ST_2 : Operation 362 [1/1] (0.00ns)   --->   "%tmp_142 = bitselect i1 @_ssdm_op_BitSelect.i1.i16.i32, i16 %xnor_8, i32 9" [bnn.cpp:11->bnn.cpp:61->bnn.cpp:123]   --->   Operation 362 'bitselect' 'tmp_142' <Predicate = true> <Delay = 0.00>
ST_2 : Operation 363 [1/1] (0.00ns)   --->   "%zext_ln11_268 = zext i1 %tmp_142" [bnn.cpp:11->bnn.cpp:61->bnn.cpp:123]   --->   Operation 363 'zext' 'zext_ln11_268' <Predicate = true> <Delay = 0.00>
ST_2 : Operation 364 [1/1] (0.00ns)   --->   "%tmp_143 = bitselect i1 @_ssdm_op_BitSelect.i1.i16.i32, i16 %xnor_8, i32 10" [bnn.cpp:11->bnn.cpp:61->bnn.cpp:123]   --->   Operation 364 'bitselect' 'tmp_143' <Predicate = true> <Delay = 0.00>
ST_2 : Operation 365 [1/1] (0.00ns)   --->   "%zext_ln11_269 = zext i1 %tmp_143" [bnn.cpp:11->bnn.cpp:61->bnn.cpp:123]   --->   Operation 365 'zext' 'zext_ln11_269' <Predicate = true> <Delay = 0.00>
ST_2 : Operation 366 [1/1] (0.00ns)   --->   "%tmp_144 = bitselect i1 @_ssdm_op_BitSelect.i1.i16.i32, i16 %xnor_8, i32 11" [bnn.cpp:11->bnn.cpp:61->bnn.cpp:123]   --->   Operation 366 'bitselect' 'tmp_144' <Predicate = true> <Delay = 0.00>
ST_2 : Operation 367 [1/1] (0.00ns)   --->   "%zext_ln11_270 = zext i1 %tmp_144" [bnn.cpp:11->bnn.cpp:61->bnn.cpp:123]   --->   Operation 367 'zext' 'zext_ln11_270' <Predicate = true> <Delay = 0.00>
ST_2 : Operation 368 [1/1] (0.00ns)   --->   "%tmp_145 = bitselect i1 @_ssdm_op_BitSelect.i1.i16.i32, i16 %xnor_8, i32 12" [bnn.cpp:11->bnn.cpp:61->bnn.cpp:123]   --->   Operation 368 'bitselect' 'tmp_145' <Predicate = true> <Delay = 0.00>
ST_2 : Operation 369 [1/1] (0.00ns)   --->   "%zext_ln11_271 = zext i1 %tmp_145" [bnn.cpp:11->bnn.cpp:61->bnn.cpp:123]   --->   Operation 369 'zext' 'zext_ln11_271' <Predicate = true> <Delay = 0.00>
ST_2 : Operation 370 [1/1] (0.00ns)   --->   "%tmp_146 = bitselect i1 @_ssdm_op_BitSelect.i1.i16.i32, i16 %xnor_8, i32 13" [bnn.cpp:11->bnn.cpp:61->bnn.cpp:123]   --->   Operation 370 'bitselect' 'tmp_146' <Predicate = true> <Delay = 0.00>
ST_2 : Operation 371 [1/1] (0.00ns)   --->   "%zext_ln11_272 = zext i1 %tmp_146" [bnn.cpp:11->bnn.cpp:61->bnn.cpp:123]   --->   Operation 371 'zext' 'zext_ln11_272' <Predicate = true> <Delay = 0.00>
ST_2 : Operation 372 [1/1] (0.00ns)   --->   "%tmp_147 = bitselect i1 @_ssdm_op_BitSelect.i1.i16.i32, i16 %xnor_8, i32 14" [bnn.cpp:11->bnn.cpp:61->bnn.cpp:123]   --->   Operation 372 'bitselect' 'tmp_147' <Predicate = true> <Delay = 0.00>
ST_2 : Operation 373 [1/1] (0.00ns)   --->   "%zext_ln11_273 = zext i1 %tmp_147" [bnn.cpp:11->bnn.cpp:61->bnn.cpp:123]   --->   Operation 373 'zext' 'zext_ln11_273' <Predicate = true> <Delay = 0.00>
ST_2 : Operation 374 [1/1] (0.00ns)   --->   "%tmp_148 = bitselect i1 @_ssdm_op_BitSelect.i1.i16.i32, i16 %xnor_8, i32 15" [bnn.cpp:11->bnn.cpp:61->bnn.cpp:123]   --->   Operation 374 'bitselect' 'tmp_148' <Predicate = true> <Delay = 0.00>
ST_2 : Operation 375 [1/1] (0.00ns)   --->   "%zext_ln11_274 = zext i1 %tmp_148" [bnn.cpp:11->bnn.cpp:61->bnn.cpp:123]   --->   Operation 375 'zext' 'zext_ln11_274' <Predicate = true> <Delay = 0.00>
ST_2 : Operation 376 [1/1] (1.56ns)   --->   "%add_ln11_134 = add i2 %zext_ln11_260, i2 %zext_ln8_8" [bnn.cpp:11->bnn.cpp:61->bnn.cpp:123]   --->   Operation 376 'add' 'add_ln11_134' <Predicate = true> <Delay = 1.56> <CoreInst = "Adder">   --->   Core 1 'Adder' <Latency = 0> <II = 1> <Delay = 1.56> <FuncUnit> <Opcode : 'add' 'sub'> <InPorts = 2> <OutPorts = 1>
ST_2 : Operation 377 [1/1] (1.56ns)   --->   "%add_ln11_135 = add i2 %zext_ln11_261, i2 %zext_ln11_262" [bnn.cpp:11->bnn.cpp:61->bnn.cpp:123]   --->   Operation 377 'add' 'add_ln11_135' <Predicate = true> <Delay = 1.56> <CoreInst = "Adder">   --->   Core 1 'Adder' <Latency = 0> <II = 1> <Delay = 1.56> <FuncUnit> <Opcode : 'add' 'sub'> <InPorts = 2> <OutPorts = 1>
ST_2 : Operation 378 [1/1] (1.56ns)   --->   "%add_ln11_137 = add i2 %zext_ln11_263, i2 %zext_ln11_264" [bnn.cpp:11->bnn.cpp:61->bnn.cpp:123]   --->   Operation 378 'add' 'add_ln11_137' <Predicate = true> <Delay = 1.56> <CoreInst = "Adder">   --->   Core 1 'Adder' <Latency = 0> <II = 1> <Delay = 1.56> <FuncUnit> <Opcode : 'add' 'sub'> <InPorts = 2> <OutPorts = 1>
ST_2 : Operation 379 [1/1] (1.56ns)   --->   "%add_ln11_138 = add i2 %zext_ln11_265, i2 %zext_ln11_266" [bnn.cpp:11->bnn.cpp:61->bnn.cpp:123]   --->   Operation 379 'add' 'add_ln11_138' <Predicate = true> <Delay = 1.56> <CoreInst = "Adder">   --->   Core 1 'Adder' <Latency = 0> <II = 1> <Delay = 1.56> <FuncUnit> <Opcode : 'add' 'sub'> <InPorts = 2> <OutPorts = 1>
ST_2 : Operation 380 [1/1] (1.56ns)   --->   "%add_ln11_141 = add i2 %zext_ln11_267, i2 %zext_ln11_268" [bnn.cpp:11->bnn.cpp:61->bnn.cpp:123]   --->   Operation 380 'add' 'add_ln11_141' <Predicate = true> <Delay = 1.56> <CoreInst = "Adder">   --->   Core 1 'Adder' <Latency = 0> <II = 1> <Delay = 1.56> <FuncUnit> <Opcode : 'add' 'sub'> <InPorts = 2> <OutPorts = 1>
ST_2 : Operation 381 [1/1] (1.56ns)   --->   "%add_ln11_142 = add i2 %zext_ln11_269, i2 %zext_ln11_270" [bnn.cpp:11->bnn.cpp:61->bnn.cpp:123]   --->   Operation 381 'add' 'add_ln11_142' <Predicate = true> <Delay = 1.56> <CoreInst = "Adder">   --->   Core 1 'Adder' <Latency = 0> <II = 1> <Delay = 1.56> <FuncUnit> <Opcode : 'add' 'sub'> <InPorts = 2> <OutPorts = 1>
ST_2 : Operation 382 [1/1] (1.56ns)   --->   "%add_ln11_144 = add i2 %zext_ln11_271, i2 %zext_ln11_272" [bnn.cpp:11->bnn.cpp:61->bnn.cpp:123]   --->   Operation 382 'add' 'add_ln11_144' <Predicate = true> <Delay = 1.56> <CoreInst = "Adder">   --->   Core 1 'Adder' <Latency = 0> <II = 1> <Delay = 1.56> <FuncUnit> <Opcode : 'add' 'sub'> <InPorts = 2> <OutPorts = 1>
ST_2 : Operation 383 [1/1] (1.56ns)   --->   "%add_ln11_145 = add i2 %zext_ln11_273, i2 %zext_ln11_274" [bnn.cpp:11->bnn.cpp:61->bnn.cpp:123]   --->   Operation 383 'add' 'add_ln11_145' <Predicate = true> <Delay = 1.56> <CoreInst = "Adder">   --->   Core 1 'Adder' <Latency = 0> <II = 1> <Delay = 1.56> <FuncUnit> <Opcode : 'add' 'sub'> <InPorts = 2> <OutPorts = 1>
ST_2 : Operation 384 [1/2] ( I:3.25ns O:3.25ns )   --->   "%w2_load_6 = load i9 %w2_addr_6" [bnn.cpp:60->bnn.cpp:123]   --->   Operation 384 'load' 'w2_load_6' <Predicate = true> <Delay = 3.25> <CoreInst = "ROM">   --->   Core 94 'ROM' <Latency = 1> <II = 1> <Delay = 3.25> <Storage> <Opcode : 'load'> <Ports = 0> <Width = 16> <Depth = 512> <ROM>
ST_2 : Operation 385 [1/1] (0.00ns) (grouped into LUT with out node xnor_9)   --->   "%xor_ln60_19 = xor i16 %p_0_0282_6100_reload_read, i16 65535" [bnn.cpp:60->bnn.cpp:123]   --->   Operation 385 'xor' 'xor_ln60_19' <Predicate = true> <Delay = 0.00> <CoreInst = "LogicGate">   --->   Core 74 'LogicGate' <Latency = 0> <II = 1> <Delay = 0.99> <FuncUnit> <Opcode : 'and' 'or' 'xor'> <InPorts = 2> <OutPorts = 1>
ST_2 : Operation 386 [1/1] (0.99ns) (out node of the LUT)   --->   "%xnor_9 = xor i16 %w2_load_6, i16 %xor_ln60_19" [bnn.cpp:60->bnn.cpp:123]   --->   Operation 386 'xor' 'xnor_9' <Predicate = true> <Delay = 0.99> <CoreInst = "LogicGate">   --->   Core 74 'LogicGate' <Latency = 0> <II = 1> <Delay = 0.99> <FuncUnit> <Opcode : 'and' 'or' 'xor'> <InPorts = 2> <OutPorts = 1>
ST_2 : Operation 387 [1/1] (0.00ns)   --->   "%cnt_19 = trunc i16 %xnor_9" [bnn.cpp:11->bnn.cpp:61->bnn.cpp:123]   --->   Operation 387 'trunc' 'cnt_19' <Predicate = true> <Delay = 0.00>
ST_2 : Operation 388 [1/1] (0.00ns)   --->   "%zext_ln8_9 = zext i1 %cnt_19" [bnn.cpp:8->bnn.cpp:61->bnn.cpp:123]   --->   Operation 388 'zext' 'zext_ln8_9' <Predicate = true> <Delay = 0.00>
ST_2 : Operation 389 [1/1] (0.00ns)   --->   "%tmp_149 = bitselect i1 @_ssdm_op_BitSelect.i1.i16.i32, i16 %xnor_9, i32 1" [bnn.cpp:11->bnn.cpp:61->bnn.cpp:123]   --->   Operation 389 'bitselect' 'tmp_149' <Predicate = true> <Delay = 0.00>
ST_2 : Operation 390 [1/1] (0.00ns)   --->   "%zext_ln11_289 = zext i1 %tmp_149" [bnn.cpp:11->bnn.cpp:61->bnn.cpp:123]   --->   Operation 390 'zext' 'zext_ln11_289' <Predicate = true> <Delay = 0.00>
ST_2 : Operation 391 [1/1] (0.00ns)   --->   "%tmp_150 = bitselect i1 @_ssdm_op_BitSelect.i1.i16.i32, i16 %xnor_9, i32 2" [bnn.cpp:11->bnn.cpp:61->bnn.cpp:123]   --->   Operation 391 'bitselect' 'tmp_150' <Predicate = true> <Delay = 0.00>
ST_2 : Operation 392 [1/1] (0.00ns)   --->   "%zext_ln11_290 = zext i1 %tmp_150" [bnn.cpp:11->bnn.cpp:61->bnn.cpp:123]   --->   Operation 392 'zext' 'zext_ln11_290' <Predicate = true> <Delay = 0.00>
ST_2 : Operation 393 [1/1] (0.00ns)   --->   "%tmp_151 = bitselect i1 @_ssdm_op_BitSelect.i1.i16.i32, i16 %xnor_9, i32 3" [bnn.cpp:11->bnn.cpp:61->bnn.cpp:123]   --->   Operation 393 'bitselect' 'tmp_151' <Predicate = true> <Delay = 0.00>
ST_2 : Operation 394 [1/1] (0.00ns)   --->   "%zext_ln11_291 = zext i1 %tmp_151" [bnn.cpp:11->bnn.cpp:61->bnn.cpp:123]   --->   Operation 394 'zext' 'zext_ln11_291' <Predicate = true> <Delay = 0.00>
ST_2 : Operation 395 [1/1] (0.00ns)   --->   "%tmp_152 = bitselect i1 @_ssdm_op_BitSelect.i1.i16.i32, i16 %xnor_9, i32 4" [bnn.cpp:11->bnn.cpp:61->bnn.cpp:123]   --->   Operation 395 'bitselect' 'tmp_152' <Predicate = true> <Delay = 0.00>
ST_2 : Operation 396 [1/1] (0.00ns)   --->   "%zext_ln11_292 = zext i1 %tmp_152" [bnn.cpp:11->bnn.cpp:61->bnn.cpp:123]   --->   Operation 396 'zext' 'zext_ln11_292' <Predicate = true> <Delay = 0.00>
ST_2 : Operation 397 [1/1] (0.00ns)   --->   "%tmp_153 = bitselect i1 @_ssdm_op_BitSelect.i1.i16.i32, i16 %xnor_9, i32 5" [bnn.cpp:11->bnn.cpp:61->bnn.cpp:123]   --->   Operation 397 'bitselect' 'tmp_153' <Predicate = true> <Delay = 0.00>
ST_2 : Operation 398 [1/1] (0.00ns)   --->   "%zext_ln11_293 = zext i1 %tmp_153" [bnn.cpp:11->bnn.cpp:61->bnn.cpp:123]   --->   Operation 398 'zext' 'zext_ln11_293' <Predicate = true> <Delay = 0.00>
ST_2 : Operation 399 [1/1] (0.00ns)   --->   "%tmp_154 = bitselect i1 @_ssdm_op_BitSelect.i1.i16.i32, i16 %xnor_9, i32 6" [bnn.cpp:11->bnn.cpp:61->bnn.cpp:123]   --->   Operation 399 'bitselect' 'tmp_154' <Predicate = true> <Delay = 0.00>
ST_2 : Operation 400 [1/1] (0.00ns)   --->   "%zext_ln11_294 = zext i1 %tmp_154" [bnn.cpp:11->bnn.cpp:61->bnn.cpp:123]   --->   Operation 400 'zext' 'zext_ln11_294' <Predicate = true> <Delay = 0.00>
ST_2 : Operation 401 [1/1] (0.00ns)   --->   "%tmp_155 = bitselect i1 @_ssdm_op_BitSelect.i1.i16.i32, i16 %xnor_9, i32 7" [bnn.cpp:11->bnn.cpp:61->bnn.cpp:123]   --->   Operation 401 'bitselect' 'tmp_155' <Predicate = true> <Delay = 0.00>
ST_2 : Operation 402 [1/1] (0.00ns)   --->   "%zext_ln11_295 = zext i1 %tmp_155" [bnn.cpp:11->bnn.cpp:61->bnn.cpp:123]   --->   Operation 402 'zext' 'zext_ln11_295' <Predicate = true> <Delay = 0.00>
ST_2 : Operation 403 [1/1] (0.00ns)   --->   "%tmp_156 = bitselect i1 @_ssdm_op_BitSelect.i1.i16.i32, i16 %xnor_9, i32 8" [bnn.cpp:11->bnn.cpp:61->bnn.cpp:123]   --->   Operation 403 'bitselect' 'tmp_156' <Predicate = true> <Delay = 0.00>
ST_2 : Operation 404 [1/1] (0.00ns)   --->   "%zext_ln11_296 = zext i1 %tmp_156" [bnn.cpp:11->bnn.cpp:61->bnn.cpp:123]   --->   Operation 404 'zext' 'zext_ln11_296' <Predicate = true> <Delay = 0.00>
ST_2 : Operation 405 [1/1] (0.00ns)   --->   "%tmp_157 = bitselect i1 @_ssdm_op_BitSelect.i1.i16.i32, i16 %xnor_9, i32 9" [bnn.cpp:11->bnn.cpp:61->bnn.cpp:123]   --->   Operation 405 'bitselect' 'tmp_157' <Predicate = true> <Delay = 0.00>
ST_2 : Operation 406 [1/1] (0.00ns)   --->   "%zext_ln11_297 = zext i1 %tmp_157" [bnn.cpp:11->bnn.cpp:61->bnn.cpp:123]   --->   Operation 406 'zext' 'zext_ln11_297' <Predicate = true> <Delay = 0.00>
ST_2 : Operation 407 [1/1] (0.00ns)   --->   "%tmp_158 = bitselect i1 @_ssdm_op_BitSelect.i1.i16.i32, i16 %xnor_9, i32 10" [bnn.cpp:11->bnn.cpp:61->bnn.cpp:123]   --->   Operation 407 'bitselect' 'tmp_158' <Predicate = true> <Delay = 0.00>
ST_2 : Operation 408 [1/1] (0.00ns)   --->   "%zext_ln11_298 = zext i1 %tmp_158" [bnn.cpp:11->bnn.cpp:61->bnn.cpp:123]   --->   Operation 408 'zext' 'zext_ln11_298' <Predicate = true> <Delay = 0.00>
ST_2 : Operation 409 [1/1] (0.00ns)   --->   "%tmp_159 = bitselect i1 @_ssdm_op_BitSelect.i1.i16.i32, i16 %xnor_9, i32 11" [bnn.cpp:11->bnn.cpp:61->bnn.cpp:123]   --->   Operation 409 'bitselect' 'tmp_159' <Predicate = true> <Delay = 0.00>
ST_2 : Operation 410 [1/1] (0.00ns)   --->   "%zext_ln11_299 = zext i1 %tmp_159" [bnn.cpp:11->bnn.cpp:61->bnn.cpp:123]   --->   Operation 410 'zext' 'zext_ln11_299' <Predicate = true> <Delay = 0.00>
ST_2 : Operation 411 [1/1] (0.00ns)   --->   "%tmp_160 = bitselect i1 @_ssdm_op_BitSelect.i1.i16.i32, i16 %xnor_9, i32 12" [bnn.cpp:11->bnn.cpp:61->bnn.cpp:123]   --->   Operation 411 'bitselect' 'tmp_160' <Predicate = true> <Delay = 0.00>
ST_2 : Operation 412 [1/1] (0.00ns)   --->   "%zext_ln11_300 = zext i1 %tmp_160" [bnn.cpp:11->bnn.cpp:61->bnn.cpp:123]   --->   Operation 412 'zext' 'zext_ln11_300' <Predicate = true> <Delay = 0.00>
ST_2 : Operation 413 [1/1] (0.00ns)   --->   "%tmp_161 = bitselect i1 @_ssdm_op_BitSelect.i1.i16.i32, i16 %xnor_9, i32 13" [bnn.cpp:11->bnn.cpp:61->bnn.cpp:123]   --->   Operation 413 'bitselect' 'tmp_161' <Predicate = true> <Delay = 0.00>
ST_2 : Operation 414 [1/1] (0.00ns)   --->   "%zext_ln11_301 = zext i1 %tmp_161" [bnn.cpp:11->bnn.cpp:61->bnn.cpp:123]   --->   Operation 414 'zext' 'zext_ln11_301' <Predicate = true> <Delay = 0.00>
ST_2 : Operation 415 [1/1] (0.00ns)   --->   "%tmp_162 = bitselect i1 @_ssdm_op_BitSelect.i1.i16.i32, i16 %xnor_9, i32 14" [bnn.cpp:11->bnn.cpp:61->bnn.cpp:123]   --->   Operation 415 'bitselect' 'tmp_162' <Predicate = true> <Delay = 0.00>
ST_2 : Operation 416 [1/1] (0.00ns)   --->   "%zext_ln11_302 = zext i1 %tmp_162" [bnn.cpp:11->bnn.cpp:61->bnn.cpp:123]   --->   Operation 416 'zext' 'zext_ln11_302' <Predicate = true> <Delay = 0.00>
ST_2 : Operation 417 [1/1] (0.00ns)   --->   "%tmp_163 = bitselect i1 @_ssdm_op_BitSelect.i1.i16.i32, i16 %xnor_9, i32 15" [bnn.cpp:11->bnn.cpp:61->bnn.cpp:123]   --->   Operation 417 'bitselect' 'tmp_163' <Predicate = true> <Delay = 0.00>
ST_2 : Operation 418 [1/1] (0.00ns)   --->   "%zext_ln11_303 = zext i1 %tmp_163" [bnn.cpp:11->bnn.cpp:61->bnn.cpp:123]   --->   Operation 418 'zext' 'zext_ln11_303' <Predicate = true> <Delay = 0.00>
ST_2 : Operation 419 [1/1] (1.56ns)   --->   "%add_ln11_149 = add i2 %zext_ln11_289, i2 %zext_ln8_9" [bnn.cpp:11->bnn.cpp:61->bnn.cpp:123]   --->   Operation 419 'add' 'add_ln11_149' <Predicate = true> <Delay = 1.56> <CoreInst = "Adder">   --->   Core 1 'Adder' <Latency = 0> <II = 1> <Delay = 1.56> <FuncUnit> <Opcode : 'add' 'sub'> <InPorts = 2> <OutPorts = 1>
ST_2 : Operation 420 [1/1] (1.56ns)   --->   "%add_ln11_150 = add i2 %zext_ln11_290, i2 %zext_ln11_291" [bnn.cpp:11->bnn.cpp:61->bnn.cpp:123]   --->   Operation 420 'add' 'add_ln11_150' <Predicate = true> <Delay = 1.56> <CoreInst = "Adder">   --->   Core 1 'Adder' <Latency = 0> <II = 1> <Delay = 1.56> <FuncUnit> <Opcode : 'add' 'sub'> <InPorts = 2> <OutPorts = 1>
ST_2 : Operation 421 [1/1] (1.56ns)   --->   "%add_ln11_152 = add i2 %zext_ln11_292, i2 %zext_ln11_293" [bnn.cpp:11->bnn.cpp:61->bnn.cpp:123]   --->   Operation 421 'add' 'add_ln11_152' <Predicate = true> <Delay = 1.56> <CoreInst = "Adder">   --->   Core 1 'Adder' <Latency = 0> <II = 1> <Delay = 1.56> <FuncUnit> <Opcode : 'add' 'sub'> <InPorts = 2> <OutPorts = 1>
ST_2 : Operation 422 [1/1] (1.56ns)   --->   "%add_ln11_153 = add i2 %zext_ln11_294, i2 %zext_ln11_295" [bnn.cpp:11->bnn.cpp:61->bnn.cpp:123]   --->   Operation 422 'add' 'add_ln11_153' <Predicate = true> <Delay = 1.56> <CoreInst = "Adder">   --->   Core 1 'Adder' <Latency = 0> <II = 1> <Delay = 1.56> <FuncUnit> <Opcode : 'add' 'sub'> <InPorts = 2> <OutPorts = 1>
ST_2 : Operation 423 [1/1] (1.56ns)   --->   "%add_ln11_156 = add i2 %zext_ln11_296, i2 %zext_ln11_297" [bnn.cpp:11->bnn.cpp:61->bnn.cpp:123]   --->   Operation 423 'add' 'add_ln11_156' <Predicate = true> <Delay = 1.56> <CoreInst = "Adder">   --->   Core 1 'Adder' <Latency = 0> <II = 1> <Delay = 1.56> <FuncUnit> <Opcode : 'add' 'sub'> <InPorts = 2> <OutPorts = 1>
ST_2 : Operation 424 [1/1] (1.56ns)   --->   "%add_ln11_157 = add i2 %zext_ln11_298, i2 %zext_ln11_299" [bnn.cpp:11->bnn.cpp:61->bnn.cpp:123]   --->   Operation 424 'add' 'add_ln11_157' <Predicate = true> <Delay = 1.56> <CoreInst = "Adder">   --->   Core 1 'Adder' <Latency = 0> <II = 1> <Delay = 1.56> <FuncUnit> <Opcode : 'add' 'sub'> <InPorts = 2> <OutPorts = 1>
ST_2 : Operation 425 [1/1] (1.56ns)   --->   "%add_ln11_159 = add i2 %zext_ln11_300, i2 %zext_ln11_301" [bnn.cpp:11->bnn.cpp:61->bnn.cpp:123]   --->   Operation 425 'add' 'add_ln11_159' <Predicate = true> <Delay = 1.56> <CoreInst = "Adder">   --->   Core 1 'Adder' <Latency = 0> <II = 1> <Delay = 1.56> <FuncUnit> <Opcode : 'add' 'sub'> <InPorts = 2> <OutPorts = 1>
ST_2 : Operation 426 [1/1] (1.56ns)   --->   "%add_ln11_160 = add i2 %zext_ln11_302, i2 %zext_ln11_303" [bnn.cpp:11->bnn.cpp:61->bnn.cpp:123]   --->   Operation 426 'add' 'add_ln11_160' <Predicate = true> <Delay = 1.56> <CoreInst = "Adder">   --->   Core 1 'Adder' <Latency = 0> <II = 1> <Delay = 1.56> <FuncUnit> <Opcode : 'add' 'sub'> <InPorts = 2> <OutPorts = 1>
ST_2 : Operation 427 [1/2] ( I:3.25ns O:3.25ns )   --->   "%w2_load_7 = load i9 %w2_addr_7" [bnn.cpp:60->bnn.cpp:123]   --->   Operation 427 'load' 'w2_load_7' <Predicate = true> <Delay = 3.25> <CoreInst = "ROM">   --->   Core 94 'ROM' <Latency = 1> <II = 1> <Delay = 3.25> <Storage> <Opcode : 'load'> <Ports = 0> <Width = 16> <Depth = 512> <ROM>
ST_2 : Operation 428 [1/1] (0.00ns) (grouped into LUT with out node xnor_10)   --->   "%xor_ln60_21 = xor i16 %p_0_0282_7102_reload_read, i16 65535" [bnn.cpp:60->bnn.cpp:123]   --->   Operation 428 'xor' 'xor_ln60_21' <Predicate = true> <Delay = 0.00> <CoreInst = "LogicGate">   --->   Core 74 'LogicGate' <Latency = 0> <II = 1> <Delay = 0.99> <FuncUnit> <Opcode : 'and' 'or' 'xor'> <InPorts = 2> <OutPorts = 1>
ST_2 : Operation 429 [1/1] (0.99ns) (out node of the LUT)   --->   "%xnor_10 = xor i16 %w2_load_7, i16 %xor_ln60_21" [bnn.cpp:60->bnn.cpp:123]   --->   Operation 429 'xor' 'xnor_10' <Predicate = true> <Delay = 0.99> <CoreInst = "LogicGate">   --->   Core 74 'LogicGate' <Latency = 0> <II = 1> <Delay = 0.99> <FuncUnit> <Opcode : 'and' 'or' 'xor'> <InPorts = 2> <OutPorts = 1>
ST_2 : Operation 430 [1/1] (0.00ns)   --->   "%cnt_21 = trunc i16 %xnor_10" [bnn.cpp:11->bnn.cpp:61->bnn.cpp:123]   --->   Operation 430 'trunc' 'cnt_21' <Predicate = true> <Delay = 0.00>
ST_2 : Operation 431 [1/1] (0.00ns)   --->   "%zext_ln8_10 = zext i1 %cnt_21" [bnn.cpp:8->bnn.cpp:61->bnn.cpp:123]   --->   Operation 431 'zext' 'zext_ln8_10' <Predicate = true> <Delay = 0.00>
ST_2 : Operation 432 [1/1] (0.00ns)   --->   "%tmp_164 = bitselect i1 @_ssdm_op_BitSelect.i1.i16.i32, i16 %xnor_10, i32 1" [bnn.cpp:11->bnn.cpp:61->bnn.cpp:123]   --->   Operation 432 'bitselect' 'tmp_164' <Predicate = true> <Delay = 0.00>
ST_2 : Operation 433 [1/1] (0.00ns)   --->   "%zext_ln11_318 = zext i1 %tmp_164" [bnn.cpp:11->bnn.cpp:61->bnn.cpp:123]   --->   Operation 433 'zext' 'zext_ln11_318' <Predicate = true> <Delay = 0.00>
ST_2 : Operation 434 [1/1] (0.00ns)   --->   "%tmp_165 = bitselect i1 @_ssdm_op_BitSelect.i1.i16.i32, i16 %xnor_10, i32 2" [bnn.cpp:11->bnn.cpp:61->bnn.cpp:123]   --->   Operation 434 'bitselect' 'tmp_165' <Predicate = true> <Delay = 0.00>
ST_2 : Operation 435 [1/1] (0.00ns)   --->   "%zext_ln11_319 = zext i1 %tmp_165" [bnn.cpp:11->bnn.cpp:61->bnn.cpp:123]   --->   Operation 435 'zext' 'zext_ln11_319' <Predicate = true> <Delay = 0.00>
ST_2 : Operation 436 [1/1] (0.00ns)   --->   "%tmp_166 = bitselect i1 @_ssdm_op_BitSelect.i1.i16.i32, i16 %xnor_10, i32 3" [bnn.cpp:11->bnn.cpp:61->bnn.cpp:123]   --->   Operation 436 'bitselect' 'tmp_166' <Predicate = true> <Delay = 0.00>
ST_2 : Operation 437 [1/1] (0.00ns)   --->   "%zext_ln11_320 = zext i1 %tmp_166" [bnn.cpp:11->bnn.cpp:61->bnn.cpp:123]   --->   Operation 437 'zext' 'zext_ln11_320' <Predicate = true> <Delay = 0.00>
ST_2 : Operation 438 [1/1] (0.00ns)   --->   "%tmp_167 = bitselect i1 @_ssdm_op_BitSelect.i1.i16.i32, i16 %xnor_10, i32 4" [bnn.cpp:11->bnn.cpp:61->bnn.cpp:123]   --->   Operation 438 'bitselect' 'tmp_167' <Predicate = true> <Delay = 0.00>
ST_2 : Operation 439 [1/1] (0.00ns)   --->   "%zext_ln11_321 = zext i1 %tmp_167" [bnn.cpp:11->bnn.cpp:61->bnn.cpp:123]   --->   Operation 439 'zext' 'zext_ln11_321' <Predicate = true> <Delay = 0.00>
ST_2 : Operation 440 [1/1] (0.00ns)   --->   "%tmp_168 = bitselect i1 @_ssdm_op_BitSelect.i1.i16.i32, i16 %xnor_10, i32 5" [bnn.cpp:11->bnn.cpp:61->bnn.cpp:123]   --->   Operation 440 'bitselect' 'tmp_168' <Predicate = true> <Delay = 0.00>
ST_2 : Operation 441 [1/1] (0.00ns)   --->   "%zext_ln11_322 = zext i1 %tmp_168" [bnn.cpp:11->bnn.cpp:61->bnn.cpp:123]   --->   Operation 441 'zext' 'zext_ln11_322' <Predicate = true> <Delay = 0.00>
ST_2 : Operation 442 [1/1] (0.00ns)   --->   "%tmp_169 = bitselect i1 @_ssdm_op_BitSelect.i1.i16.i32, i16 %xnor_10, i32 6" [bnn.cpp:11->bnn.cpp:61->bnn.cpp:123]   --->   Operation 442 'bitselect' 'tmp_169' <Predicate = true> <Delay = 0.00>
ST_2 : Operation 443 [1/1] (0.00ns)   --->   "%zext_ln11_323 = zext i1 %tmp_169" [bnn.cpp:11->bnn.cpp:61->bnn.cpp:123]   --->   Operation 443 'zext' 'zext_ln11_323' <Predicate = true> <Delay = 0.00>
ST_2 : Operation 444 [1/1] (0.00ns)   --->   "%tmp_170 = bitselect i1 @_ssdm_op_BitSelect.i1.i16.i32, i16 %xnor_10, i32 7" [bnn.cpp:11->bnn.cpp:61->bnn.cpp:123]   --->   Operation 444 'bitselect' 'tmp_170' <Predicate = true> <Delay = 0.00>
ST_2 : Operation 445 [1/1] (0.00ns)   --->   "%zext_ln11_324 = zext i1 %tmp_170" [bnn.cpp:11->bnn.cpp:61->bnn.cpp:123]   --->   Operation 445 'zext' 'zext_ln11_324' <Predicate = true> <Delay = 0.00>
ST_2 : Operation 446 [1/1] (0.00ns)   --->   "%tmp_171 = bitselect i1 @_ssdm_op_BitSelect.i1.i16.i32, i16 %xnor_10, i32 8" [bnn.cpp:11->bnn.cpp:61->bnn.cpp:123]   --->   Operation 446 'bitselect' 'tmp_171' <Predicate = true> <Delay = 0.00>
ST_2 : Operation 447 [1/1] (0.00ns)   --->   "%zext_ln11_325 = zext i1 %tmp_171" [bnn.cpp:11->bnn.cpp:61->bnn.cpp:123]   --->   Operation 447 'zext' 'zext_ln11_325' <Predicate = true> <Delay = 0.00>
ST_2 : Operation 448 [1/1] (0.00ns)   --->   "%tmp_172 = bitselect i1 @_ssdm_op_BitSelect.i1.i16.i32, i16 %xnor_10, i32 9" [bnn.cpp:11->bnn.cpp:61->bnn.cpp:123]   --->   Operation 448 'bitselect' 'tmp_172' <Predicate = true> <Delay = 0.00>
ST_2 : Operation 449 [1/1] (0.00ns)   --->   "%zext_ln11_326 = zext i1 %tmp_172" [bnn.cpp:11->bnn.cpp:61->bnn.cpp:123]   --->   Operation 449 'zext' 'zext_ln11_326' <Predicate = true> <Delay = 0.00>
ST_2 : Operation 450 [1/1] (0.00ns)   --->   "%tmp_173 = bitselect i1 @_ssdm_op_BitSelect.i1.i16.i32, i16 %xnor_10, i32 10" [bnn.cpp:11->bnn.cpp:61->bnn.cpp:123]   --->   Operation 450 'bitselect' 'tmp_173' <Predicate = true> <Delay = 0.00>
ST_2 : Operation 451 [1/1] (0.00ns)   --->   "%zext_ln11_327 = zext i1 %tmp_173" [bnn.cpp:11->bnn.cpp:61->bnn.cpp:123]   --->   Operation 451 'zext' 'zext_ln11_327' <Predicate = true> <Delay = 0.00>
ST_2 : Operation 452 [1/1] (0.00ns)   --->   "%tmp_174 = bitselect i1 @_ssdm_op_BitSelect.i1.i16.i32, i16 %xnor_10, i32 11" [bnn.cpp:11->bnn.cpp:61->bnn.cpp:123]   --->   Operation 452 'bitselect' 'tmp_174' <Predicate = true> <Delay = 0.00>
ST_2 : Operation 453 [1/1] (0.00ns)   --->   "%zext_ln11_328 = zext i1 %tmp_174" [bnn.cpp:11->bnn.cpp:61->bnn.cpp:123]   --->   Operation 453 'zext' 'zext_ln11_328' <Predicate = true> <Delay = 0.00>
ST_2 : Operation 454 [1/1] (0.00ns)   --->   "%tmp_175 = bitselect i1 @_ssdm_op_BitSelect.i1.i16.i32, i16 %xnor_10, i32 12" [bnn.cpp:11->bnn.cpp:61->bnn.cpp:123]   --->   Operation 454 'bitselect' 'tmp_175' <Predicate = true> <Delay = 0.00>
ST_2 : Operation 455 [1/1] (0.00ns)   --->   "%zext_ln11_329 = zext i1 %tmp_175" [bnn.cpp:11->bnn.cpp:61->bnn.cpp:123]   --->   Operation 455 'zext' 'zext_ln11_329' <Predicate = true> <Delay = 0.00>
ST_2 : Operation 456 [1/1] (0.00ns)   --->   "%tmp_176 = bitselect i1 @_ssdm_op_BitSelect.i1.i16.i32, i16 %xnor_10, i32 13" [bnn.cpp:11->bnn.cpp:61->bnn.cpp:123]   --->   Operation 456 'bitselect' 'tmp_176' <Predicate = true> <Delay = 0.00>
ST_2 : Operation 457 [1/1] (0.00ns)   --->   "%zext_ln11_330 = zext i1 %tmp_176" [bnn.cpp:11->bnn.cpp:61->bnn.cpp:123]   --->   Operation 457 'zext' 'zext_ln11_330' <Predicate = true> <Delay = 0.00>
ST_2 : Operation 458 [1/1] (0.00ns)   --->   "%tmp_177 = bitselect i1 @_ssdm_op_BitSelect.i1.i16.i32, i16 %xnor_10, i32 14" [bnn.cpp:11->bnn.cpp:61->bnn.cpp:123]   --->   Operation 458 'bitselect' 'tmp_177' <Predicate = true> <Delay = 0.00>
ST_2 : Operation 459 [1/1] (0.00ns)   --->   "%zext_ln11_331 = zext i1 %tmp_177" [bnn.cpp:11->bnn.cpp:61->bnn.cpp:123]   --->   Operation 459 'zext' 'zext_ln11_331' <Predicate = true> <Delay = 0.00>
ST_2 : Operation 460 [1/1] (0.00ns)   --->   "%tmp_178 = bitselect i1 @_ssdm_op_BitSelect.i1.i16.i32, i16 %xnor_10, i32 15" [bnn.cpp:11->bnn.cpp:61->bnn.cpp:123]   --->   Operation 460 'bitselect' 'tmp_178' <Predicate = true> <Delay = 0.00>
ST_2 : Operation 461 [1/1] (0.00ns)   --->   "%zext_ln11_332 = zext i1 %tmp_178" [bnn.cpp:11->bnn.cpp:61->bnn.cpp:123]   --->   Operation 461 'zext' 'zext_ln11_332' <Predicate = true> <Delay = 0.00>
ST_2 : Operation 462 [1/1] (1.56ns)   --->   "%add_ln11_164 = add i2 %zext_ln11_318, i2 %zext_ln8_10" [bnn.cpp:11->bnn.cpp:61->bnn.cpp:123]   --->   Operation 462 'add' 'add_ln11_164' <Predicate = true> <Delay = 1.56> <CoreInst = "Adder">   --->   Core 1 'Adder' <Latency = 0> <II = 1> <Delay = 1.56> <FuncUnit> <Opcode : 'add' 'sub'> <InPorts = 2> <OutPorts = 1>
ST_2 : Operation 463 [1/1] (1.56ns)   --->   "%add_ln11_165 = add i2 %zext_ln11_319, i2 %zext_ln11_320" [bnn.cpp:11->bnn.cpp:61->bnn.cpp:123]   --->   Operation 463 'add' 'add_ln11_165' <Predicate = true> <Delay = 1.56> <CoreInst = "Adder">   --->   Core 1 'Adder' <Latency = 0> <II = 1> <Delay = 1.56> <FuncUnit> <Opcode : 'add' 'sub'> <InPorts = 2> <OutPorts = 1>
ST_2 : Operation 464 [1/1] (1.56ns)   --->   "%add_ln11_167 = add i2 %zext_ln11_321, i2 %zext_ln11_322" [bnn.cpp:11->bnn.cpp:61->bnn.cpp:123]   --->   Operation 464 'add' 'add_ln11_167' <Predicate = true> <Delay = 1.56> <CoreInst = "Adder">   --->   Core 1 'Adder' <Latency = 0> <II = 1> <Delay = 1.56> <FuncUnit> <Opcode : 'add' 'sub'> <InPorts = 2> <OutPorts = 1>
ST_2 : Operation 465 [1/1] (1.56ns)   --->   "%add_ln11_168 = add i2 %zext_ln11_323, i2 %zext_ln11_324" [bnn.cpp:11->bnn.cpp:61->bnn.cpp:123]   --->   Operation 465 'add' 'add_ln11_168' <Predicate = true> <Delay = 1.56> <CoreInst = "Adder">   --->   Core 1 'Adder' <Latency = 0> <II = 1> <Delay = 1.56> <FuncUnit> <Opcode : 'add' 'sub'> <InPorts = 2> <OutPorts = 1>
ST_2 : Operation 466 [1/1] (1.56ns)   --->   "%add_ln11_171 = add i2 %zext_ln11_325, i2 %zext_ln11_326" [bnn.cpp:11->bnn.cpp:61->bnn.cpp:123]   --->   Operation 466 'add' 'add_ln11_171' <Predicate = true> <Delay = 1.56> <CoreInst = "Adder">   --->   Core 1 'Adder' <Latency = 0> <II = 1> <Delay = 1.56> <FuncUnit> <Opcode : 'add' 'sub'> <InPorts = 2> <OutPorts = 1>
ST_2 : Operation 467 [1/1] (1.56ns)   --->   "%add_ln11_172 = add i2 %zext_ln11_327, i2 %zext_ln11_328" [bnn.cpp:11->bnn.cpp:61->bnn.cpp:123]   --->   Operation 467 'add' 'add_ln11_172' <Predicate = true> <Delay = 1.56> <CoreInst = "Adder">   --->   Core 1 'Adder' <Latency = 0> <II = 1> <Delay = 1.56> <FuncUnit> <Opcode : 'add' 'sub'> <InPorts = 2> <OutPorts = 1>
ST_2 : Operation 468 [1/1] (1.56ns)   --->   "%add_ln11_174 = add i2 %zext_ln11_329, i2 %zext_ln11_330" [bnn.cpp:11->bnn.cpp:61->bnn.cpp:123]   --->   Operation 468 'add' 'add_ln11_174' <Predicate = true> <Delay = 1.56> <CoreInst = "Adder">   --->   Core 1 'Adder' <Latency = 0> <II = 1> <Delay = 1.56> <FuncUnit> <Opcode : 'add' 'sub'> <InPorts = 2> <OutPorts = 1>
ST_2 : Operation 469 [1/1] (1.56ns)   --->   "%add_ln11_175 = add i2 %zext_ln11_331, i2 %zext_ln11_332" [bnn.cpp:11->bnn.cpp:61->bnn.cpp:123]   --->   Operation 469 'add' 'add_ln11_175' <Predicate = true> <Delay = 1.56> <CoreInst = "Adder">   --->   Core 1 'Adder' <Latency = 0> <II = 1> <Delay = 1.56> <FuncUnit> <Opcode : 'add' 'sub'> <InPorts = 2> <OutPorts = 1>

State 3 <SV = 2> <Delay = 6.73>
ST_3 : Operation 470 [1/1] (0.00ns)   --->   "%zext_ln11_130 = zext i2 %add_ln11" [bnn.cpp:11->bnn.cpp:61->bnn.cpp:123]   --->   Operation 470 'zext' 'zext_ln11_130' <Predicate = true> <Delay = 0.00>
ST_3 : Operation 471 [1/1] (0.00ns)   --->   "%zext_ln11_131 = zext i2 %add_ln11_60" [bnn.cpp:11->bnn.cpp:61->bnn.cpp:123]   --->   Operation 471 'zext' 'zext_ln11_131' <Predicate = true> <Delay = 0.00>
ST_3 : Operation 472 [1/1] (1.56ns)   --->   "%add_ln11_61 = add i3 %zext_ln11_131, i3 %zext_ln11_130" [bnn.cpp:11->bnn.cpp:61->bnn.cpp:123]   --->   Operation 472 'add' 'add_ln11_61' <Predicate = true> <Delay = 1.56> <CoreInst = "Adder">   --->   Core 1 'Adder' <Latency = 0> <II = 1> <Delay = 1.65> <FuncUnit> <Opcode : 'add' 'sub'> <InPorts = 2> <OutPorts = 1>
ST_3 : Operation 473 [1/1] (0.00ns)   --->   "%zext_ln11_132 = zext i3 %add_ln11_61" [bnn.cpp:11->bnn.cpp:61->bnn.cpp:123]   --->   Operation 473 'zext' 'zext_ln11_132' <Predicate = true> <Delay = 0.00>
ST_3 : Operation 474 [1/1] (0.00ns)   --->   "%zext_ln11_133 = zext i2 %add_ln11_62" [bnn.cpp:11->bnn.cpp:61->bnn.cpp:123]   --->   Operation 474 'zext' 'zext_ln11_133' <Predicate = true> <Delay = 0.00>
ST_3 : Operation 475 [1/1] (0.00ns)   --->   "%zext_ln11_134 = zext i2 %add_ln11_63" [bnn.cpp:11->bnn.cpp:61->bnn.cpp:123]   --->   Operation 475 'zext' 'zext_ln11_134' <Predicate = true> <Delay = 0.00>
ST_3 : Operation 476 [1/1] (1.56ns)   --->   "%add_ln11_64 = add i3 %zext_ln11_134, i3 %zext_ln11_133" [bnn.cpp:11->bnn.cpp:61->bnn.cpp:123]   --->   Operation 476 'add' 'add_ln11_64' <Predicate = true> <Delay = 1.56> <CoreInst = "Adder">   --->   Core 1 'Adder' <Latency = 0> <II = 1> <Delay = 1.65> <FuncUnit> <Opcode : 'add' 'sub'> <InPorts = 2> <OutPorts = 1>
ST_3 : Operation 477 [1/1] (0.00ns)   --->   "%zext_ln11_135 = zext i3 %add_ln11_64" [bnn.cpp:11->bnn.cpp:61->bnn.cpp:123]   --->   Operation 477 'zext' 'zext_ln11_135' <Predicate = true> <Delay = 0.00>
ST_3 : Operation 478 [1/1] (1.65ns)   --->   "%add_ln11_65 = add i4 %zext_ln11_135, i4 %zext_ln11_132" [bnn.cpp:11->bnn.cpp:61->bnn.cpp:123]   --->   Operation 478 'add' 'add_ln11_65' <Predicate = true> <Delay = 1.65> <CoreInst = "Adder">   --->   Core 1 'Adder' <Latency = 0> <II = 1> <Delay = 1.73> <FuncUnit> <Opcode : 'add' 'sub'> <InPorts = 2> <OutPorts = 1>
ST_3 : Operation 479 [1/1] (0.00ns)   --->   "%zext_ln11_136 = zext i4 %add_ln11_65" [bnn.cpp:11->bnn.cpp:61->bnn.cpp:123]   --->   Operation 479 'zext' 'zext_ln11_136' <Predicate = true> <Delay = 0.00>
ST_3 : Operation 480 [1/1] (0.00ns)   --->   "%zext_ln11_137 = zext i2 %add_ln11_66" [bnn.cpp:11->bnn.cpp:61->bnn.cpp:123]   --->   Operation 480 'zext' 'zext_ln11_137' <Predicate = true> <Delay = 0.00>
ST_3 : Operation 481 [1/1] (0.00ns)   --->   "%zext_ln11_138 = zext i2 %add_ln11_67" [bnn.cpp:11->bnn.cpp:61->bnn.cpp:123]   --->   Operation 481 'zext' 'zext_ln11_138' <Predicate = true> <Delay = 0.00>
ST_3 : Operation 482 [1/1] (1.56ns)   --->   "%add_ln11_68 = add i3 %zext_ln11_138, i3 %zext_ln11_137" [bnn.cpp:11->bnn.cpp:61->bnn.cpp:123]   --->   Operation 482 'add' 'add_ln11_68' <Predicate = true> <Delay = 1.56> <CoreInst = "Adder">   --->   Core 1 'Adder' <Latency = 0> <II = 1> <Delay = 1.65> <FuncUnit> <Opcode : 'add' 'sub'> <InPorts = 2> <OutPorts = 1>
ST_3 : Operation 483 [1/1] (0.00ns)   --->   "%zext_ln11_139 = zext i3 %add_ln11_68" [bnn.cpp:11->bnn.cpp:61->bnn.cpp:123]   --->   Operation 483 'zext' 'zext_ln11_139' <Predicate = true> <Delay = 0.00>
ST_3 : Operation 484 [1/1] (0.00ns)   --->   "%zext_ln11_140 = zext i2 %add_ln11_69" [bnn.cpp:11->bnn.cpp:61->bnn.cpp:123]   --->   Operation 484 'zext' 'zext_ln11_140' <Predicate = true> <Delay = 0.00>
ST_3 : Operation 485 [1/1] (0.00ns)   --->   "%zext_ln11_141 = zext i2 %add_ln11_70" [bnn.cpp:11->bnn.cpp:61->bnn.cpp:123]   --->   Operation 485 'zext' 'zext_ln11_141' <Predicate = true> <Delay = 0.00>
ST_3 : Operation 486 [1/1] (1.56ns)   --->   "%add_ln11_71 = add i3 %zext_ln11_141, i3 %zext_ln11_140" [bnn.cpp:11->bnn.cpp:61->bnn.cpp:123]   --->   Operation 486 'add' 'add_ln11_71' <Predicate = true> <Delay = 1.56> <CoreInst = "Adder">   --->   Core 1 'Adder' <Latency = 0> <II = 1> <Delay = 1.65> <FuncUnit> <Opcode : 'add' 'sub'> <InPorts = 2> <OutPorts = 1>
ST_3 : Operation 487 [1/1] (0.00ns)   --->   "%zext_ln11_142 = zext i3 %add_ln11_71" [bnn.cpp:11->bnn.cpp:61->bnn.cpp:123]   --->   Operation 487 'zext' 'zext_ln11_142' <Predicate = true> <Delay = 0.00>
ST_3 : Operation 488 [1/1] (1.65ns)   --->   "%add_ln11_72 = add i4 %zext_ln11_142, i4 %zext_ln11_139" [bnn.cpp:11->bnn.cpp:61->bnn.cpp:123]   --->   Operation 488 'add' 'add_ln11_72' <Predicate = true> <Delay = 1.65> <CoreInst = "Adder">   --->   Core 1 'Adder' <Latency = 0> <II = 1> <Delay = 1.73> <FuncUnit> <Opcode : 'add' 'sub'> <InPorts = 2> <OutPorts = 1>
ST_3 : Operation 489 [1/1] (0.00ns)   --->   "%zext_ln11_143 = zext i4 %add_ln11_72" [bnn.cpp:11->bnn.cpp:61->bnn.cpp:123]   --->   Operation 489 'zext' 'zext_ln11_143' <Predicate = true> <Delay = 0.00>
ST_3 : Operation 490 [1/1] (1.73ns)   --->   "%cnt_8 = add i5 %zext_ln11_143, i5 %zext_ln11_136" [bnn.cpp:11->bnn.cpp:61->bnn.cpp:123]   --->   Operation 490 'add' 'cnt_8' <Predicate = true> <Delay = 1.73> <CoreInst = "Adder">   --->   Core 1 'Adder' <Latency = 0> <II = 1> <Delay = 1.78> <FuncUnit> <Opcode : 'add' 'sub'> <InPorts = 2> <OutPorts = 1>
ST_3 : Operation 491 [1/1] (0.00ns)   --->   "%zext_ln11_159 = zext i2 %add_ln11_74" [bnn.cpp:11->bnn.cpp:61->bnn.cpp:123]   --->   Operation 491 'zext' 'zext_ln11_159' <Predicate = true> <Delay = 0.00>
ST_3 : Operation 492 [1/1] (0.00ns)   --->   "%zext_ln11_160 = zext i2 %add_ln11_75" [bnn.cpp:11->bnn.cpp:61->bnn.cpp:123]   --->   Operation 492 'zext' 'zext_ln11_160' <Predicate = true> <Delay = 0.00>
ST_3 : Operation 493 [1/1] (1.56ns)   --->   "%add_ln11_76 = add i3 %zext_ln11_160, i3 %zext_ln11_159" [bnn.cpp:11->bnn.cpp:61->bnn.cpp:123]   --->   Operation 493 'add' 'add_ln11_76' <Predicate = true> <Delay = 1.56> <CoreInst = "Adder">   --->   Core 1 'Adder' <Latency = 0> <II = 1> <Delay = 1.65> <FuncUnit> <Opcode : 'add' 'sub'> <InPorts = 2> <OutPorts = 1>
ST_3 : Operation 494 [1/1] (0.00ns)   --->   "%zext_ln11_161 = zext i3 %add_ln11_76" [bnn.cpp:11->bnn.cpp:61->bnn.cpp:123]   --->   Operation 494 'zext' 'zext_ln11_161' <Predicate = true> <Delay = 0.00>
ST_3 : Operation 495 [1/1] (0.00ns)   --->   "%zext_ln11_162 = zext i2 %add_ln11_77" [bnn.cpp:11->bnn.cpp:61->bnn.cpp:123]   --->   Operation 495 'zext' 'zext_ln11_162' <Predicate = true> <Delay = 0.00>
ST_3 : Operation 496 [1/1] (0.00ns)   --->   "%zext_ln11_163 = zext i2 %add_ln11_78" [bnn.cpp:11->bnn.cpp:61->bnn.cpp:123]   --->   Operation 496 'zext' 'zext_ln11_163' <Predicate = true> <Delay = 0.00>
ST_3 : Operation 497 [1/1] (1.56ns)   --->   "%add_ln11_79 = add i3 %zext_ln11_163, i3 %zext_ln11_162" [bnn.cpp:11->bnn.cpp:61->bnn.cpp:123]   --->   Operation 497 'add' 'add_ln11_79' <Predicate = true> <Delay = 1.56> <CoreInst = "Adder">   --->   Core 1 'Adder' <Latency = 0> <II = 1> <Delay = 1.65> <FuncUnit> <Opcode : 'add' 'sub'> <InPorts = 2> <OutPorts = 1>
ST_3 : Operation 498 [1/1] (0.00ns)   --->   "%zext_ln11_164 = zext i3 %add_ln11_79" [bnn.cpp:11->bnn.cpp:61->bnn.cpp:123]   --->   Operation 498 'zext' 'zext_ln11_164' <Predicate = true> <Delay = 0.00>
ST_3 : Operation 499 [1/1] (1.65ns)   --->   "%add_ln11_80 = add i4 %zext_ln11_164, i4 %zext_ln11_161" [bnn.cpp:11->bnn.cpp:61->bnn.cpp:123]   --->   Operation 499 'add' 'add_ln11_80' <Predicate = true> <Delay = 1.65> <CoreInst = "Adder">   --->   Core 1 'Adder' <Latency = 0> <II = 1> <Delay = 1.73> <FuncUnit> <Opcode : 'add' 'sub'> <InPorts = 2> <OutPorts = 1>
ST_3 : Operation 500 [1/1] (0.00ns)   --->   "%zext_ln11_165 = zext i4 %add_ln11_80" [bnn.cpp:11->bnn.cpp:61->bnn.cpp:123]   --->   Operation 500 'zext' 'zext_ln11_165' <Predicate = true> <Delay = 0.00>
ST_3 : Operation 501 [1/1] (0.00ns)   --->   "%zext_ln11_166 = zext i2 %add_ln11_81" [bnn.cpp:11->bnn.cpp:61->bnn.cpp:123]   --->   Operation 501 'zext' 'zext_ln11_166' <Predicate = true> <Delay = 0.00>
ST_3 : Operation 502 [1/1] (0.00ns)   --->   "%zext_ln11_167 = zext i2 %add_ln11_82" [bnn.cpp:11->bnn.cpp:61->bnn.cpp:123]   --->   Operation 502 'zext' 'zext_ln11_167' <Predicate = true> <Delay = 0.00>
ST_3 : Operation 503 [1/1] (1.56ns)   --->   "%add_ln11_83 = add i3 %zext_ln11_167, i3 %zext_ln11_166" [bnn.cpp:11->bnn.cpp:61->bnn.cpp:123]   --->   Operation 503 'add' 'add_ln11_83' <Predicate = true> <Delay = 1.56> <CoreInst = "Adder">   --->   Core 1 'Adder' <Latency = 0> <II = 1> <Delay = 1.65> <FuncUnit> <Opcode : 'add' 'sub'> <InPorts = 2> <OutPorts = 1>
ST_3 : Operation 504 [1/1] (0.00ns)   --->   "%zext_ln11_168 = zext i3 %add_ln11_83" [bnn.cpp:11->bnn.cpp:61->bnn.cpp:123]   --->   Operation 504 'zext' 'zext_ln11_168' <Predicate = true> <Delay = 0.00>
ST_3 : Operation 505 [1/1] (0.00ns)   --->   "%zext_ln11_169 = zext i2 %add_ln11_84" [bnn.cpp:11->bnn.cpp:61->bnn.cpp:123]   --->   Operation 505 'zext' 'zext_ln11_169' <Predicate = true> <Delay = 0.00>
ST_3 : Operation 506 [1/1] (0.00ns)   --->   "%zext_ln11_170 = zext i2 %add_ln11_85" [bnn.cpp:11->bnn.cpp:61->bnn.cpp:123]   --->   Operation 506 'zext' 'zext_ln11_170' <Predicate = true> <Delay = 0.00>
ST_3 : Operation 507 [1/1] (1.56ns)   --->   "%add_ln11_86 = add i3 %zext_ln11_170, i3 %zext_ln11_169" [bnn.cpp:11->bnn.cpp:61->bnn.cpp:123]   --->   Operation 507 'add' 'add_ln11_86' <Predicate = true> <Delay = 1.56> <CoreInst = "Adder">   --->   Core 1 'Adder' <Latency = 0> <II = 1> <Delay = 1.65> <FuncUnit> <Opcode : 'add' 'sub'> <InPorts = 2> <OutPorts = 1>
ST_3 : Operation 508 [1/1] (0.00ns)   --->   "%zext_ln11_171 = zext i3 %add_ln11_86" [bnn.cpp:11->bnn.cpp:61->bnn.cpp:123]   --->   Operation 508 'zext' 'zext_ln11_171' <Predicate = true> <Delay = 0.00>
ST_3 : Operation 509 [1/1] (1.65ns)   --->   "%add_ln11_87 = add i4 %zext_ln11_171, i4 %zext_ln11_168" [bnn.cpp:11->bnn.cpp:61->bnn.cpp:123]   --->   Operation 509 'add' 'add_ln11_87' <Predicate = true> <Delay = 1.65> <CoreInst = "Adder">   --->   Core 1 'Adder' <Latency = 0> <II = 1> <Delay = 1.73> <FuncUnit> <Opcode : 'add' 'sub'> <InPorts = 2> <OutPorts = 1>
ST_3 : Operation 510 [1/1] (0.00ns)   --->   "%zext_ln11_172 = zext i4 %add_ln11_87" [bnn.cpp:11->bnn.cpp:61->bnn.cpp:123]   --->   Operation 510 'zext' 'zext_ln11_172' <Predicate = true> <Delay = 0.00>
ST_3 : Operation 511 [1/1] (1.73ns)   --->   "%cnt_10 = add i5 %zext_ln11_172, i5 %zext_ln11_165" [bnn.cpp:11->bnn.cpp:61->bnn.cpp:123]   --->   Operation 511 'add' 'cnt_10' <Predicate = true> <Delay = 1.73> <CoreInst = "Adder">   --->   Core 1 'Adder' <Latency = 0> <II = 1> <Delay = 1.78> <FuncUnit> <Opcode : 'add' 'sub'> <InPorts = 2> <OutPorts = 1>
ST_3 : Operation 512 [1/1] (0.00ns)   --->   "%zext_ln11_188 = zext i2 %add_ln11_89" [bnn.cpp:11->bnn.cpp:61->bnn.cpp:123]   --->   Operation 512 'zext' 'zext_ln11_188' <Predicate = true> <Delay = 0.00>
ST_3 : Operation 513 [1/1] (0.00ns)   --->   "%zext_ln11_189 = zext i2 %add_ln11_90" [bnn.cpp:11->bnn.cpp:61->bnn.cpp:123]   --->   Operation 513 'zext' 'zext_ln11_189' <Predicate = true> <Delay = 0.00>
ST_3 : Operation 514 [1/1] (1.56ns)   --->   "%add_ln11_91 = add i3 %zext_ln11_189, i3 %zext_ln11_188" [bnn.cpp:11->bnn.cpp:61->bnn.cpp:123]   --->   Operation 514 'add' 'add_ln11_91' <Predicate = true> <Delay = 1.56> <CoreInst = "Adder">   --->   Core 1 'Adder' <Latency = 0> <II = 1> <Delay = 1.65> <FuncUnit> <Opcode : 'add' 'sub'> <InPorts = 2> <OutPorts = 1>
ST_3 : Operation 515 [1/1] (0.00ns)   --->   "%zext_ln11_190 = zext i3 %add_ln11_91" [bnn.cpp:11->bnn.cpp:61->bnn.cpp:123]   --->   Operation 515 'zext' 'zext_ln11_190' <Predicate = true> <Delay = 0.00>
ST_3 : Operation 516 [1/1] (0.00ns)   --->   "%zext_ln11_191 = zext i2 %add_ln11_92" [bnn.cpp:11->bnn.cpp:61->bnn.cpp:123]   --->   Operation 516 'zext' 'zext_ln11_191' <Predicate = true> <Delay = 0.00>
ST_3 : Operation 517 [1/1] (0.00ns)   --->   "%zext_ln11_192 = zext i2 %add_ln11_93" [bnn.cpp:11->bnn.cpp:61->bnn.cpp:123]   --->   Operation 517 'zext' 'zext_ln11_192' <Predicate = true> <Delay = 0.00>
ST_3 : Operation 518 [1/1] (1.56ns)   --->   "%add_ln11_94 = add i3 %zext_ln11_192, i3 %zext_ln11_191" [bnn.cpp:11->bnn.cpp:61->bnn.cpp:123]   --->   Operation 518 'add' 'add_ln11_94' <Predicate = true> <Delay = 1.56> <CoreInst = "Adder">   --->   Core 1 'Adder' <Latency = 0> <II = 1> <Delay = 1.65> <FuncUnit> <Opcode : 'add' 'sub'> <InPorts = 2> <OutPorts = 1>
ST_3 : Operation 519 [1/1] (0.00ns)   --->   "%zext_ln11_193 = zext i3 %add_ln11_94" [bnn.cpp:11->bnn.cpp:61->bnn.cpp:123]   --->   Operation 519 'zext' 'zext_ln11_193' <Predicate = true> <Delay = 0.00>
ST_3 : Operation 520 [1/1] (1.65ns)   --->   "%add_ln11_95 = add i4 %zext_ln11_193, i4 %zext_ln11_190" [bnn.cpp:11->bnn.cpp:61->bnn.cpp:123]   --->   Operation 520 'add' 'add_ln11_95' <Predicate = true> <Delay = 1.65> <CoreInst = "Adder">   --->   Core 1 'Adder' <Latency = 0> <II = 1> <Delay = 1.73> <FuncUnit> <Opcode : 'add' 'sub'> <InPorts = 2> <OutPorts = 1>
ST_3 : Operation 521 [1/1] (0.00ns)   --->   "%zext_ln11_194 = zext i4 %add_ln11_95" [bnn.cpp:11->bnn.cpp:61->bnn.cpp:123]   --->   Operation 521 'zext' 'zext_ln11_194' <Predicate = true> <Delay = 0.00>
ST_3 : Operation 522 [1/1] (0.00ns)   --->   "%zext_ln11_195 = zext i2 %add_ln11_96" [bnn.cpp:11->bnn.cpp:61->bnn.cpp:123]   --->   Operation 522 'zext' 'zext_ln11_195' <Predicate = true> <Delay = 0.00>
ST_3 : Operation 523 [1/1] (0.00ns)   --->   "%zext_ln11_196 = zext i2 %add_ln11_97" [bnn.cpp:11->bnn.cpp:61->bnn.cpp:123]   --->   Operation 523 'zext' 'zext_ln11_196' <Predicate = true> <Delay = 0.00>
ST_3 : Operation 524 [1/1] (1.56ns)   --->   "%add_ln11_98 = add i3 %zext_ln11_196, i3 %zext_ln11_195" [bnn.cpp:11->bnn.cpp:61->bnn.cpp:123]   --->   Operation 524 'add' 'add_ln11_98' <Predicate = true> <Delay = 1.56> <CoreInst = "Adder">   --->   Core 1 'Adder' <Latency = 0> <II = 1> <Delay = 1.65> <FuncUnit> <Opcode : 'add' 'sub'> <InPorts = 2> <OutPorts = 1>
ST_3 : Operation 525 [1/1] (0.00ns)   --->   "%zext_ln11_197 = zext i3 %add_ln11_98" [bnn.cpp:11->bnn.cpp:61->bnn.cpp:123]   --->   Operation 525 'zext' 'zext_ln11_197' <Predicate = true> <Delay = 0.00>
ST_3 : Operation 526 [1/1] (0.00ns)   --->   "%zext_ln11_198 = zext i2 %add_ln11_99" [bnn.cpp:11->bnn.cpp:61->bnn.cpp:123]   --->   Operation 526 'zext' 'zext_ln11_198' <Predicate = true> <Delay = 0.00>
ST_3 : Operation 527 [1/1] (0.00ns)   --->   "%zext_ln11_199 = zext i2 %add_ln11_100" [bnn.cpp:11->bnn.cpp:61->bnn.cpp:123]   --->   Operation 527 'zext' 'zext_ln11_199' <Predicate = true> <Delay = 0.00>
ST_3 : Operation 528 [1/1] (1.56ns)   --->   "%add_ln11_101 = add i3 %zext_ln11_199, i3 %zext_ln11_198" [bnn.cpp:11->bnn.cpp:61->bnn.cpp:123]   --->   Operation 528 'add' 'add_ln11_101' <Predicate = true> <Delay = 1.56> <CoreInst = "Adder">   --->   Core 1 'Adder' <Latency = 0> <II = 1> <Delay = 1.65> <FuncUnit> <Opcode : 'add' 'sub'> <InPorts = 2> <OutPorts = 1>
ST_3 : Operation 529 [1/1] (0.00ns)   --->   "%zext_ln11_200 = zext i3 %add_ln11_101" [bnn.cpp:11->bnn.cpp:61->bnn.cpp:123]   --->   Operation 529 'zext' 'zext_ln11_200' <Predicate = true> <Delay = 0.00>
ST_3 : Operation 530 [1/1] (1.65ns)   --->   "%add_ln11_102 = add i4 %zext_ln11_200, i4 %zext_ln11_197" [bnn.cpp:11->bnn.cpp:61->bnn.cpp:123]   --->   Operation 530 'add' 'add_ln11_102' <Predicate = true> <Delay = 1.65> <CoreInst = "Adder">   --->   Core 1 'Adder' <Latency = 0> <II = 1> <Delay = 1.73> <FuncUnit> <Opcode : 'add' 'sub'> <InPorts = 2> <OutPorts = 1>
ST_3 : Operation 531 [1/1] (0.00ns)   --->   "%zext_ln11_201 = zext i4 %add_ln11_102" [bnn.cpp:11->bnn.cpp:61->bnn.cpp:123]   --->   Operation 531 'zext' 'zext_ln11_201' <Predicate = true> <Delay = 0.00>
ST_3 : Operation 532 [1/1] (1.73ns)   --->   "%cnt_12 = add i5 %zext_ln11_201, i5 %zext_ln11_194" [bnn.cpp:11->bnn.cpp:61->bnn.cpp:123]   --->   Operation 532 'add' 'cnt_12' <Predicate = true> <Delay = 1.73> <CoreInst = "Adder">   --->   Core 1 'Adder' <Latency = 0> <II = 1> <Delay = 1.78> <FuncUnit> <Opcode : 'add' 'sub'> <InPorts = 2> <OutPorts = 1>
ST_3 : Operation 533 [1/1] (0.00ns)   --->   "%zext_ln11_217 = zext i2 %add_ln11_104" [bnn.cpp:11->bnn.cpp:61->bnn.cpp:123]   --->   Operation 533 'zext' 'zext_ln11_217' <Predicate = true> <Delay = 0.00>
ST_3 : Operation 534 [1/1] (0.00ns)   --->   "%zext_ln11_218 = zext i2 %add_ln11_105" [bnn.cpp:11->bnn.cpp:61->bnn.cpp:123]   --->   Operation 534 'zext' 'zext_ln11_218' <Predicate = true> <Delay = 0.00>
ST_3 : Operation 535 [1/1] (1.56ns)   --->   "%add_ln11_106 = add i3 %zext_ln11_218, i3 %zext_ln11_217" [bnn.cpp:11->bnn.cpp:61->bnn.cpp:123]   --->   Operation 535 'add' 'add_ln11_106' <Predicate = true> <Delay = 1.56> <CoreInst = "Adder">   --->   Core 1 'Adder' <Latency = 0> <II = 1> <Delay = 1.65> <FuncUnit> <Opcode : 'add' 'sub'> <InPorts = 2> <OutPorts = 1>
ST_3 : Operation 536 [1/1] (0.00ns)   --->   "%zext_ln11_219 = zext i3 %add_ln11_106" [bnn.cpp:11->bnn.cpp:61->bnn.cpp:123]   --->   Operation 536 'zext' 'zext_ln11_219' <Predicate = true> <Delay = 0.00>
ST_3 : Operation 537 [1/1] (0.00ns)   --->   "%zext_ln11_220 = zext i2 %add_ln11_107" [bnn.cpp:11->bnn.cpp:61->bnn.cpp:123]   --->   Operation 537 'zext' 'zext_ln11_220' <Predicate = true> <Delay = 0.00>
ST_3 : Operation 538 [1/1] (0.00ns)   --->   "%zext_ln11_221 = zext i2 %add_ln11_108" [bnn.cpp:11->bnn.cpp:61->bnn.cpp:123]   --->   Operation 538 'zext' 'zext_ln11_221' <Predicate = true> <Delay = 0.00>
ST_3 : Operation 539 [1/1] (1.56ns)   --->   "%add_ln11_109 = add i3 %zext_ln11_221, i3 %zext_ln11_220" [bnn.cpp:11->bnn.cpp:61->bnn.cpp:123]   --->   Operation 539 'add' 'add_ln11_109' <Predicate = true> <Delay = 1.56> <CoreInst = "Adder">   --->   Core 1 'Adder' <Latency = 0> <II = 1> <Delay = 1.65> <FuncUnit> <Opcode : 'add' 'sub'> <InPorts = 2> <OutPorts = 1>
ST_3 : Operation 540 [1/1] (0.00ns)   --->   "%zext_ln11_222 = zext i3 %add_ln11_109" [bnn.cpp:11->bnn.cpp:61->bnn.cpp:123]   --->   Operation 540 'zext' 'zext_ln11_222' <Predicate = true> <Delay = 0.00>
ST_3 : Operation 541 [1/1] (1.65ns)   --->   "%add_ln11_110 = add i4 %zext_ln11_222, i4 %zext_ln11_219" [bnn.cpp:11->bnn.cpp:61->bnn.cpp:123]   --->   Operation 541 'add' 'add_ln11_110' <Predicate = true> <Delay = 1.65> <CoreInst = "Adder">   --->   Core 1 'Adder' <Latency = 0> <II = 1> <Delay = 1.73> <FuncUnit> <Opcode : 'add' 'sub'> <InPorts = 2> <OutPorts = 1>
ST_3 : Operation 542 [1/1] (0.00ns)   --->   "%zext_ln11_223 = zext i4 %add_ln11_110" [bnn.cpp:11->bnn.cpp:61->bnn.cpp:123]   --->   Operation 542 'zext' 'zext_ln11_223' <Predicate = true> <Delay = 0.00>
ST_3 : Operation 543 [1/1] (0.00ns)   --->   "%zext_ln11_224 = zext i2 %add_ln11_111" [bnn.cpp:11->bnn.cpp:61->bnn.cpp:123]   --->   Operation 543 'zext' 'zext_ln11_224' <Predicate = true> <Delay = 0.00>
ST_3 : Operation 544 [1/1] (0.00ns)   --->   "%zext_ln11_225 = zext i2 %add_ln11_112" [bnn.cpp:11->bnn.cpp:61->bnn.cpp:123]   --->   Operation 544 'zext' 'zext_ln11_225' <Predicate = true> <Delay = 0.00>
ST_3 : Operation 545 [1/1] (1.56ns)   --->   "%add_ln11_113 = add i3 %zext_ln11_225, i3 %zext_ln11_224" [bnn.cpp:11->bnn.cpp:61->bnn.cpp:123]   --->   Operation 545 'add' 'add_ln11_113' <Predicate = true> <Delay = 1.56> <CoreInst = "Adder">   --->   Core 1 'Adder' <Latency = 0> <II = 1> <Delay = 1.65> <FuncUnit> <Opcode : 'add' 'sub'> <InPorts = 2> <OutPorts = 1>
ST_3 : Operation 546 [1/1] (0.00ns)   --->   "%zext_ln11_226 = zext i3 %add_ln11_113" [bnn.cpp:11->bnn.cpp:61->bnn.cpp:123]   --->   Operation 546 'zext' 'zext_ln11_226' <Predicate = true> <Delay = 0.00>
ST_3 : Operation 547 [1/1] (0.00ns)   --->   "%zext_ln11_227 = zext i2 %add_ln11_114" [bnn.cpp:11->bnn.cpp:61->bnn.cpp:123]   --->   Operation 547 'zext' 'zext_ln11_227' <Predicate = true> <Delay = 0.00>
ST_3 : Operation 548 [1/1] (0.00ns)   --->   "%zext_ln11_228 = zext i2 %add_ln11_115" [bnn.cpp:11->bnn.cpp:61->bnn.cpp:123]   --->   Operation 548 'zext' 'zext_ln11_228' <Predicate = true> <Delay = 0.00>
ST_3 : Operation 549 [1/1] (1.56ns)   --->   "%add_ln11_116 = add i3 %zext_ln11_228, i3 %zext_ln11_227" [bnn.cpp:11->bnn.cpp:61->bnn.cpp:123]   --->   Operation 549 'add' 'add_ln11_116' <Predicate = true> <Delay = 1.56> <CoreInst = "Adder">   --->   Core 1 'Adder' <Latency = 0> <II = 1> <Delay = 1.65> <FuncUnit> <Opcode : 'add' 'sub'> <InPorts = 2> <OutPorts = 1>
ST_3 : Operation 550 [1/1] (0.00ns)   --->   "%zext_ln11_229 = zext i3 %add_ln11_116" [bnn.cpp:11->bnn.cpp:61->bnn.cpp:123]   --->   Operation 550 'zext' 'zext_ln11_229' <Predicate = true> <Delay = 0.00>
ST_3 : Operation 551 [1/1] (1.65ns)   --->   "%add_ln11_117 = add i4 %zext_ln11_229, i4 %zext_ln11_226" [bnn.cpp:11->bnn.cpp:61->bnn.cpp:123]   --->   Operation 551 'add' 'add_ln11_117' <Predicate = true> <Delay = 1.65> <CoreInst = "Adder">   --->   Core 1 'Adder' <Latency = 0> <II = 1> <Delay = 1.73> <FuncUnit> <Opcode : 'add' 'sub'> <InPorts = 2> <OutPorts = 1>
ST_3 : Operation 552 [1/1] (0.00ns)   --->   "%zext_ln11_230 = zext i4 %add_ln11_117" [bnn.cpp:11->bnn.cpp:61->bnn.cpp:123]   --->   Operation 552 'zext' 'zext_ln11_230' <Predicate = true> <Delay = 0.00>
ST_3 : Operation 553 [1/1] (1.73ns)   --->   "%cnt_14 = add i5 %zext_ln11_230, i5 %zext_ln11_223" [bnn.cpp:11->bnn.cpp:61->bnn.cpp:123]   --->   Operation 553 'add' 'cnt_14' <Predicate = true> <Delay = 1.73> <CoreInst = "Adder">   --->   Core 1 'Adder' <Latency = 0> <II = 1> <Delay = 1.78> <FuncUnit> <Opcode : 'add' 'sub'> <InPorts = 2> <OutPorts = 1>
ST_3 : Operation 554 [1/1] (0.00ns)   --->   "%zext_ln11_246 = zext i2 %add_ln11_119" [bnn.cpp:11->bnn.cpp:61->bnn.cpp:123]   --->   Operation 554 'zext' 'zext_ln11_246' <Predicate = true> <Delay = 0.00>
ST_3 : Operation 555 [1/1] (0.00ns)   --->   "%zext_ln11_247 = zext i2 %add_ln11_120" [bnn.cpp:11->bnn.cpp:61->bnn.cpp:123]   --->   Operation 555 'zext' 'zext_ln11_247' <Predicate = true> <Delay = 0.00>
ST_3 : Operation 556 [1/1] (1.56ns)   --->   "%add_ln11_121 = add i3 %zext_ln11_247, i3 %zext_ln11_246" [bnn.cpp:11->bnn.cpp:61->bnn.cpp:123]   --->   Operation 556 'add' 'add_ln11_121' <Predicate = true> <Delay = 1.56> <CoreInst = "Adder">   --->   Core 1 'Adder' <Latency = 0> <II = 1> <Delay = 1.65> <FuncUnit> <Opcode : 'add' 'sub'> <InPorts = 2> <OutPorts = 1>
ST_3 : Operation 557 [1/1] (0.00ns)   --->   "%zext_ln11_248 = zext i3 %add_ln11_121" [bnn.cpp:11->bnn.cpp:61->bnn.cpp:123]   --->   Operation 557 'zext' 'zext_ln11_248' <Predicate = true> <Delay = 0.00>
ST_3 : Operation 558 [1/1] (0.00ns)   --->   "%zext_ln11_249 = zext i2 %add_ln11_122" [bnn.cpp:11->bnn.cpp:61->bnn.cpp:123]   --->   Operation 558 'zext' 'zext_ln11_249' <Predicate = true> <Delay = 0.00>
ST_3 : Operation 559 [1/1] (0.00ns)   --->   "%zext_ln11_250 = zext i2 %add_ln11_123" [bnn.cpp:11->bnn.cpp:61->bnn.cpp:123]   --->   Operation 559 'zext' 'zext_ln11_250' <Predicate = true> <Delay = 0.00>
ST_3 : Operation 560 [1/1] (1.56ns)   --->   "%add_ln11_124 = add i3 %zext_ln11_250, i3 %zext_ln11_249" [bnn.cpp:11->bnn.cpp:61->bnn.cpp:123]   --->   Operation 560 'add' 'add_ln11_124' <Predicate = true> <Delay = 1.56> <CoreInst = "Adder">   --->   Core 1 'Adder' <Latency = 0> <II = 1> <Delay = 1.65> <FuncUnit> <Opcode : 'add' 'sub'> <InPorts = 2> <OutPorts = 1>
ST_3 : Operation 561 [1/1] (0.00ns)   --->   "%zext_ln11_251 = zext i3 %add_ln11_124" [bnn.cpp:11->bnn.cpp:61->bnn.cpp:123]   --->   Operation 561 'zext' 'zext_ln11_251' <Predicate = true> <Delay = 0.00>
ST_3 : Operation 562 [1/1] (1.65ns)   --->   "%add_ln11_125 = add i4 %zext_ln11_251, i4 %zext_ln11_248" [bnn.cpp:11->bnn.cpp:61->bnn.cpp:123]   --->   Operation 562 'add' 'add_ln11_125' <Predicate = true> <Delay = 1.65> <CoreInst = "Adder">   --->   Core 1 'Adder' <Latency = 0> <II = 1> <Delay = 1.73> <FuncUnit> <Opcode : 'add' 'sub'> <InPorts = 2> <OutPorts = 1>
ST_3 : Operation 563 [1/1] (0.00ns)   --->   "%zext_ln11_252 = zext i4 %add_ln11_125" [bnn.cpp:11->bnn.cpp:61->bnn.cpp:123]   --->   Operation 563 'zext' 'zext_ln11_252' <Predicate = true> <Delay = 0.00>
ST_3 : Operation 564 [1/1] (0.00ns)   --->   "%zext_ln11_253 = zext i2 %add_ln11_126" [bnn.cpp:11->bnn.cpp:61->bnn.cpp:123]   --->   Operation 564 'zext' 'zext_ln11_253' <Predicate = true> <Delay = 0.00>
ST_3 : Operation 565 [1/1] (0.00ns)   --->   "%zext_ln11_254 = zext i2 %add_ln11_127" [bnn.cpp:11->bnn.cpp:61->bnn.cpp:123]   --->   Operation 565 'zext' 'zext_ln11_254' <Predicate = true> <Delay = 0.00>
ST_3 : Operation 566 [1/1] (1.56ns)   --->   "%add_ln11_128 = add i3 %zext_ln11_254, i3 %zext_ln11_253" [bnn.cpp:11->bnn.cpp:61->bnn.cpp:123]   --->   Operation 566 'add' 'add_ln11_128' <Predicate = true> <Delay = 1.56> <CoreInst = "Adder">   --->   Core 1 'Adder' <Latency = 0> <II = 1> <Delay = 1.65> <FuncUnit> <Opcode : 'add' 'sub'> <InPorts = 2> <OutPorts = 1>
ST_3 : Operation 567 [1/1] (0.00ns)   --->   "%zext_ln11_255 = zext i3 %add_ln11_128" [bnn.cpp:11->bnn.cpp:61->bnn.cpp:123]   --->   Operation 567 'zext' 'zext_ln11_255' <Predicate = true> <Delay = 0.00>
ST_3 : Operation 568 [1/1] (0.00ns)   --->   "%zext_ln11_256 = zext i2 %add_ln11_129" [bnn.cpp:11->bnn.cpp:61->bnn.cpp:123]   --->   Operation 568 'zext' 'zext_ln11_256' <Predicate = true> <Delay = 0.00>
ST_3 : Operation 569 [1/1] (0.00ns)   --->   "%zext_ln11_257 = zext i2 %add_ln11_130" [bnn.cpp:11->bnn.cpp:61->bnn.cpp:123]   --->   Operation 569 'zext' 'zext_ln11_257' <Predicate = true> <Delay = 0.00>
ST_3 : Operation 570 [1/1] (1.56ns)   --->   "%add_ln11_131 = add i3 %zext_ln11_257, i3 %zext_ln11_256" [bnn.cpp:11->bnn.cpp:61->bnn.cpp:123]   --->   Operation 570 'add' 'add_ln11_131' <Predicate = true> <Delay = 1.56> <CoreInst = "Adder">   --->   Core 1 'Adder' <Latency = 0> <II = 1> <Delay = 1.65> <FuncUnit> <Opcode : 'add' 'sub'> <InPorts = 2> <OutPorts = 1>
ST_3 : Operation 571 [1/1] (0.00ns)   --->   "%zext_ln11_258 = zext i3 %add_ln11_131" [bnn.cpp:11->bnn.cpp:61->bnn.cpp:123]   --->   Operation 571 'zext' 'zext_ln11_258' <Predicate = true> <Delay = 0.00>
ST_3 : Operation 572 [1/1] (1.65ns)   --->   "%add_ln11_132 = add i4 %zext_ln11_258, i4 %zext_ln11_255" [bnn.cpp:11->bnn.cpp:61->bnn.cpp:123]   --->   Operation 572 'add' 'add_ln11_132' <Predicate = true> <Delay = 1.65> <CoreInst = "Adder">   --->   Core 1 'Adder' <Latency = 0> <II = 1> <Delay = 1.73> <FuncUnit> <Opcode : 'add' 'sub'> <InPorts = 2> <OutPorts = 1>
ST_3 : Operation 573 [1/1] (0.00ns)   --->   "%zext_ln11_259 = zext i4 %add_ln11_132" [bnn.cpp:11->bnn.cpp:61->bnn.cpp:123]   --->   Operation 573 'zext' 'zext_ln11_259' <Predicate = true> <Delay = 0.00>
ST_3 : Operation 574 [1/1] (1.73ns)   --->   "%cnt_16 = add i5 %zext_ln11_259, i5 %zext_ln11_252" [bnn.cpp:11->bnn.cpp:61->bnn.cpp:123]   --->   Operation 574 'add' 'cnt_16' <Predicate = true> <Delay = 1.73> <CoreInst = "Adder">   --->   Core 1 'Adder' <Latency = 0> <II = 1> <Delay = 1.78> <FuncUnit> <Opcode : 'add' 'sub'> <InPorts = 2> <OutPorts = 1>
ST_3 : Operation 575 [1/1] (0.00ns)   --->   "%zext_ln11_275 = zext i2 %add_ln11_134" [bnn.cpp:11->bnn.cpp:61->bnn.cpp:123]   --->   Operation 575 'zext' 'zext_ln11_275' <Predicate = true> <Delay = 0.00>
ST_3 : Operation 576 [1/1] (0.00ns)   --->   "%zext_ln11_276 = zext i2 %add_ln11_135" [bnn.cpp:11->bnn.cpp:61->bnn.cpp:123]   --->   Operation 576 'zext' 'zext_ln11_276' <Predicate = true> <Delay = 0.00>
ST_3 : Operation 577 [1/1] (1.56ns)   --->   "%add_ln11_136 = add i3 %zext_ln11_276, i3 %zext_ln11_275" [bnn.cpp:11->bnn.cpp:61->bnn.cpp:123]   --->   Operation 577 'add' 'add_ln11_136' <Predicate = true> <Delay = 1.56> <CoreInst = "Adder">   --->   Core 1 'Adder' <Latency = 0> <II = 1> <Delay = 1.65> <FuncUnit> <Opcode : 'add' 'sub'> <InPorts = 2> <OutPorts = 1>
ST_3 : Operation 578 [1/1] (0.00ns)   --->   "%zext_ln11_277 = zext i3 %add_ln11_136" [bnn.cpp:11->bnn.cpp:61->bnn.cpp:123]   --->   Operation 578 'zext' 'zext_ln11_277' <Predicate = true> <Delay = 0.00>
ST_3 : Operation 579 [1/1] (0.00ns)   --->   "%zext_ln11_278 = zext i2 %add_ln11_137" [bnn.cpp:11->bnn.cpp:61->bnn.cpp:123]   --->   Operation 579 'zext' 'zext_ln11_278' <Predicate = true> <Delay = 0.00>
ST_3 : Operation 580 [1/1] (0.00ns)   --->   "%zext_ln11_279 = zext i2 %add_ln11_138" [bnn.cpp:11->bnn.cpp:61->bnn.cpp:123]   --->   Operation 580 'zext' 'zext_ln11_279' <Predicate = true> <Delay = 0.00>
ST_3 : Operation 581 [1/1] (1.56ns)   --->   "%add_ln11_139 = add i3 %zext_ln11_279, i3 %zext_ln11_278" [bnn.cpp:11->bnn.cpp:61->bnn.cpp:123]   --->   Operation 581 'add' 'add_ln11_139' <Predicate = true> <Delay = 1.56> <CoreInst = "Adder">   --->   Core 1 'Adder' <Latency = 0> <II = 1> <Delay = 1.65> <FuncUnit> <Opcode : 'add' 'sub'> <InPorts = 2> <OutPorts = 1>
ST_3 : Operation 582 [1/1] (0.00ns)   --->   "%zext_ln11_280 = zext i3 %add_ln11_139" [bnn.cpp:11->bnn.cpp:61->bnn.cpp:123]   --->   Operation 582 'zext' 'zext_ln11_280' <Predicate = true> <Delay = 0.00>
ST_3 : Operation 583 [1/1] (1.65ns)   --->   "%add_ln11_140 = add i4 %zext_ln11_280, i4 %zext_ln11_277" [bnn.cpp:11->bnn.cpp:61->bnn.cpp:123]   --->   Operation 583 'add' 'add_ln11_140' <Predicate = true> <Delay = 1.65> <CoreInst = "Adder">   --->   Core 1 'Adder' <Latency = 0> <II = 1> <Delay = 1.73> <FuncUnit> <Opcode : 'add' 'sub'> <InPorts = 2> <OutPorts = 1>
ST_3 : Operation 584 [1/1] (0.00ns)   --->   "%zext_ln11_281 = zext i4 %add_ln11_140" [bnn.cpp:11->bnn.cpp:61->bnn.cpp:123]   --->   Operation 584 'zext' 'zext_ln11_281' <Predicate = true> <Delay = 0.00>
ST_3 : Operation 585 [1/1] (0.00ns)   --->   "%zext_ln11_282 = zext i2 %add_ln11_141" [bnn.cpp:11->bnn.cpp:61->bnn.cpp:123]   --->   Operation 585 'zext' 'zext_ln11_282' <Predicate = true> <Delay = 0.00>
ST_3 : Operation 586 [1/1] (0.00ns)   --->   "%zext_ln11_283 = zext i2 %add_ln11_142" [bnn.cpp:11->bnn.cpp:61->bnn.cpp:123]   --->   Operation 586 'zext' 'zext_ln11_283' <Predicate = true> <Delay = 0.00>
ST_3 : Operation 587 [1/1] (1.56ns)   --->   "%add_ln11_143 = add i3 %zext_ln11_283, i3 %zext_ln11_282" [bnn.cpp:11->bnn.cpp:61->bnn.cpp:123]   --->   Operation 587 'add' 'add_ln11_143' <Predicate = true> <Delay = 1.56> <CoreInst = "Adder">   --->   Core 1 'Adder' <Latency = 0> <II = 1> <Delay = 1.65> <FuncUnit> <Opcode : 'add' 'sub'> <InPorts = 2> <OutPorts = 1>
ST_3 : Operation 588 [1/1] (0.00ns)   --->   "%zext_ln11_284 = zext i3 %add_ln11_143" [bnn.cpp:11->bnn.cpp:61->bnn.cpp:123]   --->   Operation 588 'zext' 'zext_ln11_284' <Predicate = true> <Delay = 0.00>
ST_3 : Operation 589 [1/1] (0.00ns)   --->   "%zext_ln11_285 = zext i2 %add_ln11_144" [bnn.cpp:11->bnn.cpp:61->bnn.cpp:123]   --->   Operation 589 'zext' 'zext_ln11_285' <Predicate = true> <Delay = 0.00>
ST_3 : Operation 590 [1/1] (0.00ns)   --->   "%zext_ln11_286 = zext i2 %add_ln11_145" [bnn.cpp:11->bnn.cpp:61->bnn.cpp:123]   --->   Operation 590 'zext' 'zext_ln11_286' <Predicate = true> <Delay = 0.00>
ST_3 : Operation 591 [1/1] (1.56ns)   --->   "%add_ln11_146 = add i3 %zext_ln11_286, i3 %zext_ln11_285" [bnn.cpp:11->bnn.cpp:61->bnn.cpp:123]   --->   Operation 591 'add' 'add_ln11_146' <Predicate = true> <Delay = 1.56> <CoreInst = "Adder">   --->   Core 1 'Adder' <Latency = 0> <II = 1> <Delay = 1.65> <FuncUnit> <Opcode : 'add' 'sub'> <InPorts = 2> <OutPorts = 1>
ST_3 : Operation 592 [1/1] (0.00ns)   --->   "%zext_ln11_287 = zext i3 %add_ln11_146" [bnn.cpp:11->bnn.cpp:61->bnn.cpp:123]   --->   Operation 592 'zext' 'zext_ln11_287' <Predicate = true> <Delay = 0.00>
ST_3 : Operation 593 [1/1] (1.65ns)   --->   "%add_ln11_147 = add i4 %zext_ln11_287, i4 %zext_ln11_284" [bnn.cpp:11->bnn.cpp:61->bnn.cpp:123]   --->   Operation 593 'add' 'add_ln11_147' <Predicate = true> <Delay = 1.65> <CoreInst = "Adder">   --->   Core 1 'Adder' <Latency = 0> <II = 1> <Delay = 1.73> <FuncUnit> <Opcode : 'add' 'sub'> <InPorts = 2> <OutPorts = 1>
ST_3 : Operation 594 [1/1] (0.00ns)   --->   "%zext_ln11_288 = zext i4 %add_ln11_147" [bnn.cpp:11->bnn.cpp:61->bnn.cpp:123]   --->   Operation 594 'zext' 'zext_ln11_288' <Predicate = true> <Delay = 0.00>
ST_3 : Operation 595 [1/1] (1.73ns)   --->   "%cnt_18 = add i5 %zext_ln11_288, i5 %zext_ln11_281" [bnn.cpp:11->bnn.cpp:61->bnn.cpp:123]   --->   Operation 595 'add' 'cnt_18' <Predicate = true> <Delay = 1.73> <CoreInst = "Adder">   --->   Core 1 'Adder' <Latency = 0> <II = 1> <Delay = 1.78> <FuncUnit> <Opcode : 'add' 'sub'> <InPorts = 2> <OutPorts = 1>
ST_3 : Operation 596 [1/1] (0.00ns)   --->   "%zext_ln11_304 = zext i2 %add_ln11_149" [bnn.cpp:11->bnn.cpp:61->bnn.cpp:123]   --->   Operation 596 'zext' 'zext_ln11_304' <Predicate = true> <Delay = 0.00>
ST_3 : Operation 597 [1/1] (0.00ns)   --->   "%zext_ln11_305 = zext i2 %add_ln11_150" [bnn.cpp:11->bnn.cpp:61->bnn.cpp:123]   --->   Operation 597 'zext' 'zext_ln11_305' <Predicate = true> <Delay = 0.00>
ST_3 : Operation 598 [1/1] (1.56ns)   --->   "%add_ln11_151 = add i3 %zext_ln11_305, i3 %zext_ln11_304" [bnn.cpp:11->bnn.cpp:61->bnn.cpp:123]   --->   Operation 598 'add' 'add_ln11_151' <Predicate = true> <Delay = 1.56> <CoreInst = "Adder">   --->   Core 1 'Adder' <Latency = 0> <II = 1> <Delay = 1.65> <FuncUnit> <Opcode : 'add' 'sub'> <InPorts = 2> <OutPorts = 1>
ST_3 : Operation 599 [1/1] (0.00ns)   --->   "%zext_ln11_306 = zext i3 %add_ln11_151" [bnn.cpp:11->bnn.cpp:61->bnn.cpp:123]   --->   Operation 599 'zext' 'zext_ln11_306' <Predicate = true> <Delay = 0.00>
ST_3 : Operation 600 [1/1] (0.00ns)   --->   "%zext_ln11_307 = zext i2 %add_ln11_152" [bnn.cpp:11->bnn.cpp:61->bnn.cpp:123]   --->   Operation 600 'zext' 'zext_ln11_307' <Predicate = true> <Delay = 0.00>
ST_3 : Operation 601 [1/1] (0.00ns)   --->   "%zext_ln11_308 = zext i2 %add_ln11_153" [bnn.cpp:11->bnn.cpp:61->bnn.cpp:123]   --->   Operation 601 'zext' 'zext_ln11_308' <Predicate = true> <Delay = 0.00>
ST_3 : Operation 602 [1/1] (1.56ns)   --->   "%add_ln11_154 = add i3 %zext_ln11_308, i3 %zext_ln11_307" [bnn.cpp:11->bnn.cpp:61->bnn.cpp:123]   --->   Operation 602 'add' 'add_ln11_154' <Predicate = true> <Delay = 1.56> <CoreInst = "Adder">   --->   Core 1 'Adder' <Latency = 0> <II = 1> <Delay = 1.65> <FuncUnit> <Opcode : 'add' 'sub'> <InPorts = 2> <OutPorts = 1>
ST_3 : Operation 603 [1/1] (0.00ns)   --->   "%zext_ln11_309 = zext i3 %add_ln11_154" [bnn.cpp:11->bnn.cpp:61->bnn.cpp:123]   --->   Operation 603 'zext' 'zext_ln11_309' <Predicate = true> <Delay = 0.00>
ST_3 : Operation 604 [1/1] (1.65ns)   --->   "%add_ln11_155 = add i4 %zext_ln11_309, i4 %zext_ln11_306" [bnn.cpp:11->bnn.cpp:61->bnn.cpp:123]   --->   Operation 604 'add' 'add_ln11_155' <Predicate = true> <Delay = 1.65> <CoreInst = "Adder">   --->   Core 1 'Adder' <Latency = 0> <II = 1> <Delay = 1.73> <FuncUnit> <Opcode : 'add' 'sub'> <InPorts = 2> <OutPorts = 1>
ST_3 : Operation 605 [1/1] (0.00ns)   --->   "%zext_ln11_310 = zext i4 %add_ln11_155" [bnn.cpp:11->bnn.cpp:61->bnn.cpp:123]   --->   Operation 605 'zext' 'zext_ln11_310' <Predicate = true> <Delay = 0.00>
ST_3 : Operation 606 [1/1] (0.00ns)   --->   "%zext_ln11_311 = zext i2 %add_ln11_156" [bnn.cpp:11->bnn.cpp:61->bnn.cpp:123]   --->   Operation 606 'zext' 'zext_ln11_311' <Predicate = true> <Delay = 0.00>
ST_3 : Operation 607 [1/1] (0.00ns)   --->   "%zext_ln11_312 = zext i2 %add_ln11_157" [bnn.cpp:11->bnn.cpp:61->bnn.cpp:123]   --->   Operation 607 'zext' 'zext_ln11_312' <Predicate = true> <Delay = 0.00>
ST_3 : Operation 608 [1/1] (1.56ns)   --->   "%add_ln11_158 = add i3 %zext_ln11_312, i3 %zext_ln11_311" [bnn.cpp:11->bnn.cpp:61->bnn.cpp:123]   --->   Operation 608 'add' 'add_ln11_158' <Predicate = true> <Delay = 1.56> <CoreInst = "Adder">   --->   Core 1 'Adder' <Latency = 0> <II = 1> <Delay = 1.65> <FuncUnit> <Opcode : 'add' 'sub'> <InPorts = 2> <OutPorts = 1>
ST_3 : Operation 609 [1/1] (0.00ns)   --->   "%zext_ln11_313 = zext i3 %add_ln11_158" [bnn.cpp:11->bnn.cpp:61->bnn.cpp:123]   --->   Operation 609 'zext' 'zext_ln11_313' <Predicate = true> <Delay = 0.00>
ST_3 : Operation 610 [1/1] (0.00ns)   --->   "%zext_ln11_314 = zext i2 %add_ln11_159" [bnn.cpp:11->bnn.cpp:61->bnn.cpp:123]   --->   Operation 610 'zext' 'zext_ln11_314' <Predicate = true> <Delay = 0.00>
ST_3 : Operation 611 [1/1] (0.00ns)   --->   "%zext_ln11_315 = zext i2 %add_ln11_160" [bnn.cpp:11->bnn.cpp:61->bnn.cpp:123]   --->   Operation 611 'zext' 'zext_ln11_315' <Predicate = true> <Delay = 0.00>
ST_3 : Operation 612 [1/1] (1.56ns)   --->   "%add_ln11_161 = add i3 %zext_ln11_315, i3 %zext_ln11_314" [bnn.cpp:11->bnn.cpp:61->bnn.cpp:123]   --->   Operation 612 'add' 'add_ln11_161' <Predicate = true> <Delay = 1.56> <CoreInst = "Adder">   --->   Core 1 'Adder' <Latency = 0> <II = 1> <Delay = 1.65> <FuncUnit> <Opcode : 'add' 'sub'> <InPorts = 2> <OutPorts = 1>
ST_3 : Operation 613 [1/1] (0.00ns)   --->   "%zext_ln11_316 = zext i3 %add_ln11_161" [bnn.cpp:11->bnn.cpp:61->bnn.cpp:123]   --->   Operation 613 'zext' 'zext_ln11_316' <Predicate = true> <Delay = 0.00>
ST_3 : Operation 614 [1/1] (1.65ns)   --->   "%add_ln11_162 = add i4 %zext_ln11_316, i4 %zext_ln11_313" [bnn.cpp:11->bnn.cpp:61->bnn.cpp:123]   --->   Operation 614 'add' 'add_ln11_162' <Predicate = true> <Delay = 1.65> <CoreInst = "Adder">   --->   Core 1 'Adder' <Latency = 0> <II = 1> <Delay = 1.73> <FuncUnit> <Opcode : 'add' 'sub'> <InPorts = 2> <OutPorts = 1>
ST_3 : Operation 615 [1/1] (0.00ns)   --->   "%zext_ln11_317 = zext i4 %add_ln11_162" [bnn.cpp:11->bnn.cpp:61->bnn.cpp:123]   --->   Operation 615 'zext' 'zext_ln11_317' <Predicate = true> <Delay = 0.00>
ST_3 : Operation 616 [1/1] (1.73ns)   --->   "%cnt_20 = add i5 %zext_ln11_317, i5 %zext_ln11_310" [bnn.cpp:11->bnn.cpp:61->bnn.cpp:123]   --->   Operation 616 'add' 'cnt_20' <Predicate = true> <Delay = 1.73> <CoreInst = "Adder">   --->   Core 1 'Adder' <Latency = 0> <II = 1> <Delay = 1.78> <FuncUnit> <Opcode : 'add' 'sub'> <InPorts = 2> <OutPorts = 1>
ST_3 : Operation 617 [1/1] (0.00ns)   --->   "%zext_ln11_333 = zext i2 %add_ln11_164" [bnn.cpp:11->bnn.cpp:61->bnn.cpp:123]   --->   Operation 617 'zext' 'zext_ln11_333' <Predicate = true> <Delay = 0.00>
ST_3 : Operation 618 [1/1] (0.00ns)   --->   "%zext_ln11_334 = zext i2 %add_ln11_165" [bnn.cpp:11->bnn.cpp:61->bnn.cpp:123]   --->   Operation 618 'zext' 'zext_ln11_334' <Predicate = true> <Delay = 0.00>
ST_3 : Operation 619 [1/1] (1.56ns)   --->   "%add_ln11_166 = add i3 %zext_ln11_334, i3 %zext_ln11_333" [bnn.cpp:11->bnn.cpp:61->bnn.cpp:123]   --->   Operation 619 'add' 'add_ln11_166' <Predicate = true> <Delay = 1.56> <CoreInst = "Adder">   --->   Core 1 'Adder' <Latency = 0> <II = 1> <Delay = 1.65> <FuncUnit> <Opcode : 'add' 'sub'> <InPorts = 2> <OutPorts = 1>
ST_3 : Operation 620 [1/1] (0.00ns)   --->   "%zext_ln11_335 = zext i3 %add_ln11_166" [bnn.cpp:11->bnn.cpp:61->bnn.cpp:123]   --->   Operation 620 'zext' 'zext_ln11_335' <Predicate = true> <Delay = 0.00>
ST_3 : Operation 621 [1/1] (0.00ns)   --->   "%zext_ln11_336 = zext i2 %add_ln11_167" [bnn.cpp:11->bnn.cpp:61->bnn.cpp:123]   --->   Operation 621 'zext' 'zext_ln11_336' <Predicate = true> <Delay = 0.00>
ST_3 : Operation 622 [1/1] (0.00ns)   --->   "%zext_ln11_337 = zext i2 %add_ln11_168" [bnn.cpp:11->bnn.cpp:61->bnn.cpp:123]   --->   Operation 622 'zext' 'zext_ln11_337' <Predicate = true> <Delay = 0.00>
ST_3 : Operation 623 [1/1] (1.56ns)   --->   "%add_ln11_169 = add i3 %zext_ln11_337, i3 %zext_ln11_336" [bnn.cpp:11->bnn.cpp:61->bnn.cpp:123]   --->   Operation 623 'add' 'add_ln11_169' <Predicate = true> <Delay = 1.56> <CoreInst = "Adder">   --->   Core 1 'Adder' <Latency = 0> <II = 1> <Delay = 1.65> <FuncUnit> <Opcode : 'add' 'sub'> <InPorts = 2> <OutPorts = 1>
ST_3 : Operation 624 [1/1] (0.00ns)   --->   "%zext_ln11_338 = zext i3 %add_ln11_169" [bnn.cpp:11->bnn.cpp:61->bnn.cpp:123]   --->   Operation 624 'zext' 'zext_ln11_338' <Predicate = true> <Delay = 0.00>
ST_3 : Operation 625 [1/1] (1.65ns)   --->   "%add_ln11_170 = add i4 %zext_ln11_338, i4 %zext_ln11_335" [bnn.cpp:11->bnn.cpp:61->bnn.cpp:123]   --->   Operation 625 'add' 'add_ln11_170' <Predicate = true> <Delay = 1.65> <CoreInst = "Adder">   --->   Core 1 'Adder' <Latency = 0> <II = 1> <Delay = 1.73> <FuncUnit> <Opcode : 'add' 'sub'> <InPorts = 2> <OutPorts = 1>
ST_3 : Operation 626 [1/1] (0.00ns)   --->   "%zext_ln11_339 = zext i4 %add_ln11_170" [bnn.cpp:11->bnn.cpp:61->bnn.cpp:123]   --->   Operation 626 'zext' 'zext_ln11_339' <Predicate = true> <Delay = 0.00>
ST_3 : Operation 627 [1/1] (0.00ns)   --->   "%zext_ln11_340 = zext i2 %add_ln11_171" [bnn.cpp:11->bnn.cpp:61->bnn.cpp:123]   --->   Operation 627 'zext' 'zext_ln11_340' <Predicate = true> <Delay = 0.00>
ST_3 : Operation 628 [1/1] (0.00ns)   --->   "%zext_ln11_341 = zext i2 %add_ln11_172" [bnn.cpp:11->bnn.cpp:61->bnn.cpp:123]   --->   Operation 628 'zext' 'zext_ln11_341' <Predicate = true> <Delay = 0.00>
ST_3 : Operation 629 [1/1] (1.56ns)   --->   "%add_ln11_173 = add i3 %zext_ln11_341, i3 %zext_ln11_340" [bnn.cpp:11->bnn.cpp:61->bnn.cpp:123]   --->   Operation 629 'add' 'add_ln11_173' <Predicate = true> <Delay = 1.56> <CoreInst = "Adder">   --->   Core 1 'Adder' <Latency = 0> <II = 1> <Delay = 1.65> <FuncUnit> <Opcode : 'add' 'sub'> <InPorts = 2> <OutPorts = 1>
ST_3 : Operation 630 [1/1] (0.00ns)   --->   "%zext_ln11_342 = zext i3 %add_ln11_173" [bnn.cpp:11->bnn.cpp:61->bnn.cpp:123]   --->   Operation 630 'zext' 'zext_ln11_342' <Predicate = true> <Delay = 0.00>
ST_3 : Operation 631 [1/1] (0.00ns)   --->   "%zext_ln11_343 = zext i2 %add_ln11_174" [bnn.cpp:11->bnn.cpp:61->bnn.cpp:123]   --->   Operation 631 'zext' 'zext_ln11_343' <Predicate = true> <Delay = 0.00>
ST_3 : Operation 632 [1/1] (0.00ns)   --->   "%zext_ln11_344 = zext i2 %add_ln11_175" [bnn.cpp:11->bnn.cpp:61->bnn.cpp:123]   --->   Operation 632 'zext' 'zext_ln11_344' <Predicate = true> <Delay = 0.00>
ST_3 : Operation 633 [1/1] (1.56ns)   --->   "%add_ln11_176 = add i3 %zext_ln11_344, i3 %zext_ln11_343" [bnn.cpp:11->bnn.cpp:61->bnn.cpp:123]   --->   Operation 633 'add' 'add_ln11_176' <Predicate = true> <Delay = 1.56> <CoreInst = "Adder">   --->   Core 1 'Adder' <Latency = 0> <II = 1> <Delay = 1.65> <FuncUnit> <Opcode : 'add' 'sub'> <InPorts = 2> <OutPorts = 1>
ST_3 : Operation 634 [1/1] (0.00ns)   --->   "%zext_ln11_345 = zext i3 %add_ln11_176" [bnn.cpp:11->bnn.cpp:61->bnn.cpp:123]   --->   Operation 634 'zext' 'zext_ln11_345' <Predicate = true> <Delay = 0.00>
ST_3 : Operation 635 [1/1] (1.65ns)   --->   "%add_ln11_177 = add i4 %zext_ln11_345, i4 %zext_ln11_342" [bnn.cpp:11->bnn.cpp:61->bnn.cpp:123]   --->   Operation 635 'add' 'add_ln11_177' <Predicate = true> <Delay = 1.65> <CoreInst = "Adder">   --->   Core 1 'Adder' <Latency = 0> <II = 1> <Delay = 1.73> <FuncUnit> <Opcode : 'add' 'sub'> <InPorts = 2> <OutPorts = 1>
ST_3 : Operation 636 [1/1] (0.00ns)   --->   "%zext_ln11_346 = zext i4 %add_ln11_177" [bnn.cpp:11->bnn.cpp:61->bnn.cpp:123]   --->   Operation 636 'zext' 'zext_ln11_346' <Predicate = true> <Delay = 0.00>
ST_3 : Operation 637 [1/1] (1.73ns)   --->   "%cnt_22 = add i5 %zext_ln11_346, i5 %zext_ln11_339" [bnn.cpp:11->bnn.cpp:61->bnn.cpp:123]   --->   Operation 637 'add' 'cnt_22' <Predicate = true> <Delay = 1.73> <CoreInst = "Adder">   --->   Core 1 'Adder' <Latency = 0> <II = 1> <Delay = 1.78> <FuncUnit> <Opcode : 'add' 'sub'> <InPorts = 2> <OutPorts = 1>
ST_3 : Operation 638 [1/1] (0.00ns)   --->   "%zext_ln61 = zext i5 %cnt_8" [bnn.cpp:61->bnn.cpp:123]   --->   Operation 638 'zext' 'zext_ln61' <Predicate = true> <Delay = 0.00>
ST_3 : Operation 639 [1/1] (0.00ns)   --->   "%zext_ln61_3 = zext i5 %cnt_10" [bnn.cpp:61->bnn.cpp:123]   --->   Operation 639 'zext' 'zext_ln61_3' <Predicate = true> <Delay = 0.00>
ST_3 : Operation 640 [1/1] (0.00ns)   --->   "%zext_ln61_4 = zext i5 %cnt_12" [bnn.cpp:61->bnn.cpp:123]   --->   Operation 640 'zext' 'zext_ln61_4' <Predicate = true> <Delay = 0.00>
ST_3 : Operation 641 [1/1] (0.00ns)   --->   "%zext_ln61_5 = zext i5 %cnt_14" [bnn.cpp:61->bnn.cpp:123]   --->   Operation 641 'zext' 'zext_ln61_5' <Predicate = true> <Delay = 0.00>
ST_3 : Operation 642 [1/1] (0.00ns)   --->   "%zext_ln61_6 = zext i5 %cnt_16" [bnn.cpp:61->bnn.cpp:123]   --->   Operation 642 'zext' 'zext_ln61_6' <Predicate = true> <Delay = 0.00>
ST_3 : Operation 643 [1/1] (0.00ns)   --->   "%zext_ln61_7 = zext i5 %cnt_18" [bnn.cpp:61->bnn.cpp:123]   --->   Operation 643 'zext' 'zext_ln61_7' <Predicate = true> <Delay = 0.00>
ST_3 : Operation 644 [1/1] (0.00ns)   --->   "%zext_ln61_8 = zext i5 %cnt_20" [bnn.cpp:61->bnn.cpp:123]   --->   Operation 644 'zext' 'zext_ln61_8' <Predicate = true> <Delay = 0.00>
ST_3 : Operation 645 [1/1] (0.00ns)   --->   "%zext_ln64 = zext i5 %cnt_22" [bnn.cpp:64->bnn.cpp:123]   --->   Operation 645 'zext' 'zext_ln64' <Predicate = true> <Delay = 0.00>
ST_3 : Operation 646 [1/1] (1.78ns)   --->   "%add_ln64 = add i6 %zext_ln61_3, i6 %zext_ln61" [bnn.cpp:64->bnn.cpp:123]   --->   Operation 646 'add' 'add_ln64' <Predicate = true> <Delay = 1.78> <CoreInst = "Adder">   --->   Core 1 'Adder' <Latency = 0> <II = 1> <Delay = 1.82> <FuncUnit> <Opcode : 'add' 'sub'> <InPorts = 2> <OutPorts = 1>
ST_3 : Operation 647 [1/1] (1.78ns)   --->   "%add_ln64_4 = add i6 %zext_ln61_4, i6 %zext_ln61_5" [bnn.cpp:64->bnn.cpp:123]   --->   Operation 647 'add' 'add_ln64_4' <Predicate = true> <Delay = 1.78> <CoreInst = "Adder">   --->   Core 1 'Adder' <Latency = 0> <II = 1> <Delay = 1.82> <FuncUnit> <Opcode : 'add' 'sub'> <InPorts = 2> <OutPorts = 1>
ST_3 : Operation 648 [1/1] (1.78ns)   --->   "%add_ln64_6 = add i6 %zext_ln61_6, i6 %zext_ln61_7" [bnn.cpp:64->bnn.cpp:123]   --->   Operation 648 'add' 'add_ln64_6' <Predicate = true> <Delay = 1.78> <CoreInst = "Adder">   --->   Core 1 'Adder' <Latency = 0> <II = 1> <Delay = 1.82> <FuncUnit> <Opcode : 'add' 'sub'> <InPorts = 2> <OutPorts = 1>
ST_3 : Operation 649 [1/1] (1.78ns)   --->   "%add_ln64_7 = add i6 %zext_ln61_8, i6 %zext_ln64" [bnn.cpp:64->bnn.cpp:123]   --->   Operation 649 'add' 'add_ln64_7' <Predicate = true> <Delay = 1.78> <CoreInst = "Adder">   --->   Core 1 'Adder' <Latency = 0> <II = 1> <Delay = 1.82> <FuncUnit> <Opcode : 'add' 'sub'> <InPorts = 2> <OutPorts = 1>

State 4 <SV = 3> <Delay = 3.69>
ST_4 : Operation 650 [1/1] (0.00ns)   --->   "%zext_ln64_3 = zext i6 %add_ln64" [bnn.cpp:64->bnn.cpp:123]   --->   Operation 650 'zext' 'zext_ln64_3' <Predicate = true> <Delay = 0.00>
ST_4 : Operation 651 [1/1] (0.00ns)   --->   "%zext_ln64_4 = zext i6 %add_ln64_4" [bnn.cpp:64->bnn.cpp:123]   --->   Operation 651 'zext' 'zext_ln64_4' <Predicate = true> <Delay = 0.00>
ST_4 : Operation 652 [1/1] (1.82ns)   --->   "%add_ln64_5 = add i7 %zext_ln64_4, i7 %zext_ln64_3" [bnn.cpp:64->bnn.cpp:123]   --->   Operation 652 'add' 'add_ln64_5' <Predicate = true> <Delay = 1.82> <CoreInst = "Adder">   --->   Core 1 'Adder' <Latency = 0> <II = 1> <Delay = 1.87> <FuncUnit> <Opcode : 'add' 'sub'> <InPorts = 2> <OutPorts = 1>
ST_4 : Operation 653 [1/1] (0.00ns)   --->   "%zext_ln64_5 = zext i7 %add_ln64_5" [bnn.cpp:64->bnn.cpp:123]   --->   Operation 653 'zext' 'zext_ln64_5' <Predicate = true> <Delay = 0.00>
ST_4 : Operation 654 [1/1] (0.00ns)   --->   "%zext_ln64_6 = zext i6 %add_ln64_6" [bnn.cpp:64->bnn.cpp:123]   --->   Operation 654 'zext' 'zext_ln64_6' <Predicate = true> <Delay = 0.00>
ST_4 : Operation 655 [1/1] (0.00ns)   --->   "%zext_ln64_7 = zext i6 %add_ln64_7" [bnn.cpp:64->bnn.cpp:123]   --->   Operation 655 'zext' 'zext_ln64_7' <Predicate = true> <Delay = 0.00>
ST_4 : Operation 656 [1/1] (1.82ns)   --->   "%add_ln64_8 = add i7 %zext_ln64_7, i7 %zext_ln64_6" [bnn.cpp:64->bnn.cpp:123]   --->   Operation 656 'add' 'add_ln64_8' <Predicate = true> <Delay = 1.82> <CoreInst = "Adder">   --->   Core 1 'Adder' <Latency = 0> <II = 1> <Delay = 1.87> <FuncUnit> <Opcode : 'add' 'sub'> <InPorts = 2> <OutPorts = 1>
ST_4 : Operation 657 [1/1] (0.00ns)   --->   "%zext_ln64_8 = zext i7 %add_ln64_8" [bnn.cpp:64->bnn.cpp:123]   --->   Operation 657 'zext' 'zext_ln64_8' <Predicate = true> <Delay = 0.00>
ST_4 : Operation 658 [1/1] (1.87ns)   --->   "%add_ln64_2 = add i8 %zext_ln64_8, i8 %zext_ln64_5" [bnn.cpp:64->bnn.cpp:123]   --->   Operation 658 'add' 'add_ln64_2' <Predicate = true> <Delay = 1.87> <CoreInst = "Adder">   --->   Core 1 'Adder' <Latency = 0> <II = 1> <Delay = 1.91> <FuncUnit> <Opcode : 'add' 'sub'> <InPorts = 2> <OutPorts = 1>

State 5 <SV = 4> <Delay = 5.07>
ST_5 : Operation 659 [1/1] (0.00ns)   --->   "%zext_ln120 = zext i7 %n" [bnn.cpp:120]   --->   Operation 659 'zext' 'zext_ln120' <Predicate = true> <Delay = 0.00>
ST_5 : Operation 660 [1/1] (0.00ns)   --->   "%shl_ln64_1 = bitconcatenate i9 @_ssdm_op_BitConcatenate.i9.i8.i1, i8 %add_ln64_2, i1 0" [bnn.cpp:64->bnn.cpp:123]   --->   Operation 660 'bitconcatenate' 'shl_ln64_1' <Predicate = true> <Delay = 0.00>
ST_5 : Operation 661 [1/1] (1.82ns)   --->   "%dot = add i9 %shl_ln64_1, i9 384" [bnn.cpp:64->bnn.cpp:123]   --->   Operation 661 'add' 'dot' <Predicate = true> <Delay = 1.82> <CoreInst = "Adder">   --->   Core 1 'Adder' <Latency = 0> <II = 1> <Delay = 1.82> <FuncUnit> <Opcode : 'add' 'sub'> <InPorts = 2> <OutPorts = 1>
ST_5 : Operation 662 [1/1] (0.00ns)   --->   "%sext_ln123 = sext i9 %dot" [bnn.cpp:123]   --->   Operation 662 'sext' 'sext_ln123' <Predicate = true> <Delay = 0.00>
ST_5 : Operation 663 [1/1] (0.00ns)   --->   "%l2_out_addr = getelementptr i32 %l2_out, i64 0, i64 %zext_ln120" [bnn.cpp:126]   --->   Operation 663 'getelementptr' 'l2_out_addr' <Predicate = true> <Delay = 0.00>
ST_5 : Operation 664 [2/2] (3.25ns)   --->   "%store_ln126 = store i32 %sext_ln123, i6 %l2_out_addr" [bnn.cpp:126]   --->   Operation 664 'store' 'store_ln126' <Predicate = true> <Delay = 3.25> <CoreInst = "RAM_1P">   --->   Core 85 'RAM_1P' <Latency = 1> <II = 1> <Delay = 3.25> <Storage> <Opcode : 'load' 'store'> <Ports = 1> <Width = 32> <Depth = 64> <RAM>
ST_5 : Operation 665 [1/1] (1.82ns)   --->   "%l2_bits_64 = icmp_slt  i9 %dot, i9 1" [bnn.cpp:129]   --->   Operation 665 'icmp' 'l2_bits_64' <Predicate = true> <Delay = 1.82> <CoreInst = "Cmp">   --->   Core 9 'Cmp' <Latency = 0> <II = 1> <Delay = 1.82> <FuncUnit> <Opcode : 'seteq' 'setne' 'setle' 'setge' 'setlt' 'setgt'> <InPorts = 2> <OutPorts = 1>
ST_5 : Operation 666 [1/1] (0.00ns)   --->   "%store_ln116 = store i1 %l2_bits_64, i1 %l2_bits_62" [bnn.cpp:116]   --->   Operation 666 'store' 'store_ln116' <Predicate = (trunc_ln120 == 62)> <Delay = 0.00>
ST_5 : Operation 667 [1/1] (0.00ns)   --->   "%br_ln129 = br void %arrayidx23.exit" [bnn.cpp:129]   --->   Operation 667 'br' 'br_ln129' <Predicate = (trunc_ln120 == 62)> <Delay = 0.00>
ST_5 : Operation 668 [1/1] (0.00ns)   --->   "%store_ln116 = store i1 %l2_bits_64, i1 %l2_bits_61" [bnn.cpp:116]   --->   Operation 668 'store' 'store_ln116' <Predicate = (trunc_ln120 == 61)> <Delay = 0.00>
ST_5 : Operation 669 [1/1] (0.00ns)   --->   "%br_ln129 = br void %arrayidx23.exit" [bnn.cpp:129]   --->   Operation 669 'br' 'br_ln129' <Predicate = (trunc_ln120 == 61)> <Delay = 0.00>
ST_5 : Operation 670 [1/1] (0.00ns)   --->   "%store_ln116 = store i1 %l2_bits_64, i1 %l2_bits_60" [bnn.cpp:116]   --->   Operation 670 'store' 'store_ln116' <Predicate = (trunc_ln120 == 60)> <Delay = 0.00>
ST_5 : Operation 671 [1/1] (0.00ns)   --->   "%br_ln129 = br void %arrayidx23.exit" [bnn.cpp:129]   --->   Operation 671 'br' 'br_ln129' <Predicate = (trunc_ln120 == 60)> <Delay = 0.00>
ST_5 : Operation 672 [1/1] (0.00ns)   --->   "%store_ln116 = store i1 %l2_bits_64, i1 %l2_bits_59" [bnn.cpp:116]   --->   Operation 672 'store' 'store_ln116' <Predicate = (trunc_ln120 == 59)> <Delay = 0.00>
ST_5 : Operation 673 [1/1] (0.00ns)   --->   "%br_ln129 = br void %arrayidx23.exit" [bnn.cpp:129]   --->   Operation 673 'br' 'br_ln129' <Predicate = (trunc_ln120 == 59)> <Delay = 0.00>
ST_5 : Operation 674 [1/1] (0.00ns)   --->   "%store_ln116 = store i1 %l2_bits_64, i1 %l2_bits_58" [bnn.cpp:116]   --->   Operation 674 'store' 'store_ln116' <Predicate = (trunc_ln120 == 58)> <Delay = 0.00>
ST_5 : Operation 675 [1/1] (0.00ns)   --->   "%br_ln129 = br void %arrayidx23.exit" [bnn.cpp:129]   --->   Operation 675 'br' 'br_ln129' <Predicate = (trunc_ln120 == 58)> <Delay = 0.00>
ST_5 : Operation 676 [1/1] (0.00ns)   --->   "%store_ln116 = store i1 %l2_bits_64, i1 %l2_bits_57" [bnn.cpp:116]   --->   Operation 676 'store' 'store_ln116' <Predicate = (trunc_ln120 == 57)> <Delay = 0.00>
ST_5 : Operation 677 [1/1] (0.00ns)   --->   "%br_ln129 = br void %arrayidx23.exit" [bnn.cpp:129]   --->   Operation 677 'br' 'br_ln129' <Predicate = (trunc_ln120 == 57)> <Delay = 0.00>
ST_5 : Operation 678 [1/1] (0.00ns)   --->   "%store_ln116 = store i1 %l2_bits_64, i1 %l2_bits_56" [bnn.cpp:116]   --->   Operation 678 'store' 'store_ln116' <Predicate = (trunc_ln120 == 56)> <Delay = 0.00>
ST_5 : Operation 679 [1/1] (0.00ns)   --->   "%br_ln129 = br void %arrayidx23.exit" [bnn.cpp:129]   --->   Operation 679 'br' 'br_ln129' <Predicate = (trunc_ln120 == 56)> <Delay = 0.00>
ST_5 : Operation 680 [1/1] (0.00ns)   --->   "%store_ln116 = store i1 %l2_bits_64, i1 %l2_bits_55" [bnn.cpp:116]   --->   Operation 680 'store' 'store_ln116' <Predicate = (trunc_ln120 == 55)> <Delay = 0.00>
ST_5 : Operation 681 [1/1] (0.00ns)   --->   "%br_ln129 = br void %arrayidx23.exit" [bnn.cpp:129]   --->   Operation 681 'br' 'br_ln129' <Predicate = (trunc_ln120 == 55)> <Delay = 0.00>
ST_5 : Operation 682 [1/1] (0.00ns)   --->   "%store_ln116 = store i1 %l2_bits_64, i1 %l2_bits_54" [bnn.cpp:116]   --->   Operation 682 'store' 'store_ln116' <Predicate = (trunc_ln120 == 54)> <Delay = 0.00>
ST_5 : Operation 683 [1/1] (0.00ns)   --->   "%br_ln129 = br void %arrayidx23.exit" [bnn.cpp:129]   --->   Operation 683 'br' 'br_ln129' <Predicate = (trunc_ln120 == 54)> <Delay = 0.00>
ST_5 : Operation 684 [1/1] (0.00ns)   --->   "%store_ln116 = store i1 %l2_bits_64, i1 %l2_bits_53" [bnn.cpp:116]   --->   Operation 684 'store' 'store_ln116' <Predicate = (trunc_ln120 == 53)> <Delay = 0.00>
ST_5 : Operation 685 [1/1] (0.00ns)   --->   "%br_ln129 = br void %arrayidx23.exit" [bnn.cpp:129]   --->   Operation 685 'br' 'br_ln129' <Predicate = (trunc_ln120 == 53)> <Delay = 0.00>
ST_5 : Operation 686 [1/1] (0.00ns)   --->   "%store_ln116 = store i1 %l2_bits_64, i1 %l2_bits_52" [bnn.cpp:116]   --->   Operation 686 'store' 'store_ln116' <Predicate = (trunc_ln120 == 52)> <Delay = 0.00>
ST_5 : Operation 687 [1/1] (0.00ns)   --->   "%br_ln129 = br void %arrayidx23.exit" [bnn.cpp:129]   --->   Operation 687 'br' 'br_ln129' <Predicate = (trunc_ln120 == 52)> <Delay = 0.00>
ST_5 : Operation 688 [1/1] (0.00ns)   --->   "%store_ln116 = store i1 %l2_bits_64, i1 %l2_bits_51" [bnn.cpp:116]   --->   Operation 688 'store' 'store_ln116' <Predicate = (trunc_ln120 == 51)> <Delay = 0.00>
ST_5 : Operation 689 [1/1] (0.00ns)   --->   "%br_ln129 = br void %arrayidx23.exit" [bnn.cpp:129]   --->   Operation 689 'br' 'br_ln129' <Predicate = (trunc_ln120 == 51)> <Delay = 0.00>
ST_5 : Operation 690 [1/1] (0.00ns)   --->   "%store_ln116 = store i1 %l2_bits_64, i1 %l2_bits_50" [bnn.cpp:116]   --->   Operation 690 'store' 'store_ln116' <Predicate = (trunc_ln120 == 50)> <Delay = 0.00>
ST_5 : Operation 691 [1/1] (0.00ns)   --->   "%br_ln129 = br void %arrayidx23.exit" [bnn.cpp:129]   --->   Operation 691 'br' 'br_ln129' <Predicate = (trunc_ln120 == 50)> <Delay = 0.00>
ST_5 : Operation 692 [1/1] (0.00ns)   --->   "%store_ln116 = store i1 %l2_bits_64, i1 %l2_bits_49" [bnn.cpp:116]   --->   Operation 692 'store' 'store_ln116' <Predicate = (trunc_ln120 == 49)> <Delay = 0.00>
ST_5 : Operation 693 [1/1] (0.00ns)   --->   "%br_ln129 = br void %arrayidx23.exit" [bnn.cpp:129]   --->   Operation 693 'br' 'br_ln129' <Predicate = (trunc_ln120 == 49)> <Delay = 0.00>
ST_5 : Operation 694 [1/1] (0.00ns)   --->   "%store_ln116 = store i1 %l2_bits_64, i1 %l2_bits_48" [bnn.cpp:116]   --->   Operation 694 'store' 'store_ln116' <Predicate = (trunc_ln120 == 48)> <Delay = 0.00>
ST_5 : Operation 695 [1/1] (0.00ns)   --->   "%br_ln129 = br void %arrayidx23.exit" [bnn.cpp:129]   --->   Operation 695 'br' 'br_ln129' <Predicate = (trunc_ln120 == 48)> <Delay = 0.00>
ST_5 : Operation 696 [1/1] (0.00ns)   --->   "%store_ln116 = store i1 %l2_bits_64, i1 %l2_bits_47" [bnn.cpp:116]   --->   Operation 696 'store' 'store_ln116' <Predicate = (trunc_ln120 == 47)> <Delay = 0.00>
ST_5 : Operation 697 [1/1] (0.00ns)   --->   "%br_ln129 = br void %arrayidx23.exit" [bnn.cpp:129]   --->   Operation 697 'br' 'br_ln129' <Predicate = (trunc_ln120 == 47)> <Delay = 0.00>
ST_5 : Operation 698 [1/1] (0.00ns)   --->   "%store_ln116 = store i1 %l2_bits_64, i1 %l2_bits_46" [bnn.cpp:116]   --->   Operation 698 'store' 'store_ln116' <Predicate = (trunc_ln120 == 46)> <Delay = 0.00>
ST_5 : Operation 699 [1/1] (0.00ns)   --->   "%br_ln129 = br void %arrayidx23.exit" [bnn.cpp:129]   --->   Operation 699 'br' 'br_ln129' <Predicate = (trunc_ln120 == 46)> <Delay = 0.00>
ST_5 : Operation 700 [1/1] (0.00ns)   --->   "%store_ln116 = store i1 %l2_bits_64, i1 %l2_bits_45" [bnn.cpp:116]   --->   Operation 700 'store' 'store_ln116' <Predicate = (trunc_ln120 == 45)> <Delay = 0.00>
ST_5 : Operation 701 [1/1] (0.00ns)   --->   "%br_ln129 = br void %arrayidx23.exit" [bnn.cpp:129]   --->   Operation 701 'br' 'br_ln129' <Predicate = (trunc_ln120 == 45)> <Delay = 0.00>
ST_5 : Operation 702 [1/1] (0.00ns)   --->   "%store_ln116 = store i1 %l2_bits_64, i1 %l2_bits_44" [bnn.cpp:116]   --->   Operation 702 'store' 'store_ln116' <Predicate = (trunc_ln120 == 44)> <Delay = 0.00>
ST_5 : Operation 703 [1/1] (0.00ns)   --->   "%br_ln129 = br void %arrayidx23.exit" [bnn.cpp:129]   --->   Operation 703 'br' 'br_ln129' <Predicate = (trunc_ln120 == 44)> <Delay = 0.00>
ST_5 : Operation 704 [1/1] (0.00ns)   --->   "%store_ln116 = store i1 %l2_bits_64, i1 %l2_bits_43" [bnn.cpp:116]   --->   Operation 704 'store' 'store_ln116' <Predicate = (trunc_ln120 == 43)> <Delay = 0.00>
ST_5 : Operation 705 [1/1] (0.00ns)   --->   "%br_ln129 = br void %arrayidx23.exit" [bnn.cpp:129]   --->   Operation 705 'br' 'br_ln129' <Predicate = (trunc_ln120 == 43)> <Delay = 0.00>
ST_5 : Operation 706 [1/1] (0.00ns)   --->   "%store_ln116 = store i1 %l2_bits_64, i1 %l2_bits_42" [bnn.cpp:116]   --->   Operation 706 'store' 'store_ln116' <Predicate = (trunc_ln120 == 42)> <Delay = 0.00>
ST_5 : Operation 707 [1/1] (0.00ns)   --->   "%br_ln129 = br void %arrayidx23.exit" [bnn.cpp:129]   --->   Operation 707 'br' 'br_ln129' <Predicate = (trunc_ln120 == 42)> <Delay = 0.00>
ST_5 : Operation 708 [1/1] (0.00ns)   --->   "%store_ln116 = store i1 %l2_bits_64, i1 %l2_bits_41" [bnn.cpp:116]   --->   Operation 708 'store' 'store_ln116' <Predicate = (trunc_ln120 == 41)> <Delay = 0.00>
ST_5 : Operation 709 [1/1] (0.00ns)   --->   "%br_ln129 = br void %arrayidx23.exit" [bnn.cpp:129]   --->   Operation 709 'br' 'br_ln129' <Predicate = (trunc_ln120 == 41)> <Delay = 0.00>
ST_5 : Operation 710 [1/1] (0.00ns)   --->   "%store_ln116 = store i1 %l2_bits_64, i1 %l2_bits_40" [bnn.cpp:116]   --->   Operation 710 'store' 'store_ln116' <Predicate = (trunc_ln120 == 40)> <Delay = 0.00>
ST_5 : Operation 711 [1/1] (0.00ns)   --->   "%br_ln129 = br void %arrayidx23.exit" [bnn.cpp:129]   --->   Operation 711 'br' 'br_ln129' <Predicate = (trunc_ln120 == 40)> <Delay = 0.00>
ST_5 : Operation 712 [1/1] (0.00ns)   --->   "%store_ln116 = store i1 %l2_bits_64, i1 %l2_bits_39" [bnn.cpp:116]   --->   Operation 712 'store' 'store_ln116' <Predicate = (trunc_ln120 == 39)> <Delay = 0.00>
ST_5 : Operation 713 [1/1] (0.00ns)   --->   "%br_ln129 = br void %arrayidx23.exit" [bnn.cpp:129]   --->   Operation 713 'br' 'br_ln129' <Predicate = (trunc_ln120 == 39)> <Delay = 0.00>
ST_5 : Operation 714 [1/1] (0.00ns)   --->   "%store_ln116 = store i1 %l2_bits_64, i1 %l2_bits_38" [bnn.cpp:116]   --->   Operation 714 'store' 'store_ln116' <Predicate = (trunc_ln120 == 38)> <Delay = 0.00>
ST_5 : Operation 715 [1/1] (0.00ns)   --->   "%br_ln129 = br void %arrayidx23.exit" [bnn.cpp:129]   --->   Operation 715 'br' 'br_ln129' <Predicate = (trunc_ln120 == 38)> <Delay = 0.00>
ST_5 : Operation 716 [1/1] (0.00ns)   --->   "%store_ln116 = store i1 %l2_bits_64, i1 %l2_bits_37" [bnn.cpp:116]   --->   Operation 716 'store' 'store_ln116' <Predicate = (trunc_ln120 == 37)> <Delay = 0.00>
ST_5 : Operation 717 [1/1] (0.00ns)   --->   "%br_ln129 = br void %arrayidx23.exit" [bnn.cpp:129]   --->   Operation 717 'br' 'br_ln129' <Predicate = (trunc_ln120 == 37)> <Delay = 0.00>
ST_5 : Operation 718 [1/1] (0.00ns)   --->   "%store_ln116 = store i1 %l2_bits_64, i1 %l2_bits_36" [bnn.cpp:116]   --->   Operation 718 'store' 'store_ln116' <Predicate = (trunc_ln120 == 36)> <Delay = 0.00>
ST_5 : Operation 719 [1/1] (0.00ns)   --->   "%br_ln129 = br void %arrayidx23.exit" [bnn.cpp:129]   --->   Operation 719 'br' 'br_ln129' <Predicate = (trunc_ln120 == 36)> <Delay = 0.00>
ST_5 : Operation 720 [1/1] (0.00ns)   --->   "%store_ln116 = store i1 %l2_bits_64, i1 %l2_bits_35" [bnn.cpp:116]   --->   Operation 720 'store' 'store_ln116' <Predicate = (trunc_ln120 == 35)> <Delay = 0.00>
ST_5 : Operation 721 [1/1] (0.00ns)   --->   "%br_ln129 = br void %arrayidx23.exit" [bnn.cpp:129]   --->   Operation 721 'br' 'br_ln129' <Predicate = (trunc_ln120 == 35)> <Delay = 0.00>
ST_5 : Operation 722 [1/1] (0.00ns)   --->   "%store_ln116 = store i1 %l2_bits_64, i1 %l2_bits_34" [bnn.cpp:116]   --->   Operation 722 'store' 'store_ln116' <Predicate = (trunc_ln120 == 34)> <Delay = 0.00>
ST_5 : Operation 723 [1/1] (0.00ns)   --->   "%br_ln129 = br void %arrayidx23.exit" [bnn.cpp:129]   --->   Operation 723 'br' 'br_ln129' <Predicate = (trunc_ln120 == 34)> <Delay = 0.00>
ST_5 : Operation 724 [1/1] (0.00ns)   --->   "%store_ln116 = store i1 %l2_bits_64, i1 %l2_bits_33" [bnn.cpp:116]   --->   Operation 724 'store' 'store_ln116' <Predicate = (trunc_ln120 == 33)> <Delay = 0.00>
ST_5 : Operation 725 [1/1] (0.00ns)   --->   "%br_ln129 = br void %arrayidx23.exit" [bnn.cpp:129]   --->   Operation 725 'br' 'br_ln129' <Predicate = (trunc_ln120 == 33)> <Delay = 0.00>
ST_5 : Operation 726 [1/1] (0.00ns)   --->   "%store_ln116 = store i1 %l2_bits_64, i1 %l2_bits_32" [bnn.cpp:116]   --->   Operation 726 'store' 'store_ln116' <Predicate = (trunc_ln120 == 32)> <Delay = 0.00>
ST_5 : Operation 727 [1/1] (0.00ns)   --->   "%br_ln129 = br void %arrayidx23.exit" [bnn.cpp:129]   --->   Operation 727 'br' 'br_ln129' <Predicate = (trunc_ln120 == 32)> <Delay = 0.00>
ST_5 : Operation 728 [1/1] (0.00ns)   --->   "%store_ln116 = store i1 %l2_bits_64, i1 %l2_bits_31" [bnn.cpp:116]   --->   Operation 728 'store' 'store_ln116' <Predicate = (trunc_ln120 == 31)> <Delay = 0.00>
ST_5 : Operation 729 [1/1] (0.00ns)   --->   "%br_ln129 = br void %arrayidx23.exit" [bnn.cpp:129]   --->   Operation 729 'br' 'br_ln129' <Predicate = (trunc_ln120 == 31)> <Delay = 0.00>
ST_5 : Operation 730 [1/1] (0.00ns)   --->   "%store_ln116 = store i1 %l2_bits_64, i1 %l2_bits_30" [bnn.cpp:116]   --->   Operation 730 'store' 'store_ln116' <Predicate = (trunc_ln120 == 30)> <Delay = 0.00>
ST_5 : Operation 731 [1/1] (0.00ns)   --->   "%br_ln129 = br void %arrayidx23.exit" [bnn.cpp:129]   --->   Operation 731 'br' 'br_ln129' <Predicate = (trunc_ln120 == 30)> <Delay = 0.00>
ST_5 : Operation 732 [1/1] (0.00ns)   --->   "%store_ln116 = store i1 %l2_bits_64, i1 %l2_bits_29" [bnn.cpp:116]   --->   Operation 732 'store' 'store_ln116' <Predicate = (trunc_ln120 == 29)> <Delay = 0.00>
ST_5 : Operation 733 [1/1] (0.00ns)   --->   "%br_ln129 = br void %arrayidx23.exit" [bnn.cpp:129]   --->   Operation 733 'br' 'br_ln129' <Predicate = (trunc_ln120 == 29)> <Delay = 0.00>
ST_5 : Operation 734 [1/1] (0.00ns)   --->   "%store_ln116 = store i1 %l2_bits_64, i1 %l2_bits_28" [bnn.cpp:116]   --->   Operation 734 'store' 'store_ln116' <Predicate = (trunc_ln120 == 28)> <Delay = 0.00>
ST_5 : Operation 735 [1/1] (0.00ns)   --->   "%br_ln129 = br void %arrayidx23.exit" [bnn.cpp:129]   --->   Operation 735 'br' 'br_ln129' <Predicate = (trunc_ln120 == 28)> <Delay = 0.00>
ST_5 : Operation 736 [1/1] (0.00ns)   --->   "%store_ln116 = store i1 %l2_bits_64, i1 %l2_bits_27" [bnn.cpp:116]   --->   Operation 736 'store' 'store_ln116' <Predicate = (trunc_ln120 == 27)> <Delay = 0.00>
ST_5 : Operation 737 [1/1] (0.00ns)   --->   "%br_ln129 = br void %arrayidx23.exit" [bnn.cpp:129]   --->   Operation 737 'br' 'br_ln129' <Predicate = (trunc_ln120 == 27)> <Delay = 0.00>
ST_5 : Operation 738 [1/1] (0.00ns)   --->   "%store_ln116 = store i1 %l2_bits_64, i1 %l2_bits_26" [bnn.cpp:116]   --->   Operation 738 'store' 'store_ln116' <Predicate = (trunc_ln120 == 26)> <Delay = 0.00>
ST_5 : Operation 739 [1/1] (0.00ns)   --->   "%br_ln129 = br void %arrayidx23.exit" [bnn.cpp:129]   --->   Operation 739 'br' 'br_ln129' <Predicate = (trunc_ln120 == 26)> <Delay = 0.00>
ST_5 : Operation 740 [1/1] (0.00ns)   --->   "%store_ln116 = store i1 %l2_bits_64, i1 %l2_bits_25" [bnn.cpp:116]   --->   Operation 740 'store' 'store_ln116' <Predicate = (trunc_ln120 == 25)> <Delay = 0.00>
ST_5 : Operation 741 [1/1] (0.00ns)   --->   "%br_ln129 = br void %arrayidx23.exit" [bnn.cpp:129]   --->   Operation 741 'br' 'br_ln129' <Predicate = (trunc_ln120 == 25)> <Delay = 0.00>
ST_5 : Operation 742 [1/1] (0.00ns)   --->   "%store_ln116 = store i1 %l2_bits_64, i1 %l2_bits_24" [bnn.cpp:116]   --->   Operation 742 'store' 'store_ln116' <Predicate = (trunc_ln120 == 24)> <Delay = 0.00>
ST_5 : Operation 743 [1/1] (0.00ns)   --->   "%br_ln129 = br void %arrayidx23.exit" [bnn.cpp:129]   --->   Operation 743 'br' 'br_ln129' <Predicate = (trunc_ln120 == 24)> <Delay = 0.00>
ST_5 : Operation 744 [1/1] (0.00ns)   --->   "%store_ln116 = store i1 %l2_bits_64, i1 %l2_bits_23" [bnn.cpp:116]   --->   Operation 744 'store' 'store_ln116' <Predicate = (trunc_ln120 == 23)> <Delay = 0.00>
ST_5 : Operation 745 [1/1] (0.00ns)   --->   "%br_ln129 = br void %arrayidx23.exit" [bnn.cpp:129]   --->   Operation 745 'br' 'br_ln129' <Predicate = (trunc_ln120 == 23)> <Delay = 0.00>
ST_5 : Operation 746 [1/1] (0.00ns)   --->   "%store_ln116 = store i1 %l2_bits_64, i1 %l2_bits_22" [bnn.cpp:116]   --->   Operation 746 'store' 'store_ln116' <Predicate = (trunc_ln120 == 22)> <Delay = 0.00>
ST_5 : Operation 747 [1/1] (0.00ns)   --->   "%br_ln129 = br void %arrayidx23.exit" [bnn.cpp:129]   --->   Operation 747 'br' 'br_ln129' <Predicate = (trunc_ln120 == 22)> <Delay = 0.00>
ST_5 : Operation 748 [1/1] (0.00ns)   --->   "%store_ln116 = store i1 %l2_bits_64, i1 %l2_bits_21" [bnn.cpp:116]   --->   Operation 748 'store' 'store_ln116' <Predicate = (trunc_ln120 == 21)> <Delay = 0.00>
ST_5 : Operation 749 [1/1] (0.00ns)   --->   "%br_ln129 = br void %arrayidx23.exit" [bnn.cpp:129]   --->   Operation 749 'br' 'br_ln129' <Predicate = (trunc_ln120 == 21)> <Delay = 0.00>
ST_5 : Operation 750 [1/1] (0.00ns)   --->   "%store_ln116 = store i1 %l2_bits_64, i1 %l2_bits_20" [bnn.cpp:116]   --->   Operation 750 'store' 'store_ln116' <Predicate = (trunc_ln120 == 20)> <Delay = 0.00>
ST_5 : Operation 751 [1/1] (0.00ns)   --->   "%br_ln129 = br void %arrayidx23.exit" [bnn.cpp:129]   --->   Operation 751 'br' 'br_ln129' <Predicate = (trunc_ln120 == 20)> <Delay = 0.00>
ST_5 : Operation 752 [1/1] (0.00ns)   --->   "%store_ln116 = store i1 %l2_bits_64, i1 %l2_bits_19" [bnn.cpp:116]   --->   Operation 752 'store' 'store_ln116' <Predicate = (trunc_ln120 == 19)> <Delay = 0.00>
ST_5 : Operation 753 [1/1] (0.00ns)   --->   "%br_ln129 = br void %arrayidx23.exit" [bnn.cpp:129]   --->   Operation 753 'br' 'br_ln129' <Predicate = (trunc_ln120 == 19)> <Delay = 0.00>
ST_5 : Operation 754 [1/1] (0.00ns)   --->   "%store_ln116 = store i1 %l2_bits_64, i1 %l2_bits_18" [bnn.cpp:116]   --->   Operation 754 'store' 'store_ln116' <Predicate = (trunc_ln120 == 18)> <Delay = 0.00>
ST_5 : Operation 755 [1/1] (0.00ns)   --->   "%br_ln129 = br void %arrayidx23.exit" [bnn.cpp:129]   --->   Operation 755 'br' 'br_ln129' <Predicate = (trunc_ln120 == 18)> <Delay = 0.00>
ST_5 : Operation 756 [1/1] (0.00ns)   --->   "%store_ln116 = store i1 %l2_bits_64, i1 %l2_bits_17" [bnn.cpp:116]   --->   Operation 756 'store' 'store_ln116' <Predicate = (trunc_ln120 == 17)> <Delay = 0.00>
ST_5 : Operation 757 [1/1] (0.00ns)   --->   "%br_ln129 = br void %arrayidx23.exit" [bnn.cpp:129]   --->   Operation 757 'br' 'br_ln129' <Predicate = (trunc_ln120 == 17)> <Delay = 0.00>
ST_5 : Operation 758 [1/1] (0.00ns)   --->   "%store_ln116 = store i1 %l2_bits_64, i1 %l2_bits_16" [bnn.cpp:116]   --->   Operation 758 'store' 'store_ln116' <Predicate = (trunc_ln120 == 16)> <Delay = 0.00>
ST_5 : Operation 759 [1/1] (0.00ns)   --->   "%br_ln129 = br void %arrayidx23.exit" [bnn.cpp:129]   --->   Operation 759 'br' 'br_ln129' <Predicate = (trunc_ln120 == 16)> <Delay = 0.00>
ST_5 : Operation 760 [1/1] (0.00ns)   --->   "%store_ln116 = store i1 %l2_bits_64, i1 %l2_bits_15" [bnn.cpp:116]   --->   Operation 760 'store' 'store_ln116' <Predicate = (trunc_ln120 == 15)> <Delay = 0.00>
ST_5 : Operation 761 [1/1] (0.00ns)   --->   "%br_ln129 = br void %arrayidx23.exit" [bnn.cpp:129]   --->   Operation 761 'br' 'br_ln129' <Predicate = (trunc_ln120 == 15)> <Delay = 0.00>
ST_5 : Operation 762 [1/1] (0.00ns)   --->   "%store_ln116 = store i1 %l2_bits_64, i1 %l2_bits_14" [bnn.cpp:116]   --->   Operation 762 'store' 'store_ln116' <Predicate = (trunc_ln120 == 14)> <Delay = 0.00>
ST_5 : Operation 763 [1/1] (0.00ns)   --->   "%br_ln129 = br void %arrayidx23.exit" [bnn.cpp:129]   --->   Operation 763 'br' 'br_ln129' <Predicate = (trunc_ln120 == 14)> <Delay = 0.00>
ST_5 : Operation 764 [1/1] (0.00ns)   --->   "%store_ln116 = store i1 %l2_bits_64, i1 %l2_bits_13" [bnn.cpp:116]   --->   Operation 764 'store' 'store_ln116' <Predicate = (trunc_ln120 == 13)> <Delay = 0.00>
ST_5 : Operation 765 [1/1] (0.00ns)   --->   "%br_ln129 = br void %arrayidx23.exit" [bnn.cpp:129]   --->   Operation 765 'br' 'br_ln129' <Predicate = (trunc_ln120 == 13)> <Delay = 0.00>
ST_5 : Operation 766 [1/1] (0.00ns)   --->   "%store_ln116 = store i1 %l2_bits_64, i1 %l2_bits_12" [bnn.cpp:116]   --->   Operation 766 'store' 'store_ln116' <Predicate = (trunc_ln120 == 12)> <Delay = 0.00>
ST_5 : Operation 767 [1/1] (0.00ns)   --->   "%br_ln129 = br void %arrayidx23.exit" [bnn.cpp:129]   --->   Operation 767 'br' 'br_ln129' <Predicate = (trunc_ln120 == 12)> <Delay = 0.00>
ST_5 : Operation 768 [1/1] (0.00ns)   --->   "%store_ln116 = store i1 %l2_bits_64, i1 %l2_bits_11" [bnn.cpp:116]   --->   Operation 768 'store' 'store_ln116' <Predicate = (trunc_ln120 == 11)> <Delay = 0.00>
ST_5 : Operation 769 [1/1] (0.00ns)   --->   "%br_ln129 = br void %arrayidx23.exit" [bnn.cpp:129]   --->   Operation 769 'br' 'br_ln129' <Predicate = (trunc_ln120 == 11)> <Delay = 0.00>
ST_5 : Operation 770 [1/1] (0.00ns)   --->   "%store_ln116 = store i1 %l2_bits_64, i1 %l2_bits_10" [bnn.cpp:116]   --->   Operation 770 'store' 'store_ln116' <Predicate = (trunc_ln120 == 10)> <Delay = 0.00>
ST_5 : Operation 771 [1/1] (0.00ns)   --->   "%br_ln129 = br void %arrayidx23.exit" [bnn.cpp:129]   --->   Operation 771 'br' 'br_ln129' <Predicate = (trunc_ln120 == 10)> <Delay = 0.00>
ST_5 : Operation 772 [1/1] (0.00ns)   --->   "%store_ln116 = store i1 %l2_bits_64, i1 %l2_bits_9" [bnn.cpp:116]   --->   Operation 772 'store' 'store_ln116' <Predicate = (trunc_ln120 == 9)> <Delay = 0.00>
ST_5 : Operation 773 [1/1] (0.00ns)   --->   "%br_ln129 = br void %arrayidx23.exit" [bnn.cpp:129]   --->   Operation 773 'br' 'br_ln129' <Predicate = (trunc_ln120 == 9)> <Delay = 0.00>
ST_5 : Operation 774 [1/1] (0.00ns)   --->   "%store_ln116 = store i1 %l2_bits_64, i1 %l2_bits_8" [bnn.cpp:116]   --->   Operation 774 'store' 'store_ln116' <Predicate = (trunc_ln120 == 8)> <Delay = 0.00>
ST_5 : Operation 775 [1/1] (0.00ns)   --->   "%br_ln129 = br void %arrayidx23.exit" [bnn.cpp:129]   --->   Operation 775 'br' 'br_ln129' <Predicate = (trunc_ln120 == 8)> <Delay = 0.00>
ST_5 : Operation 776 [1/1] (0.00ns)   --->   "%store_ln116 = store i1 %l2_bits_64, i1 %l2_bits_7" [bnn.cpp:116]   --->   Operation 776 'store' 'store_ln116' <Predicate = (trunc_ln120 == 7)> <Delay = 0.00>
ST_5 : Operation 777 [1/1] (0.00ns)   --->   "%br_ln129 = br void %arrayidx23.exit" [bnn.cpp:129]   --->   Operation 777 'br' 'br_ln129' <Predicate = (trunc_ln120 == 7)> <Delay = 0.00>
ST_5 : Operation 778 [1/1] (0.00ns)   --->   "%store_ln116 = store i1 %l2_bits_64, i1 %l2_bits_6" [bnn.cpp:116]   --->   Operation 778 'store' 'store_ln116' <Predicate = (trunc_ln120 == 6)> <Delay = 0.00>
ST_5 : Operation 779 [1/1] (0.00ns)   --->   "%br_ln129 = br void %arrayidx23.exit" [bnn.cpp:129]   --->   Operation 779 'br' 'br_ln129' <Predicate = (trunc_ln120 == 6)> <Delay = 0.00>
ST_5 : Operation 780 [1/1] (0.00ns)   --->   "%store_ln116 = store i1 %l2_bits_64, i1 %l2_bits_5" [bnn.cpp:116]   --->   Operation 780 'store' 'store_ln116' <Predicate = (trunc_ln120 == 5)> <Delay = 0.00>
ST_5 : Operation 781 [1/1] (0.00ns)   --->   "%br_ln129 = br void %arrayidx23.exit" [bnn.cpp:129]   --->   Operation 781 'br' 'br_ln129' <Predicate = (trunc_ln120 == 5)> <Delay = 0.00>
ST_5 : Operation 782 [1/1] (0.00ns)   --->   "%store_ln116 = store i1 %l2_bits_64, i1 %l2_bits_4" [bnn.cpp:116]   --->   Operation 782 'store' 'store_ln116' <Predicate = (trunc_ln120 == 4)> <Delay = 0.00>
ST_5 : Operation 783 [1/1] (0.00ns)   --->   "%br_ln129 = br void %arrayidx23.exit" [bnn.cpp:129]   --->   Operation 783 'br' 'br_ln129' <Predicate = (trunc_ln120 == 4)> <Delay = 0.00>
ST_5 : Operation 784 [1/1] (0.00ns)   --->   "%store_ln116 = store i1 %l2_bits_64, i1 %l2_bits_3" [bnn.cpp:116]   --->   Operation 784 'store' 'store_ln116' <Predicate = (trunc_ln120 == 3)> <Delay = 0.00>
ST_5 : Operation 785 [1/1] (0.00ns)   --->   "%br_ln129 = br void %arrayidx23.exit" [bnn.cpp:129]   --->   Operation 785 'br' 'br_ln129' <Predicate = (trunc_ln120 == 3)> <Delay = 0.00>
ST_5 : Operation 786 [1/1] (0.00ns)   --->   "%store_ln116 = store i1 %l2_bits_64, i1 %l2_bits_2" [bnn.cpp:116]   --->   Operation 786 'store' 'store_ln116' <Predicate = (trunc_ln120 == 2)> <Delay = 0.00>
ST_5 : Operation 787 [1/1] (0.00ns)   --->   "%br_ln129 = br void %arrayidx23.exit" [bnn.cpp:129]   --->   Operation 787 'br' 'br_ln129' <Predicate = (trunc_ln120 == 2)> <Delay = 0.00>
ST_5 : Operation 788 [1/1] (0.00ns)   --->   "%store_ln116 = store i1 %l2_bits_64, i1 %l2_bits_1" [bnn.cpp:116]   --->   Operation 788 'store' 'store_ln116' <Predicate = (trunc_ln120 == 1)> <Delay = 0.00>
ST_5 : Operation 789 [1/1] (0.00ns)   --->   "%br_ln129 = br void %arrayidx23.exit" [bnn.cpp:129]   --->   Operation 789 'br' 'br_ln129' <Predicate = (trunc_ln120 == 1)> <Delay = 0.00>
ST_5 : Operation 790 [1/1] (0.00ns)   --->   "%store_ln116 = store i1 %l2_bits_64, i1 %l2_bits" [bnn.cpp:116]   --->   Operation 790 'store' 'store_ln116' <Predicate = (trunc_ln120 == 0)> <Delay = 0.00>
ST_5 : Operation 791 [1/1] (0.00ns)   --->   "%br_ln129 = br void %arrayidx23.exit" [bnn.cpp:129]   --->   Operation 791 'br' 'br_ln129' <Predicate = (trunc_ln120 == 0)> <Delay = 0.00>
ST_5 : Operation 792 [1/1] (0.00ns)   --->   "%store_ln116 = store i1 %l2_bits_64, i1 %l2_bits_63" [bnn.cpp:116]   --->   Operation 792 'store' 'store_ln116' <Predicate = (trunc_ln120 == 63)> <Delay = 0.00>
ST_5 : Operation 793 [1/1] (0.00ns)   --->   "%br_ln129 = br void %arrayidx23.exit" [bnn.cpp:129]   --->   Operation 793 'br' 'br_ln129' <Predicate = (trunc_ln120 == 63)> <Delay = 0.00>
ST_5 : Operation 798 [1/1] (0.00ns)   --->   "%l2_bits_load = load i1 %l2_bits"   --->   Operation 798 'load' 'l2_bits_load' <Predicate = (icmp_ln120)> <Delay = 0.00>
ST_5 : Operation 799 [1/1] (0.00ns)   --->   "%l2_bits_1_load = load i1 %l2_bits_1"   --->   Operation 799 'load' 'l2_bits_1_load' <Predicate = (icmp_ln120)> <Delay = 0.00>
ST_5 : Operation 800 [1/1] (0.00ns)   --->   "%l2_bits_2_load = load i1 %l2_bits_2"   --->   Operation 800 'load' 'l2_bits_2_load' <Predicate = (icmp_ln120)> <Delay = 0.00>
ST_5 : Operation 801 [1/1] (0.00ns)   --->   "%l2_bits_3_load = load i1 %l2_bits_3"   --->   Operation 801 'load' 'l2_bits_3_load' <Predicate = (icmp_ln120)> <Delay = 0.00>
ST_5 : Operation 802 [1/1] (0.00ns)   --->   "%l2_bits_4_load = load i1 %l2_bits_4"   --->   Operation 802 'load' 'l2_bits_4_load' <Predicate = (icmp_ln120)> <Delay = 0.00>
ST_5 : Operation 803 [1/1] (0.00ns)   --->   "%l2_bits_5_load = load i1 %l2_bits_5"   --->   Operation 803 'load' 'l2_bits_5_load' <Predicate = (icmp_ln120)> <Delay = 0.00>
ST_5 : Operation 804 [1/1] (0.00ns)   --->   "%l2_bits_6_load = load i1 %l2_bits_6"   --->   Operation 804 'load' 'l2_bits_6_load' <Predicate = (icmp_ln120)> <Delay = 0.00>
ST_5 : Operation 805 [1/1] (0.00ns)   --->   "%l2_bits_7_load = load i1 %l2_bits_7"   --->   Operation 805 'load' 'l2_bits_7_load' <Predicate = (icmp_ln120)> <Delay = 0.00>
ST_5 : Operation 806 [1/1] (0.00ns)   --->   "%l2_bits_8_load = load i1 %l2_bits_8"   --->   Operation 806 'load' 'l2_bits_8_load' <Predicate = (icmp_ln120)> <Delay = 0.00>
ST_5 : Operation 807 [1/1] (0.00ns)   --->   "%l2_bits_9_load = load i1 %l2_bits_9"   --->   Operation 807 'load' 'l2_bits_9_load' <Predicate = (icmp_ln120)> <Delay = 0.00>
ST_5 : Operation 808 [1/1] (0.00ns)   --->   "%l2_bits_10_load = load i1 %l2_bits_10"   --->   Operation 808 'load' 'l2_bits_10_load' <Predicate = (icmp_ln120)> <Delay = 0.00>
ST_5 : Operation 809 [1/1] (0.00ns)   --->   "%l2_bits_11_load = load i1 %l2_bits_11"   --->   Operation 809 'load' 'l2_bits_11_load' <Predicate = (icmp_ln120)> <Delay = 0.00>
ST_5 : Operation 810 [1/1] (0.00ns)   --->   "%l2_bits_12_load = load i1 %l2_bits_12"   --->   Operation 810 'load' 'l2_bits_12_load' <Predicate = (icmp_ln120)> <Delay = 0.00>
ST_5 : Operation 811 [1/1] (0.00ns)   --->   "%l2_bits_13_load = load i1 %l2_bits_13"   --->   Operation 811 'load' 'l2_bits_13_load' <Predicate = (icmp_ln120)> <Delay = 0.00>
ST_5 : Operation 812 [1/1] (0.00ns)   --->   "%l2_bits_14_load = load i1 %l2_bits_14"   --->   Operation 812 'load' 'l2_bits_14_load' <Predicate = (icmp_ln120)> <Delay = 0.00>
ST_5 : Operation 813 [1/1] (0.00ns)   --->   "%l2_bits_15_load = load i1 %l2_bits_15"   --->   Operation 813 'load' 'l2_bits_15_load' <Predicate = (icmp_ln120)> <Delay = 0.00>
ST_5 : Operation 814 [1/1] (0.00ns)   --->   "%l2_bits_16_load = load i1 %l2_bits_16"   --->   Operation 814 'load' 'l2_bits_16_load' <Predicate = (icmp_ln120)> <Delay = 0.00>
ST_5 : Operation 815 [1/1] (0.00ns)   --->   "%l2_bits_17_load = load i1 %l2_bits_17"   --->   Operation 815 'load' 'l2_bits_17_load' <Predicate = (icmp_ln120)> <Delay = 0.00>
ST_5 : Operation 816 [1/1] (0.00ns)   --->   "%l2_bits_18_load = load i1 %l2_bits_18"   --->   Operation 816 'load' 'l2_bits_18_load' <Predicate = (icmp_ln120)> <Delay = 0.00>
ST_5 : Operation 817 [1/1] (0.00ns)   --->   "%l2_bits_19_load = load i1 %l2_bits_19"   --->   Operation 817 'load' 'l2_bits_19_load' <Predicate = (icmp_ln120)> <Delay = 0.00>
ST_5 : Operation 818 [1/1] (0.00ns)   --->   "%l2_bits_20_load = load i1 %l2_bits_20"   --->   Operation 818 'load' 'l2_bits_20_load' <Predicate = (icmp_ln120)> <Delay = 0.00>
ST_5 : Operation 819 [1/1] (0.00ns)   --->   "%l2_bits_21_load = load i1 %l2_bits_21"   --->   Operation 819 'load' 'l2_bits_21_load' <Predicate = (icmp_ln120)> <Delay = 0.00>
ST_5 : Operation 820 [1/1] (0.00ns)   --->   "%l2_bits_22_load = load i1 %l2_bits_22"   --->   Operation 820 'load' 'l2_bits_22_load' <Predicate = (icmp_ln120)> <Delay = 0.00>
ST_5 : Operation 821 [1/1] (0.00ns)   --->   "%l2_bits_23_load = load i1 %l2_bits_23"   --->   Operation 821 'load' 'l2_bits_23_load' <Predicate = (icmp_ln120)> <Delay = 0.00>
ST_5 : Operation 822 [1/1] (0.00ns)   --->   "%l2_bits_24_load = load i1 %l2_bits_24"   --->   Operation 822 'load' 'l2_bits_24_load' <Predicate = (icmp_ln120)> <Delay = 0.00>
ST_5 : Operation 823 [1/1] (0.00ns)   --->   "%l2_bits_25_load = load i1 %l2_bits_25"   --->   Operation 823 'load' 'l2_bits_25_load' <Predicate = (icmp_ln120)> <Delay = 0.00>
ST_5 : Operation 824 [1/1] (0.00ns)   --->   "%l2_bits_26_load = load i1 %l2_bits_26"   --->   Operation 824 'load' 'l2_bits_26_load' <Predicate = (icmp_ln120)> <Delay = 0.00>
ST_5 : Operation 825 [1/1] (0.00ns)   --->   "%l2_bits_27_load = load i1 %l2_bits_27"   --->   Operation 825 'load' 'l2_bits_27_load' <Predicate = (icmp_ln120)> <Delay = 0.00>
ST_5 : Operation 826 [1/1] (0.00ns)   --->   "%l2_bits_28_load = load i1 %l2_bits_28"   --->   Operation 826 'load' 'l2_bits_28_load' <Predicate = (icmp_ln120)> <Delay = 0.00>
ST_5 : Operation 827 [1/1] (0.00ns)   --->   "%l2_bits_29_load = load i1 %l2_bits_29"   --->   Operation 827 'load' 'l2_bits_29_load' <Predicate = (icmp_ln120)> <Delay = 0.00>
ST_5 : Operation 828 [1/1] (0.00ns)   --->   "%l2_bits_30_load = load i1 %l2_bits_30"   --->   Operation 828 'load' 'l2_bits_30_load' <Predicate = (icmp_ln120)> <Delay = 0.00>
ST_5 : Operation 829 [1/1] (0.00ns)   --->   "%l2_bits_31_load = load i1 %l2_bits_31"   --->   Operation 829 'load' 'l2_bits_31_load' <Predicate = (icmp_ln120)> <Delay = 0.00>
ST_5 : Operation 830 [1/1] (0.00ns)   --->   "%l2_bits_32_load = load i1 %l2_bits_32"   --->   Operation 830 'load' 'l2_bits_32_load' <Predicate = (icmp_ln120)> <Delay = 0.00>
ST_5 : Operation 831 [1/1] (0.00ns)   --->   "%l2_bits_33_load = load i1 %l2_bits_33"   --->   Operation 831 'load' 'l2_bits_33_load' <Predicate = (icmp_ln120)> <Delay = 0.00>
ST_5 : Operation 832 [1/1] (0.00ns)   --->   "%l2_bits_34_load = load i1 %l2_bits_34"   --->   Operation 832 'load' 'l2_bits_34_load' <Predicate = (icmp_ln120)> <Delay = 0.00>
ST_5 : Operation 833 [1/1] (0.00ns)   --->   "%l2_bits_35_load = load i1 %l2_bits_35"   --->   Operation 833 'load' 'l2_bits_35_load' <Predicate = (icmp_ln120)> <Delay = 0.00>
ST_5 : Operation 834 [1/1] (0.00ns)   --->   "%l2_bits_36_load = load i1 %l2_bits_36"   --->   Operation 834 'load' 'l2_bits_36_load' <Predicate = (icmp_ln120)> <Delay = 0.00>
ST_5 : Operation 835 [1/1] (0.00ns)   --->   "%l2_bits_37_load = load i1 %l2_bits_37"   --->   Operation 835 'load' 'l2_bits_37_load' <Predicate = (icmp_ln120)> <Delay = 0.00>
ST_5 : Operation 836 [1/1] (0.00ns)   --->   "%l2_bits_38_load = load i1 %l2_bits_38"   --->   Operation 836 'load' 'l2_bits_38_load' <Predicate = (icmp_ln120)> <Delay = 0.00>
ST_5 : Operation 837 [1/1] (0.00ns)   --->   "%l2_bits_39_load = load i1 %l2_bits_39"   --->   Operation 837 'load' 'l2_bits_39_load' <Predicate = (icmp_ln120)> <Delay = 0.00>
ST_5 : Operation 838 [1/1] (0.00ns)   --->   "%l2_bits_40_load = load i1 %l2_bits_40"   --->   Operation 838 'load' 'l2_bits_40_load' <Predicate = (icmp_ln120)> <Delay = 0.00>
ST_5 : Operation 839 [1/1] (0.00ns)   --->   "%l2_bits_41_load = load i1 %l2_bits_41"   --->   Operation 839 'load' 'l2_bits_41_load' <Predicate = (icmp_ln120)> <Delay = 0.00>
ST_5 : Operation 840 [1/1] (0.00ns)   --->   "%l2_bits_42_load = load i1 %l2_bits_42"   --->   Operation 840 'load' 'l2_bits_42_load' <Predicate = (icmp_ln120)> <Delay = 0.00>
ST_5 : Operation 841 [1/1] (0.00ns)   --->   "%l2_bits_43_load = load i1 %l2_bits_43"   --->   Operation 841 'load' 'l2_bits_43_load' <Predicate = (icmp_ln120)> <Delay = 0.00>
ST_5 : Operation 842 [1/1] (0.00ns)   --->   "%l2_bits_44_load = load i1 %l2_bits_44"   --->   Operation 842 'load' 'l2_bits_44_load' <Predicate = (icmp_ln120)> <Delay = 0.00>
ST_5 : Operation 843 [1/1] (0.00ns)   --->   "%l2_bits_45_load = load i1 %l2_bits_45"   --->   Operation 843 'load' 'l2_bits_45_load' <Predicate = (icmp_ln120)> <Delay = 0.00>
ST_5 : Operation 844 [1/1] (0.00ns)   --->   "%l2_bits_46_load = load i1 %l2_bits_46"   --->   Operation 844 'load' 'l2_bits_46_load' <Predicate = (icmp_ln120)> <Delay = 0.00>
ST_5 : Operation 845 [1/1] (0.00ns)   --->   "%l2_bits_47_load = load i1 %l2_bits_47"   --->   Operation 845 'load' 'l2_bits_47_load' <Predicate = (icmp_ln120)> <Delay = 0.00>
ST_5 : Operation 846 [1/1] (0.00ns)   --->   "%l2_bits_48_load = load i1 %l2_bits_48"   --->   Operation 846 'load' 'l2_bits_48_load' <Predicate = (icmp_ln120)> <Delay = 0.00>
ST_5 : Operation 847 [1/1] (0.00ns)   --->   "%l2_bits_49_load = load i1 %l2_bits_49"   --->   Operation 847 'load' 'l2_bits_49_load' <Predicate = (icmp_ln120)> <Delay = 0.00>
ST_5 : Operation 848 [1/1] (0.00ns)   --->   "%l2_bits_50_load = load i1 %l2_bits_50"   --->   Operation 848 'load' 'l2_bits_50_load' <Predicate = (icmp_ln120)> <Delay = 0.00>
ST_5 : Operation 849 [1/1] (0.00ns)   --->   "%l2_bits_51_load = load i1 %l2_bits_51"   --->   Operation 849 'load' 'l2_bits_51_load' <Predicate = (icmp_ln120)> <Delay = 0.00>
ST_5 : Operation 850 [1/1] (0.00ns)   --->   "%l2_bits_52_load = load i1 %l2_bits_52"   --->   Operation 850 'load' 'l2_bits_52_load' <Predicate = (icmp_ln120)> <Delay = 0.00>
ST_5 : Operation 851 [1/1] (0.00ns)   --->   "%l2_bits_53_load = load i1 %l2_bits_53"   --->   Operation 851 'load' 'l2_bits_53_load' <Predicate = (icmp_ln120)> <Delay = 0.00>
ST_5 : Operation 852 [1/1] (0.00ns)   --->   "%l2_bits_54_load = load i1 %l2_bits_54"   --->   Operation 852 'load' 'l2_bits_54_load' <Predicate = (icmp_ln120)> <Delay = 0.00>
ST_5 : Operation 853 [1/1] (0.00ns)   --->   "%l2_bits_55_load = load i1 %l2_bits_55"   --->   Operation 853 'load' 'l2_bits_55_load' <Predicate = (icmp_ln120)> <Delay = 0.00>
ST_5 : Operation 854 [1/1] (0.00ns)   --->   "%l2_bits_56_load = load i1 %l2_bits_56"   --->   Operation 854 'load' 'l2_bits_56_load' <Predicate = (icmp_ln120)> <Delay = 0.00>
ST_5 : Operation 855 [1/1] (0.00ns)   --->   "%l2_bits_57_load = load i1 %l2_bits_57"   --->   Operation 855 'load' 'l2_bits_57_load' <Predicate = (icmp_ln120)> <Delay = 0.00>
ST_5 : Operation 856 [1/1] (0.00ns)   --->   "%l2_bits_58_load = load i1 %l2_bits_58"   --->   Operation 856 'load' 'l2_bits_58_load' <Predicate = (icmp_ln120)> <Delay = 0.00>
ST_5 : Operation 857 [1/1] (0.00ns)   --->   "%l2_bits_59_load = load i1 %l2_bits_59"   --->   Operation 857 'load' 'l2_bits_59_load' <Predicate = (icmp_ln120)> <Delay = 0.00>
ST_5 : Operation 858 [1/1] (0.00ns)   --->   "%l2_bits_60_load = load i1 %l2_bits_60"   --->   Operation 858 'load' 'l2_bits_60_load' <Predicate = (icmp_ln120)> <Delay = 0.00>
ST_5 : Operation 859 [1/1] (0.00ns)   --->   "%l2_bits_61_load = load i1 %l2_bits_61"   --->   Operation 859 'load' 'l2_bits_61_load' <Predicate = (icmp_ln120)> <Delay = 0.00>
ST_5 : Operation 860 [1/1] (0.00ns)   --->   "%l2_bits_62_load = load i1 %l2_bits_62"   --->   Operation 860 'load' 'l2_bits_62_load' <Predicate = (icmp_ln120)> <Delay = 0.00>
ST_5 : Operation 861 [1/1] (0.00ns)   --->   "%l2_bits_63_load = load i1 %l2_bits_63"   --->   Operation 861 'load' 'l2_bits_63_load' <Predicate = (icmp_ln120)> <Delay = 0.00>
ST_5 : Operation 862 [1/1] (0.00ns)   --->   "%write_ln0 = write void @_ssdm_op_Write.ap_auto.i1P0A, i1 %l2_bits_63_out, i1 %l2_bits_63_load"   --->   Operation 862 'write' 'write_ln0' <Predicate = (icmp_ln120)> <Delay = 0.00>
ST_5 : Operation 863 [1/1] (0.00ns)   --->   "%write_ln0 = write void @_ssdm_op_Write.ap_auto.i1P0A, i1 %l2_bits_62_out, i1 %l2_bits_62_load"   --->   Operation 863 'write' 'write_ln0' <Predicate = (icmp_ln120)> <Delay = 0.00>
ST_5 : Operation 864 [1/1] (0.00ns)   --->   "%write_ln0 = write void @_ssdm_op_Write.ap_auto.i1P0A, i1 %l2_bits_61_out, i1 %l2_bits_61_load"   --->   Operation 864 'write' 'write_ln0' <Predicate = (icmp_ln120)> <Delay = 0.00>
ST_5 : Operation 865 [1/1] (0.00ns)   --->   "%write_ln0 = write void @_ssdm_op_Write.ap_auto.i1P0A, i1 %l2_bits_60_out, i1 %l2_bits_60_load"   --->   Operation 865 'write' 'write_ln0' <Predicate = (icmp_ln120)> <Delay = 0.00>
ST_5 : Operation 866 [1/1] (0.00ns)   --->   "%write_ln0 = write void @_ssdm_op_Write.ap_auto.i1P0A, i1 %l2_bits_59_out, i1 %l2_bits_59_load"   --->   Operation 866 'write' 'write_ln0' <Predicate = (icmp_ln120)> <Delay = 0.00>
ST_5 : Operation 867 [1/1] (0.00ns)   --->   "%write_ln0 = write void @_ssdm_op_Write.ap_auto.i1P0A, i1 %l2_bits_58_out, i1 %l2_bits_58_load"   --->   Operation 867 'write' 'write_ln0' <Predicate = (icmp_ln120)> <Delay = 0.00>
ST_5 : Operation 868 [1/1] (0.00ns)   --->   "%write_ln0 = write void @_ssdm_op_Write.ap_auto.i1P0A, i1 %l2_bits_57_out, i1 %l2_bits_57_load"   --->   Operation 868 'write' 'write_ln0' <Predicate = (icmp_ln120)> <Delay = 0.00>
ST_5 : Operation 869 [1/1] (0.00ns)   --->   "%write_ln0 = write void @_ssdm_op_Write.ap_auto.i1P0A, i1 %l2_bits_56_out, i1 %l2_bits_56_load"   --->   Operation 869 'write' 'write_ln0' <Predicate = (icmp_ln120)> <Delay = 0.00>
ST_5 : Operation 870 [1/1] (0.00ns)   --->   "%write_ln0 = write void @_ssdm_op_Write.ap_auto.i1P0A, i1 %l2_bits_55_out, i1 %l2_bits_55_load"   --->   Operation 870 'write' 'write_ln0' <Predicate = (icmp_ln120)> <Delay = 0.00>
ST_5 : Operation 871 [1/1] (0.00ns)   --->   "%write_ln0 = write void @_ssdm_op_Write.ap_auto.i1P0A, i1 %l2_bits_54_out, i1 %l2_bits_54_load"   --->   Operation 871 'write' 'write_ln0' <Predicate = (icmp_ln120)> <Delay = 0.00>
ST_5 : Operation 872 [1/1] (0.00ns)   --->   "%write_ln0 = write void @_ssdm_op_Write.ap_auto.i1P0A, i1 %l2_bits_53_out, i1 %l2_bits_53_load"   --->   Operation 872 'write' 'write_ln0' <Predicate = (icmp_ln120)> <Delay = 0.00>
ST_5 : Operation 873 [1/1] (0.00ns)   --->   "%write_ln0 = write void @_ssdm_op_Write.ap_auto.i1P0A, i1 %l2_bits_52_out, i1 %l2_bits_52_load"   --->   Operation 873 'write' 'write_ln0' <Predicate = (icmp_ln120)> <Delay = 0.00>
ST_5 : Operation 874 [1/1] (0.00ns)   --->   "%write_ln0 = write void @_ssdm_op_Write.ap_auto.i1P0A, i1 %l2_bits_51_out, i1 %l2_bits_51_load"   --->   Operation 874 'write' 'write_ln0' <Predicate = (icmp_ln120)> <Delay = 0.00>
ST_5 : Operation 875 [1/1] (0.00ns)   --->   "%write_ln0 = write void @_ssdm_op_Write.ap_auto.i1P0A, i1 %l2_bits_50_out, i1 %l2_bits_50_load"   --->   Operation 875 'write' 'write_ln0' <Predicate = (icmp_ln120)> <Delay = 0.00>
ST_5 : Operation 876 [1/1] (0.00ns)   --->   "%write_ln0 = write void @_ssdm_op_Write.ap_auto.i1P0A, i1 %l2_bits_49_out, i1 %l2_bits_49_load"   --->   Operation 876 'write' 'write_ln0' <Predicate = (icmp_ln120)> <Delay = 0.00>
ST_5 : Operation 877 [1/1] (0.00ns)   --->   "%write_ln0 = write void @_ssdm_op_Write.ap_auto.i1P0A, i1 %l2_bits_48_out, i1 %l2_bits_48_load"   --->   Operation 877 'write' 'write_ln0' <Predicate = (icmp_ln120)> <Delay = 0.00>
ST_5 : Operation 878 [1/1] (0.00ns)   --->   "%write_ln0 = write void @_ssdm_op_Write.ap_auto.i1P0A, i1 %l2_bits_47_out, i1 %l2_bits_47_load"   --->   Operation 878 'write' 'write_ln0' <Predicate = (icmp_ln120)> <Delay = 0.00>
ST_5 : Operation 879 [1/1] (0.00ns)   --->   "%write_ln0 = write void @_ssdm_op_Write.ap_auto.i1P0A, i1 %l2_bits_46_out, i1 %l2_bits_46_load"   --->   Operation 879 'write' 'write_ln0' <Predicate = (icmp_ln120)> <Delay = 0.00>
ST_5 : Operation 880 [1/1] (0.00ns)   --->   "%write_ln0 = write void @_ssdm_op_Write.ap_auto.i1P0A, i1 %l2_bits_45_out, i1 %l2_bits_45_load"   --->   Operation 880 'write' 'write_ln0' <Predicate = (icmp_ln120)> <Delay = 0.00>
ST_5 : Operation 881 [1/1] (0.00ns)   --->   "%write_ln0 = write void @_ssdm_op_Write.ap_auto.i1P0A, i1 %l2_bits_44_out, i1 %l2_bits_44_load"   --->   Operation 881 'write' 'write_ln0' <Predicate = (icmp_ln120)> <Delay = 0.00>
ST_5 : Operation 882 [1/1] (0.00ns)   --->   "%write_ln0 = write void @_ssdm_op_Write.ap_auto.i1P0A, i1 %l2_bits_43_out, i1 %l2_bits_43_load"   --->   Operation 882 'write' 'write_ln0' <Predicate = (icmp_ln120)> <Delay = 0.00>
ST_5 : Operation 883 [1/1] (0.00ns)   --->   "%write_ln0 = write void @_ssdm_op_Write.ap_auto.i1P0A, i1 %l2_bits_42_out, i1 %l2_bits_42_load"   --->   Operation 883 'write' 'write_ln0' <Predicate = (icmp_ln120)> <Delay = 0.00>
ST_5 : Operation 884 [1/1] (0.00ns)   --->   "%write_ln0 = write void @_ssdm_op_Write.ap_auto.i1P0A, i1 %l2_bits_41_out, i1 %l2_bits_41_load"   --->   Operation 884 'write' 'write_ln0' <Predicate = (icmp_ln120)> <Delay = 0.00>
ST_5 : Operation 885 [1/1] (0.00ns)   --->   "%write_ln0 = write void @_ssdm_op_Write.ap_auto.i1P0A, i1 %l2_bits_40_out, i1 %l2_bits_40_load"   --->   Operation 885 'write' 'write_ln0' <Predicate = (icmp_ln120)> <Delay = 0.00>
ST_5 : Operation 886 [1/1] (0.00ns)   --->   "%write_ln0 = write void @_ssdm_op_Write.ap_auto.i1P0A, i1 %l2_bits_39_out, i1 %l2_bits_39_load"   --->   Operation 886 'write' 'write_ln0' <Predicate = (icmp_ln120)> <Delay = 0.00>
ST_5 : Operation 887 [1/1] (0.00ns)   --->   "%write_ln0 = write void @_ssdm_op_Write.ap_auto.i1P0A, i1 %l2_bits_38_out, i1 %l2_bits_38_load"   --->   Operation 887 'write' 'write_ln0' <Predicate = (icmp_ln120)> <Delay = 0.00>
ST_5 : Operation 888 [1/1] (0.00ns)   --->   "%write_ln0 = write void @_ssdm_op_Write.ap_auto.i1P0A, i1 %l2_bits_37_out, i1 %l2_bits_37_load"   --->   Operation 888 'write' 'write_ln0' <Predicate = (icmp_ln120)> <Delay = 0.00>
ST_5 : Operation 889 [1/1] (0.00ns)   --->   "%write_ln0 = write void @_ssdm_op_Write.ap_auto.i1P0A, i1 %l2_bits_36_out, i1 %l2_bits_36_load"   --->   Operation 889 'write' 'write_ln0' <Predicate = (icmp_ln120)> <Delay = 0.00>
ST_5 : Operation 890 [1/1] (0.00ns)   --->   "%write_ln0 = write void @_ssdm_op_Write.ap_auto.i1P0A, i1 %l2_bits_35_out, i1 %l2_bits_35_load"   --->   Operation 890 'write' 'write_ln0' <Predicate = (icmp_ln120)> <Delay = 0.00>
ST_5 : Operation 891 [1/1] (0.00ns)   --->   "%write_ln0 = write void @_ssdm_op_Write.ap_auto.i1P0A, i1 %l2_bits_34_out, i1 %l2_bits_34_load"   --->   Operation 891 'write' 'write_ln0' <Predicate = (icmp_ln120)> <Delay = 0.00>
ST_5 : Operation 892 [1/1] (0.00ns)   --->   "%write_ln0 = write void @_ssdm_op_Write.ap_auto.i1P0A, i1 %l2_bits_33_out, i1 %l2_bits_33_load"   --->   Operation 892 'write' 'write_ln0' <Predicate = (icmp_ln120)> <Delay = 0.00>
ST_5 : Operation 893 [1/1] (0.00ns)   --->   "%write_ln0 = write void @_ssdm_op_Write.ap_auto.i1P0A, i1 %l2_bits_32_out, i1 %l2_bits_32_load"   --->   Operation 893 'write' 'write_ln0' <Predicate = (icmp_ln120)> <Delay = 0.00>
ST_5 : Operation 894 [1/1] (0.00ns)   --->   "%write_ln0 = write void @_ssdm_op_Write.ap_auto.i1P0A, i1 %l2_bits_31_out, i1 %l2_bits_31_load"   --->   Operation 894 'write' 'write_ln0' <Predicate = (icmp_ln120)> <Delay = 0.00>
ST_5 : Operation 895 [1/1] (0.00ns)   --->   "%write_ln0 = write void @_ssdm_op_Write.ap_auto.i1P0A, i1 %l2_bits_30_out, i1 %l2_bits_30_load"   --->   Operation 895 'write' 'write_ln0' <Predicate = (icmp_ln120)> <Delay = 0.00>
ST_5 : Operation 896 [1/1] (0.00ns)   --->   "%write_ln0 = write void @_ssdm_op_Write.ap_auto.i1P0A, i1 %l2_bits_29_out, i1 %l2_bits_29_load"   --->   Operation 896 'write' 'write_ln0' <Predicate = (icmp_ln120)> <Delay = 0.00>
ST_5 : Operation 897 [1/1] (0.00ns)   --->   "%write_ln0 = write void @_ssdm_op_Write.ap_auto.i1P0A, i1 %l2_bits_28_out, i1 %l2_bits_28_load"   --->   Operation 897 'write' 'write_ln0' <Predicate = (icmp_ln120)> <Delay = 0.00>
ST_5 : Operation 898 [1/1] (0.00ns)   --->   "%write_ln0 = write void @_ssdm_op_Write.ap_auto.i1P0A, i1 %l2_bits_27_out, i1 %l2_bits_27_load"   --->   Operation 898 'write' 'write_ln0' <Predicate = (icmp_ln120)> <Delay = 0.00>
ST_5 : Operation 899 [1/1] (0.00ns)   --->   "%write_ln0 = write void @_ssdm_op_Write.ap_auto.i1P0A, i1 %l2_bits_26_out, i1 %l2_bits_26_load"   --->   Operation 899 'write' 'write_ln0' <Predicate = (icmp_ln120)> <Delay = 0.00>
ST_5 : Operation 900 [1/1] (0.00ns)   --->   "%write_ln0 = write void @_ssdm_op_Write.ap_auto.i1P0A, i1 %l2_bits_25_out, i1 %l2_bits_25_load"   --->   Operation 900 'write' 'write_ln0' <Predicate = (icmp_ln120)> <Delay = 0.00>
ST_5 : Operation 901 [1/1] (0.00ns)   --->   "%write_ln0 = write void @_ssdm_op_Write.ap_auto.i1P0A, i1 %l2_bits_24_out, i1 %l2_bits_24_load"   --->   Operation 901 'write' 'write_ln0' <Predicate = (icmp_ln120)> <Delay = 0.00>
ST_5 : Operation 902 [1/1] (0.00ns)   --->   "%write_ln0 = write void @_ssdm_op_Write.ap_auto.i1P0A, i1 %l2_bits_23_out, i1 %l2_bits_23_load"   --->   Operation 902 'write' 'write_ln0' <Predicate = (icmp_ln120)> <Delay = 0.00>
ST_5 : Operation 903 [1/1] (0.00ns)   --->   "%write_ln0 = write void @_ssdm_op_Write.ap_auto.i1P0A, i1 %l2_bits_22_out, i1 %l2_bits_22_load"   --->   Operation 903 'write' 'write_ln0' <Predicate = (icmp_ln120)> <Delay = 0.00>
ST_5 : Operation 904 [1/1] (0.00ns)   --->   "%write_ln0 = write void @_ssdm_op_Write.ap_auto.i1P0A, i1 %l2_bits_21_out, i1 %l2_bits_21_load"   --->   Operation 904 'write' 'write_ln0' <Predicate = (icmp_ln120)> <Delay = 0.00>
ST_5 : Operation 905 [1/1] (0.00ns)   --->   "%write_ln0 = write void @_ssdm_op_Write.ap_auto.i1P0A, i1 %l2_bits_20_out, i1 %l2_bits_20_load"   --->   Operation 905 'write' 'write_ln0' <Predicate = (icmp_ln120)> <Delay = 0.00>
ST_5 : Operation 906 [1/1] (0.00ns)   --->   "%write_ln0 = write void @_ssdm_op_Write.ap_auto.i1P0A, i1 %l2_bits_19_out, i1 %l2_bits_19_load"   --->   Operation 906 'write' 'write_ln0' <Predicate = (icmp_ln120)> <Delay = 0.00>
ST_5 : Operation 907 [1/1] (0.00ns)   --->   "%write_ln0 = write void @_ssdm_op_Write.ap_auto.i1P0A, i1 %l2_bits_18_out, i1 %l2_bits_18_load"   --->   Operation 907 'write' 'write_ln0' <Predicate = (icmp_ln120)> <Delay = 0.00>
ST_5 : Operation 908 [1/1] (0.00ns)   --->   "%write_ln0 = write void @_ssdm_op_Write.ap_auto.i1P0A, i1 %l2_bits_17_out, i1 %l2_bits_17_load"   --->   Operation 908 'write' 'write_ln0' <Predicate = (icmp_ln120)> <Delay = 0.00>
ST_5 : Operation 909 [1/1] (0.00ns)   --->   "%write_ln0 = write void @_ssdm_op_Write.ap_auto.i1P0A, i1 %l2_bits_16_out, i1 %l2_bits_16_load"   --->   Operation 909 'write' 'write_ln0' <Predicate = (icmp_ln120)> <Delay = 0.00>
ST_5 : Operation 910 [1/1] (0.00ns)   --->   "%write_ln0 = write void @_ssdm_op_Write.ap_auto.i1P0A, i1 %l2_bits_15_out, i1 %l2_bits_15_load"   --->   Operation 910 'write' 'write_ln0' <Predicate = (icmp_ln120)> <Delay = 0.00>
ST_5 : Operation 911 [1/1] (0.00ns)   --->   "%write_ln0 = write void @_ssdm_op_Write.ap_auto.i1P0A, i1 %l2_bits_14_out, i1 %l2_bits_14_load"   --->   Operation 911 'write' 'write_ln0' <Predicate = (icmp_ln120)> <Delay = 0.00>
ST_5 : Operation 912 [1/1] (0.00ns)   --->   "%write_ln0 = write void @_ssdm_op_Write.ap_auto.i1P0A, i1 %l2_bits_13_out, i1 %l2_bits_13_load"   --->   Operation 912 'write' 'write_ln0' <Predicate = (icmp_ln120)> <Delay = 0.00>
ST_5 : Operation 913 [1/1] (0.00ns)   --->   "%write_ln0 = write void @_ssdm_op_Write.ap_auto.i1P0A, i1 %l2_bits_12_out, i1 %l2_bits_12_load"   --->   Operation 913 'write' 'write_ln0' <Predicate = (icmp_ln120)> <Delay = 0.00>
ST_5 : Operation 914 [1/1] (0.00ns)   --->   "%write_ln0 = write void @_ssdm_op_Write.ap_auto.i1P0A, i1 %l2_bits_11_out, i1 %l2_bits_11_load"   --->   Operation 914 'write' 'write_ln0' <Predicate = (icmp_ln120)> <Delay = 0.00>
ST_5 : Operation 915 [1/1] (0.00ns)   --->   "%write_ln0 = write void @_ssdm_op_Write.ap_auto.i1P0A, i1 %l2_bits_10_out, i1 %l2_bits_10_load"   --->   Operation 915 'write' 'write_ln0' <Predicate = (icmp_ln120)> <Delay = 0.00>
ST_5 : Operation 916 [1/1] (0.00ns)   --->   "%write_ln0 = write void @_ssdm_op_Write.ap_auto.i1P0A, i1 %l2_bits_9_out, i1 %l2_bits_9_load"   --->   Operation 916 'write' 'write_ln0' <Predicate = (icmp_ln120)> <Delay = 0.00>
ST_5 : Operation 917 [1/1] (0.00ns)   --->   "%write_ln0 = write void @_ssdm_op_Write.ap_auto.i1P0A, i1 %l2_bits_8_out, i1 %l2_bits_8_load"   --->   Operation 917 'write' 'write_ln0' <Predicate = (icmp_ln120)> <Delay = 0.00>
ST_5 : Operation 918 [1/1] (0.00ns)   --->   "%write_ln0 = write void @_ssdm_op_Write.ap_auto.i1P0A, i1 %l2_bits_7_out, i1 %l2_bits_7_load"   --->   Operation 918 'write' 'write_ln0' <Predicate = (icmp_ln120)> <Delay = 0.00>
ST_5 : Operation 919 [1/1] (0.00ns)   --->   "%write_ln0 = write void @_ssdm_op_Write.ap_auto.i1P0A, i1 %l2_bits_6_out, i1 %l2_bits_6_load"   --->   Operation 919 'write' 'write_ln0' <Predicate = (icmp_ln120)> <Delay = 0.00>
ST_5 : Operation 920 [1/1] (0.00ns)   --->   "%write_ln0 = write void @_ssdm_op_Write.ap_auto.i1P0A, i1 %l2_bits_5_out, i1 %l2_bits_5_load"   --->   Operation 920 'write' 'write_ln0' <Predicate = (icmp_ln120)> <Delay = 0.00>
ST_5 : Operation 921 [1/1] (0.00ns)   --->   "%write_ln0 = write void @_ssdm_op_Write.ap_auto.i1P0A, i1 %l2_bits_4_out, i1 %l2_bits_4_load"   --->   Operation 921 'write' 'write_ln0' <Predicate = (icmp_ln120)> <Delay = 0.00>
ST_5 : Operation 922 [1/1] (0.00ns)   --->   "%write_ln0 = write void @_ssdm_op_Write.ap_auto.i1P0A, i1 %l2_bits_3_out, i1 %l2_bits_3_load"   --->   Operation 922 'write' 'write_ln0' <Predicate = (icmp_ln120)> <Delay = 0.00>
ST_5 : Operation 923 [1/1] (0.00ns)   --->   "%write_ln0 = write void @_ssdm_op_Write.ap_auto.i1P0A, i1 %l2_bits_2_out, i1 %l2_bits_2_load"   --->   Operation 923 'write' 'write_ln0' <Predicate = (icmp_ln120)> <Delay = 0.00>
ST_5 : Operation 924 [1/1] (0.00ns)   --->   "%write_ln0 = write void @_ssdm_op_Write.ap_auto.i1P0A, i1 %l2_bits_1_out, i1 %l2_bits_1_load"   --->   Operation 924 'write' 'write_ln0' <Predicate = (icmp_ln120)> <Delay = 0.00>
ST_5 : Operation 925 [1/1] (0.00ns)   --->   "%write_ln0 = write void @_ssdm_op_Write.ap_auto.i1P0A, i1 %l2_bits_out, i1 %l2_bits_load"   --->   Operation 925 'write' 'write_ln0' <Predicate = (icmp_ln120)> <Delay = 0.00>
ST_5 : Operation 926 [1/1] (1.58ns)   --->   "%ret_ln0 = ret"   --->   Operation 926 'ret' 'ret_ln0' <Predicate = (icmp_ln120)> <Delay = 1.58>

State 6 <SV = 5> <Delay = 3.25>
ST_6 : Operation 794 [1/1] (0.00ns)   --->   "%specpipeline_ln121 = specpipeline void @_ssdm_op_SpecPipeline, i32 1, i32 0, i32 0, i32 0, void @empty_8" [bnn.cpp:121]   --->   Operation 794 'specpipeline' 'specpipeline_ln121' <Predicate = true> <Delay = 0.00>
ST_6 : Operation 795 [1/1] (0.00ns)   --->   "%speclooptripcount_ln116 = speclooptripcount void @_ssdm_op_SpecLoopTripCount, i64 64, i64 64, i64 64" [bnn.cpp:116]   --->   Operation 795 'speclooptripcount' 'speclooptripcount_ln116' <Predicate = true> <Delay = 0.00>
ST_6 : Operation 796 [1/1] (0.00ns)   --->   "%specloopname_ln120 = specloopname void @_ssdm_op_SpecLoopName, void @empty" [bnn.cpp:120]   --->   Operation 796 'specloopname' 'specloopname_ln120' <Predicate = true> <Delay = 0.00>
ST_6 : Operation 797 [1/2] ( I:3.25ns O:3.25ns )   --->   "%store_ln126 = store i32 %sext_ln123, i6 %l2_out_addr" [bnn.cpp:126]   --->   Operation 797 'store' 'store_ln126' <Predicate = true> <Delay = 3.25> <CoreInst = "RAM_1P">   --->   Core 85 'RAM_1P' <Latency = 1> <II = 1> <Delay = 3.25> <Storage> <Opcode : 'load' 'store'> <Ports = 1> <Width = 32> <Depth = 64> <RAM>


============================================================
+ Verbose Summary: Binding
============================================================
STG Binding: 
---------------- STG Properties BEGIN ----------------
- Is combinational: 0
- Is one-state seq: 0
- Is datapath-only: 0
- Is pipelined: 0
- Is top level: 0
Port [ Return ] is wired: 1; IO mode=ap_ctrl_hs:ce=0
Port [ p_0_028288_reload]:  wired=1; compound=0; hidden=0; nouse=0; global=0; static=0; extern=0; dir=0; type=0; pingpong=0; private_global=0; IO mode=ap_none:ce=0
Port [ p_0_0282_190_reload]:  wired=1; compound=0; hidden=0; nouse=0; global=0; static=0; extern=0; dir=0; type=0; pingpong=0; private_global=0; IO mode=ap_none:ce=0
Port [ p_0_0282_292_reload]:  wired=1; compound=0; hidden=0; nouse=0; global=0; static=0; extern=0; dir=0; type=0; pingpong=0; private_global=0; IO mode=ap_none:ce=0
Port [ p_0_0282_394_reload]:  wired=1; compound=0; hidden=0; nouse=0; global=0; static=0; extern=0; dir=0; type=0; pingpong=0; private_global=0; IO mode=ap_none:ce=0
Port [ p_0_0282_496_reload]:  wired=1; compound=0; hidden=0; nouse=0; global=0; static=0; extern=0; dir=0; type=0; pingpong=0; private_global=0; IO mode=ap_none:ce=0
Port [ p_0_0282_598_reload]:  wired=1; compound=0; hidden=0; nouse=0; global=0; static=0; extern=0; dir=0; type=0; pingpong=0; private_global=0; IO mode=ap_none:ce=0
Port [ p_0_0282_6100_reload]:  wired=1; compound=0; hidden=0; nouse=0; global=0; static=0; extern=0; dir=0; type=0; pingpong=0; private_global=0; IO mode=ap_none:ce=0
Port [ p_0_0282_7102_reload]:  wired=1; compound=0; hidden=0; nouse=0; global=0; static=0; extern=0; dir=0; type=0; pingpong=0; private_global=0; IO mode=ap_none:ce=0
Port [ l2_out]:  wired=1; compound=1; hidden=0; nouse=0; global=0; static=0; extern=0; dir=1; type=1; pingpong=0; private_global=0; MemPort=[0]; IO mode=ap_memory:ce=0
Port [ l2_bits_63_out]:  wired=1; compound=0; hidden=0; nouse=0; global=0; static=0; extern=0; dir=1; type=0; pingpong=0; private_global=0; IO mode=ap_vld:ce=0
Port [ l2_bits_62_out]:  wired=1; compound=0; hidden=0; nouse=0; global=0; static=0; extern=0; dir=1; type=0; pingpong=0; private_global=0; IO mode=ap_vld:ce=0
Port [ l2_bits_61_out]:  wired=1; compound=0; hidden=0; nouse=0; global=0; static=0; extern=0; dir=1; type=0; pingpong=0; private_global=0; IO mode=ap_vld:ce=0
Port [ l2_bits_60_out]:  wired=1; compound=0; hidden=0; nouse=0; global=0; static=0; extern=0; dir=1; type=0; pingpong=0; private_global=0; IO mode=ap_vld:ce=0
Port [ l2_bits_59_out]:  wired=1; compound=0; hidden=0; nouse=0; global=0; static=0; extern=0; dir=1; type=0; pingpong=0; private_global=0; IO mode=ap_vld:ce=0
Port [ l2_bits_58_out]:  wired=1; compound=0; hidden=0; nouse=0; global=0; static=0; extern=0; dir=1; type=0; pingpong=0; private_global=0; IO mode=ap_vld:ce=0
Port [ l2_bits_57_out]:  wired=1; compound=0; hidden=0; nouse=0; global=0; static=0; extern=0; dir=1; type=0; pingpong=0; private_global=0; IO mode=ap_vld:ce=0
Port [ l2_bits_56_out]:  wired=1; compound=0; hidden=0; nouse=0; global=0; static=0; extern=0; dir=1; type=0; pingpong=0; private_global=0; IO mode=ap_vld:ce=0
Port [ l2_bits_55_out]:  wired=1; compound=0; hidden=0; nouse=0; global=0; static=0; extern=0; dir=1; type=0; pingpong=0; private_global=0; IO mode=ap_vld:ce=0
Port [ l2_bits_54_out]:  wired=1; compound=0; hidden=0; nouse=0; global=0; static=0; extern=0; dir=1; type=0; pingpong=0; private_global=0; IO mode=ap_vld:ce=0
Port [ l2_bits_53_out]:  wired=1; compound=0; hidden=0; nouse=0; global=0; static=0; extern=0; dir=1; type=0; pingpong=0; private_global=0; IO mode=ap_vld:ce=0
Port [ l2_bits_52_out]:  wired=1; compound=0; hidden=0; nouse=0; global=0; static=0; extern=0; dir=1; type=0; pingpong=0; private_global=0; IO mode=ap_vld:ce=0
Port [ l2_bits_51_out]:  wired=1; compound=0; hidden=0; nouse=0; global=0; static=0; extern=0; dir=1; type=0; pingpong=0; private_global=0; IO mode=ap_vld:ce=0
Port [ l2_bits_50_out]:  wired=1; compound=0; hidden=0; nouse=0; global=0; static=0; extern=0; dir=1; type=0; pingpong=0; private_global=0; IO mode=ap_vld:ce=0
Port [ l2_bits_49_out]:  wired=1; compound=0; hidden=0; nouse=0; global=0; static=0; extern=0; dir=1; type=0; pingpong=0; private_global=0; IO mode=ap_vld:ce=0
Port [ l2_bits_48_out]:  wired=1; compound=0; hidden=0; nouse=0; global=0; static=0; extern=0; dir=1; type=0; pingpong=0; private_global=0; IO mode=ap_vld:ce=0
Port [ l2_bits_47_out]:  wired=1; compound=0; hidden=0; nouse=0; global=0; static=0; extern=0; dir=1; type=0; pingpong=0; private_global=0; IO mode=ap_vld:ce=0
Port [ l2_bits_46_out]:  wired=1; compound=0; hidden=0; nouse=0; global=0; static=0; extern=0; dir=1; type=0; pingpong=0; private_global=0; IO mode=ap_vld:ce=0
Port [ l2_bits_45_out]:  wired=1; compound=0; hidden=0; nouse=0; global=0; static=0; extern=0; dir=1; type=0; pingpong=0; private_global=0; IO mode=ap_vld:ce=0
Port [ l2_bits_44_out]:  wired=1; compound=0; hidden=0; nouse=0; global=0; static=0; extern=0; dir=1; type=0; pingpong=0; private_global=0; IO mode=ap_vld:ce=0
Port [ l2_bits_43_out]:  wired=1; compound=0; hidden=0; nouse=0; global=0; static=0; extern=0; dir=1; type=0; pingpong=0; private_global=0; IO mode=ap_vld:ce=0
Port [ l2_bits_42_out]:  wired=1; compound=0; hidden=0; nouse=0; global=0; static=0; extern=0; dir=1; type=0; pingpong=0; private_global=0; IO mode=ap_vld:ce=0
Port [ l2_bits_41_out]:  wired=1; compound=0; hidden=0; nouse=0; global=0; static=0; extern=0; dir=1; type=0; pingpong=0; private_global=0; IO mode=ap_vld:ce=0
Port [ l2_bits_40_out]:  wired=1; compound=0; hidden=0; nouse=0; global=0; static=0; extern=0; dir=1; type=0; pingpong=0; private_global=0; IO mode=ap_vld:ce=0
Port [ l2_bits_39_out]:  wired=1; compound=0; hidden=0; nouse=0; global=0; static=0; extern=0; dir=1; type=0; pingpong=0; private_global=0; IO mode=ap_vld:ce=0
Port [ l2_bits_38_out]:  wired=1; compound=0; hidden=0; nouse=0; global=0; static=0; extern=0; dir=1; type=0; pingpong=0; private_global=0; IO mode=ap_vld:ce=0
Port [ l2_bits_37_out]:  wired=1; compound=0; hidden=0; nouse=0; global=0; static=0; extern=0; dir=1; type=0; pingpong=0; private_global=0; IO mode=ap_vld:ce=0
Port [ l2_bits_36_out]:  wired=1; compound=0; hidden=0; nouse=0; global=0; static=0; extern=0; dir=1; type=0; pingpong=0; private_global=0; IO mode=ap_vld:ce=0
Port [ l2_bits_35_out]:  wired=1; compound=0; hidden=0; nouse=0; global=0; static=0; extern=0; dir=1; type=0; pingpong=0; private_global=0; IO mode=ap_vld:ce=0
Port [ l2_bits_34_out]:  wired=1; compound=0; hidden=0; nouse=0; global=0; static=0; extern=0; dir=1; type=0; pingpong=0; private_global=0; IO mode=ap_vld:ce=0
Port [ l2_bits_33_out]:  wired=1; compound=0; hidden=0; nouse=0; global=0; static=0; extern=0; dir=1; type=0; pingpong=0; private_global=0; IO mode=ap_vld:ce=0
Port [ l2_bits_32_out]:  wired=1; compound=0; hidden=0; nouse=0; global=0; static=0; extern=0; dir=1; type=0; pingpong=0; private_global=0; IO mode=ap_vld:ce=0
Port [ l2_bits_31_out]:  wired=1; compound=0; hidden=0; nouse=0; global=0; static=0; extern=0; dir=1; type=0; pingpong=0; private_global=0; IO mode=ap_vld:ce=0
Port [ l2_bits_30_out]:  wired=1; compound=0; hidden=0; nouse=0; global=0; static=0; extern=0; dir=1; type=0; pingpong=0; private_global=0; IO mode=ap_vld:ce=0
Port [ l2_bits_29_out]:  wired=1; compound=0; hidden=0; nouse=0; global=0; static=0; extern=0; dir=1; type=0; pingpong=0; private_global=0; IO mode=ap_vld:ce=0
Port [ l2_bits_28_out]:  wired=1; compound=0; hidden=0; nouse=0; global=0; static=0; extern=0; dir=1; type=0; pingpong=0; private_global=0; IO mode=ap_vld:ce=0
Port [ l2_bits_27_out]:  wired=1; compound=0; hidden=0; nouse=0; global=0; static=0; extern=0; dir=1; type=0; pingpong=0; private_global=0; IO mode=ap_vld:ce=0
Port [ l2_bits_26_out]:  wired=1; compound=0; hidden=0; nouse=0; global=0; static=0; extern=0; dir=1; type=0; pingpong=0; private_global=0; IO mode=ap_vld:ce=0
Port [ l2_bits_25_out]:  wired=1; compound=0; hidden=0; nouse=0; global=0; static=0; extern=0; dir=1; type=0; pingpong=0; private_global=0; IO mode=ap_vld:ce=0
Port [ l2_bits_24_out]:  wired=1; compound=0; hidden=0; nouse=0; global=0; static=0; extern=0; dir=1; type=0; pingpong=0; private_global=0; IO mode=ap_vld:ce=0
Port [ l2_bits_23_out]:  wired=1; compound=0; hidden=0; nouse=0; global=0; static=0; extern=0; dir=1; type=0; pingpong=0; private_global=0; IO mode=ap_vld:ce=0
Port [ l2_bits_22_out]:  wired=1; compound=0; hidden=0; nouse=0; global=0; static=0; extern=0; dir=1; type=0; pingpong=0; private_global=0; IO mode=ap_vld:ce=0
Port [ l2_bits_21_out]:  wired=1; compound=0; hidden=0; nouse=0; global=0; static=0; extern=0; dir=1; type=0; pingpong=0; private_global=0; IO mode=ap_vld:ce=0
Port [ l2_bits_20_out]:  wired=1; compound=0; hidden=0; nouse=0; global=0; static=0; extern=0; dir=1; type=0; pingpong=0; private_global=0; IO mode=ap_vld:ce=0
Port [ l2_bits_19_out]:  wired=1; compound=0; hidden=0; nouse=0; global=0; static=0; extern=0; dir=1; type=0; pingpong=0; private_global=0; IO mode=ap_vld:ce=0
Port [ l2_bits_18_out]:  wired=1; compound=0; hidden=0; nouse=0; global=0; static=0; extern=0; dir=1; type=0; pingpong=0; private_global=0; IO mode=ap_vld:ce=0
Port [ l2_bits_17_out]:  wired=1; compound=0; hidden=0; nouse=0; global=0; static=0; extern=0; dir=1; type=0; pingpong=0; private_global=0; IO mode=ap_vld:ce=0
Port [ l2_bits_16_out]:  wired=1; compound=0; hidden=0; nouse=0; global=0; static=0; extern=0; dir=1; type=0; pingpong=0; private_global=0; IO mode=ap_vld:ce=0
Port [ l2_bits_15_out]:  wired=1; compound=0; hidden=0; nouse=0; global=0; static=0; extern=0; dir=1; type=0; pingpong=0; private_global=0; IO mode=ap_vld:ce=0
Port [ l2_bits_14_out]:  wired=1; compound=0; hidden=0; nouse=0; global=0; static=0; extern=0; dir=1; type=0; pingpong=0; private_global=0; IO mode=ap_vld:ce=0
Port [ l2_bits_13_out]:  wired=1; compound=0; hidden=0; nouse=0; global=0; static=0; extern=0; dir=1; type=0; pingpong=0; private_global=0; IO mode=ap_vld:ce=0
Port [ l2_bits_12_out]:  wired=1; compound=0; hidden=0; nouse=0; global=0; static=0; extern=0; dir=1; type=0; pingpong=0; private_global=0; IO mode=ap_vld:ce=0
Port [ l2_bits_11_out]:  wired=1; compound=0; hidden=0; nouse=0; global=0; static=0; extern=0; dir=1; type=0; pingpong=0; private_global=0; IO mode=ap_vld:ce=0
Port [ l2_bits_10_out]:  wired=1; compound=0; hidden=0; nouse=0; global=0; static=0; extern=0; dir=1; type=0; pingpong=0; private_global=0; IO mode=ap_vld:ce=0
Port [ l2_bits_9_out]:  wired=1; compound=0; hidden=0; nouse=0; global=0; static=0; extern=0; dir=1; type=0; pingpong=0; private_global=0; IO mode=ap_vld:ce=0
Port [ l2_bits_8_out]:  wired=1; compound=0; hidden=0; nouse=0; global=0; static=0; extern=0; dir=1; type=0; pingpong=0; private_global=0; IO mode=ap_vld:ce=0
Port [ l2_bits_7_out]:  wired=1; compound=0; hidden=0; nouse=0; global=0; static=0; extern=0; dir=1; type=0; pingpong=0; private_global=0; IO mode=ap_vld:ce=0
Port [ l2_bits_6_out]:  wired=1; compound=0; hidden=0; nouse=0; global=0; static=0; extern=0; dir=1; type=0; pingpong=0; private_global=0; IO mode=ap_vld:ce=0
Port [ l2_bits_5_out]:  wired=1; compound=0; hidden=0; nouse=0; global=0; static=0; extern=0; dir=1; type=0; pingpong=0; private_global=0; IO mode=ap_vld:ce=0
Port [ l2_bits_4_out]:  wired=1; compound=0; hidden=0; nouse=0; global=0; static=0; extern=0; dir=1; type=0; pingpong=0; private_global=0; IO mode=ap_vld:ce=0
Port [ l2_bits_3_out]:  wired=1; compound=0; hidden=0; nouse=0; global=0; static=0; extern=0; dir=1; type=0; pingpong=0; private_global=0; IO mode=ap_vld:ce=0
Port [ l2_bits_2_out]:  wired=1; compound=0; hidden=0; nouse=0; global=0; static=0; extern=0; dir=1; type=0; pingpong=0; private_global=0; IO mode=ap_vld:ce=0
Port [ l2_bits_1_out]:  wired=1; compound=0; hidden=0; nouse=0; global=0; static=0; extern=0; dir=1; type=0; pingpong=0; private_global=0; IO mode=ap_vld:ce=0
Port [ l2_bits_out]:  wired=1; compound=0; hidden=0; nouse=0; global=0; static=0; extern=0; dir=1; type=0; pingpong=0; private_global=0; IO mode=ap_vld:ce=0
Port [ w2]:  wired=0; compound=1; hidden=1; nouse=0; global=1; static=1; extern=0; dir=0; type=1; pingpong=0; private_global=1; MemPort=[11111111]; IO mode=ap_memory:ce=0
---------------- STG Properties END ------------------

---------------- Datapath Model BEGIN ----------------

<LifeTime>
<method=bitvector/>
n_1                       (alloca           ) [ 0100000]
l2_bits                   (alloca           ) [ 0111110]
l2_bits_1                 (alloca           ) [ 0111110]
l2_bits_2                 (alloca           ) [ 0111110]
l2_bits_3                 (alloca           ) [ 0111110]
l2_bits_4                 (alloca           ) [ 0111110]
l2_bits_5                 (alloca           ) [ 0111110]
l2_bits_6                 (alloca           ) [ 0111110]
l2_bits_7                 (alloca           ) [ 0111110]
l2_bits_8                 (alloca           ) [ 0111110]
l2_bits_9                 (alloca           ) [ 0111110]
l2_bits_10                (alloca           ) [ 0111110]
l2_bits_11                (alloca           ) [ 0111110]
l2_bits_12                (alloca           ) [ 0111110]
l2_bits_13                (alloca           ) [ 0111110]
l2_bits_14                (alloca           ) [ 0111110]
l2_bits_15                (alloca           ) [ 0111110]
l2_bits_16                (alloca           ) [ 0111110]
l2_bits_17                (alloca           ) [ 0111110]
l2_bits_18                (alloca           ) [ 0111110]
l2_bits_19                (alloca           ) [ 0111110]
l2_bits_20                (alloca           ) [ 0111110]
l2_bits_21                (alloca           ) [ 0111110]
l2_bits_22                (alloca           ) [ 0111110]
l2_bits_23                (alloca           ) [ 0111110]
l2_bits_24                (alloca           ) [ 0111110]
l2_bits_25                (alloca           ) [ 0111110]
l2_bits_26                (alloca           ) [ 0111110]
l2_bits_27                (alloca           ) [ 0111110]
l2_bits_28                (alloca           ) [ 0111110]
l2_bits_29                (alloca           ) [ 0111110]
l2_bits_30                (alloca           ) [ 0111110]
l2_bits_31                (alloca           ) [ 0111110]
l2_bits_32                (alloca           ) [ 0111110]
l2_bits_33                (alloca           ) [ 0111110]
l2_bits_34                (alloca           ) [ 0111110]
l2_bits_35                (alloca           ) [ 0111110]
l2_bits_36                (alloca           ) [ 0111110]
l2_bits_37                (alloca           ) [ 0111110]
l2_bits_38                (alloca           ) [ 0111110]
l2_bits_39                (alloca           ) [ 0111110]
l2_bits_40                (alloca           ) [ 0111110]
l2_bits_41                (alloca           ) [ 0111110]
l2_bits_42                (alloca           ) [ 0111110]
l2_bits_43                (alloca           ) [ 0111110]
l2_bits_44                (alloca           ) [ 0111110]
l2_bits_45                (alloca           ) [ 0111110]
l2_bits_46                (alloca           ) [ 0111110]
l2_bits_47                (alloca           ) [ 0111110]
l2_bits_48                (alloca           ) [ 0111110]
l2_bits_49                (alloca           ) [ 0111110]
l2_bits_50                (alloca           ) [ 0111110]
l2_bits_51                (alloca           ) [ 0111110]
l2_bits_52                (alloca           ) [ 0111110]
l2_bits_53                (alloca           ) [ 0111110]
l2_bits_54                (alloca           ) [ 0111110]
l2_bits_55                (alloca           ) [ 0111110]
l2_bits_56                (alloca           ) [ 0111110]
l2_bits_57                (alloca           ) [ 0111110]
l2_bits_58                (alloca           ) [ 0111110]
l2_bits_59                (alloca           ) [ 0111110]
l2_bits_60                (alloca           ) [ 0111110]
l2_bits_61                (alloca           ) [ 0111110]
l2_bits_62                (alloca           ) [ 0111110]
l2_bits_63                (alloca           ) [ 0111110]
specmemcore_ln0           (specmemcore      ) [ 0000000]
specinterface_ln0         (specinterface    ) [ 0000000]
p_0_0282_7102_reload_read (read             ) [ 0110000]
p_0_0282_6100_reload_read (read             ) [ 0110000]
p_0_0282_598_reload_read  (read             ) [ 0110000]
p_0_0282_496_reload_read  (read             ) [ 0110000]
p_0_0282_394_reload_read  (read             ) [ 0110000]
p_0_0282_292_reload_read  (read             ) [ 0110000]
p_0_0282_190_reload_read  (read             ) [ 0110000]
p_0_028288_reload_read    (read             ) [ 0110000]
store_ln120               (store            ) [ 0000000]
br_ln0                    (br               ) [ 0000000]
n                         (load             ) [ 0111110]
icmp_ln120                (icmp             ) [ 0111110]
add_ln120                 (add              ) [ 0000000]
br_ln120                  (br               ) [ 0000000]
trunc_ln120               (trunc            ) [ 0111110]
shl_ln1                   (bitconcatenate   ) [ 0000000]
zext_ln60                 (zext             ) [ 0000000]
w2_addr                   (getelementptr    ) [ 0110000]
or_ln                     (bitconcatenate   ) [ 0000000]
zext_ln60_4               (zext             ) [ 0000000]
w2_addr_1                 (getelementptr    ) [ 0110000]
or_ln60_1                 (bitconcatenate   ) [ 0000000]
zext_ln60_5               (zext             ) [ 0000000]
w2_addr_2                 (getelementptr    ) [ 0110000]
or_ln60_2                 (bitconcatenate   ) [ 0000000]
zext_ln60_6               (zext             ) [ 0000000]
w2_addr_3                 (getelementptr    ) [ 0110000]
or_ln60_3                 (bitconcatenate   ) [ 0000000]
zext_ln60_7               (zext             ) [ 0000000]
w2_addr_4                 (getelementptr    ) [ 0110000]
or_ln60_4                 (bitconcatenate   ) [ 0000000]
zext_ln60_8               (zext             ) [ 0000000]
w2_addr_5                 (getelementptr    ) [ 0110000]
or_ln60_5                 (bitconcatenate   ) [ 0000000]
zext_ln60_9               (zext             ) [ 0000000]
w2_addr_6                 (getelementptr    ) [ 0110000]
or_ln60_6                 (bitconcatenate   ) [ 0000000]
zext_ln60_10              (zext             ) [ 0000000]
w2_addr_7                 (getelementptr    ) [ 0110000]
switch_ln129              (switch           ) [ 0000000]
store_ln120               (store            ) [ 0000000]
br_ln120                  (br               ) [ 0000000]
w2_load                   (load             ) [ 0000000]
xor_ln60                  (xor              ) [ 0000000]
xnor                      (xor              ) [ 0000000]
cnt                       (trunc            ) [ 0000000]
zext_ln8                  (zext             ) [ 0000000]
tmp                       (bitselect        ) [ 0000000]
zext_ln11                 (zext             ) [ 0000000]
tmp_60                    (bitselect        ) [ 0000000]
zext_ln11_116             (zext             ) [ 0000000]
tmp_61                    (bitselect        ) [ 0000000]
zext_ln11_117             (zext             ) [ 0000000]
tmp_62                    (bitselect        ) [ 0000000]
zext_ln11_118             (zext             ) [ 0000000]
tmp_63                    (bitselect        ) [ 0000000]
zext_ln11_119             (zext             ) [ 0000000]
tmp_64                    (bitselect        ) [ 0000000]
zext_ln11_120             (zext             ) [ 0000000]
tmp_65                    (bitselect        ) [ 0000000]
zext_ln11_121             (zext             ) [ 0000000]
tmp_66                    (bitselect        ) [ 0000000]
zext_ln11_122             (zext             ) [ 0000000]
tmp_67                    (bitselect        ) [ 0000000]
zext_ln11_123             (zext             ) [ 0000000]
tmp_68                    (bitselect        ) [ 0000000]
zext_ln11_124             (zext             ) [ 0000000]
tmp_69                    (bitselect        ) [ 0000000]
zext_ln11_125             (zext             ) [ 0000000]
tmp_70                    (bitselect        ) [ 0000000]
zext_ln11_126             (zext             ) [ 0000000]
tmp_71                    (bitselect        ) [ 0000000]
zext_ln11_127             (zext             ) [ 0000000]
tmp_72                    (bitselect        ) [ 0000000]
zext_ln11_128             (zext             ) [ 0000000]
tmp_73                    (bitselect        ) [ 0000000]
zext_ln11_129             (zext             ) [ 0000000]
add_ln11                  (add              ) [ 0101000]
add_ln11_60               (add              ) [ 0101000]
add_ln11_62               (add              ) [ 0101000]
add_ln11_63               (add              ) [ 0101000]
add_ln11_66               (add              ) [ 0101000]
add_ln11_67               (add              ) [ 0101000]
add_ln11_69               (add              ) [ 0101000]
add_ln11_70               (add              ) [ 0101000]
w2_load_1                 (load             ) [ 0000000]
xor_ln60_9                (xor              ) [ 0000000]
xnor_4                    (xor              ) [ 0000000]
cnt_9                     (trunc            ) [ 0000000]
zext_ln8_4                (zext             ) [ 0000000]
tmp_74                    (bitselect        ) [ 0000000]
zext_ln11_144             (zext             ) [ 0000000]
tmp_75                    (bitselect        ) [ 0000000]
zext_ln11_145             (zext             ) [ 0000000]
tmp_76                    (bitselect        ) [ 0000000]
zext_ln11_146             (zext             ) [ 0000000]
tmp_77                    (bitselect        ) [ 0000000]
zext_ln11_147             (zext             ) [ 0000000]
tmp_78                    (bitselect        ) [ 0000000]
zext_ln11_148             (zext             ) [ 0000000]
tmp_79                    (bitselect        ) [ 0000000]
zext_ln11_149             (zext             ) [ 0000000]
tmp_80                    (bitselect        ) [ 0000000]
zext_ln11_150             (zext             ) [ 0000000]
tmp_81                    (bitselect        ) [ 0000000]
zext_ln11_151             (zext             ) [ 0000000]
tmp_82                    (bitselect        ) [ 0000000]
zext_ln11_152             (zext             ) [ 0000000]
tmp_83                    (bitselect        ) [ 0000000]
zext_ln11_153             (zext             ) [ 0000000]
tmp_84                    (bitselect        ) [ 0000000]
zext_ln11_154             (zext             ) [ 0000000]
tmp_85                    (bitselect        ) [ 0000000]
zext_ln11_155             (zext             ) [ 0000000]
tmp_86                    (bitselect        ) [ 0000000]
zext_ln11_156             (zext             ) [ 0000000]
tmp_87                    (bitselect        ) [ 0000000]
zext_ln11_157             (zext             ) [ 0000000]
tmp_88                    (bitselect        ) [ 0000000]
zext_ln11_158             (zext             ) [ 0000000]
add_ln11_74               (add              ) [ 0101000]
add_ln11_75               (add              ) [ 0101000]
add_ln11_77               (add              ) [ 0101000]
add_ln11_78               (add              ) [ 0101000]
add_ln11_81               (add              ) [ 0101000]
add_ln11_82               (add              ) [ 0101000]
add_ln11_84               (add              ) [ 0101000]
add_ln11_85               (add              ) [ 0101000]
w2_load_2                 (load             ) [ 0000000]
xor_ln60_11               (xor              ) [ 0000000]
xnor_5                    (xor              ) [ 0000000]
cnt_11                    (trunc            ) [ 0000000]
zext_ln8_5                (zext             ) [ 0000000]
tmp_89                    (bitselect        ) [ 0000000]
zext_ln11_173             (zext             ) [ 0000000]
tmp_90                    (bitselect        ) [ 0000000]
zext_ln11_174             (zext             ) [ 0000000]
tmp_91                    (bitselect        ) [ 0000000]
zext_ln11_175             (zext             ) [ 0000000]
tmp_92                    (bitselect        ) [ 0000000]
zext_ln11_176             (zext             ) [ 0000000]
tmp_93                    (bitselect        ) [ 0000000]
zext_ln11_177             (zext             ) [ 0000000]
tmp_94                    (bitselect        ) [ 0000000]
zext_ln11_178             (zext             ) [ 0000000]
tmp_95                    (bitselect        ) [ 0000000]
zext_ln11_179             (zext             ) [ 0000000]
tmp_96                    (bitselect        ) [ 0000000]
zext_ln11_180             (zext             ) [ 0000000]
tmp_97                    (bitselect        ) [ 0000000]
zext_ln11_181             (zext             ) [ 0000000]
tmp_98                    (bitselect        ) [ 0000000]
zext_ln11_182             (zext             ) [ 0000000]
tmp_99                    (bitselect        ) [ 0000000]
zext_ln11_183             (zext             ) [ 0000000]
tmp_100                   (bitselect        ) [ 0000000]
zext_ln11_184             (zext             ) [ 0000000]
tmp_101                   (bitselect        ) [ 0000000]
zext_ln11_185             (zext             ) [ 0000000]
tmp_102                   (bitselect        ) [ 0000000]
zext_ln11_186             (zext             ) [ 0000000]
tmp_103                   (bitselect        ) [ 0000000]
zext_ln11_187             (zext             ) [ 0000000]
add_ln11_89               (add              ) [ 0101000]
add_ln11_90               (add              ) [ 0101000]
add_ln11_92               (add              ) [ 0101000]
add_ln11_93               (add              ) [ 0101000]
add_ln11_96               (add              ) [ 0101000]
add_ln11_97               (add              ) [ 0101000]
add_ln11_99               (add              ) [ 0101000]
add_ln11_100              (add              ) [ 0101000]
w2_load_3                 (load             ) [ 0000000]
xor_ln60_13               (xor              ) [ 0000000]
xnor_6                    (xor              ) [ 0000000]
cnt_13                    (trunc            ) [ 0000000]
zext_ln8_6                (zext             ) [ 0000000]
tmp_104                   (bitselect        ) [ 0000000]
zext_ln11_202             (zext             ) [ 0000000]
tmp_105                   (bitselect        ) [ 0000000]
zext_ln11_203             (zext             ) [ 0000000]
tmp_106                   (bitselect        ) [ 0000000]
zext_ln11_204             (zext             ) [ 0000000]
tmp_107                   (bitselect        ) [ 0000000]
zext_ln11_205             (zext             ) [ 0000000]
tmp_108                   (bitselect        ) [ 0000000]
zext_ln11_206             (zext             ) [ 0000000]
tmp_109                   (bitselect        ) [ 0000000]
zext_ln11_207             (zext             ) [ 0000000]
tmp_110                   (bitselect        ) [ 0000000]
zext_ln11_208             (zext             ) [ 0000000]
tmp_111                   (bitselect        ) [ 0000000]
zext_ln11_209             (zext             ) [ 0000000]
tmp_112                   (bitselect        ) [ 0000000]
zext_ln11_210             (zext             ) [ 0000000]
tmp_113                   (bitselect        ) [ 0000000]
zext_ln11_211             (zext             ) [ 0000000]
tmp_114                   (bitselect        ) [ 0000000]
zext_ln11_212             (zext             ) [ 0000000]
tmp_115                   (bitselect        ) [ 0000000]
zext_ln11_213             (zext             ) [ 0000000]
tmp_116                   (bitselect        ) [ 0000000]
zext_ln11_214             (zext             ) [ 0000000]
tmp_117                   (bitselect        ) [ 0000000]
zext_ln11_215             (zext             ) [ 0000000]
tmp_118                   (bitselect        ) [ 0000000]
zext_ln11_216             (zext             ) [ 0000000]
add_ln11_104              (add              ) [ 0101000]
add_ln11_105              (add              ) [ 0101000]
add_ln11_107              (add              ) [ 0101000]
add_ln11_108              (add              ) [ 0101000]
add_ln11_111              (add              ) [ 0101000]
add_ln11_112              (add              ) [ 0101000]
add_ln11_114              (add              ) [ 0101000]
add_ln11_115              (add              ) [ 0101000]
w2_load_4                 (load             ) [ 0000000]
xor_ln60_15               (xor              ) [ 0000000]
xnor_7                    (xor              ) [ 0000000]
cnt_15                    (trunc            ) [ 0000000]
zext_ln8_7                (zext             ) [ 0000000]
tmp_119                   (bitselect        ) [ 0000000]
zext_ln11_231             (zext             ) [ 0000000]
tmp_120                   (bitselect        ) [ 0000000]
zext_ln11_232             (zext             ) [ 0000000]
tmp_121                   (bitselect        ) [ 0000000]
zext_ln11_233             (zext             ) [ 0000000]
tmp_122                   (bitselect        ) [ 0000000]
zext_ln11_234             (zext             ) [ 0000000]
tmp_123                   (bitselect        ) [ 0000000]
zext_ln11_235             (zext             ) [ 0000000]
tmp_124                   (bitselect        ) [ 0000000]
zext_ln11_236             (zext             ) [ 0000000]
tmp_125                   (bitselect        ) [ 0000000]
zext_ln11_237             (zext             ) [ 0000000]
tmp_126                   (bitselect        ) [ 0000000]
zext_ln11_238             (zext             ) [ 0000000]
tmp_127                   (bitselect        ) [ 0000000]
zext_ln11_239             (zext             ) [ 0000000]
tmp_128                   (bitselect        ) [ 0000000]
zext_ln11_240             (zext             ) [ 0000000]
tmp_129                   (bitselect        ) [ 0000000]
zext_ln11_241             (zext             ) [ 0000000]
tmp_130                   (bitselect        ) [ 0000000]
zext_ln11_242             (zext             ) [ 0000000]
tmp_131                   (bitselect        ) [ 0000000]
zext_ln11_243             (zext             ) [ 0000000]
tmp_132                   (bitselect        ) [ 0000000]
zext_ln11_244             (zext             ) [ 0000000]
tmp_133                   (bitselect        ) [ 0000000]
zext_ln11_245             (zext             ) [ 0000000]
add_ln11_119              (add              ) [ 0101000]
add_ln11_120              (add              ) [ 0101000]
add_ln11_122              (add              ) [ 0101000]
add_ln11_123              (add              ) [ 0101000]
add_ln11_126              (add              ) [ 0101000]
add_ln11_127              (add              ) [ 0101000]
add_ln11_129              (add              ) [ 0101000]
add_ln11_130              (add              ) [ 0101000]
w2_load_5                 (load             ) [ 0000000]
xor_ln60_17               (xor              ) [ 0000000]
xnor_8                    (xor              ) [ 0000000]
cnt_17                    (trunc            ) [ 0000000]
zext_ln8_8                (zext             ) [ 0000000]
tmp_134                   (bitselect        ) [ 0000000]
zext_ln11_260             (zext             ) [ 0000000]
tmp_135                   (bitselect        ) [ 0000000]
zext_ln11_261             (zext             ) [ 0000000]
tmp_136                   (bitselect        ) [ 0000000]
zext_ln11_262             (zext             ) [ 0000000]
tmp_137                   (bitselect        ) [ 0000000]
zext_ln11_263             (zext             ) [ 0000000]
tmp_138                   (bitselect        ) [ 0000000]
zext_ln11_264             (zext             ) [ 0000000]
tmp_139                   (bitselect        ) [ 0000000]
zext_ln11_265             (zext             ) [ 0000000]
tmp_140                   (bitselect        ) [ 0000000]
zext_ln11_266             (zext             ) [ 0000000]
tmp_141                   (bitselect        ) [ 0000000]
zext_ln11_267             (zext             ) [ 0000000]
tmp_142                   (bitselect        ) [ 0000000]
zext_ln11_268             (zext             ) [ 0000000]
tmp_143                   (bitselect        ) [ 0000000]
zext_ln11_269             (zext             ) [ 0000000]
tmp_144                   (bitselect        ) [ 0000000]
zext_ln11_270             (zext             ) [ 0000000]
tmp_145                   (bitselect        ) [ 0000000]
zext_ln11_271             (zext             ) [ 0000000]
tmp_146                   (bitselect        ) [ 0000000]
zext_ln11_272             (zext             ) [ 0000000]
tmp_147                   (bitselect        ) [ 0000000]
zext_ln11_273             (zext             ) [ 0000000]
tmp_148                   (bitselect        ) [ 0000000]
zext_ln11_274             (zext             ) [ 0000000]
add_ln11_134              (add              ) [ 0101000]
add_ln11_135              (add              ) [ 0101000]
add_ln11_137              (add              ) [ 0101000]
add_ln11_138              (add              ) [ 0101000]
add_ln11_141              (add              ) [ 0101000]
add_ln11_142              (add              ) [ 0101000]
add_ln11_144              (add              ) [ 0101000]
add_ln11_145              (add              ) [ 0101000]
w2_load_6                 (load             ) [ 0000000]
xor_ln60_19               (xor              ) [ 0000000]
xnor_9                    (xor              ) [ 0000000]
cnt_19                    (trunc            ) [ 0000000]
zext_ln8_9                (zext             ) [ 0000000]
tmp_149                   (bitselect        ) [ 0000000]
zext_ln11_289             (zext             ) [ 0000000]
tmp_150                   (bitselect        ) [ 0000000]
zext_ln11_290             (zext             ) [ 0000000]
tmp_151                   (bitselect        ) [ 0000000]
zext_ln11_291             (zext             ) [ 0000000]
tmp_152                   (bitselect        ) [ 0000000]
zext_ln11_292             (zext             ) [ 0000000]
tmp_153                   (bitselect        ) [ 0000000]
zext_ln11_293             (zext             ) [ 0000000]
tmp_154                   (bitselect        ) [ 0000000]
zext_ln11_294             (zext             ) [ 0000000]
tmp_155                   (bitselect        ) [ 0000000]
zext_ln11_295             (zext             ) [ 0000000]
tmp_156                   (bitselect        ) [ 0000000]
zext_ln11_296             (zext             ) [ 0000000]
tmp_157                   (bitselect        ) [ 0000000]
zext_ln11_297             (zext             ) [ 0000000]
tmp_158                   (bitselect        ) [ 0000000]
zext_ln11_298             (zext             ) [ 0000000]
tmp_159                   (bitselect        ) [ 0000000]
zext_ln11_299             (zext             ) [ 0000000]
tmp_160                   (bitselect        ) [ 0000000]
zext_ln11_300             (zext             ) [ 0000000]
tmp_161                   (bitselect        ) [ 0000000]
zext_ln11_301             (zext             ) [ 0000000]
tmp_162                   (bitselect        ) [ 0000000]
zext_ln11_302             (zext             ) [ 0000000]
tmp_163                   (bitselect        ) [ 0000000]
zext_ln11_303             (zext             ) [ 0000000]
add_ln11_149              (add              ) [ 0101000]
add_ln11_150              (add              ) [ 0101000]
add_ln11_152              (add              ) [ 0101000]
add_ln11_153              (add              ) [ 0101000]
add_ln11_156              (add              ) [ 0101000]
add_ln11_157              (add              ) [ 0101000]
add_ln11_159              (add              ) [ 0101000]
add_ln11_160              (add              ) [ 0101000]
w2_load_7                 (load             ) [ 0000000]
xor_ln60_21               (xor              ) [ 0000000]
xnor_10                   (xor              ) [ 0000000]
cnt_21                    (trunc            ) [ 0000000]
zext_ln8_10               (zext             ) [ 0000000]
tmp_164                   (bitselect        ) [ 0000000]
zext_ln11_318             (zext             ) [ 0000000]
tmp_165                   (bitselect        ) [ 0000000]
zext_ln11_319             (zext             ) [ 0000000]
tmp_166                   (bitselect        ) [ 0000000]
zext_ln11_320             (zext             ) [ 0000000]
tmp_167                   (bitselect        ) [ 0000000]
zext_ln11_321             (zext             ) [ 0000000]
tmp_168                   (bitselect        ) [ 0000000]
zext_ln11_322             (zext             ) [ 0000000]
tmp_169                   (bitselect        ) [ 0000000]
zext_ln11_323             (zext             ) [ 0000000]
tmp_170                   (bitselect        ) [ 0000000]
zext_ln11_324             (zext             ) [ 0000000]
tmp_171                   (bitselect        ) [ 0000000]
zext_ln11_325             (zext             ) [ 0000000]
tmp_172                   (bitselect        ) [ 0000000]
zext_ln11_326             (zext             ) [ 0000000]
tmp_173                   (bitselect        ) [ 0000000]
zext_ln11_327             (zext             ) [ 0000000]
tmp_174                   (bitselect        ) [ 0000000]
zext_ln11_328             (zext             ) [ 0000000]
tmp_175                   (bitselect        ) [ 0000000]
zext_ln11_329             (zext             ) [ 0000000]
tmp_176                   (bitselect        ) [ 0000000]
zext_ln11_330             (zext             ) [ 0000000]
tmp_177                   (bitselect        ) [ 0000000]
zext_ln11_331             (zext             ) [ 0000000]
tmp_178                   (bitselect        ) [ 0000000]
zext_ln11_332             (zext             ) [ 0000000]
add_ln11_164              (add              ) [ 0101000]
add_ln11_165              (add              ) [ 0101000]
add_ln11_167              (add              ) [ 0101000]
add_ln11_168              (add              ) [ 0101000]
add_ln11_171              (add              ) [ 0101000]
add_ln11_172              (add              ) [ 0101000]
add_ln11_174              (add              ) [ 0101000]
add_ln11_175              (add              ) [ 0101000]
zext_ln11_130             (zext             ) [ 0000000]
zext_ln11_131             (zext             ) [ 0000000]
add_ln11_61               (add              ) [ 0000000]
zext_ln11_132             (zext             ) [ 0000000]
zext_ln11_133             (zext             ) [ 0000000]
zext_ln11_134             (zext             ) [ 0000000]
add_ln11_64               (add              ) [ 0000000]
zext_ln11_135             (zext             ) [ 0000000]
add_ln11_65               (add              ) [ 0000000]
zext_ln11_136             (zext             ) [ 0000000]
zext_ln11_137             (zext             ) [ 0000000]
zext_ln11_138             (zext             ) [ 0000000]
add_ln11_68               (add              ) [ 0000000]
zext_ln11_139             (zext             ) [ 0000000]
zext_ln11_140             (zext             ) [ 0000000]
zext_ln11_141             (zext             ) [ 0000000]
add_ln11_71               (add              ) [ 0000000]
zext_ln11_142             (zext             ) [ 0000000]
add_ln11_72               (add              ) [ 0000000]
zext_ln11_143             (zext             ) [ 0000000]
cnt_8                     (add              ) [ 0000000]
zext_ln11_159             (zext             ) [ 0000000]
zext_ln11_160             (zext             ) [ 0000000]
add_ln11_76               (add              ) [ 0000000]
zext_ln11_161             (zext             ) [ 0000000]
zext_ln11_162             (zext             ) [ 0000000]
zext_ln11_163             (zext             ) [ 0000000]
add_ln11_79               (add              ) [ 0000000]
zext_ln11_164             (zext             ) [ 0000000]
add_ln11_80               (add              ) [ 0000000]
zext_ln11_165             (zext             ) [ 0000000]
zext_ln11_166             (zext             ) [ 0000000]
zext_ln11_167             (zext             ) [ 0000000]
add_ln11_83               (add              ) [ 0000000]
zext_ln11_168             (zext             ) [ 0000000]
zext_ln11_169             (zext             ) [ 0000000]
zext_ln11_170             (zext             ) [ 0000000]
add_ln11_86               (add              ) [ 0000000]
zext_ln11_171             (zext             ) [ 0000000]
add_ln11_87               (add              ) [ 0000000]
zext_ln11_172             (zext             ) [ 0000000]
cnt_10                    (add              ) [ 0000000]
zext_ln11_188             (zext             ) [ 0000000]
zext_ln11_189             (zext             ) [ 0000000]
add_ln11_91               (add              ) [ 0000000]
zext_ln11_190             (zext             ) [ 0000000]
zext_ln11_191             (zext             ) [ 0000000]
zext_ln11_192             (zext             ) [ 0000000]
add_ln11_94               (add              ) [ 0000000]
zext_ln11_193             (zext             ) [ 0000000]
add_ln11_95               (add              ) [ 0000000]
zext_ln11_194             (zext             ) [ 0000000]
zext_ln11_195             (zext             ) [ 0000000]
zext_ln11_196             (zext             ) [ 0000000]
add_ln11_98               (add              ) [ 0000000]
zext_ln11_197             (zext             ) [ 0000000]
zext_ln11_198             (zext             ) [ 0000000]
zext_ln11_199             (zext             ) [ 0000000]
add_ln11_101              (add              ) [ 0000000]
zext_ln11_200             (zext             ) [ 0000000]
add_ln11_102              (add              ) [ 0000000]
zext_ln11_201             (zext             ) [ 0000000]
cnt_12                    (add              ) [ 0000000]
zext_ln11_217             (zext             ) [ 0000000]
zext_ln11_218             (zext             ) [ 0000000]
add_ln11_106              (add              ) [ 0000000]
zext_ln11_219             (zext             ) [ 0000000]
zext_ln11_220             (zext             ) [ 0000000]
zext_ln11_221             (zext             ) [ 0000000]
add_ln11_109              (add              ) [ 0000000]
zext_ln11_222             (zext             ) [ 0000000]
add_ln11_110              (add              ) [ 0000000]
zext_ln11_223             (zext             ) [ 0000000]
zext_ln11_224             (zext             ) [ 0000000]
zext_ln11_225             (zext             ) [ 0000000]
add_ln11_113              (add              ) [ 0000000]
zext_ln11_226             (zext             ) [ 0000000]
zext_ln11_227             (zext             ) [ 0000000]
zext_ln11_228             (zext             ) [ 0000000]
add_ln11_116              (add              ) [ 0000000]
zext_ln11_229             (zext             ) [ 0000000]
add_ln11_117              (add              ) [ 0000000]
zext_ln11_230             (zext             ) [ 0000000]
cnt_14                    (add              ) [ 0000000]
zext_ln11_246             (zext             ) [ 0000000]
zext_ln11_247             (zext             ) [ 0000000]
add_ln11_121              (add              ) [ 0000000]
zext_ln11_248             (zext             ) [ 0000000]
zext_ln11_249             (zext             ) [ 0000000]
zext_ln11_250             (zext             ) [ 0000000]
add_ln11_124              (add              ) [ 0000000]
zext_ln11_251             (zext             ) [ 0000000]
add_ln11_125              (add              ) [ 0000000]
zext_ln11_252             (zext             ) [ 0000000]
zext_ln11_253             (zext             ) [ 0000000]
zext_ln11_254             (zext             ) [ 0000000]
add_ln11_128              (add              ) [ 0000000]
zext_ln11_255             (zext             ) [ 0000000]
zext_ln11_256             (zext             ) [ 0000000]
zext_ln11_257             (zext             ) [ 0000000]
add_ln11_131              (add              ) [ 0000000]
zext_ln11_258             (zext             ) [ 0000000]
add_ln11_132              (add              ) [ 0000000]
zext_ln11_259             (zext             ) [ 0000000]
cnt_16                    (add              ) [ 0000000]
zext_ln11_275             (zext             ) [ 0000000]
zext_ln11_276             (zext             ) [ 0000000]
add_ln11_136              (add              ) [ 0000000]
zext_ln11_277             (zext             ) [ 0000000]
zext_ln11_278             (zext             ) [ 0000000]
zext_ln11_279             (zext             ) [ 0000000]
add_ln11_139              (add              ) [ 0000000]
zext_ln11_280             (zext             ) [ 0000000]
add_ln11_140              (add              ) [ 0000000]
zext_ln11_281             (zext             ) [ 0000000]
zext_ln11_282             (zext             ) [ 0000000]
zext_ln11_283             (zext             ) [ 0000000]
add_ln11_143              (add              ) [ 0000000]
zext_ln11_284             (zext             ) [ 0000000]
zext_ln11_285             (zext             ) [ 0000000]
zext_ln11_286             (zext             ) [ 0000000]
add_ln11_146              (add              ) [ 0000000]
zext_ln11_287             (zext             ) [ 0000000]
add_ln11_147              (add              ) [ 0000000]
zext_ln11_288             (zext             ) [ 0000000]
cnt_18                    (add              ) [ 0000000]
zext_ln11_304             (zext             ) [ 0000000]
zext_ln11_305             (zext             ) [ 0000000]
add_ln11_151              (add              ) [ 0000000]
zext_ln11_306             (zext             ) [ 0000000]
zext_ln11_307             (zext             ) [ 0000000]
zext_ln11_308             (zext             ) [ 0000000]
add_ln11_154              (add              ) [ 0000000]
zext_ln11_309             (zext             ) [ 0000000]
add_ln11_155              (add              ) [ 0000000]
zext_ln11_310             (zext             ) [ 0000000]
zext_ln11_311             (zext             ) [ 0000000]
zext_ln11_312             (zext             ) [ 0000000]
add_ln11_158              (add              ) [ 0000000]
zext_ln11_313             (zext             ) [ 0000000]
zext_ln11_314             (zext             ) [ 0000000]
zext_ln11_315             (zext             ) [ 0000000]
add_ln11_161              (add              ) [ 0000000]
zext_ln11_316             (zext             ) [ 0000000]
add_ln11_162              (add              ) [ 0000000]
zext_ln11_317             (zext             ) [ 0000000]
cnt_20                    (add              ) [ 0000000]
zext_ln11_333             (zext             ) [ 0000000]
zext_ln11_334             (zext             ) [ 0000000]
add_ln11_166              (add              ) [ 0000000]
zext_ln11_335             (zext             ) [ 0000000]
zext_ln11_336             (zext             ) [ 0000000]
zext_ln11_337             (zext             ) [ 0000000]
add_ln11_169              (add              ) [ 0000000]
zext_ln11_338             (zext             ) [ 0000000]
add_ln11_170              (add              ) [ 0000000]
zext_ln11_339             (zext             ) [ 0000000]
zext_ln11_340             (zext             ) [ 0000000]
zext_ln11_341             (zext             ) [ 0000000]
add_ln11_173              (add              ) [ 0000000]
zext_ln11_342             (zext             ) [ 0000000]
zext_ln11_343             (zext             ) [ 0000000]
zext_ln11_344             (zext             ) [ 0000000]
add_ln11_176              (add              ) [ 0000000]
zext_ln11_345             (zext             ) [ 0000000]
add_ln11_177              (add              ) [ 0000000]
zext_ln11_346             (zext             ) [ 0000000]
cnt_22                    (add              ) [ 0000000]
zext_ln61                 (zext             ) [ 0000000]
zext_ln61_3               (zext             ) [ 0000000]
zext_ln61_4               (zext             ) [ 0000000]
zext_ln61_5               (zext             ) [ 0000000]
zext_ln61_6               (zext             ) [ 0000000]
zext_ln61_7               (zext             ) [ 0000000]
zext_ln61_8               (zext             ) [ 0000000]
zext_ln64                 (zext             ) [ 0000000]
add_ln64                  (add              ) [ 0100100]
add_ln64_4                (add              ) [ 0100100]
add_ln64_6                (add              ) [ 0100100]
add_ln64_7                (add              ) [ 0100100]
zext_ln64_3               (zext             ) [ 0000000]
zext_ln64_4               (zext             ) [ 0000000]
add_ln64_5                (add              ) [ 0000000]
zext_ln64_5               (zext             ) [ 0000000]
zext_ln64_6               (zext             ) [ 0000000]
zext_ln64_7               (zext             ) [ 0000000]
add_ln64_8                (add              ) [ 0000000]
zext_ln64_8               (zext             ) [ 0000000]
add_ln64_2                (add              ) [ 0100010]
zext_ln120                (zext             ) [ 0000000]
shl_ln64_1                (bitconcatenate   ) [ 0000000]
dot                       (add              ) [ 0000000]
sext_ln123                (sext             ) [ 0100001]
l2_out_addr               (getelementptr    ) [ 0100001]
l2_bits_64                (icmp             ) [ 0000000]
store_ln116               (store            ) [ 0000000]
br_ln129                  (br               ) [ 0000000]
store_ln116               (store            ) [ 0000000]
br_ln129                  (br               ) [ 0000000]
store_ln116               (store            ) [ 0000000]
br_ln129                  (br               ) [ 0000000]
store_ln116               (store            ) [ 0000000]
br_ln129                  (br               ) [ 0000000]
store_ln116               (store            ) [ 0000000]
br_ln129                  (br               ) [ 0000000]
store_ln116               (store            ) [ 0000000]
br_ln129                  (br               ) [ 0000000]
store_ln116               (store            ) [ 0000000]
br_ln129                  (br               ) [ 0000000]
store_ln116               (store            ) [ 0000000]
br_ln129                  (br               ) [ 0000000]
store_ln116               (store            ) [ 0000000]
br_ln129                  (br               ) [ 0000000]
store_ln116               (store            ) [ 0000000]
br_ln129                  (br               ) [ 0000000]
store_ln116               (store            ) [ 0000000]
br_ln129                  (br               ) [ 0000000]
store_ln116               (store            ) [ 0000000]
br_ln129                  (br               ) [ 0000000]
store_ln116               (store            ) [ 0000000]
br_ln129                  (br               ) [ 0000000]
store_ln116               (store            ) [ 0000000]
br_ln129                  (br               ) [ 0000000]
store_ln116               (store            ) [ 0000000]
br_ln129                  (br               ) [ 0000000]
store_ln116               (store            ) [ 0000000]
br_ln129                  (br               ) [ 0000000]
store_ln116               (store            ) [ 0000000]
br_ln129                  (br               ) [ 0000000]
store_ln116               (store            ) [ 0000000]
br_ln129                  (br               ) [ 0000000]
store_ln116               (store            ) [ 0000000]
br_ln129                  (br               ) [ 0000000]
store_ln116               (store            ) [ 0000000]
br_ln129                  (br               ) [ 0000000]
store_ln116               (store            ) [ 0000000]
br_ln129                  (br               ) [ 0000000]
store_ln116               (store            ) [ 0000000]
br_ln129                  (br               ) [ 0000000]
store_ln116               (store            ) [ 0000000]
br_ln129                  (br               ) [ 0000000]
store_ln116               (store            ) [ 0000000]
br_ln129                  (br               ) [ 0000000]
store_ln116               (store            ) [ 0000000]
br_ln129                  (br               ) [ 0000000]
store_ln116               (store            ) [ 0000000]
br_ln129                  (br               ) [ 0000000]
store_ln116               (store            ) [ 0000000]
br_ln129                  (br               ) [ 0000000]
store_ln116               (store            ) [ 0000000]
br_ln129                  (br               ) [ 0000000]
store_ln116               (store            ) [ 0000000]
br_ln129                  (br               ) [ 0000000]
store_ln116               (store            ) [ 0000000]
br_ln129                  (br               ) [ 0000000]
store_ln116               (store            ) [ 0000000]
br_ln129                  (br               ) [ 0000000]
store_ln116               (store            ) [ 0000000]
br_ln129                  (br               ) [ 0000000]
store_ln116               (store            ) [ 0000000]
br_ln129                  (br               ) [ 0000000]
store_ln116               (store            ) [ 0000000]
br_ln129                  (br               ) [ 0000000]
store_ln116               (store            ) [ 0000000]
br_ln129                  (br               ) [ 0000000]
store_ln116               (store            ) [ 0000000]
br_ln129                  (br               ) [ 0000000]
store_ln116               (store            ) [ 0000000]
br_ln129                  (br               ) [ 0000000]
store_ln116               (store            ) [ 0000000]
br_ln129                  (br               ) [ 0000000]
store_ln116               (store            ) [ 0000000]
br_ln129                  (br               ) [ 0000000]
store_ln116               (store            ) [ 0000000]
br_ln129                  (br               ) [ 0000000]
store_ln116               (store            ) [ 0000000]
br_ln129                  (br               ) [ 0000000]
store_ln116               (store            ) [ 0000000]
br_ln129                  (br               ) [ 0000000]
store_ln116               (store            ) [ 0000000]
br_ln129                  (br               ) [ 0000000]
store_ln116               (store            ) [ 0000000]
br_ln129                  (br               ) [ 0000000]
store_ln116               (store            ) [ 0000000]
br_ln129                  (br               ) [ 0000000]
store_ln116               (store            ) [ 0000000]
br_ln129                  (br               ) [ 0000000]
store_ln116               (store            ) [ 0000000]
br_ln129                  (br               ) [ 0000000]
store_ln116               (store            ) [ 0000000]
br_ln129                  (br               ) [ 0000000]
store_ln116               (store            ) [ 0000000]
br_ln129                  (br               ) [ 0000000]
store_ln116               (store            ) [ 0000000]
br_ln129                  (br               ) [ 0000000]
store_ln116               (store            ) [ 0000000]
br_ln129                  (br               ) [ 0000000]
store_ln116               (store            ) [ 0000000]
br_ln129                  (br               ) [ 0000000]
store_ln116               (store            ) [ 0000000]
br_ln129                  (br               ) [ 0000000]
store_ln116               (store            ) [ 0000000]
br_ln129                  (br               ) [ 0000000]
store_ln116               (store            ) [ 0000000]
br_ln129                  (br               ) [ 0000000]
store_ln116               (store            ) [ 0000000]
br_ln129                  (br               ) [ 0000000]
store_ln116               (store            ) [ 0000000]
br_ln129                  (br               ) [ 0000000]
store_ln116               (store            ) [ 0000000]
br_ln129                  (br               ) [ 0000000]
store_ln116               (store            ) [ 0000000]
br_ln129                  (br               ) [ 0000000]
store_ln116               (store            ) [ 0000000]
br_ln129                  (br               ) [ 0000000]
store_ln116               (store            ) [ 0000000]
br_ln129                  (br               ) [ 0000000]
store_ln116               (store            ) [ 0000000]
br_ln129                  (br               ) [ 0000000]
store_ln116               (store            ) [ 0000000]
br_ln129                  (br               ) [ 0000000]
store_ln116               (store            ) [ 0000000]
br_ln129                  (br               ) [ 0000000]
specpipeline_ln121        (specpipeline     ) [ 0000000]
speclooptripcount_ln116   (speclooptripcount) [ 0000000]
specloopname_ln120        (specloopname     ) [ 0000000]
store_ln126               (store            ) [ 0000000]
l2_bits_load              (load             ) [ 0000000]
l2_bits_1_load            (load             ) [ 0000000]
l2_bits_2_load            (load             ) [ 0000000]
l2_bits_3_load            (load             ) [ 0000000]
l2_bits_4_load            (load             ) [ 0000000]
l2_bits_5_load            (load             ) [ 0000000]
l2_bits_6_load            (load             ) [ 0000000]
l2_bits_7_load            (load             ) [ 0000000]
l2_bits_8_load            (load             ) [ 0000000]
l2_bits_9_load            (load             ) [ 0000000]
l2_bits_10_load           (load             ) [ 0000000]
l2_bits_11_load           (load             ) [ 0000000]
l2_bits_12_load           (load             ) [ 0000000]
l2_bits_13_load           (load             ) [ 0000000]
l2_bits_14_load           (load             ) [ 0000000]
l2_bits_15_load           (load             ) [ 0000000]
l2_bits_16_load           (load             ) [ 0000000]
l2_bits_17_load           (load             ) [ 0000000]
l2_bits_18_load           (load             ) [ 0000000]
l2_bits_19_load           (load             ) [ 0000000]
l2_bits_20_load           (load             ) [ 0000000]
l2_bits_21_load           (load             ) [ 0000000]
l2_bits_22_load           (load             ) [ 0000000]
l2_bits_23_load           (load             ) [ 0000000]
l2_bits_24_load           (load             ) [ 0000000]
l2_bits_25_load           (load             ) [ 0000000]
l2_bits_26_load           (load             ) [ 0000000]
l2_bits_27_load           (load             ) [ 0000000]
l2_bits_28_load           (load             ) [ 0000000]
l2_bits_29_load           (load             ) [ 0000000]
l2_bits_30_load           (load             ) [ 0000000]
l2_bits_31_load           (load             ) [ 0000000]
l2_bits_32_load           (load             ) [ 0000000]
l2_bits_33_load           (load             ) [ 0000000]
l2_bits_34_load           (load             ) [ 0000000]
l2_bits_35_load           (load             ) [ 0000000]
l2_bits_36_load           (load             ) [ 0000000]
l2_bits_37_load           (load             ) [ 0000000]
l2_bits_38_load           (load             ) [ 0000000]
l2_bits_39_load           (load             ) [ 0000000]
l2_bits_40_load           (load             ) [ 0000000]
l2_bits_41_load           (load             ) [ 0000000]
l2_bits_42_load           (load             ) [ 0000000]
l2_bits_43_load           (load             ) [ 0000000]
l2_bits_44_load           (load             ) [ 0000000]
l2_bits_45_load           (load             ) [ 0000000]
l2_bits_46_load           (load             ) [ 0000000]
l2_bits_47_load           (load             ) [ 0000000]
l2_bits_48_load           (load             ) [ 0000000]
l2_bits_49_load           (load             ) [ 0000000]
l2_bits_50_load           (load             ) [ 0000000]
l2_bits_51_load           (load             ) [ 0000000]
l2_bits_52_load           (load             ) [ 0000000]
l2_bits_53_load           (load             ) [ 0000000]
l2_bits_54_load           (load             ) [ 0000000]
l2_bits_55_load           (load             ) [ 0000000]
l2_bits_56_load           (load             ) [ 0000000]
l2_bits_57_load           (load             ) [ 0000000]
l2_bits_58_load           (load             ) [ 0000000]
l2_bits_59_load           (load             ) [ 0000000]
l2_bits_60_load           (load             ) [ 0000000]
l2_bits_61_load           (load             ) [ 0000000]
l2_bits_62_load           (load             ) [ 0000000]
l2_bits_63_load           (load             ) [ 0000000]
write_ln0                 (write            ) [ 0000000]
write_ln0                 (write            ) [ 0000000]
write_ln0                 (write            ) [ 0000000]
write_ln0                 (write            ) [ 0000000]
write_ln0                 (write            ) [ 0000000]
write_ln0                 (write            ) [ 0000000]
write_ln0                 (write            ) [ 0000000]
write_ln0                 (write            ) [ 0000000]
write_ln0                 (write            ) [ 0000000]
write_ln0                 (write            ) [ 0000000]
write_ln0                 (write            ) [ 0000000]
write_ln0                 (write            ) [ 0000000]
write_ln0                 (write            ) [ 0000000]
write_ln0                 (write            ) [ 0000000]
write_ln0                 (write            ) [ 0000000]
write_ln0                 (write            ) [ 0000000]
write_ln0                 (write            ) [ 0000000]
write_ln0                 (write            ) [ 0000000]
write_ln0                 (write            ) [ 0000000]
write_ln0                 (write            ) [ 0000000]
write_ln0                 (write            ) [ 0000000]
write_ln0                 (write            ) [ 0000000]
write_ln0                 (write            ) [ 0000000]
write_ln0                 (write            ) [ 0000000]
write_ln0                 (write            ) [ 0000000]
write_ln0                 (write            ) [ 0000000]
write_ln0                 (write            ) [ 0000000]
write_ln0                 (write            ) [ 0000000]
write_ln0                 (write            ) [ 0000000]
write_ln0                 (write            ) [ 0000000]
write_ln0                 (write            ) [ 0000000]
write_ln0                 (write            ) [ 0000000]
write_ln0                 (write            ) [ 0000000]
write_ln0                 (write            ) [ 0000000]
write_ln0                 (write            ) [ 0000000]
write_ln0                 (write            ) [ 0000000]
write_ln0                 (write            ) [ 0000000]
write_ln0                 (write            ) [ 0000000]
write_ln0                 (write            ) [ 0000000]
write_ln0                 (write            ) [ 0000000]
write_ln0                 (write            ) [ 0000000]
write_ln0                 (write            ) [ 0000000]
write_ln0                 (write            ) [ 0000000]
write_ln0                 (write            ) [ 0000000]
write_ln0                 (write            ) [ 0000000]
write_ln0                 (write            ) [ 0000000]
write_ln0                 (write            ) [ 0000000]
write_ln0                 (write            ) [ 0000000]
write_ln0                 (write            ) [ 0000000]
write_ln0                 (write            ) [ 0000000]
write_ln0                 (write            ) [ 0000000]
write_ln0                 (write            ) [ 0000000]
write_ln0                 (write            ) [ 0000000]
write_ln0                 (write            ) [ 0000000]
write_ln0                 (write            ) [ 0000000]
write_ln0                 (write            ) [ 0000000]
write_ln0                 (write            ) [ 0000000]
write_ln0                 (write            ) [ 0000000]
write_ln0                 (write            ) [ 0000000]
write_ln0                 (write            ) [ 0000000]
write_ln0                 (write            ) [ 0000000]
write_ln0                 (write            ) [ 0000000]
write_ln0                 (write            ) [ 0000000]
write_ln0                 (write            ) [ 0000000]
ret_ln0                   (ret              ) [ 0000000]
</LifeTime>

<model>

<comp_list>
<comp id="0" class="1000" name="p_0_028288_reload">
<pin_list>
<pin id="1" dir="1" index="0" bw="1" slack="0"/>
</pin_list>
<bind>
<StgValue><ssdm name="p_0_028288_reload"/></StgValue>
</bind>
</comp>

<comp id="2" class="1000" name="p_0_0282_190_reload">
<pin_list>
<pin id="3" dir="1" index="0" bw="1" slack="0"/>
</pin_list>
<bind>
<StgValue><ssdm name="p_0_0282_190_reload"/></StgValue>
</bind>
</comp>

<comp id="4" class="1000" name="p_0_0282_292_reload">
<pin_list>
<pin id="5" dir="1" index="0" bw="1" slack="0"/>
</pin_list>
<bind>
<StgValue><ssdm name="p_0_0282_292_reload"/></StgValue>
</bind>
</comp>

<comp id="6" class="1000" name="p_0_0282_394_reload">
<pin_list>
<pin id="7" dir="1" index="0" bw="1" slack="0"/>
</pin_list>
<bind>
<StgValue><ssdm name="p_0_0282_394_reload"/></StgValue>
</bind>
</comp>

<comp id="8" class="1000" name="p_0_0282_496_reload">
<pin_list>
<pin id="9" dir="1" index="0" bw="1" slack="0"/>
</pin_list>
<bind>
<StgValue><ssdm name="p_0_0282_496_reload"/></StgValue>
</bind>
</comp>

<comp id="10" class="1000" name="p_0_0282_598_reload">
<pin_list>
<pin id="11" dir="1" index="0" bw="1" slack="0"/>
</pin_list>
<bind>
<StgValue><ssdm name="p_0_0282_598_reload"/></StgValue>
</bind>
</comp>

<comp id="12" class="1000" name="p_0_0282_6100_reload">
<pin_list>
<pin id="13" dir="1" index="0" bw="1" slack="0"/>
</pin_list>
<bind>
<StgValue><ssdm name="p_0_0282_6100_reload"/></StgValue>
</bind>
</comp>

<comp id="14" class="1000" name="p_0_0282_7102_reload">
<pin_list>
<pin id="15" dir="1" index="0" bw="1" slack="0"/>
</pin_list>
<bind>
<StgValue><ssdm name="p_0_0282_7102_reload"/></StgValue>
</bind>
</comp>

<comp id="16" class="1000" name="l2_out">
<pin_list>
<pin id="17" dir="1" index="0" bw="1" slack="0"/>
</pin_list>
<bind>
<StgValue><ssdm name="l2_out"/><MemPortTyVec>0 </MemPortTyVec>
</StgValue>
</bind>
</comp>

<comp id="18" class="1000" name="l2_bits_63_out">
<pin_list>
<pin id="19" dir="1" index="0" bw="1" slack="0"/>
</pin_list>
<bind>
<StgValue><ssdm name="l2_bits_63_out"/></StgValue>
</bind>
</comp>

<comp id="20" class="1000" name="l2_bits_62_out">
<pin_list>
<pin id="21" dir="1" index="0" bw="1" slack="0"/>
</pin_list>
<bind>
<StgValue><ssdm name="l2_bits_62_out"/></StgValue>
</bind>
</comp>

<comp id="22" class="1000" name="l2_bits_61_out">
<pin_list>
<pin id="23" dir="1" index="0" bw="1" slack="0"/>
</pin_list>
<bind>
<StgValue><ssdm name="l2_bits_61_out"/></StgValue>
</bind>
</comp>

<comp id="24" class="1000" name="l2_bits_60_out">
<pin_list>
<pin id="25" dir="1" index="0" bw="1" slack="0"/>
</pin_list>
<bind>
<StgValue><ssdm name="l2_bits_60_out"/></StgValue>
</bind>
</comp>

<comp id="26" class="1000" name="l2_bits_59_out">
<pin_list>
<pin id="27" dir="1" index="0" bw="1" slack="0"/>
</pin_list>
<bind>
<StgValue><ssdm name="l2_bits_59_out"/></StgValue>
</bind>
</comp>

<comp id="28" class="1000" name="l2_bits_58_out">
<pin_list>
<pin id="29" dir="1" index="0" bw="1" slack="0"/>
</pin_list>
<bind>
<StgValue><ssdm name="l2_bits_58_out"/></StgValue>
</bind>
</comp>

<comp id="30" class="1000" name="l2_bits_57_out">
<pin_list>
<pin id="31" dir="1" index="0" bw="1" slack="0"/>
</pin_list>
<bind>
<StgValue><ssdm name="l2_bits_57_out"/></StgValue>
</bind>
</comp>

<comp id="32" class="1000" name="l2_bits_56_out">
<pin_list>
<pin id="33" dir="1" index="0" bw="1" slack="0"/>
</pin_list>
<bind>
<StgValue><ssdm name="l2_bits_56_out"/></StgValue>
</bind>
</comp>

<comp id="34" class="1000" name="l2_bits_55_out">
<pin_list>
<pin id="35" dir="1" index="0" bw="1" slack="0"/>
</pin_list>
<bind>
<StgValue><ssdm name="l2_bits_55_out"/></StgValue>
</bind>
</comp>

<comp id="36" class="1000" name="l2_bits_54_out">
<pin_list>
<pin id="37" dir="1" index="0" bw="1" slack="0"/>
</pin_list>
<bind>
<StgValue><ssdm name="l2_bits_54_out"/></StgValue>
</bind>
</comp>

<comp id="38" class="1000" name="l2_bits_53_out">
<pin_list>
<pin id="39" dir="1" index="0" bw="1" slack="0"/>
</pin_list>
<bind>
<StgValue><ssdm name="l2_bits_53_out"/></StgValue>
</bind>
</comp>

<comp id="40" class="1000" name="l2_bits_52_out">
<pin_list>
<pin id="41" dir="1" index="0" bw="1" slack="0"/>
</pin_list>
<bind>
<StgValue><ssdm name="l2_bits_52_out"/></StgValue>
</bind>
</comp>

<comp id="42" class="1000" name="l2_bits_51_out">
<pin_list>
<pin id="43" dir="1" index="0" bw="1" slack="0"/>
</pin_list>
<bind>
<StgValue><ssdm name="l2_bits_51_out"/></StgValue>
</bind>
</comp>

<comp id="44" class="1000" name="l2_bits_50_out">
<pin_list>
<pin id="45" dir="1" index="0" bw="1" slack="0"/>
</pin_list>
<bind>
<StgValue><ssdm name="l2_bits_50_out"/></StgValue>
</bind>
</comp>

<comp id="46" class="1000" name="l2_bits_49_out">
<pin_list>
<pin id="47" dir="1" index="0" bw="1" slack="0"/>
</pin_list>
<bind>
<StgValue><ssdm name="l2_bits_49_out"/></StgValue>
</bind>
</comp>

<comp id="48" class="1000" name="l2_bits_48_out">
<pin_list>
<pin id="49" dir="1" index="0" bw="1" slack="0"/>
</pin_list>
<bind>
<StgValue><ssdm name="l2_bits_48_out"/></StgValue>
</bind>
</comp>

<comp id="50" class="1000" name="l2_bits_47_out">
<pin_list>
<pin id="51" dir="1" index="0" bw="1" slack="0"/>
</pin_list>
<bind>
<StgValue><ssdm name="l2_bits_47_out"/></StgValue>
</bind>
</comp>

<comp id="52" class="1000" name="l2_bits_46_out">
<pin_list>
<pin id="53" dir="1" index="0" bw="1" slack="0"/>
</pin_list>
<bind>
<StgValue><ssdm name="l2_bits_46_out"/></StgValue>
</bind>
</comp>

<comp id="54" class="1000" name="l2_bits_45_out">
<pin_list>
<pin id="55" dir="1" index="0" bw="1" slack="0"/>
</pin_list>
<bind>
<StgValue><ssdm name="l2_bits_45_out"/></StgValue>
</bind>
</comp>

<comp id="56" class="1000" name="l2_bits_44_out">
<pin_list>
<pin id="57" dir="1" index="0" bw="1" slack="0"/>
</pin_list>
<bind>
<StgValue><ssdm name="l2_bits_44_out"/></StgValue>
</bind>
</comp>

<comp id="58" class="1000" name="l2_bits_43_out">
<pin_list>
<pin id="59" dir="1" index="0" bw="1" slack="0"/>
</pin_list>
<bind>
<StgValue><ssdm name="l2_bits_43_out"/></StgValue>
</bind>
</comp>

<comp id="60" class="1000" name="l2_bits_42_out">
<pin_list>
<pin id="61" dir="1" index="0" bw="1" slack="0"/>
</pin_list>
<bind>
<StgValue><ssdm name="l2_bits_42_out"/></StgValue>
</bind>
</comp>

<comp id="62" class="1000" name="l2_bits_41_out">
<pin_list>
<pin id="63" dir="1" index="0" bw="1" slack="0"/>
</pin_list>
<bind>
<StgValue><ssdm name="l2_bits_41_out"/></StgValue>
</bind>
</comp>

<comp id="64" class="1000" name="l2_bits_40_out">
<pin_list>
<pin id="65" dir="1" index="0" bw="1" slack="0"/>
</pin_list>
<bind>
<StgValue><ssdm name="l2_bits_40_out"/></StgValue>
</bind>
</comp>

<comp id="66" class="1000" name="l2_bits_39_out">
<pin_list>
<pin id="67" dir="1" index="0" bw="1" slack="0"/>
</pin_list>
<bind>
<StgValue><ssdm name="l2_bits_39_out"/></StgValue>
</bind>
</comp>

<comp id="68" class="1000" name="l2_bits_38_out">
<pin_list>
<pin id="69" dir="1" index="0" bw="1" slack="0"/>
</pin_list>
<bind>
<StgValue><ssdm name="l2_bits_38_out"/></StgValue>
</bind>
</comp>

<comp id="70" class="1000" name="l2_bits_37_out">
<pin_list>
<pin id="71" dir="1" index="0" bw="1" slack="0"/>
</pin_list>
<bind>
<StgValue><ssdm name="l2_bits_37_out"/></StgValue>
</bind>
</comp>

<comp id="72" class="1000" name="l2_bits_36_out">
<pin_list>
<pin id="73" dir="1" index="0" bw="1" slack="0"/>
</pin_list>
<bind>
<StgValue><ssdm name="l2_bits_36_out"/></StgValue>
</bind>
</comp>

<comp id="74" class="1000" name="l2_bits_35_out">
<pin_list>
<pin id="75" dir="1" index="0" bw="1" slack="0"/>
</pin_list>
<bind>
<StgValue><ssdm name="l2_bits_35_out"/></StgValue>
</bind>
</comp>

<comp id="76" class="1000" name="l2_bits_34_out">
<pin_list>
<pin id="77" dir="1" index="0" bw="1" slack="0"/>
</pin_list>
<bind>
<StgValue><ssdm name="l2_bits_34_out"/></StgValue>
</bind>
</comp>

<comp id="78" class="1000" name="l2_bits_33_out">
<pin_list>
<pin id="79" dir="1" index="0" bw="1" slack="0"/>
</pin_list>
<bind>
<StgValue><ssdm name="l2_bits_33_out"/></StgValue>
</bind>
</comp>

<comp id="80" class="1000" name="l2_bits_32_out">
<pin_list>
<pin id="81" dir="1" index="0" bw="1" slack="0"/>
</pin_list>
<bind>
<StgValue><ssdm name="l2_bits_32_out"/></StgValue>
</bind>
</comp>

<comp id="82" class="1000" name="l2_bits_31_out">
<pin_list>
<pin id="83" dir="1" index="0" bw="1" slack="0"/>
</pin_list>
<bind>
<StgValue><ssdm name="l2_bits_31_out"/></StgValue>
</bind>
</comp>

<comp id="84" class="1000" name="l2_bits_30_out">
<pin_list>
<pin id="85" dir="1" index="0" bw="1" slack="0"/>
</pin_list>
<bind>
<StgValue><ssdm name="l2_bits_30_out"/></StgValue>
</bind>
</comp>

<comp id="86" class="1000" name="l2_bits_29_out">
<pin_list>
<pin id="87" dir="1" index="0" bw="1" slack="0"/>
</pin_list>
<bind>
<StgValue><ssdm name="l2_bits_29_out"/></StgValue>
</bind>
</comp>

<comp id="88" class="1000" name="l2_bits_28_out">
<pin_list>
<pin id="89" dir="1" index="0" bw="1" slack="0"/>
</pin_list>
<bind>
<StgValue><ssdm name="l2_bits_28_out"/></StgValue>
</bind>
</comp>

<comp id="90" class="1000" name="l2_bits_27_out">
<pin_list>
<pin id="91" dir="1" index="0" bw="1" slack="0"/>
</pin_list>
<bind>
<StgValue><ssdm name="l2_bits_27_out"/></StgValue>
</bind>
</comp>

<comp id="92" class="1000" name="l2_bits_26_out">
<pin_list>
<pin id="93" dir="1" index="0" bw="1" slack="0"/>
</pin_list>
<bind>
<StgValue><ssdm name="l2_bits_26_out"/></StgValue>
</bind>
</comp>

<comp id="94" class="1000" name="l2_bits_25_out">
<pin_list>
<pin id="95" dir="1" index="0" bw="1" slack="0"/>
</pin_list>
<bind>
<StgValue><ssdm name="l2_bits_25_out"/></StgValue>
</bind>
</comp>

<comp id="96" class="1000" name="l2_bits_24_out">
<pin_list>
<pin id="97" dir="1" index="0" bw="1" slack="0"/>
</pin_list>
<bind>
<StgValue><ssdm name="l2_bits_24_out"/></StgValue>
</bind>
</comp>

<comp id="98" class="1000" name="l2_bits_23_out">
<pin_list>
<pin id="99" dir="1" index="0" bw="1" slack="0"/>
</pin_list>
<bind>
<StgValue><ssdm name="l2_bits_23_out"/></StgValue>
</bind>
</comp>

<comp id="100" class="1000" name="l2_bits_22_out">
<pin_list>
<pin id="101" dir="1" index="0" bw="1" slack="0"/>
</pin_list>
<bind>
<StgValue><ssdm name="l2_bits_22_out"/></StgValue>
</bind>
</comp>

<comp id="102" class="1000" name="l2_bits_21_out">
<pin_list>
<pin id="103" dir="1" index="0" bw="1" slack="0"/>
</pin_list>
<bind>
<StgValue><ssdm name="l2_bits_21_out"/></StgValue>
</bind>
</comp>

<comp id="104" class="1000" name="l2_bits_20_out">
<pin_list>
<pin id="105" dir="1" index="0" bw="1" slack="0"/>
</pin_list>
<bind>
<StgValue><ssdm name="l2_bits_20_out"/></StgValue>
</bind>
</comp>

<comp id="106" class="1000" name="l2_bits_19_out">
<pin_list>
<pin id="107" dir="1" index="0" bw="1" slack="0"/>
</pin_list>
<bind>
<StgValue><ssdm name="l2_bits_19_out"/></StgValue>
</bind>
</comp>

<comp id="108" class="1000" name="l2_bits_18_out">
<pin_list>
<pin id="109" dir="1" index="0" bw="1" slack="0"/>
</pin_list>
<bind>
<StgValue><ssdm name="l2_bits_18_out"/></StgValue>
</bind>
</comp>

<comp id="110" class="1000" name="l2_bits_17_out">
<pin_list>
<pin id="111" dir="1" index="0" bw="1" slack="0"/>
</pin_list>
<bind>
<StgValue><ssdm name="l2_bits_17_out"/></StgValue>
</bind>
</comp>

<comp id="112" class="1000" name="l2_bits_16_out">
<pin_list>
<pin id="113" dir="1" index="0" bw="1" slack="0"/>
</pin_list>
<bind>
<StgValue><ssdm name="l2_bits_16_out"/></StgValue>
</bind>
</comp>

<comp id="114" class="1000" name="l2_bits_15_out">
<pin_list>
<pin id="115" dir="1" index="0" bw="1" slack="0"/>
</pin_list>
<bind>
<StgValue><ssdm name="l2_bits_15_out"/></StgValue>
</bind>
</comp>

<comp id="116" class="1000" name="l2_bits_14_out">
<pin_list>
<pin id="117" dir="1" index="0" bw="1" slack="0"/>
</pin_list>
<bind>
<StgValue><ssdm name="l2_bits_14_out"/></StgValue>
</bind>
</comp>

<comp id="118" class="1000" name="l2_bits_13_out">
<pin_list>
<pin id="119" dir="1" index="0" bw="1" slack="0"/>
</pin_list>
<bind>
<StgValue><ssdm name="l2_bits_13_out"/></StgValue>
</bind>
</comp>

<comp id="120" class="1000" name="l2_bits_12_out">
<pin_list>
<pin id="121" dir="1" index="0" bw="1" slack="0"/>
</pin_list>
<bind>
<StgValue><ssdm name="l2_bits_12_out"/></StgValue>
</bind>
</comp>

<comp id="122" class="1000" name="l2_bits_11_out">
<pin_list>
<pin id="123" dir="1" index="0" bw="1" slack="0"/>
</pin_list>
<bind>
<StgValue><ssdm name="l2_bits_11_out"/></StgValue>
</bind>
</comp>

<comp id="124" class="1000" name="l2_bits_10_out">
<pin_list>
<pin id="125" dir="1" index="0" bw="1" slack="0"/>
</pin_list>
<bind>
<StgValue><ssdm name="l2_bits_10_out"/></StgValue>
</bind>
</comp>

<comp id="126" class="1000" name="l2_bits_9_out">
<pin_list>
<pin id="127" dir="1" index="0" bw="1" slack="0"/>
</pin_list>
<bind>
<StgValue><ssdm name="l2_bits_9_out"/></StgValue>
</bind>
</comp>

<comp id="128" class="1000" name="l2_bits_8_out">
<pin_list>
<pin id="129" dir="1" index="0" bw="1" slack="0"/>
</pin_list>
<bind>
<StgValue><ssdm name="l2_bits_8_out"/></StgValue>
</bind>
</comp>

<comp id="130" class="1000" name="l2_bits_7_out">
<pin_list>
<pin id="131" dir="1" index="0" bw="1" slack="0"/>
</pin_list>
<bind>
<StgValue><ssdm name="l2_bits_7_out"/></StgValue>
</bind>
</comp>

<comp id="132" class="1000" name="l2_bits_6_out">
<pin_list>
<pin id="133" dir="1" index="0" bw="1" slack="0"/>
</pin_list>
<bind>
<StgValue><ssdm name="l2_bits_6_out"/></StgValue>
</bind>
</comp>

<comp id="134" class="1000" name="l2_bits_5_out">
<pin_list>
<pin id="135" dir="1" index="0" bw="1" slack="0"/>
</pin_list>
<bind>
<StgValue><ssdm name="l2_bits_5_out"/></StgValue>
</bind>
</comp>

<comp id="136" class="1000" name="l2_bits_4_out">
<pin_list>
<pin id="137" dir="1" index="0" bw="1" slack="0"/>
</pin_list>
<bind>
<StgValue><ssdm name="l2_bits_4_out"/></StgValue>
</bind>
</comp>

<comp id="138" class="1000" name="l2_bits_3_out">
<pin_list>
<pin id="139" dir="1" index="0" bw="1" slack="0"/>
</pin_list>
<bind>
<StgValue><ssdm name="l2_bits_3_out"/></StgValue>
</bind>
</comp>

<comp id="140" class="1000" name="l2_bits_2_out">
<pin_list>
<pin id="141" dir="1" index="0" bw="1" slack="0"/>
</pin_list>
<bind>
<StgValue><ssdm name="l2_bits_2_out"/></StgValue>
</bind>
</comp>

<comp id="142" class="1000" name="l2_bits_1_out">
<pin_list>
<pin id="143" dir="1" index="0" bw="1" slack="0"/>
</pin_list>
<bind>
<StgValue><ssdm name="l2_bits_1_out"/></StgValue>
</bind>
</comp>

<comp id="144" class="1000" name="l2_bits_out">
<pin_list>
<pin id="145" dir="1" index="0" bw="1" slack="0"/>
</pin_list>
<bind>
<StgValue><ssdm name="l2_bits_out"/></StgValue>
</bind>
</comp>

<comp id="146" class="1000" name="w2">
<pin_list>
<pin id="147" dir="1" index="0" bw="1" slack="0"/>
</pin_list>
<bind>
<StgValue><ssdm name="w2"/><MemPortTyVec>1 1 1 1 1 1 1 1 </MemPortTyVec>
</StgValue>
</bind>
</comp>

<comp id="148" class="1001" name="const_148">
<pin_list>
<pin id="149" dir="1" index="0" bw="1" slack="0"/>
</pin_list>
<bind>
<StgValue><ssdm name=""/></StgValue>
</bind>
</comp>

<comp id="150" class="1001" name="const_150">
<pin_list>
<pin id="151" dir="1" index="0" bw="1" slack="2147483647"/>
</pin_list>
<bind>
<StgValue><ssdm name="_ssdm_op_SpecMemCore"/></StgValue>
</bind>
</comp>

<comp id="152" class="1001" name="const_152">
<pin_list>
<pin id="153" dir="1" index="0" bw="1" slack="2147483647"/>
</pin_list>
<bind>
<StgValue><ssdm name=""/></StgValue>
</bind>
</comp>

<comp id="154" class="1001" name="const_154">
<pin_list>
<pin id="155" dir="1" index="0" bw="1" slack="2147483647"/>
</pin_list>
<bind>
<StgValue><ssdm name=""/></StgValue>
</bind>
</comp>

<comp id="156" class="1001" name="const_156">
<pin_list>
<pin id="157" dir="1" index="0" bw="1" slack="2147483647"/>
</pin_list>
<bind>
<StgValue><ssdm name=""/></StgValue>
</bind>
</comp>

<comp id="158" class="1001" name="const_158">
<pin_list>
<pin id="159" dir="1" index="0" bw="1" slack="2147483647"/>
</pin_list>
<bind>
<StgValue><ssdm name="_ssdm_op_SpecInterface"/></StgValue>
</bind>
</comp>

<comp id="160" class="1001" name="const_160">
<pin_list>
<pin id="161" dir="1" index="0" bw="1" slack="2147483647"/>
</pin_list>
<bind>
<StgValue><ssdm name="empty_5"/></StgValue>
</bind>
</comp>

<comp id="162" class="1001" name="const_162">
<pin_list>
<pin id="163" dir="1" index="0" bw="1" slack="2147483647"/>
</pin_list>
<bind>
<StgValue><ssdm name=""/></StgValue>
</bind>
</comp>

<comp id="164" class="1001" name="const_164">
<pin_list>
<pin id="165" dir="1" index="0" bw="1" slack="2147483647"/>
</pin_list>
<bind>
<StgValue><ssdm name="empty_8"/></StgValue>
</bind>
</comp>

<comp id="166" class="1001" name="const_166">
<pin_list>
<pin id="167" dir="1" index="0" bw="1" slack="2147483647"/>
</pin_list>
<bind>
<StgValue><ssdm name=""/></StgValue>
</bind>
</comp>

<comp id="168" class="1001" name="const_168">
<pin_list>
<pin id="169" dir="1" index="0" bw="1" slack="0"/>
</pin_list>
<bind>
<StgValue><ssdm name="_ssdm_op_Read.ap_auto.i16"/></StgValue>
</bind>
</comp>

<comp id="170" class="1001" name="const_170">
<pin_list>
<pin id="171" dir="1" index="0" bw="1" slack="0"/>
</pin_list>
<bind>
<StgValue><ssdm name=""/></StgValue>
</bind>
</comp>

<comp id="172" class="1001" name="const_172">
<pin_list>
<pin id="173" dir="1" index="0" bw="1" slack="0"/>
</pin_list>
<bind>
<StgValue><ssdm name=""/></StgValue>
</bind>
</comp>

<comp id="174" class="1001" name="const_174">
<pin_list>
<pin id="175" dir="1" index="0" bw="1" slack="0"/>
</pin_list>
<bind>
<StgValue><ssdm name=""/></StgValue>
</bind>
</comp>

<comp id="176" class="1001" name="const_176">
<pin_list>
<pin id="177" dir="1" index="0" bw="1" slack="0"/>
</pin_list>
<bind>
<StgValue><ssdm name="_ssdm_op_BitConcatenate.i9.i6.i3"/></StgValue>
</bind>
</comp>

<comp id="178" class="1001" name="const_178">
<pin_list>
<pin id="179" dir="1" index="0" bw="1" slack="0"/>
</pin_list>
<bind>
<StgValue><ssdm name=""/></StgValue>
</bind>
</comp>

<comp id="180" class="1001" name="const_180">
<pin_list>
<pin id="181" dir="1" index="0" bw="1" slack="0"/>
</pin_list>
<bind>
<StgValue><ssdm name=""/></StgValue>
</bind>
</comp>

<comp id="182" class="1001" name="const_182">
<pin_list>
<pin id="183" dir="1" index="0" bw="1" slack="0"/>
</pin_list>
<bind>
<StgValue><ssdm name=""/></StgValue>
</bind>
</comp>

<comp id="184" class="1001" name="const_184">
<pin_list>
<pin id="185" dir="1" index="0" bw="1" slack="0"/>
</pin_list>
<bind>
<StgValue><ssdm name=""/></StgValue>
</bind>
</comp>

<comp id="186" class="1001" name="const_186">
<pin_list>
<pin id="187" dir="1" index="0" bw="1" slack="0"/>
</pin_list>
<bind>
<StgValue><ssdm name=""/></StgValue>
</bind>
</comp>

<comp id="188" class="1001" name="const_188">
<pin_list>
<pin id="189" dir="1" index="0" bw="1" slack="0"/>
</pin_list>
<bind>
<StgValue><ssdm name=""/></StgValue>
</bind>
</comp>

<comp id="190" class="1001" name="const_190">
<pin_list>
<pin id="191" dir="1" index="0" bw="1" slack="0"/>
</pin_list>
<bind>
<StgValue><ssdm name=""/></StgValue>
</bind>
</comp>

<comp id="192" class="1001" name="const_192">
<pin_list>
<pin id="193" dir="1" index="0" bw="1" slack="0"/>
</pin_list>
<bind>
<StgValue><ssdm name=""/></StgValue>
</bind>
</comp>

<comp id="194" class="1001" name="const_194">
<pin_list>
<pin id="195" dir="1" index="0" bw="1" slack="0"/>
</pin_list>
<bind>
<StgValue><ssdm name=""/></StgValue>
</bind>
</comp>

<comp id="196" class="1001" name="const_196">
<pin_list>
<pin id="197" dir="1" index="0" bw="1" slack="2147483647"/>
</pin_list>
<bind>
<StgValue><ssdm name=""/></StgValue>
</bind>
</comp>

<comp id="198" class="1001" name="const_198">
<pin_list>
<pin id="199" dir="1" index="0" bw="1" slack="2147483647"/>
</pin_list>
<bind>
<StgValue><ssdm name=""/></StgValue>
</bind>
</comp>

<comp id="200" class="1001" name="const_200">
<pin_list>
<pin id="201" dir="1" index="0" bw="1" slack="2147483647"/>
</pin_list>
<bind>
<StgValue><ssdm name=""/></StgValue>
</bind>
</comp>

<comp id="202" class="1001" name="const_202">
<pin_list>
<pin id="203" dir="1" index="0" bw="1" slack="2147483647"/>
</pin_list>
<bind>
<StgValue><ssdm name=""/></StgValue>
</bind>
</comp>

<comp id="204" class="1001" name="const_204">
<pin_list>
<pin id="205" dir="1" index="0" bw="1" slack="2147483647"/>
</pin_list>
<bind>
<StgValue><ssdm name=""/></StgValue>
</bind>
</comp>

<comp id="206" class="1001" name="const_206">
<pin_list>
<pin id="207" dir="1" index="0" bw="1" slack="2147483647"/>
</pin_list>
<bind>
<StgValue><ssdm name=""/></StgValue>
</bind>
</comp>

<comp id="208" class="1001" name="const_208">
<pin_list>
<pin id="209" dir="1" index="0" bw="1" slack="2147483647"/>
</pin_list>
<bind>
<StgValue><ssdm name=""/></StgValue>
</bind>
</comp>

<comp id="210" class="1001" name="const_210">
<pin_list>
<pin id="211" dir="1" index="0" bw="1" slack="2147483647"/>
</pin_list>
<bind>
<StgValue><ssdm name=""/></StgValue>
</bind>
</comp>

<comp id="212" class="1001" name="const_212">
<pin_list>
<pin id="213" dir="1" index="0" bw="1" slack="2147483647"/>
</pin_list>
<bind>
<StgValue><ssdm name=""/></StgValue>
</bind>
</comp>

<comp id="214" class="1001" name="const_214">
<pin_list>
<pin id="215" dir="1" index="0" bw="1" slack="2147483647"/>
</pin_list>
<bind>
<StgValue><ssdm name=""/></StgValue>
</bind>
</comp>

<comp id="216" class="1001" name="const_216">
<pin_list>
<pin id="217" dir="1" index="0" bw="1" slack="2147483647"/>
</pin_list>
<bind>
<StgValue><ssdm name=""/></StgValue>
</bind>
</comp>

<comp id="218" class="1001" name="const_218">
<pin_list>
<pin id="219" dir="1" index="0" bw="1" slack="2147483647"/>
</pin_list>
<bind>
<StgValue><ssdm name=""/></StgValue>
</bind>
</comp>

<comp id="220" class="1001" name="const_220">
<pin_list>
<pin id="221" dir="1" index="0" bw="1" slack="2147483647"/>
</pin_list>
<bind>
<StgValue><ssdm name=""/></StgValue>
</bind>
</comp>

<comp id="222" class="1001" name="const_222">
<pin_list>
<pin id="223" dir="1" index="0" bw="1" slack="2147483647"/>
</pin_list>
<bind>
<StgValue><ssdm name=""/></StgValue>
</bind>
</comp>

<comp id="224" class="1001" name="const_224">
<pin_list>
<pin id="225" dir="1" index="0" bw="1" slack="2147483647"/>
</pin_list>
<bind>
<StgValue><ssdm name=""/></StgValue>
</bind>
</comp>

<comp id="226" class="1001" name="const_226">
<pin_list>
<pin id="227" dir="1" index="0" bw="1" slack="2147483647"/>
</pin_list>
<bind>
<StgValue><ssdm name=""/></StgValue>
</bind>
</comp>

<comp id="228" class="1001" name="const_228">
<pin_list>
<pin id="229" dir="1" index="0" bw="1" slack="2147483647"/>
</pin_list>
<bind>
<StgValue><ssdm name=""/></StgValue>
</bind>
</comp>

<comp id="230" class="1001" name="const_230">
<pin_list>
<pin id="231" dir="1" index="0" bw="1" slack="2147483647"/>
</pin_list>
<bind>
<StgValue><ssdm name=""/></StgValue>
</bind>
</comp>

<comp id="232" class="1001" name="const_232">
<pin_list>
<pin id="233" dir="1" index="0" bw="1" slack="2147483647"/>
</pin_list>
<bind>
<StgValue><ssdm name=""/></StgValue>
</bind>
</comp>

<comp id="234" class="1001" name="const_234">
<pin_list>
<pin id="235" dir="1" index="0" bw="1" slack="2147483647"/>
</pin_list>
<bind>
<StgValue><ssdm name=""/></StgValue>
</bind>
</comp>

<comp id="236" class="1001" name="const_236">
<pin_list>
<pin id="237" dir="1" index="0" bw="1" slack="2147483647"/>
</pin_list>
<bind>
<StgValue><ssdm name=""/></StgValue>
</bind>
</comp>

<comp id="238" class="1001" name="const_238">
<pin_list>
<pin id="239" dir="1" index="0" bw="1" slack="2147483647"/>
</pin_list>
<bind>
<StgValue><ssdm name=""/></StgValue>
</bind>
</comp>

<comp id="240" class="1001" name="const_240">
<pin_list>
<pin id="241" dir="1" index="0" bw="1" slack="2147483647"/>
</pin_list>
<bind>
<StgValue><ssdm name=""/></StgValue>
</bind>
</comp>

<comp id="242" class="1001" name="const_242">
<pin_list>
<pin id="243" dir="1" index="0" bw="1" slack="2147483647"/>
</pin_list>
<bind>
<StgValue><ssdm name=""/></StgValue>
</bind>
</comp>

<comp id="244" class="1001" name="const_244">
<pin_list>
<pin id="245" dir="1" index="0" bw="1" slack="2147483647"/>
</pin_list>
<bind>
<StgValue><ssdm name=""/></StgValue>
</bind>
</comp>

<comp id="246" class="1001" name="const_246">
<pin_list>
<pin id="247" dir="1" index="0" bw="1" slack="2147483647"/>
</pin_list>
<bind>
<StgValue><ssdm name=""/></StgValue>
</bind>
</comp>

<comp id="248" class="1001" name="const_248">
<pin_list>
<pin id="249" dir="1" index="0" bw="1" slack="2147483647"/>
</pin_list>
<bind>
<StgValue><ssdm name=""/></StgValue>
</bind>
</comp>

<comp id="250" class="1001" name="const_250">
<pin_list>
<pin id="251" dir="1" index="0" bw="1" slack="2147483647"/>
</pin_list>
<bind>
<StgValue><ssdm name=""/></StgValue>
</bind>
</comp>

<comp id="252" class="1001" name="const_252">
<pin_list>
<pin id="253" dir="1" index="0" bw="1" slack="2147483647"/>
</pin_list>
<bind>
<StgValue><ssdm name=""/></StgValue>
</bind>
</comp>

<comp id="254" class="1001" name="const_254">
<pin_list>
<pin id="255" dir="1" index="0" bw="1" slack="2147483647"/>
</pin_list>
<bind>
<StgValue><ssdm name=""/></StgValue>
</bind>
</comp>

<comp id="256" class="1001" name="const_256">
<pin_list>
<pin id="257" dir="1" index="0" bw="1" slack="2147483647"/>
</pin_list>
<bind>
<StgValue><ssdm name=""/></StgValue>
</bind>
</comp>

<comp id="258" class="1001" name="const_258">
<pin_list>
<pin id="259" dir="1" index="0" bw="1" slack="2147483647"/>
</pin_list>
<bind>
<StgValue><ssdm name=""/></StgValue>
</bind>
</comp>

<comp id="260" class="1001" name="const_260">
<pin_list>
<pin id="261" dir="1" index="0" bw="1" slack="2147483647"/>
</pin_list>
<bind>
<StgValue><ssdm name=""/></StgValue>
</bind>
</comp>

<comp id="262" class="1001" name="const_262">
<pin_list>
<pin id="263" dir="1" index="0" bw="1" slack="2147483647"/>
</pin_list>
<bind>
<StgValue><ssdm name=""/></StgValue>
</bind>
</comp>

<comp id="264" class="1001" name="const_264">
<pin_list>
<pin id="265" dir="1" index="0" bw="1" slack="2147483647"/>
</pin_list>
<bind>
<StgValue><ssdm name=""/></StgValue>
</bind>
</comp>

<comp id="266" class="1001" name="const_266">
<pin_list>
<pin id="267" dir="1" index="0" bw="1" slack="2147483647"/>
</pin_list>
<bind>
<StgValue><ssdm name=""/></StgValue>
</bind>
</comp>

<comp id="268" class="1001" name="const_268">
<pin_list>
<pin id="269" dir="1" index="0" bw="1" slack="2147483647"/>
</pin_list>
<bind>
<StgValue><ssdm name=""/></StgValue>
</bind>
</comp>

<comp id="270" class="1001" name="const_270">
<pin_list>
<pin id="271" dir="1" index="0" bw="1" slack="2147483647"/>
</pin_list>
<bind>
<StgValue><ssdm name=""/></StgValue>
</bind>
</comp>

<comp id="272" class="1001" name="const_272">
<pin_list>
<pin id="273" dir="1" index="0" bw="1" slack="2147483647"/>
</pin_list>
<bind>
<StgValue><ssdm name=""/></StgValue>
</bind>
</comp>

<comp id="274" class="1001" name="const_274">
<pin_list>
<pin id="275" dir="1" index="0" bw="1" slack="2147483647"/>
</pin_list>
<bind>
<StgValue><ssdm name=""/></StgValue>
</bind>
</comp>

<comp id="276" class="1001" name="const_276">
<pin_list>
<pin id="277" dir="1" index="0" bw="1" slack="2147483647"/>
</pin_list>
<bind>
<StgValue><ssdm name=""/></StgValue>
</bind>
</comp>

<comp id="278" class="1001" name="const_278">
<pin_list>
<pin id="279" dir="1" index="0" bw="1" slack="2147483647"/>
</pin_list>
<bind>
<StgValue><ssdm name=""/></StgValue>
</bind>
</comp>

<comp id="280" class="1001" name="const_280">
<pin_list>
<pin id="281" dir="1" index="0" bw="1" slack="2147483647"/>
</pin_list>
<bind>
<StgValue><ssdm name=""/></StgValue>
</bind>
</comp>

<comp id="282" class="1001" name="const_282">
<pin_list>
<pin id="283" dir="1" index="0" bw="1" slack="2147483647"/>
</pin_list>
<bind>
<StgValue><ssdm name=""/></StgValue>
</bind>
</comp>

<comp id="284" class="1001" name="const_284">
<pin_list>
<pin id="285" dir="1" index="0" bw="1" slack="2147483647"/>
</pin_list>
<bind>
<StgValue><ssdm name=""/></StgValue>
</bind>
</comp>

<comp id="286" class="1001" name="const_286">
<pin_list>
<pin id="287" dir="1" index="0" bw="1" slack="2147483647"/>
</pin_list>
<bind>
<StgValue><ssdm name=""/></StgValue>
</bind>
</comp>

<comp id="288" class="1001" name="const_288">
<pin_list>
<pin id="289" dir="1" index="0" bw="1" slack="2147483647"/>
</pin_list>
<bind>
<StgValue><ssdm name=""/></StgValue>
</bind>
</comp>

<comp id="290" class="1001" name="const_290">
<pin_list>
<pin id="291" dir="1" index="0" bw="1" slack="2147483647"/>
</pin_list>
<bind>
<StgValue><ssdm name=""/></StgValue>
</bind>
</comp>

<comp id="292" class="1001" name="const_292">
<pin_list>
<pin id="293" dir="1" index="0" bw="1" slack="2147483647"/>
</pin_list>
<bind>
<StgValue><ssdm name=""/></StgValue>
</bind>
</comp>

<comp id="294" class="1001" name="const_294">
<pin_list>
<pin id="295" dir="1" index="0" bw="1" slack="2147483647"/>
</pin_list>
<bind>
<StgValue><ssdm name=""/></StgValue>
</bind>
</comp>

<comp id="296" class="1001" name="const_296">
<pin_list>
<pin id="297" dir="1" index="0" bw="1" slack="2147483647"/>
</pin_list>
<bind>
<StgValue><ssdm name=""/></StgValue>
</bind>
</comp>

<comp id="298" class="1001" name="const_298">
<pin_list>
<pin id="299" dir="1" index="0" bw="1" slack="2147483647"/>
</pin_list>
<bind>
<StgValue><ssdm name=""/></StgValue>
</bind>
</comp>

<comp id="300" class="1001" name="const_300">
<pin_list>
<pin id="301" dir="1" index="0" bw="1" slack="2147483647"/>
</pin_list>
<bind>
<StgValue><ssdm name=""/></StgValue>
</bind>
</comp>

<comp id="302" class="1001" name="const_302">
<pin_list>
<pin id="303" dir="1" index="0" bw="1" slack="2147483647"/>
</pin_list>
<bind>
<StgValue><ssdm name=""/></StgValue>
</bind>
</comp>

<comp id="304" class="1001" name="const_304">
<pin_list>
<pin id="305" dir="1" index="0" bw="1" slack="2147483647"/>
</pin_list>
<bind>
<StgValue><ssdm name=""/></StgValue>
</bind>
</comp>

<comp id="306" class="1001" name="const_306">
<pin_list>
<pin id="307" dir="1" index="0" bw="1" slack="2147483647"/>
</pin_list>
<bind>
<StgValue><ssdm name=""/></StgValue>
</bind>
</comp>

<comp id="308" class="1001" name="const_308">
<pin_list>
<pin id="309" dir="1" index="0" bw="1" slack="2147483647"/>
</pin_list>
<bind>
<StgValue><ssdm name=""/></StgValue>
</bind>
</comp>

<comp id="310" class="1001" name="const_310">
<pin_list>
<pin id="311" dir="1" index="0" bw="1" slack="2147483647"/>
</pin_list>
<bind>
<StgValue><ssdm name=""/></StgValue>
</bind>
</comp>

<comp id="312" class="1001" name="const_312">
<pin_list>
<pin id="313" dir="1" index="0" bw="1" slack="2147483647"/>
</pin_list>
<bind>
<StgValue><ssdm name=""/></StgValue>
</bind>
</comp>

<comp id="314" class="1001" name="const_314">
<pin_list>
<pin id="315" dir="1" index="0" bw="1" slack="2147483647"/>
</pin_list>
<bind>
<StgValue><ssdm name=""/></StgValue>
</bind>
</comp>

<comp id="316" class="1001" name="const_316">
<pin_list>
<pin id="317" dir="1" index="0" bw="1" slack="2147483647"/>
</pin_list>
<bind>
<StgValue><ssdm name=""/></StgValue>
</bind>
</comp>

<comp id="318" class="1001" name="const_318">
<pin_list>
<pin id="319" dir="1" index="0" bw="1" slack="2147483647"/>
</pin_list>
<bind>
<StgValue><ssdm name=""/></StgValue>
</bind>
</comp>

<comp id="320" class="1001" name="const_320">
<pin_list>
<pin id="321" dir="1" index="0" bw="1" slack="2147483647"/>
</pin_list>
<bind>
<StgValue><ssdm name=""/></StgValue>
</bind>
</comp>

<comp id="322" class="1001" name="const_322">
<pin_list>
<pin id="323" dir="1" index="0" bw="1" slack="0"/>
</pin_list>
<bind>
<StgValue><ssdm name=""/></StgValue>
</bind>
</comp>

<comp id="324" class="1001" name="const_324">
<pin_list>
<pin id="325" dir="1" index="0" bw="1" slack="0"/>
</pin_list>
<bind>
<StgValue><ssdm name="_ssdm_op_BitSelect.i1.i16.i32"/></StgValue>
</bind>
</comp>

<comp id="326" class="1001" name="const_326">
<pin_list>
<pin id="327" dir="1" index="0" bw="1" slack="0"/>
</pin_list>
<bind>
<StgValue><ssdm name=""/></StgValue>
</bind>
</comp>

<comp id="328" class="1001" name="const_328">
<pin_list>
<pin id="329" dir="1" index="0" bw="1" slack="0"/>
</pin_list>
<bind>
<StgValue><ssdm name=""/></StgValue>
</bind>
</comp>

<comp id="330" class="1001" name="const_330">
<pin_list>
<pin id="331" dir="1" index="0" bw="1" slack="0"/>
</pin_list>
<bind>
<StgValue><ssdm name=""/></StgValue>
</bind>
</comp>

<comp id="332" class="1001" name="const_332">
<pin_list>
<pin id="333" dir="1" index="0" bw="1" slack="0"/>
</pin_list>
<bind>
<StgValue><ssdm name=""/></StgValue>
</bind>
</comp>

<comp id="334" class="1001" name="const_334">
<pin_list>
<pin id="335" dir="1" index="0" bw="1" slack="0"/>
</pin_list>
<bind>
<StgValue><ssdm name=""/></StgValue>
</bind>
</comp>

<comp id="336" class="1001" name="const_336">
<pin_list>
<pin id="337" dir="1" index="0" bw="1" slack="0"/>
</pin_list>
<bind>
<StgValue><ssdm name=""/></StgValue>
</bind>
</comp>

<comp id="338" class="1001" name="const_338">
<pin_list>
<pin id="339" dir="1" index="0" bw="1" slack="0"/>
</pin_list>
<bind>
<StgValue><ssdm name=""/></StgValue>
</bind>
</comp>

<comp id="340" class="1001" name="const_340">
<pin_list>
<pin id="341" dir="1" index="0" bw="1" slack="0"/>
</pin_list>
<bind>
<StgValue><ssdm name=""/></StgValue>
</bind>
</comp>

<comp id="342" class="1001" name="const_342">
<pin_list>
<pin id="343" dir="1" index="0" bw="1" slack="0"/>
</pin_list>
<bind>
<StgValue><ssdm name=""/></StgValue>
</bind>
</comp>

<comp id="344" class="1001" name="const_344">
<pin_list>
<pin id="345" dir="1" index="0" bw="1" slack="0"/>
</pin_list>
<bind>
<StgValue><ssdm name=""/></StgValue>
</bind>
</comp>

<comp id="346" class="1001" name="const_346">
<pin_list>
<pin id="347" dir="1" index="0" bw="1" slack="0"/>
</pin_list>
<bind>
<StgValue><ssdm name=""/></StgValue>
</bind>
</comp>

<comp id="348" class="1001" name="const_348">
<pin_list>
<pin id="349" dir="1" index="0" bw="1" slack="0"/>
</pin_list>
<bind>
<StgValue><ssdm name=""/></StgValue>
</bind>
</comp>

<comp id="350" class="1001" name="const_350">
<pin_list>
<pin id="351" dir="1" index="0" bw="1" slack="0"/>
</pin_list>
<bind>
<StgValue><ssdm name=""/></StgValue>
</bind>
</comp>

<comp id="352" class="1001" name="const_352">
<pin_list>
<pin id="353" dir="1" index="0" bw="1" slack="0"/>
</pin_list>
<bind>
<StgValue><ssdm name=""/></StgValue>
</bind>
</comp>

<comp id="354" class="1001" name="const_354">
<pin_list>
<pin id="355" dir="1" index="0" bw="1" slack="0"/>
</pin_list>
<bind>
<StgValue><ssdm name="_ssdm_op_BitConcatenate.i9.i8.i1"/></StgValue>
</bind>
</comp>

<comp id="356" class="1001" name="const_356">
<pin_list>
<pin id="357" dir="1" index="0" bw="1" slack="0"/>
</pin_list>
<bind>
<StgValue><ssdm name=""/></StgValue>
</bind>
</comp>

<comp id="358" class="1001" name="const_358">
<pin_list>
<pin id="359" dir="1" index="0" bw="1" slack="0"/>
</pin_list>
<bind>
<StgValue><ssdm name=""/></StgValue>
</bind>
</comp>

<comp id="360" class="1001" name="const_360">
<pin_list>
<pin id="361" dir="1" index="0" bw="1" slack="0"/>
</pin_list>
<bind>
<StgValue><ssdm name=""/></StgValue>
</bind>
</comp>

<comp id="362" class="1001" name="const_362">
<pin_list>
<pin id="363" dir="1" index="0" bw="1" slack="2147483647"/>
</pin_list>
<bind>
<StgValue><ssdm name="_ssdm_op_SpecPipeline"/></StgValue>
</bind>
</comp>

<comp id="364" class="1001" name="const_364">
<pin_list>
<pin id="365" dir="1" index="0" bw="1" slack="2147483647"/>
</pin_list>
<bind>
<StgValue><ssdm name="_ssdm_op_SpecLoopTripCount"/></StgValue>
</bind>
</comp>

<comp id="366" class="1001" name="const_366">
<pin_list>
<pin id="367" dir="1" index="0" bw="1" slack="2147483647"/>
</pin_list>
<bind>
<StgValue><ssdm name=""/></StgValue>
</bind>
</comp>

<comp id="368" class="1001" name="const_368">
<pin_list>
<pin id="369" dir="1" index="0" bw="1" slack="2147483647"/>
</pin_list>
<bind>
<StgValue><ssdm name="_ssdm_op_SpecLoopName"/></StgValue>
</bind>
</comp>

<comp id="370" class="1001" name="const_370">
<pin_list>
<pin id="371" dir="1" index="0" bw="1" slack="2147483647"/>
</pin_list>
<bind>
<StgValue><ssdm name="empty"/></StgValue>
</bind>
</comp>

<comp id="372" class="1001" name="const_372">
<pin_list>
<pin id="373" dir="1" index="0" bw="1" slack="0"/>
</pin_list>
<bind>
<StgValue><ssdm name="_ssdm_op_Write.ap_auto.i1P0A"/></StgValue>
</bind>
</comp>

<comp id="374" class="1004" name="n_1_fu_374">
<pin_list>
<pin id="375" dir="0" index="0" bw="1" slack="0"/>
<pin id="376" dir="1" index="1" bw="7" slack="0"/>
</pin_list>
<bind>
<opcode="alloca(26) " fcode="alloca"/>
<opset="n_1/1 "/>
</bind>
</comp>

<comp id="378" class="1004" name="l2_bits_fu_378">
<pin_list>
<pin id="379" dir="0" index="0" bw="1" slack="0"/>
<pin id="380" dir="1" index="1" bw="1" slack="4"/>
</pin_list>
<bind>
<opcode="alloca(26) " fcode="alloca"/>
<opset="l2_bits/1 "/>
</bind>
</comp>

<comp id="382" class="1004" name="l2_bits_1_fu_382">
<pin_list>
<pin id="383" dir="0" index="0" bw="1" slack="0"/>
<pin id="384" dir="1" index="1" bw="1" slack="4"/>
</pin_list>
<bind>
<opcode="alloca(26) " fcode="alloca"/>
<opset="l2_bits_1/1 "/>
</bind>
</comp>

<comp id="386" class="1004" name="l2_bits_2_fu_386">
<pin_list>
<pin id="387" dir="0" index="0" bw="1" slack="0"/>
<pin id="388" dir="1" index="1" bw="1" slack="4"/>
</pin_list>
<bind>
<opcode="alloca(26) " fcode="alloca"/>
<opset="l2_bits_2/1 "/>
</bind>
</comp>

<comp id="390" class="1004" name="l2_bits_3_fu_390">
<pin_list>
<pin id="391" dir="0" index="0" bw="1" slack="0"/>
<pin id="392" dir="1" index="1" bw="1" slack="4"/>
</pin_list>
<bind>
<opcode="alloca(26) " fcode="alloca"/>
<opset="l2_bits_3/1 "/>
</bind>
</comp>

<comp id="394" class="1004" name="l2_bits_4_fu_394">
<pin_list>
<pin id="395" dir="0" index="0" bw="1" slack="0"/>
<pin id="396" dir="1" index="1" bw="1" slack="4"/>
</pin_list>
<bind>
<opcode="alloca(26) " fcode="alloca"/>
<opset="l2_bits_4/1 "/>
</bind>
</comp>

<comp id="398" class="1004" name="l2_bits_5_fu_398">
<pin_list>
<pin id="399" dir="0" index="0" bw="1" slack="0"/>
<pin id="400" dir="1" index="1" bw="1" slack="4"/>
</pin_list>
<bind>
<opcode="alloca(26) " fcode="alloca"/>
<opset="l2_bits_5/1 "/>
</bind>
</comp>

<comp id="402" class="1004" name="l2_bits_6_fu_402">
<pin_list>
<pin id="403" dir="0" index="0" bw="1" slack="0"/>
<pin id="404" dir="1" index="1" bw="1" slack="4"/>
</pin_list>
<bind>
<opcode="alloca(26) " fcode="alloca"/>
<opset="l2_bits_6/1 "/>
</bind>
</comp>

<comp id="406" class="1004" name="l2_bits_7_fu_406">
<pin_list>
<pin id="407" dir="0" index="0" bw="1" slack="0"/>
<pin id="408" dir="1" index="1" bw="1" slack="4"/>
</pin_list>
<bind>
<opcode="alloca(26) " fcode="alloca"/>
<opset="l2_bits_7/1 "/>
</bind>
</comp>

<comp id="410" class="1004" name="l2_bits_8_fu_410">
<pin_list>
<pin id="411" dir="0" index="0" bw="1" slack="0"/>
<pin id="412" dir="1" index="1" bw="1" slack="4"/>
</pin_list>
<bind>
<opcode="alloca(26) " fcode="alloca"/>
<opset="l2_bits_8/1 "/>
</bind>
</comp>

<comp id="414" class="1004" name="l2_bits_9_fu_414">
<pin_list>
<pin id="415" dir="0" index="0" bw="1" slack="0"/>
<pin id="416" dir="1" index="1" bw="1" slack="4"/>
</pin_list>
<bind>
<opcode="alloca(26) " fcode="alloca"/>
<opset="l2_bits_9/1 "/>
</bind>
</comp>

<comp id="418" class="1004" name="l2_bits_10_fu_418">
<pin_list>
<pin id="419" dir="0" index="0" bw="1" slack="0"/>
<pin id="420" dir="1" index="1" bw="1" slack="4"/>
</pin_list>
<bind>
<opcode="alloca(26) " fcode="alloca"/>
<opset="l2_bits_10/1 "/>
</bind>
</comp>

<comp id="422" class="1004" name="l2_bits_11_fu_422">
<pin_list>
<pin id="423" dir="0" index="0" bw="1" slack="0"/>
<pin id="424" dir="1" index="1" bw="1" slack="4"/>
</pin_list>
<bind>
<opcode="alloca(26) " fcode="alloca"/>
<opset="l2_bits_11/1 "/>
</bind>
</comp>

<comp id="426" class="1004" name="l2_bits_12_fu_426">
<pin_list>
<pin id="427" dir="0" index="0" bw="1" slack="0"/>
<pin id="428" dir="1" index="1" bw="1" slack="4"/>
</pin_list>
<bind>
<opcode="alloca(26) " fcode="alloca"/>
<opset="l2_bits_12/1 "/>
</bind>
</comp>

<comp id="430" class="1004" name="l2_bits_13_fu_430">
<pin_list>
<pin id="431" dir="0" index="0" bw="1" slack="0"/>
<pin id="432" dir="1" index="1" bw="1" slack="4"/>
</pin_list>
<bind>
<opcode="alloca(26) " fcode="alloca"/>
<opset="l2_bits_13/1 "/>
</bind>
</comp>

<comp id="434" class="1004" name="l2_bits_14_fu_434">
<pin_list>
<pin id="435" dir="0" index="0" bw="1" slack="0"/>
<pin id="436" dir="1" index="1" bw="1" slack="4"/>
</pin_list>
<bind>
<opcode="alloca(26) " fcode="alloca"/>
<opset="l2_bits_14/1 "/>
</bind>
</comp>

<comp id="438" class="1004" name="l2_bits_15_fu_438">
<pin_list>
<pin id="439" dir="0" index="0" bw="1" slack="0"/>
<pin id="440" dir="1" index="1" bw="1" slack="4"/>
</pin_list>
<bind>
<opcode="alloca(26) " fcode="alloca"/>
<opset="l2_bits_15/1 "/>
</bind>
</comp>

<comp id="442" class="1004" name="l2_bits_16_fu_442">
<pin_list>
<pin id="443" dir="0" index="0" bw="1" slack="0"/>
<pin id="444" dir="1" index="1" bw="1" slack="4"/>
</pin_list>
<bind>
<opcode="alloca(26) " fcode="alloca"/>
<opset="l2_bits_16/1 "/>
</bind>
</comp>

<comp id="446" class="1004" name="l2_bits_17_fu_446">
<pin_list>
<pin id="447" dir="0" index="0" bw="1" slack="0"/>
<pin id="448" dir="1" index="1" bw="1" slack="4"/>
</pin_list>
<bind>
<opcode="alloca(26) " fcode="alloca"/>
<opset="l2_bits_17/1 "/>
</bind>
</comp>

<comp id="450" class="1004" name="l2_bits_18_fu_450">
<pin_list>
<pin id="451" dir="0" index="0" bw="1" slack="0"/>
<pin id="452" dir="1" index="1" bw="1" slack="4"/>
</pin_list>
<bind>
<opcode="alloca(26) " fcode="alloca"/>
<opset="l2_bits_18/1 "/>
</bind>
</comp>

<comp id="454" class="1004" name="l2_bits_19_fu_454">
<pin_list>
<pin id="455" dir="0" index="0" bw="1" slack="0"/>
<pin id="456" dir="1" index="1" bw="1" slack="4"/>
</pin_list>
<bind>
<opcode="alloca(26) " fcode="alloca"/>
<opset="l2_bits_19/1 "/>
</bind>
</comp>

<comp id="458" class="1004" name="l2_bits_20_fu_458">
<pin_list>
<pin id="459" dir="0" index="0" bw="1" slack="0"/>
<pin id="460" dir="1" index="1" bw="1" slack="4"/>
</pin_list>
<bind>
<opcode="alloca(26) " fcode="alloca"/>
<opset="l2_bits_20/1 "/>
</bind>
</comp>

<comp id="462" class="1004" name="l2_bits_21_fu_462">
<pin_list>
<pin id="463" dir="0" index="0" bw="1" slack="0"/>
<pin id="464" dir="1" index="1" bw="1" slack="4"/>
</pin_list>
<bind>
<opcode="alloca(26) " fcode="alloca"/>
<opset="l2_bits_21/1 "/>
</bind>
</comp>

<comp id="466" class="1004" name="l2_bits_22_fu_466">
<pin_list>
<pin id="467" dir="0" index="0" bw="1" slack="0"/>
<pin id="468" dir="1" index="1" bw="1" slack="4"/>
</pin_list>
<bind>
<opcode="alloca(26) " fcode="alloca"/>
<opset="l2_bits_22/1 "/>
</bind>
</comp>

<comp id="470" class="1004" name="l2_bits_23_fu_470">
<pin_list>
<pin id="471" dir="0" index="0" bw="1" slack="0"/>
<pin id="472" dir="1" index="1" bw="1" slack="4"/>
</pin_list>
<bind>
<opcode="alloca(26) " fcode="alloca"/>
<opset="l2_bits_23/1 "/>
</bind>
</comp>

<comp id="474" class="1004" name="l2_bits_24_fu_474">
<pin_list>
<pin id="475" dir="0" index="0" bw="1" slack="0"/>
<pin id="476" dir="1" index="1" bw="1" slack="4"/>
</pin_list>
<bind>
<opcode="alloca(26) " fcode="alloca"/>
<opset="l2_bits_24/1 "/>
</bind>
</comp>

<comp id="478" class="1004" name="l2_bits_25_fu_478">
<pin_list>
<pin id="479" dir="0" index="0" bw="1" slack="0"/>
<pin id="480" dir="1" index="1" bw="1" slack="4"/>
</pin_list>
<bind>
<opcode="alloca(26) " fcode="alloca"/>
<opset="l2_bits_25/1 "/>
</bind>
</comp>

<comp id="482" class="1004" name="l2_bits_26_fu_482">
<pin_list>
<pin id="483" dir="0" index="0" bw="1" slack="0"/>
<pin id="484" dir="1" index="1" bw="1" slack="4"/>
</pin_list>
<bind>
<opcode="alloca(26) " fcode="alloca"/>
<opset="l2_bits_26/1 "/>
</bind>
</comp>

<comp id="486" class="1004" name="l2_bits_27_fu_486">
<pin_list>
<pin id="487" dir="0" index="0" bw="1" slack="0"/>
<pin id="488" dir="1" index="1" bw="1" slack="4"/>
</pin_list>
<bind>
<opcode="alloca(26) " fcode="alloca"/>
<opset="l2_bits_27/1 "/>
</bind>
</comp>

<comp id="490" class="1004" name="l2_bits_28_fu_490">
<pin_list>
<pin id="491" dir="0" index="0" bw="1" slack="0"/>
<pin id="492" dir="1" index="1" bw="1" slack="4"/>
</pin_list>
<bind>
<opcode="alloca(26) " fcode="alloca"/>
<opset="l2_bits_28/1 "/>
</bind>
</comp>

<comp id="494" class="1004" name="l2_bits_29_fu_494">
<pin_list>
<pin id="495" dir="0" index="0" bw="1" slack="0"/>
<pin id="496" dir="1" index="1" bw="1" slack="4"/>
</pin_list>
<bind>
<opcode="alloca(26) " fcode="alloca"/>
<opset="l2_bits_29/1 "/>
</bind>
</comp>

<comp id="498" class="1004" name="l2_bits_30_fu_498">
<pin_list>
<pin id="499" dir="0" index="0" bw="1" slack="0"/>
<pin id="500" dir="1" index="1" bw="1" slack="4"/>
</pin_list>
<bind>
<opcode="alloca(26) " fcode="alloca"/>
<opset="l2_bits_30/1 "/>
</bind>
</comp>

<comp id="502" class="1004" name="l2_bits_31_fu_502">
<pin_list>
<pin id="503" dir="0" index="0" bw="1" slack="0"/>
<pin id="504" dir="1" index="1" bw="1" slack="4"/>
</pin_list>
<bind>
<opcode="alloca(26) " fcode="alloca"/>
<opset="l2_bits_31/1 "/>
</bind>
</comp>

<comp id="506" class="1004" name="l2_bits_32_fu_506">
<pin_list>
<pin id="507" dir="0" index="0" bw="1" slack="0"/>
<pin id="508" dir="1" index="1" bw="1" slack="4"/>
</pin_list>
<bind>
<opcode="alloca(26) " fcode="alloca"/>
<opset="l2_bits_32/1 "/>
</bind>
</comp>

<comp id="510" class="1004" name="l2_bits_33_fu_510">
<pin_list>
<pin id="511" dir="0" index="0" bw="1" slack="0"/>
<pin id="512" dir="1" index="1" bw="1" slack="4"/>
</pin_list>
<bind>
<opcode="alloca(26) " fcode="alloca"/>
<opset="l2_bits_33/1 "/>
</bind>
</comp>

<comp id="514" class="1004" name="l2_bits_34_fu_514">
<pin_list>
<pin id="515" dir="0" index="0" bw="1" slack="0"/>
<pin id="516" dir="1" index="1" bw="1" slack="4"/>
</pin_list>
<bind>
<opcode="alloca(26) " fcode="alloca"/>
<opset="l2_bits_34/1 "/>
</bind>
</comp>

<comp id="518" class="1004" name="l2_bits_35_fu_518">
<pin_list>
<pin id="519" dir="0" index="0" bw="1" slack="0"/>
<pin id="520" dir="1" index="1" bw="1" slack="4"/>
</pin_list>
<bind>
<opcode="alloca(26) " fcode="alloca"/>
<opset="l2_bits_35/1 "/>
</bind>
</comp>

<comp id="522" class="1004" name="l2_bits_36_fu_522">
<pin_list>
<pin id="523" dir="0" index="0" bw="1" slack="0"/>
<pin id="524" dir="1" index="1" bw="1" slack="4"/>
</pin_list>
<bind>
<opcode="alloca(26) " fcode="alloca"/>
<opset="l2_bits_36/1 "/>
</bind>
</comp>

<comp id="526" class="1004" name="l2_bits_37_fu_526">
<pin_list>
<pin id="527" dir="0" index="0" bw="1" slack="0"/>
<pin id="528" dir="1" index="1" bw="1" slack="4"/>
</pin_list>
<bind>
<opcode="alloca(26) " fcode="alloca"/>
<opset="l2_bits_37/1 "/>
</bind>
</comp>

<comp id="530" class="1004" name="l2_bits_38_fu_530">
<pin_list>
<pin id="531" dir="0" index="0" bw="1" slack="0"/>
<pin id="532" dir="1" index="1" bw="1" slack="4"/>
</pin_list>
<bind>
<opcode="alloca(26) " fcode="alloca"/>
<opset="l2_bits_38/1 "/>
</bind>
</comp>

<comp id="534" class="1004" name="l2_bits_39_fu_534">
<pin_list>
<pin id="535" dir="0" index="0" bw="1" slack="0"/>
<pin id="536" dir="1" index="1" bw="1" slack="4"/>
</pin_list>
<bind>
<opcode="alloca(26) " fcode="alloca"/>
<opset="l2_bits_39/1 "/>
</bind>
</comp>

<comp id="538" class="1004" name="l2_bits_40_fu_538">
<pin_list>
<pin id="539" dir="0" index="0" bw="1" slack="0"/>
<pin id="540" dir="1" index="1" bw="1" slack="4"/>
</pin_list>
<bind>
<opcode="alloca(26) " fcode="alloca"/>
<opset="l2_bits_40/1 "/>
</bind>
</comp>

<comp id="542" class="1004" name="l2_bits_41_fu_542">
<pin_list>
<pin id="543" dir="0" index="0" bw="1" slack="0"/>
<pin id="544" dir="1" index="1" bw="1" slack="4"/>
</pin_list>
<bind>
<opcode="alloca(26) " fcode="alloca"/>
<opset="l2_bits_41/1 "/>
</bind>
</comp>

<comp id="546" class="1004" name="l2_bits_42_fu_546">
<pin_list>
<pin id="547" dir="0" index="0" bw="1" slack="0"/>
<pin id="548" dir="1" index="1" bw="1" slack="4"/>
</pin_list>
<bind>
<opcode="alloca(26) " fcode="alloca"/>
<opset="l2_bits_42/1 "/>
</bind>
</comp>

<comp id="550" class="1004" name="l2_bits_43_fu_550">
<pin_list>
<pin id="551" dir="0" index="0" bw="1" slack="0"/>
<pin id="552" dir="1" index="1" bw="1" slack="4"/>
</pin_list>
<bind>
<opcode="alloca(26) " fcode="alloca"/>
<opset="l2_bits_43/1 "/>
</bind>
</comp>

<comp id="554" class="1004" name="l2_bits_44_fu_554">
<pin_list>
<pin id="555" dir="0" index="0" bw="1" slack="0"/>
<pin id="556" dir="1" index="1" bw="1" slack="4"/>
</pin_list>
<bind>
<opcode="alloca(26) " fcode="alloca"/>
<opset="l2_bits_44/1 "/>
</bind>
</comp>

<comp id="558" class="1004" name="l2_bits_45_fu_558">
<pin_list>
<pin id="559" dir="0" index="0" bw="1" slack="0"/>
<pin id="560" dir="1" index="1" bw="1" slack="4"/>
</pin_list>
<bind>
<opcode="alloca(26) " fcode="alloca"/>
<opset="l2_bits_45/1 "/>
</bind>
</comp>

<comp id="562" class="1004" name="l2_bits_46_fu_562">
<pin_list>
<pin id="563" dir="0" index="0" bw="1" slack="0"/>
<pin id="564" dir="1" index="1" bw="1" slack="4"/>
</pin_list>
<bind>
<opcode="alloca(26) " fcode="alloca"/>
<opset="l2_bits_46/1 "/>
</bind>
</comp>

<comp id="566" class="1004" name="l2_bits_47_fu_566">
<pin_list>
<pin id="567" dir="0" index="0" bw="1" slack="0"/>
<pin id="568" dir="1" index="1" bw="1" slack="4"/>
</pin_list>
<bind>
<opcode="alloca(26) " fcode="alloca"/>
<opset="l2_bits_47/1 "/>
</bind>
</comp>

<comp id="570" class="1004" name="l2_bits_48_fu_570">
<pin_list>
<pin id="571" dir="0" index="0" bw="1" slack="0"/>
<pin id="572" dir="1" index="1" bw="1" slack="4"/>
</pin_list>
<bind>
<opcode="alloca(26) " fcode="alloca"/>
<opset="l2_bits_48/1 "/>
</bind>
</comp>

<comp id="574" class="1004" name="l2_bits_49_fu_574">
<pin_list>
<pin id="575" dir="0" index="0" bw="1" slack="0"/>
<pin id="576" dir="1" index="1" bw="1" slack="4"/>
</pin_list>
<bind>
<opcode="alloca(26) " fcode="alloca"/>
<opset="l2_bits_49/1 "/>
</bind>
</comp>

<comp id="578" class="1004" name="l2_bits_50_fu_578">
<pin_list>
<pin id="579" dir="0" index="0" bw="1" slack="0"/>
<pin id="580" dir="1" index="1" bw="1" slack="4"/>
</pin_list>
<bind>
<opcode="alloca(26) " fcode="alloca"/>
<opset="l2_bits_50/1 "/>
</bind>
</comp>

<comp id="582" class="1004" name="l2_bits_51_fu_582">
<pin_list>
<pin id="583" dir="0" index="0" bw="1" slack="0"/>
<pin id="584" dir="1" index="1" bw="1" slack="4"/>
</pin_list>
<bind>
<opcode="alloca(26) " fcode="alloca"/>
<opset="l2_bits_51/1 "/>
</bind>
</comp>

<comp id="586" class="1004" name="l2_bits_52_fu_586">
<pin_list>
<pin id="587" dir="0" index="0" bw="1" slack="0"/>
<pin id="588" dir="1" index="1" bw="1" slack="4"/>
</pin_list>
<bind>
<opcode="alloca(26) " fcode="alloca"/>
<opset="l2_bits_52/1 "/>
</bind>
</comp>

<comp id="590" class="1004" name="l2_bits_53_fu_590">
<pin_list>
<pin id="591" dir="0" index="0" bw="1" slack="0"/>
<pin id="592" dir="1" index="1" bw="1" slack="4"/>
</pin_list>
<bind>
<opcode="alloca(26) " fcode="alloca"/>
<opset="l2_bits_53/1 "/>
</bind>
</comp>

<comp id="594" class="1004" name="l2_bits_54_fu_594">
<pin_list>
<pin id="595" dir="0" index="0" bw="1" slack="0"/>
<pin id="596" dir="1" index="1" bw="1" slack="4"/>
</pin_list>
<bind>
<opcode="alloca(26) " fcode="alloca"/>
<opset="l2_bits_54/1 "/>
</bind>
</comp>

<comp id="598" class="1004" name="l2_bits_55_fu_598">
<pin_list>
<pin id="599" dir="0" index="0" bw="1" slack="0"/>
<pin id="600" dir="1" index="1" bw="1" slack="4"/>
</pin_list>
<bind>
<opcode="alloca(26) " fcode="alloca"/>
<opset="l2_bits_55/1 "/>
</bind>
</comp>

<comp id="602" class="1004" name="l2_bits_56_fu_602">
<pin_list>
<pin id="603" dir="0" index="0" bw="1" slack="0"/>
<pin id="604" dir="1" index="1" bw="1" slack="4"/>
</pin_list>
<bind>
<opcode="alloca(26) " fcode="alloca"/>
<opset="l2_bits_56/1 "/>
</bind>
</comp>

<comp id="606" class="1004" name="l2_bits_57_fu_606">
<pin_list>
<pin id="607" dir="0" index="0" bw="1" slack="0"/>
<pin id="608" dir="1" index="1" bw="1" slack="4"/>
</pin_list>
<bind>
<opcode="alloca(26) " fcode="alloca"/>
<opset="l2_bits_57/1 "/>
</bind>
</comp>

<comp id="610" class="1004" name="l2_bits_58_fu_610">
<pin_list>
<pin id="611" dir="0" index="0" bw="1" slack="0"/>
<pin id="612" dir="1" index="1" bw="1" slack="4"/>
</pin_list>
<bind>
<opcode="alloca(26) " fcode="alloca"/>
<opset="l2_bits_58/1 "/>
</bind>
</comp>

<comp id="614" class="1004" name="l2_bits_59_fu_614">
<pin_list>
<pin id="615" dir="0" index="0" bw="1" slack="0"/>
<pin id="616" dir="1" index="1" bw="1" slack="4"/>
</pin_list>
<bind>
<opcode="alloca(26) " fcode="alloca"/>
<opset="l2_bits_59/1 "/>
</bind>
</comp>

<comp id="618" class="1004" name="l2_bits_60_fu_618">
<pin_list>
<pin id="619" dir="0" index="0" bw="1" slack="0"/>
<pin id="620" dir="1" index="1" bw="1" slack="4"/>
</pin_list>
<bind>
<opcode="alloca(26) " fcode="alloca"/>
<opset="l2_bits_60/1 "/>
</bind>
</comp>

<comp id="622" class="1004" name="l2_bits_61_fu_622">
<pin_list>
<pin id="623" dir="0" index="0" bw="1" slack="0"/>
<pin id="624" dir="1" index="1" bw="1" slack="4"/>
</pin_list>
<bind>
<opcode="alloca(26) " fcode="alloca"/>
<opset="l2_bits_61/1 "/>
</bind>
</comp>

<comp id="626" class="1004" name="l2_bits_62_fu_626">
<pin_list>
<pin id="627" dir="0" index="0" bw="1" slack="0"/>
<pin id="628" dir="1" index="1" bw="1" slack="4"/>
</pin_list>
<bind>
<opcode="alloca(26) " fcode="alloca"/>
<opset="l2_bits_62/1 "/>
</bind>
</comp>

<comp id="630" class="1004" name="l2_bits_63_fu_630">
<pin_list>
<pin id="631" dir="0" index="0" bw="1" slack="0"/>
<pin id="632" dir="1" index="1" bw="1" slack="4"/>
</pin_list>
<bind>
<opcode="alloca(26) " fcode="alloca"/>
<opset="l2_bits_63/1 "/>
</bind>
</comp>

<comp id="634" class="1004" name="p_0_0282_7102_reload_read_read_fu_634">
<pin_list>
<pin id="635" dir="0" index="0" bw="16" slack="0"/>
<pin id="636" dir="0" index="1" bw="16" slack="0"/>
<pin id="637" dir="1" index="2" bw="16" slack="1"/>
</pin_list>
<bind>
<opcode="read(1150) " fcode="read"/>
<opset="p_0_0282_7102_reload_read/1 "/>
</bind>
</comp>

<comp id="640" class="1004" name="p_0_0282_6100_reload_read_read_fu_640">
<pin_list>
<pin id="641" dir="0" index="0" bw="16" slack="0"/>
<pin id="642" dir="0" index="1" bw="16" slack="0"/>
<pin id="643" dir="1" index="2" bw="16" slack="1"/>
</pin_list>
<bind>
<opcode="read(1150) " fcode="read"/>
<opset="p_0_0282_6100_reload_read/1 "/>
</bind>
</comp>

<comp id="646" class="1004" name="p_0_0282_598_reload_read_read_fu_646">
<pin_list>
<pin id="647" dir="0" index="0" bw="16" slack="0"/>
<pin id="648" dir="0" index="1" bw="16" slack="0"/>
<pin id="649" dir="1" index="2" bw="16" slack="1"/>
</pin_list>
<bind>
<opcode="read(1150) " fcode="read"/>
<opset="p_0_0282_598_reload_read/1 "/>
</bind>
</comp>

<comp id="652" class="1004" name="p_0_0282_496_reload_read_read_fu_652">
<pin_list>
<pin id="653" dir="0" index="0" bw="16" slack="0"/>
<pin id="654" dir="0" index="1" bw="16" slack="0"/>
<pin id="655" dir="1" index="2" bw="16" slack="1"/>
</pin_list>
<bind>
<opcode="read(1150) " fcode="read"/>
<opset="p_0_0282_496_reload_read/1 "/>
</bind>
</comp>

<comp id="658" class="1004" name="p_0_0282_394_reload_read_read_fu_658">
<pin_list>
<pin id="659" dir="0" index="0" bw="16" slack="0"/>
<pin id="660" dir="0" index="1" bw="16" slack="0"/>
<pin id="661" dir="1" index="2" bw="16" slack="1"/>
</pin_list>
<bind>
<opcode="read(1150) " fcode="read"/>
<opset="p_0_0282_394_reload_read/1 "/>
</bind>
</comp>

<comp id="664" class="1004" name="p_0_0282_292_reload_read_read_fu_664">
<pin_list>
<pin id="665" dir="0" index="0" bw="16" slack="0"/>
<pin id="666" dir="0" index="1" bw="16" slack="0"/>
<pin id="667" dir="1" index="2" bw="16" slack="1"/>
</pin_list>
<bind>
<opcode="read(1150) " fcode="read"/>
<opset="p_0_0282_292_reload_read/1 "/>
</bind>
</comp>

<comp id="670" class="1004" name="p_0_0282_190_reload_read_read_fu_670">
<pin_list>
<pin id="671" dir="0" index="0" bw="16" slack="0"/>
<pin id="672" dir="0" index="1" bw="16" slack="0"/>
<pin id="673" dir="1" index="2" bw="16" slack="1"/>
</pin_list>
<bind>
<opcode="read(1150) " fcode="read"/>
<opset="p_0_0282_190_reload_read/1 "/>
</bind>
</comp>

<comp id="676" class="1004" name="p_0_028288_reload_read_read_fu_676">
<pin_list>
<pin id="677" dir="0" index="0" bw="16" slack="0"/>
<pin id="678" dir="0" index="1" bw="16" slack="0"/>
<pin id="679" dir="1" index="2" bw="16" slack="1"/>
</pin_list>
<bind>
<opcode="read(1150) " fcode="read"/>
<opset="p_0_028288_reload_read/1 "/>
</bind>
</comp>

<comp id="682" class="1004" name="write_ln0_write_fu_682">
<pin_list>
<pin id="683" dir="0" index="0" bw="0" slack="0"/>
<pin id="684" dir="0" index="1" bw="1" slack="0"/>
<pin id="685" dir="0" index="2" bw="1" slack="0"/>
<pin id="686" dir="1" index="3" bw="0" slack="2147483647"/>
</pin_list>
<bind>
<opcode="write(1151) " fcode="write"/>
<opset="write_ln0/5 "/>
</bind>
</comp>

<comp id="689" class="1004" name="write_ln0_write_fu_689">
<pin_list>
<pin id="690" dir="0" index="0" bw="0" slack="0"/>
<pin id="691" dir="0" index="1" bw="1" slack="0"/>
<pin id="692" dir="0" index="2" bw="1" slack="0"/>
<pin id="693" dir="1" index="3" bw="0" slack="2147483647"/>
</pin_list>
<bind>
<opcode="write(1151) " fcode="write"/>
<opset="write_ln0/5 "/>
</bind>
</comp>

<comp id="696" class="1004" name="write_ln0_write_fu_696">
<pin_list>
<pin id="697" dir="0" index="0" bw="0" slack="0"/>
<pin id="698" dir="0" index="1" bw="1" slack="0"/>
<pin id="699" dir="0" index="2" bw="1" slack="0"/>
<pin id="700" dir="1" index="3" bw="0" slack="2147483647"/>
</pin_list>
<bind>
<opcode="write(1151) " fcode="write"/>
<opset="write_ln0/5 "/>
</bind>
</comp>

<comp id="703" class="1004" name="write_ln0_write_fu_703">
<pin_list>
<pin id="704" dir="0" index="0" bw="0" slack="0"/>
<pin id="705" dir="0" index="1" bw="1" slack="0"/>
<pin id="706" dir="0" index="2" bw="1" slack="0"/>
<pin id="707" dir="1" index="3" bw="0" slack="2147483647"/>
</pin_list>
<bind>
<opcode="write(1151) " fcode="write"/>
<opset="write_ln0/5 "/>
</bind>
</comp>

<comp id="710" class="1004" name="write_ln0_write_fu_710">
<pin_list>
<pin id="711" dir="0" index="0" bw="0" slack="0"/>
<pin id="712" dir="0" index="1" bw="1" slack="0"/>
<pin id="713" dir="0" index="2" bw="1" slack="0"/>
<pin id="714" dir="1" index="3" bw="0" slack="2147483647"/>
</pin_list>
<bind>
<opcode="write(1151) " fcode="write"/>
<opset="write_ln0/5 "/>
</bind>
</comp>

<comp id="717" class="1004" name="write_ln0_write_fu_717">
<pin_list>
<pin id="718" dir="0" index="0" bw="0" slack="0"/>
<pin id="719" dir="0" index="1" bw="1" slack="0"/>
<pin id="720" dir="0" index="2" bw="1" slack="0"/>
<pin id="721" dir="1" index="3" bw="0" slack="2147483647"/>
</pin_list>
<bind>
<opcode="write(1151) " fcode="write"/>
<opset="write_ln0/5 "/>
</bind>
</comp>

<comp id="724" class="1004" name="write_ln0_write_fu_724">
<pin_list>
<pin id="725" dir="0" index="0" bw="0" slack="0"/>
<pin id="726" dir="0" index="1" bw="1" slack="0"/>
<pin id="727" dir="0" index="2" bw="1" slack="0"/>
<pin id="728" dir="1" index="3" bw="0" slack="2147483647"/>
</pin_list>
<bind>
<opcode="write(1151) " fcode="write"/>
<opset="write_ln0/5 "/>
</bind>
</comp>

<comp id="731" class="1004" name="write_ln0_write_fu_731">
<pin_list>
<pin id="732" dir="0" index="0" bw="0" slack="0"/>
<pin id="733" dir="0" index="1" bw="1" slack="0"/>
<pin id="734" dir="0" index="2" bw="1" slack="0"/>
<pin id="735" dir="1" index="3" bw="0" slack="2147483647"/>
</pin_list>
<bind>
<opcode="write(1151) " fcode="write"/>
<opset="write_ln0/5 "/>
</bind>
</comp>

<comp id="738" class="1004" name="write_ln0_write_fu_738">
<pin_list>
<pin id="739" dir="0" index="0" bw="0" slack="0"/>
<pin id="740" dir="0" index="1" bw="1" slack="0"/>
<pin id="741" dir="0" index="2" bw="1" slack="0"/>
<pin id="742" dir="1" index="3" bw="0" slack="2147483647"/>
</pin_list>
<bind>
<opcode="write(1151) " fcode="write"/>
<opset="write_ln0/5 "/>
</bind>
</comp>

<comp id="745" class="1004" name="write_ln0_write_fu_745">
<pin_list>
<pin id="746" dir="0" index="0" bw="0" slack="0"/>
<pin id="747" dir="0" index="1" bw="1" slack="0"/>
<pin id="748" dir="0" index="2" bw="1" slack="0"/>
<pin id="749" dir="1" index="3" bw="0" slack="2147483647"/>
</pin_list>
<bind>
<opcode="write(1151) " fcode="write"/>
<opset="write_ln0/5 "/>
</bind>
</comp>

<comp id="752" class="1004" name="write_ln0_write_fu_752">
<pin_list>
<pin id="753" dir="0" index="0" bw="0" slack="0"/>
<pin id="754" dir="0" index="1" bw="1" slack="0"/>
<pin id="755" dir="0" index="2" bw="1" slack="0"/>
<pin id="756" dir="1" index="3" bw="0" slack="2147483647"/>
</pin_list>
<bind>
<opcode="write(1151) " fcode="write"/>
<opset="write_ln0/5 "/>
</bind>
</comp>

<comp id="759" class="1004" name="write_ln0_write_fu_759">
<pin_list>
<pin id="760" dir="0" index="0" bw="0" slack="0"/>
<pin id="761" dir="0" index="1" bw="1" slack="0"/>
<pin id="762" dir="0" index="2" bw="1" slack="0"/>
<pin id="763" dir="1" index="3" bw="0" slack="2147483647"/>
</pin_list>
<bind>
<opcode="write(1151) " fcode="write"/>
<opset="write_ln0/5 "/>
</bind>
</comp>

<comp id="766" class="1004" name="write_ln0_write_fu_766">
<pin_list>
<pin id="767" dir="0" index="0" bw="0" slack="0"/>
<pin id="768" dir="0" index="1" bw="1" slack="0"/>
<pin id="769" dir="0" index="2" bw="1" slack="0"/>
<pin id="770" dir="1" index="3" bw="0" slack="2147483647"/>
</pin_list>
<bind>
<opcode="write(1151) " fcode="write"/>
<opset="write_ln0/5 "/>
</bind>
</comp>

<comp id="773" class="1004" name="write_ln0_write_fu_773">
<pin_list>
<pin id="774" dir="0" index="0" bw="0" slack="0"/>
<pin id="775" dir="0" index="1" bw="1" slack="0"/>
<pin id="776" dir="0" index="2" bw="1" slack="0"/>
<pin id="777" dir="1" index="3" bw="0" slack="2147483647"/>
</pin_list>
<bind>
<opcode="write(1151) " fcode="write"/>
<opset="write_ln0/5 "/>
</bind>
</comp>

<comp id="780" class="1004" name="write_ln0_write_fu_780">
<pin_list>
<pin id="781" dir="0" index="0" bw="0" slack="0"/>
<pin id="782" dir="0" index="1" bw="1" slack="0"/>
<pin id="783" dir="0" index="2" bw="1" slack="0"/>
<pin id="784" dir="1" index="3" bw="0" slack="2147483647"/>
</pin_list>
<bind>
<opcode="write(1151) " fcode="write"/>
<opset="write_ln0/5 "/>
</bind>
</comp>

<comp id="787" class="1004" name="write_ln0_write_fu_787">
<pin_list>
<pin id="788" dir="0" index="0" bw="0" slack="0"/>
<pin id="789" dir="0" index="1" bw="1" slack="0"/>
<pin id="790" dir="0" index="2" bw="1" slack="0"/>
<pin id="791" dir="1" index="3" bw="0" slack="2147483647"/>
</pin_list>
<bind>
<opcode="write(1151) " fcode="write"/>
<opset="write_ln0/5 "/>
</bind>
</comp>

<comp id="794" class="1004" name="write_ln0_write_fu_794">
<pin_list>
<pin id="795" dir="0" index="0" bw="0" slack="0"/>
<pin id="796" dir="0" index="1" bw="1" slack="0"/>
<pin id="797" dir="0" index="2" bw="1" slack="0"/>
<pin id="798" dir="1" index="3" bw="0" slack="2147483647"/>
</pin_list>
<bind>
<opcode="write(1151) " fcode="write"/>
<opset="write_ln0/5 "/>
</bind>
</comp>

<comp id="801" class="1004" name="write_ln0_write_fu_801">
<pin_list>
<pin id="802" dir="0" index="0" bw="0" slack="0"/>
<pin id="803" dir="0" index="1" bw="1" slack="0"/>
<pin id="804" dir="0" index="2" bw="1" slack="0"/>
<pin id="805" dir="1" index="3" bw="0" slack="2147483647"/>
</pin_list>
<bind>
<opcode="write(1151) " fcode="write"/>
<opset="write_ln0/5 "/>
</bind>
</comp>

<comp id="808" class="1004" name="write_ln0_write_fu_808">
<pin_list>
<pin id="809" dir="0" index="0" bw="0" slack="0"/>
<pin id="810" dir="0" index="1" bw="1" slack="0"/>
<pin id="811" dir="0" index="2" bw="1" slack="0"/>
<pin id="812" dir="1" index="3" bw="0" slack="2147483647"/>
</pin_list>
<bind>
<opcode="write(1151) " fcode="write"/>
<opset="write_ln0/5 "/>
</bind>
</comp>

<comp id="815" class="1004" name="write_ln0_write_fu_815">
<pin_list>
<pin id="816" dir="0" index="0" bw="0" slack="0"/>
<pin id="817" dir="0" index="1" bw="1" slack="0"/>
<pin id="818" dir="0" index="2" bw="1" slack="0"/>
<pin id="819" dir="1" index="3" bw="0" slack="2147483647"/>
</pin_list>
<bind>
<opcode="write(1151) " fcode="write"/>
<opset="write_ln0/5 "/>
</bind>
</comp>

<comp id="822" class="1004" name="write_ln0_write_fu_822">
<pin_list>
<pin id="823" dir="0" index="0" bw="0" slack="0"/>
<pin id="824" dir="0" index="1" bw="1" slack="0"/>
<pin id="825" dir="0" index="2" bw="1" slack="0"/>
<pin id="826" dir="1" index="3" bw="0" slack="2147483647"/>
</pin_list>
<bind>
<opcode="write(1151) " fcode="write"/>
<opset="write_ln0/5 "/>
</bind>
</comp>

<comp id="829" class="1004" name="write_ln0_write_fu_829">
<pin_list>
<pin id="830" dir="0" index="0" bw="0" slack="0"/>
<pin id="831" dir="0" index="1" bw="1" slack="0"/>
<pin id="832" dir="0" index="2" bw="1" slack="0"/>
<pin id="833" dir="1" index="3" bw="0" slack="2147483647"/>
</pin_list>
<bind>
<opcode="write(1151) " fcode="write"/>
<opset="write_ln0/5 "/>
</bind>
</comp>

<comp id="836" class="1004" name="write_ln0_write_fu_836">
<pin_list>
<pin id="837" dir="0" index="0" bw="0" slack="0"/>
<pin id="838" dir="0" index="1" bw="1" slack="0"/>
<pin id="839" dir="0" index="2" bw="1" slack="0"/>
<pin id="840" dir="1" index="3" bw="0" slack="2147483647"/>
</pin_list>
<bind>
<opcode="write(1151) " fcode="write"/>
<opset="write_ln0/5 "/>
</bind>
</comp>

<comp id="843" class="1004" name="write_ln0_write_fu_843">
<pin_list>
<pin id="844" dir="0" index="0" bw="0" slack="0"/>
<pin id="845" dir="0" index="1" bw="1" slack="0"/>
<pin id="846" dir="0" index="2" bw="1" slack="0"/>
<pin id="847" dir="1" index="3" bw="0" slack="2147483647"/>
</pin_list>
<bind>
<opcode="write(1151) " fcode="write"/>
<opset="write_ln0/5 "/>
</bind>
</comp>

<comp id="850" class="1004" name="write_ln0_write_fu_850">
<pin_list>
<pin id="851" dir="0" index="0" bw="0" slack="0"/>
<pin id="852" dir="0" index="1" bw="1" slack="0"/>
<pin id="853" dir="0" index="2" bw="1" slack="0"/>
<pin id="854" dir="1" index="3" bw="0" slack="2147483647"/>
</pin_list>
<bind>
<opcode="write(1151) " fcode="write"/>
<opset="write_ln0/5 "/>
</bind>
</comp>

<comp id="857" class="1004" name="write_ln0_write_fu_857">
<pin_list>
<pin id="858" dir="0" index="0" bw="0" slack="0"/>
<pin id="859" dir="0" index="1" bw="1" slack="0"/>
<pin id="860" dir="0" index="2" bw="1" slack="0"/>
<pin id="861" dir="1" index="3" bw="0" slack="2147483647"/>
</pin_list>
<bind>
<opcode="write(1151) " fcode="write"/>
<opset="write_ln0/5 "/>
</bind>
</comp>

<comp id="864" class="1004" name="write_ln0_write_fu_864">
<pin_list>
<pin id="865" dir="0" index="0" bw="0" slack="0"/>
<pin id="866" dir="0" index="1" bw="1" slack="0"/>
<pin id="867" dir="0" index="2" bw="1" slack="0"/>
<pin id="868" dir="1" index="3" bw="0" slack="2147483647"/>
</pin_list>
<bind>
<opcode="write(1151) " fcode="write"/>
<opset="write_ln0/5 "/>
</bind>
</comp>

<comp id="871" class="1004" name="write_ln0_write_fu_871">
<pin_list>
<pin id="872" dir="0" index="0" bw="0" slack="0"/>
<pin id="873" dir="0" index="1" bw="1" slack="0"/>
<pin id="874" dir="0" index="2" bw="1" slack="0"/>
<pin id="875" dir="1" index="3" bw="0" slack="2147483647"/>
</pin_list>
<bind>
<opcode="write(1151) " fcode="write"/>
<opset="write_ln0/5 "/>
</bind>
</comp>

<comp id="878" class="1004" name="write_ln0_write_fu_878">
<pin_list>
<pin id="879" dir="0" index="0" bw="0" slack="0"/>
<pin id="880" dir="0" index="1" bw="1" slack="0"/>
<pin id="881" dir="0" index="2" bw="1" slack="0"/>
<pin id="882" dir="1" index="3" bw="0" slack="2147483647"/>
</pin_list>
<bind>
<opcode="write(1151) " fcode="write"/>
<opset="write_ln0/5 "/>
</bind>
</comp>

<comp id="885" class="1004" name="write_ln0_write_fu_885">
<pin_list>
<pin id="886" dir="0" index="0" bw="0" slack="0"/>
<pin id="887" dir="0" index="1" bw="1" slack="0"/>
<pin id="888" dir="0" index="2" bw="1" slack="0"/>
<pin id="889" dir="1" index="3" bw="0" slack="2147483647"/>
</pin_list>
<bind>
<opcode="write(1151) " fcode="write"/>
<opset="write_ln0/5 "/>
</bind>
</comp>

<comp id="892" class="1004" name="write_ln0_write_fu_892">
<pin_list>
<pin id="893" dir="0" index="0" bw="0" slack="0"/>
<pin id="894" dir="0" index="1" bw="1" slack="0"/>
<pin id="895" dir="0" index="2" bw="1" slack="0"/>
<pin id="896" dir="1" index="3" bw="0" slack="2147483647"/>
</pin_list>
<bind>
<opcode="write(1151) " fcode="write"/>
<opset="write_ln0/5 "/>
</bind>
</comp>

<comp id="899" class="1004" name="write_ln0_write_fu_899">
<pin_list>
<pin id="900" dir="0" index="0" bw="0" slack="0"/>
<pin id="901" dir="0" index="1" bw="1" slack="0"/>
<pin id="902" dir="0" index="2" bw="1" slack="0"/>
<pin id="903" dir="1" index="3" bw="0" slack="2147483647"/>
</pin_list>
<bind>
<opcode="write(1151) " fcode="write"/>
<opset="write_ln0/5 "/>
</bind>
</comp>

<comp id="906" class="1004" name="write_ln0_write_fu_906">
<pin_list>
<pin id="907" dir="0" index="0" bw="0" slack="0"/>
<pin id="908" dir="0" index="1" bw="1" slack="0"/>
<pin id="909" dir="0" index="2" bw="1" slack="0"/>
<pin id="910" dir="1" index="3" bw="0" slack="2147483647"/>
</pin_list>
<bind>
<opcode="write(1151) " fcode="write"/>
<opset="write_ln0/5 "/>
</bind>
</comp>

<comp id="913" class="1004" name="write_ln0_write_fu_913">
<pin_list>
<pin id="914" dir="0" index="0" bw="0" slack="0"/>
<pin id="915" dir="0" index="1" bw="1" slack="0"/>
<pin id="916" dir="0" index="2" bw="1" slack="0"/>
<pin id="917" dir="1" index="3" bw="0" slack="2147483647"/>
</pin_list>
<bind>
<opcode="write(1151) " fcode="write"/>
<opset="write_ln0/5 "/>
</bind>
</comp>

<comp id="920" class="1004" name="write_ln0_write_fu_920">
<pin_list>
<pin id="921" dir="0" index="0" bw="0" slack="0"/>
<pin id="922" dir="0" index="1" bw="1" slack="0"/>
<pin id="923" dir="0" index="2" bw="1" slack="0"/>
<pin id="924" dir="1" index="3" bw="0" slack="2147483647"/>
</pin_list>
<bind>
<opcode="write(1151) " fcode="write"/>
<opset="write_ln0/5 "/>
</bind>
</comp>

<comp id="927" class="1004" name="write_ln0_write_fu_927">
<pin_list>
<pin id="928" dir="0" index="0" bw="0" slack="0"/>
<pin id="929" dir="0" index="1" bw="1" slack="0"/>
<pin id="930" dir="0" index="2" bw="1" slack="0"/>
<pin id="931" dir="1" index="3" bw="0" slack="2147483647"/>
</pin_list>
<bind>
<opcode="write(1151) " fcode="write"/>
<opset="write_ln0/5 "/>
</bind>
</comp>

<comp id="934" class="1004" name="write_ln0_write_fu_934">
<pin_list>
<pin id="935" dir="0" index="0" bw="0" slack="0"/>
<pin id="936" dir="0" index="1" bw="1" slack="0"/>
<pin id="937" dir="0" index="2" bw="1" slack="0"/>
<pin id="938" dir="1" index="3" bw="0" slack="2147483647"/>
</pin_list>
<bind>
<opcode="write(1151) " fcode="write"/>
<opset="write_ln0/5 "/>
</bind>
</comp>

<comp id="941" class="1004" name="write_ln0_write_fu_941">
<pin_list>
<pin id="942" dir="0" index="0" bw="0" slack="0"/>
<pin id="943" dir="0" index="1" bw="1" slack="0"/>
<pin id="944" dir="0" index="2" bw="1" slack="0"/>
<pin id="945" dir="1" index="3" bw="0" slack="2147483647"/>
</pin_list>
<bind>
<opcode="write(1151) " fcode="write"/>
<opset="write_ln0/5 "/>
</bind>
</comp>

<comp id="948" class="1004" name="write_ln0_write_fu_948">
<pin_list>
<pin id="949" dir="0" index="0" bw="0" slack="0"/>
<pin id="950" dir="0" index="1" bw="1" slack="0"/>
<pin id="951" dir="0" index="2" bw="1" slack="0"/>
<pin id="952" dir="1" index="3" bw="0" slack="2147483647"/>
</pin_list>
<bind>
<opcode="write(1151) " fcode="write"/>
<opset="write_ln0/5 "/>
</bind>
</comp>

<comp id="955" class="1004" name="write_ln0_write_fu_955">
<pin_list>
<pin id="956" dir="0" index="0" bw="0" slack="0"/>
<pin id="957" dir="0" index="1" bw="1" slack="0"/>
<pin id="958" dir="0" index="2" bw="1" slack="0"/>
<pin id="959" dir="1" index="3" bw="0" slack="2147483647"/>
</pin_list>
<bind>
<opcode="write(1151) " fcode="write"/>
<opset="write_ln0/5 "/>
</bind>
</comp>

<comp id="962" class="1004" name="write_ln0_write_fu_962">
<pin_list>
<pin id="963" dir="0" index="0" bw="0" slack="0"/>
<pin id="964" dir="0" index="1" bw="1" slack="0"/>
<pin id="965" dir="0" index="2" bw="1" slack="0"/>
<pin id="966" dir="1" index="3" bw="0" slack="2147483647"/>
</pin_list>
<bind>
<opcode="write(1151) " fcode="write"/>
<opset="write_ln0/5 "/>
</bind>
</comp>

<comp id="969" class="1004" name="write_ln0_write_fu_969">
<pin_list>
<pin id="970" dir="0" index="0" bw="0" slack="0"/>
<pin id="971" dir="0" index="1" bw="1" slack="0"/>
<pin id="972" dir="0" index="2" bw="1" slack="0"/>
<pin id="973" dir="1" index="3" bw="0" slack="2147483647"/>
</pin_list>
<bind>
<opcode="write(1151) " fcode="write"/>
<opset="write_ln0/5 "/>
</bind>
</comp>

<comp id="976" class="1004" name="write_ln0_write_fu_976">
<pin_list>
<pin id="977" dir="0" index="0" bw="0" slack="0"/>
<pin id="978" dir="0" index="1" bw="1" slack="0"/>
<pin id="979" dir="0" index="2" bw="1" slack="0"/>
<pin id="980" dir="1" index="3" bw="0" slack="2147483647"/>
</pin_list>
<bind>
<opcode="write(1151) " fcode="write"/>
<opset="write_ln0/5 "/>
</bind>
</comp>

<comp id="983" class="1004" name="write_ln0_write_fu_983">
<pin_list>
<pin id="984" dir="0" index="0" bw="0" slack="0"/>
<pin id="985" dir="0" index="1" bw="1" slack="0"/>
<pin id="986" dir="0" index="2" bw="1" slack="0"/>
<pin id="987" dir="1" index="3" bw="0" slack="2147483647"/>
</pin_list>
<bind>
<opcode="write(1151) " fcode="write"/>
<opset="write_ln0/5 "/>
</bind>
</comp>

<comp id="990" class="1004" name="write_ln0_write_fu_990">
<pin_list>
<pin id="991" dir="0" index="0" bw="0" slack="0"/>
<pin id="992" dir="0" index="1" bw="1" slack="0"/>
<pin id="993" dir="0" index="2" bw="1" slack="0"/>
<pin id="994" dir="1" index="3" bw="0" slack="2147483647"/>
</pin_list>
<bind>
<opcode="write(1151) " fcode="write"/>
<opset="write_ln0/5 "/>
</bind>
</comp>

<comp id="997" class="1004" name="write_ln0_write_fu_997">
<pin_list>
<pin id="998" dir="0" index="0" bw="0" slack="0"/>
<pin id="999" dir="0" index="1" bw="1" slack="0"/>
<pin id="1000" dir="0" index="2" bw="1" slack="0"/>
<pin id="1001" dir="1" index="3" bw="0" slack="2147483647"/>
</pin_list>
<bind>
<opcode="write(1151) " fcode="write"/>
<opset="write_ln0/5 "/>
</bind>
</comp>

<comp id="1004" class="1004" name="write_ln0_write_fu_1004">
<pin_list>
<pin id="1005" dir="0" index="0" bw="0" slack="0"/>
<pin id="1006" dir="0" index="1" bw="1" slack="0"/>
<pin id="1007" dir="0" index="2" bw="1" slack="0"/>
<pin id="1008" dir="1" index="3" bw="0" slack="2147483647"/>
</pin_list>
<bind>
<opcode="write(1151) " fcode="write"/>
<opset="write_ln0/5 "/>
</bind>
</comp>

<comp id="1011" class="1004" name="write_ln0_write_fu_1011">
<pin_list>
<pin id="1012" dir="0" index="0" bw="0" slack="0"/>
<pin id="1013" dir="0" index="1" bw="1" slack="0"/>
<pin id="1014" dir="0" index="2" bw="1" slack="0"/>
<pin id="1015" dir="1" index="3" bw="0" slack="2147483647"/>
</pin_list>
<bind>
<opcode="write(1151) " fcode="write"/>
<opset="write_ln0/5 "/>
</bind>
</comp>

<comp id="1018" class="1004" name="write_ln0_write_fu_1018">
<pin_list>
<pin id="1019" dir="0" index="0" bw="0" slack="0"/>
<pin id="1020" dir="0" index="1" bw="1" slack="0"/>
<pin id="1021" dir="0" index="2" bw="1" slack="0"/>
<pin id="1022" dir="1" index="3" bw="0" slack="2147483647"/>
</pin_list>
<bind>
<opcode="write(1151) " fcode="write"/>
<opset="write_ln0/5 "/>
</bind>
</comp>

<comp id="1025" class="1004" name="write_ln0_write_fu_1025">
<pin_list>
<pin id="1026" dir="0" index="0" bw="0" slack="0"/>
<pin id="1027" dir="0" index="1" bw="1" slack="0"/>
<pin id="1028" dir="0" index="2" bw="1" slack="0"/>
<pin id="1029" dir="1" index="3" bw="0" slack="2147483647"/>
</pin_list>
<bind>
<opcode="write(1151) " fcode="write"/>
<opset="write_ln0/5 "/>
</bind>
</comp>

<comp id="1032" class="1004" name="write_ln0_write_fu_1032">
<pin_list>
<pin id="1033" dir="0" index="0" bw="0" slack="0"/>
<pin id="1034" dir="0" index="1" bw="1" slack="0"/>
<pin id="1035" dir="0" index="2" bw="1" slack="0"/>
<pin id="1036" dir="1" index="3" bw="0" slack="2147483647"/>
</pin_list>
<bind>
<opcode="write(1151) " fcode="write"/>
<opset="write_ln0/5 "/>
</bind>
</comp>

<comp id="1039" class="1004" name="write_ln0_write_fu_1039">
<pin_list>
<pin id="1040" dir="0" index="0" bw="0" slack="0"/>
<pin id="1041" dir="0" index="1" bw="1" slack="0"/>
<pin id="1042" dir="0" index="2" bw="1" slack="0"/>
<pin id="1043" dir="1" index="3" bw="0" slack="2147483647"/>
</pin_list>
<bind>
<opcode="write(1151) " fcode="write"/>
<opset="write_ln0/5 "/>
</bind>
</comp>

<comp id="1046" class="1004" name="write_ln0_write_fu_1046">
<pin_list>
<pin id="1047" dir="0" index="0" bw="0" slack="0"/>
<pin id="1048" dir="0" index="1" bw="1" slack="0"/>
<pin id="1049" dir="0" index="2" bw="1" slack="0"/>
<pin id="1050" dir="1" index="3" bw="0" slack="2147483647"/>
</pin_list>
<bind>
<opcode="write(1151) " fcode="write"/>
<opset="write_ln0/5 "/>
</bind>
</comp>

<comp id="1053" class="1004" name="write_ln0_write_fu_1053">
<pin_list>
<pin id="1054" dir="0" index="0" bw="0" slack="0"/>
<pin id="1055" dir="0" index="1" bw="1" slack="0"/>
<pin id="1056" dir="0" index="2" bw="1" slack="0"/>
<pin id="1057" dir="1" index="3" bw="0" slack="2147483647"/>
</pin_list>
<bind>
<opcode="write(1151) " fcode="write"/>
<opset="write_ln0/5 "/>
</bind>
</comp>

<comp id="1060" class="1004" name="write_ln0_write_fu_1060">
<pin_list>
<pin id="1061" dir="0" index="0" bw="0" slack="0"/>
<pin id="1062" dir="0" index="1" bw="1" slack="0"/>
<pin id="1063" dir="0" index="2" bw="1" slack="0"/>
<pin id="1064" dir="1" index="3" bw="0" slack="2147483647"/>
</pin_list>
<bind>
<opcode="write(1151) " fcode="write"/>
<opset="write_ln0/5 "/>
</bind>
</comp>

<comp id="1067" class="1004" name="write_ln0_write_fu_1067">
<pin_list>
<pin id="1068" dir="0" index="0" bw="0" slack="0"/>
<pin id="1069" dir="0" index="1" bw="1" slack="0"/>
<pin id="1070" dir="0" index="2" bw="1" slack="0"/>
<pin id="1071" dir="1" index="3" bw="0" slack="2147483647"/>
</pin_list>
<bind>
<opcode="write(1151) " fcode="write"/>
<opset="write_ln0/5 "/>
</bind>
</comp>

<comp id="1074" class="1004" name="write_ln0_write_fu_1074">
<pin_list>
<pin id="1075" dir="0" index="0" bw="0" slack="0"/>
<pin id="1076" dir="0" index="1" bw="1" slack="0"/>
<pin id="1077" dir="0" index="2" bw="1" slack="0"/>
<pin id="1078" dir="1" index="3" bw="0" slack="2147483647"/>
</pin_list>
<bind>
<opcode="write(1151) " fcode="write"/>
<opset="write_ln0/5 "/>
</bind>
</comp>

<comp id="1081" class="1004" name="write_ln0_write_fu_1081">
<pin_list>
<pin id="1082" dir="0" index="0" bw="0" slack="0"/>
<pin id="1083" dir="0" index="1" bw="1" slack="0"/>
<pin id="1084" dir="0" index="2" bw="1" slack="0"/>
<pin id="1085" dir="1" index="3" bw="0" slack="2147483647"/>
</pin_list>
<bind>
<opcode="write(1151) " fcode="write"/>
<opset="write_ln0/5 "/>
</bind>
</comp>

<comp id="1088" class="1004" name="write_ln0_write_fu_1088">
<pin_list>
<pin id="1089" dir="0" index="0" bw="0" slack="0"/>
<pin id="1090" dir="0" index="1" bw="1" slack="0"/>
<pin id="1091" dir="0" index="2" bw="1" slack="0"/>
<pin id="1092" dir="1" index="3" bw="0" slack="2147483647"/>
</pin_list>
<bind>
<opcode="write(1151) " fcode="write"/>
<opset="write_ln0/5 "/>
</bind>
</comp>

<comp id="1095" class="1004" name="write_ln0_write_fu_1095">
<pin_list>
<pin id="1096" dir="0" index="0" bw="0" slack="0"/>
<pin id="1097" dir="0" index="1" bw="1" slack="0"/>
<pin id="1098" dir="0" index="2" bw="1" slack="0"/>
<pin id="1099" dir="1" index="3" bw="0" slack="2147483647"/>
</pin_list>
<bind>
<opcode="write(1151) " fcode="write"/>
<opset="write_ln0/5 "/>
</bind>
</comp>

<comp id="1102" class="1004" name="write_ln0_write_fu_1102">
<pin_list>
<pin id="1103" dir="0" index="0" bw="0" slack="0"/>
<pin id="1104" dir="0" index="1" bw="1" slack="0"/>
<pin id="1105" dir="0" index="2" bw="1" slack="0"/>
<pin id="1106" dir="1" index="3" bw="0" slack="2147483647"/>
</pin_list>
<bind>
<opcode="write(1151) " fcode="write"/>
<opset="write_ln0/5 "/>
</bind>
</comp>

<comp id="1109" class="1004" name="write_ln0_write_fu_1109">
<pin_list>
<pin id="1110" dir="0" index="0" bw="0" slack="0"/>
<pin id="1111" dir="0" index="1" bw="1" slack="0"/>
<pin id="1112" dir="0" index="2" bw="1" slack="0"/>
<pin id="1113" dir="1" index="3" bw="0" slack="2147483647"/>
</pin_list>
<bind>
<opcode="write(1151) " fcode="write"/>
<opset="write_ln0/5 "/>
</bind>
</comp>

<comp id="1116" class="1004" name="write_ln0_write_fu_1116">
<pin_list>
<pin id="1117" dir="0" index="0" bw="0" slack="0"/>
<pin id="1118" dir="0" index="1" bw="1" slack="0"/>
<pin id="1119" dir="0" index="2" bw="1" slack="0"/>
<pin id="1120" dir="1" index="3" bw="0" slack="2147483647"/>
</pin_list>
<bind>
<opcode="write(1151) " fcode="write"/>
<opset="write_ln0/5 "/>
</bind>
</comp>

<comp id="1123" class="1004" name="write_ln0_write_fu_1123">
<pin_list>
<pin id="1124" dir="0" index="0" bw="0" slack="0"/>
<pin id="1125" dir="0" index="1" bw="1" slack="0"/>
<pin id="1126" dir="0" index="2" bw="1" slack="0"/>
<pin id="1127" dir="1" index="3" bw="0" slack="2147483647"/>
</pin_list>
<bind>
<opcode="write(1151) " fcode="write"/>
<opset="write_ln0/5 "/>
</bind>
</comp>

<comp id="1130" class="1004" name="w2_addr_gep_fu_1130">
<pin_list>
<pin id="1131" dir="0" index="0" bw="16" slack="0"/>
<pin id="1132" dir="0" index="1" bw="1" slack="0"/>
<pin id="1133" dir="0" index="2" bw="9" slack="0"/>
<pin id="1134" dir="1" index="3" bw="9" slack="0"/>
</pin_list>
<bind>
<opcode="getelementptr(29) " fcode="getelementptr"/>
<opset="w2_addr/1 "/>
</bind>
</comp>

<comp id="1137" class="1004" name="grp_access_fu_1137">
<pin_list>
<pin id="1138" dir="0" index="0" bw="9" slack="0"/>
<pin id="1139" dir="0" index="1" bw="16" slack="2147483647"/>
<pin id="1140" dir="0" index="2" bw="0" slack="0"/>
<pin id="1142" dir="0" index="4" bw="9" slack="2147483647"/>
<pin id="1143" dir="0" index="5" bw="16" slack="0"/>
<pin id="1144" dir="0" index="6" bw="0" slack="2147483647"/>
<pin id="1146" dir="0" index="8" bw="9" slack="0"/>
<pin id="1147" dir="0" index="9" bw="16" slack="2147483647"/>
<pin id="1148" dir="0" index="10" bw="0" slack="0"/>
<pin id="1150" dir="0" index="12" bw="9" slack="2147483647"/>
<pin id="1151" dir="0" index="13" bw="16" slack="0"/>
<pin id="1152" dir="0" index="14" bw="0" slack="2147483647"/>
<pin id="1154" dir="0" index="16" bw="9" slack="0"/>
<pin id="1155" dir="0" index="17" bw="16" slack="2147483647"/>
<pin id="1156" dir="0" index="18" bw="0" slack="0"/>
<pin id="1158" dir="0" index="20" bw="9" slack="2147483647"/>
<pin id="1159" dir="0" index="21" bw="16" slack="2147483647"/>
<pin id="1160" dir="0" index="22" bw="0" slack="2147483647"/>
<pin id="1162" dir="0" index="24" bw="9" slack="2147483647"/>
<pin id="1163" dir="0" index="25" bw="16" slack="2147483647"/>
<pin id="1164" dir="0" index="26" bw="0" slack="2147483647"/>
<pin id="1166" dir="0" index="28" bw="9" slack="2147483647"/>
<pin id="1167" dir="0" index="29" bw="16" slack="2147483647"/>
<pin id="1168" dir="0" index="30" bw="0" slack="2147483647"/>
<pin id="1141" dir="1" index="3" bw="16" slack="0"/>
<pin id="1145" dir="1" index="7" bw="16" slack="0"/>
<pin id="1149" dir="1" index="11" bw="16" slack="0"/>
<pin id="1153" dir="1" index="15" bw="16" slack="0"/>
<pin id="1157" dir="1" index="19" bw="16" slack="0"/>
<pin id="1161" dir="1" index="23" bw="16" slack="0"/>
<pin id="1165" dir="1" index="27" bw="16" slack="0"/>
<pin id="1169" dir="1" index="31" bw="16" slack="0"/>
</pin_list>
<bind>
<opcode="load(27) " fcode="load"/>
<opset="w2_load/1 w2_load_1/1 w2_load_2/1 w2_load_3/1 w2_load_4/1 w2_load_5/1 w2_load_6/1 w2_load_7/1 "/>
</bind>
</comp>

<comp id="1171" class="1004" name="w2_addr_1_gep_fu_1171">
<pin_list>
<pin id="1172" dir="0" index="0" bw="16" slack="0"/>
<pin id="1173" dir="0" index="1" bw="1" slack="0"/>
<pin id="1174" dir="0" index="2" bw="9" slack="0"/>
<pin id="1175" dir="1" index="3" bw="9" slack="0"/>
</pin_list>
<bind>
<opcode="getelementptr(29) " fcode="getelementptr"/>
<opset="w2_addr_1/1 "/>
</bind>
</comp>

<comp id="1179" class="1004" name="w2_addr_2_gep_fu_1179">
<pin_list>
<pin id="1180" dir="0" index="0" bw="16" slack="0"/>
<pin id="1181" dir="0" index="1" bw="1" slack="0"/>
<pin id="1182" dir="0" index="2" bw="9" slack="0"/>
<pin id="1183" dir="1" index="3" bw="9" slack="0"/>
</pin_list>
<bind>
<opcode="getelementptr(29) " fcode="getelementptr"/>
<opset="w2_addr_2/1 "/>
</bind>
</comp>

<comp id="1187" class="1004" name="w2_addr_3_gep_fu_1187">
<pin_list>
<pin id="1188" dir="0" index="0" bw="16" slack="0"/>
<pin id="1189" dir="0" index="1" bw="1" slack="0"/>
<pin id="1190" dir="0" index="2" bw="9" slack="0"/>
<pin id="1191" dir="1" index="3" bw="9" slack="0"/>
</pin_list>
<bind>
<opcode="getelementptr(29) " fcode="getelementptr"/>
<opset="w2_addr_3/1 "/>
</bind>
</comp>

<comp id="1195" class="1004" name="w2_addr_4_gep_fu_1195">
<pin_list>
<pin id="1196" dir="0" index="0" bw="16" slack="0"/>
<pin id="1197" dir="0" index="1" bw="1" slack="0"/>
<pin id="1198" dir="0" index="2" bw="9" slack="0"/>
<pin id="1199" dir="1" index="3" bw="9" slack="0"/>
</pin_list>
<bind>
<opcode="getelementptr(29) " fcode="getelementptr"/>
<opset="w2_addr_4/1 "/>
</bind>
</comp>

<comp id="1203" class="1004" name="w2_addr_5_gep_fu_1203">
<pin_list>
<pin id="1204" dir="0" index="0" bw="16" slack="0"/>
<pin id="1205" dir="0" index="1" bw="1" slack="0"/>
<pin id="1206" dir="0" index="2" bw="9" slack="0"/>
<pin id="1207" dir="1" index="3" bw="9" slack="0"/>
</pin_list>
<bind>
<opcode="getelementptr(29) " fcode="getelementptr"/>
<opset="w2_addr_5/1 "/>
</bind>
</comp>

<comp id="1211" class="1004" name="w2_addr_6_gep_fu_1211">
<pin_list>
<pin id="1212" dir="0" index="0" bw="16" slack="0"/>
<pin id="1213" dir="0" index="1" bw="1" slack="0"/>
<pin id="1214" dir="0" index="2" bw="9" slack="0"/>
<pin id="1215" dir="1" index="3" bw="9" slack="0"/>
</pin_list>
<bind>
<opcode="getelementptr(29) " fcode="getelementptr"/>
<opset="w2_addr_6/1 "/>
</bind>
</comp>

<comp id="1219" class="1004" name="w2_addr_7_gep_fu_1219">
<pin_list>
<pin id="1220" dir="0" index="0" bw="16" slack="0"/>
<pin id="1221" dir="0" index="1" bw="1" slack="0"/>
<pin id="1222" dir="0" index="2" bw="9" slack="0"/>
<pin id="1223" dir="1" index="3" bw="9" slack="0"/>
</pin_list>
<bind>
<opcode="getelementptr(29) " fcode="getelementptr"/>
<opset="w2_addr_7/1 "/>
</bind>
</comp>

<comp id="1227" class="1004" name="l2_out_addr_gep_fu_1227">
<pin_list>
<pin id="1228" dir="0" index="0" bw="32" slack="0"/>
<pin id="1229" dir="0" index="1" bw="1" slack="0"/>
<pin id="1230" dir="0" index="2" bw="7" slack="0"/>
<pin id="1231" dir="1" index="3" bw="6" slack="0"/>
</pin_list>
<bind>
<opcode="getelementptr(29) " fcode="getelementptr"/>
<opset="l2_out_addr/5 "/>
</bind>
</comp>

<comp id="1234" class="1004" name="grp_access_fu_1234">
<pin_list>
<pin id="1235" dir="0" index="0" bw="6" slack="0"/>
<pin id="1236" dir="0" index="1" bw="32" slack="0"/>
<pin id="1237" dir="0" index="2" bw="0" slack="2147483647"/>
<pin id="1238" dir="1" index="3" bw="32" slack="2147483647"/>
</pin_list>
<bind>
<opcode="store(28) " fcode="store"/>
<opset="store_ln126/5 "/>
</bind>
</comp>

<comp id="1240" class="1004" name="store_ln120_store_fu_1240">
<pin_list>
<pin id="1241" dir="0" index="0" bw="1" slack="0"/>
<pin id="1242" dir="0" index="1" bw="7" slack="0"/>
<pin id="1243" dir="1" index="2" bw="0" slack="2147483647"/>
</pin_list>
<bind>
<opcode="store(28) " fcode="store"/>
<opset="store_ln120/1 "/>
</bind>
</comp>

<comp id="1245" class="1004" name="n_load_fu_1245">
<pin_list>
<pin id="1246" dir="0" index="0" bw="7" slack="0"/>
<pin id="1247" dir="1" index="1" bw="7" slack="0"/>
</pin_list>
<bind>
<opcode="load(27) " fcode="load"/>
<opset="n/1 "/>
</bind>
</comp>

<comp id="1248" class="1004" name="icmp_ln120_fu_1248">
<pin_list>
<pin id="1249" dir="0" index="0" bw="7" slack="0"/>
<pin id="1250" dir="0" index="1" bw="7" slack="0"/>
<pin id="1251" dir="1" index="2" bw="1" slack="4"/>
</pin_list>
<bind>
<opcode="icmp(45) " fcode="icmp"/>
<opset="icmp_ln120/1 "/>
</bind>
</comp>

<comp id="1254" class="1004" name="add_ln120_fu_1254">
<pin_list>
<pin id="1255" dir="0" index="0" bw="7" slack="0"/>
<pin id="1256" dir="0" index="1" bw="1" slack="0"/>
<pin id="1257" dir="1" index="2" bw="7" slack="0"/>
</pin_list>
<bind>
<opcode="add(8) " fcode="add"/>
<opset="add_ln120/1 "/>
</bind>
</comp>

<comp id="1260" class="1004" name="trunc_ln120_fu_1260">
<pin_list>
<pin id="1261" dir="0" index="0" bw="7" slack="0"/>
<pin id="1262" dir="1" index="1" bw="6" slack="0"/>
</pin_list>
<bind>
<opcode="trunc(33) " fcode="trunc"/>
<opset="trunc_ln120/1 "/>
</bind>
</comp>

<comp id="1264" class="1004" name="shl_ln1_fu_1264">
<pin_list>
<pin id="1265" dir="0" index="0" bw="9" slack="0"/>
<pin id="1266" dir="0" index="1" bw="6" slack="0"/>
<pin id="1267" dir="0" index="2" bw="1" slack="0"/>
<pin id="1268" dir="1" index="3" bw="9" slack="0"/>
</pin_list>
<bind>
<opcode="bitconcatenate(1004) " fcode="bitconcatenate"/>
<opset="shl_ln1/1 "/>
</bind>
</comp>

<comp id="1272" class="1004" name="zext_ln60_fu_1272">
<pin_list>
<pin id="1273" dir="0" index="0" bw="9" slack="0"/>
<pin id="1274" dir="1" index="1" bw="64" slack="0"/>
</pin_list>
<bind>
<opcode="zext(34) " fcode="zext"/>
<opset="zext_ln60/1 "/>
</bind>
</comp>

<comp id="1277" class="1004" name="or_ln_fu_1277">
<pin_list>
<pin id="1278" dir="0" index="0" bw="9" slack="0"/>
<pin id="1279" dir="0" index="1" bw="6" slack="0"/>
<pin id="1280" dir="0" index="2" bw="1" slack="0"/>
<pin id="1281" dir="1" index="3" bw="9" slack="0"/>
</pin_list>
<bind>
<opcode="bitconcatenate(1004) " fcode="bitconcatenate"/>
<opset="or_ln/1 "/>
</bind>
</comp>

<comp id="1285" class="1004" name="zext_ln60_4_fu_1285">
<pin_list>
<pin id="1286" dir="0" index="0" bw="9" slack="0"/>
<pin id="1287" dir="1" index="1" bw="64" slack="0"/>
</pin_list>
<bind>
<opcode="zext(34) " fcode="zext"/>
<opset="zext_ln60_4/1 "/>
</bind>
</comp>

<comp id="1290" class="1004" name="or_ln60_1_fu_1290">
<pin_list>
<pin id="1291" dir="0" index="0" bw="9" slack="0"/>
<pin id="1292" dir="0" index="1" bw="6" slack="0"/>
<pin id="1293" dir="0" index="2" bw="3" slack="0"/>
<pin id="1294" dir="1" index="3" bw="9" slack="0"/>
</pin_list>
<bind>
<opcode="bitconcatenate(1004) " fcode="bitconcatenate"/>
<opset="or_ln60_1/1 "/>
</bind>
</comp>

<comp id="1298" class="1004" name="zext_ln60_5_fu_1298">
<pin_list>
<pin id="1299" dir="0" index="0" bw="9" slack="0"/>
<pin id="1300" dir="1" index="1" bw="64" slack="0"/>
</pin_list>
<bind>
<opcode="zext(34) " fcode="zext"/>
<opset="zext_ln60_5/1 "/>
</bind>
</comp>

<comp id="1303" class="1004" name="or_ln60_2_fu_1303">
<pin_list>
<pin id="1304" dir="0" index="0" bw="9" slack="0"/>
<pin id="1305" dir="0" index="1" bw="6" slack="0"/>
<pin id="1306" dir="0" index="2" bw="3" slack="0"/>
<pin id="1307" dir="1" index="3" bw="9" slack="0"/>
</pin_list>
<bind>
<opcode="bitconcatenate(1004) " fcode="bitconcatenate"/>
<opset="or_ln60_2/1 "/>
</bind>
</comp>

<comp id="1311" class="1004" name="zext_ln60_6_fu_1311">
<pin_list>
<pin id="1312" dir="0" index="0" bw="9" slack="0"/>
<pin id="1313" dir="1" index="1" bw="64" slack="0"/>
</pin_list>
<bind>
<opcode="zext(34) " fcode="zext"/>
<opset="zext_ln60_6/1 "/>
</bind>
</comp>

<comp id="1316" class="1004" name="or_ln60_3_fu_1316">
<pin_list>
<pin id="1317" dir="0" index="0" bw="9" slack="0"/>
<pin id="1318" dir="0" index="1" bw="6" slack="0"/>
<pin id="1319" dir="0" index="2" bw="3" slack="0"/>
<pin id="1320" dir="1" index="3" bw="9" slack="0"/>
</pin_list>
<bind>
<opcode="bitconcatenate(1004) " fcode="bitconcatenate"/>
<opset="or_ln60_3/1 "/>
</bind>
</comp>

<comp id="1324" class="1004" name="zext_ln60_7_fu_1324">
<pin_list>
<pin id="1325" dir="0" index="0" bw="9" slack="0"/>
<pin id="1326" dir="1" index="1" bw="64" slack="0"/>
</pin_list>
<bind>
<opcode="zext(34) " fcode="zext"/>
<opset="zext_ln60_7/1 "/>
</bind>
</comp>

<comp id="1329" class="1004" name="or_ln60_4_fu_1329">
<pin_list>
<pin id="1330" dir="0" index="0" bw="9" slack="0"/>
<pin id="1331" dir="0" index="1" bw="6" slack="0"/>
<pin id="1332" dir="0" index="2" bw="3" slack="0"/>
<pin id="1333" dir="1" index="3" bw="9" slack="0"/>
</pin_list>
<bind>
<opcode="bitconcatenate(1004) " fcode="bitconcatenate"/>
<opset="or_ln60_4/1 "/>
</bind>
</comp>

<comp id="1337" class="1004" name="zext_ln60_8_fu_1337">
<pin_list>
<pin id="1338" dir="0" index="0" bw="9" slack="0"/>
<pin id="1339" dir="1" index="1" bw="64" slack="0"/>
</pin_list>
<bind>
<opcode="zext(34) " fcode="zext"/>
<opset="zext_ln60_8/1 "/>
</bind>
</comp>

<comp id="1342" class="1004" name="or_ln60_5_fu_1342">
<pin_list>
<pin id="1343" dir="0" index="0" bw="9" slack="0"/>
<pin id="1344" dir="0" index="1" bw="6" slack="0"/>
<pin id="1345" dir="0" index="2" bw="2" slack="0"/>
<pin id="1346" dir="1" index="3" bw="9" slack="0"/>
</pin_list>
<bind>
<opcode="bitconcatenate(1004) " fcode="bitconcatenate"/>
<opset="or_ln60_5/1 "/>
</bind>
</comp>

<comp id="1350" class="1004" name="zext_ln60_9_fu_1350">
<pin_list>
<pin id="1351" dir="0" index="0" bw="9" slack="0"/>
<pin id="1352" dir="1" index="1" bw="64" slack="0"/>
</pin_list>
<bind>
<opcode="zext(34) " fcode="zext"/>
<opset="zext_ln60_9/1 "/>
</bind>
</comp>

<comp id="1355" class="1004" name="or_ln60_6_fu_1355">
<pin_list>
<pin id="1356" dir="0" index="0" bw="9" slack="0"/>
<pin id="1357" dir="0" index="1" bw="6" slack="0"/>
<pin id="1358" dir="0" index="2" bw="1" slack="0"/>
<pin id="1359" dir="1" index="3" bw="9" slack="0"/>
</pin_list>
<bind>
<opcode="bitconcatenate(1004) " fcode="bitconcatenate"/>
<opset="or_ln60_6/1 "/>
</bind>
</comp>

<comp id="1363" class="1004" name="zext_ln60_10_fu_1363">
<pin_list>
<pin id="1364" dir="0" index="0" bw="9" slack="0"/>
<pin id="1365" dir="1" index="1" bw="64" slack="0"/>
</pin_list>
<bind>
<opcode="zext(34) " fcode="zext"/>
<opset="zext_ln60_10/1 "/>
</bind>
</comp>

<comp id="1368" class="1004" name="store_ln120_store_fu_1368">
<pin_list>
<pin id="1369" dir="0" index="0" bw="7" slack="0"/>
<pin id="1370" dir="0" index="1" bw="7" slack="0"/>
<pin id="1371" dir="1" index="2" bw="0" slack="2147483647"/>
</pin_list>
<bind>
<opcode="store(28) " fcode="store"/>
<opset="store_ln120/1 "/>
</bind>
</comp>

<comp id="1373" class="1004" name="xor_ln60_fu_1373">
<pin_list>
<pin id="1374" dir="0" index="0" bw="16" slack="1"/>
<pin id="1375" dir="0" index="1" bw="16" slack="0"/>
<pin id="1376" dir="1" index="2" bw="16" slack="0"/>
</pin_list>
<bind>
<opcode="xor(25) " fcode="xor"/>
<opset="xor_ln60/2 "/>
</bind>
</comp>

<comp id="1378" class="1004" name="xnor_fu_1378">
<pin_list>
<pin id="1379" dir="0" index="0" bw="16" slack="0"/>
<pin id="1380" dir="0" index="1" bw="16" slack="0"/>
<pin id="1381" dir="1" index="2" bw="16" slack="0"/>
</pin_list>
<bind>
<opcode="xor(25) " fcode="xor"/>
<opset="xnor/2 "/>
</bind>
</comp>

<comp id="1384" class="1004" name="cnt_fu_1384">
<pin_list>
<pin id="1385" dir="0" index="0" bw="16" slack="0"/>
<pin id="1386" dir="1" index="1" bw="1" slack="0"/>
</pin_list>
<bind>
<opcode="trunc(33) " fcode="trunc"/>
<opset="cnt/2 "/>
</bind>
</comp>

<comp id="1388" class="1004" name="zext_ln8_fu_1388">
<pin_list>
<pin id="1389" dir="0" index="0" bw="1" slack="0"/>
<pin id="1390" dir="1" index="1" bw="2" slack="0"/>
</pin_list>
<bind>
<opcode="zext(34) " fcode="zext"/>
<opset="zext_ln8/2 "/>
</bind>
</comp>

<comp id="1392" class="1004" name="tmp_fu_1392">
<pin_list>
<pin id="1393" dir="0" index="0" bw="1" slack="0"/>
<pin id="1394" dir="0" index="1" bw="16" slack="0"/>
<pin id="1395" dir="0" index="2" bw="1" slack="0"/>
<pin id="1396" dir="1" index="3" bw="1" slack="0"/>
</pin_list>
<bind>
<opcode="bitselect(1000) " fcode="bitselect"/>
<opset="tmp/2 "/>
</bind>
</comp>

<comp id="1400" class="1004" name="zext_ln11_fu_1400">
<pin_list>
<pin id="1401" dir="0" index="0" bw="1" slack="0"/>
<pin id="1402" dir="1" index="1" bw="2" slack="0"/>
</pin_list>
<bind>
<opcode="zext(34) " fcode="zext"/>
<opset="zext_ln11/2 "/>
</bind>
</comp>

<comp id="1404" class="1004" name="tmp_60_fu_1404">
<pin_list>
<pin id="1405" dir="0" index="0" bw="1" slack="0"/>
<pin id="1406" dir="0" index="1" bw="16" slack="0"/>
<pin id="1407" dir="0" index="2" bw="3" slack="0"/>
<pin id="1408" dir="1" index="3" bw="1" slack="0"/>
</pin_list>
<bind>
<opcode="bitselect(1000) " fcode="bitselect"/>
<opset="tmp_60/2 "/>
</bind>
</comp>

<comp id="1412" class="1004" name="zext_ln11_116_fu_1412">
<pin_list>
<pin id="1413" dir="0" index="0" bw="1" slack="0"/>
<pin id="1414" dir="1" index="1" bw="2" slack="0"/>
</pin_list>
<bind>
<opcode="zext(34) " fcode="zext"/>
<opset="zext_ln11_116/2 "/>
</bind>
</comp>

<comp id="1416" class="1004" name="tmp_61_fu_1416">
<pin_list>
<pin id="1417" dir="0" index="0" bw="1" slack="0"/>
<pin id="1418" dir="0" index="1" bw="16" slack="0"/>
<pin id="1419" dir="0" index="2" bw="3" slack="0"/>
<pin id="1420" dir="1" index="3" bw="1" slack="0"/>
</pin_list>
<bind>
<opcode="bitselect(1000) " fcode="bitselect"/>
<opset="tmp_61/2 "/>
</bind>
</comp>

<comp id="1424" class="1004" name="zext_ln11_117_fu_1424">
<pin_list>
<pin id="1425" dir="0" index="0" bw="1" slack="0"/>
<pin id="1426" dir="1" index="1" bw="2" slack="0"/>
</pin_list>
<bind>
<opcode="zext(34) " fcode="zext"/>
<opset="zext_ln11_117/2 "/>
</bind>
</comp>

<comp id="1428" class="1004" name="tmp_62_fu_1428">
<pin_list>
<pin id="1429" dir="0" index="0" bw="1" slack="0"/>
<pin id="1430" dir="0" index="1" bw="16" slack="0"/>
<pin id="1431" dir="0" index="2" bw="4" slack="0"/>
<pin id="1432" dir="1" index="3" bw="1" slack="0"/>
</pin_list>
<bind>
<opcode="bitselect(1000) " fcode="bitselect"/>
<opset="tmp_62/2 "/>
</bind>
</comp>

<comp id="1436" class="1004" name="zext_ln11_118_fu_1436">
<pin_list>
<pin id="1437" dir="0" index="0" bw="1" slack="0"/>
<pin id="1438" dir="1" index="1" bw="2" slack="0"/>
</pin_list>
<bind>
<opcode="zext(34) " fcode="zext"/>
<opset="zext_ln11_118/2 "/>
</bind>
</comp>

<comp id="1440" class="1004" name="tmp_63_fu_1440">
<pin_list>
<pin id="1441" dir="0" index="0" bw="1" slack="0"/>
<pin id="1442" dir="0" index="1" bw="16" slack="0"/>
<pin id="1443" dir="0" index="2" bw="4" slack="0"/>
<pin id="1444" dir="1" index="3" bw="1" slack="0"/>
</pin_list>
<bind>
<opcode="bitselect(1000) " fcode="bitselect"/>
<opset="tmp_63/2 "/>
</bind>
</comp>

<comp id="1448" class="1004" name="zext_ln11_119_fu_1448">
<pin_list>
<pin id="1449" dir="0" index="0" bw="1" slack="0"/>
<pin id="1450" dir="1" index="1" bw="2" slack="0"/>
</pin_list>
<bind>
<opcode="zext(34) " fcode="zext"/>
<opset="zext_ln11_119/2 "/>
</bind>
</comp>

<comp id="1452" class="1004" name="tmp_64_fu_1452">
<pin_list>
<pin id="1453" dir="0" index="0" bw="1" slack="0"/>
<pin id="1454" dir="0" index="1" bw="16" slack="0"/>
<pin id="1455" dir="0" index="2" bw="4" slack="0"/>
<pin id="1456" dir="1" index="3" bw="1" slack="0"/>
</pin_list>
<bind>
<opcode="bitselect(1000) " fcode="bitselect"/>
<opset="tmp_64/2 "/>
</bind>
</comp>

<comp id="1460" class="1004" name="zext_ln11_120_fu_1460">
<pin_list>
<pin id="1461" dir="0" index="0" bw="1" slack="0"/>
<pin id="1462" dir="1" index="1" bw="2" slack="0"/>
</pin_list>
<bind>
<opcode="zext(34) " fcode="zext"/>
<opset="zext_ln11_120/2 "/>
</bind>
</comp>

<comp id="1464" class="1004" name="tmp_65_fu_1464">
<pin_list>
<pin id="1465" dir="0" index="0" bw="1" slack="0"/>
<pin id="1466" dir="0" index="1" bw="16" slack="0"/>
<pin id="1467" dir="0" index="2" bw="4" slack="0"/>
<pin id="1468" dir="1" index="3" bw="1" slack="0"/>
</pin_list>
<bind>
<opcode="bitselect(1000) " fcode="bitselect"/>
<opset="tmp_65/2 "/>
</bind>
</comp>

<comp id="1472" class="1004" name="zext_ln11_121_fu_1472">
<pin_list>
<pin id="1473" dir="0" index="0" bw="1" slack="0"/>
<pin id="1474" dir="1" index="1" bw="2" slack="0"/>
</pin_list>
<bind>
<opcode="zext(34) " fcode="zext"/>
<opset="zext_ln11_121/2 "/>
</bind>
</comp>

<comp id="1476" class="1004" name="tmp_66_fu_1476">
<pin_list>
<pin id="1477" dir="0" index="0" bw="1" slack="0"/>
<pin id="1478" dir="0" index="1" bw="16" slack="0"/>
<pin id="1479" dir="0" index="2" bw="5" slack="0"/>
<pin id="1480" dir="1" index="3" bw="1" slack="0"/>
</pin_list>
<bind>
<opcode="bitselect(1000) " fcode="bitselect"/>
<opset="tmp_66/2 "/>
</bind>
</comp>

<comp id="1484" class="1004" name="zext_ln11_122_fu_1484">
<pin_list>
<pin id="1485" dir="0" index="0" bw="1" slack="0"/>
<pin id="1486" dir="1" index="1" bw="2" slack="0"/>
</pin_list>
<bind>
<opcode="zext(34) " fcode="zext"/>
<opset="zext_ln11_122/2 "/>
</bind>
</comp>

<comp id="1488" class="1004" name="tmp_67_fu_1488">
<pin_list>
<pin id="1489" dir="0" index="0" bw="1" slack="0"/>
<pin id="1490" dir="0" index="1" bw="16" slack="0"/>
<pin id="1491" dir="0" index="2" bw="5" slack="0"/>
<pin id="1492" dir="1" index="3" bw="1" slack="0"/>
</pin_list>
<bind>
<opcode="bitselect(1000) " fcode="bitselect"/>
<opset="tmp_67/2 "/>
</bind>
</comp>

<comp id="1496" class="1004" name="zext_ln11_123_fu_1496">
<pin_list>
<pin id="1497" dir="0" index="0" bw="1" slack="0"/>
<pin id="1498" dir="1" index="1" bw="2" slack="0"/>
</pin_list>
<bind>
<opcode="zext(34) " fcode="zext"/>
<opset="zext_ln11_123/2 "/>
</bind>
</comp>

<comp id="1500" class="1004" name="tmp_68_fu_1500">
<pin_list>
<pin id="1501" dir="0" index="0" bw="1" slack="0"/>
<pin id="1502" dir="0" index="1" bw="16" slack="0"/>
<pin id="1503" dir="0" index="2" bw="5" slack="0"/>
<pin id="1504" dir="1" index="3" bw="1" slack="0"/>
</pin_list>
<bind>
<opcode="bitselect(1000) " fcode="bitselect"/>
<opset="tmp_68/2 "/>
</bind>
</comp>

<comp id="1508" class="1004" name="zext_ln11_124_fu_1508">
<pin_list>
<pin id="1509" dir="0" index="0" bw="1" slack="0"/>
<pin id="1510" dir="1" index="1" bw="2" slack="0"/>
</pin_list>
<bind>
<opcode="zext(34) " fcode="zext"/>
<opset="zext_ln11_124/2 "/>
</bind>
</comp>

<comp id="1512" class="1004" name="tmp_69_fu_1512">
<pin_list>
<pin id="1513" dir="0" index="0" bw="1" slack="0"/>
<pin id="1514" dir="0" index="1" bw="16" slack="0"/>
<pin id="1515" dir="0" index="2" bw="5" slack="0"/>
<pin id="1516" dir="1" index="3" bw="1" slack="0"/>
</pin_list>
<bind>
<opcode="bitselect(1000) " fcode="bitselect"/>
<opset="tmp_69/2 "/>
</bind>
</comp>

<comp id="1520" class="1004" name="zext_ln11_125_fu_1520">
<pin_list>
<pin id="1521" dir="0" index="0" bw="1" slack="0"/>
<pin id="1522" dir="1" index="1" bw="2" slack="0"/>
</pin_list>
<bind>
<opcode="zext(34) " fcode="zext"/>
<opset="zext_ln11_125/2 "/>
</bind>
</comp>

<comp id="1524" class="1004" name="tmp_70_fu_1524">
<pin_list>
<pin id="1525" dir="0" index="0" bw="1" slack="0"/>
<pin id="1526" dir="0" index="1" bw="16" slack="0"/>
<pin id="1527" dir="0" index="2" bw="5" slack="0"/>
<pin id="1528" dir="1" index="3" bw="1" slack="0"/>
</pin_list>
<bind>
<opcode="bitselect(1000) " fcode="bitselect"/>
<opset="tmp_70/2 "/>
</bind>
</comp>

<comp id="1532" class="1004" name="zext_ln11_126_fu_1532">
<pin_list>
<pin id="1533" dir="0" index="0" bw="1" slack="0"/>
<pin id="1534" dir="1" index="1" bw="2" slack="0"/>
</pin_list>
<bind>
<opcode="zext(34) " fcode="zext"/>
<opset="zext_ln11_126/2 "/>
</bind>
</comp>

<comp id="1536" class="1004" name="tmp_71_fu_1536">
<pin_list>
<pin id="1537" dir="0" index="0" bw="1" slack="0"/>
<pin id="1538" dir="0" index="1" bw="16" slack="0"/>
<pin id="1539" dir="0" index="2" bw="5" slack="0"/>
<pin id="1540" dir="1" index="3" bw="1" slack="0"/>
</pin_list>
<bind>
<opcode="bitselect(1000) " fcode="bitselect"/>
<opset="tmp_71/2 "/>
</bind>
</comp>

<comp id="1544" class="1004" name="zext_ln11_127_fu_1544">
<pin_list>
<pin id="1545" dir="0" index="0" bw="1" slack="0"/>
<pin id="1546" dir="1" index="1" bw="2" slack="0"/>
</pin_list>
<bind>
<opcode="zext(34) " fcode="zext"/>
<opset="zext_ln11_127/2 "/>
</bind>
</comp>

<comp id="1548" class="1004" name="tmp_72_fu_1548">
<pin_list>
<pin id="1549" dir="0" index="0" bw="1" slack="0"/>
<pin id="1550" dir="0" index="1" bw="16" slack="0"/>
<pin id="1551" dir="0" index="2" bw="5" slack="0"/>
<pin id="1552" dir="1" index="3" bw="1" slack="0"/>
</pin_list>
<bind>
<opcode="bitselect(1000) " fcode="bitselect"/>
<opset="tmp_72/2 "/>
</bind>
</comp>

<comp id="1556" class="1004" name="zext_ln11_128_fu_1556">
<pin_list>
<pin id="1557" dir="0" index="0" bw="1" slack="0"/>
<pin id="1558" dir="1" index="1" bw="2" slack="0"/>
</pin_list>
<bind>
<opcode="zext(34) " fcode="zext"/>
<opset="zext_ln11_128/2 "/>
</bind>
</comp>

<comp id="1560" class="1004" name="tmp_73_fu_1560">
<pin_list>
<pin id="1561" dir="0" index="0" bw="1" slack="0"/>
<pin id="1562" dir="0" index="1" bw="16" slack="0"/>
<pin id="1563" dir="0" index="2" bw="5" slack="0"/>
<pin id="1564" dir="1" index="3" bw="1" slack="0"/>
</pin_list>
<bind>
<opcode="bitselect(1000) " fcode="bitselect"/>
<opset="tmp_73/2 "/>
</bind>
</comp>

<comp id="1568" class="1004" name="zext_ln11_129_fu_1568">
<pin_list>
<pin id="1569" dir="0" index="0" bw="1" slack="0"/>
<pin id="1570" dir="1" index="1" bw="2" slack="0"/>
</pin_list>
<bind>
<opcode="zext(34) " fcode="zext"/>
<opset="zext_ln11_129/2 "/>
</bind>
</comp>

<comp id="1572" class="1004" name="add_ln11_fu_1572">
<pin_list>
<pin id="1573" dir="0" index="0" bw="1" slack="0"/>
<pin id="1574" dir="0" index="1" bw="1" slack="0"/>
<pin id="1575" dir="1" index="2" bw="2" slack="1"/>
</pin_list>
<bind>
<opcode="add(8) " fcode="add"/>
<opset="add_ln11/2 "/>
</bind>
</comp>

<comp id="1578" class="1004" name="add_ln11_60_fu_1578">
<pin_list>
<pin id="1579" dir="0" index="0" bw="1" slack="0"/>
<pin id="1580" dir="0" index="1" bw="1" slack="0"/>
<pin id="1581" dir="1" index="2" bw="2" slack="1"/>
</pin_list>
<bind>
<opcode="add(8) " fcode="add"/>
<opset="add_ln11_60/2 "/>
</bind>
</comp>

<comp id="1584" class="1004" name="add_ln11_62_fu_1584">
<pin_list>
<pin id="1585" dir="0" index="0" bw="1" slack="0"/>
<pin id="1586" dir="0" index="1" bw="1" slack="0"/>
<pin id="1587" dir="1" index="2" bw="2" slack="1"/>
</pin_list>
<bind>
<opcode="add(8) " fcode="add"/>
<opset="add_ln11_62/2 "/>
</bind>
</comp>

<comp id="1590" class="1004" name="add_ln11_63_fu_1590">
<pin_list>
<pin id="1591" dir="0" index="0" bw="1" slack="0"/>
<pin id="1592" dir="0" index="1" bw="1" slack="0"/>
<pin id="1593" dir="1" index="2" bw="2" slack="1"/>
</pin_list>
<bind>
<opcode="add(8) " fcode="add"/>
<opset="add_ln11_63/2 "/>
</bind>
</comp>

<comp id="1596" class="1004" name="add_ln11_66_fu_1596">
<pin_list>
<pin id="1597" dir="0" index="0" bw="1" slack="0"/>
<pin id="1598" dir="0" index="1" bw="1" slack="0"/>
<pin id="1599" dir="1" index="2" bw="2" slack="1"/>
</pin_list>
<bind>
<opcode="add(8) " fcode="add"/>
<opset="add_ln11_66/2 "/>
</bind>
</comp>

<comp id="1602" class="1004" name="add_ln11_67_fu_1602">
<pin_list>
<pin id="1603" dir="0" index="0" bw="1" slack="0"/>
<pin id="1604" dir="0" index="1" bw="1" slack="0"/>
<pin id="1605" dir="1" index="2" bw="2" slack="1"/>
</pin_list>
<bind>
<opcode="add(8) " fcode="add"/>
<opset="add_ln11_67/2 "/>
</bind>
</comp>

<comp id="1608" class="1004" name="add_ln11_69_fu_1608">
<pin_list>
<pin id="1609" dir="0" index="0" bw="1" slack="0"/>
<pin id="1610" dir="0" index="1" bw="1" slack="0"/>
<pin id="1611" dir="1" index="2" bw="2" slack="1"/>
</pin_list>
<bind>
<opcode="add(8) " fcode="add"/>
<opset="add_ln11_69/2 "/>
</bind>
</comp>

<comp id="1614" class="1004" name="add_ln11_70_fu_1614">
<pin_list>
<pin id="1615" dir="0" index="0" bw="1" slack="0"/>
<pin id="1616" dir="0" index="1" bw="1" slack="0"/>
<pin id="1617" dir="1" index="2" bw="2" slack="1"/>
</pin_list>
<bind>
<opcode="add(8) " fcode="add"/>
<opset="add_ln11_70/2 "/>
</bind>
</comp>

<comp id="1620" class="1004" name="xor_ln60_9_fu_1620">
<pin_list>
<pin id="1621" dir="0" index="0" bw="16" slack="1"/>
<pin id="1622" dir="0" index="1" bw="16" slack="0"/>
<pin id="1623" dir="1" index="2" bw="16" slack="0"/>
</pin_list>
<bind>
<opcode="xor(25) " fcode="xor"/>
<opset="xor_ln60_9/2 "/>
</bind>
</comp>

<comp id="1625" class="1004" name="xnor_4_fu_1625">
<pin_list>
<pin id="1626" dir="0" index="0" bw="16" slack="0"/>
<pin id="1627" dir="0" index="1" bw="16" slack="0"/>
<pin id="1628" dir="1" index="2" bw="16" slack="0"/>
</pin_list>
<bind>
<opcode="xor(25) " fcode="xor"/>
<opset="xnor_4/2 "/>
</bind>
</comp>

<comp id="1631" class="1004" name="cnt_9_fu_1631">
<pin_list>
<pin id="1632" dir="0" index="0" bw="16" slack="0"/>
<pin id="1633" dir="1" index="1" bw="1" slack="0"/>
</pin_list>
<bind>
<opcode="trunc(33) " fcode="trunc"/>
<opset="cnt_9/2 "/>
</bind>
</comp>

<comp id="1635" class="1004" name="zext_ln8_4_fu_1635">
<pin_list>
<pin id="1636" dir="0" index="0" bw="1" slack="0"/>
<pin id="1637" dir="1" index="1" bw="2" slack="0"/>
</pin_list>
<bind>
<opcode="zext(34) " fcode="zext"/>
<opset="zext_ln8_4/2 "/>
</bind>
</comp>

<comp id="1639" class="1004" name="tmp_74_fu_1639">
<pin_list>
<pin id="1640" dir="0" index="0" bw="1" slack="0"/>
<pin id="1641" dir="0" index="1" bw="16" slack="0"/>
<pin id="1642" dir="0" index="2" bw="1" slack="0"/>
<pin id="1643" dir="1" index="3" bw="1" slack="0"/>
</pin_list>
<bind>
<opcode="bitselect(1000) " fcode="bitselect"/>
<opset="tmp_74/2 "/>
</bind>
</comp>

<comp id="1647" class="1004" name="zext_ln11_144_fu_1647">
<pin_list>
<pin id="1648" dir="0" index="0" bw="1" slack="0"/>
<pin id="1649" dir="1" index="1" bw="2" slack="0"/>
</pin_list>
<bind>
<opcode="zext(34) " fcode="zext"/>
<opset="zext_ln11_144/2 "/>
</bind>
</comp>

<comp id="1651" class="1004" name="tmp_75_fu_1651">
<pin_list>
<pin id="1652" dir="0" index="0" bw="1" slack="0"/>
<pin id="1653" dir="0" index="1" bw="16" slack="0"/>
<pin id="1654" dir="0" index="2" bw="3" slack="0"/>
<pin id="1655" dir="1" index="3" bw="1" slack="0"/>
</pin_list>
<bind>
<opcode="bitselect(1000) " fcode="bitselect"/>
<opset="tmp_75/2 "/>
</bind>
</comp>

<comp id="1659" class="1004" name="zext_ln11_145_fu_1659">
<pin_list>
<pin id="1660" dir="0" index="0" bw="1" slack="0"/>
<pin id="1661" dir="1" index="1" bw="2" slack="0"/>
</pin_list>
<bind>
<opcode="zext(34) " fcode="zext"/>
<opset="zext_ln11_145/2 "/>
</bind>
</comp>

<comp id="1663" class="1004" name="tmp_76_fu_1663">
<pin_list>
<pin id="1664" dir="0" index="0" bw="1" slack="0"/>
<pin id="1665" dir="0" index="1" bw="16" slack="0"/>
<pin id="1666" dir="0" index="2" bw="3" slack="0"/>
<pin id="1667" dir="1" index="3" bw="1" slack="0"/>
</pin_list>
<bind>
<opcode="bitselect(1000) " fcode="bitselect"/>
<opset="tmp_76/2 "/>
</bind>
</comp>

<comp id="1671" class="1004" name="zext_ln11_146_fu_1671">
<pin_list>
<pin id="1672" dir="0" index="0" bw="1" slack="0"/>
<pin id="1673" dir="1" index="1" bw="2" slack="0"/>
</pin_list>
<bind>
<opcode="zext(34) " fcode="zext"/>
<opset="zext_ln11_146/2 "/>
</bind>
</comp>

<comp id="1675" class="1004" name="tmp_77_fu_1675">
<pin_list>
<pin id="1676" dir="0" index="0" bw="1" slack="0"/>
<pin id="1677" dir="0" index="1" bw="16" slack="0"/>
<pin id="1678" dir="0" index="2" bw="4" slack="0"/>
<pin id="1679" dir="1" index="3" bw="1" slack="0"/>
</pin_list>
<bind>
<opcode="bitselect(1000) " fcode="bitselect"/>
<opset="tmp_77/2 "/>
</bind>
</comp>

<comp id="1683" class="1004" name="zext_ln11_147_fu_1683">
<pin_list>
<pin id="1684" dir="0" index="0" bw="1" slack="0"/>
<pin id="1685" dir="1" index="1" bw="2" slack="0"/>
</pin_list>
<bind>
<opcode="zext(34) " fcode="zext"/>
<opset="zext_ln11_147/2 "/>
</bind>
</comp>

<comp id="1687" class="1004" name="tmp_78_fu_1687">
<pin_list>
<pin id="1688" dir="0" index="0" bw="1" slack="0"/>
<pin id="1689" dir="0" index="1" bw="16" slack="0"/>
<pin id="1690" dir="0" index="2" bw="4" slack="0"/>
<pin id="1691" dir="1" index="3" bw="1" slack="0"/>
</pin_list>
<bind>
<opcode="bitselect(1000) " fcode="bitselect"/>
<opset="tmp_78/2 "/>
</bind>
</comp>

<comp id="1695" class="1004" name="zext_ln11_148_fu_1695">
<pin_list>
<pin id="1696" dir="0" index="0" bw="1" slack="0"/>
<pin id="1697" dir="1" index="1" bw="2" slack="0"/>
</pin_list>
<bind>
<opcode="zext(34) " fcode="zext"/>
<opset="zext_ln11_148/2 "/>
</bind>
</comp>

<comp id="1699" class="1004" name="tmp_79_fu_1699">
<pin_list>
<pin id="1700" dir="0" index="0" bw="1" slack="0"/>
<pin id="1701" dir="0" index="1" bw="16" slack="0"/>
<pin id="1702" dir="0" index="2" bw="4" slack="0"/>
<pin id="1703" dir="1" index="3" bw="1" slack="0"/>
</pin_list>
<bind>
<opcode="bitselect(1000) " fcode="bitselect"/>
<opset="tmp_79/2 "/>
</bind>
</comp>

<comp id="1707" class="1004" name="zext_ln11_149_fu_1707">
<pin_list>
<pin id="1708" dir="0" index="0" bw="1" slack="0"/>
<pin id="1709" dir="1" index="1" bw="2" slack="0"/>
</pin_list>
<bind>
<opcode="zext(34) " fcode="zext"/>
<opset="zext_ln11_149/2 "/>
</bind>
</comp>

<comp id="1711" class="1004" name="tmp_80_fu_1711">
<pin_list>
<pin id="1712" dir="0" index="0" bw="1" slack="0"/>
<pin id="1713" dir="0" index="1" bw="16" slack="0"/>
<pin id="1714" dir="0" index="2" bw="4" slack="0"/>
<pin id="1715" dir="1" index="3" bw="1" slack="0"/>
</pin_list>
<bind>
<opcode="bitselect(1000) " fcode="bitselect"/>
<opset="tmp_80/2 "/>
</bind>
</comp>

<comp id="1719" class="1004" name="zext_ln11_150_fu_1719">
<pin_list>
<pin id="1720" dir="0" index="0" bw="1" slack="0"/>
<pin id="1721" dir="1" index="1" bw="2" slack="0"/>
</pin_list>
<bind>
<opcode="zext(34) " fcode="zext"/>
<opset="zext_ln11_150/2 "/>
</bind>
</comp>

<comp id="1723" class="1004" name="tmp_81_fu_1723">
<pin_list>
<pin id="1724" dir="0" index="0" bw="1" slack="0"/>
<pin id="1725" dir="0" index="1" bw="16" slack="0"/>
<pin id="1726" dir="0" index="2" bw="5" slack="0"/>
<pin id="1727" dir="1" index="3" bw="1" slack="0"/>
</pin_list>
<bind>
<opcode="bitselect(1000) " fcode="bitselect"/>
<opset="tmp_81/2 "/>
</bind>
</comp>

<comp id="1731" class="1004" name="zext_ln11_151_fu_1731">
<pin_list>
<pin id="1732" dir="0" index="0" bw="1" slack="0"/>
<pin id="1733" dir="1" index="1" bw="2" slack="0"/>
</pin_list>
<bind>
<opcode="zext(34) " fcode="zext"/>
<opset="zext_ln11_151/2 "/>
</bind>
</comp>

<comp id="1735" class="1004" name="tmp_82_fu_1735">
<pin_list>
<pin id="1736" dir="0" index="0" bw="1" slack="0"/>
<pin id="1737" dir="0" index="1" bw="16" slack="0"/>
<pin id="1738" dir="0" index="2" bw="5" slack="0"/>
<pin id="1739" dir="1" index="3" bw="1" slack="0"/>
</pin_list>
<bind>
<opcode="bitselect(1000) " fcode="bitselect"/>
<opset="tmp_82/2 "/>
</bind>
</comp>

<comp id="1743" class="1004" name="zext_ln11_152_fu_1743">
<pin_list>
<pin id="1744" dir="0" index="0" bw="1" slack="0"/>
<pin id="1745" dir="1" index="1" bw="2" slack="0"/>
</pin_list>
<bind>
<opcode="zext(34) " fcode="zext"/>
<opset="zext_ln11_152/2 "/>
</bind>
</comp>

<comp id="1747" class="1004" name="tmp_83_fu_1747">
<pin_list>
<pin id="1748" dir="0" index="0" bw="1" slack="0"/>
<pin id="1749" dir="0" index="1" bw="16" slack="0"/>
<pin id="1750" dir="0" index="2" bw="5" slack="0"/>
<pin id="1751" dir="1" index="3" bw="1" slack="0"/>
</pin_list>
<bind>
<opcode="bitselect(1000) " fcode="bitselect"/>
<opset="tmp_83/2 "/>
</bind>
</comp>

<comp id="1755" class="1004" name="zext_ln11_153_fu_1755">
<pin_list>
<pin id="1756" dir="0" index="0" bw="1" slack="0"/>
<pin id="1757" dir="1" index="1" bw="2" slack="0"/>
</pin_list>
<bind>
<opcode="zext(34) " fcode="zext"/>
<opset="zext_ln11_153/2 "/>
</bind>
</comp>

<comp id="1759" class="1004" name="tmp_84_fu_1759">
<pin_list>
<pin id="1760" dir="0" index="0" bw="1" slack="0"/>
<pin id="1761" dir="0" index="1" bw="16" slack="0"/>
<pin id="1762" dir="0" index="2" bw="5" slack="0"/>
<pin id="1763" dir="1" index="3" bw="1" slack="0"/>
</pin_list>
<bind>
<opcode="bitselect(1000) " fcode="bitselect"/>
<opset="tmp_84/2 "/>
</bind>
</comp>

<comp id="1767" class="1004" name="zext_ln11_154_fu_1767">
<pin_list>
<pin id="1768" dir="0" index="0" bw="1" slack="0"/>
<pin id="1769" dir="1" index="1" bw="2" slack="0"/>
</pin_list>
<bind>
<opcode="zext(34) " fcode="zext"/>
<opset="zext_ln11_154/2 "/>
</bind>
</comp>

<comp id="1771" class="1004" name="tmp_85_fu_1771">
<pin_list>
<pin id="1772" dir="0" index="0" bw="1" slack="0"/>
<pin id="1773" dir="0" index="1" bw="16" slack="0"/>
<pin id="1774" dir="0" index="2" bw="5" slack="0"/>
<pin id="1775" dir="1" index="3" bw="1" slack="0"/>
</pin_list>
<bind>
<opcode="bitselect(1000) " fcode="bitselect"/>
<opset="tmp_85/2 "/>
</bind>
</comp>

<comp id="1779" class="1004" name="zext_ln11_155_fu_1779">
<pin_list>
<pin id="1780" dir="0" index="0" bw="1" slack="0"/>
<pin id="1781" dir="1" index="1" bw="2" slack="0"/>
</pin_list>
<bind>
<opcode="zext(34) " fcode="zext"/>
<opset="zext_ln11_155/2 "/>
</bind>
</comp>

<comp id="1783" class="1004" name="tmp_86_fu_1783">
<pin_list>
<pin id="1784" dir="0" index="0" bw="1" slack="0"/>
<pin id="1785" dir="0" index="1" bw="16" slack="0"/>
<pin id="1786" dir="0" index="2" bw="5" slack="0"/>
<pin id="1787" dir="1" index="3" bw="1" slack="0"/>
</pin_list>
<bind>
<opcode="bitselect(1000) " fcode="bitselect"/>
<opset="tmp_86/2 "/>
</bind>
</comp>

<comp id="1791" class="1004" name="zext_ln11_156_fu_1791">
<pin_list>
<pin id="1792" dir="0" index="0" bw="1" slack="0"/>
<pin id="1793" dir="1" index="1" bw="2" slack="0"/>
</pin_list>
<bind>
<opcode="zext(34) " fcode="zext"/>
<opset="zext_ln11_156/2 "/>
</bind>
</comp>

<comp id="1795" class="1004" name="tmp_87_fu_1795">
<pin_list>
<pin id="1796" dir="0" index="0" bw="1" slack="0"/>
<pin id="1797" dir="0" index="1" bw="16" slack="0"/>
<pin id="1798" dir="0" index="2" bw="5" slack="0"/>
<pin id="1799" dir="1" index="3" bw="1" slack="0"/>
</pin_list>
<bind>
<opcode="bitselect(1000) " fcode="bitselect"/>
<opset="tmp_87/2 "/>
</bind>
</comp>

<comp id="1803" class="1004" name="zext_ln11_157_fu_1803">
<pin_list>
<pin id="1804" dir="0" index="0" bw="1" slack="0"/>
<pin id="1805" dir="1" index="1" bw="2" slack="0"/>
</pin_list>
<bind>
<opcode="zext(34) " fcode="zext"/>
<opset="zext_ln11_157/2 "/>
</bind>
</comp>

<comp id="1807" class="1004" name="tmp_88_fu_1807">
<pin_list>
<pin id="1808" dir="0" index="0" bw="1" slack="0"/>
<pin id="1809" dir="0" index="1" bw="16" slack="0"/>
<pin id="1810" dir="0" index="2" bw="5" slack="0"/>
<pin id="1811" dir="1" index="3" bw="1" slack="0"/>
</pin_list>
<bind>
<opcode="bitselect(1000) " fcode="bitselect"/>
<opset="tmp_88/2 "/>
</bind>
</comp>

<comp id="1815" class="1004" name="zext_ln11_158_fu_1815">
<pin_list>
<pin id="1816" dir="0" index="0" bw="1" slack="0"/>
<pin id="1817" dir="1" index="1" bw="2" slack="0"/>
</pin_list>
<bind>
<opcode="zext(34) " fcode="zext"/>
<opset="zext_ln11_158/2 "/>
</bind>
</comp>

<comp id="1819" class="1004" name="add_ln11_74_fu_1819">
<pin_list>
<pin id="1820" dir="0" index="0" bw="1" slack="0"/>
<pin id="1821" dir="0" index="1" bw="1" slack="0"/>
<pin id="1822" dir="1" index="2" bw="2" slack="1"/>
</pin_list>
<bind>
<opcode="add(8) " fcode="add"/>
<opset="add_ln11_74/2 "/>
</bind>
</comp>

<comp id="1825" class="1004" name="add_ln11_75_fu_1825">
<pin_list>
<pin id="1826" dir="0" index="0" bw="1" slack="0"/>
<pin id="1827" dir="0" index="1" bw="1" slack="0"/>
<pin id="1828" dir="1" index="2" bw="2" slack="1"/>
</pin_list>
<bind>
<opcode="add(8) " fcode="add"/>
<opset="add_ln11_75/2 "/>
</bind>
</comp>

<comp id="1831" class="1004" name="add_ln11_77_fu_1831">
<pin_list>
<pin id="1832" dir="0" index="0" bw="1" slack="0"/>
<pin id="1833" dir="0" index="1" bw="1" slack="0"/>
<pin id="1834" dir="1" index="2" bw="2" slack="1"/>
</pin_list>
<bind>
<opcode="add(8) " fcode="add"/>
<opset="add_ln11_77/2 "/>
</bind>
</comp>

<comp id="1837" class="1004" name="add_ln11_78_fu_1837">
<pin_list>
<pin id="1838" dir="0" index="0" bw="1" slack="0"/>
<pin id="1839" dir="0" index="1" bw="1" slack="0"/>
<pin id="1840" dir="1" index="2" bw="2" slack="1"/>
</pin_list>
<bind>
<opcode="add(8) " fcode="add"/>
<opset="add_ln11_78/2 "/>
</bind>
</comp>

<comp id="1843" class="1004" name="add_ln11_81_fu_1843">
<pin_list>
<pin id="1844" dir="0" index="0" bw="1" slack="0"/>
<pin id="1845" dir="0" index="1" bw="1" slack="0"/>
<pin id="1846" dir="1" index="2" bw="2" slack="1"/>
</pin_list>
<bind>
<opcode="add(8) " fcode="add"/>
<opset="add_ln11_81/2 "/>
</bind>
</comp>

<comp id="1849" class="1004" name="add_ln11_82_fu_1849">
<pin_list>
<pin id="1850" dir="0" index="0" bw="1" slack="0"/>
<pin id="1851" dir="0" index="1" bw="1" slack="0"/>
<pin id="1852" dir="1" index="2" bw="2" slack="1"/>
</pin_list>
<bind>
<opcode="add(8) " fcode="add"/>
<opset="add_ln11_82/2 "/>
</bind>
</comp>

<comp id="1855" class="1004" name="add_ln11_84_fu_1855">
<pin_list>
<pin id="1856" dir="0" index="0" bw="1" slack="0"/>
<pin id="1857" dir="0" index="1" bw="1" slack="0"/>
<pin id="1858" dir="1" index="2" bw="2" slack="1"/>
</pin_list>
<bind>
<opcode="add(8) " fcode="add"/>
<opset="add_ln11_84/2 "/>
</bind>
</comp>

<comp id="1861" class="1004" name="add_ln11_85_fu_1861">
<pin_list>
<pin id="1862" dir="0" index="0" bw="1" slack="0"/>
<pin id="1863" dir="0" index="1" bw="1" slack="0"/>
<pin id="1864" dir="1" index="2" bw="2" slack="1"/>
</pin_list>
<bind>
<opcode="add(8) " fcode="add"/>
<opset="add_ln11_85/2 "/>
</bind>
</comp>

<comp id="1867" class="1004" name="xor_ln60_11_fu_1867">
<pin_list>
<pin id="1868" dir="0" index="0" bw="16" slack="1"/>
<pin id="1869" dir="0" index="1" bw="16" slack="0"/>
<pin id="1870" dir="1" index="2" bw="16" slack="0"/>
</pin_list>
<bind>
<opcode="xor(25) " fcode="xor"/>
<opset="xor_ln60_11/2 "/>
</bind>
</comp>

<comp id="1872" class="1004" name="xnor_5_fu_1872">
<pin_list>
<pin id="1873" dir="0" index="0" bw="16" slack="0"/>
<pin id="1874" dir="0" index="1" bw="16" slack="0"/>
<pin id="1875" dir="1" index="2" bw="16" slack="0"/>
</pin_list>
<bind>
<opcode="xor(25) " fcode="xor"/>
<opset="xnor_5/2 "/>
</bind>
</comp>

<comp id="1878" class="1004" name="cnt_11_fu_1878">
<pin_list>
<pin id="1879" dir="0" index="0" bw="16" slack="0"/>
<pin id="1880" dir="1" index="1" bw="1" slack="0"/>
</pin_list>
<bind>
<opcode="trunc(33) " fcode="trunc"/>
<opset="cnt_11/2 "/>
</bind>
</comp>

<comp id="1882" class="1004" name="zext_ln8_5_fu_1882">
<pin_list>
<pin id="1883" dir="0" index="0" bw="1" slack="0"/>
<pin id="1884" dir="1" index="1" bw="2" slack="0"/>
</pin_list>
<bind>
<opcode="zext(34) " fcode="zext"/>
<opset="zext_ln8_5/2 "/>
</bind>
</comp>

<comp id="1886" class="1004" name="tmp_89_fu_1886">
<pin_list>
<pin id="1887" dir="0" index="0" bw="1" slack="0"/>
<pin id="1888" dir="0" index="1" bw="16" slack="0"/>
<pin id="1889" dir="0" index="2" bw="1" slack="0"/>
<pin id="1890" dir="1" index="3" bw="1" slack="0"/>
</pin_list>
<bind>
<opcode="bitselect(1000) " fcode="bitselect"/>
<opset="tmp_89/2 "/>
</bind>
</comp>

<comp id="1894" class="1004" name="zext_ln11_173_fu_1894">
<pin_list>
<pin id="1895" dir="0" index="0" bw="1" slack="0"/>
<pin id="1896" dir="1" index="1" bw="2" slack="0"/>
</pin_list>
<bind>
<opcode="zext(34) " fcode="zext"/>
<opset="zext_ln11_173/2 "/>
</bind>
</comp>

<comp id="1898" class="1004" name="tmp_90_fu_1898">
<pin_list>
<pin id="1899" dir="0" index="0" bw="1" slack="0"/>
<pin id="1900" dir="0" index="1" bw="16" slack="0"/>
<pin id="1901" dir="0" index="2" bw="3" slack="0"/>
<pin id="1902" dir="1" index="3" bw="1" slack="0"/>
</pin_list>
<bind>
<opcode="bitselect(1000) " fcode="bitselect"/>
<opset="tmp_90/2 "/>
</bind>
</comp>

<comp id="1906" class="1004" name="zext_ln11_174_fu_1906">
<pin_list>
<pin id="1907" dir="0" index="0" bw="1" slack="0"/>
<pin id="1908" dir="1" index="1" bw="2" slack="0"/>
</pin_list>
<bind>
<opcode="zext(34) " fcode="zext"/>
<opset="zext_ln11_174/2 "/>
</bind>
</comp>

<comp id="1910" class="1004" name="tmp_91_fu_1910">
<pin_list>
<pin id="1911" dir="0" index="0" bw="1" slack="0"/>
<pin id="1912" dir="0" index="1" bw="16" slack="0"/>
<pin id="1913" dir="0" index="2" bw="3" slack="0"/>
<pin id="1914" dir="1" index="3" bw="1" slack="0"/>
</pin_list>
<bind>
<opcode="bitselect(1000) " fcode="bitselect"/>
<opset="tmp_91/2 "/>
</bind>
</comp>

<comp id="1918" class="1004" name="zext_ln11_175_fu_1918">
<pin_list>
<pin id="1919" dir="0" index="0" bw="1" slack="0"/>
<pin id="1920" dir="1" index="1" bw="2" slack="0"/>
</pin_list>
<bind>
<opcode="zext(34) " fcode="zext"/>
<opset="zext_ln11_175/2 "/>
</bind>
</comp>

<comp id="1922" class="1004" name="tmp_92_fu_1922">
<pin_list>
<pin id="1923" dir="0" index="0" bw="1" slack="0"/>
<pin id="1924" dir="0" index="1" bw="16" slack="0"/>
<pin id="1925" dir="0" index="2" bw="4" slack="0"/>
<pin id="1926" dir="1" index="3" bw="1" slack="0"/>
</pin_list>
<bind>
<opcode="bitselect(1000) " fcode="bitselect"/>
<opset="tmp_92/2 "/>
</bind>
</comp>

<comp id="1930" class="1004" name="zext_ln11_176_fu_1930">
<pin_list>
<pin id="1931" dir="0" index="0" bw="1" slack="0"/>
<pin id="1932" dir="1" index="1" bw="2" slack="0"/>
</pin_list>
<bind>
<opcode="zext(34) " fcode="zext"/>
<opset="zext_ln11_176/2 "/>
</bind>
</comp>

<comp id="1934" class="1004" name="tmp_93_fu_1934">
<pin_list>
<pin id="1935" dir="0" index="0" bw="1" slack="0"/>
<pin id="1936" dir="0" index="1" bw="16" slack="0"/>
<pin id="1937" dir="0" index="2" bw="4" slack="0"/>
<pin id="1938" dir="1" index="3" bw="1" slack="0"/>
</pin_list>
<bind>
<opcode="bitselect(1000) " fcode="bitselect"/>
<opset="tmp_93/2 "/>
</bind>
</comp>

<comp id="1942" class="1004" name="zext_ln11_177_fu_1942">
<pin_list>
<pin id="1943" dir="0" index="0" bw="1" slack="0"/>
<pin id="1944" dir="1" index="1" bw="2" slack="0"/>
</pin_list>
<bind>
<opcode="zext(34) " fcode="zext"/>
<opset="zext_ln11_177/2 "/>
</bind>
</comp>

<comp id="1946" class="1004" name="tmp_94_fu_1946">
<pin_list>
<pin id="1947" dir="0" index="0" bw="1" slack="0"/>
<pin id="1948" dir="0" index="1" bw="16" slack="0"/>
<pin id="1949" dir="0" index="2" bw="4" slack="0"/>
<pin id="1950" dir="1" index="3" bw="1" slack="0"/>
</pin_list>
<bind>
<opcode="bitselect(1000) " fcode="bitselect"/>
<opset="tmp_94/2 "/>
</bind>
</comp>

<comp id="1954" class="1004" name="zext_ln11_178_fu_1954">
<pin_list>
<pin id="1955" dir="0" index="0" bw="1" slack="0"/>
<pin id="1956" dir="1" index="1" bw="2" slack="0"/>
</pin_list>
<bind>
<opcode="zext(34) " fcode="zext"/>
<opset="zext_ln11_178/2 "/>
</bind>
</comp>

<comp id="1958" class="1004" name="tmp_95_fu_1958">
<pin_list>
<pin id="1959" dir="0" index="0" bw="1" slack="0"/>
<pin id="1960" dir="0" index="1" bw="16" slack="0"/>
<pin id="1961" dir="0" index="2" bw="4" slack="0"/>
<pin id="1962" dir="1" index="3" bw="1" slack="0"/>
</pin_list>
<bind>
<opcode="bitselect(1000) " fcode="bitselect"/>
<opset="tmp_95/2 "/>
</bind>
</comp>

<comp id="1966" class="1004" name="zext_ln11_179_fu_1966">
<pin_list>
<pin id="1967" dir="0" index="0" bw="1" slack="0"/>
<pin id="1968" dir="1" index="1" bw="2" slack="0"/>
</pin_list>
<bind>
<opcode="zext(34) " fcode="zext"/>
<opset="zext_ln11_179/2 "/>
</bind>
</comp>

<comp id="1970" class="1004" name="tmp_96_fu_1970">
<pin_list>
<pin id="1971" dir="0" index="0" bw="1" slack="0"/>
<pin id="1972" dir="0" index="1" bw="16" slack="0"/>
<pin id="1973" dir="0" index="2" bw="5" slack="0"/>
<pin id="1974" dir="1" index="3" bw="1" slack="0"/>
</pin_list>
<bind>
<opcode="bitselect(1000) " fcode="bitselect"/>
<opset="tmp_96/2 "/>
</bind>
</comp>

<comp id="1978" class="1004" name="zext_ln11_180_fu_1978">
<pin_list>
<pin id="1979" dir="0" index="0" bw="1" slack="0"/>
<pin id="1980" dir="1" index="1" bw="2" slack="0"/>
</pin_list>
<bind>
<opcode="zext(34) " fcode="zext"/>
<opset="zext_ln11_180/2 "/>
</bind>
</comp>

<comp id="1982" class="1004" name="tmp_97_fu_1982">
<pin_list>
<pin id="1983" dir="0" index="0" bw="1" slack="0"/>
<pin id="1984" dir="0" index="1" bw="16" slack="0"/>
<pin id="1985" dir="0" index="2" bw="5" slack="0"/>
<pin id="1986" dir="1" index="3" bw="1" slack="0"/>
</pin_list>
<bind>
<opcode="bitselect(1000) " fcode="bitselect"/>
<opset="tmp_97/2 "/>
</bind>
</comp>

<comp id="1990" class="1004" name="zext_ln11_181_fu_1990">
<pin_list>
<pin id="1991" dir="0" index="0" bw="1" slack="0"/>
<pin id="1992" dir="1" index="1" bw="2" slack="0"/>
</pin_list>
<bind>
<opcode="zext(34) " fcode="zext"/>
<opset="zext_ln11_181/2 "/>
</bind>
</comp>

<comp id="1994" class="1004" name="tmp_98_fu_1994">
<pin_list>
<pin id="1995" dir="0" index="0" bw="1" slack="0"/>
<pin id="1996" dir="0" index="1" bw="16" slack="0"/>
<pin id="1997" dir="0" index="2" bw="5" slack="0"/>
<pin id="1998" dir="1" index="3" bw="1" slack="0"/>
</pin_list>
<bind>
<opcode="bitselect(1000) " fcode="bitselect"/>
<opset="tmp_98/2 "/>
</bind>
</comp>

<comp id="2002" class="1004" name="zext_ln11_182_fu_2002">
<pin_list>
<pin id="2003" dir="0" index="0" bw="1" slack="0"/>
<pin id="2004" dir="1" index="1" bw="2" slack="0"/>
</pin_list>
<bind>
<opcode="zext(34) " fcode="zext"/>
<opset="zext_ln11_182/2 "/>
</bind>
</comp>

<comp id="2006" class="1004" name="tmp_99_fu_2006">
<pin_list>
<pin id="2007" dir="0" index="0" bw="1" slack="0"/>
<pin id="2008" dir="0" index="1" bw="16" slack="0"/>
<pin id="2009" dir="0" index="2" bw="5" slack="0"/>
<pin id="2010" dir="1" index="3" bw="1" slack="0"/>
</pin_list>
<bind>
<opcode="bitselect(1000) " fcode="bitselect"/>
<opset="tmp_99/2 "/>
</bind>
</comp>

<comp id="2014" class="1004" name="zext_ln11_183_fu_2014">
<pin_list>
<pin id="2015" dir="0" index="0" bw="1" slack="0"/>
<pin id="2016" dir="1" index="1" bw="2" slack="0"/>
</pin_list>
<bind>
<opcode="zext(34) " fcode="zext"/>
<opset="zext_ln11_183/2 "/>
</bind>
</comp>

<comp id="2018" class="1004" name="tmp_100_fu_2018">
<pin_list>
<pin id="2019" dir="0" index="0" bw="1" slack="0"/>
<pin id="2020" dir="0" index="1" bw="16" slack="0"/>
<pin id="2021" dir="0" index="2" bw="5" slack="0"/>
<pin id="2022" dir="1" index="3" bw="1" slack="0"/>
</pin_list>
<bind>
<opcode="bitselect(1000) " fcode="bitselect"/>
<opset="tmp_100/2 "/>
</bind>
</comp>

<comp id="2026" class="1004" name="zext_ln11_184_fu_2026">
<pin_list>
<pin id="2027" dir="0" index="0" bw="1" slack="0"/>
<pin id="2028" dir="1" index="1" bw="2" slack="0"/>
</pin_list>
<bind>
<opcode="zext(34) " fcode="zext"/>
<opset="zext_ln11_184/2 "/>
</bind>
</comp>

<comp id="2030" class="1004" name="tmp_101_fu_2030">
<pin_list>
<pin id="2031" dir="0" index="0" bw="1" slack="0"/>
<pin id="2032" dir="0" index="1" bw="16" slack="0"/>
<pin id="2033" dir="0" index="2" bw="5" slack="0"/>
<pin id="2034" dir="1" index="3" bw="1" slack="0"/>
</pin_list>
<bind>
<opcode="bitselect(1000) " fcode="bitselect"/>
<opset="tmp_101/2 "/>
</bind>
</comp>

<comp id="2038" class="1004" name="zext_ln11_185_fu_2038">
<pin_list>
<pin id="2039" dir="0" index="0" bw="1" slack="0"/>
<pin id="2040" dir="1" index="1" bw="2" slack="0"/>
</pin_list>
<bind>
<opcode="zext(34) " fcode="zext"/>
<opset="zext_ln11_185/2 "/>
</bind>
</comp>

<comp id="2042" class="1004" name="tmp_102_fu_2042">
<pin_list>
<pin id="2043" dir="0" index="0" bw="1" slack="0"/>
<pin id="2044" dir="0" index="1" bw="16" slack="0"/>
<pin id="2045" dir="0" index="2" bw="5" slack="0"/>
<pin id="2046" dir="1" index="3" bw="1" slack="0"/>
</pin_list>
<bind>
<opcode="bitselect(1000) " fcode="bitselect"/>
<opset="tmp_102/2 "/>
</bind>
</comp>

<comp id="2050" class="1004" name="zext_ln11_186_fu_2050">
<pin_list>
<pin id="2051" dir="0" index="0" bw="1" slack="0"/>
<pin id="2052" dir="1" index="1" bw="2" slack="0"/>
</pin_list>
<bind>
<opcode="zext(34) " fcode="zext"/>
<opset="zext_ln11_186/2 "/>
</bind>
</comp>

<comp id="2054" class="1004" name="tmp_103_fu_2054">
<pin_list>
<pin id="2055" dir="0" index="0" bw="1" slack="0"/>
<pin id="2056" dir="0" index="1" bw="16" slack="0"/>
<pin id="2057" dir="0" index="2" bw="5" slack="0"/>
<pin id="2058" dir="1" index="3" bw="1" slack="0"/>
</pin_list>
<bind>
<opcode="bitselect(1000) " fcode="bitselect"/>
<opset="tmp_103/2 "/>
</bind>
</comp>

<comp id="2062" class="1004" name="zext_ln11_187_fu_2062">
<pin_list>
<pin id="2063" dir="0" index="0" bw="1" slack="0"/>
<pin id="2064" dir="1" index="1" bw="2" slack="0"/>
</pin_list>
<bind>
<opcode="zext(34) " fcode="zext"/>
<opset="zext_ln11_187/2 "/>
</bind>
</comp>

<comp id="2066" class="1004" name="add_ln11_89_fu_2066">
<pin_list>
<pin id="2067" dir="0" index="0" bw="1" slack="0"/>
<pin id="2068" dir="0" index="1" bw="1" slack="0"/>
<pin id="2069" dir="1" index="2" bw="2" slack="1"/>
</pin_list>
<bind>
<opcode="add(8) " fcode="add"/>
<opset="add_ln11_89/2 "/>
</bind>
</comp>

<comp id="2072" class="1004" name="add_ln11_90_fu_2072">
<pin_list>
<pin id="2073" dir="0" index="0" bw="1" slack="0"/>
<pin id="2074" dir="0" index="1" bw="1" slack="0"/>
<pin id="2075" dir="1" index="2" bw="2" slack="1"/>
</pin_list>
<bind>
<opcode="add(8) " fcode="add"/>
<opset="add_ln11_90/2 "/>
</bind>
</comp>

<comp id="2078" class="1004" name="add_ln11_92_fu_2078">
<pin_list>
<pin id="2079" dir="0" index="0" bw="1" slack="0"/>
<pin id="2080" dir="0" index="1" bw="1" slack="0"/>
<pin id="2081" dir="1" index="2" bw="2" slack="1"/>
</pin_list>
<bind>
<opcode="add(8) " fcode="add"/>
<opset="add_ln11_92/2 "/>
</bind>
</comp>

<comp id="2084" class="1004" name="add_ln11_93_fu_2084">
<pin_list>
<pin id="2085" dir="0" index="0" bw="1" slack="0"/>
<pin id="2086" dir="0" index="1" bw="1" slack="0"/>
<pin id="2087" dir="1" index="2" bw="2" slack="1"/>
</pin_list>
<bind>
<opcode="add(8) " fcode="add"/>
<opset="add_ln11_93/2 "/>
</bind>
</comp>

<comp id="2090" class="1004" name="add_ln11_96_fu_2090">
<pin_list>
<pin id="2091" dir="0" index="0" bw="1" slack="0"/>
<pin id="2092" dir="0" index="1" bw="1" slack="0"/>
<pin id="2093" dir="1" index="2" bw="2" slack="1"/>
</pin_list>
<bind>
<opcode="add(8) " fcode="add"/>
<opset="add_ln11_96/2 "/>
</bind>
</comp>

<comp id="2096" class="1004" name="add_ln11_97_fu_2096">
<pin_list>
<pin id="2097" dir="0" index="0" bw="1" slack="0"/>
<pin id="2098" dir="0" index="1" bw="1" slack="0"/>
<pin id="2099" dir="1" index="2" bw="2" slack="1"/>
</pin_list>
<bind>
<opcode="add(8) " fcode="add"/>
<opset="add_ln11_97/2 "/>
</bind>
</comp>

<comp id="2102" class="1004" name="add_ln11_99_fu_2102">
<pin_list>
<pin id="2103" dir="0" index="0" bw="1" slack="0"/>
<pin id="2104" dir="0" index="1" bw="1" slack="0"/>
<pin id="2105" dir="1" index="2" bw="2" slack="1"/>
</pin_list>
<bind>
<opcode="add(8) " fcode="add"/>
<opset="add_ln11_99/2 "/>
</bind>
</comp>

<comp id="2108" class="1004" name="add_ln11_100_fu_2108">
<pin_list>
<pin id="2109" dir="0" index="0" bw="1" slack="0"/>
<pin id="2110" dir="0" index="1" bw="1" slack="0"/>
<pin id="2111" dir="1" index="2" bw="2" slack="1"/>
</pin_list>
<bind>
<opcode="add(8) " fcode="add"/>
<opset="add_ln11_100/2 "/>
</bind>
</comp>

<comp id="2114" class="1004" name="xor_ln60_13_fu_2114">
<pin_list>
<pin id="2115" dir="0" index="0" bw="16" slack="1"/>
<pin id="2116" dir="0" index="1" bw="16" slack="0"/>
<pin id="2117" dir="1" index="2" bw="16" slack="0"/>
</pin_list>
<bind>
<opcode="xor(25) " fcode="xor"/>
<opset="xor_ln60_13/2 "/>
</bind>
</comp>

<comp id="2119" class="1004" name="xnor_6_fu_2119">
<pin_list>
<pin id="2120" dir="0" index="0" bw="16" slack="0"/>
<pin id="2121" dir="0" index="1" bw="16" slack="0"/>
<pin id="2122" dir="1" index="2" bw="16" slack="0"/>
</pin_list>
<bind>
<opcode="xor(25) " fcode="xor"/>
<opset="xnor_6/2 "/>
</bind>
</comp>

<comp id="2125" class="1004" name="cnt_13_fu_2125">
<pin_list>
<pin id="2126" dir="0" index="0" bw="16" slack="0"/>
<pin id="2127" dir="1" index="1" bw="1" slack="0"/>
</pin_list>
<bind>
<opcode="trunc(33) " fcode="trunc"/>
<opset="cnt_13/2 "/>
</bind>
</comp>

<comp id="2129" class="1004" name="zext_ln8_6_fu_2129">
<pin_list>
<pin id="2130" dir="0" index="0" bw="1" slack="0"/>
<pin id="2131" dir="1" index="1" bw="2" slack="0"/>
</pin_list>
<bind>
<opcode="zext(34) " fcode="zext"/>
<opset="zext_ln8_6/2 "/>
</bind>
</comp>

<comp id="2133" class="1004" name="tmp_104_fu_2133">
<pin_list>
<pin id="2134" dir="0" index="0" bw="1" slack="0"/>
<pin id="2135" dir="0" index="1" bw="16" slack="0"/>
<pin id="2136" dir="0" index="2" bw="1" slack="0"/>
<pin id="2137" dir="1" index="3" bw="1" slack="0"/>
</pin_list>
<bind>
<opcode="bitselect(1000) " fcode="bitselect"/>
<opset="tmp_104/2 "/>
</bind>
</comp>

<comp id="2141" class="1004" name="zext_ln11_202_fu_2141">
<pin_list>
<pin id="2142" dir="0" index="0" bw="1" slack="0"/>
<pin id="2143" dir="1" index="1" bw="2" slack="0"/>
</pin_list>
<bind>
<opcode="zext(34) " fcode="zext"/>
<opset="zext_ln11_202/2 "/>
</bind>
</comp>

<comp id="2145" class="1004" name="tmp_105_fu_2145">
<pin_list>
<pin id="2146" dir="0" index="0" bw="1" slack="0"/>
<pin id="2147" dir="0" index="1" bw="16" slack="0"/>
<pin id="2148" dir="0" index="2" bw="3" slack="0"/>
<pin id="2149" dir="1" index="3" bw="1" slack="0"/>
</pin_list>
<bind>
<opcode="bitselect(1000) " fcode="bitselect"/>
<opset="tmp_105/2 "/>
</bind>
</comp>

<comp id="2153" class="1004" name="zext_ln11_203_fu_2153">
<pin_list>
<pin id="2154" dir="0" index="0" bw="1" slack="0"/>
<pin id="2155" dir="1" index="1" bw="2" slack="0"/>
</pin_list>
<bind>
<opcode="zext(34) " fcode="zext"/>
<opset="zext_ln11_203/2 "/>
</bind>
</comp>

<comp id="2157" class="1004" name="tmp_106_fu_2157">
<pin_list>
<pin id="2158" dir="0" index="0" bw="1" slack="0"/>
<pin id="2159" dir="0" index="1" bw="16" slack="0"/>
<pin id="2160" dir="0" index="2" bw="3" slack="0"/>
<pin id="2161" dir="1" index="3" bw="1" slack="0"/>
</pin_list>
<bind>
<opcode="bitselect(1000) " fcode="bitselect"/>
<opset="tmp_106/2 "/>
</bind>
</comp>

<comp id="2165" class="1004" name="zext_ln11_204_fu_2165">
<pin_list>
<pin id="2166" dir="0" index="0" bw="1" slack="0"/>
<pin id="2167" dir="1" index="1" bw="2" slack="0"/>
</pin_list>
<bind>
<opcode="zext(34) " fcode="zext"/>
<opset="zext_ln11_204/2 "/>
</bind>
</comp>

<comp id="2169" class="1004" name="tmp_107_fu_2169">
<pin_list>
<pin id="2170" dir="0" index="0" bw="1" slack="0"/>
<pin id="2171" dir="0" index="1" bw="16" slack="0"/>
<pin id="2172" dir="0" index="2" bw="4" slack="0"/>
<pin id="2173" dir="1" index="3" bw="1" slack="0"/>
</pin_list>
<bind>
<opcode="bitselect(1000) " fcode="bitselect"/>
<opset="tmp_107/2 "/>
</bind>
</comp>

<comp id="2177" class="1004" name="zext_ln11_205_fu_2177">
<pin_list>
<pin id="2178" dir="0" index="0" bw="1" slack="0"/>
<pin id="2179" dir="1" index="1" bw="2" slack="0"/>
</pin_list>
<bind>
<opcode="zext(34) " fcode="zext"/>
<opset="zext_ln11_205/2 "/>
</bind>
</comp>

<comp id="2181" class="1004" name="tmp_108_fu_2181">
<pin_list>
<pin id="2182" dir="0" index="0" bw="1" slack="0"/>
<pin id="2183" dir="0" index="1" bw="16" slack="0"/>
<pin id="2184" dir="0" index="2" bw="4" slack="0"/>
<pin id="2185" dir="1" index="3" bw="1" slack="0"/>
</pin_list>
<bind>
<opcode="bitselect(1000) " fcode="bitselect"/>
<opset="tmp_108/2 "/>
</bind>
</comp>

<comp id="2189" class="1004" name="zext_ln11_206_fu_2189">
<pin_list>
<pin id="2190" dir="0" index="0" bw="1" slack="0"/>
<pin id="2191" dir="1" index="1" bw="2" slack="0"/>
</pin_list>
<bind>
<opcode="zext(34) " fcode="zext"/>
<opset="zext_ln11_206/2 "/>
</bind>
</comp>

<comp id="2193" class="1004" name="tmp_109_fu_2193">
<pin_list>
<pin id="2194" dir="0" index="0" bw="1" slack="0"/>
<pin id="2195" dir="0" index="1" bw="16" slack="0"/>
<pin id="2196" dir="0" index="2" bw="4" slack="0"/>
<pin id="2197" dir="1" index="3" bw="1" slack="0"/>
</pin_list>
<bind>
<opcode="bitselect(1000) " fcode="bitselect"/>
<opset="tmp_109/2 "/>
</bind>
</comp>

<comp id="2201" class="1004" name="zext_ln11_207_fu_2201">
<pin_list>
<pin id="2202" dir="0" index="0" bw="1" slack="0"/>
<pin id="2203" dir="1" index="1" bw="2" slack="0"/>
</pin_list>
<bind>
<opcode="zext(34) " fcode="zext"/>
<opset="zext_ln11_207/2 "/>
</bind>
</comp>

<comp id="2205" class="1004" name="tmp_110_fu_2205">
<pin_list>
<pin id="2206" dir="0" index="0" bw="1" slack="0"/>
<pin id="2207" dir="0" index="1" bw="16" slack="0"/>
<pin id="2208" dir="0" index="2" bw="4" slack="0"/>
<pin id="2209" dir="1" index="3" bw="1" slack="0"/>
</pin_list>
<bind>
<opcode="bitselect(1000) " fcode="bitselect"/>
<opset="tmp_110/2 "/>
</bind>
</comp>

<comp id="2213" class="1004" name="zext_ln11_208_fu_2213">
<pin_list>
<pin id="2214" dir="0" index="0" bw="1" slack="0"/>
<pin id="2215" dir="1" index="1" bw="2" slack="0"/>
</pin_list>
<bind>
<opcode="zext(34) " fcode="zext"/>
<opset="zext_ln11_208/2 "/>
</bind>
</comp>

<comp id="2217" class="1004" name="tmp_111_fu_2217">
<pin_list>
<pin id="2218" dir="0" index="0" bw="1" slack="0"/>
<pin id="2219" dir="0" index="1" bw="16" slack="0"/>
<pin id="2220" dir="0" index="2" bw="5" slack="0"/>
<pin id="2221" dir="1" index="3" bw="1" slack="0"/>
</pin_list>
<bind>
<opcode="bitselect(1000) " fcode="bitselect"/>
<opset="tmp_111/2 "/>
</bind>
</comp>

<comp id="2225" class="1004" name="zext_ln11_209_fu_2225">
<pin_list>
<pin id="2226" dir="0" index="0" bw="1" slack="0"/>
<pin id="2227" dir="1" index="1" bw="2" slack="0"/>
</pin_list>
<bind>
<opcode="zext(34) " fcode="zext"/>
<opset="zext_ln11_209/2 "/>
</bind>
</comp>

<comp id="2229" class="1004" name="tmp_112_fu_2229">
<pin_list>
<pin id="2230" dir="0" index="0" bw="1" slack="0"/>
<pin id="2231" dir="0" index="1" bw="16" slack="0"/>
<pin id="2232" dir="0" index="2" bw="5" slack="0"/>
<pin id="2233" dir="1" index="3" bw="1" slack="0"/>
</pin_list>
<bind>
<opcode="bitselect(1000) " fcode="bitselect"/>
<opset="tmp_112/2 "/>
</bind>
</comp>

<comp id="2237" class="1004" name="zext_ln11_210_fu_2237">
<pin_list>
<pin id="2238" dir="0" index="0" bw="1" slack="0"/>
<pin id="2239" dir="1" index="1" bw="2" slack="0"/>
</pin_list>
<bind>
<opcode="zext(34) " fcode="zext"/>
<opset="zext_ln11_210/2 "/>
</bind>
</comp>

<comp id="2241" class="1004" name="tmp_113_fu_2241">
<pin_list>
<pin id="2242" dir="0" index="0" bw="1" slack="0"/>
<pin id="2243" dir="0" index="1" bw="16" slack="0"/>
<pin id="2244" dir="0" index="2" bw="5" slack="0"/>
<pin id="2245" dir="1" index="3" bw="1" slack="0"/>
</pin_list>
<bind>
<opcode="bitselect(1000) " fcode="bitselect"/>
<opset="tmp_113/2 "/>
</bind>
</comp>

<comp id="2249" class="1004" name="zext_ln11_211_fu_2249">
<pin_list>
<pin id="2250" dir="0" index="0" bw="1" slack="0"/>
<pin id="2251" dir="1" index="1" bw="2" slack="0"/>
</pin_list>
<bind>
<opcode="zext(34) " fcode="zext"/>
<opset="zext_ln11_211/2 "/>
</bind>
</comp>

<comp id="2253" class="1004" name="tmp_114_fu_2253">
<pin_list>
<pin id="2254" dir="0" index="0" bw="1" slack="0"/>
<pin id="2255" dir="0" index="1" bw="16" slack="0"/>
<pin id="2256" dir="0" index="2" bw="5" slack="0"/>
<pin id="2257" dir="1" index="3" bw="1" slack="0"/>
</pin_list>
<bind>
<opcode="bitselect(1000) " fcode="bitselect"/>
<opset="tmp_114/2 "/>
</bind>
</comp>

<comp id="2261" class="1004" name="zext_ln11_212_fu_2261">
<pin_list>
<pin id="2262" dir="0" index="0" bw="1" slack="0"/>
<pin id="2263" dir="1" index="1" bw="2" slack="0"/>
</pin_list>
<bind>
<opcode="zext(34) " fcode="zext"/>
<opset="zext_ln11_212/2 "/>
</bind>
</comp>

<comp id="2265" class="1004" name="tmp_115_fu_2265">
<pin_list>
<pin id="2266" dir="0" index="0" bw="1" slack="0"/>
<pin id="2267" dir="0" index="1" bw="16" slack="0"/>
<pin id="2268" dir="0" index="2" bw="5" slack="0"/>
<pin id="2269" dir="1" index="3" bw="1" slack="0"/>
</pin_list>
<bind>
<opcode="bitselect(1000) " fcode="bitselect"/>
<opset="tmp_115/2 "/>
</bind>
</comp>

<comp id="2273" class="1004" name="zext_ln11_213_fu_2273">
<pin_list>
<pin id="2274" dir="0" index="0" bw="1" slack="0"/>
<pin id="2275" dir="1" index="1" bw="2" slack="0"/>
</pin_list>
<bind>
<opcode="zext(34) " fcode="zext"/>
<opset="zext_ln11_213/2 "/>
</bind>
</comp>

<comp id="2277" class="1004" name="tmp_116_fu_2277">
<pin_list>
<pin id="2278" dir="0" index="0" bw="1" slack="0"/>
<pin id="2279" dir="0" index="1" bw="16" slack="0"/>
<pin id="2280" dir="0" index="2" bw="5" slack="0"/>
<pin id="2281" dir="1" index="3" bw="1" slack="0"/>
</pin_list>
<bind>
<opcode="bitselect(1000) " fcode="bitselect"/>
<opset="tmp_116/2 "/>
</bind>
</comp>

<comp id="2285" class="1004" name="zext_ln11_214_fu_2285">
<pin_list>
<pin id="2286" dir="0" index="0" bw="1" slack="0"/>
<pin id="2287" dir="1" index="1" bw="2" slack="0"/>
</pin_list>
<bind>
<opcode="zext(34) " fcode="zext"/>
<opset="zext_ln11_214/2 "/>
</bind>
</comp>

<comp id="2289" class="1004" name="tmp_117_fu_2289">
<pin_list>
<pin id="2290" dir="0" index="0" bw="1" slack="0"/>
<pin id="2291" dir="0" index="1" bw="16" slack="0"/>
<pin id="2292" dir="0" index="2" bw="5" slack="0"/>
<pin id="2293" dir="1" index="3" bw="1" slack="0"/>
</pin_list>
<bind>
<opcode="bitselect(1000) " fcode="bitselect"/>
<opset="tmp_117/2 "/>
</bind>
</comp>

<comp id="2297" class="1004" name="zext_ln11_215_fu_2297">
<pin_list>
<pin id="2298" dir="0" index="0" bw="1" slack="0"/>
<pin id="2299" dir="1" index="1" bw="2" slack="0"/>
</pin_list>
<bind>
<opcode="zext(34) " fcode="zext"/>
<opset="zext_ln11_215/2 "/>
</bind>
</comp>

<comp id="2301" class="1004" name="tmp_118_fu_2301">
<pin_list>
<pin id="2302" dir="0" index="0" bw="1" slack="0"/>
<pin id="2303" dir="0" index="1" bw="16" slack="0"/>
<pin id="2304" dir="0" index="2" bw="5" slack="0"/>
<pin id="2305" dir="1" index="3" bw="1" slack="0"/>
</pin_list>
<bind>
<opcode="bitselect(1000) " fcode="bitselect"/>
<opset="tmp_118/2 "/>
</bind>
</comp>

<comp id="2309" class="1004" name="zext_ln11_216_fu_2309">
<pin_list>
<pin id="2310" dir="0" index="0" bw="1" slack="0"/>
<pin id="2311" dir="1" index="1" bw="2" slack="0"/>
</pin_list>
<bind>
<opcode="zext(34) " fcode="zext"/>
<opset="zext_ln11_216/2 "/>
</bind>
</comp>

<comp id="2313" class="1004" name="add_ln11_104_fu_2313">
<pin_list>
<pin id="2314" dir="0" index="0" bw="1" slack="0"/>
<pin id="2315" dir="0" index="1" bw="1" slack="0"/>
<pin id="2316" dir="1" index="2" bw="2" slack="1"/>
</pin_list>
<bind>
<opcode="add(8) " fcode="add"/>
<opset="add_ln11_104/2 "/>
</bind>
</comp>

<comp id="2319" class="1004" name="add_ln11_105_fu_2319">
<pin_list>
<pin id="2320" dir="0" index="0" bw="1" slack="0"/>
<pin id="2321" dir="0" index="1" bw="1" slack="0"/>
<pin id="2322" dir="1" index="2" bw="2" slack="1"/>
</pin_list>
<bind>
<opcode="add(8) " fcode="add"/>
<opset="add_ln11_105/2 "/>
</bind>
</comp>

<comp id="2325" class="1004" name="add_ln11_107_fu_2325">
<pin_list>
<pin id="2326" dir="0" index="0" bw="1" slack="0"/>
<pin id="2327" dir="0" index="1" bw="1" slack="0"/>
<pin id="2328" dir="1" index="2" bw="2" slack="1"/>
</pin_list>
<bind>
<opcode="add(8) " fcode="add"/>
<opset="add_ln11_107/2 "/>
</bind>
</comp>

<comp id="2331" class="1004" name="add_ln11_108_fu_2331">
<pin_list>
<pin id="2332" dir="0" index="0" bw="1" slack="0"/>
<pin id="2333" dir="0" index="1" bw="1" slack="0"/>
<pin id="2334" dir="1" index="2" bw="2" slack="1"/>
</pin_list>
<bind>
<opcode="add(8) " fcode="add"/>
<opset="add_ln11_108/2 "/>
</bind>
</comp>

<comp id="2337" class="1004" name="add_ln11_111_fu_2337">
<pin_list>
<pin id="2338" dir="0" index="0" bw="1" slack="0"/>
<pin id="2339" dir="0" index="1" bw="1" slack="0"/>
<pin id="2340" dir="1" index="2" bw="2" slack="1"/>
</pin_list>
<bind>
<opcode="add(8) " fcode="add"/>
<opset="add_ln11_111/2 "/>
</bind>
</comp>

<comp id="2343" class="1004" name="add_ln11_112_fu_2343">
<pin_list>
<pin id="2344" dir="0" index="0" bw="1" slack="0"/>
<pin id="2345" dir="0" index="1" bw="1" slack="0"/>
<pin id="2346" dir="1" index="2" bw="2" slack="1"/>
</pin_list>
<bind>
<opcode="add(8) " fcode="add"/>
<opset="add_ln11_112/2 "/>
</bind>
</comp>

<comp id="2349" class="1004" name="add_ln11_114_fu_2349">
<pin_list>
<pin id="2350" dir="0" index="0" bw="1" slack="0"/>
<pin id="2351" dir="0" index="1" bw="1" slack="0"/>
<pin id="2352" dir="1" index="2" bw="2" slack="1"/>
</pin_list>
<bind>
<opcode="add(8) " fcode="add"/>
<opset="add_ln11_114/2 "/>
</bind>
</comp>

<comp id="2355" class="1004" name="add_ln11_115_fu_2355">
<pin_list>
<pin id="2356" dir="0" index="0" bw="1" slack="0"/>
<pin id="2357" dir="0" index="1" bw="1" slack="0"/>
<pin id="2358" dir="1" index="2" bw="2" slack="1"/>
</pin_list>
<bind>
<opcode="add(8) " fcode="add"/>
<opset="add_ln11_115/2 "/>
</bind>
</comp>

<comp id="2361" class="1004" name="xor_ln60_15_fu_2361">
<pin_list>
<pin id="2362" dir="0" index="0" bw="16" slack="1"/>
<pin id="2363" dir="0" index="1" bw="16" slack="0"/>
<pin id="2364" dir="1" index="2" bw="16" slack="0"/>
</pin_list>
<bind>
<opcode="xor(25) " fcode="xor"/>
<opset="xor_ln60_15/2 "/>
</bind>
</comp>

<comp id="2366" class="1004" name="xnor_7_fu_2366">
<pin_list>
<pin id="2367" dir="0" index="0" bw="16" slack="0"/>
<pin id="2368" dir="0" index="1" bw="16" slack="0"/>
<pin id="2369" dir="1" index="2" bw="16" slack="0"/>
</pin_list>
<bind>
<opcode="xor(25) " fcode="xor"/>
<opset="xnor_7/2 "/>
</bind>
</comp>

<comp id="2372" class="1004" name="cnt_15_fu_2372">
<pin_list>
<pin id="2373" dir="0" index="0" bw="16" slack="0"/>
<pin id="2374" dir="1" index="1" bw="1" slack="0"/>
</pin_list>
<bind>
<opcode="trunc(33) " fcode="trunc"/>
<opset="cnt_15/2 "/>
</bind>
</comp>

<comp id="2376" class="1004" name="zext_ln8_7_fu_2376">
<pin_list>
<pin id="2377" dir="0" index="0" bw="1" slack="0"/>
<pin id="2378" dir="1" index="1" bw="2" slack="0"/>
</pin_list>
<bind>
<opcode="zext(34) " fcode="zext"/>
<opset="zext_ln8_7/2 "/>
</bind>
</comp>

<comp id="2380" class="1004" name="tmp_119_fu_2380">
<pin_list>
<pin id="2381" dir="0" index="0" bw="1" slack="0"/>
<pin id="2382" dir="0" index="1" bw="16" slack="0"/>
<pin id="2383" dir="0" index="2" bw="1" slack="0"/>
<pin id="2384" dir="1" index="3" bw="1" slack="0"/>
</pin_list>
<bind>
<opcode="bitselect(1000) " fcode="bitselect"/>
<opset="tmp_119/2 "/>
</bind>
</comp>

<comp id="2388" class="1004" name="zext_ln11_231_fu_2388">
<pin_list>
<pin id="2389" dir="0" index="0" bw="1" slack="0"/>
<pin id="2390" dir="1" index="1" bw="2" slack="0"/>
</pin_list>
<bind>
<opcode="zext(34) " fcode="zext"/>
<opset="zext_ln11_231/2 "/>
</bind>
</comp>

<comp id="2392" class="1004" name="tmp_120_fu_2392">
<pin_list>
<pin id="2393" dir="0" index="0" bw="1" slack="0"/>
<pin id="2394" dir="0" index="1" bw="16" slack="0"/>
<pin id="2395" dir="0" index="2" bw="3" slack="0"/>
<pin id="2396" dir="1" index="3" bw="1" slack="0"/>
</pin_list>
<bind>
<opcode="bitselect(1000) " fcode="bitselect"/>
<opset="tmp_120/2 "/>
</bind>
</comp>

<comp id="2400" class="1004" name="zext_ln11_232_fu_2400">
<pin_list>
<pin id="2401" dir="0" index="0" bw="1" slack="0"/>
<pin id="2402" dir="1" index="1" bw="2" slack="0"/>
</pin_list>
<bind>
<opcode="zext(34) " fcode="zext"/>
<opset="zext_ln11_232/2 "/>
</bind>
</comp>

<comp id="2404" class="1004" name="tmp_121_fu_2404">
<pin_list>
<pin id="2405" dir="0" index="0" bw="1" slack="0"/>
<pin id="2406" dir="0" index="1" bw="16" slack="0"/>
<pin id="2407" dir="0" index="2" bw="3" slack="0"/>
<pin id="2408" dir="1" index="3" bw="1" slack="0"/>
</pin_list>
<bind>
<opcode="bitselect(1000) " fcode="bitselect"/>
<opset="tmp_121/2 "/>
</bind>
</comp>

<comp id="2412" class="1004" name="zext_ln11_233_fu_2412">
<pin_list>
<pin id="2413" dir="0" index="0" bw="1" slack="0"/>
<pin id="2414" dir="1" index="1" bw="2" slack="0"/>
</pin_list>
<bind>
<opcode="zext(34) " fcode="zext"/>
<opset="zext_ln11_233/2 "/>
</bind>
</comp>

<comp id="2416" class="1004" name="tmp_122_fu_2416">
<pin_list>
<pin id="2417" dir="0" index="0" bw="1" slack="0"/>
<pin id="2418" dir="0" index="1" bw="16" slack="0"/>
<pin id="2419" dir="0" index="2" bw="4" slack="0"/>
<pin id="2420" dir="1" index="3" bw="1" slack="0"/>
</pin_list>
<bind>
<opcode="bitselect(1000) " fcode="bitselect"/>
<opset="tmp_122/2 "/>
</bind>
</comp>

<comp id="2424" class="1004" name="zext_ln11_234_fu_2424">
<pin_list>
<pin id="2425" dir="0" index="0" bw="1" slack="0"/>
<pin id="2426" dir="1" index="1" bw="2" slack="0"/>
</pin_list>
<bind>
<opcode="zext(34) " fcode="zext"/>
<opset="zext_ln11_234/2 "/>
</bind>
</comp>

<comp id="2428" class="1004" name="tmp_123_fu_2428">
<pin_list>
<pin id="2429" dir="0" index="0" bw="1" slack="0"/>
<pin id="2430" dir="0" index="1" bw="16" slack="0"/>
<pin id="2431" dir="0" index="2" bw="4" slack="0"/>
<pin id="2432" dir="1" index="3" bw="1" slack="0"/>
</pin_list>
<bind>
<opcode="bitselect(1000) " fcode="bitselect"/>
<opset="tmp_123/2 "/>
</bind>
</comp>

<comp id="2436" class="1004" name="zext_ln11_235_fu_2436">
<pin_list>
<pin id="2437" dir="0" index="0" bw="1" slack="0"/>
<pin id="2438" dir="1" index="1" bw="2" slack="0"/>
</pin_list>
<bind>
<opcode="zext(34) " fcode="zext"/>
<opset="zext_ln11_235/2 "/>
</bind>
</comp>

<comp id="2440" class="1004" name="tmp_124_fu_2440">
<pin_list>
<pin id="2441" dir="0" index="0" bw="1" slack="0"/>
<pin id="2442" dir="0" index="1" bw="16" slack="0"/>
<pin id="2443" dir="0" index="2" bw="4" slack="0"/>
<pin id="2444" dir="1" index="3" bw="1" slack="0"/>
</pin_list>
<bind>
<opcode="bitselect(1000) " fcode="bitselect"/>
<opset="tmp_124/2 "/>
</bind>
</comp>

<comp id="2448" class="1004" name="zext_ln11_236_fu_2448">
<pin_list>
<pin id="2449" dir="0" index="0" bw="1" slack="0"/>
<pin id="2450" dir="1" index="1" bw="2" slack="0"/>
</pin_list>
<bind>
<opcode="zext(34) " fcode="zext"/>
<opset="zext_ln11_236/2 "/>
</bind>
</comp>

<comp id="2452" class="1004" name="tmp_125_fu_2452">
<pin_list>
<pin id="2453" dir="0" index="0" bw="1" slack="0"/>
<pin id="2454" dir="0" index="1" bw="16" slack="0"/>
<pin id="2455" dir="0" index="2" bw="4" slack="0"/>
<pin id="2456" dir="1" index="3" bw="1" slack="0"/>
</pin_list>
<bind>
<opcode="bitselect(1000) " fcode="bitselect"/>
<opset="tmp_125/2 "/>
</bind>
</comp>

<comp id="2460" class="1004" name="zext_ln11_237_fu_2460">
<pin_list>
<pin id="2461" dir="0" index="0" bw="1" slack="0"/>
<pin id="2462" dir="1" index="1" bw="2" slack="0"/>
</pin_list>
<bind>
<opcode="zext(34) " fcode="zext"/>
<opset="zext_ln11_237/2 "/>
</bind>
</comp>

<comp id="2464" class="1004" name="tmp_126_fu_2464">
<pin_list>
<pin id="2465" dir="0" index="0" bw="1" slack="0"/>
<pin id="2466" dir="0" index="1" bw="16" slack="0"/>
<pin id="2467" dir="0" index="2" bw="5" slack="0"/>
<pin id="2468" dir="1" index="3" bw="1" slack="0"/>
</pin_list>
<bind>
<opcode="bitselect(1000) " fcode="bitselect"/>
<opset="tmp_126/2 "/>
</bind>
</comp>

<comp id="2472" class="1004" name="zext_ln11_238_fu_2472">
<pin_list>
<pin id="2473" dir="0" index="0" bw="1" slack="0"/>
<pin id="2474" dir="1" index="1" bw="2" slack="0"/>
</pin_list>
<bind>
<opcode="zext(34) " fcode="zext"/>
<opset="zext_ln11_238/2 "/>
</bind>
</comp>

<comp id="2476" class="1004" name="tmp_127_fu_2476">
<pin_list>
<pin id="2477" dir="0" index="0" bw="1" slack="0"/>
<pin id="2478" dir="0" index="1" bw="16" slack="0"/>
<pin id="2479" dir="0" index="2" bw="5" slack="0"/>
<pin id="2480" dir="1" index="3" bw="1" slack="0"/>
</pin_list>
<bind>
<opcode="bitselect(1000) " fcode="bitselect"/>
<opset="tmp_127/2 "/>
</bind>
</comp>

<comp id="2484" class="1004" name="zext_ln11_239_fu_2484">
<pin_list>
<pin id="2485" dir="0" index="0" bw="1" slack="0"/>
<pin id="2486" dir="1" index="1" bw="2" slack="0"/>
</pin_list>
<bind>
<opcode="zext(34) " fcode="zext"/>
<opset="zext_ln11_239/2 "/>
</bind>
</comp>

<comp id="2488" class="1004" name="tmp_128_fu_2488">
<pin_list>
<pin id="2489" dir="0" index="0" bw="1" slack="0"/>
<pin id="2490" dir="0" index="1" bw="16" slack="0"/>
<pin id="2491" dir="0" index="2" bw="5" slack="0"/>
<pin id="2492" dir="1" index="3" bw="1" slack="0"/>
</pin_list>
<bind>
<opcode="bitselect(1000) " fcode="bitselect"/>
<opset="tmp_128/2 "/>
</bind>
</comp>

<comp id="2496" class="1004" name="zext_ln11_240_fu_2496">
<pin_list>
<pin id="2497" dir="0" index="0" bw="1" slack="0"/>
<pin id="2498" dir="1" index="1" bw="2" slack="0"/>
</pin_list>
<bind>
<opcode="zext(34) " fcode="zext"/>
<opset="zext_ln11_240/2 "/>
</bind>
</comp>

<comp id="2500" class="1004" name="tmp_129_fu_2500">
<pin_list>
<pin id="2501" dir="0" index="0" bw="1" slack="0"/>
<pin id="2502" dir="0" index="1" bw="16" slack="0"/>
<pin id="2503" dir="0" index="2" bw="5" slack="0"/>
<pin id="2504" dir="1" index="3" bw="1" slack="0"/>
</pin_list>
<bind>
<opcode="bitselect(1000) " fcode="bitselect"/>
<opset="tmp_129/2 "/>
</bind>
</comp>

<comp id="2508" class="1004" name="zext_ln11_241_fu_2508">
<pin_list>
<pin id="2509" dir="0" index="0" bw="1" slack="0"/>
<pin id="2510" dir="1" index="1" bw="2" slack="0"/>
</pin_list>
<bind>
<opcode="zext(34) " fcode="zext"/>
<opset="zext_ln11_241/2 "/>
</bind>
</comp>

<comp id="2512" class="1004" name="tmp_130_fu_2512">
<pin_list>
<pin id="2513" dir="0" index="0" bw="1" slack="0"/>
<pin id="2514" dir="0" index="1" bw="16" slack="0"/>
<pin id="2515" dir="0" index="2" bw="5" slack="0"/>
<pin id="2516" dir="1" index="3" bw="1" slack="0"/>
</pin_list>
<bind>
<opcode="bitselect(1000) " fcode="bitselect"/>
<opset="tmp_130/2 "/>
</bind>
</comp>

<comp id="2520" class="1004" name="zext_ln11_242_fu_2520">
<pin_list>
<pin id="2521" dir="0" index="0" bw="1" slack="0"/>
<pin id="2522" dir="1" index="1" bw="2" slack="0"/>
</pin_list>
<bind>
<opcode="zext(34) " fcode="zext"/>
<opset="zext_ln11_242/2 "/>
</bind>
</comp>

<comp id="2524" class="1004" name="tmp_131_fu_2524">
<pin_list>
<pin id="2525" dir="0" index="0" bw="1" slack="0"/>
<pin id="2526" dir="0" index="1" bw="16" slack="0"/>
<pin id="2527" dir="0" index="2" bw="5" slack="0"/>
<pin id="2528" dir="1" index="3" bw="1" slack="0"/>
</pin_list>
<bind>
<opcode="bitselect(1000) " fcode="bitselect"/>
<opset="tmp_131/2 "/>
</bind>
</comp>

<comp id="2532" class="1004" name="zext_ln11_243_fu_2532">
<pin_list>
<pin id="2533" dir="0" index="0" bw="1" slack="0"/>
<pin id="2534" dir="1" index="1" bw="2" slack="0"/>
</pin_list>
<bind>
<opcode="zext(34) " fcode="zext"/>
<opset="zext_ln11_243/2 "/>
</bind>
</comp>

<comp id="2536" class="1004" name="tmp_132_fu_2536">
<pin_list>
<pin id="2537" dir="0" index="0" bw="1" slack="0"/>
<pin id="2538" dir="0" index="1" bw="16" slack="0"/>
<pin id="2539" dir="0" index="2" bw="5" slack="0"/>
<pin id="2540" dir="1" index="3" bw="1" slack="0"/>
</pin_list>
<bind>
<opcode="bitselect(1000) " fcode="bitselect"/>
<opset="tmp_132/2 "/>
</bind>
</comp>

<comp id="2544" class="1004" name="zext_ln11_244_fu_2544">
<pin_list>
<pin id="2545" dir="0" index="0" bw="1" slack="0"/>
<pin id="2546" dir="1" index="1" bw="2" slack="0"/>
</pin_list>
<bind>
<opcode="zext(34) " fcode="zext"/>
<opset="zext_ln11_244/2 "/>
</bind>
</comp>

<comp id="2548" class="1004" name="tmp_133_fu_2548">
<pin_list>
<pin id="2549" dir="0" index="0" bw="1" slack="0"/>
<pin id="2550" dir="0" index="1" bw="16" slack="0"/>
<pin id="2551" dir="0" index="2" bw="5" slack="0"/>
<pin id="2552" dir="1" index="3" bw="1" slack="0"/>
</pin_list>
<bind>
<opcode="bitselect(1000) " fcode="bitselect"/>
<opset="tmp_133/2 "/>
</bind>
</comp>

<comp id="2556" class="1004" name="zext_ln11_245_fu_2556">
<pin_list>
<pin id="2557" dir="0" index="0" bw="1" slack="0"/>
<pin id="2558" dir="1" index="1" bw="2" slack="0"/>
</pin_list>
<bind>
<opcode="zext(34) " fcode="zext"/>
<opset="zext_ln11_245/2 "/>
</bind>
</comp>

<comp id="2560" class="1004" name="add_ln11_119_fu_2560">
<pin_list>
<pin id="2561" dir="0" index="0" bw="1" slack="0"/>
<pin id="2562" dir="0" index="1" bw="1" slack="0"/>
<pin id="2563" dir="1" index="2" bw="2" slack="1"/>
</pin_list>
<bind>
<opcode="add(8) " fcode="add"/>
<opset="add_ln11_119/2 "/>
</bind>
</comp>

<comp id="2566" class="1004" name="add_ln11_120_fu_2566">
<pin_list>
<pin id="2567" dir="0" index="0" bw="1" slack="0"/>
<pin id="2568" dir="0" index="1" bw="1" slack="0"/>
<pin id="2569" dir="1" index="2" bw="2" slack="1"/>
</pin_list>
<bind>
<opcode="add(8) " fcode="add"/>
<opset="add_ln11_120/2 "/>
</bind>
</comp>

<comp id="2572" class="1004" name="add_ln11_122_fu_2572">
<pin_list>
<pin id="2573" dir="0" index="0" bw="1" slack="0"/>
<pin id="2574" dir="0" index="1" bw="1" slack="0"/>
<pin id="2575" dir="1" index="2" bw="2" slack="1"/>
</pin_list>
<bind>
<opcode="add(8) " fcode="add"/>
<opset="add_ln11_122/2 "/>
</bind>
</comp>

<comp id="2578" class="1004" name="add_ln11_123_fu_2578">
<pin_list>
<pin id="2579" dir="0" index="0" bw="1" slack="0"/>
<pin id="2580" dir="0" index="1" bw="1" slack="0"/>
<pin id="2581" dir="1" index="2" bw="2" slack="1"/>
</pin_list>
<bind>
<opcode="add(8) " fcode="add"/>
<opset="add_ln11_123/2 "/>
</bind>
</comp>

<comp id="2584" class="1004" name="add_ln11_126_fu_2584">
<pin_list>
<pin id="2585" dir="0" index="0" bw="1" slack="0"/>
<pin id="2586" dir="0" index="1" bw="1" slack="0"/>
<pin id="2587" dir="1" index="2" bw="2" slack="1"/>
</pin_list>
<bind>
<opcode="add(8) " fcode="add"/>
<opset="add_ln11_126/2 "/>
</bind>
</comp>

<comp id="2590" class="1004" name="add_ln11_127_fu_2590">
<pin_list>
<pin id="2591" dir="0" index="0" bw="1" slack="0"/>
<pin id="2592" dir="0" index="1" bw="1" slack="0"/>
<pin id="2593" dir="1" index="2" bw="2" slack="1"/>
</pin_list>
<bind>
<opcode="add(8) " fcode="add"/>
<opset="add_ln11_127/2 "/>
</bind>
</comp>

<comp id="2596" class="1004" name="add_ln11_129_fu_2596">
<pin_list>
<pin id="2597" dir="0" index="0" bw="1" slack="0"/>
<pin id="2598" dir="0" index="1" bw="1" slack="0"/>
<pin id="2599" dir="1" index="2" bw="2" slack="1"/>
</pin_list>
<bind>
<opcode="add(8) " fcode="add"/>
<opset="add_ln11_129/2 "/>
</bind>
</comp>

<comp id="2602" class="1004" name="add_ln11_130_fu_2602">
<pin_list>
<pin id="2603" dir="0" index="0" bw="1" slack="0"/>
<pin id="2604" dir="0" index="1" bw="1" slack="0"/>
<pin id="2605" dir="1" index="2" bw="2" slack="1"/>
</pin_list>
<bind>
<opcode="add(8) " fcode="add"/>
<opset="add_ln11_130/2 "/>
</bind>
</comp>

<comp id="2608" class="1004" name="xor_ln60_17_fu_2608">
<pin_list>
<pin id="2609" dir="0" index="0" bw="16" slack="1"/>
<pin id="2610" dir="0" index="1" bw="16" slack="0"/>
<pin id="2611" dir="1" index="2" bw="16" slack="0"/>
</pin_list>
<bind>
<opcode="xor(25) " fcode="xor"/>
<opset="xor_ln60_17/2 "/>
</bind>
</comp>

<comp id="2613" class="1004" name="xnor_8_fu_2613">
<pin_list>
<pin id="2614" dir="0" index="0" bw="16" slack="0"/>
<pin id="2615" dir="0" index="1" bw="16" slack="0"/>
<pin id="2616" dir="1" index="2" bw="16" slack="0"/>
</pin_list>
<bind>
<opcode="xor(25) " fcode="xor"/>
<opset="xnor_8/2 "/>
</bind>
</comp>

<comp id="2619" class="1004" name="cnt_17_fu_2619">
<pin_list>
<pin id="2620" dir="0" index="0" bw="16" slack="0"/>
<pin id="2621" dir="1" index="1" bw="1" slack="0"/>
</pin_list>
<bind>
<opcode="trunc(33) " fcode="trunc"/>
<opset="cnt_17/2 "/>
</bind>
</comp>

<comp id="2623" class="1004" name="zext_ln8_8_fu_2623">
<pin_list>
<pin id="2624" dir="0" index="0" bw="1" slack="0"/>
<pin id="2625" dir="1" index="1" bw="2" slack="0"/>
</pin_list>
<bind>
<opcode="zext(34) " fcode="zext"/>
<opset="zext_ln8_8/2 "/>
</bind>
</comp>

<comp id="2627" class="1004" name="tmp_134_fu_2627">
<pin_list>
<pin id="2628" dir="0" index="0" bw="1" slack="0"/>
<pin id="2629" dir="0" index="1" bw="16" slack="0"/>
<pin id="2630" dir="0" index="2" bw="1" slack="0"/>
<pin id="2631" dir="1" index="3" bw="1" slack="0"/>
</pin_list>
<bind>
<opcode="bitselect(1000) " fcode="bitselect"/>
<opset="tmp_134/2 "/>
</bind>
</comp>

<comp id="2635" class="1004" name="zext_ln11_260_fu_2635">
<pin_list>
<pin id="2636" dir="0" index="0" bw="1" slack="0"/>
<pin id="2637" dir="1" index="1" bw="2" slack="0"/>
</pin_list>
<bind>
<opcode="zext(34) " fcode="zext"/>
<opset="zext_ln11_260/2 "/>
</bind>
</comp>

<comp id="2639" class="1004" name="tmp_135_fu_2639">
<pin_list>
<pin id="2640" dir="0" index="0" bw="1" slack="0"/>
<pin id="2641" dir="0" index="1" bw="16" slack="0"/>
<pin id="2642" dir="0" index="2" bw="3" slack="0"/>
<pin id="2643" dir="1" index="3" bw="1" slack="0"/>
</pin_list>
<bind>
<opcode="bitselect(1000) " fcode="bitselect"/>
<opset="tmp_135/2 "/>
</bind>
</comp>

<comp id="2647" class="1004" name="zext_ln11_261_fu_2647">
<pin_list>
<pin id="2648" dir="0" index="0" bw="1" slack="0"/>
<pin id="2649" dir="1" index="1" bw="2" slack="0"/>
</pin_list>
<bind>
<opcode="zext(34) " fcode="zext"/>
<opset="zext_ln11_261/2 "/>
</bind>
</comp>

<comp id="2651" class="1004" name="tmp_136_fu_2651">
<pin_list>
<pin id="2652" dir="0" index="0" bw="1" slack="0"/>
<pin id="2653" dir="0" index="1" bw="16" slack="0"/>
<pin id="2654" dir="0" index="2" bw="3" slack="0"/>
<pin id="2655" dir="1" index="3" bw="1" slack="0"/>
</pin_list>
<bind>
<opcode="bitselect(1000) " fcode="bitselect"/>
<opset="tmp_136/2 "/>
</bind>
</comp>

<comp id="2659" class="1004" name="zext_ln11_262_fu_2659">
<pin_list>
<pin id="2660" dir="0" index="0" bw="1" slack="0"/>
<pin id="2661" dir="1" index="1" bw="2" slack="0"/>
</pin_list>
<bind>
<opcode="zext(34) " fcode="zext"/>
<opset="zext_ln11_262/2 "/>
</bind>
</comp>

<comp id="2663" class="1004" name="tmp_137_fu_2663">
<pin_list>
<pin id="2664" dir="0" index="0" bw="1" slack="0"/>
<pin id="2665" dir="0" index="1" bw="16" slack="0"/>
<pin id="2666" dir="0" index="2" bw="4" slack="0"/>
<pin id="2667" dir="1" index="3" bw="1" slack="0"/>
</pin_list>
<bind>
<opcode="bitselect(1000) " fcode="bitselect"/>
<opset="tmp_137/2 "/>
</bind>
</comp>

<comp id="2671" class="1004" name="zext_ln11_263_fu_2671">
<pin_list>
<pin id="2672" dir="0" index="0" bw="1" slack="0"/>
<pin id="2673" dir="1" index="1" bw="2" slack="0"/>
</pin_list>
<bind>
<opcode="zext(34) " fcode="zext"/>
<opset="zext_ln11_263/2 "/>
</bind>
</comp>

<comp id="2675" class="1004" name="tmp_138_fu_2675">
<pin_list>
<pin id="2676" dir="0" index="0" bw="1" slack="0"/>
<pin id="2677" dir="0" index="1" bw="16" slack="0"/>
<pin id="2678" dir="0" index="2" bw="4" slack="0"/>
<pin id="2679" dir="1" index="3" bw="1" slack="0"/>
</pin_list>
<bind>
<opcode="bitselect(1000) " fcode="bitselect"/>
<opset="tmp_138/2 "/>
</bind>
</comp>

<comp id="2683" class="1004" name="zext_ln11_264_fu_2683">
<pin_list>
<pin id="2684" dir="0" index="0" bw="1" slack="0"/>
<pin id="2685" dir="1" index="1" bw="2" slack="0"/>
</pin_list>
<bind>
<opcode="zext(34) " fcode="zext"/>
<opset="zext_ln11_264/2 "/>
</bind>
</comp>

<comp id="2687" class="1004" name="tmp_139_fu_2687">
<pin_list>
<pin id="2688" dir="0" index="0" bw="1" slack="0"/>
<pin id="2689" dir="0" index="1" bw="16" slack="0"/>
<pin id="2690" dir="0" index="2" bw="4" slack="0"/>
<pin id="2691" dir="1" index="3" bw="1" slack="0"/>
</pin_list>
<bind>
<opcode="bitselect(1000) " fcode="bitselect"/>
<opset="tmp_139/2 "/>
</bind>
</comp>

<comp id="2695" class="1004" name="zext_ln11_265_fu_2695">
<pin_list>
<pin id="2696" dir="0" index="0" bw="1" slack="0"/>
<pin id="2697" dir="1" index="1" bw="2" slack="0"/>
</pin_list>
<bind>
<opcode="zext(34) " fcode="zext"/>
<opset="zext_ln11_265/2 "/>
</bind>
</comp>

<comp id="2699" class="1004" name="tmp_140_fu_2699">
<pin_list>
<pin id="2700" dir="0" index="0" bw="1" slack="0"/>
<pin id="2701" dir="0" index="1" bw="16" slack="0"/>
<pin id="2702" dir="0" index="2" bw="4" slack="0"/>
<pin id="2703" dir="1" index="3" bw="1" slack="0"/>
</pin_list>
<bind>
<opcode="bitselect(1000) " fcode="bitselect"/>
<opset="tmp_140/2 "/>
</bind>
</comp>

<comp id="2707" class="1004" name="zext_ln11_266_fu_2707">
<pin_list>
<pin id="2708" dir="0" index="0" bw="1" slack="0"/>
<pin id="2709" dir="1" index="1" bw="2" slack="0"/>
</pin_list>
<bind>
<opcode="zext(34) " fcode="zext"/>
<opset="zext_ln11_266/2 "/>
</bind>
</comp>

<comp id="2711" class="1004" name="tmp_141_fu_2711">
<pin_list>
<pin id="2712" dir="0" index="0" bw="1" slack="0"/>
<pin id="2713" dir="0" index="1" bw="16" slack="0"/>
<pin id="2714" dir="0" index="2" bw="5" slack="0"/>
<pin id="2715" dir="1" index="3" bw="1" slack="0"/>
</pin_list>
<bind>
<opcode="bitselect(1000) " fcode="bitselect"/>
<opset="tmp_141/2 "/>
</bind>
</comp>

<comp id="2719" class="1004" name="zext_ln11_267_fu_2719">
<pin_list>
<pin id="2720" dir="0" index="0" bw="1" slack="0"/>
<pin id="2721" dir="1" index="1" bw="2" slack="0"/>
</pin_list>
<bind>
<opcode="zext(34) " fcode="zext"/>
<opset="zext_ln11_267/2 "/>
</bind>
</comp>

<comp id="2723" class="1004" name="tmp_142_fu_2723">
<pin_list>
<pin id="2724" dir="0" index="0" bw="1" slack="0"/>
<pin id="2725" dir="0" index="1" bw="16" slack="0"/>
<pin id="2726" dir="0" index="2" bw="5" slack="0"/>
<pin id="2727" dir="1" index="3" bw="1" slack="0"/>
</pin_list>
<bind>
<opcode="bitselect(1000) " fcode="bitselect"/>
<opset="tmp_142/2 "/>
</bind>
</comp>

<comp id="2731" class="1004" name="zext_ln11_268_fu_2731">
<pin_list>
<pin id="2732" dir="0" index="0" bw="1" slack="0"/>
<pin id="2733" dir="1" index="1" bw="2" slack="0"/>
</pin_list>
<bind>
<opcode="zext(34) " fcode="zext"/>
<opset="zext_ln11_268/2 "/>
</bind>
</comp>

<comp id="2735" class="1004" name="tmp_143_fu_2735">
<pin_list>
<pin id="2736" dir="0" index="0" bw="1" slack="0"/>
<pin id="2737" dir="0" index="1" bw="16" slack="0"/>
<pin id="2738" dir="0" index="2" bw="5" slack="0"/>
<pin id="2739" dir="1" index="3" bw="1" slack="0"/>
</pin_list>
<bind>
<opcode="bitselect(1000) " fcode="bitselect"/>
<opset="tmp_143/2 "/>
</bind>
</comp>

<comp id="2743" class="1004" name="zext_ln11_269_fu_2743">
<pin_list>
<pin id="2744" dir="0" index="0" bw="1" slack="0"/>
<pin id="2745" dir="1" index="1" bw="2" slack="0"/>
</pin_list>
<bind>
<opcode="zext(34) " fcode="zext"/>
<opset="zext_ln11_269/2 "/>
</bind>
</comp>

<comp id="2747" class="1004" name="tmp_144_fu_2747">
<pin_list>
<pin id="2748" dir="0" index="0" bw="1" slack="0"/>
<pin id="2749" dir="0" index="1" bw="16" slack="0"/>
<pin id="2750" dir="0" index="2" bw="5" slack="0"/>
<pin id="2751" dir="1" index="3" bw="1" slack="0"/>
</pin_list>
<bind>
<opcode="bitselect(1000) " fcode="bitselect"/>
<opset="tmp_144/2 "/>
</bind>
</comp>

<comp id="2755" class="1004" name="zext_ln11_270_fu_2755">
<pin_list>
<pin id="2756" dir="0" index="0" bw="1" slack="0"/>
<pin id="2757" dir="1" index="1" bw="2" slack="0"/>
</pin_list>
<bind>
<opcode="zext(34) " fcode="zext"/>
<opset="zext_ln11_270/2 "/>
</bind>
</comp>

<comp id="2759" class="1004" name="tmp_145_fu_2759">
<pin_list>
<pin id="2760" dir="0" index="0" bw="1" slack="0"/>
<pin id="2761" dir="0" index="1" bw="16" slack="0"/>
<pin id="2762" dir="0" index="2" bw="5" slack="0"/>
<pin id="2763" dir="1" index="3" bw="1" slack="0"/>
</pin_list>
<bind>
<opcode="bitselect(1000) " fcode="bitselect"/>
<opset="tmp_145/2 "/>
</bind>
</comp>

<comp id="2767" class="1004" name="zext_ln11_271_fu_2767">
<pin_list>
<pin id="2768" dir="0" index="0" bw="1" slack="0"/>
<pin id="2769" dir="1" index="1" bw="2" slack="0"/>
</pin_list>
<bind>
<opcode="zext(34) " fcode="zext"/>
<opset="zext_ln11_271/2 "/>
</bind>
</comp>

<comp id="2771" class="1004" name="tmp_146_fu_2771">
<pin_list>
<pin id="2772" dir="0" index="0" bw="1" slack="0"/>
<pin id="2773" dir="0" index="1" bw="16" slack="0"/>
<pin id="2774" dir="0" index="2" bw="5" slack="0"/>
<pin id="2775" dir="1" index="3" bw="1" slack="0"/>
</pin_list>
<bind>
<opcode="bitselect(1000) " fcode="bitselect"/>
<opset="tmp_146/2 "/>
</bind>
</comp>

<comp id="2779" class="1004" name="zext_ln11_272_fu_2779">
<pin_list>
<pin id="2780" dir="0" index="0" bw="1" slack="0"/>
<pin id="2781" dir="1" index="1" bw="2" slack="0"/>
</pin_list>
<bind>
<opcode="zext(34) " fcode="zext"/>
<opset="zext_ln11_272/2 "/>
</bind>
</comp>

<comp id="2783" class="1004" name="tmp_147_fu_2783">
<pin_list>
<pin id="2784" dir="0" index="0" bw="1" slack="0"/>
<pin id="2785" dir="0" index="1" bw="16" slack="0"/>
<pin id="2786" dir="0" index="2" bw="5" slack="0"/>
<pin id="2787" dir="1" index="3" bw="1" slack="0"/>
</pin_list>
<bind>
<opcode="bitselect(1000) " fcode="bitselect"/>
<opset="tmp_147/2 "/>
</bind>
</comp>

<comp id="2791" class="1004" name="zext_ln11_273_fu_2791">
<pin_list>
<pin id="2792" dir="0" index="0" bw="1" slack="0"/>
<pin id="2793" dir="1" index="1" bw="2" slack="0"/>
</pin_list>
<bind>
<opcode="zext(34) " fcode="zext"/>
<opset="zext_ln11_273/2 "/>
</bind>
</comp>

<comp id="2795" class="1004" name="tmp_148_fu_2795">
<pin_list>
<pin id="2796" dir="0" index="0" bw="1" slack="0"/>
<pin id="2797" dir="0" index="1" bw="16" slack="0"/>
<pin id="2798" dir="0" index="2" bw="5" slack="0"/>
<pin id="2799" dir="1" index="3" bw="1" slack="0"/>
</pin_list>
<bind>
<opcode="bitselect(1000) " fcode="bitselect"/>
<opset="tmp_148/2 "/>
</bind>
</comp>

<comp id="2803" class="1004" name="zext_ln11_274_fu_2803">
<pin_list>
<pin id="2804" dir="0" index="0" bw="1" slack="0"/>
<pin id="2805" dir="1" index="1" bw="2" slack="0"/>
</pin_list>
<bind>
<opcode="zext(34) " fcode="zext"/>
<opset="zext_ln11_274/2 "/>
</bind>
</comp>

<comp id="2807" class="1004" name="add_ln11_134_fu_2807">
<pin_list>
<pin id="2808" dir="0" index="0" bw="1" slack="0"/>
<pin id="2809" dir="0" index="1" bw="1" slack="0"/>
<pin id="2810" dir="1" index="2" bw="2" slack="1"/>
</pin_list>
<bind>
<opcode="add(8) " fcode="add"/>
<opset="add_ln11_134/2 "/>
</bind>
</comp>

<comp id="2813" class="1004" name="add_ln11_135_fu_2813">
<pin_list>
<pin id="2814" dir="0" index="0" bw="1" slack="0"/>
<pin id="2815" dir="0" index="1" bw="1" slack="0"/>
<pin id="2816" dir="1" index="2" bw="2" slack="1"/>
</pin_list>
<bind>
<opcode="add(8) " fcode="add"/>
<opset="add_ln11_135/2 "/>
</bind>
</comp>

<comp id="2819" class="1004" name="add_ln11_137_fu_2819">
<pin_list>
<pin id="2820" dir="0" index="0" bw="1" slack="0"/>
<pin id="2821" dir="0" index="1" bw="1" slack="0"/>
<pin id="2822" dir="1" index="2" bw="2" slack="1"/>
</pin_list>
<bind>
<opcode="add(8) " fcode="add"/>
<opset="add_ln11_137/2 "/>
</bind>
</comp>

<comp id="2825" class="1004" name="add_ln11_138_fu_2825">
<pin_list>
<pin id="2826" dir="0" index="0" bw="1" slack="0"/>
<pin id="2827" dir="0" index="1" bw="1" slack="0"/>
<pin id="2828" dir="1" index="2" bw="2" slack="1"/>
</pin_list>
<bind>
<opcode="add(8) " fcode="add"/>
<opset="add_ln11_138/2 "/>
</bind>
</comp>

<comp id="2831" class="1004" name="add_ln11_141_fu_2831">
<pin_list>
<pin id="2832" dir="0" index="0" bw="1" slack="0"/>
<pin id="2833" dir="0" index="1" bw="1" slack="0"/>
<pin id="2834" dir="1" index="2" bw="2" slack="1"/>
</pin_list>
<bind>
<opcode="add(8) " fcode="add"/>
<opset="add_ln11_141/2 "/>
</bind>
</comp>

<comp id="2837" class="1004" name="add_ln11_142_fu_2837">
<pin_list>
<pin id="2838" dir="0" index="0" bw="1" slack="0"/>
<pin id="2839" dir="0" index="1" bw="1" slack="0"/>
<pin id="2840" dir="1" index="2" bw="2" slack="1"/>
</pin_list>
<bind>
<opcode="add(8) " fcode="add"/>
<opset="add_ln11_142/2 "/>
</bind>
</comp>

<comp id="2843" class="1004" name="add_ln11_144_fu_2843">
<pin_list>
<pin id="2844" dir="0" index="0" bw="1" slack="0"/>
<pin id="2845" dir="0" index="1" bw="1" slack="0"/>
<pin id="2846" dir="1" index="2" bw="2" slack="1"/>
</pin_list>
<bind>
<opcode="add(8) " fcode="add"/>
<opset="add_ln11_144/2 "/>
</bind>
</comp>

<comp id="2849" class="1004" name="add_ln11_145_fu_2849">
<pin_list>
<pin id="2850" dir="0" index="0" bw="1" slack="0"/>
<pin id="2851" dir="0" index="1" bw="1" slack="0"/>
<pin id="2852" dir="1" index="2" bw="2" slack="1"/>
</pin_list>
<bind>
<opcode="add(8) " fcode="add"/>
<opset="add_ln11_145/2 "/>
</bind>
</comp>

<comp id="2855" class="1004" name="xor_ln60_19_fu_2855">
<pin_list>
<pin id="2856" dir="0" index="0" bw="16" slack="1"/>
<pin id="2857" dir="0" index="1" bw="16" slack="0"/>
<pin id="2858" dir="1" index="2" bw="16" slack="0"/>
</pin_list>
<bind>
<opcode="xor(25) " fcode="xor"/>
<opset="xor_ln60_19/2 "/>
</bind>
</comp>

<comp id="2860" class="1004" name="xnor_9_fu_2860">
<pin_list>
<pin id="2861" dir="0" index="0" bw="16" slack="0"/>
<pin id="2862" dir="0" index="1" bw="16" slack="0"/>
<pin id="2863" dir="1" index="2" bw="16" slack="0"/>
</pin_list>
<bind>
<opcode="xor(25) " fcode="xor"/>
<opset="xnor_9/2 "/>
</bind>
</comp>

<comp id="2866" class="1004" name="cnt_19_fu_2866">
<pin_list>
<pin id="2867" dir="0" index="0" bw="16" slack="0"/>
<pin id="2868" dir="1" index="1" bw="1" slack="0"/>
</pin_list>
<bind>
<opcode="trunc(33) " fcode="trunc"/>
<opset="cnt_19/2 "/>
</bind>
</comp>

<comp id="2870" class="1004" name="zext_ln8_9_fu_2870">
<pin_list>
<pin id="2871" dir="0" index="0" bw="1" slack="0"/>
<pin id="2872" dir="1" index="1" bw="2" slack="0"/>
</pin_list>
<bind>
<opcode="zext(34) " fcode="zext"/>
<opset="zext_ln8_9/2 "/>
</bind>
</comp>

<comp id="2874" class="1004" name="tmp_149_fu_2874">
<pin_list>
<pin id="2875" dir="0" index="0" bw="1" slack="0"/>
<pin id="2876" dir="0" index="1" bw="16" slack="0"/>
<pin id="2877" dir="0" index="2" bw="1" slack="0"/>
<pin id="2878" dir="1" index="3" bw="1" slack="0"/>
</pin_list>
<bind>
<opcode="bitselect(1000) " fcode="bitselect"/>
<opset="tmp_149/2 "/>
</bind>
</comp>

<comp id="2882" class="1004" name="zext_ln11_289_fu_2882">
<pin_list>
<pin id="2883" dir="0" index="0" bw="1" slack="0"/>
<pin id="2884" dir="1" index="1" bw="2" slack="0"/>
</pin_list>
<bind>
<opcode="zext(34) " fcode="zext"/>
<opset="zext_ln11_289/2 "/>
</bind>
</comp>

<comp id="2886" class="1004" name="tmp_150_fu_2886">
<pin_list>
<pin id="2887" dir="0" index="0" bw="1" slack="0"/>
<pin id="2888" dir="0" index="1" bw="16" slack="0"/>
<pin id="2889" dir="0" index="2" bw="3" slack="0"/>
<pin id="2890" dir="1" index="3" bw="1" slack="0"/>
</pin_list>
<bind>
<opcode="bitselect(1000) " fcode="bitselect"/>
<opset="tmp_150/2 "/>
</bind>
</comp>

<comp id="2894" class="1004" name="zext_ln11_290_fu_2894">
<pin_list>
<pin id="2895" dir="0" index="0" bw="1" slack="0"/>
<pin id="2896" dir="1" index="1" bw="2" slack="0"/>
</pin_list>
<bind>
<opcode="zext(34) " fcode="zext"/>
<opset="zext_ln11_290/2 "/>
</bind>
</comp>

<comp id="2898" class="1004" name="tmp_151_fu_2898">
<pin_list>
<pin id="2899" dir="0" index="0" bw="1" slack="0"/>
<pin id="2900" dir="0" index="1" bw="16" slack="0"/>
<pin id="2901" dir="0" index="2" bw="3" slack="0"/>
<pin id="2902" dir="1" index="3" bw="1" slack="0"/>
</pin_list>
<bind>
<opcode="bitselect(1000) " fcode="bitselect"/>
<opset="tmp_151/2 "/>
</bind>
</comp>

<comp id="2906" class="1004" name="zext_ln11_291_fu_2906">
<pin_list>
<pin id="2907" dir="0" index="0" bw="1" slack="0"/>
<pin id="2908" dir="1" index="1" bw="2" slack="0"/>
</pin_list>
<bind>
<opcode="zext(34) " fcode="zext"/>
<opset="zext_ln11_291/2 "/>
</bind>
</comp>

<comp id="2910" class="1004" name="tmp_152_fu_2910">
<pin_list>
<pin id="2911" dir="0" index="0" bw="1" slack="0"/>
<pin id="2912" dir="0" index="1" bw="16" slack="0"/>
<pin id="2913" dir="0" index="2" bw="4" slack="0"/>
<pin id="2914" dir="1" index="3" bw="1" slack="0"/>
</pin_list>
<bind>
<opcode="bitselect(1000) " fcode="bitselect"/>
<opset="tmp_152/2 "/>
</bind>
</comp>

<comp id="2918" class="1004" name="zext_ln11_292_fu_2918">
<pin_list>
<pin id="2919" dir="0" index="0" bw="1" slack="0"/>
<pin id="2920" dir="1" index="1" bw="2" slack="0"/>
</pin_list>
<bind>
<opcode="zext(34) " fcode="zext"/>
<opset="zext_ln11_292/2 "/>
</bind>
</comp>

<comp id="2922" class="1004" name="tmp_153_fu_2922">
<pin_list>
<pin id="2923" dir="0" index="0" bw="1" slack="0"/>
<pin id="2924" dir="0" index="1" bw="16" slack="0"/>
<pin id="2925" dir="0" index="2" bw="4" slack="0"/>
<pin id="2926" dir="1" index="3" bw="1" slack="0"/>
</pin_list>
<bind>
<opcode="bitselect(1000) " fcode="bitselect"/>
<opset="tmp_153/2 "/>
</bind>
</comp>

<comp id="2930" class="1004" name="zext_ln11_293_fu_2930">
<pin_list>
<pin id="2931" dir="0" index="0" bw="1" slack="0"/>
<pin id="2932" dir="1" index="1" bw="2" slack="0"/>
</pin_list>
<bind>
<opcode="zext(34) " fcode="zext"/>
<opset="zext_ln11_293/2 "/>
</bind>
</comp>

<comp id="2934" class="1004" name="tmp_154_fu_2934">
<pin_list>
<pin id="2935" dir="0" index="0" bw="1" slack="0"/>
<pin id="2936" dir="0" index="1" bw="16" slack="0"/>
<pin id="2937" dir="0" index="2" bw="4" slack="0"/>
<pin id="2938" dir="1" index="3" bw="1" slack="0"/>
</pin_list>
<bind>
<opcode="bitselect(1000) " fcode="bitselect"/>
<opset="tmp_154/2 "/>
</bind>
</comp>

<comp id="2942" class="1004" name="zext_ln11_294_fu_2942">
<pin_list>
<pin id="2943" dir="0" index="0" bw="1" slack="0"/>
<pin id="2944" dir="1" index="1" bw="2" slack="0"/>
</pin_list>
<bind>
<opcode="zext(34) " fcode="zext"/>
<opset="zext_ln11_294/2 "/>
</bind>
</comp>

<comp id="2946" class="1004" name="tmp_155_fu_2946">
<pin_list>
<pin id="2947" dir="0" index="0" bw="1" slack="0"/>
<pin id="2948" dir="0" index="1" bw="16" slack="0"/>
<pin id="2949" dir="0" index="2" bw="4" slack="0"/>
<pin id="2950" dir="1" index="3" bw="1" slack="0"/>
</pin_list>
<bind>
<opcode="bitselect(1000) " fcode="bitselect"/>
<opset="tmp_155/2 "/>
</bind>
</comp>

<comp id="2954" class="1004" name="zext_ln11_295_fu_2954">
<pin_list>
<pin id="2955" dir="0" index="0" bw="1" slack="0"/>
<pin id="2956" dir="1" index="1" bw="2" slack="0"/>
</pin_list>
<bind>
<opcode="zext(34) " fcode="zext"/>
<opset="zext_ln11_295/2 "/>
</bind>
</comp>

<comp id="2958" class="1004" name="tmp_156_fu_2958">
<pin_list>
<pin id="2959" dir="0" index="0" bw="1" slack="0"/>
<pin id="2960" dir="0" index="1" bw="16" slack="0"/>
<pin id="2961" dir="0" index="2" bw="5" slack="0"/>
<pin id="2962" dir="1" index="3" bw="1" slack="0"/>
</pin_list>
<bind>
<opcode="bitselect(1000) " fcode="bitselect"/>
<opset="tmp_156/2 "/>
</bind>
</comp>

<comp id="2966" class="1004" name="zext_ln11_296_fu_2966">
<pin_list>
<pin id="2967" dir="0" index="0" bw="1" slack="0"/>
<pin id="2968" dir="1" index="1" bw="2" slack="0"/>
</pin_list>
<bind>
<opcode="zext(34) " fcode="zext"/>
<opset="zext_ln11_296/2 "/>
</bind>
</comp>

<comp id="2970" class="1004" name="tmp_157_fu_2970">
<pin_list>
<pin id="2971" dir="0" index="0" bw="1" slack="0"/>
<pin id="2972" dir="0" index="1" bw="16" slack="0"/>
<pin id="2973" dir="0" index="2" bw="5" slack="0"/>
<pin id="2974" dir="1" index="3" bw="1" slack="0"/>
</pin_list>
<bind>
<opcode="bitselect(1000) " fcode="bitselect"/>
<opset="tmp_157/2 "/>
</bind>
</comp>

<comp id="2978" class="1004" name="zext_ln11_297_fu_2978">
<pin_list>
<pin id="2979" dir="0" index="0" bw="1" slack="0"/>
<pin id="2980" dir="1" index="1" bw="2" slack="0"/>
</pin_list>
<bind>
<opcode="zext(34) " fcode="zext"/>
<opset="zext_ln11_297/2 "/>
</bind>
</comp>

<comp id="2982" class="1004" name="tmp_158_fu_2982">
<pin_list>
<pin id="2983" dir="0" index="0" bw="1" slack="0"/>
<pin id="2984" dir="0" index="1" bw="16" slack="0"/>
<pin id="2985" dir="0" index="2" bw="5" slack="0"/>
<pin id="2986" dir="1" index="3" bw="1" slack="0"/>
</pin_list>
<bind>
<opcode="bitselect(1000) " fcode="bitselect"/>
<opset="tmp_158/2 "/>
</bind>
</comp>

<comp id="2990" class="1004" name="zext_ln11_298_fu_2990">
<pin_list>
<pin id="2991" dir="0" index="0" bw="1" slack="0"/>
<pin id="2992" dir="1" index="1" bw="2" slack="0"/>
</pin_list>
<bind>
<opcode="zext(34) " fcode="zext"/>
<opset="zext_ln11_298/2 "/>
</bind>
</comp>

<comp id="2994" class="1004" name="tmp_159_fu_2994">
<pin_list>
<pin id="2995" dir="0" index="0" bw="1" slack="0"/>
<pin id="2996" dir="0" index="1" bw="16" slack="0"/>
<pin id="2997" dir="0" index="2" bw="5" slack="0"/>
<pin id="2998" dir="1" index="3" bw="1" slack="0"/>
</pin_list>
<bind>
<opcode="bitselect(1000) " fcode="bitselect"/>
<opset="tmp_159/2 "/>
</bind>
</comp>

<comp id="3002" class="1004" name="zext_ln11_299_fu_3002">
<pin_list>
<pin id="3003" dir="0" index="0" bw="1" slack="0"/>
<pin id="3004" dir="1" index="1" bw="2" slack="0"/>
</pin_list>
<bind>
<opcode="zext(34) " fcode="zext"/>
<opset="zext_ln11_299/2 "/>
</bind>
</comp>

<comp id="3006" class="1004" name="tmp_160_fu_3006">
<pin_list>
<pin id="3007" dir="0" index="0" bw="1" slack="0"/>
<pin id="3008" dir="0" index="1" bw="16" slack="0"/>
<pin id="3009" dir="0" index="2" bw="5" slack="0"/>
<pin id="3010" dir="1" index="3" bw="1" slack="0"/>
</pin_list>
<bind>
<opcode="bitselect(1000) " fcode="bitselect"/>
<opset="tmp_160/2 "/>
</bind>
</comp>

<comp id="3014" class="1004" name="zext_ln11_300_fu_3014">
<pin_list>
<pin id="3015" dir="0" index="0" bw="1" slack="0"/>
<pin id="3016" dir="1" index="1" bw="2" slack="0"/>
</pin_list>
<bind>
<opcode="zext(34) " fcode="zext"/>
<opset="zext_ln11_300/2 "/>
</bind>
</comp>

<comp id="3018" class="1004" name="tmp_161_fu_3018">
<pin_list>
<pin id="3019" dir="0" index="0" bw="1" slack="0"/>
<pin id="3020" dir="0" index="1" bw="16" slack="0"/>
<pin id="3021" dir="0" index="2" bw="5" slack="0"/>
<pin id="3022" dir="1" index="3" bw="1" slack="0"/>
</pin_list>
<bind>
<opcode="bitselect(1000) " fcode="bitselect"/>
<opset="tmp_161/2 "/>
</bind>
</comp>

<comp id="3026" class="1004" name="zext_ln11_301_fu_3026">
<pin_list>
<pin id="3027" dir="0" index="0" bw="1" slack="0"/>
<pin id="3028" dir="1" index="1" bw="2" slack="0"/>
</pin_list>
<bind>
<opcode="zext(34) " fcode="zext"/>
<opset="zext_ln11_301/2 "/>
</bind>
</comp>

<comp id="3030" class="1004" name="tmp_162_fu_3030">
<pin_list>
<pin id="3031" dir="0" index="0" bw="1" slack="0"/>
<pin id="3032" dir="0" index="1" bw="16" slack="0"/>
<pin id="3033" dir="0" index="2" bw="5" slack="0"/>
<pin id="3034" dir="1" index="3" bw="1" slack="0"/>
</pin_list>
<bind>
<opcode="bitselect(1000) " fcode="bitselect"/>
<opset="tmp_162/2 "/>
</bind>
</comp>

<comp id="3038" class="1004" name="zext_ln11_302_fu_3038">
<pin_list>
<pin id="3039" dir="0" index="0" bw="1" slack="0"/>
<pin id="3040" dir="1" index="1" bw="2" slack="0"/>
</pin_list>
<bind>
<opcode="zext(34) " fcode="zext"/>
<opset="zext_ln11_302/2 "/>
</bind>
</comp>

<comp id="3042" class="1004" name="tmp_163_fu_3042">
<pin_list>
<pin id="3043" dir="0" index="0" bw="1" slack="0"/>
<pin id="3044" dir="0" index="1" bw="16" slack="0"/>
<pin id="3045" dir="0" index="2" bw="5" slack="0"/>
<pin id="3046" dir="1" index="3" bw="1" slack="0"/>
</pin_list>
<bind>
<opcode="bitselect(1000) " fcode="bitselect"/>
<opset="tmp_163/2 "/>
</bind>
</comp>

<comp id="3050" class="1004" name="zext_ln11_303_fu_3050">
<pin_list>
<pin id="3051" dir="0" index="0" bw="1" slack="0"/>
<pin id="3052" dir="1" index="1" bw="2" slack="0"/>
</pin_list>
<bind>
<opcode="zext(34) " fcode="zext"/>
<opset="zext_ln11_303/2 "/>
</bind>
</comp>

<comp id="3054" class="1004" name="add_ln11_149_fu_3054">
<pin_list>
<pin id="3055" dir="0" index="0" bw="1" slack="0"/>
<pin id="3056" dir="0" index="1" bw="1" slack="0"/>
<pin id="3057" dir="1" index="2" bw="2" slack="1"/>
</pin_list>
<bind>
<opcode="add(8) " fcode="add"/>
<opset="add_ln11_149/2 "/>
</bind>
</comp>

<comp id="3060" class="1004" name="add_ln11_150_fu_3060">
<pin_list>
<pin id="3061" dir="0" index="0" bw="1" slack="0"/>
<pin id="3062" dir="0" index="1" bw="1" slack="0"/>
<pin id="3063" dir="1" index="2" bw="2" slack="1"/>
</pin_list>
<bind>
<opcode="add(8) " fcode="add"/>
<opset="add_ln11_150/2 "/>
</bind>
</comp>

<comp id="3066" class="1004" name="add_ln11_152_fu_3066">
<pin_list>
<pin id="3067" dir="0" index="0" bw="1" slack="0"/>
<pin id="3068" dir="0" index="1" bw="1" slack="0"/>
<pin id="3069" dir="1" index="2" bw="2" slack="1"/>
</pin_list>
<bind>
<opcode="add(8) " fcode="add"/>
<opset="add_ln11_152/2 "/>
</bind>
</comp>

<comp id="3072" class="1004" name="add_ln11_153_fu_3072">
<pin_list>
<pin id="3073" dir="0" index="0" bw="1" slack="0"/>
<pin id="3074" dir="0" index="1" bw="1" slack="0"/>
<pin id="3075" dir="1" index="2" bw="2" slack="1"/>
</pin_list>
<bind>
<opcode="add(8) " fcode="add"/>
<opset="add_ln11_153/2 "/>
</bind>
</comp>

<comp id="3078" class="1004" name="add_ln11_156_fu_3078">
<pin_list>
<pin id="3079" dir="0" index="0" bw="1" slack="0"/>
<pin id="3080" dir="0" index="1" bw="1" slack="0"/>
<pin id="3081" dir="1" index="2" bw="2" slack="1"/>
</pin_list>
<bind>
<opcode="add(8) " fcode="add"/>
<opset="add_ln11_156/2 "/>
</bind>
</comp>

<comp id="3084" class="1004" name="add_ln11_157_fu_3084">
<pin_list>
<pin id="3085" dir="0" index="0" bw="1" slack="0"/>
<pin id="3086" dir="0" index="1" bw="1" slack="0"/>
<pin id="3087" dir="1" index="2" bw="2" slack="1"/>
</pin_list>
<bind>
<opcode="add(8) " fcode="add"/>
<opset="add_ln11_157/2 "/>
</bind>
</comp>

<comp id="3090" class="1004" name="add_ln11_159_fu_3090">
<pin_list>
<pin id="3091" dir="0" index="0" bw="1" slack="0"/>
<pin id="3092" dir="0" index="1" bw="1" slack="0"/>
<pin id="3093" dir="1" index="2" bw="2" slack="1"/>
</pin_list>
<bind>
<opcode="add(8) " fcode="add"/>
<opset="add_ln11_159/2 "/>
</bind>
</comp>

<comp id="3096" class="1004" name="add_ln11_160_fu_3096">
<pin_list>
<pin id="3097" dir="0" index="0" bw="1" slack="0"/>
<pin id="3098" dir="0" index="1" bw="1" slack="0"/>
<pin id="3099" dir="1" index="2" bw="2" slack="1"/>
</pin_list>
<bind>
<opcode="add(8) " fcode="add"/>
<opset="add_ln11_160/2 "/>
</bind>
</comp>

<comp id="3102" class="1004" name="xor_ln60_21_fu_3102">
<pin_list>
<pin id="3103" dir="0" index="0" bw="16" slack="1"/>
<pin id="3104" dir="0" index="1" bw="16" slack="0"/>
<pin id="3105" dir="1" index="2" bw="16" slack="0"/>
</pin_list>
<bind>
<opcode="xor(25) " fcode="xor"/>
<opset="xor_ln60_21/2 "/>
</bind>
</comp>

<comp id="3107" class="1004" name="xnor_10_fu_3107">
<pin_list>
<pin id="3108" dir="0" index="0" bw="16" slack="0"/>
<pin id="3109" dir="0" index="1" bw="16" slack="0"/>
<pin id="3110" dir="1" index="2" bw="16" slack="0"/>
</pin_list>
<bind>
<opcode="xor(25) " fcode="xor"/>
<opset="xnor_10/2 "/>
</bind>
</comp>

<comp id="3113" class="1004" name="cnt_21_fu_3113">
<pin_list>
<pin id="3114" dir="0" index="0" bw="16" slack="0"/>
<pin id="3115" dir="1" index="1" bw="1" slack="0"/>
</pin_list>
<bind>
<opcode="trunc(33) " fcode="trunc"/>
<opset="cnt_21/2 "/>
</bind>
</comp>

<comp id="3117" class="1004" name="zext_ln8_10_fu_3117">
<pin_list>
<pin id="3118" dir="0" index="0" bw="1" slack="0"/>
<pin id="3119" dir="1" index="1" bw="2" slack="0"/>
</pin_list>
<bind>
<opcode="zext(34) " fcode="zext"/>
<opset="zext_ln8_10/2 "/>
</bind>
</comp>

<comp id="3121" class="1004" name="tmp_164_fu_3121">
<pin_list>
<pin id="3122" dir="0" index="0" bw="1" slack="0"/>
<pin id="3123" dir="0" index="1" bw="16" slack="0"/>
<pin id="3124" dir="0" index="2" bw="1" slack="0"/>
<pin id="3125" dir="1" index="3" bw="1" slack="0"/>
</pin_list>
<bind>
<opcode="bitselect(1000) " fcode="bitselect"/>
<opset="tmp_164/2 "/>
</bind>
</comp>

<comp id="3129" class="1004" name="zext_ln11_318_fu_3129">
<pin_list>
<pin id="3130" dir="0" index="0" bw="1" slack="0"/>
<pin id="3131" dir="1" index="1" bw="2" slack="0"/>
</pin_list>
<bind>
<opcode="zext(34) " fcode="zext"/>
<opset="zext_ln11_318/2 "/>
</bind>
</comp>

<comp id="3133" class="1004" name="tmp_165_fu_3133">
<pin_list>
<pin id="3134" dir="0" index="0" bw="1" slack="0"/>
<pin id="3135" dir="0" index="1" bw="16" slack="0"/>
<pin id="3136" dir="0" index="2" bw="3" slack="0"/>
<pin id="3137" dir="1" index="3" bw="1" slack="0"/>
</pin_list>
<bind>
<opcode="bitselect(1000) " fcode="bitselect"/>
<opset="tmp_165/2 "/>
</bind>
</comp>

<comp id="3141" class="1004" name="zext_ln11_319_fu_3141">
<pin_list>
<pin id="3142" dir="0" index="0" bw="1" slack="0"/>
<pin id="3143" dir="1" index="1" bw="2" slack="0"/>
</pin_list>
<bind>
<opcode="zext(34) " fcode="zext"/>
<opset="zext_ln11_319/2 "/>
</bind>
</comp>

<comp id="3145" class="1004" name="tmp_166_fu_3145">
<pin_list>
<pin id="3146" dir="0" index="0" bw="1" slack="0"/>
<pin id="3147" dir="0" index="1" bw="16" slack="0"/>
<pin id="3148" dir="0" index="2" bw="3" slack="0"/>
<pin id="3149" dir="1" index="3" bw="1" slack="0"/>
</pin_list>
<bind>
<opcode="bitselect(1000) " fcode="bitselect"/>
<opset="tmp_166/2 "/>
</bind>
</comp>

<comp id="3153" class="1004" name="zext_ln11_320_fu_3153">
<pin_list>
<pin id="3154" dir="0" index="0" bw="1" slack="0"/>
<pin id="3155" dir="1" index="1" bw="2" slack="0"/>
</pin_list>
<bind>
<opcode="zext(34) " fcode="zext"/>
<opset="zext_ln11_320/2 "/>
</bind>
</comp>

<comp id="3157" class="1004" name="tmp_167_fu_3157">
<pin_list>
<pin id="3158" dir="0" index="0" bw="1" slack="0"/>
<pin id="3159" dir="0" index="1" bw="16" slack="0"/>
<pin id="3160" dir="0" index="2" bw="4" slack="0"/>
<pin id="3161" dir="1" index="3" bw="1" slack="0"/>
</pin_list>
<bind>
<opcode="bitselect(1000) " fcode="bitselect"/>
<opset="tmp_167/2 "/>
</bind>
</comp>

<comp id="3165" class="1004" name="zext_ln11_321_fu_3165">
<pin_list>
<pin id="3166" dir="0" index="0" bw="1" slack="0"/>
<pin id="3167" dir="1" index="1" bw="2" slack="0"/>
</pin_list>
<bind>
<opcode="zext(34) " fcode="zext"/>
<opset="zext_ln11_321/2 "/>
</bind>
</comp>

<comp id="3169" class="1004" name="tmp_168_fu_3169">
<pin_list>
<pin id="3170" dir="0" index="0" bw="1" slack="0"/>
<pin id="3171" dir="0" index="1" bw="16" slack="0"/>
<pin id="3172" dir="0" index="2" bw="4" slack="0"/>
<pin id="3173" dir="1" index="3" bw="1" slack="0"/>
</pin_list>
<bind>
<opcode="bitselect(1000) " fcode="bitselect"/>
<opset="tmp_168/2 "/>
</bind>
</comp>

<comp id="3177" class="1004" name="zext_ln11_322_fu_3177">
<pin_list>
<pin id="3178" dir="0" index="0" bw="1" slack="0"/>
<pin id="3179" dir="1" index="1" bw="2" slack="0"/>
</pin_list>
<bind>
<opcode="zext(34) " fcode="zext"/>
<opset="zext_ln11_322/2 "/>
</bind>
</comp>

<comp id="3181" class="1004" name="tmp_169_fu_3181">
<pin_list>
<pin id="3182" dir="0" index="0" bw="1" slack="0"/>
<pin id="3183" dir="0" index="1" bw="16" slack="0"/>
<pin id="3184" dir="0" index="2" bw="4" slack="0"/>
<pin id="3185" dir="1" index="3" bw="1" slack="0"/>
</pin_list>
<bind>
<opcode="bitselect(1000) " fcode="bitselect"/>
<opset="tmp_169/2 "/>
</bind>
</comp>

<comp id="3189" class="1004" name="zext_ln11_323_fu_3189">
<pin_list>
<pin id="3190" dir="0" index="0" bw="1" slack="0"/>
<pin id="3191" dir="1" index="1" bw="2" slack="0"/>
</pin_list>
<bind>
<opcode="zext(34) " fcode="zext"/>
<opset="zext_ln11_323/2 "/>
</bind>
</comp>

<comp id="3193" class="1004" name="tmp_170_fu_3193">
<pin_list>
<pin id="3194" dir="0" index="0" bw="1" slack="0"/>
<pin id="3195" dir="0" index="1" bw="16" slack="0"/>
<pin id="3196" dir="0" index="2" bw="4" slack="0"/>
<pin id="3197" dir="1" index="3" bw="1" slack="0"/>
</pin_list>
<bind>
<opcode="bitselect(1000) " fcode="bitselect"/>
<opset="tmp_170/2 "/>
</bind>
</comp>

<comp id="3201" class="1004" name="zext_ln11_324_fu_3201">
<pin_list>
<pin id="3202" dir="0" index="0" bw="1" slack="0"/>
<pin id="3203" dir="1" index="1" bw="2" slack="0"/>
</pin_list>
<bind>
<opcode="zext(34) " fcode="zext"/>
<opset="zext_ln11_324/2 "/>
</bind>
</comp>

<comp id="3205" class="1004" name="tmp_171_fu_3205">
<pin_list>
<pin id="3206" dir="0" index="0" bw="1" slack="0"/>
<pin id="3207" dir="0" index="1" bw="16" slack="0"/>
<pin id="3208" dir="0" index="2" bw="5" slack="0"/>
<pin id="3209" dir="1" index="3" bw="1" slack="0"/>
</pin_list>
<bind>
<opcode="bitselect(1000) " fcode="bitselect"/>
<opset="tmp_171/2 "/>
</bind>
</comp>

<comp id="3213" class="1004" name="zext_ln11_325_fu_3213">
<pin_list>
<pin id="3214" dir="0" index="0" bw="1" slack="0"/>
<pin id="3215" dir="1" index="1" bw="2" slack="0"/>
</pin_list>
<bind>
<opcode="zext(34) " fcode="zext"/>
<opset="zext_ln11_325/2 "/>
</bind>
</comp>

<comp id="3217" class="1004" name="tmp_172_fu_3217">
<pin_list>
<pin id="3218" dir="0" index="0" bw="1" slack="0"/>
<pin id="3219" dir="0" index="1" bw="16" slack="0"/>
<pin id="3220" dir="0" index="2" bw="5" slack="0"/>
<pin id="3221" dir="1" index="3" bw="1" slack="0"/>
</pin_list>
<bind>
<opcode="bitselect(1000) " fcode="bitselect"/>
<opset="tmp_172/2 "/>
</bind>
</comp>

<comp id="3225" class="1004" name="zext_ln11_326_fu_3225">
<pin_list>
<pin id="3226" dir="0" index="0" bw="1" slack="0"/>
<pin id="3227" dir="1" index="1" bw="2" slack="0"/>
</pin_list>
<bind>
<opcode="zext(34) " fcode="zext"/>
<opset="zext_ln11_326/2 "/>
</bind>
</comp>

<comp id="3229" class="1004" name="tmp_173_fu_3229">
<pin_list>
<pin id="3230" dir="0" index="0" bw="1" slack="0"/>
<pin id="3231" dir="0" index="1" bw="16" slack="0"/>
<pin id="3232" dir="0" index="2" bw="5" slack="0"/>
<pin id="3233" dir="1" index="3" bw="1" slack="0"/>
</pin_list>
<bind>
<opcode="bitselect(1000) " fcode="bitselect"/>
<opset="tmp_173/2 "/>
</bind>
</comp>

<comp id="3237" class="1004" name="zext_ln11_327_fu_3237">
<pin_list>
<pin id="3238" dir="0" index="0" bw="1" slack="0"/>
<pin id="3239" dir="1" index="1" bw="2" slack="0"/>
</pin_list>
<bind>
<opcode="zext(34) " fcode="zext"/>
<opset="zext_ln11_327/2 "/>
</bind>
</comp>

<comp id="3241" class="1004" name="tmp_174_fu_3241">
<pin_list>
<pin id="3242" dir="0" index="0" bw="1" slack="0"/>
<pin id="3243" dir="0" index="1" bw="16" slack="0"/>
<pin id="3244" dir="0" index="2" bw="5" slack="0"/>
<pin id="3245" dir="1" index="3" bw="1" slack="0"/>
</pin_list>
<bind>
<opcode="bitselect(1000) " fcode="bitselect"/>
<opset="tmp_174/2 "/>
</bind>
</comp>

<comp id="3249" class="1004" name="zext_ln11_328_fu_3249">
<pin_list>
<pin id="3250" dir="0" index="0" bw="1" slack="0"/>
<pin id="3251" dir="1" index="1" bw="2" slack="0"/>
</pin_list>
<bind>
<opcode="zext(34) " fcode="zext"/>
<opset="zext_ln11_328/2 "/>
</bind>
</comp>

<comp id="3253" class="1004" name="tmp_175_fu_3253">
<pin_list>
<pin id="3254" dir="0" index="0" bw="1" slack="0"/>
<pin id="3255" dir="0" index="1" bw="16" slack="0"/>
<pin id="3256" dir="0" index="2" bw="5" slack="0"/>
<pin id="3257" dir="1" index="3" bw="1" slack="0"/>
</pin_list>
<bind>
<opcode="bitselect(1000) " fcode="bitselect"/>
<opset="tmp_175/2 "/>
</bind>
</comp>

<comp id="3261" class="1004" name="zext_ln11_329_fu_3261">
<pin_list>
<pin id="3262" dir="0" index="0" bw="1" slack="0"/>
<pin id="3263" dir="1" index="1" bw="2" slack="0"/>
</pin_list>
<bind>
<opcode="zext(34) " fcode="zext"/>
<opset="zext_ln11_329/2 "/>
</bind>
</comp>

<comp id="3265" class="1004" name="tmp_176_fu_3265">
<pin_list>
<pin id="3266" dir="0" index="0" bw="1" slack="0"/>
<pin id="3267" dir="0" index="1" bw="16" slack="0"/>
<pin id="3268" dir="0" index="2" bw="5" slack="0"/>
<pin id="3269" dir="1" index="3" bw="1" slack="0"/>
</pin_list>
<bind>
<opcode="bitselect(1000) " fcode="bitselect"/>
<opset="tmp_176/2 "/>
</bind>
</comp>

<comp id="3273" class="1004" name="zext_ln11_330_fu_3273">
<pin_list>
<pin id="3274" dir="0" index="0" bw="1" slack="0"/>
<pin id="3275" dir="1" index="1" bw="2" slack="0"/>
</pin_list>
<bind>
<opcode="zext(34) " fcode="zext"/>
<opset="zext_ln11_330/2 "/>
</bind>
</comp>

<comp id="3277" class="1004" name="tmp_177_fu_3277">
<pin_list>
<pin id="3278" dir="0" index="0" bw="1" slack="0"/>
<pin id="3279" dir="0" index="1" bw="16" slack="0"/>
<pin id="3280" dir="0" index="2" bw="5" slack="0"/>
<pin id="3281" dir="1" index="3" bw="1" slack="0"/>
</pin_list>
<bind>
<opcode="bitselect(1000) " fcode="bitselect"/>
<opset="tmp_177/2 "/>
</bind>
</comp>

<comp id="3285" class="1004" name="zext_ln11_331_fu_3285">
<pin_list>
<pin id="3286" dir="0" index="0" bw="1" slack="0"/>
<pin id="3287" dir="1" index="1" bw="2" slack="0"/>
</pin_list>
<bind>
<opcode="zext(34) " fcode="zext"/>
<opset="zext_ln11_331/2 "/>
</bind>
</comp>

<comp id="3289" class="1004" name="tmp_178_fu_3289">
<pin_list>
<pin id="3290" dir="0" index="0" bw="1" slack="0"/>
<pin id="3291" dir="0" index="1" bw="16" slack="0"/>
<pin id="3292" dir="0" index="2" bw="5" slack="0"/>
<pin id="3293" dir="1" index="3" bw="1" slack="0"/>
</pin_list>
<bind>
<opcode="bitselect(1000) " fcode="bitselect"/>
<opset="tmp_178/2 "/>
</bind>
</comp>

<comp id="3297" class="1004" name="zext_ln11_332_fu_3297">
<pin_list>
<pin id="3298" dir="0" index="0" bw="1" slack="0"/>
<pin id="3299" dir="1" index="1" bw="2" slack="0"/>
</pin_list>
<bind>
<opcode="zext(34) " fcode="zext"/>
<opset="zext_ln11_332/2 "/>
</bind>
</comp>

<comp id="3301" class="1004" name="add_ln11_164_fu_3301">
<pin_list>
<pin id="3302" dir="0" index="0" bw="1" slack="0"/>
<pin id="3303" dir="0" index="1" bw="1" slack="0"/>
<pin id="3304" dir="1" index="2" bw="2" slack="1"/>
</pin_list>
<bind>
<opcode="add(8) " fcode="add"/>
<opset="add_ln11_164/2 "/>
</bind>
</comp>

<comp id="3307" class="1004" name="add_ln11_165_fu_3307">
<pin_list>
<pin id="3308" dir="0" index="0" bw="1" slack="0"/>
<pin id="3309" dir="0" index="1" bw="1" slack="0"/>
<pin id="3310" dir="1" index="2" bw="2" slack="1"/>
</pin_list>
<bind>
<opcode="add(8) " fcode="add"/>
<opset="add_ln11_165/2 "/>
</bind>
</comp>

<comp id="3313" class="1004" name="add_ln11_167_fu_3313">
<pin_list>
<pin id="3314" dir="0" index="0" bw="1" slack="0"/>
<pin id="3315" dir="0" index="1" bw="1" slack="0"/>
<pin id="3316" dir="1" index="2" bw="2" slack="1"/>
</pin_list>
<bind>
<opcode="add(8) " fcode="add"/>
<opset="add_ln11_167/2 "/>
</bind>
</comp>

<comp id="3319" class="1004" name="add_ln11_168_fu_3319">
<pin_list>
<pin id="3320" dir="0" index="0" bw="1" slack="0"/>
<pin id="3321" dir="0" index="1" bw="1" slack="0"/>
<pin id="3322" dir="1" index="2" bw="2" slack="1"/>
</pin_list>
<bind>
<opcode="add(8) " fcode="add"/>
<opset="add_ln11_168/2 "/>
</bind>
</comp>

<comp id="3325" class="1004" name="add_ln11_171_fu_3325">
<pin_list>
<pin id="3326" dir="0" index="0" bw="1" slack="0"/>
<pin id="3327" dir="0" index="1" bw="1" slack="0"/>
<pin id="3328" dir="1" index="2" bw="2" slack="1"/>
</pin_list>
<bind>
<opcode="add(8) " fcode="add"/>
<opset="add_ln11_171/2 "/>
</bind>
</comp>

<comp id="3331" class="1004" name="add_ln11_172_fu_3331">
<pin_list>
<pin id="3332" dir="0" index="0" bw="1" slack="0"/>
<pin id="3333" dir="0" index="1" bw="1" slack="0"/>
<pin id="3334" dir="1" index="2" bw="2" slack="1"/>
</pin_list>
<bind>
<opcode="add(8) " fcode="add"/>
<opset="add_ln11_172/2 "/>
</bind>
</comp>

<comp id="3337" class="1004" name="add_ln11_174_fu_3337">
<pin_list>
<pin id="3338" dir="0" index="0" bw="1" slack="0"/>
<pin id="3339" dir="0" index="1" bw="1" slack="0"/>
<pin id="3340" dir="1" index="2" bw="2" slack="1"/>
</pin_list>
<bind>
<opcode="add(8) " fcode="add"/>
<opset="add_ln11_174/2 "/>
</bind>
</comp>

<comp id="3343" class="1004" name="add_ln11_175_fu_3343">
<pin_list>
<pin id="3344" dir="0" index="0" bw="1" slack="0"/>
<pin id="3345" dir="0" index="1" bw="1" slack="0"/>
<pin id="3346" dir="1" index="2" bw="2" slack="1"/>
</pin_list>
<bind>
<opcode="add(8) " fcode="add"/>
<opset="add_ln11_175/2 "/>
</bind>
</comp>

<comp id="3349" class="1004" name="zext_ln11_130_fu_3349">
<pin_list>
<pin id="3350" dir="0" index="0" bw="2" slack="1"/>
<pin id="3351" dir="1" index="1" bw="3" slack="0"/>
</pin_list>
<bind>
<opcode="zext(34) " fcode="zext"/>
<opset="zext_ln11_130/3 "/>
</bind>
</comp>

<comp id="3352" class="1004" name="zext_ln11_131_fu_3352">
<pin_list>
<pin id="3353" dir="0" index="0" bw="2" slack="1"/>
<pin id="3354" dir="1" index="1" bw="3" slack="0"/>
</pin_list>
<bind>
<opcode="zext(34) " fcode="zext"/>
<opset="zext_ln11_131/3 "/>
</bind>
</comp>

<comp id="3355" class="1004" name="add_ln11_61_fu_3355">
<pin_list>
<pin id="3356" dir="0" index="0" bw="2" slack="0"/>
<pin id="3357" dir="0" index="1" bw="2" slack="0"/>
<pin id="3358" dir="1" index="2" bw="3" slack="0"/>
</pin_list>
<bind>
<opcode="add(8) " fcode="add"/>
<opset="add_ln11_61/3 "/>
</bind>
</comp>

<comp id="3361" class="1004" name="zext_ln11_132_fu_3361">
<pin_list>
<pin id="3362" dir="0" index="0" bw="3" slack="0"/>
<pin id="3363" dir="1" index="1" bw="4" slack="0"/>
</pin_list>
<bind>
<opcode="zext(34) " fcode="zext"/>
<opset="zext_ln11_132/3 "/>
</bind>
</comp>

<comp id="3365" class="1004" name="zext_ln11_133_fu_3365">
<pin_list>
<pin id="3366" dir="0" index="0" bw="2" slack="1"/>
<pin id="3367" dir="1" index="1" bw="3" slack="0"/>
</pin_list>
<bind>
<opcode="zext(34) " fcode="zext"/>
<opset="zext_ln11_133/3 "/>
</bind>
</comp>

<comp id="3368" class="1004" name="zext_ln11_134_fu_3368">
<pin_list>
<pin id="3369" dir="0" index="0" bw="2" slack="1"/>
<pin id="3370" dir="1" index="1" bw="3" slack="0"/>
</pin_list>
<bind>
<opcode="zext(34) " fcode="zext"/>
<opset="zext_ln11_134/3 "/>
</bind>
</comp>

<comp id="3371" class="1004" name="add_ln11_64_fu_3371">
<pin_list>
<pin id="3372" dir="0" index="0" bw="2" slack="0"/>
<pin id="3373" dir="0" index="1" bw="2" slack="0"/>
<pin id="3374" dir="1" index="2" bw="3" slack="0"/>
</pin_list>
<bind>
<opcode="add(8) " fcode="add"/>
<opset="add_ln11_64/3 "/>
</bind>
</comp>

<comp id="3377" class="1004" name="zext_ln11_135_fu_3377">
<pin_list>
<pin id="3378" dir="0" index="0" bw="3" slack="0"/>
<pin id="3379" dir="1" index="1" bw="4" slack="0"/>
</pin_list>
<bind>
<opcode="zext(34) " fcode="zext"/>
<opset="zext_ln11_135/3 "/>
</bind>
</comp>

<comp id="3381" class="1004" name="add_ln11_65_fu_3381">
<pin_list>
<pin id="3382" dir="0" index="0" bw="3" slack="0"/>
<pin id="3383" dir="0" index="1" bw="3" slack="0"/>
<pin id="3384" dir="1" index="2" bw="4" slack="0"/>
</pin_list>
<bind>
<opcode="add(8) " fcode="add"/>
<opset="add_ln11_65/3 "/>
</bind>
</comp>

<comp id="3387" class="1004" name="zext_ln11_136_fu_3387">
<pin_list>
<pin id="3388" dir="0" index="0" bw="4" slack="0"/>
<pin id="3389" dir="1" index="1" bw="5" slack="0"/>
</pin_list>
<bind>
<opcode="zext(34) " fcode="zext"/>
<opset="zext_ln11_136/3 "/>
</bind>
</comp>

<comp id="3391" class="1004" name="zext_ln11_137_fu_3391">
<pin_list>
<pin id="3392" dir="0" index="0" bw="2" slack="1"/>
<pin id="3393" dir="1" index="1" bw="3" slack="0"/>
</pin_list>
<bind>
<opcode="zext(34) " fcode="zext"/>
<opset="zext_ln11_137/3 "/>
</bind>
</comp>

<comp id="3394" class="1004" name="zext_ln11_138_fu_3394">
<pin_list>
<pin id="3395" dir="0" index="0" bw="2" slack="1"/>
<pin id="3396" dir="1" index="1" bw="3" slack="0"/>
</pin_list>
<bind>
<opcode="zext(34) " fcode="zext"/>
<opset="zext_ln11_138/3 "/>
</bind>
</comp>

<comp id="3397" class="1004" name="add_ln11_68_fu_3397">
<pin_list>
<pin id="3398" dir="0" index="0" bw="2" slack="0"/>
<pin id="3399" dir="0" index="1" bw="2" slack="0"/>
<pin id="3400" dir="1" index="2" bw="3" slack="0"/>
</pin_list>
<bind>
<opcode="add(8) " fcode="add"/>
<opset="add_ln11_68/3 "/>
</bind>
</comp>

<comp id="3403" class="1004" name="zext_ln11_139_fu_3403">
<pin_list>
<pin id="3404" dir="0" index="0" bw="3" slack="0"/>
<pin id="3405" dir="1" index="1" bw="4" slack="0"/>
</pin_list>
<bind>
<opcode="zext(34) " fcode="zext"/>
<opset="zext_ln11_139/3 "/>
</bind>
</comp>

<comp id="3407" class="1004" name="zext_ln11_140_fu_3407">
<pin_list>
<pin id="3408" dir="0" index="0" bw="2" slack="1"/>
<pin id="3409" dir="1" index="1" bw="3" slack="0"/>
</pin_list>
<bind>
<opcode="zext(34) " fcode="zext"/>
<opset="zext_ln11_140/3 "/>
</bind>
</comp>

<comp id="3410" class="1004" name="zext_ln11_141_fu_3410">
<pin_list>
<pin id="3411" dir="0" index="0" bw="2" slack="1"/>
<pin id="3412" dir="1" index="1" bw="3" slack="0"/>
</pin_list>
<bind>
<opcode="zext(34) " fcode="zext"/>
<opset="zext_ln11_141/3 "/>
</bind>
</comp>

<comp id="3413" class="1004" name="add_ln11_71_fu_3413">
<pin_list>
<pin id="3414" dir="0" index="0" bw="2" slack="0"/>
<pin id="3415" dir="0" index="1" bw="2" slack="0"/>
<pin id="3416" dir="1" index="2" bw="3" slack="0"/>
</pin_list>
<bind>
<opcode="add(8) " fcode="add"/>
<opset="add_ln11_71/3 "/>
</bind>
</comp>

<comp id="3419" class="1004" name="zext_ln11_142_fu_3419">
<pin_list>
<pin id="3420" dir="0" index="0" bw="3" slack="0"/>
<pin id="3421" dir="1" index="1" bw="4" slack="0"/>
</pin_list>
<bind>
<opcode="zext(34) " fcode="zext"/>
<opset="zext_ln11_142/3 "/>
</bind>
</comp>

<comp id="3423" class="1004" name="add_ln11_72_fu_3423">
<pin_list>
<pin id="3424" dir="0" index="0" bw="3" slack="0"/>
<pin id="3425" dir="0" index="1" bw="3" slack="0"/>
<pin id="3426" dir="1" index="2" bw="4" slack="0"/>
</pin_list>
<bind>
<opcode="add(8) " fcode="add"/>
<opset="add_ln11_72/3 "/>
</bind>
</comp>

<comp id="3429" class="1004" name="zext_ln11_143_fu_3429">
<pin_list>
<pin id="3430" dir="0" index="0" bw="4" slack="0"/>
<pin id="3431" dir="1" index="1" bw="5" slack="0"/>
</pin_list>
<bind>
<opcode="zext(34) " fcode="zext"/>
<opset="zext_ln11_143/3 "/>
</bind>
</comp>

<comp id="3433" class="1004" name="cnt_8_fu_3433">
<pin_list>
<pin id="3434" dir="0" index="0" bw="4" slack="0"/>
<pin id="3435" dir="0" index="1" bw="4" slack="0"/>
<pin id="3436" dir="1" index="2" bw="5" slack="0"/>
</pin_list>
<bind>
<opcode="add(8) " fcode="add"/>
<opset="cnt_8/3 "/>
</bind>
</comp>

<comp id="3439" class="1004" name="zext_ln11_159_fu_3439">
<pin_list>
<pin id="3440" dir="0" index="0" bw="2" slack="1"/>
<pin id="3441" dir="1" index="1" bw="3" slack="0"/>
</pin_list>
<bind>
<opcode="zext(34) " fcode="zext"/>
<opset="zext_ln11_159/3 "/>
</bind>
</comp>

<comp id="3442" class="1004" name="zext_ln11_160_fu_3442">
<pin_list>
<pin id="3443" dir="0" index="0" bw="2" slack="1"/>
<pin id="3444" dir="1" index="1" bw="3" slack="0"/>
</pin_list>
<bind>
<opcode="zext(34) " fcode="zext"/>
<opset="zext_ln11_160/3 "/>
</bind>
</comp>

<comp id="3445" class="1004" name="add_ln11_76_fu_3445">
<pin_list>
<pin id="3446" dir="0" index="0" bw="2" slack="0"/>
<pin id="3447" dir="0" index="1" bw="2" slack="0"/>
<pin id="3448" dir="1" index="2" bw="3" slack="0"/>
</pin_list>
<bind>
<opcode="add(8) " fcode="add"/>
<opset="add_ln11_76/3 "/>
</bind>
</comp>

<comp id="3451" class="1004" name="zext_ln11_161_fu_3451">
<pin_list>
<pin id="3452" dir="0" index="0" bw="3" slack="0"/>
<pin id="3453" dir="1" index="1" bw="4" slack="0"/>
</pin_list>
<bind>
<opcode="zext(34) " fcode="zext"/>
<opset="zext_ln11_161/3 "/>
</bind>
</comp>

<comp id="3455" class="1004" name="zext_ln11_162_fu_3455">
<pin_list>
<pin id="3456" dir="0" index="0" bw="2" slack="1"/>
<pin id="3457" dir="1" index="1" bw="3" slack="0"/>
</pin_list>
<bind>
<opcode="zext(34) " fcode="zext"/>
<opset="zext_ln11_162/3 "/>
</bind>
</comp>

<comp id="3458" class="1004" name="zext_ln11_163_fu_3458">
<pin_list>
<pin id="3459" dir="0" index="0" bw="2" slack="1"/>
<pin id="3460" dir="1" index="1" bw="3" slack="0"/>
</pin_list>
<bind>
<opcode="zext(34) " fcode="zext"/>
<opset="zext_ln11_163/3 "/>
</bind>
</comp>

<comp id="3461" class="1004" name="add_ln11_79_fu_3461">
<pin_list>
<pin id="3462" dir="0" index="0" bw="2" slack="0"/>
<pin id="3463" dir="0" index="1" bw="2" slack="0"/>
<pin id="3464" dir="1" index="2" bw="3" slack="0"/>
</pin_list>
<bind>
<opcode="add(8) " fcode="add"/>
<opset="add_ln11_79/3 "/>
</bind>
</comp>

<comp id="3467" class="1004" name="zext_ln11_164_fu_3467">
<pin_list>
<pin id="3468" dir="0" index="0" bw="3" slack="0"/>
<pin id="3469" dir="1" index="1" bw="4" slack="0"/>
</pin_list>
<bind>
<opcode="zext(34) " fcode="zext"/>
<opset="zext_ln11_164/3 "/>
</bind>
</comp>

<comp id="3471" class="1004" name="add_ln11_80_fu_3471">
<pin_list>
<pin id="3472" dir="0" index="0" bw="3" slack="0"/>
<pin id="3473" dir="0" index="1" bw="3" slack="0"/>
<pin id="3474" dir="1" index="2" bw="4" slack="0"/>
</pin_list>
<bind>
<opcode="add(8) " fcode="add"/>
<opset="add_ln11_80/3 "/>
</bind>
</comp>

<comp id="3477" class="1004" name="zext_ln11_165_fu_3477">
<pin_list>
<pin id="3478" dir="0" index="0" bw="4" slack="0"/>
<pin id="3479" dir="1" index="1" bw="5" slack="0"/>
</pin_list>
<bind>
<opcode="zext(34) " fcode="zext"/>
<opset="zext_ln11_165/3 "/>
</bind>
</comp>

<comp id="3481" class="1004" name="zext_ln11_166_fu_3481">
<pin_list>
<pin id="3482" dir="0" index="0" bw="2" slack="1"/>
<pin id="3483" dir="1" index="1" bw="3" slack="0"/>
</pin_list>
<bind>
<opcode="zext(34) " fcode="zext"/>
<opset="zext_ln11_166/3 "/>
</bind>
</comp>

<comp id="3484" class="1004" name="zext_ln11_167_fu_3484">
<pin_list>
<pin id="3485" dir="0" index="0" bw="2" slack="1"/>
<pin id="3486" dir="1" index="1" bw="3" slack="0"/>
</pin_list>
<bind>
<opcode="zext(34) " fcode="zext"/>
<opset="zext_ln11_167/3 "/>
</bind>
</comp>

<comp id="3487" class="1004" name="add_ln11_83_fu_3487">
<pin_list>
<pin id="3488" dir="0" index="0" bw="2" slack="0"/>
<pin id="3489" dir="0" index="1" bw="2" slack="0"/>
<pin id="3490" dir="1" index="2" bw="3" slack="0"/>
</pin_list>
<bind>
<opcode="add(8) " fcode="add"/>
<opset="add_ln11_83/3 "/>
</bind>
</comp>

<comp id="3493" class="1004" name="zext_ln11_168_fu_3493">
<pin_list>
<pin id="3494" dir="0" index="0" bw="3" slack="0"/>
<pin id="3495" dir="1" index="1" bw="4" slack="0"/>
</pin_list>
<bind>
<opcode="zext(34) " fcode="zext"/>
<opset="zext_ln11_168/3 "/>
</bind>
</comp>

<comp id="3497" class="1004" name="zext_ln11_169_fu_3497">
<pin_list>
<pin id="3498" dir="0" index="0" bw="2" slack="1"/>
<pin id="3499" dir="1" index="1" bw="3" slack="0"/>
</pin_list>
<bind>
<opcode="zext(34) " fcode="zext"/>
<opset="zext_ln11_169/3 "/>
</bind>
</comp>

<comp id="3500" class="1004" name="zext_ln11_170_fu_3500">
<pin_list>
<pin id="3501" dir="0" index="0" bw="2" slack="1"/>
<pin id="3502" dir="1" index="1" bw="3" slack="0"/>
</pin_list>
<bind>
<opcode="zext(34) " fcode="zext"/>
<opset="zext_ln11_170/3 "/>
</bind>
</comp>

<comp id="3503" class="1004" name="add_ln11_86_fu_3503">
<pin_list>
<pin id="3504" dir="0" index="0" bw="2" slack="0"/>
<pin id="3505" dir="0" index="1" bw="2" slack="0"/>
<pin id="3506" dir="1" index="2" bw="3" slack="0"/>
</pin_list>
<bind>
<opcode="add(8) " fcode="add"/>
<opset="add_ln11_86/3 "/>
</bind>
</comp>

<comp id="3509" class="1004" name="zext_ln11_171_fu_3509">
<pin_list>
<pin id="3510" dir="0" index="0" bw="3" slack="0"/>
<pin id="3511" dir="1" index="1" bw="4" slack="0"/>
</pin_list>
<bind>
<opcode="zext(34) " fcode="zext"/>
<opset="zext_ln11_171/3 "/>
</bind>
</comp>

<comp id="3513" class="1004" name="add_ln11_87_fu_3513">
<pin_list>
<pin id="3514" dir="0" index="0" bw="3" slack="0"/>
<pin id="3515" dir="0" index="1" bw="3" slack="0"/>
<pin id="3516" dir="1" index="2" bw="4" slack="0"/>
</pin_list>
<bind>
<opcode="add(8) " fcode="add"/>
<opset="add_ln11_87/3 "/>
</bind>
</comp>

<comp id="3519" class="1004" name="zext_ln11_172_fu_3519">
<pin_list>
<pin id="3520" dir="0" index="0" bw="4" slack="0"/>
<pin id="3521" dir="1" index="1" bw="5" slack="0"/>
</pin_list>
<bind>
<opcode="zext(34) " fcode="zext"/>
<opset="zext_ln11_172/3 "/>
</bind>
</comp>

<comp id="3523" class="1004" name="cnt_10_fu_3523">
<pin_list>
<pin id="3524" dir="0" index="0" bw="4" slack="0"/>
<pin id="3525" dir="0" index="1" bw="4" slack="0"/>
<pin id="3526" dir="1" index="2" bw="5" slack="0"/>
</pin_list>
<bind>
<opcode="add(8) " fcode="add"/>
<opset="cnt_10/3 "/>
</bind>
</comp>

<comp id="3529" class="1004" name="zext_ln11_188_fu_3529">
<pin_list>
<pin id="3530" dir="0" index="0" bw="2" slack="1"/>
<pin id="3531" dir="1" index="1" bw="3" slack="0"/>
</pin_list>
<bind>
<opcode="zext(34) " fcode="zext"/>
<opset="zext_ln11_188/3 "/>
</bind>
</comp>

<comp id="3532" class="1004" name="zext_ln11_189_fu_3532">
<pin_list>
<pin id="3533" dir="0" index="0" bw="2" slack="1"/>
<pin id="3534" dir="1" index="1" bw="3" slack="0"/>
</pin_list>
<bind>
<opcode="zext(34) " fcode="zext"/>
<opset="zext_ln11_189/3 "/>
</bind>
</comp>

<comp id="3535" class="1004" name="add_ln11_91_fu_3535">
<pin_list>
<pin id="3536" dir="0" index="0" bw="2" slack="0"/>
<pin id="3537" dir="0" index="1" bw="2" slack="0"/>
<pin id="3538" dir="1" index="2" bw="3" slack="0"/>
</pin_list>
<bind>
<opcode="add(8) " fcode="add"/>
<opset="add_ln11_91/3 "/>
</bind>
</comp>

<comp id="3541" class="1004" name="zext_ln11_190_fu_3541">
<pin_list>
<pin id="3542" dir="0" index="0" bw="3" slack="0"/>
<pin id="3543" dir="1" index="1" bw="4" slack="0"/>
</pin_list>
<bind>
<opcode="zext(34) " fcode="zext"/>
<opset="zext_ln11_190/3 "/>
</bind>
</comp>

<comp id="3545" class="1004" name="zext_ln11_191_fu_3545">
<pin_list>
<pin id="3546" dir="0" index="0" bw="2" slack="1"/>
<pin id="3547" dir="1" index="1" bw="3" slack="0"/>
</pin_list>
<bind>
<opcode="zext(34) " fcode="zext"/>
<opset="zext_ln11_191/3 "/>
</bind>
</comp>

<comp id="3548" class="1004" name="zext_ln11_192_fu_3548">
<pin_list>
<pin id="3549" dir="0" index="0" bw="2" slack="1"/>
<pin id="3550" dir="1" index="1" bw="3" slack="0"/>
</pin_list>
<bind>
<opcode="zext(34) " fcode="zext"/>
<opset="zext_ln11_192/3 "/>
</bind>
</comp>

<comp id="3551" class="1004" name="add_ln11_94_fu_3551">
<pin_list>
<pin id="3552" dir="0" index="0" bw="2" slack="0"/>
<pin id="3553" dir="0" index="1" bw="2" slack="0"/>
<pin id="3554" dir="1" index="2" bw="3" slack="0"/>
</pin_list>
<bind>
<opcode="add(8) " fcode="add"/>
<opset="add_ln11_94/3 "/>
</bind>
</comp>

<comp id="3557" class="1004" name="zext_ln11_193_fu_3557">
<pin_list>
<pin id="3558" dir="0" index="0" bw="3" slack="0"/>
<pin id="3559" dir="1" index="1" bw="4" slack="0"/>
</pin_list>
<bind>
<opcode="zext(34) " fcode="zext"/>
<opset="zext_ln11_193/3 "/>
</bind>
</comp>

<comp id="3561" class="1004" name="add_ln11_95_fu_3561">
<pin_list>
<pin id="3562" dir="0" index="0" bw="3" slack="0"/>
<pin id="3563" dir="0" index="1" bw="3" slack="0"/>
<pin id="3564" dir="1" index="2" bw="4" slack="0"/>
</pin_list>
<bind>
<opcode="add(8) " fcode="add"/>
<opset="add_ln11_95/3 "/>
</bind>
</comp>

<comp id="3567" class="1004" name="zext_ln11_194_fu_3567">
<pin_list>
<pin id="3568" dir="0" index="0" bw="4" slack="0"/>
<pin id="3569" dir="1" index="1" bw="5" slack="0"/>
</pin_list>
<bind>
<opcode="zext(34) " fcode="zext"/>
<opset="zext_ln11_194/3 "/>
</bind>
</comp>

<comp id="3571" class="1004" name="zext_ln11_195_fu_3571">
<pin_list>
<pin id="3572" dir="0" index="0" bw="2" slack="1"/>
<pin id="3573" dir="1" index="1" bw="3" slack="0"/>
</pin_list>
<bind>
<opcode="zext(34) " fcode="zext"/>
<opset="zext_ln11_195/3 "/>
</bind>
</comp>

<comp id="3574" class="1004" name="zext_ln11_196_fu_3574">
<pin_list>
<pin id="3575" dir="0" index="0" bw="2" slack="1"/>
<pin id="3576" dir="1" index="1" bw="3" slack="0"/>
</pin_list>
<bind>
<opcode="zext(34) " fcode="zext"/>
<opset="zext_ln11_196/3 "/>
</bind>
</comp>

<comp id="3577" class="1004" name="add_ln11_98_fu_3577">
<pin_list>
<pin id="3578" dir="0" index="0" bw="2" slack="0"/>
<pin id="3579" dir="0" index="1" bw="2" slack="0"/>
<pin id="3580" dir="1" index="2" bw="3" slack="0"/>
</pin_list>
<bind>
<opcode="add(8) " fcode="add"/>
<opset="add_ln11_98/3 "/>
</bind>
</comp>

<comp id="3583" class="1004" name="zext_ln11_197_fu_3583">
<pin_list>
<pin id="3584" dir="0" index="0" bw="3" slack="0"/>
<pin id="3585" dir="1" index="1" bw="4" slack="0"/>
</pin_list>
<bind>
<opcode="zext(34) " fcode="zext"/>
<opset="zext_ln11_197/3 "/>
</bind>
</comp>

<comp id="3587" class="1004" name="zext_ln11_198_fu_3587">
<pin_list>
<pin id="3588" dir="0" index="0" bw="2" slack="1"/>
<pin id="3589" dir="1" index="1" bw="3" slack="0"/>
</pin_list>
<bind>
<opcode="zext(34) " fcode="zext"/>
<opset="zext_ln11_198/3 "/>
</bind>
</comp>

<comp id="3590" class="1004" name="zext_ln11_199_fu_3590">
<pin_list>
<pin id="3591" dir="0" index="0" bw="2" slack="1"/>
<pin id="3592" dir="1" index="1" bw="3" slack="0"/>
</pin_list>
<bind>
<opcode="zext(34) " fcode="zext"/>
<opset="zext_ln11_199/3 "/>
</bind>
</comp>

<comp id="3593" class="1004" name="add_ln11_101_fu_3593">
<pin_list>
<pin id="3594" dir="0" index="0" bw="2" slack="0"/>
<pin id="3595" dir="0" index="1" bw="2" slack="0"/>
<pin id="3596" dir="1" index="2" bw="3" slack="0"/>
</pin_list>
<bind>
<opcode="add(8) " fcode="add"/>
<opset="add_ln11_101/3 "/>
</bind>
</comp>

<comp id="3599" class="1004" name="zext_ln11_200_fu_3599">
<pin_list>
<pin id="3600" dir="0" index="0" bw="3" slack="0"/>
<pin id="3601" dir="1" index="1" bw="4" slack="0"/>
</pin_list>
<bind>
<opcode="zext(34) " fcode="zext"/>
<opset="zext_ln11_200/3 "/>
</bind>
</comp>

<comp id="3603" class="1004" name="add_ln11_102_fu_3603">
<pin_list>
<pin id="3604" dir="0" index="0" bw="3" slack="0"/>
<pin id="3605" dir="0" index="1" bw="3" slack="0"/>
<pin id="3606" dir="1" index="2" bw="4" slack="0"/>
</pin_list>
<bind>
<opcode="add(8) " fcode="add"/>
<opset="add_ln11_102/3 "/>
</bind>
</comp>

<comp id="3609" class="1004" name="zext_ln11_201_fu_3609">
<pin_list>
<pin id="3610" dir="0" index="0" bw="4" slack="0"/>
<pin id="3611" dir="1" index="1" bw="5" slack="0"/>
</pin_list>
<bind>
<opcode="zext(34) " fcode="zext"/>
<opset="zext_ln11_201/3 "/>
</bind>
</comp>

<comp id="3613" class="1004" name="cnt_12_fu_3613">
<pin_list>
<pin id="3614" dir="0" index="0" bw="4" slack="0"/>
<pin id="3615" dir="0" index="1" bw="4" slack="0"/>
<pin id="3616" dir="1" index="2" bw="5" slack="0"/>
</pin_list>
<bind>
<opcode="add(8) " fcode="add"/>
<opset="cnt_12/3 "/>
</bind>
</comp>

<comp id="3619" class="1004" name="zext_ln11_217_fu_3619">
<pin_list>
<pin id="3620" dir="0" index="0" bw="2" slack="1"/>
<pin id="3621" dir="1" index="1" bw="3" slack="0"/>
</pin_list>
<bind>
<opcode="zext(34) " fcode="zext"/>
<opset="zext_ln11_217/3 "/>
</bind>
</comp>

<comp id="3622" class="1004" name="zext_ln11_218_fu_3622">
<pin_list>
<pin id="3623" dir="0" index="0" bw="2" slack="1"/>
<pin id="3624" dir="1" index="1" bw="3" slack="0"/>
</pin_list>
<bind>
<opcode="zext(34) " fcode="zext"/>
<opset="zext_ln11_218/3 "/>
</bind>
</comp>

<comp id="3625" class="1004" name="add_ln11_106_fu_3625">
<pin_list>
<pin id="3626" dir="0" index="0" bw="2" slack="0"/>
<pin id="3627" dir="0" index="1" bw="2" slack="0"/>
<pin id="3628" dir="1" index="2" bw="3" slack="0"/>
</pin_list>
<bind>
<opcode="add(8) " fcode="add"/>
<opset="add_ln11_106/3 "/>
</bind>
</comp>

<comp id="3631" class="1004" name="zext_ln11_219_fu_3631">
<pin_list>
<pin id="3632" dir="0" index="0" bw="3" slack="0"/>
<pin id="3633" dir="1" index="1" bw="4" slack="0"/>
</pin_list>
<bind>
<opcode="zext(34) " fcode="zext"/>
<opset="zext_ln11_219/3 "/>
</bind>
</comp>

<comp id="3635" class="1004" name="zext_ln11_220_fu_3635">
<pin_list>
<pin id="3636" dir="0" index="0" bw="2" slack="1"/>
<pin id="3637" dir="1" index="1" bw="3" slack="0"/>
</pin_list>
<bind>
<opcode="zext(34) " fcode="zext"/>
<opset="zext_ln11_220/3 "/>
</bind>
</comp>

<comp id="3638" class="1004" name="zext_ln11_221_fu_3638">
<pin_list>
<pin id="3639" dir="0" index="0" bw="2" slack="1"/>
<pin id="3640" dir="1" index="1" bw="3" slack="0"/>
</pin_list>
<bind>
<opcode="zext(34) " fcode="zext"/>
<opset="zext_ln11_221/3 "/>
</bind>
</comp>

<comp id="3641" class="1004" name="add_ln11_109_fu_3641">
<pin_list>
<pin id="3642" dir="0" index="0" bw="2" slack="0"/>
<pin id="3643" dir="0" index="1" bw="2" slack="0"/>
<pin id="3644" dir="1" index="2" bw="3" slack="0"/>
</pin_list>
<bind>
<opcode="add(8) " fcode="add"/>
<opset="add_ln11_109/3 "/>
</bind>
</comp>

<comp id="3647" class="1004" name="zext_ln11_222_fu_3647">
<pin_list>
<pin id="3648" dir="0" index="0" bw="3" slack="0"/>
<pin id="3649" dir="1" index="1" bw="4" slack="0"/>
</pin_list>
<bind>
<opcode="zext(34) " fcode="zext"/>
<opset="zext_ln11_222/3 "/>
</bind>
</comp>

<comp id="3651" class="1004" name="add_ln11_110_fu_3651">
<pin_list>
<pin id="3652" dir="0" index="0" bw="3" slack="0"/>
<pin id="3653" dir="0" index="1" bw="3" slack="0"/>
<pin id="3654" dir="1" index="2" bw="4" slack="0"/>
</pin_list>
<bind>
<opcode="add(8) " fcode="add"/>
<opset="add_ln11_110/3 "/>
</bind>
</comp>

<comp id="3657" class="1004" name="zext_ln11_223_fu_3657">
<pin_list>
<pin id="3658" dir="0" index="0" bw="4" slack="0"/>
<pin id="3659" dir="1" index="1" bw="5" slack="0"/>
</pin_list>
<bind>
<opcode="zext(34) " fcode="zext"/>
<opset="zext_ln11_223/3 "/>
</bind>
</comp>

<comp id="3661" class="1004" name="zext_ln11_224_fu_3661">
<pin_list>
<pin id="3662" dir="0" index="0" bw="2" slack="1"/>
<pin id="3663" dir="1" index="1" bw="3" slack="0"/>
</pin_list>
<bind>
<opcode="zext(34) " fcode="zext"/>
<opset="zext_ln11_224/3 "/>
</bind>
</comp>

<comp id="3664" class="1004" name="zext_ln11_225_fu_3664">
<pin_list>
<pin id="3665" dir="0" index="0" bw="2" slack="1"/>
<pin id="3666" dir="1" index="1" bw="3" slack="0"/>
</pin_list>
<bind>
<opcode="zext(34) " fcode="zext"/>
<opset="zext_ln11_225/3 "/>
</bind>
</comp>

<comp id="3667" class="1004" name="add_ln11_113_fu_3667">
<pin_list>
<pin id="3668" dir="0" index="0" bw="2" slack="0"/>
<pin id="3669" dir="0" index="1" bw="2" slack="0"/>
<pin id="3670" dir="1" index="2" bw="3" slack="0"/>
</pin_list>
<bind>
<opcode="add(8) " fcode="add"/>
<opset="add_ln11_113/3 "/>
</bind>
</comp>

<comp id="3673" class="1004" name="zext_ln11_226_fu_3673">
<pin_list>
<pin id="3674" dir="0" index="0" bw="3" slack="0"/>
<pin id="3675" dir="1" index="1" bw="4" slack="0"/>
</pin_list>
<bind>
<opcode="zext(34) " fcode="zext"/>
<opset="zext_ln11_226/3 "/>
</bind>
</comp>

<comp id="3677" class="1004" name="zext_ln11_227_fu_3677">
<pin_list>
<pin id="3678" dir="0" index="0" bw="2" slack="1"/>
<pin id="3679" dir="1" index="1" bw="3" slack="0"/>
</pin_list>
<bind>
<opcode="zext(34) " fcode="zext"/>
<opset="zext_ln11_227/3 "/>
</bind>
</comp>

<comp id="3680" class="1004" name="zext_ln11_228_fu_3680">
<pin_list>
<pin id="3681" dir="0" index="0" bw="2" slack="1"/>
<pin id="3682" dir="1" index="1" bw="3" slack="0"/>
</pin_list>
<bind>
<opcode="zext(34) " fcode="zext"/>
<opset="zext_ln11_228/3 "/>
</bind>
</comp>

<comp id="3683" class="1004" name="add_ln11_116_fu_3683">
<pin_list>
<pin id="3684" dir="0" index="0" bw="2" slack="0"/>
<pin id="3685" dir="0" index="1" bw="2" slack="0"/>
<pin id="3686" dir="1" index="2" bw="3" slack="0"/>
</pin_list>
<bind>
<opcode="add(8) " fcode="add"/>
<opset="add_ln11_116/3 "/>
</bind>
</comp>

<comp id="3689" class="1004" name="zext_ln11_229_fu_3689">
<pin_list>
<pin id="3690" dir="0" index="0" bw="3" slack="0"/>
<pin id="3691" dir="1" index="1" bw="4" slack="0"/>
</pin_list>
<bind>
<opcode="zext(34) " fcode="zext"/>
<opset="zext_ln11_229/3 "/>
</bind>
</comp>

<comp id="3693" class="1004" name="add_ln11_117_fu_3693">
<pin_list>
<pin id="3694" dir="0" index="0" bw="3" slack="0"/>
<pin id="3695" dir="0" index="1" bw="3" slack="0"/>
<pin id="3696" dir="1" index="2" bw="4" slack="0"/>
</pin_list>
<bind>
<opcode="add(8) " fcode="add"/>
<opset="add_ln11_117/3 "/>
</bind>
</comp>

<comp id="3699" class="1004" name="zext_ln11_230_fu_3699">
<pin_list>
<pin id="3700" dir="0" index="0" bw="4" slack="0"/>
<pin id="3701" dir="1" index="1" bw="5" slack="0"/>
</pin_list>
<bind>
<opcode="zext(34) " fcode="zext"/>
<opset="zext_ln11_230/3 "/>
</bind>
</comp>

<comp id="3703" class="1004" name="cnt_14_fu_3703">
<pin_list>
<pin id="3704" dir="0" index="0" bw="4" slack="0"/>
<pin id="3705" dir="0" index="1" bw="4" slack="0"/>
<pin id="3706" dir="1" index="2" bw="5" slack="0"/>
</pin_list>
<bind>
<opcode="add(8) " fcode="add"/>
<opset="cnt_14/3 "/>
</bind>
</comp>

<comp id="3709" class="1004" name="zext_ln11_246_fu_3709">
<pin_list>
<pin id="3710" dir="0" index="0" bw="2" slack="1"/>
<pin id="3711" dir="1" index="1" bw="3" slack="0"/>
</pin_list>
<bind>
<opcode="zext(34) " fcode="zext"/>
<opset="zext_ln11_246/3 "/>
</bind>
</comp>

<comp id="3712" class="1004" name="zext_ln11_247_fu_3712">
<pin_list>
<pin id="3713" dir="0" index="0" bw="2" slack="1"/>
<pin id="3714" dir="1" index="1" bw="3" slack="0"/>
</pin_list>
<bind>
<opcode="zext(34) " fcode="zext"/>
<opset="zext_ln11_247/3 "/>
</bind>
</comp>

<comp id="3715" class="1004" name="add_ln11_121_fu_3715">
<pin_list>
<pin id="3716" dir="0" index="0" bw="2" slack="0"/>
<pin id="3717" dir="0" index="1" bw="2" slack="0"/>
<pin id="3718" dir="1" index="2" bw="3" slack="0"/>
</pin_list>
<bind>
<opcode="add(8) " fcode="add"/>
<opset="add_ln11_121/3 "/>
</bind>
</comp>

<comp id="3721" class="1004" name="zext_ln11_248_fu_3721">
<pin_list>
<pin id="3722" dir="0" index="0" bw="3" slack="0"/>
<pin id="3723" dir="1" index="1" bw="4" slack="0"/>
</pin_list>
<bind>
<opcode="zext(34) " fcode="zext"/>
<opset="zext_ln11_248/3 "/>
</bind>
</comp>

<comp id="3725" class="1004" name="zext_ln11_249_fu_3725">
<pin_list>
<pin id="3726" dir="0" index="0" bw="2" slack="1"/>
<pin id="3727" dir="1" index="1" bw="3" slack="0"/>
</pin_list>
<bind>
<opcode="zext(34) " fcode="zext"/>
<opset="zext_ln11_249/3 "/>
</bind>
</comp>

<comp id="3728" class="1004" name="zext_ln11_250_fu_3728">
<pin_list>
<pin id="3729" dir="0" index="0" bw="2" slack="1"/>
<pin id="3730" dir="1" index="1" bw="3" slack="0"/>
</pin_list>
<bind>
<opcode="zext(34) " fcode="zext"/>
<opset="zext_ln11_250/3 "/>
</bind>
</comp>

<comp id="3731" class="1004" name="add_ln11_124_fu_3731">
<pin_list>
<pin id="3732" dir="0" index="0" bw="2" slack="0"/>
<pin id="3733" dir="0" index="1" bw="2" slack="0"/>
<pin id="3734" dir="1" index="2" bw="3" slack="0"/>
</pin_list>
<bind>
<opcode="add(8) " fcode="add"/>
<opset="add_ln11_124/3 "/>
</bind>
</comp>

<comp id="3737" class="1004" name="zext_ln11_251_fu_3737">
<pin_list>
<pin id="3738" dir="0" index="0" bw="3" slack="0"/>
<pin id="3739" dir="1" index="1" bw="4" slack="0"/>
</pin_list>
<bind>
<opcode="zext(34) " fcode="zext"/>
<opset="zext_ln11_251/3 "/>
</bind>
</comp>

<comp id="3741" class="1004" name="add_ln11_125_fu_3741">
<pin_list>
<pin id="3742" dir="0" index="0" bw="3" slack="0"/>
<pin id="3743" dir="0" index="1" bw="3" slack="0"/>
<pin id="3744" dir="1" index="2" bw="4" slack="0"/>
</pin_list>
<bind>
<opcode="add(8) " fcode="add"/>
<opset="add_ln11_125/3 "/>
</bind>
</comp>

<comp id="3747" class="1004" name="zext_ln11_252_fu_3747">
<pin_list>
<pin id="3748" dir="0" index="0" bw="4" slack="0"/>
<pin id="3749" dir="1" index="1" bw="5" slack="0"/>
</pin_list>
<bind>
<opcode="zext(34) " fcode="zext"/>
<opset="zext_ln11_252/3 "/>
</bind>
</comp>

<comp id="3751" class="1004" name="zext_ln11_253_fu_3751">
<pin_list>
<pin id="3752" dir="0" index="0" bw="2" slack="1"/>
<pin id="3753" dir="1" index="1" bw="3" slack="0"/>
</pin_list>
<bind>
<opcode="zext(34) " fcode="zext"/>
<opset="zext_ln11_253/3 "/>
</bind>
</comp>

<comp id="3754" class="1004" name="zext_ln11_254_fu_3754">
<pin_list>
<pin id="3755" dir="0" index="0" bw="2" slack="1"/>
<pin id="3756" dir="1" index="1" bw="3" slack="0"/>
</pin_list>
<bind>
<opcode="zext(34) " fcode="zext"/>
<opset="zext_ln11_254/3 "/>
</bind>
</comp>

<comp id="3757" class="1004" name="add_ln11_128_fu_3757">
<pin_list>
<pin id="3758" dir="0" index="0" bw="2" slack="0"/>
<pin id="3759" dir="0" index="1" bw="2" slack="0"/>
<pin id="3760" dir="1" index="2" bw="3" slack="0"/>
</pin_list>
<bind>
<opcode="add(8) " fcode="add"/>
<opset="add_ln11_128/3 "/>
</bind>
</comp>

<comp id="3763" class="1004" name="zext_ln11_255_fu_3763">
<pin_list>
<pin id="3764" dir="0" index="0" bw="3" slack="0"/>
<pin id="3765" dir="1" index="1" bw="4" slack="0"/>
</pin_list>
<bind>
<opcode="zext(34) " fcode="zext"/>
<opset="zext_ln11_255/3 "/>
</bind>
</comp>

<comp id="3767" class="1004" name="zext_ln11_256_fu_3767">
<pin_list>
<pin id="3768" dir="0" index="0" bw="2" slack="1"/>
<pin id="3769" dir="1" index="1" bw="3" slack="0"/>
</pin_list>
<bind>
<opcode="zext(34) " fcode="zext"/>
<opset="zext_ln11_256/3 "/>
</bind>
</comp>

<comp id="3770" class="1004" name="zext_ln11_257_fu_3770">
<pin_list>
<pin id="3771" dir="0" index="0" bw="2" slack="1"/>
<pin id="3772" dir="1" index="1" bw="3" slack="0"/>
</pin_list>
<bind>
<opcode="zext(34) " fcode="zext"/>
<opset="zext_ln11_257/3 "/>
</bind>
</comp>

<comp id="3773" class="1004" name="add_ln11_131_fu_3773">
<pin_list>
<pin id="3774" dir="0" index="0" bw="2" slack="0"/>
<pin id="3775" dir="0" index="1" bw="2" slack="0"/>
<pin id="3776" dir="1" index="2" bw="3" slack="0"/>
</pin_list>
<bind>
<opcode="add(8) " fcode="add"/>
<opset="add_ln11_131/3 "/>
</bind>
</comp>

<comp id="3779" class="1004" name="zext_ln11_258_fu_3779">
<pin_list>
<pin id="3780" dir="0" index="0" bw="3" slack="0"/>
<pin id="3781" dir="1" index="1" bw="4" slack="0"/>
</pin_list>
<bind>
<opcode="zext(34) " fcode="zext"/>
<opset="zext_ln11_258/3 "/>
</bind>
</comp>

<comp id="3783" class="1004" name="add_ln11_132_fu_3783">
<pin_list>
<pin id="3784" dir="0" index="0" bw="3" slack="0"/>
<pin id="3785" dir="0" index="1" bw="3" slack="0"/>
<pin id="3786" dir="1" index="2" bw="4" slack="0"/>
</pin_list>
<bind>
<opcode="add(8) " fcode="add"/>
<opset="add_ln11_132/3 "/>
</bind>
</comp>

<comp id="3789" class="1004" name="zext_ln11_259_fu_3789">
<pin_list>
<pin id="3790" dir="0" index="0" bw="4" slack="0"/>
<pin id="3791" dir="1" index="1" bw="5" slack="0"/>
</pin_list>
<bind>
<opcode="zext(34) " fcode="zext"/>
<opset="zext_ln11_259/3 "/>
</bind>
</comp>

<comp id="3793" class="1004" name="cnt_16_fu_3793">
<pin_list>
<pin id="3794" dir="0" index="0" bw="4" slack="0"/>
<pin id="3795" dir="0" index="1" bw="4" slack="0"/>
<pin id="3796" dir="1" index="2" bw="5" slack="0"/>
</pin_list>
<bind>
<opcode="add(8) " fcode="add"/>
<opset="cnt_16/3 "/>
</bind>
</comp>

<comp id="3799" class="1004" name="zext_ln11_275_fu_3799">
<pin_list>
<pin id="3800" dir="0" index="0" bw="2" slack="1"/>
<pin id="3801" dir="1" index="1" bw="3" slack="0"/>
</pin_list>
<bind>
<opcode="zext(34) " fcode="zext"/>
<opset="zext_ln11_275/3 "/>
</bind>
</comp>

<comp id="3802" class="1004" name="zext_ln11_276_fu_3802">
<pin_list>
<pin id="3803" dir="0" index="0" bw="2" slack="1"/>
<pin id="3804" dir="1" index="1" bw="3" slack="0"/>
</pin_list>
<bind>
<opcode="zext(34) " fcode="zext"/>
<opset="zext_ln11_276/3 "/>
</bind>
</comp>

<comp id="3805" class="1004" name="add_ln11_136_fu_3805">
<pin_list>
<pin id="3806" dir="0" index="0" bw="2" slack="0"/>
<pin id="3807" dir="0" index="1" bw="2" slack="0"/>
<pin id="3808" dir="1" index="2" bw="3" slack="0"/>
</pin_list>
<bind>
<opcode="add(8) " fcode="add"/>
<opset="add_ln11_136/3 "/>
</bind>
</comp>

<comp id="3811" class="1004" name="zext_ln11_277_fu_3811">
<pin_list>
<pin id="3812" dir="0" index="0" bw="3" slack="0"/>
<pin id="3813" dir="1" index="1" bw="4" slack="0"/>
</pin_list>
<bind>
<opcode="zext(34) " fcode="zext"/>
<opset="zext_ln11_277/3 "/>
</bind>
</comp>

<comp id="3815" class="1004" name="zext_ln11_278_fu_3815">
<pin_list>
<pin id="3816" dir="0" index="0" bw="2" slack="1"/>
<pin id="3817" dir="1" index="1" bw="3" slack="0"/>
</pin_list>
<bind>
<opcode="zext(34) " fcode="zext"/>
<opset="zext_ln11_278/3 "/>
</bind>
</comp>

<comp id="3818" class="1004" name="zext_ln11_279_fu_3818">
<pin_list>
<pin id="3819" dir="0" index="0" bw="2" slack="1"/>
<pin id="3820" dir="1" index="1" bw="3" slack="0"/>
</pin_list>
<bind>
<opcode="zext(34) " fcode="zext"/>
<opset="zext_ln11_279/3 "/>
</bind>
</comp>

<comp id="3821" class="1004" name="add_ln11_139_fu_3821">
<pin_list>
<pin id="3822" dir="0" index="0" bw="2" slack="0"/>
<pin id="3823" dir="0" index="1" bw="2" slack="0"/>
<pin id="3824" dir="1" index="2" bw="3" slack="0"/>
</pin_list>
<bind>
<opcode="add(8) " fcode="add"/>
<opset="add_ln11_139/3 "/>
</bind>
</comp>

<comp id="3827" class="1004" name="zext_ln11_280_fu_3827">
<pin_list>
<pin id="3828" dir="0" index="0" bw="3" slack="0"/>
<pin id="3829" dir="1" index="1" bw="4" slack="0"/>
</pin_list>
<bind>
<opcode="zext(34) " fcode="zext"/>
<opset="zext_ln11_280/3 "/>
</bind>
</comp>

<comp id="3831" class="1004" name="add_ln11_140_fu_3831">
<pin_list>
<pin id="3832" dir="0" index="0" bw="3" slack="0"/>
<pin id="3833" dir="0" index="1" bw="3" slack="0"/>
<pin id="3834" dir="1" index="2" bw="4" slack="0"/>
</pin_list>
<bind>
<opcode="add(8) " fcode="add"/>
<opset="add_ln11_140/3 "/>
</bind>
</comp>

<comp id="3837" class="1004" name="zext_ln11_281_fu_3837">
<pin_list>
<pin id="3838" dir="0" index="0" bw="4" slack="0"/>
<pin id="3839" dir="1" index="1" bw="5" slack="0"/>
</pin_list>
<bind>
<opcode="zext(34) " fcode="zext"/>
<opset="zext_ln11_281/3 "/>
</bind>
</comp>

<comp id="3841" class="1004" name="zext_ln11_282_fu_3841">
<pin_list>
<pin id="3842" dir="0" index="0" bw="2" slack="1"/>
<pin id="3843" dir="1" index="1" bw="3" slack="0"/>
</pin_list>
<bind>
<opcode="zext(34) " fcode="zext"/>
<opset="zext_ln11_282/3 "/>
</bind>
</comp>

<comp id="3844" class="1004" name="zext_ln11_283_fu_3844">
<pin_list>
<pin id="3845" dir="0" index="0" bw="2" slack="1"/>
<pin id="3846" dir="1" index="1" bw="3" slack="0"/>
</pin_list>
<bind>
<opcode="zext(34) " fcode="zext"/>
<opset="zext_ln11_283/3 "/>
</bind>
</comp>

<comp id="3847" class="1004" name="add_ln11_143_fu_3847">
<pin_list>
<pin id="3848" dir="0" index="0" bw="2" slack="0"/>
<pin id="3849" dir="0" index="1" bw="2" slack="0"/>
<pin id="3850" dir="1" index="2" bw="3" slack="0"/>
</pin_list>
<bind>
<opcode="add(8) " fcode="add"/>
<opset="add_ln11_143/3 "/>
</bind>
</comp>

<comp id="3853" class="1004" name="zext_ln11_284_fu_3853">
<pin_list>
<pin id="3854" dir="0" index="0" bw="3" slack="0"/>
<pin id="3855" dir="1" index="1" bw="4" slack="0"/>
</pin_list>
<bind>
<opcode="zext(34) " fcode="zext"/>
<opset="zext_ln11_284/3 "/>
</bind>
</comp>

<comp id="3857" class="1004" name="zext_ln11_285_fu_3857">
<pin_list>
<pin id="3858" dir="0" index="0" bw="2" slack="1"/>
<pin id="3859" dir="1" index="1" bw="3" slack="0"/>
</pin_list>
<bind>
<opcode="zext(34) " fcode="zext"/>
<opset="zext_ln11_285/3 "/>
</bind>
</comp>

<comp id="3860" class="1004" name="zext_ln11_286_fu_3860">
<pin_list>
<pin id="3861" dir="0" index="0" bw="2" slack="1"/>
<pin id="3862" dir="1" index="1" bw="3" slack="0"/>
</pin_list>
<bind>
<opcode="zext(34) " fcode="zext"/>
<opset="zext_ln11_286/3 "/>
</bind>
</comp>

<comp id="3863" class="1004" name="add_ln11_146_fu_3863">
<pin_list>
<pin id="3864" dir="0" index="0" bw="2" slack="0"/>
<pin id="3865" dir="0" index="1" bw="2" slack="0"/>
<pin id="3866" dir="1" index="2" bw="3" slack="0"/>
</pin_list>
<bind>
<opcode="add(8) " fcode="add"/>
<opset="add_ln11_146/3 "/>
</bind>
</comp>

<comp id="3869" class="1004" name="zext_ln11_287_fu_3869">
<pin_list>
<pin id="3870" dir="0" index="0" bw="3" slack="0"/>
<pin id="3871" dir="1" index="1" bw="4" slack="0"/>
</pin_list>
<bind>
<opcode="zext(34) " fcode="zext"/>
<opset="zext_ln11_287/3 "/>
</bind>
</comp>

<comp id="3873" class="1004" name="add_ln11_147_fu_3873">
<pin_list>
<pin id="3874" dir="0" index="0" bw="3" slack="0"/>
<pin id="3875" dir="0" index="1" bw="3" slack="0"/>
<pin id="3876" dir="1" index="2" bw="4" slack="0"/>
</pin_list>
<bind>
<opcode="add(8) " fcode="add"/>
<opset="add_ln11_147/3 "/>
</bind>
</comp>

<comp id="3879" class="1004" name="zext_ln11_288_fu_3879">
<pin_list>
<pin id="3880" dir="0" index="0" bw="4" slack="0"/>
<pin id="3881" dir="1" index="1" bw="5" slack="0"/>
</pin_list>
<bind>
<opcode="zext(34) " fcode="zext"/>
<opset="zext_ln11_288/3 "/>
</bind>
</comp>

<comp id="3883" class="1004" name="cnt_18_fu_3883">
<pin_list>
<pin id="3884" dir="0" index="0" bw="4" slack="0"/>
<pin id="3885" dir="0" index="1" bw="4" slack="0"/>
<pin id="3886" dir="1" index="2" bw="5" slack="0"/>
</pin_list>
<bind>
<opcode="add(8) " fcode="add"/>
<opset="cnt_18/3 "/>
</bind>
</comp>

<comp id="3889" class="1004" name="zext_ln11_304_fu_3889">
<pin_list>
<pin id="3890" dir="0" index="0" bw="2" slack="1"/>
<pin id="3891" dir="1" index="1" bw="3" slack="0"/>
</pin_list>
<bind>
<opcode="zext(34) " fcode="zext"/>
<opset="zext_ln11_304/3 "/>
</bind>
</comp>

<comp id="3892" class="1004" name="zext_ln11_305_fu_3892">
<pin_list>
<pin id="3893" dir="0" index="0" bw="2" slack="1"/>
<pin id="3894" dir="1" index="1" bw="3" slack="0"/>
</pin_list>
<bind>
<opcode="zext(34) " fcode="zext"/>
<opset="zext_ln11_305/3 "/>
</bind>
</comp>

<comp id="3895" class="1004" name="add_ln11_151_fu_3895">
<pin_list>
<pin id="3896" dir="0" index="0" bw="2" slack="0"/>
<pin id="3897" dir="0" index="1" bw="2" slack="0"/>
<pin id="3898" dir="1" index="2" bw="3" slack="0"/>
</pin_list>
<bind>
<opcode="add(8) " fcode="add"/>
<opset="add_ln11_151/3 "/>
</bind>
</comp>

<comp id="3901" class="1004" name="zext_ln11_306_fu_3901">
<pin_list>
<pin id="3902" dir="0" index="0" bw="3" slack="0"/>
<pin id="3903" dir="1" index="1" bw="4" slack="0"/>
</pin_list>
<bind>
<opcode="zext(34) " fcode="zext"/>
<opset="zext_ln11_306/3 "/>
</bind>
</comp>

<comp id="3905" class="1004" name="zext_ln11_307_fu_3905">
<pin_list>
<pin id="3906" dir="0" index="0" bw="2" slack="1"/>
<pin id="3907" dir="1" index="1" bw="3" slack="0"/>
</pin_list>
<bind>
<opcode="zext(34) " fcode="zext"/>
<opset="zext_ln11_307/3 "/>
</bind>
</comp>

<comp id="3908" class="1004" name="zext_ln11_308_fu_3908">
<pin_list>
<pin id="3909" dir="0" index="0" bw="2" slack="1"/>
<pin id="3910" dir="1" index="1" bw="3" slack="0"/>
</pin_list>
<bind>
<opcode="zext(34) " fcode="zext"/>
<opset="zext_ln11_308/3 "/>
</bind>
</comp>

<comp id="3911" class="1004" name="add_ln11_154_fu_3911">
<pin_list>
<pin id="3912" dir="0" index="0" bw="2" slack="0"/>
<pin id="3913" dir="0" index="1" bw="2" slack="0"/>
<pin id="3914" dir="1" index="2" bw="3" slack="0"/>
</pin_list>
<bind>
<opcode="add(8) " fcode="add"/>
<opset="add_ln11_154/3 "/>
</bind>
</comp>

<comp id="3917" class="1004" name="zext_ln11_309_fu_3917">
<pin_list>
<pin id="3918" dir="0" index="0" bw="3" slack="0"/>
<pin id="3919" dir="1" index="1" bw="4" slack="0"/>
</pin_list>
<bind>
<opcode="zext(34) " fcode="zext"/>
<opset="zext_ln11_309/3 "/>
</bind>
</comp>

<comp id="3921" class="1004" name="add_ln11_155_fu_3921">
<pin_list>
<pin id="3922" dir="0" index="0" bw="3" slack="0"/>
<pin id="3923" dir="0" index="1" bw="3" slack="0"/>
<pin id="3924" dir="1" index="2" bw="4" slack="0"/>
</pin_list>
<bind>
<opcode="add(8) " fcode="add"/>
<opset="add_ln11_155/3 "/>
</bind>
</comp>

<comp id="3927" class="1004" name="zext_ln11_310_fu_3927">
<pin_list>
<pin id="3928" dir="0" index="0" bw="4" slack="0"/>
<pin id="3929" dir="1" index="1" bw="5" slack="0"/>
</pin_list>
<bind>
<opcode="zext(34) " fcode="zext"/>
<opset="zext_ln11_310/3 "/>
</bind>
</comp>

<comp id="3931" class="1004" name="zext_ln11_311_fu_3931">
<pin_list>
<pin id="3932" dir="0" index="0" bw="2" slack="1"/>
<pin id="3933" dir="1" index="1" bw="3" slack="0"/>
</pin_list>
<bind>
<opcode="zext(34) " fcode="zext"/>
<opset="zext_ln11_311/3 "/>
</bind>
</comp>

<comp id="3934" class="1004" name="zext_ln11_312_fu_3934">
<pin_list>
<pin id="3935" dir="0" index="0" bw="2" slack="1"/>
<pin id="3936" dir="1" index="1" bw="3" slack="0"/>
</pin_list>
<bind>
<opcode="zext(34) " fcode="zext"/>
<opset="zext_ln11_312/3 "/>
</bind>
</comp>

<comp id="3937" class="1004" name="add_ln11_158_fu_3937">
<pin_list>
<pin id="3938" dir="0" index="0" bw="2" slack="0"/>
<pin id="3939" dir="0" index="1" bw="2" slack="0"/>
<pin id="3940" dir="1" index="2" bw="3" slack="0"/>
</pin_list>
<bind>
<opcode="add(8) " fcode="add"/>
<opset="add_ln11_158/3 "/>
</bind>
</comp>

<comp id="3943" class="1004" name="zext_ln11_313_fu_3943">
<pin_list>
<pin id="3944" dir="0" index="0" bw="3" slack="0"/>
<pin id="3945" dir="1" index="1" bw="4" slack="0"/>
</pin_list>
<bind>
<opcode="zext(34) " fcode="zext"/>
<opset="zext_ln11_313/3 "/>
</bind>
</comp>

<comp id="3947" class="1004" name="zext_ln11_314_fu_3947">
<pin_list>
<pin id="3948" dir="0" index="0" bw="2" slack="1"/>
<pin id="3949" dir="1" index="1" bw="3" slack="0"/>
</pin_list>
<bind>
<opcode="zext(34) " fcode="zext"/>
<opset="zext_ln11_314/3 "/>
</bind>
</comp>

<comp id="3950" class="1004" name="zext_ln11_315_fu_3950">
<pin_list>
<pin id="3951" dir="0" index="0" bw="2" slack="1"/>
<pin id="3952" dir="1" index="1" bw="3" slack="0"/>
</pin_list>
<bind>
<opcode="zext(34) " fcode="zext"/>
<opset="zext_ln11_315/3 "/>
</bind>
</comp>

<comp id="3953" class="1004" name="add_ln11_161_fu_3953">
<pin_list>
<pin id="3954" dir="0" index="0" bw="2" slack="0"/>
<pin id="3955" dir="0" index="1" bw="2" slack="0"/>
<pin id="3956" dir="1" index="2" bw="3" slack="0"/>
</pin_list>
<bind>
<opcode="add(8) " fcode="add"/>
<opset="add_ln11_161/3 "/>
</bind>
</comp>

<comp id="3959" class="1004" name="zext_ln11_316_fu_3959">
<pin_list>
<pin id="3960" dir="0" index="0" bw="3" slack="0"/>
<pin id="3961" dir="1" index="1" bw="4" slack="0"/>
</pin_list>
<bind>
<opcode="zext(34) " fcode="zext"/>
<opset="zext_ln11_316/3 "/>
</bind>
</comp>

<comp id="3963" class="1004" name="add_ln11_162_fu_3963">
<pin_list>
<pin id="3964" dir="0" index="0" bw="3" slack="0"/>
<pin id="3965" dir="0" index="1" bw="3" slack="0"/>
<pin id="3966" dir="1" index="2" bw="4" slack="0"/>
</pin_list>
<bind>
<opcode="add(8) " fcode="add"/>
<opset="add_ln11_162/3 "/>
</bind>
</comp>

<comp id="3969" class="1004" name="zext_ln11_317_fu_3969">
<pin_list>
<pin id="3970" dir="0" index="0" bw="4" slack="0"/>
<pin id="3971" dir="1" index="1" bw="5" slack="0"/>
</pin_list>
<bind>
<opcode="zext(34) " fcode="zext"/>
<opset="zext_ln11_317/3 "/>
</bind>
</comp>

<comp id="3973" class="1004" name="cnt_20_fu_3973">
<pin_list>
<pin id="3974" dir="0" index="0" bw="4" slack="0"/>
<pin id="3975" dir="0" index="1" bw="4" slack="0"/>
<pin id="3976" dir="1" index="2" bw="5" slack="0"/>
</pin_list>
<bind>
<opcode="add(8) " fcode="add"/>
<opset="cnt_20/3 "/>
</bind>
</comp>

<comp id="3979" class="1004" name="zext_ln11_333_fu_3979">
<pin_list>
<pin id="3980" dir="0" index="0" bw="2" slack="1"/>
<pin id="3981" dir="1" index="1" bw="3" slack="0"/>
</pin_list>
<bind>
<opcode="zext(34) " fcode="zext"/>
<opset="zext_ln11_333/3 "/>
</bind>
</comp>

<comp id="3982" class="1004" name="zext_ln11_334_fu_3982">
<pin_list>
<pin id="3983" dir="0" index="0" bw="2" slack="1"/>
<pin id="3984" dir="1" index="1" bw="3" slack="0"/>
</pin_list>
<bind>
<opcode="zext(34) " fcode="zext"/>
<opset="zext_ln11_334/3 "/>
</bind>
</comp>

<comp id="3985" class="1004" name="add_ln11_166_fu_3985">
<pin_list>
<pin id="3986" dir="0" index="0" bw="2" slack="0"/>
<pin id="3987" dir="0" index="1" bw="2" slack="0"/>
<pin id="3988" dir="1" index="2" bw="3" slack="0"/>
</pin_list>
<bind>
<opcode="add(8) " fcode="add"/>
<opset="add_ln11_166/3 "/>
</bind>
</comp>

<comp id="3991" class="1004" name="zext_ln11_335_fu_3991">
<pin_list>
<pin id="3992" dir="0" index="0" bw="3" slack="0"/>
<pin id="3993" dir="1" index="1" bw="4" slack="0"/>
</pin_list>
<bind>
<opcode="zext(34) " fcode="zext"/>
<opset="zext_ln11_335/3 "/>
</bind>
</comp>

<comp id="3995" class="1004" name="zext_ln11_336_fu_3995">
<pin_list>
<pin id="3996" dir="0" index="0" bw="2" slack="1"/>
<pin id="3997" dir="1" index="1" bw="3" slack="0"/>
</pin_list>
<bind>
<opcode="zext(34) " fcode="zext"/>
<opset="zext_ln11_336/3 "/>
</bind>
</comp>

<comp id="3998" class="1004" name="zext_ln11_337_fu_3998">
<pin_list>
<pin id="3999" dir="0" index="0" bw="2" slack="1"/>
<pin id="4000" dir="1" index="1" bw="3" slack="0"/>
</pin_list>
<bind>
<opcode="zext(34) " fcode="zext"/>
<opset="zext_ln11_337/3 "/>
</bind>
</comp>

<comp id="4001" class="1004" name="add_ln11_169_fu_4001">
<pin_list>
<pin id="4002" dir="0" index="0" bw="2" slack="0"/>
<pin id="4003" dir="0" index="1" bw="2" slack="0"/>
<pin id="4004" dir="1" index="2" bw="3" slack="0"/>
</pin_list>
<bind>
<opcode="add(8) " fcode="add"/>
<opset="add_ln11_169/3 "/>
</bind>
</comp>

<comp id="4007" class="1004" name="zext_ln11_338_fu_4007">
<pin_list>
<pin id="4008" dir="0" index="0" bw="3" slack="0"/>
<pin id="4009" dir="1" index="1" bw="4" slack="0"/>
</pin_list>
<bind>
<opcode="zext(34) " fcode="zext"/>
<opset="zext_ln11_338/3 "/>
</bind>
</comp>

<comp id="4011" class="1004" name="add_ln11_170_fu_4011">
<pin_list>
<pin id="4012" dir="0" index="0" bw="3" slack="0"/>
<pin id="4013" dir="0" index="1" bw="3" slack="0"/>
<pin id="4014" dir="1" index="2" bw="4" slack="0"/>
</pin_list>
<bind>
<opcode="add(8) " fcode="add"/>
<opset="add_ln11_170/3 "/>
</bind>
</comp>

<comp id="4017" class="1004" name="zext_ln11_339_fu_4017">
<pin_list>
<pin id="4018" dir="0" index="0" bw="4" slack="0"/>
<pin id="4019" dir="1" index="1" bw="5" slack="0"/>
</pin_list>
<bind>
<opcode="zext(34) " fcode="zext"/>
<opset="zext_ln11_339/3 "/>
</bind>
</comp>

<comp id="4021" class="1004" name="zext_ln11_340_fu_4021">
<pin_list>
<pin id="4022" dir="0" index="0" bw="2" slack="1"/>
<pin id="4023" dir="1" index="1" bw="3" slack="0"/>
</pin_list>
<bind>
<opcode="zext(34) " fcode="zext"/>
<opset="zext_ln11_340/3 "/>
</bind>
</comp>

<comp id="4024" class="1004" name="zext_ln11_341_fu_4024">
<pin_list>
<pin id="4025" dir="0" index="0" bw="2" slack="1"/>
<pin id="4026" dir="1" index="1" bw="3" slack="0"/>
</pin_list>
<bind>
<opcode="zext(34) " fcode="zext"/>
<opset="zext_ln11_341/3 "/>
</bind>
</comp>

<comp id="4027" class="1004" name="add_ln11_173_fu_4027">
<pin_list>
<pin id="4028" dir="0" index="0" bw="2" slack="0"/>
<pin id="4029" dir="0" index="1" bw="2" slack="0"/>
<pin id="4030" dir="1" index="2" bw="3" slack="0"/>
</pin_list>
<bind>
<opcode="add(8) " fcode="add"/>
<opset="add_ln11_173/3 "/>
</bind>
</comp>

<comp id="4033" class="1004" name="zext_ln11_342_fu_4033">
<pin_list>
<pin id="4034" dir="0" index="0" bw="3" slack="0"/>
<pin id="4035" dir="1" index="1" bw="4" slack="0"/>
</pin_list>
<bind>
<opcode="zext(34) " fcode="zext"/>
<opset="zext_ln11_342/3 "/>
</bind>
</comp>

<comp id="4037" class="1004" name="zext_ln11_343_fu_4037">
<pin_list>
<pin id="4038" dir="0" index="0" bw="2" slack="1"/>
<pin id="4039" dir="1" index="1" bw="3" slack="0"/>
</pin_list>
<bind>
<opcode="zext(34) " fcode="zext"/>
<opset="zext_ln11_343/3 "/>
</bind>
</comp>

<comp id="4040" class="1004" name="zext_ln11_344_fu_4040">
<pin_list>
<pin id="4041" dir="0" index="0" bw="2" slack="1"/>
<pin id="4042" dir="1" index="1" bw="3" slack="0"/>
</pin_list>
<bind>
<opcode="zext(34) " fcode="zext"/>
<opset="zext_ln11_344/3 "/>
</bind>
</comp>

<comp id="4043" class="1004" name="add_ln11_176_fu_4043">
<pin_list>
<pin id="4044" dir="0" index="0" bw="2" slack="0"/>
<pin id="4045" dir="0" index="1" bw="2" slack="0"/>
<pin id="4046" dir="1" index="2" bw="3" slack="0"/>
</pin_list>
<bind>
<opcode="add(8) " fcode="add"/>
<opset="add_ln11_176/3 "/>
</bind>
</comp>

<comp id="4049" class="1004" name="zext_ln11_345_fu_4049">
<pin_list>
<pin id="4050" dir="0" index="0" bw="3" slack="0"/>
<pin id="4051" dir="1" index="1" bw="4" slack="0"/>
</pin_list>
<bind>
<opcode="zext(34) " fcode="zext"/>
<opset="zext_ln11_345/3 "/>
</bind>
</comp>

<comp id="4053" class="1004" name="add_ln11_177_fu_4053">
<pin_list>
<pin id="4054" dir="0" index="0" bw="3" slack="0"/>
<pin id="4055" dir="0" index="1" bw="3" slack="0"/>
<pin id="4056" dir="1" index="2" bw="4" slack="0"/>
</pin_list>
<bind>
<opcode="add(8) " fcode="add"/>
<opset="add_ln11_177/3 "/>
</bind>
</comp>

<comp id="4059" class="1004" name="zext_ln11_346_fu_4059">
<pin_list>
<pin id="4060" dir="0" index="0" bw="4" slack="0"/>
<pin id="4061" dir="1" index="1" bw="5" slack="0"/>
</pin_list>
<bind>
<opcode="zext(34) " fcode="zext"/>
<opset="zext_ln11_346/3 "/>
</bind>
</comp>

<comp id="4063" class="1004" name="cnt_22_fu_4063">
<pin_list>
<pin id="4064" dir="0" index="0" bw="4" slack="0"/>
<pin id="4065" dir="0" index="1" bw="4" slack="0"/>
<pin id="4066" dir="1" index="2" bw="5" slack="0"/>
</pin_list>
<bind>
<opcode="add(8) " fcode="add"/>
<opset="cnt_22/3 "/>
</bind>
</comp>

<comp id="4069" class="1004" name="zext_ln61_fu_4069">
<pin_list>
<pin id="4070" dir="0" index="0" bw="5" slack="0"/>
<pin id="4071" dir="1" index="1" bw="6" slack="0"/>
</pin_list>
<bind>
<opcode="zext(34) " fcode="zext"/>
<opset="zext_ln61/3 "/>
</bind>
</comp>

<comp id="4073" class="1004" name="zext_ln61_3_fu_4073">
<pin_list>
<pin id="4074" dir="0" index="0" bw="5" slack="0"/>
<pin id="4075" dir="1" index="1" bw="6" slack="0"/>
</pin_list>
<bind>
<opcode="zext(34) " fcode="zext"/>
<opset="zext_ln61_3/3 "/>
</bind>
</comp>

<comp id="4077" class="1004" name="zext_ln61_4_fu_4077">
<pin_list>
<pin id="4078" dir="0" index="0" bw="5" slack="0"/>
<pin id="4079" dir="1" index="1" bw="6" slack="0"/>
</pin_list>
<bind>
<opcode="zext(34) " fcode="zext"/>
<opset="zext_ln61_4/3 "/>
</bind>
</comp>

<comp id="4081" class="1004" name="zext_ln61_5_fu_4081">
<pin_list>
<pin id="4082" dir="0" index="0" bw="5" slack="0"/>
<pin id="4083" dir="1" index="1" bw="6" slack="0"/>
</pin_list>
<bind>
<opcode="zext(34) " fcode="zext"/>
<opset="zext_ln61_5/3 "/>
</bind>
</comp>

<comp id="4085" class="1004" name="zext_ln61_6_fu_4085">
<pin_list>
<pin id="4086" dir="0" index="0" bw="5" slack="0"/>
<pin id="4087" dir="1" index="1" bw="6" slack="0"/>
</pin_list>
<bind>
<opcode="zext(34) " fcode="zext"/>
<opset="zext_ln61_6/3 "/>
</bind>
</comp>

<comp id="4089" class="1004" name="zext_ln61_7_fu_4089">
<pin_list>
<pin id="4090" dir="0" index="0" bw="5" slack="0"/>
<pin id="4091" dir="1" index="1" bw="6" slack="0"/>
</pin_list>
<bind>
<opcode="zext(34) " fcode="zext"/>
<opset="zext_ln61_7/3 "/>
</bind>
</comp>

<comp id="4093" class="1004" name="zext_ln61_8_fu_4093">
<pin_list>
<pin id="4094" dir="0" index="0" bw="5" slack="0"/>
<pin id="4095" dir="1" index="1" bw="6" slack="0"/>
</pin_list>
<bind>
<opcode="zext(34) " fcode="zext"/>
<opset="zext_ln61_8/3 "/>
</bind>
</comp>

<comp id="4097" class="1004" name="zext_ln64_fu_4097">
<pin_list>
<pin id="4098" dir="0" index="0" bw="5" slack="0"/>
<pin id="4099" dir="1" index="1" bw="6" slack="0"/>
</pin_list>
<bind>
<opcode="zext(34) " fcode="zext"/>
<opset="zext_ln64/3 "/>
</bind>
</comp>

<comp id="4101" class="1004" name="add_ln64_fu_4101">
<pin_list>
<pin id="4102" dir="0" index="0" bw="5" slack="0"/>
<pin id="4103" dir="0" index="1" bw="5" slack="0"/>
<pin id="4104" dir="1" index="2" bw="6" slack="1"/>
</pin_list>
<bind>
<opcode="add(8) " fcode="add"/>
<opset="add_ln64/3 "/>
</bind>
</comp>

<comp id="4107" class="1004" name="add_ln64_4_fu_4107">
<pin_list>
<pin id="4108" dir="0" index="0" bw="5" slack="0"/>
<pin id="4109" dir="0" index="1" bw="5" slack="0"/>
<pin id="4110" dir="1" index="2" bw="6" slack="1"/>
</pin_list>
<bind>
<opcode="add(8) " fcode="add"/>
<opset="add_ln64_4/3 "/>
</bind>
</comp>

<comp id="4113" class="1004" name="add_ln64_6_fu_4113">
<pin_list>
<pin id="4114" dir="0" index="0" bw="5" slack="0"/>
<pin id="4115" dir="0" index="1" bw="5" slack="0"/>
<pin id="4116" dir="1" index="2" bw="6" slack="1"/>
</pin_list>
<bind>
<opcode="add(8) " fcode="add"/>
<opset="add_ln64_6/3 "/>
</bind>
</comp>

<comp id="4119" class="1004" name="add_ln64_7_fu_4119">
<pin_list>
<pin id="4120" dir="0" index="0" bw="5" slack="0"/>
<pin id="4121" dir="0" index="1" bw="5" slack="0"/>
<pin id="4122" dir="1" index="2" bw="6" slack="1"/>
</pin_list>
<bind>
<opcode="add(8) " fcode="add"/>
<opset="add_ln64_7/3 "/>
</bind>
</comp>

<comp id="4125" class="1004" name="zext_ln64_3_fu_4125">
<pin_list>
<pin id="4126" dir="0" index="0" bw="6" slack="1"/>
<pin id="4127" dir="1" index="1" bw="7" slack="0"/>
</pin_list>
<bind>
<opcode="zext(34) " fcode="zext"/>
<opset="zext_ln64_3/4 "/>
</bind>
</comp>

<comp id="4128" class="1004" name="zext_ln64_4_fu_4128">
<pin_list>
<pin id="4129" dir="0" index="0" bw="6" slack="1"/>
<pin id="4130" dir="1" index="1" bw="7" slack="0"/>
</pin_list>
<bind>
<opcode="zext(34) " fcode="zext"/>
<opset="zext_ln64_4/4 "/>
</bind>
</comp>

<comp id="4131" class="1004" name="add_ln64_5_fu_4131">
<pin_list>
<pin id="4132" dir="0" index="0" bw="6" slack="0"/>
<pin id="4133" dir="0" index="1" bw="6" slack="0"/>
<pin id="4134" dir="1" index="2" bw="7" slack="0"/>
</pin_list>
<bind>
<opcode="add(8) " fcode="add"/>
<opset="add_ln64_5/4 "/>
</bind>
</comp>

<comp id="4137" class="1004" name="zext_ln64_5_fu_4137">
<pin_list>
<pin id="4138" dir="0" index="0" bw="7" slack="0"/>
<pin id="4139" dir="1" index="1" bw="8" slack="0"/>
</pin_list>
<bind>
<opcode="zext(34) " fcode="zext"/>
<opset="zext_ln64_5/4 "/>
</bind>
</comp>

<comp id="4141" class="1004" name="zext_ln64_6_fu_4141">
<pin_list>
<pin id="4142" dir="0" index="0" bw="6" slack="1"/>
<pin id="4143" dir="1" index="1" bw="7" slack="0"/>
</pin_list>
<bind>
<opcode="zext(34) " fcode="zext"/>
<opset="zext_ln64_6/4 "/>
</bind>
</comp>

<comp id="4144" class="1004" name="zext_ln64_7_fu_4144">
<pin_list>
<pin id="4145" dir="0" index="0" bw="6" slack="1"/>
<pin id="4146" dir="1" index="1" bw="7" slack="0"/>
</pin_list>
<bind>
<opcode="zext(34) " fcode="zext"/>
<opset="zext_ln64_7/4 "/>
</bind>
</comp>

<comp id="4147" class="1004" name="add_ln64_8_fu_4147">
<pin_list>
<pin id="4148" dir="0" index="0" bw="6" slack="0"/>
<pin id="4149" dir="0" index="1" bw="6" slack="0"/>
<pin id="4150" dir="1" index="2" bw="7" slack="0"/>
</pin_list>
<bind>
<opcode="add(8) " fcode="add"/>
<opset="add_ln64_8/4 "/>
</bind>
</comp>

<comp id="4153" class="1004" name="zext_ln64_8_fu_4153">
<pin_list>
<pin id="4154" dir="0" index="0" bw="7" slack="0"/>
<pin id="4155" dir="1" index="1" bw="8" slack="0"/>
</pin_list>
<bind>
<opcode="zext(34) " fcode="zext"/>
<opset="zext_ln64_8/4 "/>
</bind>
</comp>

<comp id="4157" class="1004" name="add_ln64_2_fu_4157">
<pin_list>
<pin id="4158" dir="0" index="0" bw="7" slack="0"/>
<pin id="4159" dir="0" index="1" bw="7" slack="0"/>
<pin id="4160" dir="1" index="2" bw="8" slack="1"/>
</pin_list>
<bind>
<opcode="add(8) " fcode="add"/>
<opset="add_ln64_2/4 "/>
</bind>
</comp>

<comp id="4163" class="1004" name="zext_ln120_fu_4163">
<pin_list>
<pin id="4164" dir="0" index="0" bw="7" slack="4"/>
<pin id="4165" dir="1" index="1" bw="64" slack="0"/>
</pin_list>
<bind>
<opcode="zext(34) " fcode="zext"/>
<opset="zext_ln120/5 "/>
</bind>
</comp>

<comp id="4167" class="1004" name="shl_ln64_1_fu_4167">
<pin_list>
<pin id="4168" dir="0" index="0" bw="9" slack="0"/>
<pin id="4169" dir="0" index="1" bw="8" slack="1"/>
<pin id="4170" dir="0" index="2" bw="1" slack="0"/>
<pin id="4171" dir="1" index="3" bw="9" slack="0"/>
</pin_list>
<bind>
<opcode="bitconcatenate(1004) " fcode="bitconcatenate"/>
<opset="shl_ln64_1/5 "/>
</bind>
</comp>

<comp id="4174" class="1004" name="dot_fu_4174">
<pin_list>
<pin id="4175" dir="0" index="0" bw="9" slack="0"/>
<pin id="4176" dir="0" index="1" bw="8" slack="0"/>
<pin id="4177" dir="1" index="2" bw="9" slack="0"/>
</pin_list>
<bind>
<opcode="add(8) " fcode="add"/>
<opset="dot/5 "/>
</bind>
</comp>

<comp id="4180" class="1004" name="sext_ln123_fu_4180">
<pin_list>
<pin id="4181" dir="0" index="0" bw="9" slack="0"/>
<pin id="4182" dir="1" index="1" bw="32" slack="0"/>
</pin_list>
<bind>
<opcode="sext(35) " fcode="sext"/>
<opset="sext_ln123/5 "/>
</bind>
</comp>

<comp id="4185" class="1004" name="l2_bits_64_fu_4185">
<pin_list>
<pin id="4186" dir="0" index="0" bw="9" slack="0"/>
<pin id="4187" dir="0" index="1" bw="9" slack="0"/>
<pin id="4188" dir="1" index="2" bw="1" slack="0"/>
</pin_list>
<bind>
<opcode="icmp(45) " fcode="icmp"/>
<opset="l2_bits_64/5 "/>
</bind>
</comp>

<comp id="4191" class="1004" name="store_ln116_store_fu_4191">
<pin_list>
<pin id="4192" dir="0" index="0" bw="1" slack="0"/>
<pin id="4193" dir="0" index="1" bw="1" slack="4"/>
<pin id="4194" dir="1" index="2" bw="0" slack="2147483647"/>
</pin_list>
<bind>
<opcode="store(28) " fcode="store"/>
<opset="store_ln116/5 "/>
</bind>
</comp>

<comp id="4196" class="1004" name="store_ln116_store_fu_4196">
<pin_list>
<pin id="4197" dir="0" index="0" bw="1" slack="0"/>
<pin id="4198" dir="0" index="1" bw="1" slack="4"/>
<pin id="4199" dir="1" index="2" bw="0" slack="2147483647"/>
</pin_list>
<bind>
<opcode="store(28) " fcode="store"/>
<opset="store_ln116/5 "/>
</bind>
</comp>

<comp id="4201" class="1004" name="store_ln116_store_fu_4201">
<pin_list>
<pin id="4202" dir="0" index="0" bw="1" slack="0"/>
<pin id="4203" dir="0" index="1" bw="1" slack="4"/>
<pin id="4204" dir="1" index="2" bw="0" slack="2147483647"/>
</pin_list>
<bind>
<opcode="store(28) " fcode="store"/>
<opset="store_ln116/5 "/>
</bind>
</comp>

<comp id="4206" class="1004" name="store_ln116_store_fu_4206">
<pin_list>
<pin id="4207" dir="0" index="0" bw="1" slack="0"/>
<pin id="4208" dir="0" index="1" bw="1" slack="4"/>
<pin id="4209" dir="1" index="2" bw="0" slack="2147483647"/>
</pin_list>
<bind>
<opcode="store(28) " fcode="store"/>
<opset="store_ln116/5 "/>
</bind>
</comp>

<comp id="4211" class="1004" name="store_ln116_store_fu_4211">
<pin_list>
<pin id="4212" dir="0" index="0" bw="1" slack="0"/>
<pin id="4213" dir="0" index="1" bw="1" slack="4"/>
<pin id="4214" dir="1" index="2" bw="0" slack="2147483647"/>
</pin_list>
<bind>
<opcode="store(28) " fcode="store"/>
<opset="store_ln116/5 "/>
</bind>
</comp>

<comp id="4216" class="1004" name="store_ln116_store_fu_4216">
<pin_list>
<pin id="4217" dir="0" index="0" bw="1" slack="0"/>
<pin id="4218" dir="0" index="1" bw="1" slack="4"/>
<pin id="4219" dir="1" index="2" bw="0" slack="2147483647"/>
</pin_list>
<bind>
<opcode="store(28) " fcode="store"/>
<opset="store_ln116/5 "/>
</bind>
</comp>

<comp id="4221" class="1004" name="store_ln116_store_fu_4221">
<pin_list>
<pin id="4222" dir="0" index="0" bw="1" slack="0"/>
<pin id="4223" dir="0" index="1" bw="1" slack="4"/>
<pin id="4224" dir="1" index="2" bw="0" slack="2147483647"/>
</pin_list>
<bind>
<opcode="store(28) " fcode="store"/>
<opset="store_ln116/5 "/>
</bind>
</comp>

<comp id="4226" class="1004" name="store_ln116_store_fu_4226">
<pin_list>
<pin id="4227" dir="0" index="0" bw="1" slack="0"/>
<pin id="4228" dir="0" index="1" bw="1" slack="4"/>
<pin id="4229" dir="1" index="2" bw="0" slack="2147483647"/>
</pin_list>
<bind>
<opcode="store(28) " fcode="store"/>
<opset="store_ln116/5 "/>
</bind>
</comp>

<comp id="4231" class="1004" name="store_ln116_store_fu_4231">
<pin_list>
<pin id="4232" dir="0" index="0" bw="1" slack="0"/>
<pin id="4233" dir="0" index="1" bw="1" slack="4"/>
<pin id="4234" dir="1" index="2" bw="0" slack="2147483647"/>
</pin_list>
<bind>
<opcode="store(28) " fcode="store"/>
<opset="store_ln116/5 "/>
</bind>
</comp>

<comp id="4236" class="1004" name="store_ln116_store_fu_4236">
<pin_list>
<pin id="4237" dir="0" index="0" bw="1" slack="0"/>
<pin id="4238" dir="0" index="1" bw="1" slack="4"/>
<pin id="4239" dir="1" index="2" bw="0" slack="2147483647"/>
</pin_list>
<bind>
<opcode="store(28) " fcode="store"/>
<opset="store_ln116/5 "/>
</bind>
</comp>

<comp id="4241" class="1004" name="store_ln116_store_fu_4241">
<pin_list>
<pin id="4242" dir="0" index="0" bw="1" slack="0"/>
<pin id="4243" dir="0" index="1" bw="1" slack="4"/>
<pin id="4244" dir="1" index="2" bw="0" slack="2147483647"/>
</pin_list>
<bind>
<opcode="store(28) " fcode="store"/>
<opset="store_ln116/5 "/>
</bind>
</comp>

<comp id="4246" class="1004" name="store_ln116_store_fu_4246">
<pin_list>
<pin id="4247" dir="0" index="0" bw="1" slack="0"/>
<pin id="4248" dir="0" index="1" bw="1" slack="4"/>
<pin id="4249" dir="1" index="2" bw="0" slack="2147483647"/>
</pin_list>
<bind>
<opcode="store(28) " fcode="store"/>
<opset="store_ln116/5 "/>
</bind>
</comp>

<comp id="4251" class="1004" name="store_ln116_store_fu_4251">
<pin_list>
<pin id="4252" dir="0" index="0" bw="1" slack="0"/>
<pin id="4253" dir="0" index="1" bw="1" slack="4"/>
<pin id="4254" dir="1" index="2" bw="0" slack="2147483647"/>
</pin_list>
<bind>
<opcode="store(28) " fcode="store"/>
<opset="store_ln116/5 "/>
</bind>
</comp>

<comp id="4256" class="1004" name="store_ln116_store_fu_4256">
<pin_list>
<pin id="4257" dir="0" index="0" bw="1" slack="0"/>
<pin id="4258" dir="0" index="1" bw="1" slack="4"/>
<pin id="4259" dir="1" index="2" bw="0" slack="2147483647"/>
</pin_list>
<bind>
<opcode="store(28) " fcode="store"/>
<opset="store_ln116/5 "/>
</bind>
</comp>

<comp id="4261" class="1004" name="store_ln116_store_fu_4261">
<pin_list>
<pin id="4262" dir="0" index="0" bw="1" slack="0"/>
<pin id="4263" dir="0" index="1" bw="1" slack="4"/>
<pin id="4264" dir="1" index="2" bw="0" slack="2147483647"/>
</pin_list>
<bind>
<opcode="store(28) " fcode="store"/>
<opset="store_ln116/5 "/>
</bind>
</comp>

<comp id="4266" class="1004" name="store_ln116_store_fu_4266">
<pin_list>
<pin id="4267" dir="0" index="0" bw="1" slack="0"/>
<pin id="4268" dir="0" index="1" bw="1" slack="4"/>
<pin id="4269" dir="1" index="2" bw="0" slack="2147483647"/>
</pin_list>
<bind>
<opcode="store(28) " fcode="store"/>
<opset="store_ln116/5 "/>
</bind>
</comp>

<comp id="4271" class="1004" name="store_ln116_store_fu_4271">
<pin_list>
<pin id="4272" dir="0" index="0" bw="1" slack="0"/>
<pin id="4273" dir="0" index="1" bw="1" slack="4"/>
<pin id="4274" dir="1" index="2" bw="0" slack="2147483647"/>
</pin_list>
<bind>
<opcode="store(28) " fcode="store"/>
<opset="store_ln116/5 "/>
</bind>
</comp>

<comp id="4276" class="1004" name="store_ln116_store_fu_4276">
<pin_list>
<pin id="4277" dir="0" index="0" bw="1" slack="0"/>
<pin id="4278" dir="0" index="1" bw="1" slack="4"/>
<pin id="4279" dir="1" index="2" bw="0" slack="2147483647"/>
</pin_list>
<bind>
<opcode="store(28) " fcode="store"/>
<opset="store_ln116/5 "/>
</bind>
</comp>

<comp id="4281" class="1004" name="store_ln116_store_fu_4281">
<pin_list>
<pin id="4282" dir="0" index="0" bw="1" slack="0"/>
<pin id="4283" dir="0" index="1" bw="1" slack="4"/>
<pin id="4284" dir="1" index="2" bw="0" slack="2147483647"/>
</pin_list>
<bind>
<opcode="store(28) " fcode="store"/>
<opset="store_ln116/5 "/>
</bind>
</comp>

<comp id="4286" class="1004" name="store_ln116_store_fu_4286">
<pin_list>
<pin id="4287" dir="0" index="0" bw="1" slack="0"/>
<pin id="4288" dir="0" index="1" bw="1" slack="4"/>
<pin id="4289" dir="1" index="2" bw="0" slack="2147483647"/>
</pin_list>
<bind>
<opcode="store(28) " fcode="store"/>
<opset="store_ln116/5 "/>
</bind>
</comp>

<comp id="4291" class="1004" name="store_ln116_store_fu_4291">
<pin_list>
<pin id="4292" dir="0" index="0" bw="1" slack="0"/>
<pin id="4293" dir="0" index="1" bw="1" slack="4"/>
<pin id="4294" dir="1" index="2" bw="0" slack="2147483647"/>
</pin_list>
<bind>
<opcode="store(28) " fcode="store"/>
<opset="store_ln116/5 "/>
</bind>
</comp>

<comp id="4296" class="1004" name="store_ln116_store_fu_4296">
<pin_list>
<pin id="4297" dir="0" index="0" bw="1" slack="0"/>
<pin id="4298" dir="0" index="1" bw="1" slack="4"/>
<pin id="4299" dir="1" index="2" bw="0" slack="2147483647"/>
</pin_list>
<bind>
<opcode="store(28) " fcode="store"/>
<opset="store_ln116/5 "/>
</bind>
</comp>

<comp id="4301" class="1004" name="store_ln116_store_fu_4301">
<pin_list>
<pin id="4302" dir="0" index="0" bw="1" slack="0"/>
<pin id="4303" dir="0" index="1" bw="1" slack="4"/>
<pin id="4304" dir="1" index="2" bw="0" slack="2147483647"/>
</pin_list>
<bind>
<opcode="store(28) " fcode="store"/>
<opset="store_ln116/5 "/>
</bind>
</comp>

<comp id="4306" class="1004" name="store_ln116_store_fu_4306">
<pin_list>
<pin id="4307" dir="0" index="0" bw="1" slack="0"/>
<pin id="4308" dir="0" index="1" bw="1" slack="4"/>
<pin id="4309" dir="1" index="2" bw="0" slack="2147483647"/>
</pin_list>
<bind>
<opcode="store(28) " fcode="store"/>
<opset="store_ln116/5 "/>
</bind>
</comp>

<comp id="4311" class="1004" name="store_ln116_store_fu_4311">
<pin_list>
<pin id="4312" dir="0" index="0" bw="1" slack="0"/>
<pin id="4313" dir="0" index="1" bw="1" slack="4"/>
<pin id="4314" dir="1" index="2" bw="0" slack="2147483647"/>
</pin_list>
<bind>
<opcode="store(28) " fcode="store"/>
<opset="store_ln116/5 "/>
</bind>
</comp>

<comp id="4316" class="1004" name="store_ln116_store_fu_4316">
<pin_list>
<pin id="4317" dir="0" index="0" bw="1" slack="0"/>
<pin id="4318" dir="0" index="1" bw="1" slack="4"/>
<pin id="4319" dir="1" index="2" bw="0" slack="2147483647"/>
</pin_list>
<bind>
<opcode="store(28) " fcode="store"/>
<opset="store_ln116/5 "/>
</bind>
</comp>

<comp id="4321" class="1004" name="store_ln116_store_fu_4321">
<pin_list>
<pin id="4322" dir="0" index="0" bw="1" slack="0"/>
<pin id="4323" dir="0" index="1" bw="1" slack="4"/>
<pin id="4324" dir="1" index="2" bw="0" slack="2147483647"/>
</pin_list>
<bind>
<opcode="store(28) " fcode="store"/>
<opset="store_ln116/5 "/>
</bind>
</comp>

<comp id="4326" class="1004" name="store_ln116_store_fu_4326">
<pin_list>
<pin id="4327" dir="0" index="0" bw="1" slack="0"/>
<pin id="4328" dir="0" index="1" bw="1" slack="4"/>
<pin id="4329" dir="1" index="2" bw="0" slack="2147483647"/>
</pin_list>
<bind>
<opcode="store(28) " fcode="store"/>
<opset="store_ln116/5 "/>
</bind>
</comp>

<comp id="4331" class="1004" name="store_ln116_store_fu_4331">
<pin_list>
<pin id="4332" dir="0" index="0" bw="1" slack="0"/>
<pin id="4333" dir="0" index="1" bw="1" slack="4"/>
<pin id="4334" dir="1" index="2" bw="0" slack="2147483647"/>
</pin_list>
<bind>
<opcode="store(28) " fcode="store"/>
<opset="store_ln116/5 "/>
</bind>
</comp>

<comp id="4336" class="1004" name="store_ln116_store_fu_4336">
<pin_list>
<pin id="4337" dir="0" index="0" bw="1" slack="0"/>
<pin id="4338" dir="0" index="1" bw="1" slack="4"/>
<pin id="4339" dir="1" index="2" bw="0" slack="2147483647"/>
</pin_list>
<bind>
<opcode="store(28) " fcode="store"/>
<opset="store_ln116/5 "/>
</bind>
</comp>

<comp id="4341" class="1004" name="store_ln116_store_fu_4341">
<pin_list>
<pin id="4342" dir="0" index="0" bw="1" slack="0"/>
<pin id="4343" dir="0" index="1" bw="1" slack="4"/>
<pin id="4344" dir="1" index="2" bw="0" slack="2147483647"/>
</pin_list>
<bind>
<opcode="store(28) " fcode="store"/>
<opset="store_ln116/5 "/>
</bind>
</comp>

<comp id="4346" class="1004" name="store_ln116_store_fu_4346">
<pin_list>
<pin id="4347" dir="0" index="0" bw="1" slack="0"/>
<pin id="4348" dir="0" index="1" bw="1" slack="4"/>
<pin id="4349" dir="1" index="2" bw="0" slack="2147483647"/>
</pin_list>
<bind>
<opcode="store(28) " fcode="store"/>
<opset="store_ln116/5 "/>
</bind>
</comp>

<comp id="4351" class="1004" name="store_ln116_store_fu_4351">
<pin_list>
<pin id="4352" dir="0" index="0" bw="1" slack="0"/>
<pin id="4353" dir="0" index="1" bw="1" slack="4"/>
<pin id="4354" dir="1" index="2" bw="0" slack="2147483647"/>
</pin_list>
<bind>
<opcode="store(28) " fcode="store"/>
<opset="store_ln116/5 "/>
</bind>
</comp>

<comp id="4356" class="1004" name="store_ln116_store_fu_4356">
<pin_list>
<pin id="4357" dir="0" index="0" bw="1" slack="0"/>
<pin id="4358" dir="0" index="1" bw="1" slack="4"/>
<pin id="4359" dir="1" index="2" bw="0" slack="2147483647"/>
</pin_list>
<bind>
<opcode="store(28) " fcode="store"/>
<opset="store_ln116/5 "/>
</bind>
</comp>

<comp id="4361" class="1004" name="store_ln116_store_fu_4361">
<pin_list>
<pin id="4362" dir="0" index="0" bw="1" slack="0"/>
<pin id="4363" dir="0" index="1" bw="1" slack="4"/>
<pin id="4364" dir="1" index="2" bw="0" slack="2147483647"/>
</pin_list>
<bind>
<opcode="store(28) " fcode="store"/>
<opset="store_ln116/5 "/>
</bind>
</comp>

<comp id="4366" class="1004" name="store_ln116_store_fu_4366">
<pin_list>
<pin id="4367" dir="0" index="0" bw="1" slack="0"/>
<pin id="4368" dir="0" index="1" bw="1" slack="4"/>
<pin id="4369" dir="1" index="2" bw="0" slack="2147483647"/>
</pin_list>
<bind>
<opcode="store(28) " fcode="store"/>
<opset="store_ln116/5 "/>
</bind>
</comp>

<comp id="4371" class="1004" name="store_ln116_store_fu_4371">
<pin_list>
<pin id="4372" dir="0" index="0" bw="1" slack="0"/>
<pin id="4373" dir="0" index="1" bw="1" slack="4"/>
<pin id="4374" dir="1" index="2" bw="0" slack="2147483647"/>
</pin_list>
<bind>
<opcode="store(28) " fcode="store"/>
<opset="store_ln116/5 "/>
</bind>
</comp>

<comp id="4376" class="1004" name="store_ln116_store_fu_4376">
<pin_list>
<pin id="4377" dir="0" index="0" bw="1" slack="0"/>
<pin id="4378" dir="0" index="1" bw="1" slack="4"/>
<pin id="4379" dir="1" index="2" bw="0" slack="2147483647"/>
</pin_list>
<bind>
<opcode="store(28) " fcode="store"/>
<opset="store_ln116/5 "/>
</bind>
</comp>

<comp id="4381" class="1004" name="store_ln116_store_fu_4381">
<pin_list>
<pin id="4382" dir="0" index="0" bw="1" slack="0"/>
<pin id="4383" dir="0" index="1" bw="1" slack="4"/>
<pin id="4384" dir="1" index="2" bw="0" slack="2147483647"/>
</pin_list>
<bind>
<opcode="store(28) " fcode="store"/>
<opset="store_ln116/5 "/>
</bind>
</comp>

<comp id="4386" class="1004" name="store_ln116_store_fu_4386">
<pin_list>
<pin id="4387" dir="0" index="0" bw="1" slack="0"/>
<pin id="4388" dir="0" index="1" bw="1" slack="4"/>
<pin id="4389" dir="1" index="2" bw="0" slack="2147483647"/>
</pin_list>
<bind>
<opcode="store(28) " fcode="store"/>
<opset="store_ln116/5 "/>
</bind>
</comp>

<comp id="4391" class="1004" name="store_ln116_store_fu_4391">
<pin_list>
<pin id="4392" dir="0" index="0" bw="1" slack="0"/>
<pin id="4393" dir="0" index="1" bw="1" slack="4"/>
<pin id="4394" dir="1" index="2" bw="0" slack="2147483647"/>
</pin_list>
<bind>
<opcode="store(28) " fcode="store"/>
<opset="store_ln116/5 "/>
</bind>
</comp>

<comp id="4396" class="1004" name="store_ln116_store_fu_4396">
<pin_list>
<pin id="4397" dir="0" index="0" bw="1" slack="0"/>
<pin id="4398" dir="0" index="1" bw="1" slack="4"/>
<pin id="4399" dir="1" index="2" bw="0" slack="2147483647"/>
</pin_list>
<bind>
<opcode="store(28) " fcode="store"/>
<opset="store_ln116/5 "/>
</bind>
</comp>

<comp id="4401" class="1004" name="store_ln116_store_fu_4401">
<pin_list>
<pin id="4402" dir="0" index="0" bw="1" slack="0"/>
<pin id="4403" dir="0" index="1" bw="1" slack="4"/>
<pin id="4404" dir="1" index="2" bw="0" slack="2147483647"/>
</pin_list>
<bind>
<opcode="store(28) " fcode="store"/>
<opset="store_ln116/5 "/>
</bind>
</comp>

<comp id="4406" class="1004" name="store_ln116_store_fu_4406">
<pin_list>
<pin id="4407" dir="0" index="0" bw="1" slack="0"/>
<pin id="4408" dir="0" index="1" bw="1" slack="4"/>
<pin id="4409" dir="1" index="2" bw="0" slack="2147483647"/>
</pin_list>
<bind>
<opcode="store(28) " fcode="store"/>
<opset="store_ln116/5 "/>
</bind>
</comp>

<comp id="4411" class="1004" name="store_ln116_store_fu_4411">
<pin_list>
<pin id="4412" dir="0" index="0" bw="1" slack="0"/>
<pin id="4413" dir="0" index="1" bw="1" slack="4"/>
<pin id="4414" dir="1" index="2" bw="0" slack="2147483647"/>
</pin_list>
<bind>
<opcode="store(28) " fcode="store"/>
<opset="store_ln116/5 "/>
</bind>
</comp>

<comp id="4416" class="1004" name="store_ln116_store_fu_4416">
<pin_list>
<pin id="4417" dir="0" index="0" bw="1" slack="0"/>
<pin id="4418" dir="0" index="1" bw="1" slack="4"/>
<pin id="4419" dir="1" index="2" bw="0" slack="2147483647"/>
</pin_list>
<bind>
<opcode="store(28) " fcode="store"/>
<opset="store_ln116/5 "/>
</bind>
</comp>

<comp id="4421" class="1004" name="store_ln116_store_fu_4421">
<pin_list>
<pin id="4422" dir="0" index="0" bw="1" slack="0"/>
<pin id="4423" dir="0" index="1" bw="1" slack="4"/>
<pin id="4424" dir="1" index="2" bw="0" slack="2147483647"/>
</pin_list>
<bind>
<opcode="store(28) " fcode="store"/>
<opset="store_ln116/5 "/>
</bind>
</comp>

<comp id="4426" class="1004" name="store_ln116_store_fu_4426">
<pin_list>
<pin id="4427" dir="0" index="0" bw="1" slack="0"/>
<pin id="4428" dir="0" index="1" bw="1" slack="4"/>
<pin id="4429" dir="1" index="2" bw="0" slack="2147483647"/>
</pin_list>
<bind>
<opcode="store(28) " fcode="store"/>
<opset="store_ln116/5 "/>
</bind>
</comp>

<comp id="4431" class="1004" name="store_ln116_store_fu_4431">
<pin_list>
<pin id="4432" dir="0" index="0" bw="1" slack="0"/>
<pin id="4433" dir="0" index="1" bw="1" slack="4"/>
<pin id="4434" dir="1" index="2" bw="0" slack="2147483647"/>
</pin_list>
<bind>
<opcode="store(28) " fcode="store"/>
<opset="store_ln116/5 "/>
</bind>
</comp>

<comp id="4436" class="1004" name="store_ln116_store_fu_4436">
<pin_list>
<pin id="4437" dir="0" index="0" bw="1" slack="0"/>
<pin id="4438" dir="0" index="1" bw="1" slack="4"/>
<pin id="4439" dir="1" index="2" bw="0" slack="2147483647"/>
</pin_list>
<bind>
<opcode="store(28) " fcode="store"/>
<opset="store_ln116/5 "/>
</bind>
</comp>

<comp id="4441" class="1004" name="store_ln116_store_fu_4441">
<pin_list>
<pin id="4442" dir="0" index="0" bw="1" slack="0"/>
<pin id="4443" dir="0" index="1" bw="1" slack="4"/>
<pin id="4444" dir="1" index="2" bw="0" slack="2147483647"/>
</pin_list>
<bind>
<opcode="store(28) " fcode="store"/>
<opset="store_ln116/5 "/>
</bind>
</comp>

<comp id="4446" class="1004" name="store_ln116_store_fu_4446">
<pin_list>
<pin id="4447" dir="0" index="0" bw="1" slack="0"/>
<pin id="4448" dir="0" index="1" bw="1" slack="4"/>
<pin id="4449" dir="1" index="2" bw="0" slack="2147483647"/>
</pin_list>
<bind>
<opcode="store(28) " fcode="store"/>
<opset="store_ln116/5 "/>
</bind>
</comp>

<comp id="4451" class="1004" name="store_ln116_store_fu_4451">
<pin_list>
<pin id="4452" dir="0" index="0" bw="1" slack="0"/>
<pin id="4453" dir="0" index="1" bw="1" slack="4"/>
<pin id="4454" dir="1" index="2" bw="0" slack="2147483647"/>
</pin_list>
<bind>
<opcode="store(28) " fcode="store"/>
<opset="store_ln116/5 "/>
</bind>
</comp>

<comp id="4456" class="1004" name="store_ln116_store_fu_4456">
<pin_list>
<pin id="4457" dir="0" index="0" bw="1" slack="0"/>
<pin id="4458" dir="0" index="1" bw="1" slack="4"/>
<pin id="4459" dir="1" index="2" bw="0" slack="2147483647"/>
</pin_list>
<bind>
<opcode="store(28) " fcode="store"/>
<opset="store_ln116/5 "/>
</bind>
</comp>

<comp id="4461" class="1004" name="store_ln116_store_fu_4461">
<pin_list>
<pin id="4462" dir="0" index="0" bw="1" slack="0"/>
<pin id="4463" dir="0" index="1" bw="1" slack="4"/>
<pin id="4464" dir="1" index="2" bw="0" slack="2147483647"/>
</pin_list>
<bind>
<opcode="store(28) " fcode="store"/>
<opset="store_ln116/5 "/>
</bind>
</comp>

<comp id="4466" class="1004" name="store_ln116_store_fu_4466">
<pin_list>
<pin id="4467" dir="0" index="0" bw="1" slack="0"/>
<pin id="4468" dir="0" index="1" bw="1" slack="4"/>
<pin id="4469" dir="1" index="2" bw="0" slack="2147483647"/>
</pin_list>
<bind>
<opcode="store(28) " fcode="store"/>
<opset="store_ln116/5 "/>
</bind>
</comp>

<comp id="4471" class="1004" name="store_ln116_store_fu_4471">
<pin_list>
<pin id="4472" dir="0" index="0" bw="1" slack="0"/>
<pin id="4473" dir="0" index="1" bw="1" slack="4"/>
<pin id="4474" dir="1" index="2" bw="0" slack="2147483647"/>
</pin_list>
<bind>
<opcode="store(28) " fcode="store"/>
<opset="store_ln116/5 "/>
</bind>
</comp>

<comp id="4476" class="1004" name="store_ln116_store_fu_4476">
<pin_list>
<pin id="4477" dir="0" index="0" bw="1" slack="0"/>
<pin id="4478" dir="0" index="1" bw="1" slack="4"/>
<pin id="4479" dir="1" index="2" bw="0" slack="2147483647"/>
</pin_list>
<bind>
<opcode="store(28) " fcode="store"/>
<opset="store_ln116/5 "/>
</bind>
</comp>

<comp id="4481" class="1004" name="store_ln116_store_fu_4481">
<pin_list>
<pin id="4482" dir="0" index="0" bw="1" slack="0"/>
<pin id="4483" dir="0" index="1" bw="1" slack="4"/>
<pin id="4484" dir="1" index="2" bw="0" slack="2147483647"/>
</pin_list>
<bind>
<opcode="store(28) " fcode="store"/>
<opset="store_ln116/5 "/>
</bind>
</comp>

<comp id="4486" class="1004" name="store_ln116_store_fu_4486">
<pin_list>
<pin id="4487" dir="0" index="0" bw="1" slack="0"/>
<pin id="4488" dir="0" index="1" bw="1" slack="4"/>
<pin id="4489" dir="1" index="2" bw="0" slack="2147483647"/>
</pin_list>
<bind>
<opcode="store(28) " fcode="store"/>
<opset="store_ln116/5 "/>
</bind>
</comp>

<comp id="4491" class="1004" name="store_ln116_store_fu_4491">
<pin_list>
<pin id="4492" dir="0" index="0" bw="1" slack="0"/>
<pin id="4493" dir="0" index="1" bw="1" slack="4"/>
<pin id="4494" dir="1" index="2" bw="0" slack="2147483647"/>
</pin_list>
<bind>
<opcode="store(28) " fcode="store"/>
<opset="store_ln116/5 "/>
</bind>
</comp>

<comp id="4496" class="1004" name="store_ln116_store_fu_4496">
<pin_list>
<pin id="4497" dir="0" index="0" bw="1" slack="0"/>
<pin id="4498" dir="0" index="1" bw="1" slack="4"/>
<pin id="4499" dir="1" index="2" bw="0" slack="2147483647"/>
</pin_list>
<bind>
<opcode="store(28) " fcode="store"/>
<opset="store_ln116/5 "/>
</bind>
</comp>

<comp id="4501" class="1004" name="store_ln116_store_fu_4501">
<pin_list>
<pin id="4502" dir="0" index="0" bw="1" slack="0"/>
<pin id="4503" dir="0" index="1" bw="1" slack="4"/>
<pin id="4504" dir="1" index="2" bw="0" slack="2147483647"/>
</pin_list>
<bind>
<opcode="store(28) " fcode="store"/>
<opset="store_ln116/5 "/>
</bind>
</comp>

<comp id="4506" class="1004" name="store_ln116_store_fu_4506">
<pin_list>
<pin id="4507" dir="0" index="0" bw="1" slack="0"/>
<pin id="4508" dir="0" index="1" bw="1" slack="4"/>
<pin id="4509" dir="1" index="2" bw="0" slack="2147483647"/>
</pin_list>
<bind>
<opcode="store(28) " fcode="store"/>
<opset="store_ln116/5 "/>
</bind>
</comp>

<comp id="4511" class="1004" name="l2_bits_load_load_fu_4511">
<pin_list>
<pin id="4512" dir="0" index="0" bw="1" slack="4"/>
<pin id="4513" dir="1" index="1" bw="1" slack="0"/>
</pin_list>
<bind>
<opcode="load(27) " fcode="load"/>
<opset="l2_bits_load/5 "/>
</bind>
</comp>

<comp id="4515" class="1004" name="l2_bits_1_load_load_fu_4515">
<pin_list>
<pin id="4516" dir="0" index="0" bw="1" slack="4"/>
<pin id="4517" dir="1" index="1" bw="1" slack="0"/>
</pin_list>
<bind>
<opcode="load(27) " fcode="load"/>
<opset="l2_bits_1_load/5 "/>
</bind>
</comp>

<comp id="4519" class="1004" name="l2_bits_2_load_load_fu_4519">
<pin_list>
<pin id="4520" dir="0" index="0" bw="1" slack="4"/>
<pin id="4521" dir="1" index="1" bw="1" slack="0"/>
</pin_list>
<bind>
<opcode="load(27) " fcode="load"/>
<opset="l2_bits_2_load/5 "/>
</bind>
</comp>

<comp id="4523" class="1004" name="l2_bits_3_load_load_fu_4523">
<pin_list>
<pin id="4524" dir="0" index="0" bw="1" slack="4"/>
<pin id="4525" dir="1" index="1" bw="1" slack="0"/>
</pin_list>
<bind>
<opcode="load(27) " fcode="load"/>
<opset="l2_bits_3_load/5 "/>
</bind>
</comp>

<comp id="4527" class="1004" name="l2_bits_4_load_load_fu_4527">
<pin_list>
<pin id="4528" dir="0" index="0" bw="1" slack="4"/>
<pin id="4529" dir="1" index="1" bw="1" slack="0"/>
</pin_list>
<bind>
<opcode="load(27) " fcode="load"/>
<opset="l2_bits_4_load/5 "/>
</bind>
</comp>

<comp id="4531" class="1004" name="l2_bits_5_load_load_fu_4531">
<pin_list>
<pin id="4532" dir="0" index="0" bw="1" slack="4"/>
<pin id="4533" dir="1" index="1" bw="1" slack="0"/>
</pin_list>
<bind>
<opcode="load(27) " fcode="load"/>
<opset="l2_bits_5_load/5 "/>
</bind>
</comp>

<comp id="4535" class="1004" name="l2_bits_6_load_load_fu_4535">
<pin_list>
<pin id="4536" dir="0" index="0" bw="1" slack="4"/>
<pin id="4537" dir="1" index="1" bw="1" slack="0"/>
</pin_list>
<bind>
<opcode="load(27) " fcode="load"/>
<opset="l2_bits_6_load/5 "/>
</bind>
</comp>

<comp id="4539" class="1004" name="l2_bits_7_load_load_fu_4539">
<pin_list>
<pin id="4540" dir="0" index="0" bw="1" slack="4"/>
<pin id="4541" dir="1" index="1" bw="1" slack="0"/>
</pin_list>
<bind>
<opcode="load(27) " fcode="load"/>
<opset="l2_bits_7_load/5 "/>
</bind>
</comp>

<comp id="4543" class="1004" name="l2_bits_8_load_load_fu_4543">
<pin_list>
<pin id="4544" dir="0" index="0" bw="1" slack="4"/>
<pin id="4545" dir="1" index="1" bw="1" slack="0"/>
</pin_list>
<bind>
<opcode="load(27) " fcode="load"/>
<opset="l2_bits_8_load/5 "/>
</bind>
</comp>

<comp id="4547" class="1004" name="l2_bits_9_load_load_fu_4547">
<pin_list>
<pin id="4548" dir="0" index="0" bw="1" slack="4"/>
<pin id="4549" dir="1" index="1" bw="1" slack="0"/>
</pin_list>
<bind>
<opcode="load(27) " fcode="load"/>
<opset="l2_bits_9_load/5 "/>
</bind>
</comp>

<comp id="4551" class="1004" name="l2_bits_10_load_load_fu_4551">
<pin_list>
<pin id="4552" dir="0" index="0" bw="1" slack="4"/>
<pin id="4553" dir="1" index="1" bw="1" slack="0"/>
</pin_list>
<bind>
<opcode="load(27) " fcode="load"/>
<opset="l2_bits_10_load/5 "/>
</bind>
</comp>

<comp id="4555" class="1004" name="l2_bits_11_load_load_fu_4555">
<pin_list>
<pin id="4556" dir="0" index="0" bw="1" slack="4"/>
<pin id="4557" dir="1" index="1" bw="1" slack="0"/>
</pin_list>
<bind>
<opcode="load(27) " fcode="load"/>
<opset="l2_bits_11_load/5 "/>
</bind>
</comp>

<comp id="4559" class="1004" name="l2_bits_12_load_load_fu_4559">
<pin_list>
<pin id="4560" dir="0" index="0" bw="1" slack="4"/>
<pin id="4561" dir="1" index="1" bw="1" slack="0"/>
</pin_list>
<bind>
<opcode="load(27) " fcode="load"/>
<opset="l2_bits_12_load/5 "/>
</bind>
</comp>

<comp id="4563" class="1004" name="l2_bits_13_load_load_fu_4563">
<pin_list>
<pin id="4564" dir="0" index="0" bw="1" slack="4"/>
<pin id="4565" dir="1" index="1" bw="1" slack="0"/>
</pin_list>
<bind>
<opcode="load(27) " fcode="load"/>
<opset="l2_bits_13_load/5 "/>
</bind>
</comp>

<comp id="4567" class="1004" name="l2_bits_14_load_load_fu_4567">
<pin_list>
<pin id="4568" dir="0" index="0" bw="1" slack="4"/>
<pin id="4569" dir="1" index="1" bw="1" slack="0"/>
</pin_list>
<bind>
<opcode="load(27) " fcode="load"/>
<opset="l2_bits_14_load/5 "/>
</bind>
</comp>

<comp id="4571" class="1004" name="l2_bits_15_load_load_fu_4571">
<pin_list>
<pin id="4572" dir="0" index="0" bw="1" slack="4"/>
<pin id="4573" dir="1" index="1" bw="1" slack="0"/>
</pin_list>
<bind>
<opcode="load(27) " fcode="load"/>
<opset="l2_bits_15_load/5 "/>
</bind>
</comp>

<comp id="4575" class="1004" name="l2_bits_16_load_load_fu_4575">
<pin_list>
<pin id="4576" dir="0" index="0" bw="1" slack="4"/>
<pin id="4577" dir="1" index="1" bw="1" slack="0"/>
</pin_list>
<bind>
<opcode="load(27) " fcode="load"/>
<opset="l2_bits_16_load/5 "/>
</bind>
</comp>

<comp id="4579" class="1004" name="l2_bits_17_load_load_fu_4579">
<pin_list>
<pin id="4580" dir="0" index="0" bw="1" slack="4"/>
<pin id="4581" dir="1" index="1" bw="1" slack="0"/>
</pin_list>
<bind>
<opcode="load(27) " fcode="load"/>
<opset="l2_bits_17_load/5 "/>
</bind>
</comp>

<comp id="4583" class="1004" name="l2_bits_18_load_load_fu_4583">
<pin_list>
<pin id="4584" dir="0" index="0" bw="1" slack="4"/>
<pin id="4585" dir="1" index="1" bw="1" slack="0"/>
</pin_list>
<bind>
<opcode="load(27) " fcode="load"/>
<opset="l2_bits_18_load/5 "/>
</bind>
</comp>

<comp id="4587" class="1004" name="l2_bits_19_load_load_fu_4587">
<pin_list>
<pin id="4588" dir="0" index="0" bw="1" slack="4"/>
<pin id="4589" dir="1" index="1" bw="1" slack="0"/>
</pin_list>
<bind>
<opcode="load(27) " fcode="load"/>
<opset="l2_bits_19_load/5 "/>
</bind>
</comp>

<comp id="4591" class="1004" name="l2_bits_20_load_load_fu_4591">
<pin_list>
<pin id="4592" dir="0" index="0" bw="1" slack="4"/>
<pin id="4593" dir="1" index="1" bw="1" slack="0"/>
</pin_list>
<bind>
<opcode="load(27) " fcode="load"/>
<opset="l2_bits_20_load/5 "/>
</bind>
</comp>

<comp id="4595" class="1004" name="l2_bits_21_load_load_fu_4595">
<pin_list>
<pin id="4596" dir="0" index="0" bw="1" slack="4"/>
<pin id="4597" dir="1" index="1" bw="1" slack="0"/>
</pin_list>
<bind>
<opcode="load(27) " fcode="load"/>
<opset="l2_bits_21_load/5 "/>
</bind>
</comp>

<comp id="4599" class="1004" name="l2_bits_22_load_load_fu_4599">
<pin_list>
<pin id="4600" dir="0" index="0" bw="1" slack="4"/>
<pin id="4601" dir="1" index="1" bw="1" slack="0"/>
</pin_list>
<bind>
<opcode="load(27) " fcode="load"/>
<opset="l2_bits_22_load/5 "/>
</bind>
</comp>

<comp id="4603" class="1004" name="l2_bits_23_load_load_fu_4603">
<pin_list>
<pin id="4604" dir="0" index="0" bw="1" slack="4"/>
<pin id="4605" dir="1" index="1" bw="1" slack="0"/>
</pin_list>
<bind>
<opcode="load(27) " fcode="load"/>
<opset="l2_bits_23_load/5 "/>
</bind>
</comp>

<comp id="4607" class="1004" name="l2_bits_24_load_load_fu_4607">
<pin_list>
<pin id="4608" dir="0" index="0" bw="1" slack="4"/>
<pin id="4609" dir="1" index="1" bw="1" slack="0"/>
</pin_list>
<bind>
<opcode="load(27) " fcode="load"/>
<opset="l2_bits_24_load/5 "/>
</bind>
</comp>

<comp id="4611" class="1004" name="l2_bits_25_load_load_fu_4611">
<pin_list>
<pin id="4612" dir="0" index="0" bw="1" slack="4"/>
<pin id="4613" dir="1" index="1" bw="1" slack="0"/>
</pin_list>
<bind>
<opcode="load(27) " fcode="load"/>
<opset="l2_bits_25_load/5 "/>
</bind>
</comp>

<comp id="4615" class="1004" name="l2_bits_26_load_load_fu_4615">
<pin_list>
<pin id="4616" dir="0" index="0" bw="1" slack="4"/>
<pin id="4617" dir="1" index="1" bw="1" slack="0"/>
</pin_list>
<bind>
<opcode="load(27) " fcode="load"/>
<opset="l2_bits_26_load/5 "/>
</bind>
</comp>

<comp id="4619" class="1004" name="l2_bits_27_load_load_fu_4619">
<pin_list>
<pin id="4620" dir="0" index="0" bw="1" slack="4"/>
<pin id="4621" dir="1" index="1" bw="1" slack="0"/>
</pin_list>
<bind>
<opcode="load(27) " fcode="load"/>
<opset="l2_bits_27_load/5 "/>
</bind>
</comp>

<comp id="4623" class="1004" name="l2_bits_28_load_load_fu_4623">
<pin_list>
<pin id="4624" dir="0" index="0" bw="1" slack="4"/>
<pin id="4625" dir="1" index="1" bw="1" slack="0"/>
</pin_list>
<bind>
<opcode="load(27) " fcode="load"/>
<opset="l2_bits_28_load/5 "/>
</bind>
</comp>

<comp id="4627" class="1004" name="l2_bits_29_load_load_fu_4627">
<pin_list>
<pin id="4628" dir="0" index="0" bw="1" slack="4"/>
<pin id="4629" dir="1" index="1" bw="1" slack="0"/>
</pin_list>
<bind>
<opcode="load(27) " fcode="load"/>
<opset="l2_bits_29_load/5 "/>
</bind>
</comp>

<comp id="4631" class="1004" name="l2_bits_30_load_load_fu_4631">
<pin_list>
<pin id="4632" dir="0" index="0" bw="1" slack="4"/>
<pin id="4633" dir="1" index="1" bw="1" slack="0"/>
</pin_list>
<bind>
<opcode="load(27) " fcode="load"/>
<opset="l2_bits_30_load/5 "/>
</bind>
</comp>

<comp id="4635" class="1004" name="l2_bits_31_load_load_fu_4635">
<pin_list>
<pin id="4636" dir="0" index="0" bw="1" slack="4"/>
<pin id="4637" dir="1" index="1" bw="1" slack="0"/>
</pin_list>
<bind>
<opcode="load(27) " fcode="load"/>
<opset="l2_bits_31_load/5 "/>
</bind>
</comp>

<comp id="4639" class="1004" name="l2_bits_32_load_load_fu_4639">
<pin_list>
<pin id="4640" dir="0" index="0" bw="1" slack="4"/>
<pin id="4641" dir="1" index="1" bw="1" slack="0"/>
</pin_list>
<bind>
<opcode="load(27) " fcode="load"/>
<opset="l2_bits_32_load/5 "/>
</bind>
</comp>

<comp id="4643" class="1004" name="l2_bits_33_load_load_fu_4643">
<pin_list>
<pin id="4644" dir="0" index="0" bw="1" slack="4"/>
<pin id="4645" dir="1" index="1" bw="1" slack="0"/>
</pin_list>
<bind>
<opcode="load(27) " fcode="load"/>
<opset="l2_bits_33_load/5 "/>
</bind>
</comp>

<comp id="4647" class="1004" name="l2_bits_34_load_load_fu_4647">
<pin_list>
<pin id="4648" dir="0" index="0" bw="1" slack="4"/>
<pin id="4649" dir="1" index="1" bw="1" slack="0"/>
</pin_list>
<bind>
<opcode="load(27) " fcode="load"/>
<opset="l2_bits_34_load/5 "/>
</bind>
</comp>

<comp id="4651" class="1004" name="l2_bits_35_load_load_fu_4651">
<pin_list>
<pin id="4652" dir="0" index="0" bw="1" slack="4"/>
<pin id="4653" dir="1" index="1" bw="1" slack="0"/>
</pin_list>
<bind>
<opcode="load(27) " fcode="load"/>
<opset="l2_bits_35_load/5 "/>
</bind>
</comp>

<comp id="4655" class="1004" name="l2_bits_36_load_load_fu_4655">
<pin_list>
<pin id="4656" dir="0" index="0" bw="1" slack="4"/>
<pin id="4657" dir="1" index="1" bw="1" slack="0"/>
</pin_list>
<bind>
<opcode="load(27) " fcode="load"/>
<opset="l2_bits_36_load/5 "/>
</bind>
</comp>

<comp id="4659" class="1004" name="l2_bits_37_load_load_fu_4659">
<pin_list>
<pin id="4660" dir="0" index="0" bw="1" slack="4"/>
<pin id="4661" dir="1" index="1" bw="1" slack="0"/>
</pin_list>
<bind>
<opcode="load(27) " fcode="load"/>
<opset="l2_bits_37_load/5 "/>
</bind>
</comp>

<comp id="4663" class="1004" name="l2_bits_38_load_load_fu_4663">
<pin_list>
<pin id="4664" dir="0" index="0" bw="1" slack="4"/>
<pin id="4665" dir="1" index="1" bw="1" slack="0"/>
</pin_list>
<bind>
<opcode="load(27) " fcode="load"/>
<opset="l2_bits_38_load/5 "/>
</bind>
</comp>

<comp id="4667" class="1004" name="l2_bits_39_load_load_fu_4667">
<pin_list>
<pin id="4668" dir="0" index="0" bw="1" slack="4"/>
<pin id="4669" dir="1" index="1" bw="1" slack="0"/>
</pin_list>
<bind>
<opcode="load(27) " fcode="load"/>
<opset="l2_bits_39_load/5 "/>
</bind>
</comp>

<comp id="4671" class="1004" name="l2_bits_40_load_load_fu_4671">
<pin_list>
<pin id="4672" dir="0" index="0" bw="1" slack="4"/>
<pin id="4673" dir="1" index="1" bw="1" slack="0"/>
</pin_list>
<bind>
<opcode="load(27) " fcode="load"/>
<opset="l2_bits_40_load/5 "/>
</bind>
</comp>

<comp id="4675" class="1004" name="l2_bits_41_load_load_fu_4675">
<pin_list>
<pin id="4676" dir="0" index="0" bw="1" slack="4"/>
<pin id="4677" dir="1" index="1" bw="1" slack="0"/>
</pin_list>
<bind>
<opcode="load(27) " fcode="load"/>
<opset="l2_bits_41_load/5 "/>
</bind>
</comp>

<comp id="4679" class="1004" name="l2_bits_42_load_load_fu_4679">
<pin_list>
<pin id="4680" dir="0" index="0" bw="1" slack="4"/>
<pin id="4681" dir="1" index="1" bw="1" slack="0"/>
</pin_list>
<bind>
<opcode="load(27) " fcode="load"/>
<opset="l2_bits_42_load/5 "/>
</bind>
</comp>

<comp id="4683" class="1004" name="l2_bits_43_load_load_fu_4683">
<pin_list>
<pin id="4684" dir="0" index="0" bw="1" slack="4"/>
<pin id="4685" dir="1" index="1" bw="1" slack="0"/>
</pin_list>
<bind>
<opcode="load(27) " fcode="load"/>
<opset="l2_bits_43_load/5 "/>
</bind>
</comp>

<comp id="4687" class="1004" name="l2_bits_44_load_load_fu_4687">
<pin_list>
<pin id="4688" dir="0" index="0" bw="1" slack="4"/>
<pin id="4689" dir="1" index="1" bw="1" slack="0"/>
</pin_list>
<bind>
<opcode="load(27) " fcode="load"/>
<opset="l2_bits_44_load/5 "/>
</bind>
</comp>

<comp id="4691" class="1004" name="l2_bits_45_load_load_fu_4691">
<pin_list>
<pin id="4692" dir="0" index="0" bw="1" slack="4"/>
<pin id="4693" dir="1" index="1" bw="1" slack="0"/>
</pin_list>
<bind>
<opcode="load(27) " fcode="load"/>
<opset="l2_bits_45_load/5 "/>
</bind>
</comp>

<comp id="4695" class="1004" name="l2_bits_46_load_load_fu_4695">
<pin_list>
<pin id="4696" dir="0" index="0" bw="1" slack="4"/>
<pin id="4697" dir="1" index="1" bw="1" slack="0"/>
</pin_list>
<bind>
<opcode="load(27) " fcode="load"/>
<opset="l2_bits_46_load/5 "/>
</bind>
</comp>

<comp id="4699" class="1004" name="l2_bits_47_load_load_fu_4699">
<pin_list>
<pin id="4700" dir="0" index="0" bw="1" slack="4"/>
<pin id="4701" dir="1" index="1" bw="1" slack="0"/>
</pin_list>
<bind>
<opcode="load(27) " fcode="load"/>
<opset="l2_bits_47_load/5 "/>
</bind>
</comp>

<comp id="4703" class="1004" name="l2_bits_48_load_load_fu_4703">
<pin_list>
<pin id="4704" dir="0" index="0" bw="1" slack="4"/>
<pin id="4705" dir="1" index="1" bw="1" slack="0"/>
</pin_list>
<bind>
<opcode="load(27) " fcode="load"/>
<opset="l2_bits_48_load/5 "/>
</bind>
</comp>

<comp id="4707" class="1004" name="l2_bits_49_load_load_fu_4707">
<pin_list>
<pin id="4708" dir="0" index="0" bw="1" slack="4"/>
<pin id="4709" dir="1" index="1" bw="1" slack="0"/>
</pin_list>
<bind>
<opcode="load(27) " fcode="load"/>
<opset="l2_bits_49_load/5 "/>
</bind>
</comp>

<comp id="4711" class="1004" name="l2_bits_50_load_load_fu_4711">
<pin_list>
<pin id="4712" dir="0" index="0" bw="1" slack="4"/>
<pin id="4713" dir="1" index="1" bw="1" slack="0"/>
</pin_list>
<bind>
<opcode="load(27) " fcode="load"/>
<opset="l2_bits_50_load/5 "/>
</bind>
</comp>

<comp id="4715" class="1004" name="l2_bits_51_load_load_fu_4715">
<pin_list>
<pin id="4716" dir="0" index="0" bw="1" slack="4"/>
<pin id="4717" dir="1" index="1" bw="1" slack="0"/>
</pin_list>
<bind>
<opcode="load(27) " fcode="load"/>
<opset="l2_bits_51_load/5 "/>
</bind>
</comp>

<comp id="4719" class="1004" name="l2_bits_52_load_load_fu_4719">
<pin_list>
<pin id="4720" dir="0" index="0" bw="1" slack="4"/>
<pin id="4721" dir="1" index="1" bw="1" slack="0"/>
</pin_list>
<bind>
<opcode="load(27) " fcode="load"/>
<opset="l2_bits_52_load/5 "/>
</bind>
</comp>

<comp id="4723" class="1004" name="l2_bits_53_load_load_fu_4723">
<pin_list>
<pin id="4724" dir="0" index="0" bw="1" slack="4"/>
<pin id="4725" dir="1" index="1" bw="1" slack="0"/>
</pin_list>
<bind>
<opcode="load(27) " fcode="load"/>
<opset="l2_bits_53_load/5 "/>
</bind>
</comp>

<comp id="4727" class="1004" name="l2_bits_54_load_load_fu_4727">
<pin_list>
<pin id="4728" dir="0" index="0" bw="1" slack="4"/>
<pin id="4729" dir="1" index="1" bw="1" slack="0"/>
</pin_list>
<bind>
<opcode="load(27) " fcode="load"/>
<opset="l2_bits_54_load/5 "/>
</bind>
</comp>

<comp id="4731" class="1004" name="l2_bits_55_load_load_fu_4731">
<pin_list>
<pin id="4732" dir="0" index="0" bw="1" slack="4"/>
<pin id="4733" dir="1" index="1" bw="1" slack="0"/>
</pin_list>
<bind>
<opcode="load(27) " fcode="load"/>
<opset="l2_bits_55_load/5 "/>
</bind>
</comp>

<comp id="4735" class="1004" name="l2_bits_56_load_load_fu_4735">
<pin_list>
<pin id="4736" dir="0" index="0" bw="1" slack="4"/>
<pin id="4737" dir="1" index="1" bw="1" slack="0"/>
</pin_list>
<bind>
<opcode="load(27) " fcode="load"/>
<opset="l2_bits_56_load/5 "/>
</bind>
</comp>

<comp id="4739" class="1004" name="l2_bits_57_load_load_fu_4739">
<pin_list>
<pin id="4740" dir="0" index="0" bw="1" slack="4"/>
<pin id="4741" dir="1" index="1" bw="1" slack="0"/>
</pin_list>
<bind>
<opcode="load(27) " fcode="load"/>
<opset="l2_bits_57_load/5 "/>
</bind>
</comp>

<comp id="4743" class="1004" name="l2_bits_58_load_load_fu_4743">
<pin_list>
<pin id="4744" dir="0" index="0" bw="1" slack="4"/>
<pin id="4745" dir="1" index="1" bw="1" slack="0"/>
</pin_list>
<bind>
<opcode="load(27) " fcode="load"/>
<opset="l2_bits_58_load/5 "/>
</bind>
</comp>

<comp id="4747" class="1004" name="l2_bits_59_load_load_fu_4747">
<pin_list>
<pin id="4748" dir="0" index="0" bw="1" slack="4"/>
<pin id="4749" dir="1" index="1" bw="1" slack="0"/>
</pin_list>
<bind>
<opcode="load(27) " fcode="load"/>
<opset="l2_bits_59_load/5 "/>
</bind>
</comp>

<comp id="4751" class="1004" name="l2_bits_60_load_load_fu_4751">
<pin_list>
<pin id="4752" dir="0" index="0" bw="1" slack="4"/>
<pin id="4753" dir="1" index="1" bw="1" slack="0"/>
</pin_list>
<bind>
<opcode="load(27) " fcode="load"/>
<opset="l2_bits_60_load/5 "/>
</bind>
</comp>

<comp id="4755" class="1004" name="l2_bits_61_load_load_fu_4755">
<pin_list>
<pin id="4756" dir="0" index="0" bw="1" slack="4"/>
<pin id="4757" dir="1" index="1" bw="1" slack="0"/>
</pin_list>
<bind>
<opcode="load(27) " fcode="load"/>
<opset="l2_bits_61_load/5 "/>
</bind>
</comp>

<comp id="4759" class="1004" name="l2_bits_62_load_load_fu_4759">
<pin_list>
<pin id="4760" dir="0" index="0" bw="1" slack="4"/>
<pin id="4761" dir="1" index="1" bw="1" slack="0"/>
</pin_list>
<bind>
<opcode="load(27) " fcode="load"/>
<opset="l2_bits_62_load/5 "/>
</bind>
</comp>

<comp id="4763" class="1004" name="l2_bits_63_load_load_fu_4763">
<pin_list>
<pin id="4764" dir="0" index="0" bw="1" slack="4"/>
<pin id="4765" dir="1" index="1" bw="1" slack="0"/>
</pin_list>
<bind>
<opcode="load(27) " fcode="load"/>
<opset="l2_bits_63_load/5 "/>
</bind>
</comp>

<comp id="4767" class="1005" name="n_1_reg_4767">
<pin_list>
<pin id="4768" dir="0" index="0" bw="7" slack="0"/>
<pin id="4769" dir="1" index="1" bw="7" slack="0"/>
</pin_list>
<bind>
<opset="n_1 "/>
</bind>
</comp>

<comp id="4774" class="1005" name="l2_bits_reg_4774">
<pin_list>
<pin id="4775" dir="0" index="0" bw="1" slack="4"/>
<pin id="4776" dir="1" index="1" bw="1" slack="4"/>
</pin_list>
<bind>
<opset="l2_bits "/>
</bind>
</comp>

<comp id="4780" class="1005" name="l2_bits_1_reg_4780">
<pin_list>
<pin id="4781" dir="0" index="0" bw="1" slack="4"/>
<pin id="4782" dir="1" index="1" bw="1" slack="4"/>
</pin_list>
<bind>
<opset="l2_bits_1 "/>
</bind>
</comp>

<comp id="4786" class="1005" name="l2_bits_2_reg_4786">
<pin_list>
<pin id="4787" dir="0" index="0" bw="1" slack="4"/>
<pin id="4788" dir="1" index="1" bw="1" slack="4"/>
</pin_list>
<bind>
<opset="l2_bits_2 "/>
</bind>
</comp>

<comp id="4792" class="1005" name="l2_bits_3_reg_4792">
<pin_list>
<pin id="4793" dir="0" index="0" bw="1" slack="4"/>
<pin id="4794" dir="1" index="1" bw="1" slack="4"/>
</pin_list>
<bind>
<opset="l2_bits_3 "/>
</bind>
</comp>

<comp id="4798" class="1005" name="l2_bits_4_reg_4798">
<pin_list>
<pin id="4799" dir="0" index="0" bw="1" slack="4"/>
<pin id="4800" dir="1" index="1" bw="1" slack="4"/>
</pin_list>
<bind>
<opset="l2_bits_4 "/>
</bind>
</comp>

<comp id="4804" class="1005" name="l2_bits_5_reg_4804">
<pin_list>
<pin id="4805" dir="0" index="0" bw="1" slack="4"/>
<pin id="4806" dir="1" index="1" bw="1" slack="4"/>
</pin_list>
<bind>
<opset="l2_bits_5 "/>
</bind>
</comp>

<comp id="4810" class="1005" name="l2_bits_6_reg_4810">
<pin_list>
<pin id="4811" dir="0" index="0" bw="1" slack="4"/>
<pin id="4812" dir="1" index="1" bw="1" slack="4"/>
</pin_list>
<bind>
<opset="l2_bits_6 "/>
</bind>
</comp>

<comp id="4816" class="1005" name="l2_bits_7_reg_4816">
<pin_list>
<pin id="4817" dir="0" index="0" bw="1" slack="4"/>
<pin id="4818" dir="1" index="1" bw="1" slack="4"/>
</pin_list>
<bind>
<opset="l2_bits_7 "/>
</bind>
</comp>

<comp id="4822" class="1005" name="l2_bits_8_reg_4822">
<pin_list>
<pin id="4823" dir="0" index="0" bw="1" slack="4"/>
<pin id="4824" dir="1" index="1" bw="1" slack="4"/>
</pin_list>
<bind>
<opset="l2_bits_8 "/>
</bind>
</comp>

<comp id="4828" class="1005" name="l2_bits_9_reg_4828">
<pin_list>
<pin id="4829" dir="0" index="0" bw="1" slack="4"/>
<pin id="4830" dir="1" index="1" bw="1" slack="4"/>
</pin_list>
<bind>
<opset="l2_bits_9 "/>
</bind>
</comp>

<comp id="4834" class="1005" name="l2_bits_10_reg_4834">
<pin_list>
<pin id="4835" dir="0" index="0" bw="1" slack="4"/>
<pin id="4836" dir="1" index="1" bw="1" slack="4"/>
</pin_list>
<bind>
<opset="l2_bits_10 "/>
</bind>
</comp>

<comp id="4840" class="1005" name="l2_bits_11_reg_4840">
<pin_list>
<pin id="4841" dir="0" index="0" bw="1" slack="4"/>
<pin id="4842" dir="1" index="1" bw="1" slack="4"/>
</pin_list>
<bind>
<opset="l2_bits_11 "/>
</bind>
</comp>

<comp id="4846" class="1005" name="l2_bits_12_reg_4846">
<pin_list>
<pin id="4847" dir="0" index="0" bw="1" slack="4"/>
<pin id="4848" dir="1" index="1" bw="1" slack="4"/>
</pin_list>
<bind>
<opset="l2_bits_12 "/>
</bind>
</comp>

<comp id="4852" class="1005" name="l2_bits_13_reg_4852">
<pin_list>
<pin id="4853" dir="0" index="0" bw="1" slack="4"/>
<pin id="4854" dir="1" index="1" bw="1" slack="4"/>
</pin_list>
<bind>
<opset="l2_bits_13 "/>
</bind>
</comp>

<comp id="4858" class="1005" name="l2_bits_14_reg_4858">
<pin_list>
<pin id="4859" dir="0" index="0" bw="1" slack="4"/>
<pin id="4860" dir="1" index="1" bw="1" slack="4"/>
</pin_list>
<bind>
<opset="l2_bits_14 "/>
</bind>
</comp>

<comp id="4864" class="1005" name="l2_bits_15_reg_4864">
<pin_list>
<pin id="4865" dir="0" index="0" bw="1" slack="4"/>
<pin id="4866" dir="1" index="1" bw="1" slack="4"/>
</pin_list>
<bind>
<opset="l2_bits_15 "/>
</bind>
</comp>

<comp id="4870" class="1005" name="l2_bits_16_reg_4870">
<pin_list>
<pin id="4871" dir="0" index="0" bw="1" slack="4"/>
<pin id="4872" dir="1" index="1" bw="1" slack="4"/>
</pin_list>
<bind>
<opset="l2_bits_16 "/>
</bind>
</comp>

<comp id="4876" class="1005" name="l2_bits_17_reg_4876">
<pin_list>
<pin id="4877" dir="0" index="0" bw="1" slack="4"/>
<pin id="4878" dir="1" index="1" bw="1" slack="4"/>
</pin_list>
<bind>
<opset="l2_bits_17 "/>
</bind>
</comp>

<comp id="4882" class="1005" name="l2_bits_18_reg_4882">
<pin_list>
<pin id="4883" dir="0" index="0" bw="1" slack="4"/>
<pin id="4884" dir="1" index="1" bw="1" slack="4"/>
</pin_list>
<bind>
<opset="l2_bits_18 "/>
</bind>
</comp>

<comp id="4888" class="1005" name="l2_bits_19_reg_4888">
<pin_list>
<pin id="4889" dir="0" index="0" bw="1" slack="4"/>
<pin id="4890" dir="1" index="1" bw="1" slack="4"/>
</pin_list>
<bind>
<opset="l2_bits_19 "/>
</bind>
</comp>

<comp id="4894" class="1005" name="l2_bits_20_reg_4894">
<pin_list>
<pin id="4895" dir="0" index="0" bw="1" slack="4"/>
<pin id="4896" dir="1" index="1" bw="1" slack="4"/>
</pin_list>
<bind>
<opset="l2_bits_20 "/>
</bind>
</comp>

<comp id="4900" class="1005" name="l2_bits_21_reg_4900">
<pin_list>
<pin id="4901" dir="0" index="0" bw="1" slack="4"/>
<pin id="4902" dir="1" index="1" bw="1" slack="4"/>
</pin_list>
<bind>
<opset="l2_bits_21 "/>
</bind>
</comp>

<comp id="4906" class="1005" name="l2_bits_22_reg_4906">
<pin_list>
<pin id="4907" dir="0" index="0" bw="1" slack="4"/>
<pin id="4908" dir="1" index="1" bw="1" slack="4"/>
</pin_list>
<bind>
<opset="l2_bits_22 "/>
</bind>
</comp>

<comp id="4912" class="1005" name="l2_bits_23_reg_4912">
<pin_list>
<pin id="4913" dir="0" index="0" bw="1" slack="4"/>
<pin id="4914" dir="1" index="1" bw="1" slack="4"/>
</pin_list>
<bind>
<opset="l2_bits_23 "/>
</bind>
</comp>

<comp id="4918" class="1005" name="l2_bits_24_reg_4918">
<pin_list>
<pin id="4919" dir="0" index="0" bw="1" slack="4"/>
<pin id="4920" dir="1" index="1" bw="1" slack="4"/>
</pin_list>
<bind>
<opset="l2_bits_24 "/>
</bind>
</comp>

<comp id="4924" class="1005" name="l2_bits_25_reg_4924">
<pin_list>
<pin id="4925" dir="0" index="0" bw="1" slack="4"/>
<pin id="4926" dir="1" index="1" bw="1" slack="4"/>
</pin_list>
<bind>
<opset="l2_bits_25 "/>
</bind>
</comp>

<comp id="4930" class="1005" name="l2_bits_26_reg_4930">
<pin_list>
<pin id="4931" dir="0" index="0" bw="1" slack="4"/>
<pin id="4932" dir="1" index="1" bw="1" slack="4"/>
</pin_list>
<bind>
<opset="l2_bits_26 "/>
</bind>
</comp>

<comp id="4936" class="1005" name="l2_bits_27_reg_4936">
<pin_list>
<pin id="4937" dir="0" index="0" bw="1" slack="4"/>
<pin id="4938" dir="1" index="1" bw="1" slack="4"/>
</pin_list>
<bind>
<opset="l2_bits_27 "/>
</bind>
</comp>

<comp id="4942" class="1005" name="l2_bits_28_reg_4942">
<pin_list>
<pin id="4943" dir="0" index="0" bw="1" slack="4"/>
<pin id="4944" dir="1" index="1" bw="1" slack="4"/>
</pin_list>
<bind>
<opset="l2_bits_28 "/>
</bind>
</comp>

<comp id="4948" class="1005" name="l2_bits_29_reg_4948">
<pin_list>
<pin id="4949" dir="0" index="0" bw="1" slack="4"/>
<pin id="4950" dir="1" index="1" bw="1" slack="4"/>
</pin_list>
<bind>
<opset="l2_bits_29 "/>
</bind>
</comp>

<comp id="4954" class="1005" name="l2_bits_30_reg_4954">
<pin_list>
<pin id="4955" dir="0" index="0" bw="1" slack="4"/>
<pin id="4956" dir="1" index="1" bw="1" slack="4"/>
</pin_list>
<bind>
<opset="l2_bits_30 "/>
</bind>
</comp>

<comp id="4960" class="1005" name="l2_bits_31_reg_4960">
<pin_list>
<pin id="4961" dir="0" index="0" bw="1" slack="4"/>
<pin id="4962" dir="1" index="1" bw="1" slack="4"/>
</pin_list>
<bind>
<opset="l2_bits_31 "/>
</bind>
</comp>

<comp id="4966" class="1005" name="l2_bits_32_reg_4966">
<pin_list>
<pin id="4967" dir="0" index="0" bw="1" slack="4"/>
<pin id="4968" dir="1" index="1" bw="1" slack="4"/>
</pin_list>
<bind>
<opset="l2_bits_32 "/>
</bind>
</comp>

<comp id="4972" class="1005" name="l2_bits_33_reg_4972">
<pin_list>
<pin id="4973" dir="0" index="0" bw="1" slack="4"/>
<pin id="4974" dir="1" index="1" bw="1" slack="4"/>
</pin_list>
<bind>
<opset="l2_bits_33 "/>
</bind>
</comp>

<comp id="4978" class="1005" name="l2_bits_34_reg_4978">
<pin_list>
<pin id="4979" dir="0" index="0" bw="1" slack="4"/>
<pin id="4980" dir="1" index="1" bw="1" slack="4"/>
</pin_list>
<bind>
<opset="l2_bits_34 "/>
</bind>
</comp>

<comp id="4984" class="1005" name="l2_bits_35_reg_4984">
<pin_list>
<pin id="4985" dir="0" index="0" bw="1" slack="4"/>
<pin id="4986" dir="1" index="1" bw="1" slack="4"/>
</pin_list>
<bind>
<opset="l2_bits_35 "/>
</bind>
</comp>

<comp id="4990" class="1005" name="l2_bits_36_reg_4990">
<pin_list>
<pin id="4991" dir="0" index="0" bw="1" slack="4"/>
<pin id="4992" dir="1" index="1" bw="1" slack="4"/>
</pin_list>
<bind>
<opset="l2_bits_36 "/>
</bind>
</comp>

<comp id="4996" class="1005" name="l2_bits_37_reg_4996">
<pin_list>
<pin id="4997" dir="0" index="0" bw="1" slack="4"/>
<pin id="4998" dir="1" index="1" bw="1" slack="4"/>
</pin_list>
<bind>
<opset="l2_bits_37 "/>
</bind>
</comp>

<comp id="5002" class="1005" name="l2_bits_38_reg_5002">
<pin_list>
<pin id="5003" dir="0" index="0" bw="1" slack="4"/>
<pin id="5004" dir="1" index="1" bw="1" slack="4"/>
</pin_list>
<bind>
<opset="l2_bits_38 "/>
</bind>
</comp>

<comp id="5008" class="1005" name="l2_bits_39_reg_5008">
<pin_list>
<pin id="5009" dir="0" index="0" bw="1" slack="4"/>
<pin id="5010" dir="1" index="1" bw="1" slack="4"/>
</pin_list>
<bind>
<opset="l2_bits_39 "/>
</bind>
</comp>

<comp id="5014" class="1005" name="l2_bits_40_reg_5014">
<pin_list>
<pin id="5015" dir="0" index="0" bw="1" slack="4"/>
<pin id="5016" dir="1" index="1" bw="1" slack="4"/>
</pin_list>
<bind>
<opset="l2_bits_40 "/>
</bind>
</comp>

<comp id="5020" class="1005" name="l2_bits_41_reg_5020">
<pin_list>
<pin id="5021" dir="0" index="0" bw="1" slack="4"/>
<pin id="5022" dir="1" index="1" bw="1" slack="4"/>
</pin_list>
<bind>
<opset="l2_bits_41 "/>
</bind>
</comp>

<comp id="5026" class="1005" name="l2_bits_42_reg_5026">
<pin_list>
<pin id="5027" dir="0" index="0" bw="1" slack="4"/>
<pin id="5028" dir="1" index="1" bw="1" slack="4"/>
</pin_list>
<bind>
<opset="l2_bits_42 "/>
</bind>
</comp>

<comp id="5032" class="1005" name="l2_bits_43_reg_5032">
<pin_list>
<pin id="5033" dir="0" index="0" bw="1" slack="4"/>
<pin id="5034" dir="1" index="1" bw="1" slack="4"/>
</pin_list>
<bind>
<opset="l2_bits_43 "/>
</bind>
</comp>

<comp id="5038" class="1005" name="l2_bits_44_reg_5038">
<pin_list>
<pin id="5039" dir="0" index="0" bw="1" slack="4"/>
<pin id="5040" dir="1" index="1" bw="1" slack="4"/>
</pin_list>
<bind>
<opset="l2_bits_44 "/>
</bind>
</comp>

<comp id="5044" class="1005" name="l2_bits_45_reg_5044">
<pin_list>
<pin id="5045" dir="0" index="0" bw="1" slack="4"/>
<pin id="5046" dir="1" index="1" bw="1" slack="4"/>
</pin_list>
<bind>
<opset="l2_bits_45 "/>
</bind>
</comp>

<comp id="5050" class="1005" name="l2_bits_46_reg_5050">
<pin_list>
<pin id="5051" dir="0" index="0" bw="1" slack="4"/>
<pin id="5052" dir="1" index="1" bw="1" slack="4"/>
</pin_list>
<bind>
<opset="l2_bits_46 "/>
</bind>
</comp>

<comp id="5056" class="1005" name="l2_bits_47_reg_5056">
<pin_list>
<pin id="5057" dir="0" index="0" bw="1" slack="4"/>
<pin id="5058" dir="1" index="1" bw="1" slack="4"/>
</pin_list>
<bind>
<opset="l2_bits_47 "/>
</bind>
</comp>

<comp id="5062" class="1005" name="l2_bits_48_reg_5062">
<pin_list>
<pin id="5063" dir="0" index="0" bw="1" slack="4"/>
<pin id="5064" dir="1" index="1" bw="1" slack="4"/>
</pin_list>
<bind>
<opset="l2_bits_48 "/>
</bind>
</comp>

<comp id="5068" class="1005" name="l2_bits_49_reg_5068">
<pin_list>
<pin id="5069" dir="0" index="0" bw="1" slack="4"/>
<pin id="5070" dir="1" index="1" bw="1" slack="4"/>
</pin_list>
<bind>
<opset="l2_bits_49 "/>
</bind>
</comp>

<comp id="5074" class="1005" name="l2_bits_50_reg_5074">
<pin_list>
<pin id="5075" dir="0" index="0" bw="1" slack="4"/>
<pin id="5076" dir="1" index="1" bw="1" slack="4"/>
</pin_list>
<bind>
<opset="l2_bits_50 "/>
</bind>
</comp>

<comp id="5080" class="1005" name="l2_bits_51_reg_5080">
<pin_list>
<pin id="5081" dir="0" index="0" bw="1" slack="4"/>
<pin id="5082" dir="1" index="1" bw="1" slack="4"/>
</pin_list>
<bind>
<opset="l2_bits_51 "/>
</bind>
</comp>

<comp id="5086" class="1005" name="l2_bits_52_reg_5086">
<pin_list>
<pin id="5087" dir="0" index="0" bw="1" slack="4"/>
<pin id="5088" dir="1" index="1" bw="1" slack="4"/>
</pin_list>
<bind>
<opset="l2_bits_52 "/>
</bind>
</comp>

<comp id="5092" class="1005" name="l2_bits_53_reg_5092">
<pin_list>
<pin id="5093" dir="0" index="0" bw="1" slack="4"/>
<pin id="5094" dir="1" index="1" bw="1" slack="4"/>
</pin_list>
<bind>
<opset="l2_bits_53 "/>
</bind>
</comp>

<comp id="5098" class="1005" name="l2_bits_54_reg_5098">
<pin_list>
<pin id="5099" dir="0" index="0" bw="1" slack="4"/>
<pin id="5100" dir="1" index="1" bw="1" slack="4"/>
</pin_list>
<bind>
<opset="l2_bits_54 "/>
</bind>
</comp>

<comp id="5104" class="1005" name="l2_bits_55_reg_5104">
<pin_list>
<pin id="5105" dir="0" index="0" bw="1" slack="4"/>
<pin id="5106" dir="1" index="1" bw="1" slack="4"/>
</pin_list>
<bind>
<opset="l2_bits_55 "/>
</bind>
</comp>

<comp id="5110" class="1005" name="l2_bits_56_reg_5110">
<pin_list>
<pin id="5111" dir="0" index="0" bw="1" slack="4"/>
<pin id="5112" dir="1" index="1" bw="1" slack="4"/>
</pin_list>
<bind>
<opset="l2_bits_56 "/>
</bind>
</comp>

<comp id="5116" class="1005" name="l2_bits_57_reg_5116">
<pin_list>
<pin id="5117" dir="0" index="0" bw="1" slack="4"/>
<pin id="5118" dir="1" index="1" bw="1" slack="4"/>
</pin_list>
<bind>
<opset="l2_bits_57 "/>
</bind>
</comp>

<comp id="5122" class="1005" name="l2_bits_58_reg_5122">
<pin_list>
<pin id="5123" dir="0" index="0" bw="1" slack="4"/>
<pin id="5124" dir="1" index="1" bw="1" slack="4"/>
</pin_list>
<bind>
<opset="l2_bits_58 "/>
</bind>
</comp>

<comp id="5128" class="1005" name="l2_bits_59_reg_5128">
<pin_list>
<pin id="5129" dir="0" index="0" bw="1" slack="4"/>
<pin id="5130" dir="1" index="1" bw="1" slack="4"/>
</pin_list>
<bind>
<opset="l2_bits_59 "/>
</bind>
</comp>

<comp id="5134" class="1005" name="l2_bits_60_reg_5134">
<pin_list>
<pin id="5135" dir="0" index="0" bw="1" slack="4"/>
<pin id="5136" dir="1" index="1" bw="1" slack="4"/>
</pin_list>
<bind>
<opset="l2_bits_60 "/>
</bind>
</comp>

<comp id="5140" class="1005" name="l2_bits_61_reg_5140">
<pin_list>
<pin id="5141" dir="0" index="0" bw="1" slack="4"/>
<pin id="5142" dir="1" index="1" bw="1" slack="4"/>
</pin_list>
<bind>
<opset="l2_bits_61 "/>
</bind>
</comp>

<comp id="5146" class="1005" name="l2_bits_62_reg_5146">
<pin_list>
<pin id="5147" dir="0" index="0" bw="1" slack="4"/>
<pin id="5148" dir="1" index="1" bw="1" slack="4"/>
</pin_list>
<bind>
<opset="l2_bits_62 "/>
</bind>
</comp>

<comp id="5152" class="1005" name="l2_bits_63_reg_5152">
<pin_list>
<pin id="5153" dir="0" index="0" bw="1" slack="4"/>
<pin id="5154" dir="1" index="1" bw="1" slack="4"/>
</pin_list>
<bind>
<opset="l2_bits_63 "/>
</bind>
</comp>

<comp id="5158" class="1005" name="p_0_0282_7102_reload_read_reg_5158">
<pin_list>
<pin id="5159" dir="0" index="0" bw="16" slack="1"/>
<pin id="5160" dir="1" index="1" bw="16" slack="1"/>
</pin_list>
<bind>
<opset="p_0_0282_7102_reload_read "/>
</bind>
</comp>

<comp id="5163" class="1005" name="p_0_0282_6100_reload_read_reg_5163">
<pin_list>
<pin id="5164" dir="0" index="0" bw="16" slack="1"/>
<pin id="5165" dir="1" index="1" bw="16" slack="1"/>
</pin_list>
<bind>
<opset="p_0_0282_6100_reload_read "/>
</bind>
</comp>

<comp id="5168" class="1005" name="p_0_0282_598_reload_read_reg_5168">
<pin_list>
<pin id="5169" dir="0" index="0" bw="16" slack="1"/>
<pin id="5170" dir="1" index="1" bw="16" slack="1"/>
</pin_list>
<bind>
<opset="p_0_0282_598_reload_read "/>
</bind>
</comp>

<comp id="5173" class="1005" name="p_0_0282_496_reload_read_reg_5173">
<pin_list>
<pin id="5174" dir="0" index="0" bw="16" slack="1"/>
<pin id="5175" dir="1" index="1" bw="16" slack="1"/>
</pin_list>
<bind>
<opset="p_0_0282_496_reload_read "/>
</bind>
</comp>

<comp id="5178" class="1005" name="p_0_0282_394_reload_read_reg_5178">
<pin_list>
<pin id="5179" dir="0" index="0" bw="16" slack="1"/>
<pin id="5180" dir="1" index="1" bw="16" slack="1"/>
</pin_list>
<bind>
<opset="p_0_0282_394_reload_read "/>
</bind>
</comp>

<comp id="5183" class="1005" name="p_0_0282_292_reload_read_reg_5183">
<pin_list>
<pin id="5184" dir="0" index="0" bw="16" slack="1"/>
<pin id="5185" dir="1" index="1" bw="16" slack="1"/>
</pin_list>
<bind>
<opset="p_0_0282_292_reload_read "/>
</bind>
</comp>

<comp id="5188" class="1005" name="p_0_0282_190_reload_read_reg_5188">
<pin_list>
<pin id="5189" dir="0" index="0" bw="16" slack="1"/>
<pin id="5190" dir="1" index="1" bw="16" slack="1"/>
</pin_list>
<bind>
<opset="p_0_0282_190_reload_read "/>
</bind>
</comp>

<comp id="5193" class="1005" name="p_0_028288_reload_read_reg_5193">
<pin_list>
<pin id="5194" dir="0" index="0" bw="16" slack="1"/>
<pin id="5195" dir="1" index="1" bw="16" slack="1"/>
</pin_list>
<bind>
<opset="p_0_028288_reload_read "/>
</bind>
</comp>

<comp id="5198" class="1005" name="n_reg_5198">
<pin_list>
<pin id="5199" dir="0" index="0" bw="7" slack="4"/>
<pin id="5200" dir="1" index="1" bw="7" slack="4"/>
</pin_list>
<bind>
<opset="n "/>
</bind>
</comp>

<comp id="5203" class="1005" name="icmp_ln120_reg_5203">
<pin_list>
<pin id="5204" dir="0" index="0" bw="1" slack="4"/>
<pin id="5205" dir="1" index="1" bw="1" slack="2147483647"/>
</pin_list>
<bind>
<opset="icmp_ln120 "/>
</bind>
</comp>

<comp id="5207" class="1005" name="trunc_ln120_reg_5207">
<pin_list>
<pin id="5208" dir="0" index="0" bw="6" slack="4"/>
<pin id="5209" dir="1" index="1" bw="6" slack="2147483647"/>
</pin_list>
<bind>
<opset="trunc_ln120 "/>
</bind>
</comp>

<comp id="5211" class="1005" name="w2_addr_reg_5211">
<pin_list>
<pin id="5212" dir="0" index="0" bw="9" slack="1"/>
<pin id="5213" dir="1" index="1" bw="9" slack="1"/>
</pin_list>
<bind>
<opset="w2_addr "/>
</bind>
</comp>

<comp id="5216" class="1005" name="w2_addr_1_reg_5216">
<pin_list>
<pin id="5217" dir="0" index="0" bw="9" slack="1"/>
<pin id="5218" dir="1" index="1" bw="9" slack="1"/>
</pin_list>
<bind>
<opset="w2_addr_1 "/>
</bind>
</comp>

<comp id="5221" class="1005" name="w2_addr_2_reg_5221">
<pin_list>
<pin id="5222" dir="0" index="0" bw="9" slack="1"/>
<pin id="5223" dir="1" index="1" bw="9" slack="1"/>
</pin_list>
<bind>
<opset="w2_addr_2 "/>
</bind>
</comp>

<comp id="5226" class="1005" name="w2_addr_3_reg_5226">
<pin_list>
<pin id="5227" dir="0" index="0" bw="9" slack="1"/>
<pin id="5228" dir="1" index="1" bw="9" slack="1"/>
</pin_list>
<bind>
<opset="w2_addr_3 "/>
</bind>
</comp>

<comp id="5231" class="1005" name="w2_addr_4_reg_5231">
<pin_list>
<pin id="5232" dir="0" index="0" bw="9" slack="1"/>
<pin id="5233" dir="1" index="1" bw="9" slack="1"/>
</pin_list>
<bind>
<opset="w2_addr_4 "/>
</bind>
</comp>

<comp id="5236" class="1005" name="w2_addr_5_reg_5236">
<pin_list>
<pin id="5237" dir="0" index="0" bw="9" slack="1"/>
<pin id="5238" dir="1" index="1" bw="9" slack="1"/>
</pin_list>
<bind>
<opset="w2_addr_5 "/>
</bind>
</comp>

<comp id="5241" class="1005" name="w2_addr_6_reg_5241">
<pin_list>
<pin id="5242" dir="0" index="0" bw="9" slack="1"/>
<pin id="5243" dir="1" index="1" bw="9" slack="1"/>
</pin_list>
<bind>
<opset="w2_addr_6 "/>
</bind>
</comp>

<comp id="5246" class="1005" name="w2_addr_7_reg_5246">
<pin_list>
<pin id="5247" dir="0" index="0" bw="9" slack="1"/>
<pin id="5248" dir="1" index="1" bw="9" slack="1"/>
</pin_list>
<bind>
<opset="w2_addr_7 "/>
</bind>
</comp>

<comp id="5251" class="1005" name="add_ln11_reg_5251">
<pin_list>
<pin id="5252" dir="0" index="0" bw="2" slack="1"/>
<pin id="5253" dir="1" index="1" bw="2" slack="1"/>
</pin_list>
<bind>
<opset="add_ln11 "/>
</bind>
</comp>

<comp id="5256" class="1005" name="add_ln11_60_reg_5256">
<pin_list>
<pin id="5257" dir="0" index="0" bw="2" slack="1"/>
<pin id="5258" dir="1" index="1" bw="2" slack="1"/>
</pin_list>
<bind>
<opset="add_ln11_60 "/>
</bind>
</comp>

<comp id="5261" class="1005" name="add_ln11_62_reg_5261">
<pin_list>
<pin id="5262" dir="0" index="0" bw="2" slack="1"/>
<pin id="5263" dir="1" index="1" bw="2" slack="1"/>
</pin_list>
<bind>
<opset="add_ln11_62 "/>
</bind>
</comp>

<comp id="5266" class="1005" name="add_ln11_63_reg_5266">
<pin_list>
<pin id="5267" dir="0" index="0" bw="2" slack="1"/>
<pin id="5268" dir="1" index="1" bw="2" slack="1"/>
</pin_list>
<bind>
<opset="add_ln11_63 "/>
</bind>
</comp>

<comp id="5271" class="1005" name="add_ln11_66_reg_5271">
<pin_list>
<pin id="5272" dir="0" index="0" bw="2" slack="1"/>
<pin id="5273" dir="1" index="1" bw="2" slack="1"/>
</pin_list>
<bind>
<opset="add_ln11_66 "/>
</bind>
</comp>

<comp id="5276" class="1005" name="add_ln11_67_reg_5276">
<pin_list>
<pin id="5277" dir="0" index="0" bw="2" slack="1"/>
<pin id="5278" dir="1" index="1" bw="2" slack="1"/>
</pin_list>
<bind>
<opset="add_ln11_67 "/>
</bind>
</comp>

<comp id="5281" class="1005" name="add_ln11_69_reg_5281">
<pin_list>
<pin id="5282" dir="0" index="0" bw="2" slack="1"/>
<pin id="5283" dir="1" index="1" bw="2" slack="1"/>
</pin_list>
<bind>
<opset="add_ln11_69 "/>
</bind>
</comp>

<comp id="5286" class="1005" name="add_ln11_70_reg_5286">
<pin_list>
<pin id="5287" dir="0" index="0" bw="2" slack="1"/>
<pin id="5288" dir="1" index="1" bw="2" slack="1"/>
</pin_list>
<bind>
<opset="add_ln11_70 "/>
</bind>
</comp>

<comp id="5291" class="1005" name="add_ln11_74_reg_5291">
<pin_list>
<pin id="5292" dir="0" index="0" bw="2" slack="1"/>
<pin id="5293" dir="1" index="1" bw="2" slack="1"/>
</pin_list>
<bind>
<opset="add_ln11_74 "/>
</bind>
</comp>

<comp id="5296" class="1005" name="add_ln11_75_reg_5296">
<pin_list>
<pin id="5297" dir="0" index="0" bw="2" slack="1"/>
<pin id="5298" dir="1" index="1" bw="2" slack="1"/>
</pin_list>
<bind>
<opset="add_ln11_75 "/>
</bind>
</comp>

<comp id="5301" class="1005" name="add_ln11_77_reg_5301">
<pin_list>
<pin id="5302" dir="0" index="0" bw="2" slack="1"/>
<pin id="5303" dir="1" index="1" bw="2" slack="1"/>
</pin_list>
<bind>
<opset="add_ln11_77 "/>
</bind>
</comp>

<comp id="5306" class="1005" name="add_ln11_78_reg_5306">
<pin_list>
<pin id="5307" dir="0" index="0" bw="2" slack="1"/>
<pin id="5308" dir="1" index="1" bw="2" slack="1"/>
</pin_list>
<bind>
<opset="add_ln11_78 "/>
</bind>
</comp>

<comp id="5311" class="1005" name="add_ln11_81_reg_5311">
<pin_list>
<pin id="5312" dir="0" index="0" bw="2" slack="1"/>
<pin id="5313" dir="1" index="1" bw="2" slack="1"/>
</pin_list>
<bind>
<opset="add_ln11_81 "/>
</bind>
</comp>

<comp id="5316" class="1005" name="add_ln11_82_reg_5316">
<pin_list>
<pin id="5317" dir="0" index="0" bw="2" slack="1"/>
<pin id="5318" dir="1" index="1" bw="2" slack="1"/>
</pin_list>
<bind>
<opset="add_ln11_82 "/>
</bind>
</comp>

<comp id="5321" class="1005" name="add_ln11_84_reg_5321">
<pin_list>
<pin id="5322" dir="0" index="0" bw="2" slack="1"/>
<pin id="5323" dir="1" index="1" bw="2" slack="1"/>
</pin_list>
<bind>
<opset="add_ln11_84 "/>
</bind>
</comp>

<comp id="5326" class="1005" name="add_ln11_85_reg_5326">
<pin_list>
<pin id="5327" dir="0" index="0" bw="2" slack="1"/>
<pin id="5328" dir="1" index="1" bw="2" slack="1"/>
</pin_list>
<bind>
<opset="add_ln11_85 "/>
</bind>
</comp>

<comp id="5331" class="1005" name="add_ln11_89_reg_5331">
<pin_list>
<pin id="5332" dir="0" index="0" bw="2" slack="1"/>
<pin id="5333" dir="1" index="1" bw="2" slack="1"/>
</pin_list>
<bind>
<opset="add_ln11_89 "/>
</bind>
</comp>

<comp id="5336" class="1005" name="add_ln11_90_reg_5336">
<pin_list>
<pin id="5337" dir="0" index="0" bw="2" slack="1"/>
<pin id="5338" dir="1" index="1" bw="2" slack="1"/>
</pin_list>
<bind>
<opset="add_ln11_90 "/>
</bind>
</comp>

<comp id="5341" class="1005" name="add_ln11_92_reg_5341">
<pin_list>
<pin id="5342" dir="0" index="0" bw="2" slack="1"/>
<pin id="5343" dir="1" index="1" bw="2" slack="1"/>
</pin_list>
<bind>
<opset="add_ln11_92 "/>
</bind>
</comp>

<comp id="5346" class="1005" name="add_ln11_93_reg_5346">
<pin_list>
<pin id="5347" dir="0" index="0" bw="2" slack="1"/>
<pin id="5348" dir="1" index="1" bw="2" slack="1"/>
</pin_list>
<bind>
<opset="add_ln11_93 "/>
</bind>
</comp>

<comp id="5351" class="1005" name="add_ln11_96_reg_5351">
<pin_list>
<pin id="5352" dir="0" index="0" bw="2" slack="1"/>
<pin id="5353" dir="1" index="1" bw="2" slack="1"/>
</pin_list>
<bind>
<opset="add_ln11_96 "/>
</bind>
</comp>

<comp id="5356" class="1005" name="add_ln11_97_reg_5356">
<pin_list>
<pin id="5357" dir="0" index="0" bw="2" slack="1"/>
<pin id="5358" dir="1" index="1" bw="2" slack="1"/>
</pin_list>
<bind>
<opset="add_ln11_97 "/>
</bind>
</comp>

<comp id="5361" class="1005" name="add_ln11_99_reg_5361">
<pin_list>
<pin id="5362" dir="0" index="0" bw="2" slack="1"/>
<pin id="5363" dir="1" index="1" bw="2" slack="1"/>
</pin_list>
<bind>
<opset="add_ln11_99 "/>
</bind>
</comp>

<comp id="5366" class="1005" name="add_ln11_100_reg_5366">
<pin_list>
<pin id="5367" dir="0" index="0" bw="2" slack="1"/>
<pin id="5368" dir="1" index="1" bw="2" slack="1"/>
</pin_list>
<bind>
<opset="add_ln11_100 "/>
</bind>
</comp>

<comp id="5371" class="1005" name="add_ln11_104_reg_5371">
<pin_list>
<pin id="5372" dir="0" index="0" bw="2" slack="1"/>
<pin id="5373" dir="1" index="1" bw="2" slack="1"/>
</pin_list>
<bind>
<opset="add_ln11_104 "/>
</bind>
</comp>

<comp id="5376" class="1005" name="add_ln11_105_reg_5376">
<pin_list>
<pin id="5377" dir="0" index="0" bw="2" slack="1"/>
<pin id="5378" dir="1" index="1" bw="2" slack="1"/>
</pin_list>
<bind>
<opset="add_ln11_105 "/>
</bind>
</comp>

<comp id="5381" class="1005" name="add_ln11_107_reg_5381">
<pin_list>
<pin id="5382" dir="0" index="0" bw="2" slack="1"/>
<pin id="5383" dir="1" index="1" bw="2" slack="1"/>
</pin_list>
<bind>
<opset="add_ln11_107 "/>
</bind>
</comp>

<comp id="5386" class="1005" name="add_ln11_108_reg_5386">
<pin_list>
<pin id="5387" dir="0" index="0" bw="2" slack="1"/>
<pin id="5388" dir="1" index="1" bw="2" slack="1"/>
</pin_list>
<bind>
<opset="add_ln11_108 "/>
</bind>
</comp>

<comp id="5391" class="1005" name="add_ln11_111_reg_5391">
<pin_list>
<pin id="5392" dir="0" index="0" bw="2" slack="1"/>
<pin id="5393" dir="1" index="1" bw="2" slack="1"/>
</pin_list>
<bind>
<opset="add_ln11_111 "/>
</bind>
</comp>

<comp id="5396" class="1005" name="add_ln11_112_reg_5396">
<pin_list>
<pin id="5397" dir="0" index="0" bw="2" slack="1"/>
<pin id="5398" dir="1" index="1" bw="2" slack="1"/>
</pin_list>
<bind>
<opset="add_ln11_112 "/>
</bind>
</comp>

<comp id="5401" class="1005" name="add_ln11_114_reg_5401">
<pin_list>
<pin id="5402" dir="0" index="0" bw="2" slack="1"/>
<pin id="5403" dir="1" index="1" bw="2" slack="1"/>
</pin_list>
<bind>
<opset="add_ln11_114 "/>
</bind>
</comp>

<comp id="5406" class="1005" name="add_ln11_115_reg_5406">
<pin_list>
<pin id="5407" dir="0" index="0" bw="2" slack="1"/>
<pin id="5408" dir="1" index="1" bw="2" slack="1"/>
</pin_list>
<bind>
<opset="add_ln11_115 "/>
</bind>
</comp>

<comp id="5411" class="1005" name="add_ln11_119_reg_5411">
<pin_list>
<pin id="5412" dir="0" index="0" bw="2" slack="1"/>
<pin id="5413" dir="1" index="1" bw="2" slack="1"/>
</pin_list>
<bind>
<opset="add_ln11_119 "/>
</bind>
</comp>

<comp id="5416" class="1005" name="add_ln11_120_reg_5416">
<pin_list>
<pin id="5417" dir="0" index="0" bw="2" slack="1"/>
<pin id="5418" dir="1" index="1" bw="2" slack="1"/>
</pin_list>
<bind>
<opset="add_ln11_120 "/>
</bind>
</comp>

<comp id="5421" class="1005" name="add_ln11_122_reg_5421">
<pin_list>
<pin id="5422" dir="0" index="0" bw="2" slack="1"/>
<pin id="5423" dir="1" index="1" bw="2" slack="1"/>
</pin_list>
<bind>
<opset="add_ln11_122 "/>
</bind>
</comp>

<comp id="5426" class="1005" name="add_ln11_123_reg_5426">
<pin_list>
<pin id="5427" dir="0" index="0" bw="2" slack="1"/>
<pin id="5428" dir="1" index="1" bw="2" slack="1"/>
</pin_list>
<bind>
<opset="add_ln11_123 "/>
</bind>
</comp>

<comp id="5431" class="1005" name="add_ln11_126_reg_5431">
<pin_list>
<pin id="5432" dir="0" index="0" bw="2" slack="1"/>
<pin id="5433" dir="1" index="1" bw="2" slack="1"/>
</pin_list>
<bind>
<opset="add_ln11_126 "/>
</bind>
</comp>

<comp id="5436" class="1005" name="add_ln11_127_reg_5436">
<pin_list>
<pin id="5437" dir="0" index="0" bw="2" slack="1"/>
<pin id="5438" dir="1" index="1" bw="2" slack="1"/>
</pin_list>
<bind>
<opset="add_ln11_127 "/>
</bind>
</comp>

<comp id="5441" class="1005" name="add_ln11_129_reg_5441">
<pin_list>
<pin id="5442" dir="0" index="0" bw="2" slack="1"/>
<pin id="5443" dir="1" index="1" bw="2" slack="1"/>
</pin_list>
<bind>
<opset="add_ln11_129 "/>
</bind>
</comp>

<comp id="5446" class="1005" name="add_ln11_130_reg_5446">
<pin_list>
<pin id="5447" dir="0" index="0" bw="2" slack="1"/>
<pin id="5448" dir="1" index="1" bw="2" slack="1"/>
</pin_list>
<bind>
<opset="add_ln11_130 "/>
</bind>
</comp>

<comp id="5451" class="1005" name="add_ln11_134_reg_5451">
<pin_list>
<pin id="5452" dir="0" index="0" bw="2" slack="1"/>
<pin id="5453" dir="1" index="1" bw="2" slack="1"/>
</pin_list>
<bind>
<opset="add_ln11_134 "/>
</bind>
</comp>

<comp id="5456" class="1005" name="add_ln11_135_reg_5456">
<pin_list>
<pin id="5457" dir="0" index="0" bw="2" slack="1"/>
<pin id="5458" dir="1" index="1" bw="2" slack="1"/>
</pin_list>
<bind>
<opset="add_ln11_135 "/>
</bind>
</comp>

<comp id="5461" class="1005" name="add_ln11_137_reg_5461">
<pin_list>
<pin id="5462" dir="0" index="0" bw="2" slack="1"/>
<pin id="5463" dir="1" index="1" bw="2" slack="1"/>
</pin_list>
<bind>
<opset="add_ln11_137 "/>
</bind>
</comp>

<comp id="5466" class="1005" name="add_ln11_138_reg_5466">
<pin_list>
<pin id="5467" dir="0" index="0" bw="2" slack="1"/>
<pin id="5468" dir="1" index="1" bw="2" slack="1"/>
</pin_list>
<bind>
<opset="add_ln11_138 "/>
</bind>
</comp>

<comp id="5471" class="1005" name="add_ln11_141_reg_5471">
<pin_list>
<pin id="5472" dir="0" index="0" bw="2" slack="1"/>
<pin id="5473" dir="1" index="1" bw="2" slack="1"/>
</pin_list>
<bind>
<opset="add_ln11_141 "/>
</bind>
</comp>

<comp id="5476" class="1005" name="add_ln11_142_reg_5476">
<pin_list>
<pin id="5477" dir="0" index="0" bw="2" slack="1"/>
<pin id="5478" dir="1" index="1" bw="2" slack="1"/>
</pin_list>
<bind>
<opset="add_ln11_142 "/>
</bind>
</comp>

<comp id="5481" class="1005" name="add_ln11_144_reg_5481">
<pin_list>
<pin id="5482" dir="0" index="0" bw="2" slack="1"/>
<pin id="5483" dir="1" index="1" bw="2" slack="1"/>
</pin_list>
<bind>
<opset="add_ln11_144 "/>
</bind>
</comp>

<comp id="5486" class="1005" name="add_ln11_145_reg_5486">
<pin_list>
<pin id="5487" dir="0" index="0" bw="2" slack="1"/>
<pin id="5488" dir="1" index="1" bw="2" slack="1"/>
</pin_list>
<bind>
<opset="add_ln11_145 "/>
</bind>
</comp>

<comp id="5491" class="1005" name="add_ln11_149_reg_5491">
<pin_list>
<pin id="5492" dir="0" index="0" bw="2" slack="1"/>
<pin id="5493" dir="1" index="1" bw="2" slack="1"/>
</pin_list>
<bind>
<opset="add_ln11_149 "/>
</bind>
</comp>

<comp id="5496" class="1005" name="add_ln11_150_reg_5496">
<pin_list>
<pin id="5497" dir="0" index="0" bw="2" slack="1"/>
<pin id="5498" dir="1" index="1" bw="2" slack="1"/>
</pin_list>
<bind>
<opset="add_ln11_150 "/>
</bind>
</comp>

<comp id="5501" class="1005" name="add_ln11_152_reg_5501">
<pin_list>
<pin id="5502" dir="0" index="0" bw="2" slack="1"/>
<pin id="5503" dir="1" index="1" bw="2" slack="1"/>
</pin_list>
<bind>
<opset="add_ln11_152 "/>
</bind>
</comp>

<comp id="5506" class="1005" name="add_ln11_153_reg_5506">
<pin_list>
<pin id="5507" dir="0" index="0" bw="2" slack="1"/>
<pin id="5508" dir="1" index="1" bw="2" slack="1"/>
</pin_list>
<bind>
<opset="add_ln11_153 "/>
</bind>
</comp>

<comp id="5511" class="1005" name="add_ln11_156_reg_5511">
<pin_list>
<pin id="5512" dir="0" index="0" bw="2" slack="1"/>
<pin id="5513" dir="1" index="1" bw="2" slack="1"/>
</pin_list>
<bind>
<opset="add_ln11_156 "/>
</bind>
</comp>

<comp id="5516" class="1005" name="add_ln11_157_reg_5516">
<pin_list>
<pin id="5517" dir="0" index="0" bw="2" slack="1"/>
<pin id="5518" dir="1" index="1" bw="2" slack="1"/>
</pin_list>
<bind>
<opset="add_ln11_157 "/>
</bind>
</comp>

<comp id="5521" class="1005" name="add_ln11_159_reg_5521">
<pin_list>
<pin id="5522" dir="0" index="0" bw="2" slack="1"/>
<pin id="5523" dir="1" index="1" bw="2" slack="1"/>
</pin_list>
<bind>
<opset="add_ln11_159 "/>
</bind>
</comp>

<comp id="5526" class="1005" name="add_ln11_160_reg_5526">
<pin_list>
<pin id="5527" dir="0" index="0" bw="2" slack="1"/>
<pin id="5528" dir="1" index="1" bw="2" slack="1"/>
</pin_list>
<bind>
<opset="add_ln11_160 "/>
</bind>
</comp>

<comp id="5531" class="1005" name="add_ln11_164_reg_5531">
<pin_list>
<pin id="5532" dir="0" index="0" bw="2" slack="1"/>
<pin id="5533" dir="1" index="1" bw="2" slack="1"/>
</pin_list>
<bind>
<opset="add_ln11_164 "/>
</bind>
</comp>

<comp id="5536" class="1005" name="add_ln11_165_reg_5536">
<pin_list>
<pin id="5537" dir="0" index="0" bw="2" slack="1"/>
<pin id="5538" dir="1" index="1" bw="2" slack="1"/>
</pin_list>
<bind>
<opset="add_ln11_165 "/>
</bind>
</comp>

<comp id="5541" class="1005" name="add_ln11_167_reg_5541">
<pin_list>
<pin id="5542" dir="0" index="0" bw="2" slack="1"/>
<pin id="5543" dir="1" index="1" bw="2" slack="1"/>
</pin_list>
<bind>
<opset="add_ln11_167 "/>
</bind>
</comp>

<comp id="5546" class="1005" name="add_ln11_168_reg_5546">
<pin_list>
<pin id="5547" dir="0" index="0" bw="2" slack="1"/>
<pin id="5548" dir="1" index="1" bw="2" slack="1"/>
</pin_list>
<bind>
<opset="add_ln11_168 "/>
</bind>
</comp>

<comp id="5551" class="1005" name="add_ln11_171_reg_5551">
<pin_list>
<pin id="5552" dir="0" index="0" bw="2" slack="1"/>
<pin id="5553" dir="1" index="1" bw="2" slack="1"/>
</pin_list>
<bind>
<opset="add_ln11_171 "/>
</bind>
</comp>

<comp id="5556" class="1005" name="add_ln11_172_reg_5556">
<pin_list>
<pin id="5557" dir="0" index="0" bw="2" slack="1"/>
<pin id="5558" dir="1" index="1" bw="2" slack="1"/>
</pin_list>
<bind>
<opset="add_ln11_172 "/>
</bind>
</comp>

<comp id="5561" class="1005" name="add_ln11_174_reg_5561">
<pin_list>
<pin id="5562" dir="0" index="0" bw="2" slack="1"/>
<pin id="5563" dir="1" index="1" bw="2" slack="1"/>
</pin_list>
<bind>
<opset="add_ln11_174 "/>
</bind>
</comp>

<comp id="5566" class="1005" name="add_ln11_175_reg_5566">
<pin_list>
<pin id="5567" dir="0" index="0" bw="2" slack="1"/>
<pin id="5568" dir="1" index="1" bw="2" slack="1"/>
</pin_list>
<bind>
<opset="add_ln11_175 "/>
</bind>
</comp>

<comp id="5571" class="1005" name="add_ln64_reg_5571">
<pin_list>
<pin id="5572" dir="0" index="0" bw="6" slack="1"/>
<pin id="5573" dir="1" index="1" bw="6" slack="1"/>
</pin_list>
<bind>
<opset="add_ln64 "/>
</bind>
</comp>

<comp id="5576" class="1005" name="add_ln64_4_reg_5576">
<pin_list>
<pin id="5577" dir="0" index="0" bw="6" slack="1"/>
<pin id="5578" dir="1" index="1" bw="6" slack="1"/>
</pin_list>
<bind>
<opset="add_ln64_4 "/>
</bind>
</comp>

<comp id="5581" class="1005" name="add_ln64_6_reg_5581">
<pin_list>
<pin id="5582" dir="0" index="0" bw="6" slack="1"/>
<pin id="5583" dir="1" index="1" bw="6" slack="1"/>
</pin_list>
<bind>
<opset="add_ln64_6 "/>
</bind>
</comp>

<comp id="5586" class="1005" name="add_ln64_7_reg_5586">
<pin_list>
<pin id="5587" dir="0" index="0" bw="6" slack="1"/>
<pin id="5588" dir="1" index="1" bw="6" slack="1"/>
</pin_list>
<bind>
<opset="add_ln64_7 "/>
</bind>
</comp>

<comp id="5591" class="1005" name="add_ln64_2_reg_5591">
<pin_list>
<pin id="5592" dir="0" index="0" bw="8" slack="1"/>
<pin id="5593" dir="1" index="1" bw="8" slack="1"/>
</pin_list>
<bind>
<opset="add_ln64_2 "/>
</bind>
</comp>

<comp id="5596" class="1005" name="sext_ln123_reg_5596">
<pin_list>
<pin id="5597" dir="0" index="0" bw="32" slack="1"/>
<pin id="5598" dir="1" index="1" bw="32" slack="1"/>
</pin_list>
<bind>
<opset="sext_ln123 "/>
</bind>
</comp>

<comp id="5601" class="1005" name="l2_out_addr_reg_5601">
<pin_list>
<pin id="5602" dir="0" index="0" bw="6" slack="1"/>
<pin id="5603" dir="1" index="1" bw="6" slack="1"/>
</pin_list>
<bind>
<opset="l2_out_addr "/>
</bind>
</comp>

</comp_list>

<net_list>
<net id="377"><net_src comp="148" pin="0"/><net_sink comp="374" pin=0"/></net>

<net id="381"><net_src comp="148" pin="0"/><net_sink comp="378" pin=0"/></net>

<net id="385"><net_src comp="148" pin="0"/><net_sink comp="382" pin=0"/></net>

<net id="389"><net_src comp="148" pin="0"/><net_sink comp="386" pin=0"/></net>

<net id="393"><net_src comp="148" pin="0"/><net_sink comp="390" pin=0"/></net>

<net id="397"><net_src comp="148" pin="0"/><net_sink comp="394" pin=0"/></net>

<net id="401"><net_src comp="148" pin="0"/><net_sink comp="398" pin=0"/></net>

<net id="405"><net_src comp="148" pin="0"/><net_sink comp="402" pin=0"/></net>

<net id="409"><net_src comp="148" pin="0"/><net_sink comp="406" pin=0"/></net>

<net id="413"><net_src comp="148" pin="0"/><net_sink comp="410" pin=0"/></net>

<net id="417"><net_src comp="148" pin="0"/><net_sink comp="414" pin=0"/></net>

<net id="421"><net_src comp="148" pin="0"/><net_sink comp="418" pin=0"/></net>

<net id="425"><net_src comp="148" pin="0"/><net_sink comp="422" pin=0"/></net>

<net id="429"><net_src comp="148" pin="0"/><net_sink comp="426" pin=0"/></net>

<net id="433"><net_src comp="148" pin="0"/><net_sink comp="430" pin=0"/></net>

<net id="437"><net_src comp="148" pin="0"/><net_sink comp="434" pin=0"/></net>

<net id="441"><net_src comp="148" pin="0"/><net_sink comp="438" pin=0"/></net>

<net id="445"><net_src comp="148" pin="0"/><net_sink comp="442" pin=0"/></net>

<net id="449"><net_src comp="148" pin="0"/><net_sink comp="446" pin=0"/></net>

<net id="453"><net_src comp="148" pin="0"/><net_sink comp="450" pin=0"/></net>

<net id="457"><net_src comp="148" pin="0"/><net_sink comp="454" pin=0"/></net>

<net id="461"><net_src comp="148" pin="0"/><net_sink comp="458" pin=0"/></net>

<net id="465"><net_src comp="148" pin="0"/><net_sink comp="462" pin=0"/></net>

<net id="469"><net_src comp="148" pin="0"/><net_sink comp="466" pin=0"/></net>

<net id="473"><net_src comp="148" pin="0"/><net_sink comp="470" pin=0"/></net>

<net id="477"><net_src comp="148" pin="0"/><net_sink comp="474" pin=0"/></net>

<net id="481"><net_src comp="148" pin="0"/><net_sink comp="478" pin=0"/></net>

<net id="485"><net_src comp="148" pin="0"/><net_sink comp="482" pin=0"/></net>

<net id="489"><net_src comp="148" pin="0"/><net_sink comp="486" pin=0"/></net>

<net id="493"><net_src comp="148" pin="0"/><net_sink comp="490" pin=0"/></net>

<net id="497"><net_src comp="148" pin="0"/><net_sink comp="494" pin=0"/></net>

<net id="501"><net_src comp="148" pin="0"/><net_sink comp="498" pin=0"/></net>

<net id="505"><net_src comp="148" pin="0"/><net_sink comp="502" pin=0"/></net>

<net id="509"><net_src comp="148" pin="0"/><net_sink comp="506" pin=0"/></net>

<net id="513"><net_src comp="148" pin="0"/><net_sink comp="510" pin=0"/></net>

<net id="517"><net_src comp="148" pin="0"/><net_sink comp="514" pin=0"/></net>

<net id="521"><net_src comp="148" pin="0"/><net_sink comp="518" pin=0"/></net>

<net id="525"><net_src comp="148" pin="0"/><net_sink comp="522" pin=0"/></net>

<net id="529"><net_src comp="148" pin="0"/><net_sink comp="526" pin=0"/></net>

<net id="533"><net_src comp="148" pin="0"/><net_sink comp="530" pin=0"/></net>

<net id="537"><net_src comp="148" pin="0"/><net_sink comp="534" pin=0"/></net>

<net id="541"><net_src comp="148" pin="0"/><net_sink comp="538" pin=0"/></net>

<net id="545"><net_src comp="148" pin="0"/><net_sink comp="542" pin=0"/></net>

<net id="549"><net_src comp="148" pin="0"/><net_sink comp="546" pin=0"/></net>

<net id="553"><net_src comp="148" pin="0"/><net_sink comp="550" pin=0"/></net>

<net id="557"><net_src comp="148" pin="0"/><net_sink comp="554" pin=0"/></net>

<net id="561"><net_src comp="148" pin="0"/><net_sink comp="558" pin=0"/></net>

<net id="565"><net_src comp="148" pin="0"/><net_sink comp="562" pin=0"/></net>

<net id="569"><net_src comp="148" pin="0"/><net_sink comp="566" pin=0"/></net>

<net id="573"><net_src comp="148" pin="0"/><net_sink comp="570" pin=0"/></net>

<net id="577"><net_src comp="148" pin="0"/><net_sink comp="574" pin=0"/></net>

<net id="581"><net_src comp="148" pin="0"/><net_sink comp="578" pin=0"/></net>

<net id="585"><net_src comp="148" pin="0"/><net_sink comp="582" pin=0"/></net>

<net id="589"><net_src comp="148" pin="0"/><net_sink comp="586" pin=0"/></net>

<net id="593"><net_src comp="148" pin="0"/><net_sink comp="590" pin=0"/></net>

<net id="597"><net_src comp="148" pin="0"/><net_sink comp="594" pin=0"/></net>

<net id="601"><net_src comp="148" pin="0"/><net_sink comp="598" pin=0"/></net>

<net id="605"><net_src comp="148" pin="0"/><net_sink comp="602" pin=0"/></net>

<net id="609"><net_src comp="148" pin="0"/><net_sink comp="606" pin=0"/></net>

<net id="613"><net_src comp="148" pin="0"/><net_sink comp="610" pin=0"/></net>

<net id="617"><net_src comp="148" pin="0"/><net_sink comp="614" pin=0"/></net>

<net id="621"><net_src comp="148" pin="0"/><net_sink comp="618" pin=0"/></net>

<net id="625"><net_src comp="148" pin="0"/><net_sink comp="622" pin=0"/></net>

<net id="629"><net_src comp="148" pin="0"/><net_sink comp="626" pin=0"/></net>

<net id="633"><net_src comp="148" pin="0"/><net_sink comp="630" pin=0"/></net>

<net id="638"><net_src comp="168" pin="0"/><net_sink comp="634" pin=0"/></net>

<net id="639"><net_src comp="14" pin="0"/><net_sink comp="634" pin=1"/></net>

<net id="644"><net_src comp="168" pin="0"/><net_sink comp="640" pin=0"/></net>

<net id="645"><net_src comp="12" pin="0"/><net_sink comp="640" pin=1"/></net>

<net id="650"><net_src comp="168" pin="0"/><net_sink comp="646" pin=0"/></net>

<net id="651"><net_src comp="10" pin="0"/><net_sink comp="646" pin=1"/></net>

<net id="656"><net_src comp="168" pin="0"/><net_sink comp="652" pin=0"/></net>

<net id="657"><net_src comp="8" pin="0"/><net_sink comp="652" pin=1"/></net>

<net id="662"><net_src comp="168" pin="0"/><net_sink comp="658" pin=0"/></net>

<net id="663"><net_src comp="6" pin="0"/><net_sink comp="658" pin=1"/></net>

<net id="668"><net_src comp="168" pin="0"/><net_sink comp="664" pin=0"/></net>

<net id="669"><net_src comp="4" pin="0"/><net_sink comp="664" pin=1"/></net>

<net id="674"><net_src comp="168" pin="0"/><net_sink comp="670" pin=0"/></net>

<net id="675"><net_src comp="2" pin="0"/><net_sink comp="670" pin=1"/></net>

<net id="680"><net_src comp="168" pin="0"/><net_sink comp="676" pin=0"/></net>

<net id="681"><net_src comp="0" pin="0"/><net_sink comp="676" pin=1"/></net>

<net id="687"><net_src comp="372" pin="0"/><net_sink comp="682" pin=0"/></net>

<net id="688"><net_src comp="18" pin="0"/><net_sink comp="682" pin=1"/></net>

<net id="694"><net_src comp="372" pin="0"/><net_sink comp="689" pin=0"/></net>

<net id="695"><net_src comp="20" pin="0"/><net_sink comp="689" pin=1"/></net>

<net id="701"><net_src comp="372" pin="0"/><net_sink comp="696" pin=0"/></net>

<net id="702"><net_src comp="22" pin="0"/><net_sink comp="696" pin=1"/></net>

<net id="708"><net_src comp="372" pin="0"/><net_sink comp="703" pin=0"/></net>

<net id="709"><net_src comp="24" pin="0"/><net_sink comp="703" pin=1"/></net>

<net id="715"><net_src comp="372" pin="0"/><net_sink comp="710" pin=0"/></net>

<net id="716"><net_src comp="26" pin="0"/><net_sink comp="710" pin=1"/></net>

<net id="722"><net_src comp="372" pin="0"/><net_sink comp="717" pin=0"/></net>

<net id="723"><net_src comp="28" pin="0"/><net_sink comp="717" pin=1"/></net>

<net id="729"><net_src comp="372" pin="0"/><net_sink comp="724" pin=0"/></net>

<net id="730"><net_src comp="30" pin="0"/><net_sink comp="724" pin=1"/></net>

<net id="736"><net_src comp="372" pin="0"/><net_sink comp="731" pin=0"/></net>

<net id="737"><net_src comp="32" pin="0"/><net_sink comp="731" pin=1"/></net>

<net id="743"><net_src comp="372" pin="0"/><net_sink comp="738" pin=0"/></net>

<net id="744"><net_src comp="34" pin="0"/><net_sink comp="738" pin=1"/></net>

<net id="750"><net_src comp="372" pin="0"/><net_sink comp="745" pin=0"/></net>

<net id="751"><net_src comp="36" pin="0"/><net_sink comp="745" pin=1"/></net>

<net id="757"><net_src comp="372" pin="0"/><net_sink comp="752" pin=0"/></net>

<net id="758"><net_src comp="38" pin="0"/><net_sink comp="752" pin=1"/></net>

<net id="764"><net_src comp="372" pin="0"/><net_sink comp="759" pin=0"/></net>

<net id="765"><net_src comp="40" pin="0"/><net_sink comp="759" pin=1"/></net>

<net id="771"><net_src comp="372" pin="0"/><net_sink comp="766" pin=0"/></net>

<net id="772"><net_src comp="42" pin="0"/><net_sink comp="766" pin=1"/></net>

<net id="778"><net_src comp="372" pin="0"/><net_sink comp="773" pin=0"/></net>

<net id="779"><net_src comp="44" pin="0"/><net_sink comp="773" pin=1"/></net>

<net id="785"><net_src comp="372" pin="0"/><net_sink comp="780" pin=0"/></net>

<net id="786"><net_src comp="46" pin="0"/><net_sink comp="780" pin=1"/></net>

<net id="792"><net_src comp="372" pin="0"/><net_sink comp="787" pin=0"/></net>

<net id="793"><net_src comp="48" pin="0"/><net_sink comp="787" pin=1"/></net>

<net id="799"><net_src comp="372" pin="0"/><net_sink comp="794" pin=0"/></net>

<net id="800"><net_src comp="50" pin="0"/><net_sink comp="794" pin=1"/></net>

<net id="806"><net_src comp="372" pin="0"/><net_sink comp="801" pin=0"/></net>

<net id="807"><net_src comp="52" pin="0"/><net_sink comp="801" pin=1"/></net>

<net id="813"><net_src comp="372" pin="0"/><net_sink comp="808" pin=0"/></net>

<net id="814"><net_src comp="54" pin="0"/><net_sink comp="808" pin=1"/></net>

<net id="820"><net_src comp="372" pin="0"/><net_sink comp="815" pin=0"/></net>

<net id="821"><net_src comp="56" pin="0"/><net_sink comp="815" pin=1"/></net>

<net id="827"><net_src comp="372" pin="0"/><net_sink comp="822" pin=0"/></net>

<net id="828"><net_src comp="58" pin="0"/><net_sink comp="822" pin=1"/></net>

<net id="834"><net_src comp="372" pin="0"/><net_sink comp="829" pin=0"/></net>

<net id="835"><net_src comp="60" pin="0"/><net_sink comp="829" pin=1"/></net>

<net id="841"><net_src comp="372" pin="0"/><net_sink comp="836" pin=0"/></net>

<net id="842"><net_src comp="62" pin="0"/><net_sink comp="836" pin=1"/></net>

<net id="848"><net_src comp="372" pin="0"/><net_sink comp="843" pin=0"/></net>

<net id="849"><net_src comp="64" pin="0"/><net_sink comp="843" pin=1"/></net>

<net id="855"><net_src comp="372" pin="0"/><net_sink comp="850" pin=0"/></net>

<net id="856"><net_src comp="66" pin="0"/><net_sink comp="850" pin=1"/></net>

<net id="862"><net_src comp="372" pin="0"/><net_sink comp="857" pin=0"/></net>

<net id="863"><net_src comp="68" pin="0"/><net_sink comp="857" pin=1"/></net>

<net id="869"><net_src comp="372" pin="0"/><net_sink comp="864" pin=0"/></net>

<net id="870"><net_src comp="70" pin="0"/><net_sink comp="864" pin=1"/></net>

<net id="876"><net_src comp="372" pin="0"/><net_sink comp="871" pin=0"/></net>

<net id="877"><net_src comp="72" pin="0"/><net_sink comp="871" pin=1"/></net>

<net id="883"><net_src comp="372" pin="0"/><net_sink comp="878" pin=0"/></net>

<net id="884"><net_src comp="74" pin="0"/><net_sink comp="878" pin=1"/></net>

<net id="890"><net_src comp="372" pin="0"/><net_sink comp="885" pin=0"/></net>

<net id="891"><net_src comp="76" pin="0"/><net_sink comp="885" pin=1"/></net>

<net id="897"><net_src comp="372" pin="0"/><net_sink comp="892" pin=0"/></net>

<net id="898"><net_src comp="78" pin="0"/><net_sink comp="892" pin=1"/></net>

<net id="904"><net_src comp="372" pin="0"/><net_sink comp="899" pin=0"/></net>

<net id="905"><net_src comp="80" pin="0"/><net_sink comp="899" pin=1"/></net>

<net id="911"><net_src comp="372" pin="0"/><net_sink comp="906" pin=0"/></net>

<net id="912"><net_src comp="82" pin="0"/><net_sink comp="906" pin=1"/></net>

<net id="918"><net_src comp="372" pin="0"/><net_sink comp="913" pin=0"/></net>

<net id="919"><net_src comp="84" pin="0"/><net_sink comp="913" pin=1"/></net>

<net id="925"><net_src comp="372" pin="0"/><net_sink comp="920" pin=0"/></net>

<net id="926"><net_src comp="86" pin="0"/><net_sink comp="920" pin=1"/></net>

<net id="932"><net_src comp="372" pin="0"/><net_sink comp="927" pin=0"/></net>

<net id="933"><net_src comp="88" pin="0"/><net_sink comp="927" pin=1"/></net>

<net id="939"><net_src comp="372" pin="0"/><net_sink comp="934" pin=0"/></net>

<net id="940"><net_src comp="90" pin="0"/><net_sink comp="934" pin=1"/></net>

<net id="946"><net_src comp="372" pin="0"/><net_sink comp="941" pin=0"/></net>

<net id="947"><net_src comp="92" pin="0"/><net_sink comp="941" pin=1"/></net>

<net id="953"><net_src comp="372" pin="0"/><net_sink comp="948" pin=0"/></net>

<net id="954"><net_src comp="94" pin="0"/><net_sink comp="948" pin=1"/></net>

<net id="960"><net_src comp="372" pin="0"/><net_sink comp="955" pin=0"/></net>

<net id="961"><net_src comp="96" pin="0"/><net_sink comp="955" pin=1"/></net>

<net id="967"><net_src comp="372" pin="0"/><net_sink comp="962" pin=0"/></net>

<net id="968"><net_src comp="98" pin="0"/><net_sink comp="962" pin=1"/></net>

<net id="974"><net_src comp="372" pin="0"/><net_sink comp="969" pin=0"/></net>

<net id="975"><net_src comp="100" pin="0"/><net_sink comp="969" pin=1"/></net>

<net id="981"><net_src comp="372" pin="0"/><net_sink comp="976" pin=0"/></net>

<net id="982"><net_src comp="102" pin="0"/><net_sink comp="976" pin=1"/></net>

<net id="988"><net_src comp="372" pin="0"/><net_sink comp="983" pin=0"/></net>

<net id="989"><net_src comp="104" pin="0"/><net_sink comp="983" pin=1"/></net>

<net id="995"><net_src comp="372" pin="0"/><net_sink comp="990" pin=0"/></net>

<net id="996"><net_src comp="106" pin="0"/><net_sink comp="990" pin=1"/></net>

<net id="1002"><net_src comp="372" pin="0"/><net_sink comp="997" pin=0"/></net>

<net id="1003"><net_src comp="108" pin="0"/><net_sink comp="997" pin=1"/></net>

<net id="1009"><net_src comp="372" pin="0"/><net_sink comp="1004" pin=0"/></net>

<net id="1010"><net_src comp="110" pin="0"/><net_sink comp="1004" pin=1"/></net>

<net id="1016"><net_src comp="372" pin="0"/><net_sink comp="1011" pin=0"/></net>

<net id="1017"><net_src comp="112" pin="0"/><net_sink comp="1011" pin=1"/></net>

<net id="1023"><net_src comp="372" pin="0"/><net_sink comp="1018" pin=0"/></net>

<net id="1024"><net_src comp="114" pin="0"/><net_sink comp="1018" pin=1"/></net>

<net id="1030"><net_src comp="372" pin="0"/><net_sink comp="1025" pin=0"/></net>

<net id="1031"><net_src comp="116" pin="0"/><net_sink comp="1025" pin=1"/></net>

<net id="1037"><net_src comp="372" pin="0"/><net_sink comp="1032" pin=0"/></net>

<net id="1038"><net_src comp="118" pin="0"/><net_sink comp="1032" pin=1"/></net>

<net id="1044"><net_src comp="372" pin="0"/><net_sink comp="1039" pin=0"/></net>

<net id="1045"><net_src comp="120" pin="0"/><net_sink comp="1039" pin=1"/></net>

<net id="1051"><net_src comp="372" pin="0"/><net_sink comp="1046" pin=0"/></net>

<net id="1052"><net_src comp="122" pin="0"/><net_sink comp="1046" pin=1"/></net>

<net id="1058"><net_src comp="372" pin="0"/><net_sink comp="1053" pin=0"/></net>

<net id="1059"><net_src comp="124" pin="0"/><net_sink comp="1053" pin=1"/></net>

<net id="1065"><net_src comp="372" pin="0"/><net_sink comp="1060" pin=0"/></net>

<net id="1066"><net_src comp="126" pin="0"/><net_sink comp="1060" pin=1"/></net>

<net id="1072"><net_src comp="372" pin="0"/><net_sink comp="1067" pin=0"/></net>

<net id="1073"><net_src comp="128" pin="0"/><net_sink comp="1067" pin=1"/></net>

<net id="1079"><net_src comp="372" pin="0"/><net_sink comp="1074" pin=0"/></net>

<net id="1080"><net_src comp="130" pin="0"/><net_sink comp="1074" pin=1"/></net>

<net id="1086"><net_src comp="372" pin="0"/><net_sink comp="1081" pin=0"/></net>

<net id="1087"><net_src comp="132" pin="0"/><net_sink comp="1081" pin=1"/></net>

<net id="1093"><net_src comp="372" pin="0"/><net_sink comp="1088" pin=0"/></net>

<net id="1094"><net_src comp="134" pin="0"/><net_sink comp="1088" pin=1"/></net>

<net id="1100"><net_src comp="372" pin="0"/><net_sink comp="1095" pin=0"/></net>

<net id="1101"><net_src comp="136" pin="0"/><net_sink comp="1095" pin=1"/></net>

<net id="1107"><net_src comp="372" pin="0"/><net_sink comp="1102" pin=0"/></net>

<net id="1108"><net_src comp="138" pin="0"/><net_sink comp="1102" pin=1"/></net>

<net id="1114"><net_src comp="372" pin="0"/><net_sink comp="1109" pin=0"/></net>

<net id="1115"><net_src comp="140" pin="0"/><net_sink comp="1109" pin=1"/></net>

<net id="1121"><net_src comp="372" pin="0"/><net_sink comp="1116" pin=0"/></net>

<net id="1122"><net_src comp="142" pin="0"/><net_sink comp="1116" pin=1"/></net>

<net id="1128"><net_src comp="372" pin="0"/><net_sink comp="1123" pin=0"/></net>

<net id="1129"><net_src comp="144" pin="0"/><net_sink comp="1123" pin=1"/></net>

<net id="1135"><net_src comp="146" pin="0"/><net_sink comp="1130" pin=0"/></net>

<net id="1136"><net_src comp="180" pin="0"/><net_sink comp="1130" pin=1"/></net>

<net id="1170"><net_src comp="1130" pin="3"/><net_sink comp="1137" pin=18"/></net>

<net id="1176"><net_src comp="146" pin="0"/><net_sink comp="1171" pin=0"/></net>

<net id="1177"><net_src comp="180" pin="0"/><net_sink comp="1171" pin=1"/></net>

<net id="1178"><net_src comp="1171" pin="3"/><net_sink comp="1137" pin=16"/></net>

<net id="1184"><net_src comp="146" pin="0"/><net_sink comp="1179" pin=0"/></net>

<net id="1185"><net_src comp="180" pin="0"/><net_sink comp="1179" pin=1"/></net>

<net id="1186"><net_src comp="1179" pin="3"/><net_sink comp="1137" pin=13"/></net>

<net id="1192"><net_src comp="146" pin="0"/><net_sink comp="1187" pin=0"/></net>

<net id="1193"><net_src comp="180" pin="0"/><net_sink comp="1187" pin=1"/></net>

<net id="1194"><net_src comp="1187" pin="3"/><net_sink comp="1137" pin=10"/></net>

<net id="1200"><net_src comp="146" pin="0"/><net_sink comp="1195" pin=0"/></net>

<net id="1201"><net_src comp="180" pin="0"/><net_sink comp="1195" pin=1"/></net>

<net id="1202"><net_src comp="1195" pin="3"/><net_sink comp="1137" pin=8"/></net>

<net id="1208"><net_src comp="146" pin="0"/><net_sink comp="1203" pin=0"/></net>

<net id="1209"><net_src comp="180" pin="0"/><net_sink comp="1203" pin=1"/></net>

<net id="1210"><net_src comp="1203" pin="3"/><net_sink comp="1137" pin=5"/></net>

<net id="1216"><net_src comp="146" pin="0"/><net_sink comp="1211" pin=0"/></net>

<net id="1217"><net_src comp="180" pin="0"/><net_sink comp="1211" pin=1"/></net>

<net id="1218"><net_src comp="1211" pin="3"/><net_sink comp="1137" pin=2"/></net>

<net id="1224"><net_src comp="146" pin="0"/><net_sink comp="1219" pin=0"/></net>

<net id="1225"><net_src comp="180" pin="0"/><net_sink comp="1219" pin=1"/></net>

<net id="1226"><net_src comp="1219" pin="3"/><net_sink comp="1137" pin=0"/></net>

<net id="1232"><net_src comp="16" pin="0"/><net_sink comp="1227" pin=0"/></net>

<net id="1233"><net_src comp="180" pin="0"/><net_sink comp="1227" pin=1"/></net>

<net id="1239"><net_src comp="1227" pin="3"/><net_sink comp="1234" pin=0"/></net>

<net id="1244"><net_src comp="170" pin="0"/><net_sink comp="1240" pin=0"/></net>

<net id="1252"><net_src comp="1245" pin="1"/><net_sink comp="1248" pin=0"/></net>

<net id="1253"><net_src comp="172" pin="0"/><net_sink comp="1248" pin=1"/></net>

<net id="1258"><net_src comp="1245" pin="1"/><net_sink comp="1254" pin=0"/></net>

<net id="1259"><net_src comp="174" pin="0"/><net_sink comp="1254" pin=1"/></net>

<net id="1263"><net_src comp="1245" pin="1"/><net_sink comp="1260" pin=0"/></net>

<net id="1269"><net_src comp="176" pin="0"/><net_sink comp="1264" pin=0"/></net>

<net id="1270"><net_src comp="1260" pin="1"/><net_sink comp="1264" pin=1"/></net>

<net id="1271"><net_src comp="178" pin="0"/><net_sink comp="1264" pin=2"/></net>

<net id="1275"><net_src comp="1264" pin="3"/><net_sink comp="1272" pin=0"/></net>

<net id="1276"><net_src comp="1272" pin="1"/><net_sink comp="1130" pin=2"/></net>

<net id="1282"><net_src comp="176" pin="0"/><net_sink comp="1277" pin=0"/></net>

<net id="1283"><net_src comp="1260" pin="1"/><net_sink comp="1277" pin=1"/></net>

<net id="1284"><net_src comp="182" pin="0"/><net_sink comp="1277" pin=2"/></net>

<net id="1288"><net_src comp="1277" pin="3"/><net_sink comp="1285" pin=0"/></net>

<net id="1289"><net_src comp="1285" pin="1"/><net_sink comp="1171" pin=2"/></net>

<net id="1295"><net_src comp="176" pin="0"/><net_sink comp="1290" pin=0"/></net>

<net id="1296"><net_src comp="1260" pin="1"/><net_sink comp="1290" pin=1"/></net>

<net id="1297"><net_src comp="184" pin="0"/><net_sink comp="1290" pin=2"/></net>

<net id="1301"><net_src comp="1290" pin="3"/><net_sink comp="1298" pin=0"/></net>

<net id="1302"><net_src comp="1298" pin="1"/><net_sink comp="1179" pin=2"/></net>

<net id="1308"><net_src comp="176" pin="0"/><net_sink comp="1303" pin=0"/></net>

<net id="1309"><net_src comp="1260" pin="1"/><net_sink comp="1303" pin=1"/></net>

<net id="1310"><net_src comp="186" pin="0"/><net_sink comp="1303" pin=2"/></net>

<net id="1314"><net_src comp="1303" pin="3"/><net_sink comp="1311" pin=0"/></net>

<net id="1315"><net_src comp="1311" pin="1"/><net_sink comp="1187" pin=2"/></net>

<net id="1321"><net_src comp="176" pin="0"/><net_sink comp="1316" pin=0"/></net>

<net id="1322"><net_src comp="1260" pin="1"/><net_sink comp="1316" pin=1"/></net>

<net id="1323"><net_src comp="188" pin="0"/><net_sink comp="1316" pin=2"/></net>

<net id="1327"><net_src comp="1316" pin="3"/><net_sink comp="1324" pin=0"/></net>

<net id="1328"><net_src comp="1324" pin="1"/><net_sink comp="1195" pin=2"/></net>

<net id="1334"><net_src comp="176" pin="0"/><net_sink comp="1329" pin=0"/></net>

<net id="1335"><net_src comp="1260" pin="1"/><net_sink comp="1329" pin=1"/></net>

<net id="1336"><net_src comp="190" pin="0"/><net_sink comp="1329" pin=2"/></net>

<net id="1340"><net_src comp="1329" pin="3"/><net_sink comp="1337" pin=0"/></net>

<net id="1341"><net_src comp="1337" pin="1"/><net_sink comp="1203" pin=2"/></net>

<net id="1347"><net_src comp="176" pin="0"/><net_sink comp="1342" pin=0"/></net>

<net id="1348"><net_src comp="1260" pin="1"/><net_sink comp="1342" pin=1"/></net>

<net id="1349"><net_src comp="192" pin="0"/><net_sink comp="1342" pin=2"/></net>

<net id="1353"><net_src comp="1342" pin="3"/><net_sink comp="1350" pin=0"/></net>

<net id="1354"><net_src comp="1350" pin="1"/><net_sink comp="1211" pin=2"/></net>

<net id="1360"><net_src comp="176" pin="0"/><net_sink comp="1355" pin=0"/></net>

<net id="1361"><net_src comp="1260" pin="1"/><net_sink comp="1355" pin=1"/></net>

<net id="1362"><net_src comp="194" pin="0"/><net_sink comp="1355" pin=2"/></net>

<net id="1366"><net_src comp="1355" pin="3"/><net_sink comp="1363" pin=0"/></net>

<net id="1367"><net_src comp="1363" pin="1"/><net_sink comp="1219" pin=2"/></net>

<net id="1372"><net_src comp="1254" pin="2"/><net_sink comp="1368" pin=0"/></net>

<net id="1377"><net_src comp="322" pin="0"/><net_sink comp="1373" pin=1"/></net>

<net id="1382"><net_src comp="1137" pin="31"/><net_sink comp="1378" pin=0"/></net>

<net id="1383"><net_src comp="1373" pin="2"/><net_sink comp="1378" pin=1"/></net>

<net id="1387"><net_src comp="1378" pin="2"/><net_sink comp="1384" pin=0"/></net>

<net id="1391"><net_src comp="1384" pin="1"/><net_sink comp="1388" pin=0"/></net>

<net id="1397"><net_src comp="324" pin="0"/><net_sink comp="1392" pin=0"/></net>

<net id="1398"><net_src comp="1378" pin="2"/><net_sink comp="1392" pin=1"/></net>

<net id="1399"><net_src comp="148" pin="0"/><net_sink comp="1392" pin=2"/></net>

<net id="1403"><net_src comp="1392" pin="3"/><net_sink comp="1400" pin=0"/></net>

<net id="1409"><net_src comp="324" pin="0"/><net_sink comp="1404" pin=0"/></net>

<net id="1410"><net_src comp="1378" pin="2"/><net_sink comp="1404" pin=1"/></net>

<net id="1411"><net_src comp="326" pin="0"/><net_sink comp="1404" pin=2"/></net>

<net id="1415"><net_src comp="1404" pin="3"/><net_sink comp="1412" pin=0"/></net>

<net id="1421"><net_src comp="324" pin="0"/><net_sink comp="1416" pin=0"/></net>

<net id="1422"><net_src comp="1378" pin="2"/><net_sink comp="1416" pin=1"/></net>

<net id="1423"><net_src comp="328" pin="0"/><net_sink comp="1416" pin=2"/></net>

<net id="1427"><net_src comp="1416" pin="3"/><net_sink comp="1424" pin=0"/></net>

<net id="1433"><net_src comp="324" pin="0"/><net_sink comp="1428" pin=0"/></net>

<net id="1434"><net_src comp="1378" pin="2"/><net_sink comp="1428" pin=1"/></net>

<net id="1435"><net_src comp="330" pin="0"/><net_sink comp="1428" pin=2"/></net>

<net id="1439"><net_src comp="1428" pin="3"/><net_sink comp="1436" pin=0"/></net>

<net id="1445"><net_src comp="324" pin="0"/><net_sink comp="1440" pin=0"/></net>

<net id="1446"><net_src comp="1378" pin="2"/><net_sink comp="1440" pin=1"/></net>

<net id="1447"><net_src comp="332" pin="0"/><net_sink comp="1440" pin=2"/></net>

<net id="1451"><net_src comp="1440" pin="3"/><net_sink comp="1448" pin=0"/></net>

<net id="1457"><net_src comp="324" pin="0"/><net_sink comp="1452" pin=0"/></net>

<net id="1458"><net_src comp="1378" pin="2"/><net_sink comp="1452" pin=1"/></net>

<net id="1459"><net_src comp="334" pin="0"/><net_sink comp="1452" pin=2"/></net>

<net id="1463"><net_src comp="1452" pin="3"/><net_sink comp="1460" pin=0"/></net>

<net id="1469"><net_src comp="324" pin="0"/><net_sink comp="1464" pin=0"/></net>

<net id="1470"><net_src comp="1378" pin="2"/><net_sink comp="1464" pin=1"/></net>

<net id="1471"><net_src comp="336" pin="0"/><net_sink comp="1464" pin=2"/></net>

<net id="1475"><net_src comp="1464" pin="3"/><net_sink comp="1472" pin=0"/></net>

<net id="1481"><net_src comp="324" pin="0"/><net_sink comp="1476" pin=0"/></net>

<net id="1482"><net_src comp="1378" pin="2"/><net_sink comp="1476" pin=1"/></net>

<net id="1483"><net_src comp="338" pin="0"/><net_sink comp="1476" pin=2"/></net>

<net id="1487"><net_src comp="1476" pin="3"/><net_sink comp="1484" pin=0"/></net>

<net id="1493"><net_src comp="324" pin="0"/><net_sink comp="1488" pin=0"/></net>

<net id="1494"><net_src comp="1378" pin="2"/><net_sink comp="1488" pin=1"/></net>

<net id="1495"><net_src comp="340" pin="0"/><net_sink comp="1488" pin=2"/></net>

<net id="1499"><net_src comp="1488" pin="3"/><net_sink comp="1496" pin=0"/></net>

<net id="1505"><net_src comp="324" pin="0"/><net_sink comp="1500" pin=0"/></net>

<net id="1506"><net_src comp="1378" pin="2"/><net_sink comp="1500" pin=1"/></net>

<net id="1507"><net_src comp="342" pin="0"/><net_sink comp="1500" pin=2"/></net>

<net id="1511"><net_src comp="1500" pin="3"/><net_sink comp="1508" pin=0"/></net>

<net id="1517"><net_src comp="324" pin="0"/><net_sink comp="1512" pin=0"/></net>

<net id="1518"><net_src comp="1378" pin="2"/><net_sink comp="1512" pin=1"/></net>

<net id="1519"><net_src comp="344" pin="0"/><net_sink comp="1512" pin=2"/></net>

<net id="1523"><net_src comp="1512" pin="3"/><net_sink comp="1520" pin=0"/></net>

<net id="1529"><net_src comp="324" pin="0"/><net_sink comp="1524" pin=0"/></net>

<net id="1530"><net_src comp="1378" pin="2"/><net_sink comp="1524" pin=1"/></net>

<net id="1531"><net_src comp="346" pin="0"/><net_sink comp="1524" pin=2"/></net>

<net id="1535"><net_src comp="1524" pin="3"/><net_sink comp="1532" pin=0"/></net>

<net id="1541"><net_src comp="324" pin="0"/><net_sink comp="1536" pin=0"/></net>

<net id="1542"><net_src comp="1378" pin="2"/><net_sink comp="1536" pin=1"/></net>

<net id="1543"><net_src comp="348" pin="0"/><net_sink comp="1536" pin=2"/></net>

<net id="1547"><net_src comp="1536" pin="3"/><net_sink comp="1544" pin=0"/></net>

<net id="1553"><net_src comp="324" pin="0"/><net_sink comp="1548" pin=0"/></net>

<net id="1554"><net_src comp="1378" pin="2"/><net_sink comp="1548" pin=1"/></net>

<net id="1555"><net_src comp="350" pin="0"/><net_sink comp="1548" pin=2"/></net>

<net id="1559"><net_src comp="1548" pin="3"/><net_sink comp="1556" pin=0"/></net>

<net id="1565"><net_src comp="324" pin="0"/><net_sink comp="1560" pin=0"/></net>

<net id="1566"><net_src comp="1378" pin="2"/><net_sink comp="1560" pin=1"/></net>

<net id="1567"><net_src comp="352" pin="0"/><net_sink comp="1560" pin=2"/></net>

<net id="1571"><net_src comp="1560" pin="3"/><net_sink comp="1568" pin=0"/></net>

<net id="1576"><net_src comp="1400" pin="1"/><net_sink comp="1572" pin=0"/></net>

<net id="1577"><net_src comp="1388" pin="1"/><net_sink comp="1572" pin=1"/></net>

<net id="1582"><net_src comp="1412" pin="1"/><net_sink comp="1578" pin=0"/></net>

<net id="1583"><net_src comp="1424" pin="1"/><net_sink comp="1578" pin=1"/></net>

<net id="1588"><net_src comp="1436" pin="1"/><net_sink comp="1584" pin=0"/></net>

<net id="1589"><net_src comp="1448" pin="1"/><net_sink comp="1584" pin=1"/></net>

<net id="1594"><net_src comp="1460" pin="1"/><net_sink comp="1590" pin=0"/></net>

<net id="1595"><net_src comp="1472" pin="1"/><net_sink comp="1590" pin=1"/></net>

<net id="1600"><net_src comp="1484" pin="1"/><net_sink comp="1596" pin=0"/></net>

<net id="1601"><net_src comp="1496" pin="1"/><net_sink comp="1596" pin=1"/></net>

<net id="1606"><net_src comp="1508" pin="1"/><net_sink comp="1602" pin=0"/></net>

<net id="1607"><net_src comp="1520" pin="1"/><net_sink comp="1602" pin=1"/></net>

<net id="1612"><net_src comp="1532" pin="1"/><net_sink comp="1608" pin=0"/></net>

<net id="1613"><net_src comp="1544" pin="1"/><net_sink comp="1608" pin=1"/></net>

<net id="1618"><net_src comp="1556" pin="1"/><net_sink comp="1614" pin=0"/></net>

<net id="1619"><net_src comp="1568" pin="1"/><net_sink comp="1614" pin=1"/></net>

<net id="1624"><net_src comp="322" pin="0"/><net_sink comp="1620" pin=1"/></net>

<net id="1629"><net_src comp="1137" pin="27"/><net_sink comp="1625" pin=0"/></net>

<net id="1630"><net_src comp="1620" pin="2"/><net_sink comp="1625" pin=1"/></net>

<net id="1634"><net_src comp="1625" pin="2"/><net_sink comp="1631" pin=0"/></net>

<net id="1638"><net_src comp="1631" pin="1"/><net_sink comp="1635" pin=0"/></net>

<net id="1644"><net_src comp="324" pin="0"/><net_sink comp="1639" pin=0"/></net>

<net id="1645"><net_src comp="1625" pin="2"/><net_sink comp="1639" pin=1"/></net>

<net id="1646"><net_src comp="148" pin="0"/><net_sink comp="1639" pin=2"/></net>

<net id="1650"><net_src comp="1639" pin="3"/><net_sink comp="1647" pin=0"/></net>

<net id="1656"><net_src comp="324" pin="0"/><net_sink comp="1651" pin=0"/></net>

<net id="1657"><net_src comp="1625" pin="2"/><net_sink comp="1651" pin=1"/></net>

<net id="1658"><net_src comp="326" pin="0"/><net_sink comp="1651" pin=2"/></net>

<net id="1662"><net_src comp="1651" pin="3"/><net_sink comp="1659" pin=0"/></net>

<net id="1668"><net_src comp="324" pin="0"/><net_sink comp="1663" pin=0"/></net>

<net id="1669"><net_src comp="1625" pin="2"/><net_sink comp="1663" pin=1"/></net>

<net id="1670"><net_src comp="328" pin="0"/><net_sink comp="1663" pin=2"/></net>

<net id="1674"><net_src comp="1663" pin="3"/><net_sink comp="1671" pin=0"/></net>

<net id="1680"><net_src comp="324" pin="0"/><net_sink comp="1675" pin=0"/></net>

<net id="1681"><net_src comp="1625" pin="2"/><net_sink comp="1675" pin=1"/></net>

<net id="1682"><net_src comp="330" pin="0"/><net_sink comp="1675" pin=2"/></net>

<net id="1686"><net_src comp="1675" pin="3"/><net_sink comp="1683" pin=0"/></net>

<net id="1692"><net_src comp="324" pin="0"/><net_sink comp="1687" pin=0"/></net>

<net id="1693"><net_src comp="1625" pin="2"/><net_sink comp="1687" pin=1"/></net>

<net id="1694"><net_src comp="332" pin="0"/><net_sink comp="1687" pin=2"/></net>

<net id="1698"><net_src comp="1687" pin="3"/><net_sink comp="1695" pin=0"/></net>

<net id="1704"><net_src comp="324" pin="0"/><net_sink comp="1699" pin=0"/></net>

<net id="1705"><net_src comp="1625" pin="2"/><net_sink comp="1699" pin=1"/></net>

<net id="1706"><net_src comp="334" pin="0"/><net_sink comp="1699" pin=2"/></net>

<net id="1710"><net_src comp="1699" pin="3"/><net_sink comp="1707" pin=0"/></net>

<net id="1716"><net_src comp="324" pin="0"/><net_sink comp="1711" pin=0"/></net>

<net id="1717"><net_src comp="1625" pin="2"/><net_sink comp="1711" pin=1"/></net>

<net id="1718"><net_src comp="336" pin="0"/><net_sink comp="1711" pin=2"/></net>

<net id="1722"><net_src comp="1711" pin="3"/><net_sink comp="1719" pin=0"/></net>

<net id="1728"><net_src comp="324" pin="0"/><net_sink comp="1723" pin=0"/></net>

<net id="1729"><net_src comp="1625" pin="2"/><net_sink comp="1723" pin=1"/></net>

<net id="1730"><net_src comp="338" pin="0"/><net_sink comp="1723" pin=2"/></net>

<net id="1734"><net_src comp="1723" pin="3"/><net_sink comp="1731" pin=0"/></net>

<net id="1740"><net_src comp="324" pin="0"/><net_sink comp="1735" pin=0"/></net>

<net id="1741"><net_src comp="1625" pin="2"/><net_sink comp="1735" pin=1"/></net>

<net id="1742"><net_src comp="340" pin="0"/><net_sink comp="1735" pin=2"/></net>

<net id="1746"><net_src comp="1735" pin="3"/><net_sink comp="1743" pin=0"/></net>

<net id="1752"><net_src comp="324" pin="0"/><net_sink comp="1747" pin=0"/></net>

<net id="1753"><net_src comp="1625" pin="2"/><net_sink comp="1747" pin=1"/></net>

<net id="1754"><net_src comp="342" pin="0"/><net_sink comp="1747" pin=2"/></net>

<net id="1758"><net_src comp="1747" pin="3"/><net_sink comp="1755" pin=0"/></net>

<net id="1764"><net_src comp="324" pin="0"/><net_sink comp="1759" pin=0"/></net>

<net id="1765"><net_src comp="1625" pin="2"/><net_sink comp="1759" pin=1"/></net>

<net id="1766"><net_src comp="344" pin="0"/><net_sink comp="1759" pin=2"/></net>

<net id="1770"><net_src comp="1759" pin="3"/><net_sink comp="1767" pin=0"/></net>

<net id="1776"><net_src comp="324" pin="0"/><net_sink comp="1771" pin=0"/></net>

<net id="1777"><net_src comp="1625" pin="2"/><net_sink comp="1771" pin=1"/></net>

<net id="1778"><net_src comp="346" pin="0"/><net_sink comp="1771" pin=2"/></net>

<net id="1782"><net_src comp="1771" pin="3"/><net_sink comp="1779" pin=0"/></net>

<net id="1788"><net_src comp="324" pin="0"/><net_sink comp="1783" pin=0"/></net>

<net id="1789"><net_src comp="1625" pin="2"/><net_sink comp="1783" pin=1"/></net>

<net id="1790"><net_src comp="348" pin="0"/><net_sink comp="1783" pin=2"/></net>

<net id="1794"><net_src comp="1783" pin="3"/><net_sink comp="1791" pin=0"/></net>

<net id="1800"><net_src comp="324" pin="0"/><net_sink comp="1795" pin=0"/></net>

<net id="1801"><net_src comp="1625" pin="2"/><net_sink comp="1795" pin=1"/></net>

<net id="1802"><net_src comp="350" pin="0"/><net_sink comp="1795" pin=2"/></net>

<net id="1806"><net_src comp="1795" pin="3"/><net_sink comp="1803" pin=0"/></net>

<net id="1812"><net_src comp="324" pin="0"/><net_sink comp="1807" pin=0"/></net>

<net id="1813"><net_src comp="1625" pin="2"/><net_sink comp="1807" pin=1"/></net>

<net id="1814"><net_src comp="352" pin="0"/><net_sink comp="1807" pin=2"/></net>

<net id="1818"><net_src comp="1807" pin="3"/><net_sink comp="1815" pin=0"/></net>

<net id="1823"><net_src comp="1647" pin="1"/><net_sink comp="1819" pin=0"/></net>

<net id="1824"><net_src comp="1635" pin="1"/><net_sink comp="1819" pin=1"/></net>

<net id="1829"><net_src comp="1659" pin="1"/><net_sink comp="1825" pin=0"/></net>

<net id="1830"><net_src comp="1671" pin="1"/><net_sink comp="1825" pin=1"/></net>

<net id="1835"><net_src comp="1683" pin="1"/><net_sink comp="1831" pin=0"/></net>

<net id="1836"><net_src comp="1695" pin="1"/><net_sink comp="1831" pin=1"/></net>

<net id="1841"><net_src comp="1707" pin="1"/><net_sink comp="1837" pin=0"/></net>

<net id="1842"><net_src comp="1719" pin="1"/><net_sink comp="1837" pin=1"/></net>

<net id="1847"><net_src comp="1731" pin="1"/><net_sink comp="1843" pin=0"/></net>

<net id="1848"><net_src comp="1743" pin="1"/><net_sink comp="1843" pin=1"/></net>

<net id="1853"><net_src comp="1755" pin="1"/><net_sink comp="1849" pin=0"/></net>

<net id="1854"><net_src comp="1767" pin="1"/><net_sink comp="1849" pin=1"/></net>

<net id="1859"><net_src comp="1779" pin="1"/><net_sink comp="1855" pin=0"/></net>

<net id="1860"><net_src comp="1791" pin="1"/><net_sink comp="1855" pin=1"/></net>

<net id="1865"><net_src comp="1803" pin="1"/><net_sink comp="1861" pin=0"/></net>

<net id="1866"><net_src comp="1815" pin="1"/><net_sink comp="1861" pin=1"/></net>

<net id="1871"><net_src comp="322" pin="0"/><net_sink comp="1867" pin=1"/></net>

<net id="1876"><net_src comp="1137" pin="23"/><net_sink comp="1872" pin=0"/></net>

<net id="1877"><net_src comp="1867" pin="2"/><net_sink comp="1872" pin=1"/></net>

<net id="1881"><net_src comp="1872" pin="2"/><net_sink comp="1878" pin=0"/></net>

<net id="1885"><net_src comp="1878" pin="1"/><net_sink comp="1882" pin=0"/></net>

<net id="1891"><net_src comp="324" pin="0"/><net_sink comp="1886" pin=0"/></net>

<net id="1892"><net_src comp="1872" pin="2"/><net_sink comp="1886" pin=1"/></net>

<net id="1893"><net_src comp="148" pin="0"/><net_sink comp="1886" pin=2"/></net>

<net id="1897"><net_src comp="1886" pin="3"/><net_sink comp="1894" pin=0"/></net>

<net id="1903"><net_src comp="324" pin="0"/><net_sink comp="1898" pin=0"/></net>

<net id="1904"><net_src comp="1872" pin="2"/><net_sink comp="1898" pin=1"/></net>

<net id="1905"><net_src comp="326" pin="0"/><net_sink comp="1898" pin=2"/></net>

<net id="1909"><net_src comp="1898" pin="3"/><net_sink comp="1906" pin=0"/></net>

<net id="1915"><net_src comp="324" pin="0"/><net_sink comp="1910" pin=0"/></net>

<net id="1916"><net_src comp="1872" pin="2"/><net_sink comp="1910" pin=1"/></net>

<net id="1917"><net_src comp="328" pin="0"/><net_sink comp="1910" pin=2"/></net>

<net id="1921"><net_src comp="1910" pin="3"/><net_sink comp="1918" pin=0"/></net>

<net id="1927"><net_src comp="324" pin="0"/><net_sink comp="1922" pin=0"/></net>

<net id="1928"><net_src comp="1872" pin="2"/><net_sink comp="1922" pin=1"/></net>

<net id="1929"><net_src comp="330" pin="0"/><net_sink comp="1922" pin=2"/></net>

<net id="1933"><net_src comp="1922" pin="3"/><net_sink comp="1930" pin=0"/></net>

<net id="1939"><net_src comp="324" pin="0"/><net_sink comp="1934" pin=0"/></net>

<net id="1940"><net_src comp="1872" pin="2"/><net_sink comp="1934" pin=1"/></net>

<net id="1941"><net_src comp="332" pin="0"/><net_sink comp="1934" pin=2"/></net>

<net id="1945"><net_src comp="1934" pin="3"/><net_sink comp="1942" pin=0"/></net>

<net id="1951"><net_src comp="324" pin="0"/><net_sink comp="1946" pin=0"/></net>

<net id="1952"><net_src comp="1872" pin="2"/><net_sink comp="1946" pin=1"/></net>

<net id="1953"><net_src comp="334" pin="0"/><net_sink comp="1946" pin=2"/></net>

<net id="1957"><net_src comp="1946" pin="3"/><net_sink comp="1954" pin=0"/></net>

<net id="1963"><net_src comp="324" pin="0"/><net_sink comp="1958" pin=0"/></net>

<net id="1964"><net_src comp="1872" pin="2"/><net_sink comp="1958" pin=1"/></net>

<net id="1965"><net_src comp="336" pin="0"/><net_sink comp="1958" pin=2"/></net>

<net id="1969"><net_src comp="1958" pin="3"/><net_sink comp="1966" pin=0"/></net>

<net id="1975"><net_src comp="324" pin="0"/><net_sink comp="1970" pin=0"/></net>

<net id="1976"><net_src comp="1872" pin="2"/><net_sink comp="1970" pin=1"/></net>

<net id="1977"><net_src comp="338" pin="0"/><net_sink comp="1970" pin=2"/></net>

<net id="1981"><net_src comp="1970" pin="3"/><net_sink comp="1978" pin=0"/></net>

<net id="1987"><net_src comp="324" pin="0"/><net_sink comp="1982" pin=0"/></net>

<net id="1988"><net_src comp="1872" pin="2"/><net_sink comp="1982" pin=1"/></net>

<net id="1989"><net_src comp="340" pin="0"/><net_sink comp="1982" pin=2"/></net>

<net id="1993"><net_src comp="1982" pin="3"/><net_sink comp="1990" pin=0"/></net>

<net id="1999"><net_src comp="324" pin="0"/><net_sink comp="1994" pin=0"/></net>

<net id="2000"><net_src comp="1872" pin="2"/><net_sink comp="1994" pin=1"/></net>

<net id="2001"><net_src comp="342" pin="0"/><net_sink comp="1994" pin=2"/></net>

<net id="2005"><net_src comp="1994" pin="3"/><net_sink comp="2002" pin=0"/></net>

<net id="2011"><net_src comp="324" pin="0"/><net_sink comp="2006" pin=0"/></net>

<net id="2012"><net_src comp="1872" pin="2"/><net_sink comp="2006" pin=1"/></net>

<net id="2013"><net_src comp="344" pin="0"/><net_sink comp="2006" pin=2"/></net>

<net id="2017"><net_src comp="2006" pin="3"/><net_sink comp="2014" pin=0"/></net>

<net id="2023"><net_src comp="324" pin="0"/><net_sink comp="2018" pin=0"/></net>

<net id="2024"><net_src comp="1872" pin="2"/><net_sink comp="2018" pin=1"/></net>

<net id="2025"><net_src comp="346" pin="0"/><net_sink comp="2018" pin=2"/></net>

<net id="2029"><net_src comp="2018" pin="3"/><net_sink comp="2026" pin=0"/></net>

<net id="2035"><net_src comp="324" pin="0"/><net_sink comp="2030" pin=0"/></net>

<net id="2036"><net_src comp="1872" pin="2"/><net_sink comp="2030" pin=1"/></net>

<net id="2037"><net_src comp="348" pin="0"/><net_sink comp="2030" pin=2"/></net>

<net id="2041"><net_src comp="2030" pin="3"/><net_sink comp="2038" pin=0"/></net>

<net id="2047"><net_src comp="324" pin="0"/><net_sink comp="2042" pin=0"/></net>

<net id="2048"><net_src comp="1872" pin="2"/><net_sink comp="2042" pin=1"/></net>

<net id="2049"><net_src comp="350" pin="0"/><net_sink comp="2042" pin=2"/></net>

<net id="2053"><net_src comp="2042" pin="3"/><net_sink comp="2050" pin=0"/></net>

<net id="2059"><net_src comp="324" pin="0"/><net_sink comp="2054" pin=0"/></net>

<net id="2060"><net_src comp="1872" pin="2"/><net_sink comp="2054" pin=1"/></net>

<net id="2061"><net_src comp="352" pin="0"/><net_sink comp="2054" pin=2"/></net>

<net id="2065"><net_src comp="2054" pin="3"/><net_sink comp="2062" pin=0"/></net>

<net id="2070"><net_src comp="1894" pin="1"/><net_sink comp="2066" pin=0"/></net>

<net id="2071"><net_src comp="1882" pin="1"/><net_sink comp="2066" pin=1"/></net>

<net id="2076"><net_src comp="1906" pin="1"/><net_sink comp="2072" pin=0"/></net>

<net id="2077"><net_src comp="1918" pin="1"/><net_sink comp="2072" pin=1"/></net>

<net id="2082"><net_src comp="1930" pin="1"/><net_sink comp="2078" pin=0"/></net>

<net id="2083"><net_src comp="1942" pin="1"/><net_sink comp="2078" pin=1"/></net>

<net id="2088"><net_src comp="1954" pin="1"/><net_sink comp="2084" pin=0"/></net>

<net id="2089"><net_src comp="1966" pin="1"/><net_sink comp="2084" pin=1"/></net>

<net id="2094"><net_src comp="1978" pin="1"/><net_sink comp="2090" pin=0"/></net>

<net id="2095"><net_src comp="1990" pin="1"/><net_sink comp="2090" pin=1"/></net>

<net id="2100"><net_src comp="2002" pin="1"/><net_sink comp="2096" pin=0"/></net>

<net id="2101"><net_src comp="2014" pin="1"/><net_sink comp="2096" pin=1"/></net>

<net id="2106"><net_src comp="2026" pin="1"/><net_sink comp="2102" pin=0"/></net>

<net id="2107"><net_src comp="2038" pin="1"/><net_sink comp="2102" pin=1"/></net>

<net id="2112"><net_src comp="2050" pin="1"/><net_sink comp="2108" pin=0"/></net>

<net id="2113"><net_src comp="2062" pin="1"/><net_sink comp="2108" pin=1"/></net>

<net id="2118"><net_src comp="322" pin="0"/><net_sink comp="2114" pin=1"/></net>

<net id="2123"><net_src comp="1137" pin="19"/><net_sink comp="2119" pin=0"/></net>

<net id="2124"><net_src comp="2114" pin="2"/><net_sink comp="2119" pin=1"/></net>

<net id="2128"><net_src comp="2119" pin="2"/><net_sink comp="2125" pin=0"/></net>

<net id="2132"><net_src comp="2125" pin="1"/><net_sink comp="2129" pin=0"/></net>

<net id="2138"><net_src comp="324" pin="0"/><net_sink comp="2133" pin=0"/></net>

<net id="2139"><net_src comp="2119" pin="2"/><net_sink comp="2133" pin=1"/></net>

<net id="2140"><net_src comp="148" pin="0"/><net_sink comp="2133" pin=2"/></net>

<net id="2144"><net_src comp="2133" pin="3"/><net_sink comp="2141" pin=0"/></net>

<net id="2150"><net_src comp="324" pin="0"/><net_sink comp="2145" pin=0"/></net>

<net id="2151"><net_src comp="2119" pin="2"/><net_sink comp="2145" pin=1"/></net>

<net id="2152"><net_src comp="326" pin="0"/><net_sink comp="2145" pin=2"/></net>

<net id="2156"><net_src comp="2145" pin="3"/><net_sink comp="2153" pin=0"/></net>

<net id="2162"><net_src comp="324" pin="0"/><net_sink comp="2157" pin=0"/></net>

<net id="2163"><net_src comp="2119" pin="2"/><net_sink comp="2157" pin=1"/></net>

<net id="2164"><net_src comp="328" pin="0"/><net_sink comp="2157" pin=2"/></net>

<net id="2168"><net_src comp="2157" pin="3"/><net_sink comp="2165" pin=0"/></net>

<net id="2174"><net_src comp="324" pin="0"/><net_sink comp="2169" pin=0"/></net>

<net id="2175"><net_src comp="2119" pin="2"/><net_sink comp="2169" pin=1"/></net>

<net id="2176"><net_src comp="330" pin="0"/><net_sink comp="2169" pin=2"/></net>

<net id="2180"><net_src comp="2169" pin="3"/><net_sink comp="2177" pin=0"/></net>

<net id="2186"><net_src comp="324" pin="0"/><net_sink comp="2181" pin=0"/></net>

<net id="2187"><net_src comp="2119" pin="2"/><net_sink comp="2181" pin=1"/></net>

<net id="2188"><net_src comp="332" pin="0"/><net_sink comp="2181" pin=2"/></net>

<net id="2192"><net_src comp="2181" pin="3"/><net_sink comp="2189" pin=0"/></net>

<net id="2198"><net_src comp="324" pin="0"/><net_sink comp="2193" pin=0"/></net>

<net id="2199"><net_src comp="2119" pin="2"/><net_sink comp="2193" pin=1"/></net>

<net id="2200"><net_src comp="334" pin="0"/><net_sink comp="2193" pin=2"/></net>

<net id="2204"><net_src comp="2193" pin="3"/><net_sink comp="2201" pin=0"/></net>

<net id="2210"><net_src comp="324" pin="0"/><net_sink comp="2205" pin=0"/></net>

<net id="2211"><net_src comp="2119" pin="2"/><net_sink comp="2205" pin=1"/></net>

<net id="2212"><net_src comp="336" pin="0"/><net_sink comp="2205" pin=2"/></net>

<net id="2216"><net_src comp="2205" pin="3"/><net_sink comp="2213" pin=0"/></net>

<net id="2222"><net_src comp="324" pin="0"/><net_sink comp="2217" pin=0"/></net>

<net id="2223"><net_src comp="2119" pin="2"/><net_sink comp="2217" pin=1"/></net>

<net id="2224"><net_src comp="338" pin="0"/><net_sink comp="2217" pin=2"/></net>

<net id="2228"><net_src comp="2217" pin="3"/><net_sink comp="2225" pin=0"/></net>

<net id="2234"><net_src comp="324" pin="0"/><net_sink comp="2229" pin=0"/></net>

<net id="2235"><net_src comp="2119" pin="2"/><net_sink comp="2229" pin=1"/></net>

<net id="2236"><net_src comp="340" pin="0"/><net_sink comp="2229" pin=2"/></net>

<net id="2240"><net_src comp="2229" pin="3"/><net_sink comp="2237" pin=0"/></net>

<net id="2246"><net_src comp="324" pin="0"/><net_sink comp="2241" pin=0"/></net>

<net id="2247"><net_src comp="2119" pin="2"/><net_sink comp="2241" pin=1"/></net>

<net id="2248"><net_src comp="342" pin="0"/><net_sink comp="2241" pin=2"/></net>

<net id="2252"><net_src comp="2241" pin="3"/><net_sink comp="2249" pin=0"/></net>

<net id="2258"><net_src comp="324" pin="0"/><net_sink comp="2253" pin=0"/></net>

<net id="2259"><net_src comp="2119" pin="2"/><net_sink comp="2253" pin=1"/></net>

<net id="2260"><net_src comp="344" pin="0"/><net_sink comp="2253" pin=2"/></net>

<net id="2264"><net_src comp="2253" pin="3"/><net_sink comp="2261" pin=0"/></net>

<net id="2270"><net_src comp="324" pin="0"/><net_sink comp="2265" pin=0"/></net>

<net id="2271"><net_src comp="2119" pin="2"/><net_sink comp="2265" pin=1"/></net>

<net id="2272"><net_src comp="346" pin="0"/><net_sink comp="2265" pin=2"/></net>

<net id="2276"><net_src comp="2265" pin="3"/><net_sink comp="2273" pin=0"/></net>

<net id="2282"><net_src comp="324" pin="0"/><net_sink comp="2277" pin=0"/></net>

<net id="2283"><net_src comp="2119" pin="2"/><net_sink comp="2277" pin=1"/></net>

<net id="2284"><net_src comp="348" pin="0"/><net_sink comp="2277" pin=2"/></net>

<net id="2288"><net_src comp="2277" pin="3"/><net_sink comp="2285" pin=0"/></net>

<net id="2294"><net_src comp="324" pin="0"/><net_sink comp="2289" pin=0"/></net>

<net id="2295"><net_src comp="2119" pin="2"/><net_sink comp="2289" pin=1"/></net>

<net id="2296"><net_src comp="350" pin="0"/><net_sink comp="2289" pin=2"/></net>

<net id="2300"><net_src comp="2289" pin="3"/><net_sink comp="2297" pin=0"/></net>

<net id="2306"><net_src comp="324" pin="0"/><net_sink comp="2301" pin=0"/></net>

<net id="2307"><net_src comp="2119" pin="2"/><net_sink comp="2301" pin=1"/></net>

<net id="2308"><net_src comp="352" pin="0"/><net_sink comp="2301" pin=2"/></net>

<net id="2312"><net_src comp="2301" pin="3"/><net_sink comp="2309" pin=0"/></net>

<net id="2317"><net_src comp="2141" pin="1"/><net_sink comp="2313" pin=0"/></net>

<net id="2318"><net_src comp="2129" pin="1"/><net_sink comp="2313" pin=1"/></net>

<net id="2323"><net_src comp="2153" pin="1"/><net_sink comp="2319" pin=0"/></net>

<net id="2324"><net_src comp="2165" pin="1"/><net_sink comp="2319" pin=1"/></net>

<net id="2329"><net_src comp="2177" pin="1"/><net_sink comp="2325" pin=0"/></net>

<net id="2330"><net_src comp="2189" pin="1"/><net_sink comp="2325" pin=1"/></net>

<net id="2335"><net_src comp="2201" pin="1"/><net_sink comp="2331" pin=0"/></net>

<net id="2336"><net_src comp="2213" pin="1"/><net_sink comp="2331" pin=1"/></net>

<net id="2341"><net_src comp="2225" pin="1"/><net_sink comp="2337" pin=0"/></net>

<net id="2342"><net_src comp="2237" pin="1"/><net_sink comp="2337" pin=1"/></net>

<net id="2347"><net_src comp="2249" pin="1"/><net_sink comp="2343" pin=0"/></net>

<net id="2348"><net_src comp="2261" pin="1"/><net_sink comp="2343" pin=1"/></net>

<net id="2353"><net_src comp="2273" pin="1"/><net_sink comp="2349" pin=0"/></net>

<net id="2354"><net_src comp="2285" pin="1"/><net_sink comp="2349" pin=1"/></net>

<net id="2359"><net_src comp="2297" pin="1"/><net_sink comp="2355" pin=0"/></net>

<net id="2360"><net_src comp="2309" pin="1"/><net_sink comp="2355" pin=1"/></net>

<net id="2365"><net_src comp="322" pin="0"/><net_sink comp="2361" pin=1"/></net>

<net id="2370"><net_src comp="1137" pin="15"/><net_sink comp="2366" pin=0"/></net>

<net id="2371"><net_src comp="2361" pin="2"/><net_sink comp="2366" pin=1"/></net>

<net id="2375"><net_src comp="2366" pin="2"/><net_sink comp="2372" pin=0"/></net>

<net id="2379"><net_src comp="2372" pin="1"/><net_sink comp="2376" pin=0"/></net>

<net id="2385"><net_src comp="324" pin="0"/><net_sink comp="2380" pin=0"/></net>

<net id="2386"><net_src comp="2366" pin="2"/><net_sink comp="2380" pin=1"/></net>

<net id="2387"><net_src comp="148" pin="0"/><net_sink comp="2380" pin=2"/></net>

<net id="2391"><net_src comp="2380" pin="3"/><net_sink comp="2388" pin=0"/></net>

<net id="2397"><net_src comp="324" pin="0"/><net_sink comp="2392" pin=0"/></net>

<net id="2398"><net_src comp="2366" pin="2"/><net_sink comp="2392" pin=1"/></net>

<net id="2399"><net_src comp="326" pin="0"/><net_sink comp="2392" pin=2"/></net>

<net id="2403"><net_src comp="2392" pin="3"/><net_sink comp="2400" pin=0"/></net>

<net id="2409"><net_src comp="324" pin="0"/><net_sink comp="2404" pin=0"/></net>

<net id="2410"><net_src comp="2366" pin="2"/><net_sink comp="2404" pin=1"/></net>

<net id="2411"><net_src comp="328" pin="0"/><net_sink comp="2404" pin=2"/></net>

<net id="2415"><net_src comp="2404" pin="3"/><net_sink comp="2412" pin=0"/></net>

<net id="2421"><net_src comp="324" pin="0"/><net_sink comp="2416" pin=0"/></net>

<net id="2422"><net_src comp="2366" pin="2"/><net_sink comp="2416" pin=1"/></net>

<net id="2423"><net_src comp="330" pin="0"/><net_sink comp="2416" pin=2"/></net>

<net id="2427"><net_src comp="2416" pin="3"/><net_sink comp="2424" pin=0"/></net>

<net id="2433"><net_src comp="324" pin="0"/><net_sink comp="2428" pin=0"/></net>

<net id="2434"><net_src comp="2366" pin="2"/><net_sink comp="2428" pin=1"/></net>

<net id="2435"><net_src comp="332" pin="0"/><net_sink comp="2428" pin=2"/></net>

<net id="2439"><net_src comp="2428" pin="3"/><net_sink comp="2436" pin=0"/></net>

<net id="2445"><net_src comp="324" pin="0"/><net_sink comp="2440" pin=0"/></net>

<net id="2446"><net_src comp="2366" pin="2"/><net_sink comp="2440" pin=1"/></net>

<net id="2447"><net_src comp="334" pin="0"/><net_sink comp="2440" pin=2"/></net>

<net id="2451"><net_src comp="2440" pin="3"/><net_sink comp="2448" pin=0"/></net>

<net id="2457"><net_src comp="324" pin="0"/><net_sink comp="2452" pin=0"/></net>

<net id="2458"><net_src comp="2366" pin="2"/><net_sink comp="2452" pin=1"/></net>

<net id="2459"><net_src comp="336" pin="0"/><net_sink comp="2452" pin=2"/></net>

<net id="2463"><net_src comp="2452" pin="3"/><net_sink comp="2460" pin=0"/></net>

<net id="2469"><net_src comp="324" pin="0"/><net_sink comp="2464" pin=0"/></net>

<net id="2470"><net_src comp="2366" pin="2"/><net_sink comp="2464" pin=1"/></net>

<net id="2471"><net_src comp="338" pin="0"/><net_sink comp="2464" pin=2"/></net>

<net id="2475"><net_src comp="2464" pin="3"/><net_sink comp="2472" pin=0"/></net>

<net id="2481"><net_src comp="324" pin="0"/><net_sink comp="2476" pin=0"/></net>

<net id="2482"><net_src comp="2366" pin="2"/><net_sink comp="2476" pin=1"/></net>

<net id="2483"><net_src comp="340" pin="0"/><net_sink comp="2476" pin=2"/></net>

<net id="2487"><net_src comp="2476" pin="3"/><net_sink comp="2484" pin=0"/></net>

<net id="2493"><net_src comp="324" pin="0"/><net_sink comp="2488" pin=0"/></net>

<net id="2494"><net_src comp="2366" pin="2"/><net_sink comp="2488" pin=1"/></net>

<net id="2495"><net_src comp="342" pin="0"/><net_sink comp="2488" pin=2"/></net>

<net id="2499"><net_src comp="2488" pin="3"/><net_sink comp="2496" pin=0"/></net>

<net id="2505"><net_src comp="324" pin="0"/><net_sink comp="2500" pin=0"/></net>

<net id="2506"><net_src comp="2366" pin="2"/><net_sink comp="2500" pin=1"/></net>

<net id="2507"><net_src comp="344" pin="0"/><net_sink comp="2500" pin=2"/></net>

<net id="2511"><net_src comp="2500" pin="3"/><net_sink comp="2508" pin=0"/></net>

<net id="2517"><net_src comp="324" pin="0"/><net_sink comp="2512" pin=0"/></net>

<net id="2518"><net_src comp="2366" pin="2"/><net_sink comp="2512" pin=1"/></net>

<net id="2519"><net_src comp="346" pin="0"/><net_sink comp="2512" pin=2"/></net>

<net id="2523"><net_src comp="2512" pin="3"/><net_sink comp="2520" pin=0"/></net>

<net id="2529"><net_src comp="324" pin="0"/><net_sink comp="2524" pin=0"/></net>

<net id="2530"><net_src comp="2366" pin="2"/><net_sink comp="2524" pin=1"/></net>

<net id="2531"><net_src comp="348" pin="0"/><net_sink comp="2524" pin=2"/></net>

<net id="2535"><net_src comp="2524" pin="3"/><net_sink comp="2532" pin=0"/></net>

<net id="2541"><net_src comp="324" pin="0"/><net_sink comp="2536" pin=0"/></net>

<net id="2542"><net_src comp="2366" pin="2"/><net_sink comp="2536" pin=1"/></net>

<net id="2543"><net_src comp="350" pin="0"/><net_sink comp="2536" pin=2"/></net>

<net id="2547"><net_src comp="2536" pin="3"/><net_sink comp="2544" pin=0"/></net>

<net id="2553"><net_src comp="324" pin="0"/><net_sink comp="2548" pin=0"/></net>

<net id="2554"><net_src comp="2366" pin="2"/><net_sink comp="2548" pin=1"/></net>

<net id="2555"><net_src comp="352" pin="0"/><net_sink comp="2548" pin=2"/></net>

<net id="2559"><net_src comp="2548" pin="3"/><net_sink comp="2556" pin=0"/></net>

<net id="2564"><net_src comp="2388" pin="1"/><net_sink comp="2560" pin=0"/></net>

<net id="2565"><net_src comp="2376" pin="1"/><net_sink comp="2560" pin=1"/></net>

<net id="2570"><net_src comp="2400" pin="1"/><net_sink comp="2566" pin=0"/></net>

<net id="2571"><net_src comp="2412" pin="1"/><net_sink comp="2566" pin=1"/></net>

<net id="2576"><net_src comp="2424" pin="1"/><net_sink comp="2572" pin=0"/></net>

<net id="2577"><net_src comp="2436" pin="1"/><net_sink comp="2572" pin=1"/></net>

<net id="2582"><net_src comp="2448" pin="1"/><net_sink comp="2578" pin=0"/></net>

<net id="2583"><net_src comp="2460" pin="1"/><net_sink comp="2578" pin=1"/></net>

<net id="2588"><net_src comp="2472" pin="1"/><net_sink comp="2584" pin=0"/></net>

<net id="2589"><net_src comp="2484" pin="1"/><net_sink comp="2584" pin=1"/></net>

<net id="2594"><net_src comp="2496" pin="1"/><net_sink comp="2590" pin=0"/></net>

<net id="2595"><net_src comp="2508" pin="1"/><net_sink comp="2590" pin=1"/></net>

<net id="2600"><net_src comp="2520" pin="1"/><net_sink comp="2596" pin=0"/></net>

<net id="2601"><net_src comp="2532" pin="1"/><net_sink comp="2596" pin=1"/></net>

<net id="2606"><net_src comp="2544" pin="1"/><net_sink comp="2602" pin=0"/></net>

<net id="2607"><net_src comp="2556" pin="1"/><net_sink comp="2602" pin=1"/></net>

<net id="2612"><net_src comp="322" pin="0"/><net_sink comp="2608" pin=1"/></net>

<net id="2617"><net_src comp="1137" pin="11"/><net_sink comp="2613" pin=0"/></net>

<net id="2618"><net_src comp="2608" pin="2"/><net_sink comp="2613" pin=1"/></net>

<net id="2622"><net_src comp="2613" pin="2"/><net_sink comp="2619" pin=0"/></net>

<net id="2626"><net_src comp="2619" pin="1"/><net_sink comp="2623" pin=0"/></net>

<net id="2632"><net_src comp="324" pin="0"/><net_sink comp="2627" pin=0"/></net>

<net id="2633"><net_src comp="2613" pin="2"/><net_sink comp="2627" pin=1"/></net>

<net id="2634"><net_src comp="148" pin="0"/><net_sink comp="2627" pin=2"/></net>

<net id="2638"><net_src comp="2627" pin="3"/><net_sink comp="2635" pin=0"/></net>

<net id="2644"><net_src comp="324" pin="0"/><net_sink comp="2639" pin=0"/></net>

<net id="2645"><net_src comp="2613" pin="2"/><net_sink comp="2639" pin=1"/></net>

<net id="2646"><net_src comp="326" pin="0"/><net_sink comp="2639" pin=2"/></net>

<net id="2650"><net_src comp="2639" pin="3"/><net_sink comp="2647" pin=0"/></net>

<net id="2656"><net_src comp="324" pin="0"/><net_sink comp="2651" pin=0"/></net>

<net id="2657"><net_src comp="2613" pin="2"/><net_sink comp="2651" pin=1"/></net>

<net id="2658"><net_src comp="328" pin="0"/><net_sink comp="2651" pin=2"/></net>

<net id="2662"><net_src comp="2651" pin="3"/><net_sink comp="2659" pin=0"/></net>

<net id="2668"><net_src comp="324" pin="0"/><net_sink comp="2663" pin=0"/></net>

<net id="2669"><net_src comp="2613" pin="2"/><net_sink comp="2663" pin=1"/></net>

<net id="2670"><net_src comp="330" pin="0"/><net_sink comp="2663" pin=2"/></net>

<net id="2674"><net_src comp="2663" pin="3"/><net_sink comp="2671" pin=0"/></net>

<net id="2680"><net_src comp="324" pin="0"/><net_sink comp="2675" pin=0"/></net>

<net id="2681"><net_src comp="2613" pin="2"/><net_sink comp="2675" pin=1"/></net>

<net id="2682"><net_src comp="332" pin="0"/><net_sink comp="2675" pin=2"/></net>

<net id="2686"><net_src comp="2675" pin="3"/><net_sink comp="2683" pin=0"/></net>

<net id="2692"><net_src comp="324" pin="0"/><net_sink comp="2687" pin=0"/></net>

<net id="2693"><net_src comp="2613" pin="2"/><net_sink comp="2687" pin=1"/></net>

<net id="2694"><net_src comp="334" pin="0"/><net_sink comp="2687" pin=2"/></net>

<net id="2698"><net_src comp="2687" pin="3"/><net_sink comp="2695" pin=0"/></net>

<net id="2704"><net_src comp="324" pin="0"/><net_sink comp="2699" pin=0"/></net>

<net id="2705"><net_src comp="2613" pin="2"/><net_sink comp="2699" pin=1"/></net>

<net id="2706"><net_src comp="336" pin="0"/><net_sink comp="2699" pin=2"/></net>

<net id="2710"><net_src comp="2699" pin="3"/><net_sink comp="2707" pin=0"/></net>

<net id="2716"><net_src comp="324" pin="0"/><net_sink comp="2711" pin=0"/></net>

<net id="2717"><net_src comp="2613" pin="2"/><net_sink comp="2711" pin=1"/></net>

<net id="2718"><net_src comp="338" pin="0"/><net_sink comp="2711" pin=2"/></net>

<net id="2722"><net_src comp="2711" pin="3"/><net_sink comp="2719" pin=0"/></net>

<net id="2728"><net_src comp="324" pin="0"/><net_sink comp="2723" pin=0"/></net>

<net id="2729"><net_src comp="2613" pin="2"/><net_sink comp="2723" pin=1"/></net>

<net id="2730"><net_src comp="340" pin="0"/><net_sink comp="2723" pin=2"/></net>

<net id="2734"><net_src comp="2723" pin="3"/><net_sink comp="2731" pin=0"/></net>

<net id="2740"><net_src comp="324" pin="0"/><net_sink comp="2735" pin=0"/></net>

<net id="2741"><net_src comp="2613" pin="2"/><net_sink comp="2735" pin=1"/></net>

<net id="2742"><net_src comp="342" pin="0"/><net_sink comp="2735" pin=2"/></net>

<net id="2746"><net_src comp="2735" pin="3"/><net_sink comp="2743" pin=0"/></net>

<net id="2752"><net_src comp="324" pin="0"/><net_sink comp="2747" pin=0"/></net>

<net id="2753"><net_src comp="2613" pin="2"/><net_sink comp="2747" pin=1"/></net>

<net id="2754"><net_src comp="344" pin="0"/><net_sink comp="2747" pin=2"/></net>

<net id="2758"><net_src comp="2747" pin="3"/><net_sink comp="2755" pin=0"/></net>

<net id="2764"><net_src comp="324" pin="0"/><net_sink comp="2759" pin=0"/></net>

<net id="2765"><net_src comp="2613" pin="2"/><net_sink comp="2759" pin=1"/></net>

<net id="2766"><net_src comp="346" pin="0"/><net_sink comp="2759" pin=2"/></net>

<net id="2770"><net_src comp="2759" pin="3"/><net_sink comp="2767" pin=0"/></net>

<net id="2776"><net_src comp="324" pin="0"/><net_sink comp="2771" pin=0"/></net>

<net id="2777"><net_src comp="2613" pin="2"/><net_sink comp="2771" pin=1"/></net>

<net id="2778"><net_src comp="348" pin="0"/><net_sink comp="2771" pin=2"/></net>

<net id="2782"><net_src comp="2771" pin="3"/><net_sink comp="2779" pin=0"/></net>

<net id="2788"><net_src comp="324" pin="0"/><net_sink comp="2783" pin=0"/></net>

<net id="2789"><net_src comp="2613" pin="2"/><net_sink comp="2783" pin=1"/></net>

<net id="2790"><net_src comp="350" pin="0"/><net_sink comp="2783" pin=2"/></net>

<net id="2794"><net_src comp="2783" pin="3"/><net_sink comp="2791" pin=0"/></net>

<net id="2800"><net_src comp="324" pin="0"/><net_sink comp="2795" pin=0"/></net>

<net id="2801"><net_src comp="2613" pin="2"/><net_sink comp="2795" pin=1"/></net>

<net id="2802"><net_src comp="352" pin="0"/><net_sink comp="2795" pin=2"/></net>

<net id="2806"><net_src comp="2795" pin="3"/><net_sink comp="2803" pin=0"/></net>

<net id="2811"><net_src comp="2635" pin="1"/><net_sink comp="2807" pin=0"/></net>

<net id="2812"><net_src comp="2623" pin="1"/><net_sink comp="2807" pin=1"/></net>

<net id="2817"><net_src comp="2647" pin="1"/><net_sink comp="2813" pin=0"/></net>

<net id="2818"><net_src comp="2659" pin="1"/><net_sink comp="2813" pin=1"/></net>

<net id="2823"><net_src comp="2671" pin="1"/><net_sink comp="2819" pin=0"/></net>

<net id="2824"><net_src comp="2683" pin="1"/><net_sink comp="2819" pin=1"/></net>

<net id="2829"><net_src comp="2695" pin="1"/><net_sink comp="2825" pin=0"/></net>

<net id="2830"><net_src comp="2707" pin="1"/><net_sink comp="2825" pin=1"/></net>

<net id="2835"><net_src comp="2719" pin="1"/><net_sink comp="2831" pin=0"/></net>

<net id="2836"><net_src comp="2731" pin="1"/><net_sink comp="2831" pin=1"/></net>

<net id="2841"><net_src comp="2743" pin="1"/><net_sink comp="2837" pin=0"/></net>

<net id="2842"><net_src comp="2755" pin="1"/><net_sink comp="2837" pin=1"/></net>

<net id="2847"><net_src comp="2767" pin="1"/><net_sink comp="2843" pin=0"/></net>

<net id="2848"><net_src comp="2779" pin="1"/><net_sink comp="2843" pin=1"/></net>

<net id="2853"><net_src comp="2791" pin="1"/><net_sink comp="2849" pin=0"/></net>

<net id="2854"><net_src comp="2803" pin="1"/><net_sink comp="2849" pin=1"/></net>

<net id="2859"><net_src comp="322" pin="0"/><net_sink comp="2855" pin=1"/></net>

<net id="2864"><net_src comp="1137" pin="7"/><net_sink comp="2860" pin=0"/></net>

<net id="2865"><net_src comp="2855" pin="2"/><net_sink comp="2860" pin=1"/></net>

<net id="2869"><net_src comp="2860" pin="2"/><net_sink comp="2866" pin=0"/></net>

<net id="2873"><net_src comp="2866" pin="1"/><net_sink comp="2870" pin=0"/></net>

<net id="2879"><net_src comp="324" pin="0"/><net_sink comp="2874" pin=0"/></net>

<net id="2880"><net_src comp="2860" pin="2"/><net_sink comp="2874" pin=1"/></net>

<net id="2881"><net_src comp="148" pin="0"/><net_sink comp="2874" pin=2"/></net>

<net id="2885"><net_src comp="2874" pin="3"/><net_sink comp="2882" pin=0"/></net>

<net id="2891"><net_src comp="324" pin="0"/><net_sink comp="2886" pin=0"/></net>

<net id="2892"><net_src comp="2860" pin="2"/><net_sink comp="2886" pin=1"/></net>

<net id="2893"><net_src comp="326" pin="0"/><net_sink comp="2886" pin=2"/></net>

<net id="2897"><net_src comp="2886" pin="3"/><net_sink comp="2894" pin=0"/></net>

<net id="2903"><net_src comp="324" pin="0"/><net_sink comp="2898" pin=0"/></net>

<net id="2904"><net_src comp="2860" pin="2"/><net_sink comp="2898" pin=1"/></net>

<net id="2905"><net_src comp="328" pin="0"/><net_sink comp="2898" pin=2"/></net>

<net id="2909"><net_src comp="2898" pin="3"/><net_sink comp="2906" pin=0"/></net>

<net id="2915"><net_src comp="324" pin="0"/><net_sink comp="2910" pin=0"/></net>

<net id="2916"><net_src comp="2860" pin="2"/><net_sink comp="2910" pin=1"/></net>

<net id="2917"><net_src comp="330" pin="0"/><net_sink comp="2910" pin=2"/></net>

<net id="2921"><net_src comp="2910" pin="3"/><net_sink comp="2918" pin=0"/></net>

<net id="2927"><net_src comp="324" pin="0"/><net_sink comp="2922" pin=0"/></net>

<net id="2928"><net_src comp="2860" pin="2"/><net_sink comp="2922" pin=1"/></net>

<net id="2929"><net_src comp="332" pin="0"/><net_sink comp="2922" pin=2"/></net>

<net id="2933"><net_src comp="2922" pin="3"/><net_sink comp="2930" pin=0"/></net>

<net id="2939"><net_src comp="324" pin="0"/><net_sink comp="2934" pin=0"/></net>

<net id="2940"><net_src comp="2860" pin="2"/><net_sink comp="2934" pin=1"/></net>

<net id="2941"><net_src comp="334" pin="0"/><net_sink comp="2934" pin=2"/></net>

<net id="2945"><net_src comp="2934" pin="3"/><net_sink comp="2942" pin=0"/></net>

<net id="2951"><net_src comp="324" pin="0"/><net_sink comp="2946" pin=0"/></net>

<net id="2952"><net_src comp="2860" pin="2"/><net_sink comp="2946" pin=1"/></net>

<net id="2953"><net_src comp="336" pin="0"/><net_sink comp="2946" pin=2"/></net>

<net id="2957"><net_src comp="2946" pin="3"/><net_sink comp="2954" pin=0"/></net>

<net id="2963"><net_src comp="324" pin="0"/><net_sink comp="2958" pin=0"/></net>

<net id="2964"><net_src comp="2860" pin="2"/><net_sink comp="2958" pin=1"/></net>

<net id="2965"><net_src comp="338" pin="0"/><net_sink comp="2958" pin=2"/></net>

<net id="2969"><net_src comp="2958" pin="3"/><net_sink comp="2966" pin=0"/></net>

<net id="2975"><net_src comp="324" pin="0"/><net_sink comp="2970" pin=0"/></net>

<net id="2976"><net_src comp="2860" pin="2"/><net_sink comp="2970" pin=1"/></net>

<net id="2977"><net_src comp="340" pin="0"/><net_sink comp="2970" pin=2"/></net>

<net id="2981"><net_src comp="2970" pin="3"/><net_sink comp="2978" pin=0"/></net>

<net id="2987"><net_src comp="324" pin="0"/><net_sink comp="2982" pin=0"/></net>

<net id="2988"><net_src comp="2860" pin="2"/><net_sink comp="2982" pin=1"/></net>

<net id="2989"><net_src comp="342" pin="0"/><net_sink comp="2982" pin=2"/></net>

<net id="2993"><net_src comp="2982" pin="3"/><net_sink comp="2990" pin=0"/></net>

<net id="2999"><net_src comp="324" pin="0"/><net_sink comp="2994" pin=0"/></net>

<net id="3000"><net_src comp="2860" pin="2"/><net_sink comp="2994" pin=1"/></net>

<net id="3001"><net_src comp="344" pin="0"/><net_sink comp="2994" pin=2"/></net>

<net id="3005"><net_src comp="2994" pin="3"/><net_sink comp="3002" pin=0"/></net>

<net id="3011"><net_src comp="324" pin="0"/><net_sink comp="3006" pin=0"/></net>

<net id="3012"><net_src comp="2860" pin="2"/><net_sink comp="3006" pin=1"/></net>

<net id="3013"><net_src comp="346" pin="0"/><net_sink comp="3006" pin=2"/></net>

<net id="3017"><net_src comp="3006" pin="3"/><net_sink comp="3014" pin=0"/></net>

<net id="3023"><net_src comp="324" pin="0"/><net_sink comp="3018" pin=0"/></net>

<net id="3024"><net_src comp="2860" pin="2"/><net_sink comp="3018" pin=1"/></net>

<net id="3025"><net_src comp="348" pin="0"/><net_sink comp="3018" pin=2"/></net>

<net id="3029"><net_src comp="3018" pin="3"/><net_sink comp="3026" pin=0"/></net>

<net id="3035"><net_src comp="324" pin="0"/><net_sink comp="3030" pin=0"/></net>

<net id="3036"><net_src comp="2860" pin="2"/><net_sink comp="3030" pin=1"/></net>

<net id="3037"><net_src comp="350" pin="0"/><net_sink comp="3030" pin=2"/></net>

<net id="3041"><net_src comp="3030" pin="3"/><net_sink comp="3038" pin=0"/></net>

<net id="3047"><net_src comp="324" pin="0"/><net_sink comp="3042" pin=0"/></net>

<net id="3048"><net_src comp="2860" pin="2"/><net_sink comp="3042" pin=1"/></net>

<net id="3049"><net_src comp="352" pin="0"/><net_sink comp="3042" pin=2"/></net>

<net id="3053"><net_src comp="3042" pin="3"/><net_sink comp="3050" pin=0"/></net>

<net id="3058"><net_src comp="2882" pin="1"/><net_sink comp="3054" pin=0"/></net>

<net id="3059"><net_src comp="2870" pin="1"/><net_sink comp="3054" pin=1"/></net>

<net id="3064"><net_src comp="2894" pin="1"/><net_sink comp="3060" pin=0"/></net>

<net id="3065"><net_src comp="2906" pin="1"/><net_sink comp="3060" pin=1"/></net>

<net id="3070"><net_src comp="2918" pin="1"/><net_sink comp="3066" pin=0"/></net>

<net id="3071"><net_src comp="2930" pin="1"/><net_sink comp="3066" pin=1"/></net>

<net id="3076"><net_src comp="2942" pin="1"/><net_sink comp="3072" pin=0"/></net>

<net id="3077"><net_src comp="2954" pin="1"/><net_sink comp="3072" pin=1"/></net>

<net id="3082"><net_src comp="2966" pin="1"/><net_sink comp="3078" pin=0"/></net>

<net id="3083"><net_src comp="2978" pin="1"/><net_sink comp="3078" pin=1"/></net>

<net id="3088"><net_src comp="2990" pin="1"/><net_sink comp="3084" pin=0"/></net>

<net id="3089"><net_src comp="3002" pin="1"/><net_sink comp="3084" pin=1"/></net>

<net id="3094"><net_src comp="3014" pin="1"/><net_sink comp="3090" pin=0"/></net>

<net id="3095"><net_src comp="3026" pin="1"/><net_sink comp="3090" pin=1"/></net>

<net id="3100"><net_src comp="3038" pin="1"/><net_sink comp="3096" pin=0"/></net>

<net id="3101"><net_src comp="3050" pin="1"/><net_sink comp="3096" pin=1"/></net>

<net id="3106"><net_src comp="322" pin="0"/><net_sink comp="3102" pin=1"/></net>

<net id="3111"><net_src comp="1137" pin="3"/><net_sink comp="3107" pin=0"/></net>

<net id="3112"><net_src comp="3102" pin="2"/><net_sink comp="3107" pin=1"/></net>

<net id="3116"><net_src comp="3107" pin="2"/><net_sink comp="3113" pin=0"/></net>

<net id="3120"><net_src comp="3113" pin="1"/><net_sink comp="3117" pin=0"/></net>

<net id="3126"><net_src comp="324" pin="0"/><net_sink comp="3121" pin=0"/></net>

<net id="3127"><net_src comp="3107" pin="2"/><net_sink comp="3121" pin=1"/></net>

<net id="3128"><net_src comp="148" pin="0"/><net_sink comp="3121" pin=2"/></net>

<net id="3132"><net_src comp="3121" pin="3"/><net_sink comp="3129" pin=0"/></net>

<net id="3138"><net_src comp="324" pin="0"/><net_sink comp="3133" pin=0"/></net>

<net id="3139"><net_src comp="3107" pin="2"/><net_sink comp="3133" pin=1"/></net>

<net id="3140"><net_src comp="326" pin="0"/><net_sink comp="3133" pin=2"/></net>

<net id="3144"><net_src comp="3133" pin="3"/><net_sink comp="3141" pin=0"/></net>

<net id="3150"><net_src comp="324" pin="0"/><net_sink comp="3145" pin=0"/></net>

<net id="3151"><net_src comp="3107" pin="2"/><net_sink comp="3145" pin=1"/></net>

<net id="3152"><net_src comp="328" pin="0"/><net_sink comp="3145" pin=2"/></net>

<net id="3156"><net_src comp="3145" pin="3"/><net_sink comp="3153" pin=0"/></net>

<net id="3162"><net_src comp="324" pin="0"/><net_sink comp="3157" pin=0"/></net>

<net id="3163"><net_src comp="3107" pin="2"/><net_sink comp="3157" pin=1"/></net>

<net id="3164"><net_src comp="330" pin="0"/><net_sink comp="3157" pin=2"/></net>

<net id="3168"><net_src comp="3157" pin="3"/><net_sink comp="3165" pin=0"/></net>

<net id="3174"><net_src comp="324" pin="0"/><net_sink comp="3169" pin=0"/></net>

<net id="3175"><net_src comp="3107" pin="2"/><net_sink comp="3169" pin=1"/></net>

<net id="3176"><net_src comp="332" pin="0"/><net_sink comp="3169" pin=2"/></net>

<net id="3180"><net_src comp="3169" pin="3"/><net_sink comp="3177" pin=0"/></net>

<net id="3186"><net_src comp="324" pin="0"/><net_sink comp="3181" pin=0"/></net>

<net id="3187"><net_src comp="3107" pin="2"/><net_sink comp="3181" pin=1"/></net>

<net id="3188"><net_src comp="334" pin="0"/><net_sink comp="3181" pin=2"/></net>

<net id="3192"><net_src comp="3181" pin="3"/><net_sink comp="3189" pin=0"/></net>

<net id="3198"><net_src comp="324" pin="0"/><net_sink comp="3193" pin=0"/></net>

<net id="3199"><net_src comp="3107" pin="2"/><net_sink comp="3193" pin=1"/></net>

<net id="3200"><net_src comp="336" pin="0"/><net_sink comp="3193" pin=2"/></net>

<net id="3204"><net_src comp="3193" pin="3"/><net_sink comp="3201" pin=0"/></net>

<net id="3210"><net_src comp="324" pin="0"/><net_sink comp="3205" pin=0"/></net>

<net id="3211"><net_src comp="3107" pin="2"/><net_sink comp="3205" pin=1"/></net>

<net id="3212"><net_src comp="338" pin="0"/><net_sink comp="3205" pin=2"/></net>

<net id="3216"><net_src comp="3205" pin="3"/><net_sink comp="3213" pin=0"/></net>

<net id="3222"><net_src comp="324" pin="0"/><net_sink comp="3217" pin=0"/></net>

<net id="3223"><net_src comp="3107" pin="2"/><net_sink comp="3217" pin=1"/></net>

<net id="3224"><net_src comp="340" pin="0"/><net_sink comp="3217" pin=2"/></net>

<net id="3228"><net_src comp="3217" pin="3"/><net_sink comp="3225" pin=0"/></net>

<net id="3234"><net_src comp="324" pin="0"/><net_sink comp="3229" pin=0"/></net>

<net id="3235"><net_src comp="3107" pin="2"/><net_sink comp="3229" pin=1"/></net>

<net id="3236"><net_src comp="342" pin="0"/><net_sink comp="3229" pin=2"/></net>

<net id="3240"><net_src comp="3229" pin="3"/><net_sink comp="3237" pin=0"/></net>

<net id="3246"><net_src comp="324" pin="0"/><net_sink comp="3241" pin=0"/></net>

<net id="3247"><net_src comp="3107" pin="2"/><net_sink comp="3241" pin=1"/></net>

<net id="3248"><net_src comp="344" pin="0"/><net_sink comp="3241" pin=2"/></net>

<net id="3252"><net_src comp="3241" pin="3"/><net_sink comp="3249" pin=0"/></net>

<net id="3258"><net_src comp="324" pin="0"/><net_sink comp="3253" pin=0"/></net>

<net id="3259"><net_src comp="3107" pin="2"/><net_sink comp="3253" pin=1"/></net>

<net id="3260"><net_src comp="346" pin="0"/><net_sink comp="3253" pin=2"/></net>

<net id="3264"><net_src comp="3253" pin="3"/><net_sink comp="3261" pin=0"/></net>

<net id="3270"><net_src comp="324" pin="0"/><net_sink comp="3265" pin=0"/></net>

<net id="3271"><net_src comp="3107" pin="2"/><net_sink comp="3265" pin=1"/></net>

<net id="3272"><net_src comp="348" pin="0"/><net_sink comp="3265" pin=2"/></net>

<net id="3276"><net_src comp="3265" pin="3"/><net_sink comp="3273" pin=0"/></net>

<net id="3282"><net_src comp="324" pin="0"/><net_sink comp="3277" pin=0"/></net>

<net id="3283"><net_src comp="3107" pin="2"/><net_sink comp="3277" pin=1"/></net>

<net id="3284"><net_src comp="350" pin="0"/><net_sink comp="3277" pin=2"/></net>

<net id="3288"><net_src comp="3277" pin="3"/><net_sink comp="3285" pin=0"/></net>

<net id="3294"><net_src comp="324" pin="0"/><net_sink comp="3289" pin=0"/></net>

<net id="3295"><net_src comp="3107" pin="2"/><net_sink comp="3289" pin=1"/></net>

<net id="3296"><net_src comp="352" pin="0"/><net_sink comp="3289" pin=2"/></net>

<net id="3300"><net_src comp="3289" pin="3"/><net_sink comp="3297" pin=0"/></net>

<net id="3305"><net_src comp="3129" pin="1"/><net_sink comp="3301" pin=0"/></net>

<net id="3306"><net_src comp="3117" pin="1"/><net_sink comp="3301" pin=1"/></net>

<net id="3311"><net_src comp="3141" pin="1"/><net_sink comp="3307" pin=0"/></net>

<net id="3312"><net_src comp="3153" pin="1"/><net_sink comp="3307" pin=1"/></net>

<net id="3317"><net_src comp="3165" pin="1"/><net_sink comp="3313" pin=0"/></net>

<net id="3318"><net_src comp="3177" pin="1"/><net_sink comp="3313" pin=1"/></net>

<net id="3323"><net_src comp="3189" pin="1"/><net_sink comp="3319" pin=0"/></net>

<net id="3324"><net_src comp="3201" pin="1"/><net_sink comp="3319" pin=1"/></net>

<net id="3329"><net_src comp="3213" pin="1"/><net_sink comp="3325" pin=0"/></net>

<net id="3330"><net_src comp="3225" pin="1"/><net_sink comp="3325" pin=1"/></net>

<net id="3335"><net_src comp="3237" pin="1"/><net_sink comp="3331" pin=0"/></net>

<net id="3336"><net_src comp="3249" pin="1"/><net_sink comp="3331" pin=1"/></net>

<net id="3341"><net_src comp="3261" pin="1"/><net_sink comp="3337" pin=0"/></net>

<net id="3342"><net_src comp="3273" pin="1"/><net_sink comp="3337" pin=1"/></net>

<net id="3347"><net_src comp="3285" pin="1"/><net_sink comp="3343" pin=0"/></net>

<net id="3348"><net_src comp="3297" pin="1"/><net_sink comp="3343" pin=1"/></net>

<net id="3359"><net_src comp="3352" pin="1"/><net_sink comp="3355" pin=0"/></net>

<net id="3360"><net_src comp="3349" pin="1"/><net_sink comp="3355" pin=1"/></net>

<net id="3364"><net_src comp="3355" pin="2"/><net_sink comp="3361" pin=0"/></net>

<net id="3375"><net_src comp="3368" pin="1"/><net_sink comp="3371" pin=0"/></net>

<net id="3376"><net_src comp="3365" pin="1"/><net_sink comp="3371" pin=1"/></net>

<net id="3380"><net_src comp="3371" pin="2"/><net_sink comp="3377" pin=0"/></net>

<net id="3385"><net_src comp="3377" pin="1"/><net_sink comp="3381" pin=0"/></net>

<net id="3386"><net_src comp="3361" pin="1"/><net_sink comp="3381" pin=1"/></net>

<net id="3390"><net_src comp="3381" pin="2"/><net_sink comp="3387" pin=0"/></net>

<net id="3401"><net_src comp="3394" pin="1"/><net_sink comp="3397" pin=0"/></net>

<net id="3402"><net_src comp="3391" pin="1"/><net_sink comp="3397" pin=1"/></net>

<net id="3406"><net_src comp="3397" pin="2"/><net_sink comp="3403" pin=0"/></net>

<net id="3417"><net_src comp="3410" pin="1"/><net_sink comp="3413" pin=0"/></net>

<net id="3418"><net_src comp="3407" pin="1"/><net_sink comp="3413" pin=1"/></net>

<net id="3422"><net_src comp="3413" pin="2"/><net_sink comp="3419" pin=0"/></net>

<net id="3427"><net_src comp="3419" pin="1"/><net_sink comp="3423" pin=0"/></net>

<net id="3428"><net_src comp="3403" pin="1"/><net_sink comp="3423" pin=1"/></net>

<net id="3432"><net_src comp="3423" pin="2"/><net_sink comp="3429" pin=0"/></net>

<net id="3437"><net_src comp="3429" pin="1"/><net_sink comp="3433" pin=0"/></net>

<net id="3438"><net_src comp="3387" pin="1"/><net_sink comp="3433" pin=1"/></net>

<net id="3449"><net_src comp="3442" pin="1"/><net_sink comp="3445" pin=0"/></net>

<net id="3450"><net_src comp="3439" pin="1"/><net_sink comp="3445" pin=1"/></net>

<net id="3454"><net_src comp="3445" pin="2"/><net_sink comp="3451" pin=0"/></net>

<net id="3465"><net_src comp="3458" pin="1"/><net_sink comp="3461" pin=0"/></net>

<net id="3466"><net_src comp="3455" pin="1"/><net_sink comp="3461" pin=1"/></net>

<net id="3470"><net_src comp="3461" pin="2"/><net_sink comp="3467" pin=0"/></net>

<net id="3475"><net_src comp="3467" pin="1"/><net_sink comp="3471" pin=0"/></net>

<net id="3476"><net_src comp="3451" pin="1"/><net_sink comp="3471" pin=1"/></net>

<net id="3480"><net_src comp="3471" pin="2"/><net_sink comp="3477" pin=0"/></net>

<net id="3491"><net_src comp="3484" pin="1"/><net_sink comp="3487" pin=0"/></net>

<net id="3492"><net_src comp="3481" pin="1"/><net_sink comp="3487" pin=1"/></net>

<net id="3496"><net_src comp="3487" pin="2"/><net_sink comp="3493" pin=0"/></net>

<net id="3507"><net_src comp="3500" pin="1"/><net_sink comp="3503" pin=0"/></net>

<net id="3508"><net_src comp="3497" pin="1"/><net_sink comp="3503" pin=1"/></net>

<net id="3512"><net_src comp="3503" pin="2"/><net_sink comp="3509" pin=0"/></net>

<net id="3517"><net_src comp="3509" pin="1"/><net_sink comp="3513" pin=0"/></net>

<net id="3518"><net_src comp="3493" pin="1"/><net_sink comp="3513" pin=1"/></net>

<net id="3522"><net_src comp="3513" pin="2"/><net_sink comp="3519" pin=0"/></net>

<net id="3527"><net_src comp="3519" pin="1"/><net_sink comp="3523" pin=0"/></net>

<net id="3528"><net_src comp="3477" pin="1"/><net_sink comp="3523" pin=1"/></net>

<net id="3539"><net_src comp="3532" pin="1"/><net_sink comp="3535" pin=0"/></net>

<net id="3540"><net_src comp="3529" pin="1"/><net_sink comp="3535" pin=1"/></net>

<net id="3544"><net_src comp="3535" pin="2"/><net_sink comp="3541" pin=0"/></net>

<net id="3555"><net_src comp="3548" pin="1"/><net_sink comp="3551" pin=0"/></net>

<net id="3556"><net_src comp="3545" pin="1"/><net_sink comp="3551" pin=1"/></net>

<net id="3560"><net_src comp="3551" pin="2"/><net_sink comp="3557" pin=0"/></net>

<net id="3565"><net_src comp="3557" pin="1"/><net_sink comp="3561" pin=0"/></net>

<net id="3566"><net_src comp="3541" pin="1"/><net_sink comp="3561" pin=1"/></net>

<net id="3570"><net_src comp="3561" pin="2"/><net_sink comp="3567" pin=0"/></net>

<net id="3581"><net_src comp="3574" pin="1"/><net_sink comp="3577" pin=0"/></net>

<net id="3582"><net_src comp="3571" pin="1"/><net_sink comp="3577" pin=1"/></net>

<net id="3586"><net_src comp="3577" pin="2"/><net_sink comp="3583" pin=0"/></net>

<net id="3597"><net_src comp="3590" pin="1"/><net_sink comp="3593" pin=0"/></net>

<net id="3598"><net_src comp="3587" pin="1"/><net_sink comp="3593" pin=1"/></net>

<net id="3602"><net_src comp="3593" pin="2"/><net_sink comp="3599" pin=0"/></net>

<net id="3607"><net_src comp="3599" pin="1"/><net_sink comp="3603" pin=0"/></net>

<net id="3608"><net_src comp="3583" pin="1"/><net_sink comp="3603" pin=1"/></net>

<net id="3612"><net_src comp="3603" pin="2"/><net_sink comp="3609" pin=0"/></net>

<net id="3617"><net_src comp="3609" pin="1"/><net_sink comp="3613" pin=0"/></net>

<net id="3618"><net_src comp="3567" pin="1"/><net_sink comp="3613" pin=1"/></net>

<net id="3629"><net_src comp="3622" pin="1"/><net_sink comp="3625" pin=0"/></net>

<net id="3630"><net_src comp="3619" pin="1"/><net_sink comp="3625" pin=1"/></net>

<net id="3634"><net_src comp="3625" pin="2"/><net_sink comp="3631" pin=0"/></net>

<net id="3645"><net_src comp="3638" pin="1"/><net_sink comp="3641" pin=0"/></net>

<net id="3646"><net_src comp="3635" pin="1"/><net_sink comp="3641" pin=1"/></net>

<net id="3650"><net_src comp="3641" pin="2"/><net_sink comp="3647" pin=0"/></net>

<net id="3655"><net_src comp="3647" pin="1"/><net_sink comp="3651" pin=0"/></net>

<net id="3656"><net_src comp="3631" pin="1"/><net_sink comp="3651" pin=1"/></net>

<net id="3660"><net_src comp="3651" pin="2"/><net_sink comp="3657" pin=0"/></net>

<net id="3671"><net_src comp="3664" pin="1"/><net_sink comp="3667" pin=0"/></net>

<net id="3672"><net_src comp="3661" pin="1"/><net_sink comp="3667" pin=1"/></net>

<net id="3676"><net_src comp="3667" pin="2"/><net_sink comp="3673" pin=0"/></net>

<net id="3687"><net_src comp="3680" pin="1"/><net_sink comp="3683" pin=0"/></net>

<net id="3688"><net_src comp="3677" pin="1"/><net_sink comp="3683" pin=1"/></net>

<net id="3692"><net_src comp="3683" pin="2"/><net_sink comp="3689" pin=0"/></net>

<net id="3697"><net_src comp="3689" pin="1"/><net_sink comp="3693" pin=0"/></net>

<net id="3698"><net_src comp="3673" pin="1"/><net_sink comp="3693" pin=1"/></net>

<net id="3702"><net_src comp="3693" pin="2"/><net_sink comp="3699" pin=0"/></net>

<net id="3707"><net_src comp="3699" pin="1"/><net_sink comp="3703" pin=0"/></net>

<net id="3708"><net_src comp="3657" pin="1"/><net_sink comp="3703" pin=1"/></net>

<net id="3719"><net_src comp="3712" pin="1"/><net_sink comp="3715" pin=0"/></net>

<net id="3720"><net_src comp="3709" pin="1"/><net_sink comp="3715" pin=1"/></net>

<net id="3724"><net_src comp="3715" pin="2"/><net_sink comp="3721" pin=0"/></net>

<net id="3735"><net_src comp="3728" pin="1"/><net_sink comp="3731" pin=0"/></net>

<net id="3736"><net_src comp="3725" pin="1"/><net_sink comp="3731" pin=1"/></net>

<net id="3740"><net_src comp="3731" pin="2"/><net_sink comp="3737" pin=0"/></net>

<net id="3745"><net_src comp="3737" pin="1"/><net_sink comp="3741" pin=0"/></net>

<net id="3746"><net_src comp="3721" pin="1"/><net_sink comp="3741" pin=1"/></net>

<net id="3750"><net_src comp="3741" pin="2"/><net_sink comp="3747" pin=0"/></net>

<net id="3761"><net_src comp="3754" pin="1"/><net_sink comp="3757" pin=0"/></net>

<net id="3762"><net_src comp="3751" pin="1"/><net_sink comp="3757" pin=1"/></net>

<net id="3766"><net_src comp="3757" pin="2"/><net_sink comp="3763" pin=0"/></net>

<net id="3777"><net_src comp="3770" pin="1"/><net_sink comp="3773" pin=0"/></net>

<net id="3778"><net_src comp="3767" pin="1"/><net_sink comp="3773" pin=1"/></net>

<net id="3782"><net_src comp="3773" pin="2"/><net_sink comp="3779" pin=0"/></net>

<net id="3787"><net_src comp="3779" pin="1"/><net_sink comp="3783" pin=0"/></net>

<net id="3788"><net_src comp="3763" pin="1"/><net_sink comp="3783" pin=1"/></net>

<net id="3792"><net_src comp="3783" pin="2"/><net_sink comp="3789" pin=0"/></net>

<net id="3797"><net_src comp="3789" pin="1"/><net_sink comp="3793" pin=0"/></net>

<net id="3798"><net_src comp="3747" pin="1"/><net_sink comp="3793" pin=1"/></net>

<net id="3809"><net_src comp="3802" pin="1"/><net_sink comp="3805" pin=0"/></net>

<net id="3810"><net_src comp="3799" pin="1"/><net_sink comp="3805" pin=1"/></net>

<net id="3814"><net_src comp="3805" pin="2"/><net_sink comp="3811" pin=0"/></net>

<net id="3825"><net_src comp="3818" pin="1"/><net_sink comp="3821" pin=0"/></net>

<net id="3826"><net_src comp="3815" pin="1"/><net_sink comp="3821" pin=1"/></net>

<net id="3830"><net_src comp="3821" pin="2"/><net_sink comp="3827" pin=0"/></net>

<net id="3835"><net_src comp="3827" pin="1"/><net_sink comp="3831" pin=0"/></net>

<net id="3836"><net_src comp="3811" pin="1"/><net_sink comp="3831" pin=1"/></net>

<net id="3840"><net_src comp="3831" pin="2"/><net_sink comp="3837" pin=0"/></net>

<net id="3851"><net_src comp="3844" pin="1"/><net_sink comp="3847" pin=0"/></net>

<net id="3852"><net_src comp="3841" pin="1"/><net_sink comp="3847" pin=1"/></net>

<net id="3856"><net_src comp="3847" pin="2"/><net_sink comp="3853" pin=0"/></net>

<net id="3867"><net_src comp="3860" pin="1"/><net_sink comp="3863" pin=0"/></net>

<net id="3868"><net_src comp="3857" pin="1"/><net_sink comp="3863" pin=1"/></net>

<net id="3872"><net_src comp="3863" pin="2"/><net_sink comp="3869" pin=0"/></net>

<net id="3877"><net_src comp="3869" pin="1"/><net_sink comp="3873" pin=0"/></net>

<net id="3878"><net_src comp="3853" pin="1"/><net_sink comp="3873" pin=1"/></net>

<net id="3882"><net_src comp="3873" pin="2"/><net_sink comp="3879" pin=0"/></net>

<net id="3887"><net_src comp="3879" pin="1"/><net_sink comp="3883" pin=0"/></net>

<net id="3888"><net_src comp="3837" pin="1"/><net_sink comp="3883" pin=1"/></net>

<net id="3899"><net_src comp="3892" pin="1"/><net_sink comp="3895" pin=0"/></net>

<net id="3900"><net_src comp="3889" pin="1"/><net_sink comp="3895" pin=1"/></net>

<net id="3904"><net_src comp="3895" pin="2"/><net_sink comp="3901" pin=0"/></net>

<net id="3915"><net_src comp="3908" pin="1"/><net_sink comp="3911" pin=0"/></net>

<net id="3916"><net_src comp="3905" pin="1"/><net_sink comp="3911" pin=1"/></net>

<net id="3920"><net_src comp="3911" pin="2"/><net_sink comp="3917" pin=0"/></net>

<net id="3925"><net_src comp="3917" pin="1"/><net_sink comp="3921" pin=0"/></net>

<net id="3926"><net_src comp="3901" pin="1"/><net_sink comp="3921" pin=1"/></net>

<net id="3930"><net_src comp="3921" pin="2"/><net_sink comp="3927" pin=0"/></net>

<net id="3941"><net_src comp="3934" pin="1"/><net_sink comp="3937" pin=0"/></net>

<net id="3942"><net_src comp="3931" pin="1"/><net_sink comp="3937" pin=1"/></net>

<net id="3946"><net_src comp="3937" pin="2"/><net_sink comp="3943" pin=0"/></net>

<net id="3957"><net_src comp="3950" pin="1"/><net_sink comp="3953" pin=0"/></net>

<net id="3958"><net_src comp="3947" pin="1"/><net_sink comp="3953" pin=1"/></net>

<net id="3962"><net_src comp="3953" pin="2"/><net_sink comp="3959" pin=0"/></net>

<net id="3967"><net_src comp="3959" pin="1"/><net_sink comp="3963" pin=0"/></net>

<net id="3968"><net_src comp="3943" pin="1"/><net_sink comp="3963" pin=1"/></net>

<net id="3972"><net_src comp="3963" pin="2"/><net_sink comp="3969" pin=0"/></net>

<net id="3977"><net_src comp="3969" pin="1"/><net_sink comp="3973" pin=0"/></net>

<net id="3978"><net_src comp="3927" pin="1"/><net_sink comp="3973" pin=1"/></net>

<net id="3989"><net_src comp="3982" pin="1"/><net_sink comp="3985" pin=0"/></net>

<net id="3990"><net_src comp="3979" pin="1"/><net_sink comp="3985" pin=1"/></net>

<net id="3994"><net_src comp="3985" pin="2"/><net_sink comp="3991" pin=0"/></net>

<net id="4005"><net_src comp="3998" pin="1"/><net_sink comp="4001" pin=0"/></net>

<net id="4006"><net_src comp="3995" pin="1"/><net_sink comp="4001" pin=1"/></net>

<net id="4010"><net_src comp="4001" pin="2"/><net_sink comp="4007" pin=0"/></net>

<net id="4015"><net_src comp="4007" pin="1"/><net_sink comp="4011" pin=0"/></net>

<net id="4016"><net_src comp="3991" pin="1"/><net_sink comp="4011" pin=1"/></net>

<net id="4020"><net_src comp="4011" pin="2"/><net_sink comp="4017" pin=0"/></net>

<net id="4031"><net_src comp="4024" pin="1"/><net_sink comp="4027" pin=0"/></net>

<net id="4032"><net_src comp="4021" pin="1"/><net_sink comp="4027" pin=1"/></net>

<net id="4036"><net_src comp="4027" pin="2"/><net_sink comp="4033" pin=0"/></net>

<net id="4047"><net_src comp="4040" pin="1"/><net_sink comp="4043" pin=0"/></net>

<net id="4048"><net_src comp="4037" pin="1"/><net_sink comp="4043" pin=1"/></net>

<net id="4052"><net_src comp="4043" pin="2"/><net_sink comp="4049" pin=0"/></net>

<net id="4057"><net_src comp="4049" pin="1"/><net_sink comp="4053" pin=0"/></net>

<net id="4058"><net_src comp="4033" pin="1"/><net_sink comp="4053" pin=1"/></net>

<net id="4062"><net_src comp="4053" pin="2"/><net_sink comp="4059" pin=0"/></net>

<net id="4067"><net_src comp="4059" pin="1"/><net_sink comp="4063" pin=0"/></net>

<net id="4068"><net_src comp="4017" pin="1"/><net_sink comp="4063" pin=1"/></net>

<net id="4072"><net_src comp="3433" pin="2"/><net_sink comp="4069" pin=0"/></net>

<net id="4076"><net_src comp="3523" pin="2"/><net_sink comp="4073" pin=0"/></net>

<net id="4080"><net_src comp="3613" pin="2"/><net_sink comp="4077" pin=0"/></net>

<net id="4084"><net_src comp="3703" pin="2"/><net_sink comp="4081" pin=0"/></net>

<net id="4088"><net_src comp="3793" pin="2"/><net_sink comp="4085" pin=0"/></net>

<net id="4092"><net_src comp="3883" pin="2"/><net_sink comp="4089" pin=0"/></net>

<net id="4096"><net_src comp="3973" pin="2"/><net_sink comp="4093" pin=0"/></net>

<net id="4100"><net_src comp="4063" pin="2"/><net_sink comp="4097" pin=0"/></net>

<net id="4105"><net_src comp="4073" pin="1"/><net_sink comp="4101" pin=0"/></net>

<net id="4106"><net_src comp="4069" pin="1"/><net_sink comp="4101" pin=1"/></net>

<net id="4111"><net_src comp="4077" pin="1"/><net_sink comp="4107" pin=0"/></net>

<net id="4112"><net_src comp="4081" pin="1"/><net_sink comp="4107" pin=1"/></net>

<net id="4117"><net_src comp="4085" pin="1"/><net_sink comp="4113" pin=0"/></net>

<net id="4118"><net_src comp="4089" pin="1"/><net_sink comp="4113" pin=1"/></net>

<net id="4123"><net_src comp="4093" pin="1"/><net_sink comp="4119" pin=0"/></net>

<net id="4124"><net_src comp="4097" pin="1"/><net_sink comp="4119" pin=1"/></net>

<net id="4135"><net_src comp="4128" pin="1"/><net_sink comp="4131" pin=0"/></net>

<net id="4136"><net_src comp="4125" pin="1"/><net_sink comp="4131" pin=1"/></net>

<net id="4140"><net_src comp="4131" pin="2"/><net_sink comp="4137" pin=0"/></net>

<net id="4151"><net_src comp="4144" pin="1"/><net_sink comp="4147" pin=0"/></net>

<net id="4152"><net_src comp="4141" pin="1"/><net_sink comp="4147" pin=1"/></net>

<net id="4156"><net_src comp="4147" pin="2"/><net_sink comp="4153" pin=0"/></net>

<net id="4161"><net_src comp="4153" pin="1"/><net_sink comp="4157" pin=0"/></net>

<net id="4162"><net_src comp="4137" pin="1"/><net_sink comp="4157" pin=1"/></net>

<net id="4166"><net_src comp="4163" pin="1"/><net_sink comp="1227" pin=2"/></net>

<net id="4172"><net_src comp="354" pin="0"/><net_sink comp="4167" pin=0"/></net>

<net id="4173"><net_src comp="356" pin="0"/><net_sink comp="4167" pin=2"/></net>

<net id="4178"><net_src comp="4167" pin="3"/><net_sink comp="4174" pin=0"/></net>

<net id="4179"><net_src comp="358" pin="0"/><net_sink comp="4174" pin=1"/></net>

<net id="4183"><net_src comp="4174" pin="2"/><net_sink comp="4180" pin=0"/></net>

<net id="4184"><net_src comp="4180" pin="1"/><net_sink comp="1234" pin=1"/></net>

<net id="4189"><net_src comp="4174" pin="2"/><net_sink comp="4185" pin=0"/></net>

<net id="4190"><net_src comp="360" pin="0"/><net_sink comp="4185" pin=1"/></net>

<net id="4195"><net_src comp="4185" pin="2"/><net_sink comp="4191" pin=0"/></net>

<net id="4200"><net_src comp="4185" pin="2"/><net_sink comp="4196" pin=0"/></net>

<net id="4205"><net_src comp="4185" pin="2"/><net_sink comp="4201" pin=0"/></net>

<net id="4210"><net_src comp="4185" pin="2"/><net_sink comp="4206" pin=0"/></net>

<net id="4215"><net_src comp="4185" pin="2"/><net_sink comp="4211" pin=0"/></net>

<net id="4220"><net_src comp="4185" pin="2"/><net_sink comp="4216" pin=0"/></net>

<net id="4225"><net_src comp="4185" pin="2"/><net_sink comp="4221" pin=0"/></net>

<net id="4230"><net_src comp="4185" pin="2"/><net_sink comp="4226" pin=0"/></net>

<net id="4235"><net_src comp="4185" pin="2"/><net_sink comp="4231" pin=0"/></net>

<net id="4240"><net_src comp="4185" pin="2"/><net_sink comp="4236" pin=0"/></net>

<net id="4245"><net_src comp="4185" pin="2"/><net_sink comp="4241" pin=0"/></net>

<net id="4250"><net_src comp="4185" pin="2"/><net_sink comp="4246" pin=0"/></net>

<net id="4255"><net_src comp="4185" pin="2"/><net_sink comp="4251" pin=0"/></net>

<net id="4260"><net_src comp="4185" pin="2"/><net_sink comp="4256" pin=0"/></net>

<net id="4265"><net_src comp="4185" pin="2"/><net_sink comp="4261" pin=0"/></net>

<net id="4270"><net_src comp="4185" pin="2"/><net_sink comp="4266" pin=0"/></net>

<net id="4275"><net_src comp="4185" pin="2"/><net_sink comp="4271" pin=0"/></net>

<net id="4280"><net_src comp="4185" pin="2"/><net_sink comp="4276" pin=0"/></net>

<net id="4285"><net_src comp="4185" pin="2"/><net_sink comp="4281" pin=0"/></net>

<net id="4290"><net_src comp="4185" pin="2"/><net_sink comp="4286" pin=0"/></net>

<net id="4295"><net_src comp="4185" pin="2"/><net_sink comp="4291" pin=0"/></net>

<net id="4300"><net_src comp="4185" pin="2"/><net_sink comp="4296" pin=0"/></net>

<net id="4305"><net_src comp="4185" pin="2"/><net_sink comp="4301" pin=0"/></net>

<net id="4310"><net_src comp="4185" pin="2"/><net_sink comp="4306" pin=0"/></net>

<net id="4315"><net_src comp="4185" pin="2"/><net_sink comp="4311" pin=0"/></net>

<net id="4320"><net_src comp="4185" pin="2"/><net_sink comp="4316" pin=0"/></net>

<net id="4325"><net_src comp="4185" pin="2"/><net_sink comp="4321" pin=0"/></net>

<net id="4330"><net_src comp="4185" pin="2"/><net_sink comp="4326" pin=0"/></net>

<net id="4335"><net_src comp="4185" pin="2"/><net_sink comp="4331" pin=0"/></net>

<net id="4340"><net_src comp="4185" pin="2"/><net_sink comp="4336" pin=0"/></net>

<net id="4345"><net_src comp="4185" pin="2"/><net_sink comp="4341" pin=0"/></net>

<net id="4350"><net_src comp="4185" pin="2"/><net_sink comp="4346" pin=0"/></net>

<net id="4355"><net_src comp="4185" pin="2"/><net_sink comp="4351" pin=0"/></net>

<net id="4360"><net_src comp="4185" pin="2"/><net_sink comp="4356" pin=0"/></net>

<net id="4365"><net_src comp="4185" pin="2"/><net_sink comp="4361" pin=0"/></net>

<net id="4370"><net_src comp="4185" pin="2"/><net_sink comp="4366" pin=0"/></net>

<net id="4375"><net_src comp="4185" pin="2"/><net_sink comp="4371" pin=0"/></net>

<net id="4380"><net_src comp="4185" pin="2"/><net_sink comp="4376" pin=0"/></net>

<net id="4385"><net_src comp="4185" pin="2"/><net_sink comp="4381" pin=0"/></net>

<net id="4390"><net_src comp="4185" pin="2"/><net_sink comp="4386" pin=0"/></net>

<net id="4395"><net_src comp="4185" pin="2"/><net_sink comp="4391" pin=0"/></net>

<net id="4400"><net_src comp="4185" pin="2"/><net_sink comp="4396" pin=0"/></net>

<net id="4405"><net_src comp="4185" pin="2"/><net_sink comp="4401" pin=0"/></net>

<net id="4410"><net_src comp="4185" pin="2"/><net_sink comp="4406" pin=0"/></net>

<net id="4415"><net_src comp="4185" pin="2"/><net_sink comp="4411" pin=0"/></net>

<net id="4420"><net_src comp="4185" pin="2"/><net_sink comp="4416" pin=0"/></net>

<net id="4425"><net_src comp="4185" pin="2"/><net_sink comp="4421" pin=0"/></net>

<net id="4430"><net_src comp="4185" pin="2"/><net_sink comp="4426" pin=0"/></net>

<net id="4435"><net_src comp="4185" pin="2"/><net_sink comp="4431" pin=0"/></net>

<net id="4440"><net_src comp="4185" pin="2"/><net_sink comp="4436" pin=0"/></net>

<net id="4445"><net_src comp="4185" pin="2"/><net_sink comp="4441" pin=0"/></net>

<net id="4450"><net_src comp="4185" pin="2"/><net_sink comp="4446" pin=0"/></net>

<net id="4455"><net_src comp="4185" pin="2"/><net_sink comp="4451" pin=0"/></net>

<net id="4460"><net_src comp="4185" pin="2"/><net_sink comp="4456" pin=0"/></net>

<net id="4465"><net_src comp="4185" pin="2"/><net_sink comp="4461" pin=0"/></net>

<net id="4470"><net_src comp="4185" pin="2"/><net_sink comp="4466" pin=0"/></net>

<net id="4475"><net_src comp="4185" pin="2"/><net_sink comp="4471" pin=0"/></net>

<net id="4480"><net_src comp="4185" pin="2"/><net_sink comp="4476" pin=0"/></net>

<net id="4485"><net_src comp="4185" pin="2"/><net_sink comp="4481" pin=0"/></net>

<net id="4490"><net_src comp="4185" pin="2"/><net_sink comp="4486" pin=0"/></net>

<net id="4495"><net_src comp="4185" pin="2"/><net_sink comp="4491" pin=0"/></net>

<net id="4500"><net_src comp="4185" pin="2"/><net_sink comp="4496" pin=0"/></net>

<net id="4505"><net_src comp="4185" pin="2"/><net_sink comp="4501" pin=0"/></net>

<net id="4510"><net_src comp="4185" pin="2"/><net_sink comp="4506" pin=0"/></net>

<net id="4514"><net_src comp="4511" pin="1"/><net_sink comp="1123" pin=2"/></net>

<net id="4518"><net_src comp="4515" pin="1"/><net_sink comp="1116" pin=2"/></net>

<net id="4522"><net_src comp="4519" pin="1"/><net_sink comp="1109" pin=2"/></net>

<net id="4526"><net_src comp="4523" pin="1"/><net_sink comp="1102" pin=2"/></net>

<net id="4530"><net_src comp="4527" pin="1"/><net_sink comp="1095" pin=2"/></net>

<net id="4534"><net_src comp="4531" pin="1"/><net_sink comp="1088" pin=2"/></net>

<net id="4538"><net_src comp="4535" pin="1"/><net_sink comp="1081" pin=2"/></net>

<net id="4542"><net_src comp="4539" pin="1"/><net_sink comp="1074" pin=2"/></net>

<net id="4546"><net_src comp="4543" pin="1"/><net_sink comp="1067" pin=2"/></net>

<net id="4550"><net_src comp="4547" pin="1"/><net_sink comp="1060" pin=2"/></net>

<net id="4554"><net_src comp="4551" pin="1"/><net_sink comp="1053" pin=2"/></net>

<net id="4558"><net_src comp="4555" pin="1"/><net_sink comp="1046" pin=2"/></net>

<net id="4562"><net_src comp="4559" pin="1"/><net_sink comp="1039" pin=2"/></net>

<net id="4566"><net_src comp="4563" pin="1"/><net_sink comp="1032" pin=2"/></net>

<net id="4570"><net_src comp="4567" pin="1"/><net_sink comp="1025" pin=2"/></net>

<net id="4574"><net_src comp="4571" pin="1"/><net_sink comp="1018" pin=2"/></net>

<net id="4578"><net_src comp="4575" pin="1"/><net_sink comp="1011" pin=2"/></net>

<net id="4582"><net_src comp="4579" pin="1"/><net_sink comp="1004" pin=2"/></net>

<net id="4586"><net_src comp="4583" pin="1"/><net_sink comp="997" pin=2"/></net>

<net id="4590"><net_src comp="4587" pin="1"/><net_sink comp="990" pin=2"/></net>

<net id="4594"><net_src comp="4591" pin="1"/><net_sink comp="983" pin=2"/></net>

<net id="4598"><net_src comp="4595" pin="1"/><net_sink comp="976" pin=2"/></net>

<net id="4602"><net_src comp="4599" pin="1"/><net_sink comp="969" pin=2"/></net>

<net id="4606"><net_src comp="4603" pin="1"/><net_sink comp="962" pin=2"/></net>

<net id="4610"><net_src comp="4607" pin="1"/><net_sink comp="955" pin=2"/></net>

<net id="4614"><net_src comp="4611" pin="1"/><net_sink comp="948" pin=2"/></net>

<net id="4618"><net_src comp="4615" pin="1"/><net_sink comp="941" pin=2"/></net>

<net id="4622"><net_src comp="4619" pin="1"/><net_sink comp="934" pin=2"/></net>

<net id="4626"><net_src comp="4623" pin="1"/><net_sink comp="927" pin=2"/></net>

<net id="4630"><net_src comp="4627" pin="1"/><net_sink comp="920" pin=2"/></net>

<net id="4634"><net_src comp="4631" pin="1"/><net_sink comp="913" pin=2"/></net>

<net id="4638"><net_src comp="4635" pin="1"/><net_sink comp="906" pin=2"/></net>

<net id="4642"><net_src comp="4639" pin="1"/><net_sink comp="899" pin=2"/></net>

<net id="4646"><net_src comp="4643" pin="1"/><net_sink comp="892" pin=2"/></net>

<net id="4650"><net_src comp="4647" pin="1"/><net_sink comp="885" pin=2"/></net>

<net id="4654"><net_src comp="4651" pin="1"/><net_sink comp="878" pin=2"/></net>

<net id="4658"><net_src comp="4655" pin="1"/><net_sink comp="871" pin=2"/></net>

<net id="4662"><net_src comp="4659" pin="1"/><net_sink comp="864" pin=2"/></net>

<net id="4666"><net_src comp="4663" pin="1"/><net_sink comp="857" pin=2"/></net>

<net id="4670"><net_src comp="4667" pin="1"/><net_sink comp="850" pin=2"/></net>

<net id="4674"><net_src comp="4671" pin="1"/><net_sink comp="843" pin=2"/></net>

<net id="4678"><net_src comp="4675" pin="1"/><net_sink comp="836" pin=2"/></net>

<net id="4682"><net_src comp="4679" pin="1"/><net_sink comp="829" pin=2"/></net>

<net id="4686"><net_src comp="4683" pin="1"/><net_sink comp="822" pin=2"/></net>

<net id="4690"><net_src comp="4687" pin="1"/><net_sink comp="815" pin=2"/></net>

<net id="4694"><net_src comp="4691" pin="1"/><net_sink comp="808" pin=2"/></net>

<net id="4698"><net_src comp="4695" pin="1"/><net_sink comp="801" pin=2"/></net>

<net id="4702"><net_src comp="4699" pin="1"/><net_sink comp="794" pin=2"/></net>

<net id="4706"><net_src comp="4703" pin="1"/><net_sink comp="787" pin=2"/></net>

<net id="4710"><net_src comp="4707" pin="1"/><net_sink comp="780" pin=2"/></net>

<net id="4714"><net_src comp="4711" pin="1"/><net_sink comp="773" pin=2"/></net>

<net id="4718"><net_src comp="4715" pin="1"/><net_sink comp="766" pin=2"/></net>

<net id="4722"><net_src comp="4719" pin="1"/><net_sink comp="759" pin=2"/></net>

<net id="4726"><net_src comp="4723" pin="1"/><net_sink comp="752" pin=2"/></net>

<net id="4730"><net_src comp="4727" pin="1"/><net_sink comp="745" pin=2"/></net>

<net id="4734"><net_src comp="4731" pin="1"/><net_sink comp="738" pin=2"/></net>

<net id="4738"><net_src comp="4735" pin="1"/><net_sink comp="731" pin=2"/></net>

<net id="4742"><net_src comp="4739" pin="1"/><net_sink comp="724" pin=2"/></net>

<net id="4746"><net_src comp="4743" pin="1"/><net_sink comp="717" pin=2"/></net>

<net id="4750"><net_src comp="4747" pin="1"/><net_sink comp="710" pin=2"/></net>

<net id="4754"><net_src comp="4751" pin="1"/><net_sink comp="703" pin=2"/></net>

<net id="4758"><net_src comp="4755" pin="1"/><net_sink comp="696" pin=2"/></net>

<net id="4762"><net_src comp="4759" pin="1"/><net_sink comp="689" pin=2"/></net>

<net id="4766"><net_src comp="4763" pin="1"/><net_sink comp="682" pin=2"/></net>

<net id="4770"><net_src comp="374" pin="1"/><net_sink comp="4767" pin=0"/></net>

<net id="4771"><net_src comp="4767" pin="1"/><net_sink comp="1240" pin=1"/></net>

<net id="4772"><net_src comp="4767" pin="1"/><net_sink comp="1245" pin=0"/></net>

<net id="4773"><net_src comp="4767" pin="1"/><net_sink comp="1368" pin=1"/></net>

<net id="4777"><net_src comp="378" pin="1"/><net_sink comp="4774" pin=0"/></net>

<net id="4778"><net_src comp="4774" pin="1"/><net_sink comp="4501" pin=1"/></net>

<net id="4779"><net_src comp="4774" pin="1"/><net_sink comp="4511" pin=0"/></net>

<net id="4783"><net_src comp="382" pin="1"/><net_sink comp="4780" pin=0"/></net>

<net id="4784"><net_src comp="4780" pin="1"/><net_sink comp="4496" pin=1"/></net>

<net id="4785"><net_src comp="4780" pin="1"/><net_sink comp="4515" pin=0"/></net>

<net id="4789"><net_src comp="386" pin="1"/><net_sink comp="4786" pin=0"/></net>

<net id="4790"><net_src comp="4786" pin="1"/><net_sink comp="4491" pin=1"/></net>

<net id="4791"><net_src comp="4786" pin="1"/><net_sink comp="4519" pin=0"/></net>

<net id="4795"><net_src comp="390" pin="1"/><net_sink comp="4792" pin=0"/></net>

<net id="4796"><net_src comp="4792" pin="1"/><net_sink comp="4486" pin=1"/></net>

<net id="4797"><net_src comp="4792" pin="1"/><net_sink comp="4523" pin=0"/></net>

<net id="4801"><net_src comp="394" pin="1"/><net_sink comp="4798" pin=0"/></net>

<net id="4802"><net_src comp="4798" pin="1"/><net_sink comp="4481" pin=1"/></net>

<net id="4803"><net_src comp="4798" pin="1"/><net_sink comp="4527" pin=0"/></net>

<net id="4807"><net_src comp="398" pin="1"/><net_sink comp="4804" pin=0"/></net>

<net id="4808"><net_src comp="4804" pin="1"/><net_sink comp="4476" pin=1"/></net>

<net id="4809"><net_src comp="4804" pin="1"/><net_sink comp="4531" pin=0"/></net>

<net id="4813"><net_src comp="402" pin="1"/><net_sink comp="4810" pin=0"/></net>

<net id="4814"><net_src comp="4810" pin="1"/><net_sink comp="4471" pin=1"/></net>

<net id="4815"><net_src comp="4810" pin="1"/><net_sink comp="4535" pin=0"/></net>

<net id="4819"><net_src comp="406" pin="1"/><net_sink comp="4816" pin=0"/></net>

<net id="4820"><net_src comp="4816" pin="1"/><net_sink comp="4466" pin=1"/></net>

<net id="4821"><net_src comp="4816" pin="1"/><net_sink comp="4539" pin=0"/></net>

<net id="4825"><net_src comp="410" pin="1"/><net_sink comp="4822" pin=0"/></net>

<net id="4826"><net_src comp="4822" pin="1"/><net_sink comp="4461" pin=1"/></net>

<net id="4827"><net_src comp="4822" pin="1"/><net_sink comp="4543" pin=0"/></net>

<net id="4831"><net_src comp="414" pin="1"/><net_sink comp="4828" pin=0"/></net>

<net id="4832"><net_src comp="4828" pin="1"/><net_sink comp="4456" pin=1"/></net>

<net id="4833"><net_src comp="4828" pin="1"/><net_sink comp="4547" pin=0"/></net>

<net id="4837"><net_src comp="418" pin="1"/><net_sink comp="4834" pin=0"/></net>

<net id="4838"><net_src comp="4834" pin="1"/><net_sink comp="4451" pin=1"/></net>

<net id="4839"><net_src comp="4834" pin="1"/><net_sink comp="4551" pin=0"/></net>

<net id="4843"><net_src comp="422" pin="1"/><net_sink comp="4840" pin=0"/></net>

<net id="4844"><net_src comp="4840" pin="1"/><net_sink comp="4446" pin=1"/></net>

<net id="4845"><net_src comp="4840" pin="1"/><net_sink comp="4555" pin=0"/></net>

<net id="4849"><net_src comp="426" pin="1"/><net_sink comp="4846" pin=0"/></net>

<net id="4850"><net_src comp="4846" pin="1"/><net_sink comp="4441" pin=1"/></net>

<net id="4851"><net_src comp="4846" pin="1"/><net_sink comp="4559" pin=0"/></net>

<net id="4855"><net_src comp="430" pin="1"/><net_sink comp="4852" pin=0"/></net>

<net id="4856"><net_src comp="4852" pin="1"/><net_sink comp="4436" pin=1"/></net>

<net id="4857"><net_src comp="4852" pin="1"/><net_sink comp="4563" pin=0"/></net>

<net id="4861"><net_src comp="434" pin="1"/><net_sink comp="4858" pin=0"/></net>

<net id="4862"><net_src comp="4858" pin="1"/><net_sink comp="4431" pin=1"/></net>

<net id="4863"><net_src comp="4858" pin="1"/><net_sink comp="4567" pin=0"/></net>

<net id="4867"><net_src comp="438" pin="1"/><net_sink comp="4864" pin=0"/></net>

<net id="4868"><net_src comp="4864" pin="1"/><net_sink comp="4426" pin=1"/></net>

<net id="4869"><net_src comp="4864" pin="1"/><net_sink comp="4571" pin=0"/></net>

<net id="4873"><net_src comp="442" pin="1"/><net_sink comp="4870" pin=0"/></net>

<net id="4874"><net_src comp="4870" pin="1"/><net_sink comp="4421" pin=1"/></net>

<net id="4875"><net_src comp="4870" pin="1"/><net_sink comp="4575" pin=0"/></net>

<net id="4879"><net_src comp="446" pin="1"/><net_sink comp="4876" pin=0"/></net>

<net id="4880"><net_src comp="4876" pin="1"/><net_sink comp="4416" pin=1"/></net>

<net id="4881"><net_src comp="4876" pin="1"/><net_sink comp="4579" pin=0"/></net>

<net id="4885"><net_src comp="450" pin="1"/><net_sink comp="4882" pin=0"/></net>

<net id="4886"><net_src comp="4882" pin="1"/><net_sink comp="4411" pin=1"/></net>

<net id="4887"><net_src comp="4882" pin="1"/><net_sink comp="4583" pin=0"/></net>

<net id="4891"><net_src comp="454" pin="1"/><net_sink comp="4888" pin=0"/></net>

<net id="4892"><net_src comp="4888" pin="1"/><net_sink comp="4406" pin=1"/></net>

<net id="4893"><net_src comp="4888" pin="1"/><net_sink comp="4587" pin=0"/></net>

<net id="4897"><net_src comp="458" pin="1"/><net_sink comp="4894" pin=0"/></net>

<net id="4898"><net_src comp="4894" pin="1"/><net_sink comp="4401" pin=1"/></net>

<net id="4899"><net_src comp="4894" pin="1"/><net_sink comp="4591" pin=0"/></net>

<net id="4903"><net_src comp="462" pin="1"/><net_sink comp="4900" pin=0"/></net>

<net id="4904"><net_src comp="4900" pin="1"/><net_sink comp="4396" pin=1"/></net>

<net id="4905"><net_src comp="4900" pin="1"/><net_sink comp="4595" pin=0"/></net>

<net id="4909"><net_src comp="466" pin="1"/><net_sink comp="4906" pin=0"/></net>

<net id="4910"><net_src comp="4906" pin="1"/><net_sink comp="4391" pin=1"/></net>

<net id="4911"><net_src comp="4906" pin="1"/><net_sink comp="4599" pin=0"/></net>

<net id="4915"><net_src comp="470" pin="1"/><net_sink comp="4912" pin=0"/></net>

<net id="4916"><net_src comp="4912" pin="1"/><net_sink comp="4386" pin=1"/></net>

<net id="4917"><net_src comp="4912" pin="1"/><net_sink comp="4603" pin=0"/></net>

<net id="4921"><net_src comp="474" pin="1"/><net_sink comp="4918" pin=0"/></net>

<net id="4922"><net_src comp="4918" pin="1"/><net_sink comp="4381" pin=1"/></net>

<net id="4923"><net_src comp="4918" pin="1"/><net_sink comp="4607" pin=0"/></net>

<net id="4927"><net_src comp="478" pin="1"/><net_sink comp="4924" pin=0"/></net>

<net id="4928"><net_src comp="4924" pin="1"/><net_sink comp="4376" pin=1"/></net>

<net id="4929"><net_src comp="4924" pin="1"/><net_sink comp="4611" pin=0"/></net>

<net id="4933"><net_src comp="482" pin="1"/><net_sink comp="4930" pin=0"/></net>

<net id="4934"><net_src comp="4930" pin="1"/><net_sink comp="4371" pin=1"/></net>

<net id="4935"><net_src comp="4930" pin="1"/><net_sink comp="4615" pin=0"/></net>

<net id="4939"><net_src comp="486" pin="1"/><net_sink comp="4936" pin=0"/></net>

<net id="4940"><net_src comp="4936" pin="1"/><net_sink comp="4366" pin=1"/></net>

<net id="4941"><net_src comp="4936" pin="1"/><net_sink comp="4619" pin=0"/></net>

<net id="4945"><net_src comp="490" pin="1"/><net_sink comp="4942" pin=0"/></net>

<net id="4946"><net_src comp="4942" pin="1"/><net_sink comp="4361" pin=1"/></net>

<net id="4947"><net_src comp="4942" pin="1"/><net_sink comp="4623" pin=0"/></net>

<net id="4951"><net_src comp="494" pin="1"/><net_sink comp="4948" pin=0"/></net>

<net id="4952"><net_src comp="4948" pin="1"/><net_sink comp="4356" pin=1"/></net>

<net id="4953"><net_src comp="4948" pin="1"/><net_sink comp="4627" pin=0"/></net>

<net id="4957"><net_src comp="498" pin="1"/><net_sink comp="4954" pin=0"/></net>

<net id="4958"><net_src comp="4954" pin="1"/><net_sink comp="4351" pin=1"/></net>

<net id="4959"><net_src comp="4954" pin="1"/><net_sink comp="4631" pin=0"/></net>

<net id="4963"><net_src comp="502" pin="1"/><net_sink comp="4960" pin=0"/></net>

<net id="4964"><net_src comp="4960" pin="1"/><net_sink comp="4346" pin=1"/></net>

<net id="4965"><net_src comp="4960" pin="1"/><net_sink comp="4635" pin=0"/></net>

<net id="4969"><net_src comp="506" pin="1"/><net_sink comp="4966" pin=0"/></net>

<net id="4970"><net_src comp="4966" pin="1"/><net_sink comp="4341" pin=1"/></net>

<net id="4971"><net_src comp="4966" pin="1"/><net_sink comp="4639" pin=0"/></net>

<net id="4975"><net_src comp="510" pin="1"/><net_sink comp="4972" pin=0"/></net>

<net id="4976"><net_src comp="4972" pin="1"/><net_sink comp="4336" pin=1"/></net>

<net id="4977"><net_src comp="4972" pin="1"/><net_sink comp="4643" pin=0"/></net>

<net id="4981"><net_src comp="514" pin="1"/><net_sink comp="4978" pin=0"/></net>

<net id="4982"><net_src comp="4978" pin="1"/><net_sink comp="4331" pin=1"/></net>

<net id="4983"><net_src comp="4978" pin="1"/><net_sink comp="4647" pin=0"/></net>

<net id="4987"><net_src comp="518" pin="1"/><net_sink comp="4984" pin=0"/></net>

<net id="4988"><net_src comp="4984" pin="1"/><net_sink comp="4326" pin=1"/></net>

<net id="4989"><net_src comp="4984" pin="1"/><net_sink comp="4651" pin=0"/></net>

<net id="4993"><net_src comp="522" pin="1"/><net_sink comp="4990" pin=0"/></net>

<net id="4994"><net_src comp="4990" pin="1"/><net_sink comp="4321" pin=1"/></net>

<net id="4995"><net_src comp="4990" pin="1"/><net_sink comp="4655" pin=0"/></net>

<net id="4999"><net_src comp="526" pin="1"/><net_sink comp="4996" pin=0"/></net>

<net id="5000"><net_src comp="4996" pin="1"/><net_sink comp="4316" pin=1"/></net>

<net id="5001"><net_src comp="4996" pin="1"/><net_sink comp="4659" pin=0"/></net>

<net id="5005"><net_src comp="530" pin="1"/><net_sink comp="5002" pin=0"/></net>

<net id="5006"><net_src comp="5002" pin="1"/><net_sink comp="4311" pin=1"/></net>

<net id="5007"><net_src comp="5002" pin="1"/><net_sink comp="4663" pin=0"/></net>

<net id="5011"><net_src comp="534" pin="1"/><net_sink comp="5008" pin=0"/></net>

<net id="5012"><net_src comp="5008" pin="1"/><net_sink comp="4306" pin=1"/></net>

<net id="5013"><net_src comp="5008" pin="1"/><net_sink comp="4667" pin=0"/></net>

<net id="5017"><net_src comp="538" pin="1"/><net_sink comp="5014" pin=0"/></net>

<net id="5018"><net_src comp="5014" pin="1"/><net_sink comp="4301" pin=1"/></net>

<net id="5019"><net_src comp="5014" pin="1"/><net_sink comp="4671" pin=0"/></net>

<net id="5023"><net_src comp="542" pin="1"/><net_sink comp="5020" pin=0"/></net>

<net id="5024"><net_src comp="5020" pin="1"/><net_sink comp="4296" pin=1"/></net>

<net id="5025"><net_src comp="5020" pin="1"/><net_sink comp="4675" pin=0"/></net>

<net id="5029"><net_src comp="546" pin="1"/><net_sink comp="5026" pin=0"/></net>

<net id="5030"><net_src comp="5026" pin="1"/><net_sink comp="4291" pin=1"/></net>

<net id="5031"><net_src comp="5026" pin="1"/><net_sink comp="4679" pin=0"/></net>

<net id="5035"><net_src comp="550" pin="1"/><net_sink comp="5032" pin=0"/></net>

<net id="5036"><net_src comp="5032" pin="1"/><net_sink comp="4286" pin=1"/></net>

<net id="5037"><net_src comp="5032" pin="1"/><net_sink comp="4683" pin=0"/></net>

<net id="5041"><net_src comp="554" pin="1"/><net_sink comp="5038" pin=0"/></net>

<net id="5042"><net_src comp="5038" pin="1"/><net_sink comp="4281" pin=1"/></net>

<net id="5043"><net_src comp="5038" pin="1"/><net_sink comp="4687" pin=0"/></net>

<net id="5047"><net_src comp="558" pin="1"/><net_sink comp="5044" pin=0"/></net>

<net id="5048"><net_src comp="5044" pin="1"/><net_sink comp="4276" pin=1"/></net>

<net id="5049"><net_src comp="5044" pin="1"/><net_sink comp="4691" pin=0"/></net>

<net id="5053"><net_src comp="562" pin="1"/><net_sink comp="5050" pin=0"/></net>

<net id="5054"><net_src comp="5050" pin="1"/><net_sink comp="4271" pin=1"/></net>

<net id="5055"><net_src comp="5050" pin="1"/><net_sink comp="4695" pin=0"/></net>

<net id="5059"><net_src comp="566" pin="1"/><net_sink comp="5056" pin=0"/></net>

<net id="5060"><net_src comp="5056" pin="1"/><net_sink comp="4266" pin=1"/></net>

<net id="5061"><net_src comp="5056" pin="1"/><net_sink comp="4699" pin=0"/></net>

<net id="5065"><net_src comp="570" pin="1"/><net_sink comp="5062" pin=0"/></net>

<net id="5066"><net_src comp="5062" pin="1"/><net_sink comp="4261" pin=1"/></net>

<net id="5067"><net_src comp="5062" pin="1"/><net_sink comp="4703" pin=0"/></net>

<net id="5071"><net_src comp="574" pin="1"/><net_sink comp="5068" pin=0"/></net>

<net id="5072"><net_src comp="5068" pin="1"/><net_sink comp="4256" pin=1"/></net>

<net id="5073"><net_src comp="5068" pin="1"/><net_sink comp="4707" pin=0"/></net>

<net id="5077"><net_src comp="578" pin="1"/><net_sink comp="5074" pin=0"/></net>

<net id="5078"><net_src comp="5074" pin="1"/><net_sink comp="4251" pin=1"/></net>

<net id="5079"><net_src comp="5074" pin="1"/><net_sink comp="4711" pin=0"/></net>

<net id="5083"><net_src comp="582" pin="1"/><net_sink comp="5080" pin=0"/></net>

<net id="5084"><net_src comp="5080" pin="1"/><net_sink comp="4246" pin=1"/></net>

<net id="5085"><net_src comp="5080" pin="1"/><net_sink comp="4715" pin=0"/></net>

<net id="5089"><net_src comp="586" pin="1"/><net_sink comp="5086" pin=0"/></net>

<net id="5090"><net_src comp="5086" pin="1"/><net_sink comp="4241" pin=1"/></net>

<net id="5091"><net_src comp="5086" pin="1"/><net_sink comp="4719" pin=0"/></net>

<net id="5095"><net_src comp="590" pin="1"/><net_sink comp="5092" pin=0"/></net>

<net id="5096"><net_src comp="5092" pin="1"/><net_sink comp="4236" pin=1"/></net>

<net id="5097"><net_src comp="5092" pin="1"/><net_sink comp="4723" pin=0"/></net>

<net id="5101"><net_src comp="594" pin="1"/><net_sink comp="5098" pin=0"/></net>

<net id="5102"><net_src comp="5098" pin="1"/><net_sink comp="4231" pin=1"/></net>

<net id="5103"><net_src comp="5098" pin="1"/><net_sink comp="4727" pin=0"/></net>

<net id="5107"><net_src comp="598" pin="1"/><net_sink comp="5104" pin=0"/></net>

<net id="5108"><net_src comp="5104" pin="1"/><net_sink comp="4226" pin=1"/></net>

<net id="5109"><net_src comp="5104" pin="1"/><net_sink comp="4731" pin=0"/></net>

<net id="5113"><net_src comp="602" pin="1"/><net_sink comp="5110" pin=0"/></net>

<net id="5114"><net_src comp="5110" pin="1"/><net_sink comp="4221" pin=1"/></net>

<net id="5115"><net_src comp="5110" pin="1"/><net_sink comp="4735" pin=0"/></net>

<net id="5119"><net_src comp="606" pin="1"/><net_sink comp="5116" pin=0"/></net>

<net id="5120"><net_src comp="5116" pin="1"/><net_sink comp="4216" pin=1"/></net>

<net id="5121"><net_src comp="5116" pin="1"/><net_sink comp="4739" pin=0"/></net>

<net id="5125"><net_src comp="610" pin="1"/><net_sink comp="5122" pin=0"/></net>

<net id="5126"><net_src comp="5122" pin="1"/><net_sink comp="4211" pin=1"/></net>

<net id="5127"><net_src comp="5122" pin="1"/><net_sink comp="4743" pin=0"/></net>

<net id="5131"><net_src comp="614" pin="1"/><net_sink comp="5128" pin=0"/></net>

<net id="5132"><net_src comp="5128" pin="1"/><net_sink comp="4206" pin=1"/></net>

<net id="5133"><net_src comp="5128" pin="1"/><net_sink comp="4747" pin=0"/></net>

<net id="5137"><net_src comp="618" pin="1"/><net_sink comp="5134" pin=0"/></net>

<net id="5138"><net_src comp="5134" pin="1"/><net_sink comp="4201" pin=1"/></net>

<net id="5139"><net_src comp="5134" pin="1"/><net_sink comp="4751" pin=0"/></net>

<net id="5143"><net_src comp="622" pin="1"/><net_sink comp="5140" pin=0"/></net>

<net id="5144"><net_src comp="5140" pin="1"/><net_sink comp="4196" pin=1"/></net>

<net id="5145"><net_src comp="5140" pin="1"/><net_sink comp="4755" pin=0"/></net>

<net id="5149"><net_src comp="626" pin="1"/><net_sink comp="5146" pin=0"/></net>

<net id="5150"><net_src comp="5146" pin="1"/><net_sink comp="4191" pin=1"/></net>

<net id="5151"><net_src comp="5146" pin="1"/><net_sink comp="4759" pin=0"/></net>

<net id="5155"><net_src comp="630" pin="1"/><net_sink comp="5152" pin=0"/></net>

<net id="5156"><net_src comp="5152" pin="1"/><net_sink comp="4506" pin=1"/></net>

<net id="5157"><net_src comp="5152" pin="1"/><net_sink comp="4763" pin=0"/></net>

<net id="5161"><net_src comp="634" pin="2"/><net_sink comp="5158" pin=0"/></net>

<net id="5162"><net_src comp="5158" pin="1"/><net_sink comp="3102" pin=0"/></net>

<net id="5166"><net_src comp="640" pin="2"/><net_sink comp="5163" pin=0"/></net>

<net id="5167"><net_src comp="5163" pin="1"/><net_sink comp="2855" pin=0"/></net>

<net id="5171"><net_src comp="646" pin="2"/><net_sink comp="5168" pin=0"/></net>

<net id="5172"><net_src comp="5168" pin="1"/><net_sink comp="2608" pin=0"/></net>

<net id="5176"><net_src comp="652" pin="2"/><net_sink comp="5173" pin=0"/></net>

<net id="5177"><net_src comp="5173" pin="1"/><net_sink comp="2361" pin=0"/></net>

<net id="5181"><net_src comp="658" pin="2"/><net_sink comp="5178" pin=0"/></net>

<net id="5182"><net_src comp="5178" pin="1"/><net_sink comp="2114" pin=0"/></net>

<net id="5186"><net_src comp="664" pin="2"/><net_sink comp="5183" pin=0"/></net>

<net id="5187"><net_src comp="5183" pin="1"/><net_sink comp="1867" pin=0"/></net>

<net id="5191"><net_src comp="670" pin="2"/><net_sink comp="5188" pin=0"/></net>

<net id="5192"><net_src comp="5188" pin="1"/><net_sink comp="1620" pin=0"/></net>

<net id="5196"><net_src comp="676" pin="2"/><net_sink comp="5193" pin=0"/></net>

<net id="5197"><net_src comp="5193" pin="1"/><net_sink comp="1373" pin=0"/></net>

<net id="5201"><net_src comp="1245" pin="1"/><net_sink comp="5198" pin=0"/></net>

<net id="5202"><net_src comp="5198" pin="1"/><net_sink comp="4163" pin=0"/></net>

<net id="5206"><net_src comp="1248" pin="2"/><net_sink comp="5203" pin=0"/></net>

<net id="5210"><net_src comp="1260" pin="1"/><net_sink comp="5207" pin=0"/></net>

<net id="5214"><net_src comp="1130" pin="3"/><net_sink comp="5211" pin=0"/></net>

<net id="5215"><net_src comp="5211" pin="1"/><net_sink comp="1137" pin=18"/></net>

<net id="5219"><net_src comp="1171" pin="3"/><net_sink comp="5216" pin=0"/></net>

<net id="5220"><net_src comp="5216" pin="1"/><net_sink comp="1137" pin=16"/></net>

<net id="5224"><net_src comp="1179" pin="3"/><net_sink comp="5221" pin=0"/></net>

<net id="5225"><net_src comp="5221" pin="1"/><net_sink comp="1137" pin=13"/></net>

<net id="5229"><net_src comp="1187" pin="3"/><net_sink comp="5226" pin=0"/></net>

<net id="5230"><net_src comp="5226" pin="1"/><net_sink comp="1137" pin=10"/></net>

<net id="5234"><net_src comp="1195" pin="3"/><net_sink comp="5231" pin=0"/></net>

<net id="5235"><net_src comp="5231" pin="1"/><net_sink comp="1137" pin=8"/></net>

<net id="5239"><net_src comp="1203" pin="3"/><net_sink comp="5236" pin=0"/></net>

<net id="5240"><net_src comp="5236" pin="1"/><net_sink comp="1137" pin=5"/></net>

<net id="5244"><net_src comp="1211" pin="3"/><net_sink comp="5241" pin=0"/></net>

<net id="5245"><net_src comp="5241" pin="1"/><net_sink comp="1137" pin=2"/></net>

<net id="5249"><net_src comp="1219" pin="3"/><net_sink comp="5246" pin=0"/></net>

<net id="5250"><net_src comp="5246" pin="1"/><net_sink comp="1137" pin=0"/></net>

<net id="5254"><net_src comp="1572" pin="2"/><net_sink comp="5251" pin=0"/></net>

<net id="5255"><net_src comp="5251" pin="1"/><net_sink comp="3349" pin=0"/></net>

<net id="5259"><net_src comp="1578" pin="2"/><net_sink comp="5256" pin=0"/></net>

<net id="5260"><net_src comp="5256" pin="1"/><net_sink comp="3352" pin=0"/></net>

<net id="5264"><net_src comp="1584" pin="2"/><net_sink comp="5261" pin=0"/></net>

<net id="5265"><net_src comp="5261" pin="1"/><net_sink comp="3365" pin=0"/></net>

<net id="5269"><net_src comp="1590" pin="2"/><net_sink comp="5266" pin=0"/></net>

<net id="5270"><net_src comp="5266" pin="1"/><net_sink comp="3368" pin=0"/></net>

<net id="5274"><net_src comp="1596" pin="2"/><net_sink comp="5271" pin=0"/></net>

<net id="5275"><net_src comp="5271" pin="1"/><net_sink comp="3391" pin=0"/></net>

<net id="5279"><net_src comp="1602" pin="2"/><net_sink comp="5276" pin=0"/></net>

<net id="5280"><net_src comp="5276" pin="1"/><net_sink comp="3394" pin=0"/></net>

<net id="5284"><net_src comp="1608" pin="2"/><net_sink comp="5281" pin=0"/></net>

<net id="5285"><net_src comp="5281" pin="1"/><net_sink comp="3407" pin=0"/></net>

<net id="5289"><net_src comp="1614" pin="2"/><net_sink comp="5286" pin=0"/></net>

<net id="5290"><net_src comp="5286" pin="1"/><net_sink comp="3410" pin=0"/></net>

<net id="5294"><net_src comp="1819" pin="2"/><net_sink comp="5291" pin=0"/></net>

<net id="5295"><net_src comp="5291" pin="1"/><net_sink comp="3439" pin=0"/></net>

<net id="5299"><net_src comp="1825" pin="2"/><net_sink comp="5296" pin=0"/></net>

<net id="5300"><net_src comp="5296" pin="1"/><net_sink comp="3442" pin=0"/></net>

<net id="5304"><net_src comp="1831" pin="2"/><net_sink comp="5301" pin=0"/></net>

<net id="5305"><net_src comp="5301" pin="1"/><net_sink comp="3455" pin=0"/></net>

<net id="5309"><net_src comp="1837" pin="2"/><net_sink comp="5306" pin=0"/></net>

<net id="5310"><net_src comp="5306" pin="1"/><net_sink comp="3458" pin=0"/></net>

<net id="5314"><net_src comp="1843" pin="2"/><net_sink comp="5311" pin=0"/></net>

<net id="5315"><net_src comp="5311" pin="1"/><net_sink comp="3481" pin=0"/></net>

<net id="5319"><net_src comp="1849" pin="2"/><net_sink comp="5316" pin=0"/></net>

<net id="5320"><net_src comp="5316" pin="1"/><net_sink comp="3484" pin=0"/></net>

<net id="5324"><net_src comp="1855" pin="2"/><net_sink comp="5321" pin=0"/></net>

<net id="5325"><net_src comp="5321" pin="1"/><net_sink comp="3497" pin=0"/></net>

<net id="5329"><net_src comp="1861" pin="2"/><net_sink comp="5326" pin=0"/></net>

<net id="5330"><net_src comp="5326" pin="1"/><net_sink comp="3500" pin=0"/></net>

<net id="5334"><net_src comp="2066" pin="2"/><net_sink comp="5331" pin=0"/></net>

<net id="5335"><net_src comp="5331" pin="1"/><net_sink comp="3529" pin=0"/></net>

<net id="5339"><net_src comp="2072" pin="2"/><net_sink comp="5336" pin=0"/></net>

<net id="5340"><net_src comp="5336" pin="1"/><net_sink comp="3532" pin=0"/></net>

<net id="5344"><net_src comp="2078" pin="2"/><net_sink comp="5341" pin=0"/></net>

<net id="5345"><net_src comp="5341" pin="1"/><net_sink comp="3545" pin=0"/></net>

<net id="5349"><net_src comp="2084" pin="2"/><net_sink comp="5346" pin=0"/></net>

<net id="5350"><net_src comp="5346" pin="1"/><net_sink comp="3548" pin=0"/></net>

<net id="5354"><net_src comp="2090" pin="2"/><net_sink comp="5351" pin=0"/></net>

<net id="5355"><net_src comp="5351" pin="1"/><net_sink comp="3571" pin=0"/></net>

<net id="5359"><net_src comp="2096" pin="2"/><net_sink comp="5356" pin=0"/></net>

<net id="5360"><net_src comp="5356" pin="1"/><net_sink comp="3574" pin=0"/></net>

<net id="5364"><net_src comp="2102" pin="2"/><net_sink comp="5361" pin=0"/></net>

<net id="5365"><net_src comp="5361" pin="1"/><net_sink comp="3587" pin=0"/></net>

<net id="5369"><net_src comp="2108" pin="2"/><net_sink comp="5366" pin=0"/></net>

<net id="5370"><net_src comp="5366" pin="1"/><net_sink comp="3590" pin=0"/></net>

<net id="5374"><net_src comp="2313" pin="2"/><net_sink comp="5371" pin=0"/></net>

<net id="5375"><net_src comp="5371" pin="1"/><net_sink comp="3619" pin=0"/></net>

<net id="5379"><net_src comp="2319" pin="2"/><net_sink comp="5376" pin=0"/></net>

<net id="5380"><net_src comp="5376" pin="1"/><net_sink comp="3622" pin=0"/></net>

<net id="5384"><net_src comp="2325" pin="2"/><net_sink comp="5381" pin=0"/></net>

<net id="5385"><net_src comp="5381" pin="1"/><net_sink comp="3635" pin=0"/></net>

<net id="5389"><net_src comp="2331" pin="2"/><net_sink comp="5386" pin=0"/></net>

<net id="5390"><net_src comp="5386" pin="1"/><net_sink comp="3638" pin=0"/></net>

<net id="5394"><net_src comp="2337" pin="2"/><net_sink comp="5391" pin=0"/></net>

<net id="5395"><net_src comp="5391" pin="1"/><net_sink comp="3661" pin=0"/></net>

<net id="5399"><net_src comp="2343" pin="2"/><net_sink comp="5396" pin=0"/></net>

<net id="5400"><net_src comp="5396" pin="1"/><net_sink comp="3664" pin=0"/></net>

<net id="5404"><net_src comp="2349" pin="2"/><net_sink comp="5401" pin=0"/></net>

<net id="5405"><net_src comp="5401" pin="1"/><net_sink comp="3677" pin=0"/></net>

<net id="5409"><net_src comp="2355" pin="2"/><net_sink comp="5406" pin=0"/></net>

<net id="5410"><net_src comp="5406" pin="1"/><net_sink comp="3680" pin=0"/></net>

<net id="5414"><net_src comp="2560" pin="2"/><net_sink comp="5411" pin=0"/></net>

<net id="5415"><net_src comp="5411" pin="1"/><net_sink comp="3709" pin=0"/></net>

<net id="5419"><net_src comp="2566" pin="2"/><net_sink comp="5416" pin=0"/></net>

<net id="5420"><net_src comp="5416" pin="1"/><net_sink comp="3712" pin=0"/></net>

<net id="5424"><net_src comp="2572" pin="2"/><net_sink comp="5421" pin=0"/></net>

<net id="5425"><net_src comp="5421" pin="1"/><net_sink comp="3725" pin=0"/></net>

<net id="5429"><net_src comp="2578" pin="2"/><net_sink comp="5426" pin=0"/></net>

<net id="5430"><net_src comp="5426" pin="1"/><net_sink comp="3728" pin=0"/></net>

<net id="5434"><net_src comp="2584" pin="2"/><net_sink comp="5431" pin=0"/></net>

<net id="5435"><net_src comp="5431" pin="1"/><net_sink comp="3751" pin=0"/></net>

<net id="5439"><net_src comp="2590" pin="2"/><net_sink comp="5436" pin=0"/></net>

<net id="5440"><net_src comp="5436" pin="1"/><net_sink comp="3754" pin=0"/></net>

<net id="5444"><net_src comp="2596" pin="2"/><net_sink comp="5441" pin=0"/></net>

<net id="5445"><net_src comp="5441" pin="1"/><net_sink comp="3767" pin=0"/></net>

<net id="5449"><net_src comp="2602" pin="2"/><net_sink comp="5446" pin=0"/></net>

<net id="5450"><net_src comp="5446" pin="1"/><net_sink comp="3770" pin=0"/></net>

<net id="5454"><net_src comp="2807" pin="2"/><net_sink comp="5451" pin=0"/></net>

<net id="5455"><net_src comp="5451" pin="1"/><net_sink comp="3799" pin=0"/></net>

<net id="5459"><net_src comp="2813" pin="2"/><net_sink comp="5456" pin=0"/></net>

<net id="5460"><net_src comp="5456" pin="1"/><net_sink comp="3802" pin=0"/></net>

<net id="5464"><net_src comp="2819" pin="2"/><net_sink comp="5461" pin=0"/></net>

<net id="5465"><net_src comp="5461" pin="1"/><net_sink comp="3815" pin=0"/></net>

<net id="5469"><net_src comp="2825" pin="2"/><net_sink comp="5466" pin=0"/></net>

<net id="5470"><net_src comp="5466" pin="1"/><net_sink comp="3818" pin=0"/></net>

<net id="5474"><net_src comp="2831" pin="2"/><net_sink comp="5471" pin=0"/></net>

<net id="5475"><net_src comp="5471" pin="1"/><net_sink comp="3841" pin=0"/></net>

<net id="5479"><net_src comp="2837" pin="2"/><net_sink comp="5476" pin=0"/></net>

<net id="5480"><net_src comp="5476" pin="1"/><net_sink comp="3844" pin=0"/></net>

<net id="5484"><net_src comp="2843" pin="2"/><net_sink comp="5481" pin=0"/></net>

<net id="5485"><net_src comp="5481" pin="1"/><net_sink comp="3857" pin=0"/></net>

<net id="5489"><net_src comp="2849" pin="2"/><net_sink comp="5486" pin=0"/></net>

<net id="5490"><net_src comp="5486" pin="1"/><net_sink comp="3860" pin=0"/></net>

<net id="5494"><net_src comp="3054" pin="2"/><net_sink comp="5491" pin=0"/></net>

<net id="5495"><net_src comp="5491" pin="1"/><net_sink comp="3889" pin=0"/></net>

<net id="5499"><net_src comp="3060" pin="2"/><net_sink comp="5496" pin=0"/></net>

<net id="5500"><net_src comp="5496" pin="1"/><net_sink comp="3892" pin=0"/></net>

<net id="5504"><net_src comp="3066" pin="2"/><net_sink comp="5501" pin=0"/></net>

<net id="5505"><net_src comp="5501" pin="1"/><net_sink comp="3905" pin=0"/></net>

<net id="5509"><net_src comp="3072" pin="2"/><net_sink comp="5506" pin=0"/></net>

<net id="5510"><net_src comp="5506" pin="1"/><net_sink comp="3908" pin=0"/></net>

<net id="5514"><net_src comp="3078" pin="2"/><net_sink comp="5511" pin=0"/></net>

<net id="5515"><net_src comp="5511" pin="1"/><net_sink comp="3931" pin=0"/></net>

<net id="5519"><net_src comp="3084" pin="2"/><net_sink comp="5516" pin=0"/></net>

<net id="5520"><net_src comp="5516" pin="1"/><net_sink comp="3934" pin=0"/></net>

<net id="5524"><net_src comp="3090" pin="2"/><net_sink comp="5521" pin=0"/></net>

<net id="5525"><net_src comp="5521" pin="1"/><net_sink comp="3947" pin=0"/></net>

<net id="5529"><net_src comp="3096" pin="2"/><net_sink comp="5526" pin=0"/></net>

<net id="5530"><net_src comp="5526" pin="1"/><net_sink comp="3950" pin=0"/></net>

<net id="5534"><net_src comp="3301" pin="2"/><net_sink comp="5531" pin=0"/></net>

<net id="5535"><net_src comp="5531" pin="1"/><net_sink comp="3979" pin=0"/></net>

<net id="5539"><net_src comp="3307" pin="2"/><net_sink comp="5536" pin=0"/></net>

<net id="5540"><net_src comp="5536" pin="1"/><net_sink comp="3982" pin=0"/></net>

<net id="5544"><net_src comp="3313" pin="2"/><net_sink comp="5541" pin=0"/></net>

<net id="5545"><net_src comp="5541" pin="1"/><net_sink comp="3995" pin=0"/></net>

<net id="5549"><net_src comp="3319" pin="2"/><net_sink comp="5546" pin=0"/></net>

<net id="5550"><net_src comp="5546" pin="1"/><net_sink comp="3998" pin=0"/></net>

<net id="5554"><net_src comp="3325" pin="2"/><net_sink comp="5551" pin=0"/></net>

<net id="5555"><net_src comp="5551" pin="1"/><net_sink comp="4021" pin=0"/></net>

<net id="5559"><net_src comp="3331" pin="2"/><net_sink comp="5556" pin=0"/></net>

<net id="5560"><net_src comp="5556" pin="1"/><net_sink comp="4024" pin=0"/></net>

<net id="5564"><net_src comp="3337" pin="2"/><net_sink comp="5561" pin=0"/></net>

<net id="5565"><net_src comp="5561" pin="1"/><net_sink comp="4037" pin=0"/></net>

<net id="5569"><net_src comp="3343" pin="2"/><net_sink comp="5566" pin=0"/></net>

<net id="5570"><net_src comp="5566" pin="1"/><net_sink comp="4040" pin=0"/></net>

<net id="5574"><net_src comp="4101" pin="2"/><net_sink comp="5571" pin=0"/></net>

<net id="5575"><net_src comp="5571" pin="1"/><net_sink comp="4125" pin=0"/></net>

<net id="5579"><net_src comp="4107" pin="2"/><net_sink comp="5576" pin=0"/></net>

<net id="5580"><net_src comp="5576" pin="1"/><net_sink comp="4128" pin=0"/></net>

<net id="5584"><net_src comp="4113" pin="2"/><net_sink comp="5581" pin=0"/></net>

<net id="5585"><net_src comp="5581" pin="1"/><net_sink comp="4141" pin=0"/></net>

<net id="5589"><net_src comp="4119" pin="2"/><net_sink comp="5586" pin=0"/></net>

<net id="5590"><net_src comp="5586" pin="1"/><net_sink comp="4144" pin=0"/></net>

<net id="5594"><net_src comp="4157" pin="2"/><net_sink comp="5591" pin=0"/></net>

<net id="5595"><net_src comp="5591" pin="1"/><net_sink comp="4167" pin=1"/></net>

<net id="5599"><net_src comp="4180" pin="1"/><net_sink comp="5596" pin=0"/></net>

<net id="5600"><net_src comp="5596" pin="1"/><net_sink comp="1234" pin=1"/></net>

<net id="5604"><net_src comp="1227" pin="3"/><net_sink comp="5601" pin=0"/></net>

<net id="5605"><net_src comp="5601" pin="1"/><net_sink comp="1234" pin=0"/></net>

</net_list>

</model> 
---------------- Datapath Model END ------------------

* FSMD analyzer results:
  - Output states:
	Port: l2_out | {5 6 }
	Port: l2_bits_63_out | {5 }
	Port: l2_bits_62_out | {5 }
	Port: l2_bits_61_out | {5 }
	Port: l2_bits_60_out | {5 }
	Port: l2_bits_59_out | {5 }
	Port: l2_bits_58_out | {5 }
	Port: l2_bits_57_out | {5 }
	Port: l2_bits_56_out | {5 }
	Port: l2_bits_55_out | {5 }
	Port: l2_bits_54_out | {5 }
	Port: l2_bits_53_out | {5 }
	Port: l2_bits_52_out | {5 }
	Port: l2_bits_51_out | {5 }
	Port: l2_bits_50_out | {5 }
	Port: l2_bits_49_out | {5 }
	Port: l2_bits_48_out | {5 }
	Port: l2_bits_47_out | {5 }
	Port: l2_bits_46_out | {5 }
	Port: l2_bits_45_out | {5 }
	Port: l2_bits_44_out | {5 }
	Port: l2_bits_43_out | {5 }
	Port: l2_bits_42_out | {5 }
	Port: l2_bits_41_out | {5 }
	Port: l2_bits_40_out | {5 }
	Port: l2_bits_39_out | {5 }
	Port: l2_bits_38_out | {5 }
	Port: l2_bits_37_out | {5 }
	Port: l2_bits_36_out | {5 }
	Port: l2_bits_35_out | {5 }
	Port: l2_bits_34_out | {5 }
	Port: l2_bits_33_out | {5 }
	Port: l2_bits_32_out | {5 }
	Port: l2_bits_31_out | {5 }
	Port: l2_bits_30_out | {5 }
	Port: l2_bits_29_out | {5 }
	Port: l2_bits_28_out | {5 }
	Port: l2_bits_27_out | {5 }
	Port: l2_bits_26_out | {5 }
	Port: l2_bits_25_out | {5 }
	Port: l2_bits_24_out | {5 }
	Port: l2_bits_23_out | {5 }
	Port: l2_bits_22_out | {5 }
	Port: l2_bits_21_out | {5 }
	Port: l2_bits_20_out | {5 }
	Port: l2_bits_19_out | {5 }
	Port: l2_bits_18_out | {5 }
	Port: l2_bits_17_out | {5 }
	Port: l2_bits_16_out | {5 }
	Port: l2_bits_15_out | {5 }
	Port: l2_bits_14_out | {5 }
	Port: l2_bits_13_out | {5 }
	Port: l2_bits_12_out | {5 }
	Port: l2_bits_11_out | {5 }
	Port: l2_bits_10_out | {5 }
	Port: l2_bits_9_out | {5 }
	Port: l2_bits_8_out | {5 }
	Port: l2_bits_7_out | {5 }
	Port: l2_bits_6_out | {5 }
	Port: l2_bits_5_out | {5 }
	Port: l2_bits_4_out | {5 }
	Port: l2_bits_3_out | {5 }
	Port: l2_bits_2_out | {5 }
	Port: l2_bits_1_out | {5 }
	Port: l2_bits_out | {5 }
	Port: w2 | {}
 - Input state : 
	Port: bnn_Pipeline_l2_loop : p_0_028288_reload | {1 }
	Port: bnn_Pipeline_l2_loop : p_0_0282_190_reload | {1 }
	Port: bnn_Pipeline_l2_loop : p_0_0282_292_reload | {1 }
	Port: bnn_Pipeline_l2_loop : p_0_0282_394_reload | {1 }
	Port: bnn_Pipeline_l2_loop : p_0_0282_496_reload | {1 }
	Port: bnn_Pipeline_l2_loop : p_0_0282_598_reload | {1 }
	Port: bnn_Pipeline_l2_loop : p_0_0282_6100_reload | {1 }
	Port: bnn_Pipeline_l2_loop : p_0_0282_7102_reload | {1 }
	Port: bnn_Pipeline_l2_loop : l2_out | {}
	Port: bnn_Pipeline_l2_loop : w2 | {1 2 }
  - Chain level:
	State 1
		store_ln120 : 1
		n : 1
		icmp_ln120 : 2
		add_ln120 : 2
		br_ln120 : 3
		trunc_ln120 : 2
		shl_ln1 : 3
		zext_ln60 : 4
		w2_addr : 5
		w2_load : 6
		or_ln : 3
		zext_ln60_4 : 4
		w2_addr_1 : 5
		w2_load_1 : 6
		or_ln60_1 : 3
		zext_ln60_5 : 4
		w2_addr_2 : 5
		w2_load_2 : 6
		or_ln60_2 : 3
		zext_ln60_6 : 4
		w2_addr_3 : 5
		w2_load_3 : 6
		or_ln60_3 : 3
		zext_ln60_7 : 4
		w2_addr_4 : 5
		w2_load_4 : 6
		or_ln60_4 : 3
		zext_ln60_8 : 4
		w2_addr_5 : 5
		w2_load_5 : 6
		or_ln60_5 : 3
		zext_ln60_9 : 4
		w2_addr_6 : 5
		w2_load_6 : 6
		or_ln60_6 : 3
		zext_ln60_10 : 4
		w2_addr_7 : 5
		w2_load_7 : 6
		switch_ln129 : 3
		store_ln120 : 3
	State 2
		zext_ln8 : 1
		zext_ln11 : 1
		zext_ln11_116 : 1
		zext_ln11_117 : 1
		zext_ln11_118 : 1
		zext_ln11_119 : 1
		zext_ln11_120 : 1
		zext_ln11_121 : 1
		zext_ln11_122 : 1
		zext_ln11_123 : 1
		zext_ln11_124 : 1
		zext_ln11_125 : 1
		zext_ln11_126 : 1
		zext_ln11_127 : 1
		zext_ln11_128 : 1
		zext_ln11_129 : 1
		add_ln11 : 2
		add_ln11_60 : 2
		add_ln11_62 : 2
		add_ln11_63 : 2
		add_ln11_66 : 2
		add_ln11_67 : 2
		add_ln11_69 : 2
		add_ln11_70 : 2
		zext_ln8_4 : 1
		zext_ln11_144 : 1
		zext_ln11_145 : 1
		zext_ln11_146 : 1
		zext_ln11_147 : 1
		zext_ln11_148 : 1
		zext_ln11_149 : 1
		zext_ln11_150 : 1
		zext_ln11_151 : 1
		zext_ln11_152 : 1
		zext_ln11_153 : 1
		zext_ln11_154 : 1
		zext_ln11_155 : 1
		zext_ln11_156 : 1
		zext_ln11_157 : 1
		zext_ln11_158 : 1
		add_ln11_74 : 2
		add_ln11_75 : 2
		add_ln11_77 : 2
		add_ln11_78 : 2
		add_ln11_81 : 2
		add_ln11_82 : 2
		add_ln11_84 : 2
		add_ln11_85 : 2
		zext_ln8_5 : 1
		zext_ln11_173 : 1
		zext_ln11_174 : 1
		zext_ln11_175 : 1
		zext_ln11_176 : 1
		zext_ln11_177 : 1
		zext_ln11_178 : 1
		zext_ln11_179 : 1
		zext_ln11_180 : 1
		zext_ln11_181 : 1
		zext_ln11_182 : 1
		zext_ln11_183 : 1
		zext_ln11_184 : 1
		zext_ln11_185 : 1
		zext_ln11_186 : 1
		zext_ln11_187 : 1
		add_ln11_89 : 2
		add_ln11_90 : 2
		add_ln11_92 : 2
		add_ln11_93 : 2
		add_ln11_96 : 2
		add_ln11_97 : 2
		add_ln11_99 : 2
		add_ln11_100 : 2
		zext_ln8_6 : 1
		zext_ln11_202 : 1
		zext_ln11_203 : 1
		zext_ln11_204 : 1
		zext_ln11_205 : 1
		zext_ln11_206 : 1
		zext_ln11_207 : 1
		zext_ln11_208 : 1
		zext_ln11_209 : 1
		zext_ln11_210 : 1
		zext_ln11_211 : 1
		zext_ln11_212 : 1
		zext_ln11_213 : 1
		zext_ln11_214 : 1
		zext_ln11_215 : 1
		zext_ln11_216 : 1
		add_ln11_104 : 2
		add_ln11_105 : 2
		add_ln11_107 : 2
		add_ln11_108 : 2
		add_ln11_111 : 2
		add_ln11_112 : 2
		add_ln11_114 : 2
		add_ln11_115 : 2
		zext_ln8_7 : 1
		zext_ln11_231 : 1
		zext_ln11_232 : 1
		zext_ln11_233 : 1
		zext_ln11_234 : 1
		zext_ln11_235 : 1
		zext_ln11_236 : 1
		zext_ln11_237 : 1
		zext_ln11_238 : 1
		zext_ln11_239 : 1
		zext_ln11_240 : 1
		zext_ln11_241 : 1
		zext_ln11_242 : 1
		zext_ln11_243 : 1
		zext_ln11_244 : 1
		zext_ln11_245 : 1
		add_ln11_119 : 2
		add_ln11_120 : 2
		add_ln11_122 : 2
		add_ln11_123 : 2
		add_ln11_126 : 2
		add_ln11_127 : 2
		add_ln11_129 : 2
		add_ln11_130 : 2
		zext_ln8_8 : 1
		zext_ln11_260 : 1
		zext_ln11_261 : 1
		zext_ln11_262 : 1
		zext_ln11_263 : 1
		zext_ln11_264 : 1
		zext_ln11_265 : 1
		zext_ln11_266 : 1
		zext_ln11_267 : 1
		zext_ln11_268 : 1
		zext_ln11_269 : 1
		zext_ln11_270 : 1
		zext_ln11_271 : 1
		zext_ln11_272 : 1
		zext_ln11_273 : 1
		zext_ln11_274 : 1
		add_ln11_134 : 2
		add_ln11_135 : 2
		add_ln11_137 : 2
		add_ln11_138 : 2
		add_ln11_141 : 2
		add_ln11_142 : 2
		add_ln11_144 : 2
		add_ln11_145 : 2
		zext_ln8_9 : 1
		zext_ln11_289 : 1
		zext_ln11_290 : 1
		zext_ln11_291 : 1
		zext_ln11_292 : 1
		zext_ln11_293 : 1
		zext_ln11_294 : 1
		zext_ln11_295 : 1
		zext_ln11_296 : 1
		zext_ln11_297 : 1
		zext_ln11_298 : 1
		zext_ln11_299 : 1
		zext_ln11_300 : 1
		zext_ln11_301 : 1
		zext_ln11_302 : 1
		zext_ln11_303 : 1
		add_ln11_149 : 2
		add_ln11_150 : 2
		add_ln11_152 : 2
		add_ln11_153 : 2
		add_ln11_156 : 2
		add_ln11_157 : 2
		add_ln11_159 : 2
		add_ln11_160 : 2
		zext_ln8_10 : 1
		zext_ln11_318 : 1
		zext_ln11_319 : 1
		zext_ln11_320 : 1
		zext_ln11_321 : 1
		zext_ln11_322 : 1
		zext_ln11_323 : 1
		zext_ln11_324 : 1
		zext_ln11_325 : 1
		zext_ln11_326 : 1
		zext_ln11_327 : 1
		zext_ln11_328 : 1
		zext_ln11_329 : 1
		zext_ln11_330 : 1
		zext_ln11_331 : 1
		zext_ln11_332 : 1
		add_ln11_164 : 2
		add_ln11_165 : 2
		add_ln11_167 : 2
		add_ln11_168 : 2
		add_ln11_171 : 2
		add_ln11_172 : 2
		add_ln11_174 : 2
		add_ln11_175 : 2
	State 3
		add_ln11_61 : 1
		zext_ln11_132 : 2
		add_ln11_64 : 1
		zext_ln11_135 : 2
		add_ln11_65 : 3
		zext_ln11_136 : 4
		add_ln11_68 : 1
		zext_ln11_139 : 2
		add_ln11_71 : 1
		zext_ln11_142 : 2
		add_ln11_72 : 3
		zext_ln11_143 : 4
		cnt_8 : 5
		add_ln11_76 : 1
		zext_ln11_161 : 2
		add_ln11_79 : 1
		zext_ln11_164 : 2
		add_ln11_80 : 3
		zext_ln11_165 : 4
		add_ln11_83 : 1
		zext_ln11_168 : 2
		add_ln11_86 : 1
		zext_ln11_171 : 2
		add_ln11_87 : 3
		zext_ln11_172 : 4
		cnt_10 : 5
		add_ln11_91 : 1
		zext_ln11_190 : 2
		add_ln11_94 : 1
		zext_ln11_193 : 2
		add_ln11_95 : 3
		zext_ln11_194 : 4
		add_ln11_98 : 1
		zext_ln11_197 : 2
		add_ln11_101 : 1
		zext_ln11_200 : 2
		add_ln11_102 : 3
		zext_ln11_201 : 4
		cnt_12 : 5
		add_ln11_106 : 1
		zext_ln11_219 : 2
		add_ln11_109 : 1
		zext_ln11_222 : 2
		add_ln11_110 : 3
		zext_ln11_223 : 4
		add_ln11_113 : 1
		zext_ln11_226 : 2
		add_ln11_116 : 1
		zext_ln11_229 : 2
		add_ln11_117 : 3
		zext_ln11_230 : 4
		cnt_14 : 5
		add_ln11_121 : 1
		zext_ln11_248 : 2
		add_ln11_124 : 1
		zext_ln11_251 : 2
		add_ln11_125 : 3
		zext_ln11_252 : 4
		add_ln11_128 : 1
		zext_ln11_255 : 2
		add_ln11_131 : 1
		zext_ln11_258 : 2
		add_ln11_132 : 3
		zext_ln11_259 : 4
		cnt_16 : 5
		add_ln11_136 : 1
		zext_ln11_277 : 2
		add_ln11_139 : 1
		zext_ln11_280 : 2
		add_ln11_140 : 3
		zext_ln11_281 : 4
		add_ln11_143 : 1
		zext_ln11_284 : 2
		add_ln11_146 : 1
		zext_ln11_287 : 2
		add_ln11_147 : 3
		zext_ln11_288 : 4
		cnt_18 : 5
		add_ln11_151 : 1
		zext_ln11_306 : 2
		add_ln11_154 : 1
		zext_ln11_309 : 2
		add_ln11_155 : 3
		zext_ln11_310 : 4
		add_ln11_158 : 1
		zext_ln11_313 : 2
		add_ln11_161 : 1
		zext_ln11_316 : 2
		add_ln11_162 : 3
		zext_ln11_317 : 4
		cnt_20 : 5
		add_ln11_166 : 1
		zext_ln11_335 : 2
		add_ln11_169 : 1
		zext_ln11_338 : 2
		add_ln11_170 : 3
		zext_ln11_339 : 4
		add_ln11_173 : 1
		zext_ln11_342 : 2
		add_ln11_176 : 1
		zext_ln11_345 : 2
		add_ln11_177 : 3
		zext_ln11_346 : 4
		cnt_22 : 5
		zext_ln61 : 6
		zext_ln61_3 : 6
		zext_ln61_4 : 6
		zext_ln61_5 : 6
		zext_ln61_6 : 6
		zext_ln61_7 : 6
		zext_ln61_8 : 6
		zext_ln64 : 6
		add_ln64 : 7
		add_ln64_4 : 7
		add_ln64_6 : 7
		add_ln64_7 : 7
	State 4
		add_ln64_5 : 1
		zext_ln64_5 : 2
		add_ln64_8 : 1
		zext_ln64_8 : 2
		add_ln64_2 : 3
	State 5
		dot : 1
		sext_ln123 : 2
		l2_out_addr : 1
		store_ln126 : 3
		l2_bits_64 : 2
		store_ln116 : 3
		store_ln116 : 3
		store_ln116 : 3
		store_ln116 : 3
		store_ln116 : 3
		store_ln116 : 3
		store_ln116 : 3
		store_ln116 : 3
		store_ln116 : 3
		store_ln116 : 3
		store_ln116 : 3
		store_ln116 : 3
		store_ln116 : 3
		store_ln116 : 3
		store_ln116 : 3
		store_ln116 : 3
		store_ln116 : 3
		store_ln116 : 3
		store_ln116 : 3
		store_ln116 : 3
		store_ln116 : 3
		store_ln116 : 3
		store_ln116 : 3
		store_ln116 : 3
		store_ln116 : 3
		store_ln116 : 3
		store_ln116 : 3
		store_ln116 : 3
		store_ln116 : 3
		store_ln116 : 3
		store_ln116 : 3
		store_ln116 : 3
		store_ln116 : 3
		store_ln116 : 3
		store_ln116 : 3
		store_ln116 : 3
		store_ln116 : 3
		store_ln116 : 3
		store_ln116 : 3
		store_ln116 : 3
		store_ln116 : 3
		store_ln116 : 3
		store_ln116 : 3
		store_ln116 : 3
		store_ln116 : 3
		store_ln116 : 3
		store_ln116 : 3
		store_ln116 : 3
		store_ln116 : 3
		store_ln116 : 3
		store_ln116 : 3
		store_ln116 : 3
		store_ln116 : 3
		store_ln116 : 3
		store_ln116 : 3
		store_ln116 : 3
		store_ln116 : 3
		store_ln116 : 3
		store_ln116 : 3
		store_ln116 : 3
		store_ln116 : 3
		store_ln116 : 3
		store_ln116 : 3
		store_ln116 : 3
		write_ln0 : 1
		write_ln0 : 1
		write_ln0 : 1
		write_ln0 : 1
		write_ln0 : 1
		write_ln0 : 1
		write_ln0 : 1
		write_ln0 : 1
		write_ln0 : 1
		write_ln0 : 1
		write_ln0 : 1
		write_ln0 : 1
		write_ln0 : 1
		write_ln0 : 1
		write_ln0 : 1
		write_ln0 : 1
		write_ln0 : 1
		write_ln0 : 1
		write_ln0 : 1
		write_ln0 : 1
		write_ln0 : 1
		write_ln0 : 1
		write_ln0 : 1
		write_ln0 : 1
		write_ln0 : 1
		write_ln0 : 1
		write_ln0 : 1
		write_ln0 : 1
		write_ln0 : 1
		write_ln0 : 1
		write_ln0 : 1
		write_ln0 : 1
		write_ln0 : 1
		write_ln0 : 1
		write_ln0 : 1
		write_ln0 : 1
		write_ln0 : 1
		write_ln0 : 1
		write_ln0 : 1
		write_ln0 : 1
		write_ln0 : 1
		write_ln0 : 1
		write_ln0 : 1
		write_ln0 : 1
		write_ln0 : 1
		write_ln0 : 1
		write_ln0 : 1
		write_ln0 : 1
		write_ln0 : 1
		write_ln0 : 1
		write_ln0 : 1
		write_ln0 : 1
		write_ln0 : 1
		write_ln0 : 1
		write_ln0 : 1
		write_ln0 : 1
		write_ln0 : 1
		write_ln0 : 1
		write_ln0 : 1
		write_ln0 : 1
		write_ln0 : 1
		write_ln0 : 1
		write_ln0 : 1
		write_ln0 : 1
	State 6


============================================================
+ Verbose Summary: Datapath Resource usage 
============================================================

* Functional unit list:
|----------|---------------------------------------|---------|---------|
| Operation|            Functional Unit            |    FF   |   LUT   |
|----------|---------------------------------------|---------|---------|
|          |           add_ln120_fu_1254           |    0    |    14   |
|          |            add_ln11_fu_1572           |    0    |    10   |
|          |          add_ln11_60_fu_1578          |    0    |    10   |
|          |          add_ln11_62_fu_1584          |    0    |    10   |
|          |          add_ln11_63_fu_1590          |    0    |    10   |
|          |          add_ln11_66_fu_1596          |    0    |    10   |
|          |          add_ln11_67_fu_1602          |    0    |    10   |
|          |          add_ln11_69_fu_1608          |    0    |    10   |
|          |          add_ln11_70_fu_1614          |    0    |    10   |
|          |          add_ln11_74_fu_1819          |    0    |    10   |
|          |          add_ln11_75_fu_1825          |    0    |    10   |
|          |          add_ln11_77_fu_1831          |    0    |    10   |
|          |          add_ln11_78_fu_1837          |    0    |    10   |
|          |          add_ln11_81_fu_1843          |    0    |    10   |
|          |          add_ln11_82_fu_1849          |    0    |    10   |
|          |          add_ln11_84_fu_1855          |    0    |    10   |
|          |          add_ln11_85_fu_1861          |    0    |    10   |
|          |          add_ln11_89_fu_2066          |    0    |    10   |
|          |          add_ln11_90_fu_2072          |    0    |    10   |
|          |          add_ln11_92_fu_2078          |    0    |    10   |
|          |          add_ln11_93_fu_2084          |    0    |    10   |
|          |          add_ln11_96_fu_2090          |    0    |    10   |
|          |          add_ln11_97_fu_2096          |    0    |    10   |
|          |          add_ln11_99_fu_2102          |    0    |    10   |
|          |          add_ln11_100_fu_2108         |    0    |    10   |
|          |          add_ln11_104_fu_2313         |    0    |    10   |
|          |          add_ln11_105_fu_2319         |    0    |    10   |
|          |          add_ln11_107_fu_2325         |    0    |    10   |
|          |          add_ln11_108_fu_2331         |    0    |    10   |
|          |          add_ln11_111_fu_2337         |    0    |    10   |
|          |          add_ln11_112_fu_2343         |    0    |    10   |
|          |          add_ln11_114_fu_2349         |    0    |    10   |
|          |          add_ln11_115_fu_2355         |    0    |    10   |
|          |          add_ln11_119_fu_2560         |    0    |    10   |
|          |          add_ln11_120_fu_2566         |    0    |    10   |
|          |          add_ln11_122_fu_2572         |    0    |    10   |
|          |          add_ln11_123_fu_2578         |    0    |    10   |
|          |          add_ln11_126_fu_2584         |    0    |    10   |
|          |          add_ln11_127_fu_2590         |    0    |    10   |
|          |          add_ln11_129_fu_2596         |    0    |    10   |
|          |          add_ln11_130_fu_2602         |    0    |    10   |
|          |          add_ln11_134_fu_2807         |    0    |    10   |
|          |          add_ln11_135_fu_2813         |    0    |    10   |
|          |          add_ln11_137_fu_2819         |    0    |    10   |
|          |          add_ln11_138_fu_2825         |    0    |    10   |
|          |          add_ln11_141_fu_2831         |    0    |    10   |
|          |          add_ln11_142_fu_2837         |    0    |    10   |
|          |          add_ln11_144_fu_2843         |    0    |    10   |
|          |          add_ln11_145_fu_2849         |    0    |    10   |
|          |          add_ln11_149_fu_3054         |    0    |    10   |
|          |          add_ln11_150_fu_3060         |    0    |    10   |
|          |          add_ln11_152_fu_3066         |    0    |    10   |
|          |          add_ln11_153_fu_3072         |    0    |    10   |
|          |          add_ln11_156_fu_3078         |    0    |    10   |
|          |          add_ln11_157_fu_3084         |    0    |    10   |
|          |          add_ln11_159_fu_3090         |    0    |    10   |
|          |          add_ln11_160_fu_3096         |    0    |    10   |
|          |          add_ln11_164_fu_3301         |    0    |    10   |
|          |          add_ln11_165_fu_3307         |    0    |    10   |
|          |          add_ln11_167_fu_3313         |    0    |    10   |
|          |          add_ln11_168_fu_3319         |    0    |    10   |
|          |          add_ln11_171_fu_3325         |    0    |    10   |
|          |          add_ln11_172_fu_3331         |    0    |    10   |
|          |          add_ln11_174_fu_3337         |    0    |    10   |
|    add   |          add_ln11_175_fu_3343         |    0    |    10   |
|          |          add_ln11_61_fu_3355          |    0    |    10   |
|          |          add_ln11_64_fu_3371          |    0    |    10   |
|          |          add_ln11_65_fu_3381          |    0    |    11   |
|          |          add_ln11_68_fu_3397          |    0    |    10   |
|          |          add_ln11_71_fu_3413          |    0    |    10   |
|          |          add_ln11_72_fu_3423          |    0    |    11   |
|          |             cnt_8_fu_3433             |    0    |    13   |
|          |          add_ln11_76_fu_3445          |    0    |    10   |
|          |          add_ln11_79_fu_3461          |    0    |    10   |
|          |          add_ln11_80_fu_3471          |    0    |    11   |
|          |          add_ln11_83_fu_3487          |    0    |    10   |
|          |          add_ln11_86_fu_3503          |    0    |    10   |
|          |          add_ln11_87_fu_3513          |    0    |    11   |
|          |             cnt_10_fu_3523            |    0    |    13   |
|          |          add_ln11_91_fu_3535          |    0    |    10   |
|          |          add_ln11_94_fu_3551          |    0    |    10   |
|          |          add_ln11_95_fu_3561          |    0    |    11   |
|          |          add_ln11_98_fu_3577          |    0    |    10   |
|          |          add_ln11_101_fu_3593         |    0    |    10   |
|          |          add_ln11_102_fu_3603         |    0    |    11   |
|          |             cnt_12_fu_3613            |    0    |    13   |
|          |          add_ln11_106_fu_3625         |    0    |    10   |
|          |          add_ln11_109_fu_3641         |    0    |    10   |
|          |          add_ln11_110_fu_3651         |    0    |    11   |
|          |          add_ln11_113_fu_3667         |    0    |    10   |
|          |          add_ln11_116_fu_3683         |    0    |    10   |
|          |          add_ln11_117_fu_3693         |    0    |    11   |
|          |             cnt_14_fu_3703            |    0    |    13   |
|          |          add_ln11_121_fu_3715         |    0    |    10   |
|          |          add_ln11_124_fu_3731         |    0    |    10   |
|          |          add_ln11_125_fu_3741         |    0    |    11   |
|          |          add_ln11_128_fu_3757         |    0    |    10   |
|          |          add_ln11_131_fu_3773         |    0    |    10   |
|          |          add_ln11_132_fu_3783         |    0    |    11   |
|          |             cnt_16_fu_3793            |    0    |    13   |
|          |          add_ln11_136_fu_3805         |    0    |    10   |
|          |          add_ln11_139_fu_3821         |    0    |    10   |
|          |          add_ln11_140_fu_3831         |    0    |    11   |
|          |          add_ln11_143_fu_3847         |    0    |    10   |
|          |          add_ln11_146_fu_3863         |    0    |    10   |
|          |          add_ln11_147_fu_3873         |    0    |    11   |
|          |             cnt_18_fu_3883            |    0    |    13   |
|          |          add_ln11_151_fu_3895         |    0    |    10   |
|          |          add_ln11_154_fu_3911         |    0    |    10   |
|          |          add_ln11_155_fu_3921         |    0    |    11   |
|          |          add_ln11_158_fu_3937         |    0    |    10   |
|          |          add_ln11_161_fu_3953         |    0    |    10   |
|          |          add_ln11_162_fu_3963         |    0    |    11   |
|          |             cnt_20_fu_3973            |    0    |    13   |
|          |          add_ln11_166_fu_3985         |    0    |    10   |
|          |          add_ln11_169_fu_4001         |    0    |    10   |
|          |          add_ln11_170_fu_4011         |    0    |    11   |
|          |          add_ln11_173_fu_4027         |    0    |    10   |
|          |          add_ln11_176_fu_4043         |    0    |    10   |
|          |          add_ln11_177_fu_4053         |    0    |    11   |
|          |             cnt_22_fu_4063            |    0    |    13   |
|          |            add_ln64_fu_4101           |    0    |    13   |
|          |           add_ln64_4_fu_4107          |    0    |    13   |
|          |           add_ln64_6_fu_4113          |    0    |    13   |
|          |           add_ln64_7_fu_4119          |    0    |    13   |
|          |           add_ln64_5_fu_4131          |    0    |    14   |
|          |           add_ln64_8_fu_4147          |    0    |    14   |
|          |           add_ln64_2_fu_4157          |    0    |    14   |
|          |              dot_fu_4174              |    0    |    14   |
|----------|---------------------------------------|---------|---------|
|          |            xor_ln60_fu_1373           |    0    |    16   |
|          |              xnor_fu_1378             |    0    |    16   |
|          |           xor_ln60_9_fu_1620          |    0    |    16   |
|          |             xnor_4_fu_1625            |    0    |    16   |
|          |          xor_ln60_11_fu_1867          |    0    |    16   |
|          |             xnor_5_fu_1872            |    0    |    16   |
|          |          xor_ln60_13_fu_2114          |    0    |    16   |
|    xor   |             xnor_6_fu_2119            |    0    |    16   |
|          |          xor_ln60_15_fu_2361          |    0    |    16   |
|          |             xnor_7_fu_2366            |    0    |    16   |
|          |          xor_ln60_17_fu_2608          |    0    |    16   |
|          |             xnor_8_fu_2613            |    0    |    16   |
|          |          xor_ln60_19_fu_2855          |    0    |    16   |
|          |             xnor_9_fu_2860            |    0    |    16   |
|          |          xor_ln60_21_fu_3102          |    0    |    16   |
|          |            xnor_10_fu_3107            |    0    |    16   |
|----------|---------------------------------------|---------|---------|
|   icmp   |           icmp_ln120_fu_1248          |    0    |    14   |
|          |           l2_bits_64_fu_4185          |    0    |    14   |
|----------|---------------------------------------|---------|---------|
|          | p_0_0282_7102_reload_read_read_fu_634 |    0    |    0    |
|          | p_0_0282_6100_reload_read_read_fu_640 |    0    |    0    |
|          |  p_0_0282_598_reload_read_read_fu_646 |    0    |    0    |
|   read   |  p_0_0282_496_reload_read_read_fu_652 |    0    |    0    |
|          |  p_0_0282_394_reload_read_read_fu_658 |    0    |    0    |
|          |  p_0_0282_292_reload_read_read_fu_664 |    0    |    0    |
|          |  p_0_0282_190_reload_read_read_fu_670 |    0    |    0    |
|          |   p_0_028288_reload_read_read_fu_676  |    0    |    0    |
|----------|---------------------------------------|---------|---------|
|          |         write_ln0_write_fu_682        |    0    |    0    |
|          |         write_ln0_write_fu_689        |    0    |    0    |
|          |         write_ln0_write_fu_696        |    0    |    0    |
|          |         write_ln0_write_fu_703        |    0    |    0    |
|          |         write_ln0_write_fu_710        |    0    |    0    |
|          |         write_ln0_write_fu_717        |    0    |    0    |
|          |         write_ln0_write_fu_724        |    0    |    0    |
|          |         write_ln0_write_fu_731        |    0    |    0    |
|          |         write_ln0_write_fu_738        |    0    |    0    |
|          |         write_ln0_write_fu_745        |    0    |    0    |
|          |         write_ln0_write_fu_752        |    0    |    0    |
|          |         write_ln0_write_fu_759        |    0    |    0    |
|          |         write_ln0_write_fu_766        |    0    |    0    |
|          |         write_ln0_write_fu_773        |    0    |    0    |
|          |         write_ln0_write_fu_780        |    0    |    0    |
|          |         write_ln0_write_fu_787        |    0    |    0    |
|          |         write_ln0_write_fu_794        |    0    |    0    |
|          |         write_ln0_write_fu_801        |    0    |    0    |
|          |         write_ln0_write_fu_808        |    0    |    0    |
|          |         write_ln0_write_fu_815        |    0    |    0    |
|          |         write_ln0_write_fu_822        |    0    |    0    |
|          |         write_ln0_write_fu_829        |    0    |    0    |
|          |         write_ln0_write_fu_836        |    0    |    0    |
|          |         write_ln0_write_fu_843        |    0    |    0    |
|          |         write_ln0_write_fu_850        |    0    |    0    |
|          |         write_ln0_write_fu_857        |    0    |    0    |
|          |         write_ln0_write_fu_864        |    0    |    0    |
|          |         write_ln0_write_fu_871        |    0    |    0    |
|          |         write_ln0_write_fu_878        |    0    |    0    |
|          |         write_ln0_write_fu_885        |    0    |    0    |
|          |         write_ln0_write_fu_892        |    0    |    0    |
|   write  |         write_ln0_write_fu_899        |    0    |    0    |
|          |         write_ln0_write_fu_906        |    0    |    0    |
|          |         write_ln0_write_fu_913        |    0    |    0    |
|          |         write_ln0_write_fu_920        |    0    |    0    |
|          |         write_ln0_write_fu_927        |    0    |    0    |
|          |         write_ln0_write_fu_934        |    0    |    0    |
|          |         write_ln0_write_fu_941        |    0    |    0    |
|          |         write_ln0_write_fu_948        |    0    |    0    |
|          |         write_ln0_write_fu_955        |    0    |    0    |
|          |         write_ln0_write_fu_962        |    0    |    0    |
|          |         write_ln0_write_fu_969        |    0    |    0    |
|          |         write_ln0_write_fu_976        |    0    |    0    |
|          |         write_ln0_write_fu_983        |    0    |    0    |
|          |         write_ln0_write_fu_990        |    0    |    0    |
|          |         write_ln0_write_fu_997        |    0    |    0    |
|          |        write_ln0_write_fu_1004        |    0    |    0    |
|          |        write_ln0_write_fu_1011        |    0    |    0    |
|          |        write_ln0_write_fu_1018        |    0    |    0    |
|          |        write_ln0_write_fu_1025        |    0    |    0    |
|          |        write_ln0_write_fu_1032        |    0    |    0    |
|          |        write_ln0_write_fu_1039        |    0    |    0    |
|          |        write_ln0_write_fu_1046        |    0    |    0    |
|          |        write_ln0_write_fu_1053        |    0    |    0    |
|          |        write_ln0_write_fu_1060        |    0    |    0    |
|          |        write_ln0_write_fu_1067        |    0    |    0    |
|          |        write_ln0_write_fu_1074        |    0    |    0    |
|          |        write_ln0_write_fu_1081        |    0    |    0    |
|          |        write_ln0_write_fu_1088        |    0    |    0    |
|          |        write_ln0_write_fu_1095        |    0    |    0    |
|          |        write_ln0_write_fu_1102        |    0    |    0    |
|          |        write_ln0_write_fu_1109        |    0    |    0    |
|          |        write_ln0_write_fu_1116        |    0    |    0    |
|          |        write_ln0_write_fu_1123        |    0    |    0    |
|----------|---------------------------------------|---------|---------|
|          |          trunc_ln120_fu_1260          |    0    |    0    |
|          |              cnt_fu_1384              |    0    |    0    |
|          |             cnt_9_fu_1631             |    0    |    0    |
|          |             cnt_11_fu_1878            |    0    |    0    |
|   trunc  |             cnt_13_fu_2125            |    0    |    0    |
|          |             cnt_15_fu_2372            |    0    |    0    |
|          |             cnt_17_fu_2619            |    0    |    0    |
|          |             cnt_19_fu_2866            |    0    |    0    |
|          |             cnt_21_fu_3113            |    0    |    0    |
|----------|---------------------------------------|---------|---------|
|          |            shl_ln1_fu_1264            |    0    |    0    |
|          |             or_ln_fu_1277             |    0    |    0    |
|          |           or_ln60_1_fu_1290           |    0    |    0    |
|          |           or_ln60_2_fu_1303           |    0    |    0    |
|bitconcatenate|           or_ln60_3_fu_1316           |    0    |    0    |
|          |           or_ln60_4_fu_1329           |    0    |    0    |
|          |           or_ln60_5_fu_1342           |    0    |    0    |
|          |           or_ln60_6_fu_1355           |    0    |    0    |
|          |           shl_ln64_1_fu_4167          |    0    |    0    |
|----------|---------------------------------------|---------|---------|
|          |           zext_ln60_fu_1272           |    0    |    0    |
|          |          zext_ln60_4_fu_1285          |    0    |    0    |
|          |          zext_ln60_5_fu_1298          |    0    |    0    |
|          |          zext_ln60_6_fu_1311          |    0    |    0    |
|          |          zext_ln60_7_fu_1324          |    0    |    0    |
|          |          zext_ln60_8_fu_1337          |    0    |    0    |
|          |          zext_ln60_9_fu_1350          |    0    |    0    |
|          |          zext_ln60_10_fu_1363         |    0    |    0    |
|          |            zext_ln8_fu_1388           |    0    |    0    |
|          |           zext_ln11_fu_1400           |    0    |    0    |
|          |         zext_ln11_116_fu_1412         |    0    |    0    |
|          |         zext_ln11_117_fu_1424         |    0    |    0    |
|          |         zext_ln11_118_fu_1436         |    0    |    0    |
|          |         zext_ln11_119_fu_1448         |    0    |    0    |
|          |         zext_ln11_120_fu_1460         |    0    |    0    |
|          |         zext_ln11_121_fu_1472         |    0    |    0    |
|          |         zext_ln11_122_fu_1484         |    0    |    0    |
|          |         zext_ln11_123_fu_1496         |    0    |    0    |
|          |         zext_ln11_124_fu_1508         |    0    |    0    |
|          |         zext_ln11_125_fu_1520         |    0    |    0    |
|          |         zext_ln11_126_fu_1532         |    0    |    0    |
|          |         zext_ln11_127_fu_1544         |    0    |    0    |
|          |         zext_ln11_128_fu_1556         |    0    |    0    |
|          |         zext_ln11_129_fu_1568         |    0    |    0    |
|          |           zext_ln8_4_fu_1635          |    0    |    0    |
|          |         zext_ln11_144_fu_1647         |    0    |    0    |
|          |         zext_ln11_145_fu_1659         |    0    |    0    |
|          |         zext_ln11_146_fu_1671         |    0    |    0    |
|          |         zext_ln11_147_fu_1683         |    0    |    0    |
|          |         zext_ln11_148_fu_1695         |    0    |    0    |
|          |         zext_ln11_149_fu_1707         |    0    |    0    |
|          |         zext_ln11_150_fu_1719         |    0    |    0    |
|          |         zext_ln11_151_fu_1731         |    0    |    0    |
|          |         zext_ln11_152_fu_1743         |    0    |    0    |
|          |         zext_ln11_153_fu_1755         |    0    |    0    |
|          |         zext_ln11_154_fu_1767         |    0    |    0    |
|          |         zext_ln11_155_fu_1779         |    0    |    0    |
|          |         zext_ln11_156_fu_1791         |    0    |    0    |
|          |         zext_ln11_157_fu_1803         |    0    |    0    |
|          |         zext_ln11_158_fu_1815         |    0    |    0    |
|          |           zext_ln8_5_fu_1882          |    0    |    0    |
|          |         zext_ln11_173_fu_1894         |    0    |    0    |
|          |         zext_ln11_174_fu_1906         |    0    |    0    |
|          |         zext_ln11_175_fu_1918         |    0    |    0    |
|          |         zext_ln11_176_fu_1930         |    0    |    0    |
|          |         zext_ln11_177_fu_1942         |    0    |    0    |
|          |         zext_ln11_178_fu_1954         |    0    |    0    |
|          |         zext_ln11_179_fu_1966         |    0    |    0    |
|          |         zext_ln11_180_fu_1978         |    0    |    0    |
|          |         zext_ln11_181_fu_1990         |    0    |    0    |
|          |         zext_ln11_182_fu_2002         |    0    |    0    |
|          |         zext_ln11_183_fu_2014         |    0    |    0    |
|          |         zext_ln11_184_fu_2026         |    0    |    0    |
|          |         zext_ln11_185_fu_2038         |    0    |    0    |
|          |         zext_ln11_186_fu_2050         |    0    |    0    |
|          |         zext_ln11_187_fu_2062         |    0    |    0    |
|          |           zext_ln8_6_fu_2129          |    0    |    0    |
|          |         zext_ln11_202_fu_2141         |    0    |    0    |
|          |         zext_ln11_203_fu_2153         |    0    |    0    |
|          |         zext_ln11_204_fu_2165         |    0    |    0    |
|          |         zext_ln11_205_fu_2177         |    0    |    0    |
|          |         zext_ln11_206_fu_2189         |    0    |    0    |
|          |         zext_ln11_207_fu_2201         |    0    |    0    |
|          |         zext_ln11_208_fu_2213         |    0    |    0    |
|          |         zext_ln11_209_fu_2225         |    0    |    0    |
|          |         zext_ln11_210_fu_2237         |    0    |    0    |
|          |         zext_ln11_211_fu_2249         |    0    |    0    |
|          |         zext_ln11_212_fu_2261         |    0    |    0    |
|          |         zext_ln11_213_fu_2273         |    0    |    0    |
|          |         zext_ln11_214_fu_2285         |    0    |    0    |
|          |         zext_ln11_215_fu_2297         |    0    |    0    |
|          |         zext_ln11_216_fu_2309         |    0    |    0    |
|          |           zext_ln8_7_fu_2376          |    0    |    0    |
|          |         zext_ln11_231_fu_2388         |    0    |    0    |
|          |         zext_ln11_232_fu_2400         |    0    |    0    |
|          |         zext_ln11_233_fu_2412         |    0    |    0    |
|          |         zext_ln11_234_fu_2424         |    0    |    0    |
|          |         zext_ln11_235_fu_2436         |    0    |    0    |
|          |         zext_ln11_236_fu_2448         |    0    |    0    |
|          |         zext_ln11_237_fu_2460         |    0    |    0    |
|          |         zext_ln11_238_fu_2472         |    0    |    0    |
|          |         zext_ln11_239_fu_2484         |    0    |    0    |
|          |         zext_ln11_240_fu_2496         |    0    |    0    |
|          |         zext_ln11_241_fu_2508         |    0    |    0    |
|          |         zext_ln11_242_fu_2520         |    0    |    0    |
|          |         zext_ln11_243_fu_2532         |    0    |    0    |
|          |         zext_ln11_244_fu_2544         |    0    |    0    |
|          |         zext_ln11_245_fu_2556         |    0    |    0    |
|          |           zext_ln8_8_fu_2623          |    0    |    0    |
|          |         zext_ln11_260_fu_2635         |    0    |    0    |
|          |         zext_ln11_261_fu_2647         |    0    |    0    |
|          |         zext_ln11_262_fu_2659         |    0    |    0    |
|          |         zext_ln11_263_fu_2671         |    0    |    0    |
|          |         zext_ln11_264_fu_2683         |    0    |    0    |
|          |         zext_ln11_265_fu_2695         |    0    |    0    |
|          |         zext_ln11_266_fu_2707         |    0    |    0    |
|          |         zext_ln11_267_fu_2719         |    0    |    0    |
|          |         zext_ln11_268_fu_2731         |    0    |    0    |
|          |         zext_ln11_269_fu_2743         |    0    |    0    |
|          |         zext_ln11_270_fu_2755         |    0    |    0    |
|          |         zext_ln11_271_fu_2767         |    0    |    0    |
|          |         zext_ln11_272_fu_2779         |    0    |    0    |
|          |         zext_ln11_273_fu_2791         |    0    |    0    |
|          |         zext_ln11_274_fu_2803         |    0    |    0    |
|          |           zext_ln8_9_fu_2870          |    0    |    0    |
|          |         zext_ln11_289_fu_2882         |    0    |    0    |
|          |         zext_ln11_290_fu_2894         |    0    |    0    |
|          |         zext_ln11_291_fu_2906         |    0    |    0    |
|          |         zext_ln11_292_fu_2918         |    0    |    0    |
|          |         zext_ln11_293_fu_2930         |    0    |    0    |
|          |         zext_ln11_294_fu_2942         |    0    |    0    |
|          |         zext_ln11_295_fu_2954         |    0    |    0    |
|          |         zext_ln11_296_fu_2966         |    0    |    0    |
|          |         zext_ln11_297_fu_2978         |    0    |    0    |
|          |         zext_ln11_298_fu_2990         |    0    |    0    |
|          |         zext_ln11_299_fu_3002         |    0    |    0    |
|          |         zext_ln11_300_fu_3014         |    0    |    0    |
|          |         zext_ln11_301_fu_3026         |    0    |    0    |
|          |         zext_ln11_302_fu_3038         |    0    |    0    |
|          |         zext_ln11_303_fu_3050         |    0    |    0    |
|          |          zext_ln8_10_fu_3117          |    0    |    0    |
|          |         zext_ln11_318_fu_3129         |    0    |    0    |
|          |         zext_ln11_319_fu_3141         |    0    |    0    |
|          |         zext_ln11_320_fu_3153         |    0    |    0    |
|          |         zext_ln11_321_fu_3165         |    0    |    0    |
|          |         zext_ln11_322_fu_3177         |    0    |    0    |
|          |         zext_ln11_323_fu_3189         |    0    |    0    |
|          |         zext_ln11_324_fu_3201         |    0    |    0    |
|          |         zext_ln11_325_fu_3213         |    0    |    0    |
|          |         zext_ln11_326_fu_3225         |    0    |    0    |
|          |         zext_ln11_327_fu_3237         |    0    |    0    |
|   zext   |         zext_ln11_328_fu_3249         |    0    |    0    |
|          |         zext_ln11_329_fu_3261         |    0    |    0    |
|          |         zext_ln11_330_fu_3273         |    0    |    0    |
|          |         zext_ln11_331_fu_3285         |    0    |    0    |
|          |         zext_ln11_332_fu_3297         |    0    |    0    |
|          |         zext_ln11_130_fu_3349         |    0    |    0    |
|          |         zext_ln11_131_fu_3352         |    0    |    0    |
|          |         zext_ln11_132_fu_3361         |    0    |    0    |
|          |         zext_ln11_133_fu_3365         |    0    |    0    |
|          |         zext_ln11_134_fu_3368         |    0    |    0    |
|          |         zext_ln11_135_fu_3377         |    0    |    0    |
|          |         zext_ln11_136_fu_3387         |    0    |    0    |
|          |         zext_ln11_137_fu_3391         |    0    |    0    |
|          |         zext_ln11_138_fu_3394         |    0    |    0    |
|          |         zext_ln11_139_fu_3403         |    0    |    0    |
|          |         zext_ln11_140_fu_3407         |    0    |    0    |
|          |         zext_ln11_141_fu_3410         |    0    |    0    |
|          |         zext_ln11_142_fu_3419         |    0    |    0    |
|          |         zext_ln11_143_fu_3429         |    0    |    0    |
|          |         zext_ln11_159_fu_3439         |    0    |    0    |
|          |         zext_ln11_160_fu_3442         |    0    |    0    |
|          |         zext_ln11_161_fu_3451         |    0    |    0    |
|          |         zext_ln11_162_fu_3455         |    0    |    0    |
|          |         zext_ln11_163_fu_3458         |    0    |    0    |
|          |         zext_ln11_164_fu_3467         |    0    |    0    |
|          |         zext_ln11_165_fu_3477         |    0    |    0    |
|          |         zext_ln11_166_fu_3481         |    0    |    0    |
|          |         zext_ln11_167_fu_3484         |    0    |    0    |
|          |         zext_ln11_168_fu_3493         |    0    |    0    |
|          |         zext_ln11_169_fu_3497         |    0    |    0    |
|          |         zext_ln11_170_fu_3500         |    0    |    0    |
|          |         zext_ln11_171_fu_3509         |    0    |    0    |
|          |         zext_ln11_172_fu_3519         |    0    |    0    |
|          |         zext_ln11_188_fu_3529         |    0    |    0    |
|          |         zext_ln11_189_fu_3532         |    0    |    0    |
|          |         zext_ln11_190_fu_3541         |    0    |    0    |
|          |         zext_ln11_191_fu_3545         |    0    |    0    |
|          |         zext_ln11_192_fu_3548         |    0    |    0    |
|          |         zext_ln11_193_fu_3557         |    0    |    0    |
|          |         zext_ln11_194_fu_3567         |    0    |    0    |
|          |         zext_ln11_195_fu_3571         |    0    |    0    |
|          |         zext_ln11_196_fu_3574         |    0    |    0    |
|          |         zext_ln11_197_fu_3583         |    0    |    0    |
|          |         zext_ln11_198_fu_3587         |    0    |    0    |
|          |         zext_ln11_199_fu_3590         |    0    |    0    |
|          |         zext_ln11_200_fu_3599         |    0    |    0    |
|          |         zext_ln11_201_fu_3609         |    0    |    0    |
|          |         zext_ln11_217_fu_3619         |    0    |    0    |
|          |         zext_ln11_218_fu_3622         |    0    |    0    |
|          |         zext_ln11_219_fu_3631         |    0    |    0    |
|          |         zext_ln11_220_fu_3635         |    0    |    0    |
|          |         zext_ln11_221_fu_3638         |    0    |    0    |
|          |         zext_ln11_222_fu_3647         |    0    |    0    |
|          |         zext_ln11_223_fu_3657         |    0    |    0    |
|          |         zext_ln11_224_fu_3661         |    0    |    0    |
|          |         zext_ln11_225_fu_3664         |    0    |    0    |
|          |         zext_ln11_226_fu_3673         |    0    |    0    |
|          |         zext_ln11_227_fu_3677         |    0    |    0    |
|          |         zext_ln11_228_fu_3680         |    0    |    0    |
|          |         zext_ln11_229_fu_3689         |    0    |    0    |
|          |         zext_ln11_230_fu_3699         |    0    |    0    |
|          |         zext_ln11_246_fu_3709         |    0    |    0    |
|          |         zext_ln11_247_fu_3712         |    0    |    0    |
|          |         zext_ln11_248_fu_3721         |    0    |    0    |
|          |         zext_ln11_249_fu_3725         |    0    |    0    |
|          |         zext_ln11_250_fu_3728         |    0    |    0    |
|          |         zext_ln11_251_fu_3737         |    0    |    0    |
|          |         zext_ln11_252_fu_3747         |    0    |    0    |
|          |         zext_ln11_253_fu_3751         |    0    |    0    |
|          |         zext_ln11_254_fu_3754         |    0    |    0    |
|          |         zext_ln11_255_fu_3763         |    0    |    0    |
|          |         zext_ln11_256_fu_3767         |    0    |    0    |
|          |         zext_ln11_257_fu_3770         |    0    |    0    |
|          |         zext_ln11_258_fu_3779         |    0    |    0    |
|          |         zext_ln11_259_fu_3789         |    0    |    0    |
|          |         zext_ln11_275_fu_3799         |    0    |    0    |
|          |         zext_ln11_276_fu_3802         |    0    |    0    |
|          |         zext_ln11_277_fu_3811         |    0    |    0    |
|          |         zext_ln11_278_fu_3815         |    0    |    0    |
|          |         zext_ln11_279_fu_3818         |    0    |    0    |
|          |         zext_ln11_280_fu_3827         |    0    |    0    |
|          |         zext_ln11_281_fu_3837         |    0    |    0    |
|          |         zext_ln11_282_fu_3841         |    0    |    0    |
|          |         zext_ln11_283_fu_3844         |    0    |    0    |
|          |         zext_ln11_284_fu_3853         |    0    |    0    |
|          |         zext_ln11_285_fu_3857         |    0    |    0    |
|          |         zext_ln11_286_fu_3860         |    0    |    0    |
|          |         zext_ln11_287_fu_3869         |    0    |    0    |
|          |         zext_ln11_288_fu_3879         |    0    |    0    |
|          |         zext_ln11_304_fu_3889         |    0    |    0    |
|          |         zext_ln11_305_fu_3892         |    0    |    0    |
|          |         zext_ln11_306_fu_3901         |    0    |    0    |
|          |         zext_ln11_307_fu_3905         |    0    |    0    |
|          |         zext_ln11_308_fu_3908         |    0    |    0    |
|          |         zext_ln11_309_fu_3917         |    0    |    0    |
|          |         zext_ln11_310_fu_3927         |    0    |    0    |
|          |         zext_ln11_311_fu_3931         |    0    |    0    |
|          |         zext_ln11_312_fu_3934         |    0    |    0    |
|          |         zext_ln11_313_fu_3943         |    0    |    0    |
|          |         zext_ln11_314_fu_3947         |    0    |    0    |
|          |         zext_ln11_315_fu_3950         |    0    |    0    |
|          |         zext_ln11_316_fu_3959         |    0    |    0    |
|          |         zext_ln11_317_fu_3969         |    0    |    0    |
|          |         zext_ln11_333_fu_3979         |    0    |    0    |
|          |         zext_ln11_334_fu_3982         |    0    |    0    |
|          |         zext_ln11_335_fu_3991         |    0    |    0    |
|          |         zext_ln11_336_fu_3995         |    0    |    0    |
|          |         zext_ln11_337_fu_3998         |    0    |    0    |
|          |         zext_ln11_338_fu_4007         |    0    |    0    |
|          |         zext_ln11_339_fu_4017         |    0    |    0    |
|          |         zext_ln11_340_fu_4021         |    0    |    0    |
|          |         zext_ln11_341_fu_4024         |    0    |    0    |
|          |         zext_ln11_342_fu_4033         |    0    |    0    |
|          |         zext_ln11_343_fu_4037         |    0    |    0    |
|          |         zext_ln11_344_fu_4040         |    0    |    0    |
|          |         zext_ln11_345_fu_4049         |    0    |    0    |
|          |         zext_ln11_346_fu_4059         |    0    |    0    |
|          |           zext_ln61_fu_4069           |    0    |    0    |
|          |          zext_ln61_3_fu_4073          |    0    |    0    |
|          |          zext_ln61_4_fu_4077          |    0    |    0    |
|          |          zext_ln61_5_fu_4081          |    0    |    0    |
|          |          zext_ln61_6_fu_4085          |    0    |    0    |
|          |          zext_ln61_7_fu_4089          |    0    |    0    |
|          |          zext_ln61_8_fu_4093          |    0    |    0    |
|          |           zext_ln64_fu_4097           |    0    |    0    |
|          |          zext_ln64_3_fu_4125          |    0    |    0    |
|          |          zext_ln64_4_fu_4128          |    0    |    0    |
|          |          zext_ln64_5_fu_4137          |    0    |    0    |
|          |          zext_ln64_6_fu_4141          |    0    |    0    |
|          |          zext_ln64_7_fu_4144          |    0    |    0    |
|          |          zext_ln64_8_fu_4153          |    0    |    0    |
|          |           zext_ln120_fu_4163          |    0    |    0    |
|----------|---------------------------------------|---------|---------|
|          |              tmp_fu_1392              |    0    |    0    |
|          |             tmp_60_fu_1404            |    0    |    0    |
|          |             tmp_61_fu_1416            |    0    |    0    |
|          |             tmp_62_fu_1428            |    0    |    0    |
|          |             tmp_63_fu_1440            |    0    |    0    |
|          |             tmp_64_fu_1452            |    0    |    0    |
|          |             tmp_65_fu_1464            |    0    |    0    |
|          |             tmp_66_fu_1476            |    0    |    0    |
|          |             tmp_67_fu_1488            |    0    |    0    |
|          |             tmp_68_fu_1500            |    0    |    0    |
|          |             tmp_69_fu_1512            |    0    |    0    |
|          |             tmp_70_fu_1524            |    0    |    0    |
|          |             tmp_71_fu_1536            |    0    |    0    |
|          |             tmp_72_fu_1548            |    0    |    0    |
|          |             tmp_73_fu_1560            |    0    |    0    |
|          |             tmp_74_fu_1639            |    0    |    0    |
|          |             tmp_75_fu_1651            |    0    |    0    |
|          |             tmp_76_fu_1663            |    0    |    0    |
|          |             tmp_77_fu_1675            |    0    |    0    |
|          |             tmp_78_fu_1687            |    0    |    0    |
|          |             tmp_79_fu_1699            |    0    |    0    |
|          |             tmp_80_fu_1711            |    0    |    0    |
|          |             tmp_81_fu_1723            |    0    |    0    |
|          |             tmp_82_fu_1735            |    0    |    0    |
|          |             tmp_83_fu_1747            |    0    |    0    |
|          |             tmp_84_fu_1759            |    0    |    0    |
|          |             tmp_85_fu_1771            |    0    |    0    |
|          |             tmp_86_fu_1783            |    0    |    0    |
|          |             tmp_87_fu_1795            |    0    |    0    |
|          |             tmp_88_fu_1807            |    0    |    0    |
|          |             tmp_89_fu_1886            |    0    |    0    |
|          |             tmp_90_fu_1898            |    0    |    0    |
|          |             tmp_91_fu_1910            |    0    |    0    |
|          |             tmp_92_fu_1922            |    0    |    0    |
|          |             tmp_93_fu_1934            |    0    |    0    |
|          |             tmp_94_fu_1946            |    0    |    0    |
|          |             tmp_95_fu_1958            |    0    |    0    |
|          |             tmp_96_fu_1970            |    0    |    0    |
|          |             tmp_97_fu_1982            |    0    |    0    |
|          |             tmp_98_fu_1994            |    0    |    0    |
|          |             tmp_99_fu_2006            |    0    |    0    |
|          |            tmp_100_fu_2018            |    0    |    0    |
|          |            tmp_101_fu_2030            |    0    |    0    |
|          |            tmp_102_fu_2042            |    0    |    0    |
|          |            tmp_103_fu_2054            |    0    |    0    |
|          |            tmp_104_fu_2133            |    0    |    0    |
|          |            tmp_105_fu_2145            |    0    |    0    |
|          |            tmp_106_fu_2157            |    0    |    0    |
|          |            tmp_107_fu_2169            |    0    |    0    |
|          |            tmp_108_fu_2181            |    0    |    0    |
|          |            tmp_109_fu_2193            |    0    |    0    |
|          |            tmp_110_fu_2205            |    0    |    0    |
|          |            tmp_111_fu_2217            |    0    |    0    |
|          |            tmp_112_fu_2229            |    0    |    0    |
|          |            tmp_113_fu_2241            |    0    |    0    |
|          |            tmp_114_fu_2253            |    0    |    0    |
|          |            tmp_115_fu_2265            |    0    |    0    |
|          |            tmp_116_fu_2277            |    0    |    0    |
|          |            tmp_117_fu_2289            |    0    |    0    |
| bitselect|            tmp_118_fu_2301            |    0    |    0    |
|          |            tmp_119_fu_2380            |    0    |    0    |
|          |            tmp_120_fu_2392            |    0    |    0    |
|          |            tmp_121_fu_2404            |    0    |    0    |
|          |            tmp_122_fu_2416            |    0    |    0    |
|          |            tmp_123_fu_2428            |    0    |    0    |
|          |            tmp_124_fu_2440            |    0    |    0    |
|          |            tmp_125_fu_2452            |    0    |    0    |
|          |            tmp_126_fu_2464            |    0    |    0    |
|          |            tmp_127_fu_2476            |    0    |    0    |
|          |            tmp_128_fu_2488            |    0    |    0    |
|          |            tmp_129_fu_2500            |    0    |    0    |
|          |            tmp_130_fu_2512            |    0    |    0    |
|          |            tmp_131_fu_2524            |    0    |    0    |
|          |            tmp_132_fu_2536            |    0    |    0    |
|          |            tmp_133_fu_2548            |    0    |    0    |
|          |            tmp_134_fu_2627            |    0    |    0    |
|          |            tmp_135_fu_2639            |    0    |    0    |
|          |            tmp_136_fu_2651            |    0    |    0    |
|          |            tmp_137_fu_2663            |    0    |    0    |
|          |            tmp_138_fu_2675            |    0    |    0    |
|          |            tmp_139_fu_2687            |    0    |    0    |
|          |            tmp_140_fu_2699            |    0    |    0    |
|          |            tmp_141_fu_2711            |    0    |    0    |
|          |            tmp_142_fu_2723            |    0    |    0    |
|          |            tmp_143_fu_2735            |    0    |    0    |
|          |            tmp_144_fu_2747            |    0    |    0    |
|          |            tmp_145_fu_2759            |    0    |    0    |
|          |            tmp_146_fu_2771            |    0    |    0    |
|          |            tmp_147_fu_2783            |    0    |    0    |
|          |            tmp_148_fu_2795            |    0    |    0    |
|          |            tmp_149_fu_2874            |    0    |    0    |
|          |            tmp_150_fu_2886            |    0    |    0    |
|          |            tmp_151_fu_2898            |    0    |    0    |
|          |            tmp_152_fu_2910            |    0    |    0    |
|          |            tmp_153_fu_2922            |    0    |    0    |
|          |            tmp_154_fu_2934            |    0    |    0    |
|          |            tmp_155_fu_2946            |    0    |    0    |
|          |            tmp_156_fu_2958            |    0    |    0    |
|          |            tmp_157_fu_2970            |    0    |    0    |
|          |            tmp_158_fu_2982            |    0    |    0    |
|          |            tmp_159_fu_2994            |    0    |    0    |
|          |            tmp_160_fu_3006            |    0    |    0    |
|          |            tmp_161_fu_3018            |    0    |    0    |
|          |            tmp_162_fu_3030            |    0    |    0    |
|          |            tmp_163_fu_3042            |    0    |    0    |
|          |            tmp_164_fu_3121            |    0    |    0    |
|          |            tmp_165_fu_3133            |    0    |    0    |
|          |            tmp_166_fu_3145            |    0    |    0    |
|          |            tmp_167_fu_3157            |    0    |    0    |
|          |            tmp_168_fu_3169            |    0    |    0    |
|          |            tmp_169_fu_3181            |    0    |    0    |
|          |            tmp_170_fu_3193            |    0    |    0    |
|          |            tmp_171_fu_3205            |    0    |    0    |
|          |            tmp_172_fu_3217            |    0    |    0    |
|          |            tmp_173_fu_3229            |    0    |    0    |
|          |            tmp_174_fu_3241            |    0    |    0    |
|          |            tmp_175_fu_3253            |    0    |    0    |
|          |            tmp_176_fu_3265            |    0    |    0    |
|          |            tmp_177_fu_3277            |    0    |    0    |
|          |            tmp_178_fu_3289            |    0    |    0    |
|----------|---------------------------------------|---------|---------|
|   sext   |           sext_ln123_fu_4180          |    0    |    0    |
|----------|---------------------------------------|---------|---------|
|   Total  |                                       |    0    |   1646  |
|----------|---------------------------------------|---------|---------|

Memories:
N/A

* Register list:
+----------------------------------+--------+
|                                  |   FF   |
+----------------------------------+--------+
|       add_ln11_100_reg_5366      |    2   |
|       add_ln11_104_reg_5371      |    2   |
|       add_ln11_105_reg_5376      |    2   |
|       add_ln11_107_reg_5381      |    2   |
|       add_ln11_108_reg_5386      |    2   |
|       add_ln11_111_reg_5391      |    2   |
|       add_ln11_112_reg_5396      |    2   |
|       add_ln11_114_reg_5401      |    2   |
|       add_ln11_115_reg_5406      |    2   |
|       add_ln11_119_reg_5411      |    2   |
|       add_ln11_120_reg_5416      |    2   |
|       add_ln11_122_reg_5421      |    2   |
|       add_ln11_123_reg_5426      |    2   |
|       add_ln11_126_reg_5431      |    2   |
|       add_ln11_127_reg_5436      |    2   |
|       add_ln11_129_reg_5441      |    2   |
|       add_ln11_130_reg_5446      |    2   |
|       add_ln11_134_reg_5451      |    2   |
|       add_ln11_135_reg_5456      |    2   |
|       add_ln11_137_reg_5461      |    2   |
|       add_ln11_138_reg_5466      |    2   |
|       add_ln11_141_reg_5471      |    2   |
|       add_ln11_142_reg_5476      |    2   |
|       add_ln11_144_reg_5481      |    2   |
|       add_ln11_145_reg_5486      |    2   |
|       add_ln11_149_reg_5491      |    2   |
|       add_ln11_150_reg_5496      |    2   |
|       add_ln11_152_reg_5501      |    2   |
|       add_ln11_153_reg_5506      |    2   |
|       add_ln11_156_reg_5511      |    2   |
|       add_ln11_157_reg_5516      |    2   |
|       add_ln11_159_reg_5521      |    2   |
|       add_ln11_160_reg_5526      |    2   |
|       add_ln11_164_reg_5531      |    2   |
|       add_ln11_165_reg_5536      |    2   |
|       add_ln11_167_reg_5541      |    2   |
|       add_ln11_168_reg_5546      |    2   |
|       add_ln11_171_reg_5551      |    2   |
|       add_ln11_172_reg_5556      |    2   |
|       add_ln11_174_reg_5561      |    2   |
|       add_ln11_175_reg_5566      |    2   |
|       add_ln11_60_reg_5256       |    2   |
|       add_ln11_62_reg_5261       |    2   |
|       add_ln11_63_reg_5266       |    2   |
|       add_ln11_66_reg_5271       |    2   |
|       add_ln11_67_reg_5276       |    2   |
|       add_ln11_69_reg_5281       |    2   |
|       add_ln11_70_reg_5286       |    2   |
|       add_ln11_74_reg_5291       |    2   |
|       add_ln11_75_reg_5296       |    2   |
|       add_ln11_77_reg_5301       |    2   |
|       add_ln11_78_reg_5306       |    2   |
|       add_ln11_81_reg_5311       |    2   |
|       add_ln11_82_reg_5316       |    2   |
|       add_ln11_84_reg_5321       |    2   |
|       add_ln11_85_reg_5326       |    2   |
|       add_ln11_89_reg_5331       |    2   |
|       add_ln11_90_reg_5336       |    2   |
|       add_ln11_92_reg_5341       |    2   |
|       add_ln11_93_reg_5346       |    2   |
|       add_ln11_96_reg_5351       |    2   |
|       add_ln11_97_reg_5356       |    2   |
|       add_ln11_99_reg_5361       |    2   |
|         add_ln11_reg_5251        |    2   |
|        add_ln64_2_reg_5591       |    8   |
|        add_ln64_4_reg_5576       |    6   |
|        add_ln64_6_reg_5581       |    6   |
|        add_ln64_7_reg_5586       |    6   |
|         add_ln64_reg_5571        |    6   |
|        icmp_ln120_reg_5203       |    1   |
|        l2_bits_10_reg_4834       |    1   |
|        l2_bits_11_reg_4840       |    1   |
|        l2_bits_12_reg_4846       |    1   |
|        l2_bits_13_reg_4852       |    1   |
|        l2_bits_14_reg_4858       |    1   |
|        l2_bits_15_reg_4864       |    1   |
|        l2_bits_16_reg_4870       |    1   |
|        l2_bits_17_reg_4876       |    1   |
|        l2_bits_18_reg_4882       |    1   |
|        l2_bits_19_reg_4888       |    1   |
|        l2_bits_1_reg_4780        |    1   |
|        l2_bits_20_reg_4894       |    1   |
|        l2_bits_21_reg_4900       |    1   |
|        l2_bits_22_reg_4906       |    1   |
|        l2_bits_23_reg_4912       |    1   |
|        l2_bits_24_reg_4918       |    1   |
|        l2_bits_25_reg_4924       |    1   |
|        l2_bits_26_reg_4930       |    1   |
|        l2_bits_27_reg_4936       |    1   |
|        l2_bits_28_reg_4942       |    1   |
|        l2_bits_29_reg_4948       |    1   |
|        l2_bits_2_reg_4786        |    1   |
|        l2_bits_30_reg_4954       |    1   |
|        l2_bits_31_reg_4960       |    1   |
|        l2_bits_32_reg_4966       |    1   |
|        l2_bits_33_reg_4972       |    1   |
|        l2_bits_34_reg_4978       |    1   |
|        l2_bits_35_reg_4984       |    1   |
|        l2_bits_36_reg_4990       |    1   |
|        l2_bits_37_reg_4996       |    1   |
|        l2_bits_38_reg_5002       |    1   |
|        l2_bits_39_reg_5008       |    1   |
|        l2_bits_3_reg_4792        |    1   |
|        l2_bits_40_reg_5014       |    1   |
|        l2_bits_41_reg_5020       |    1   |
|        l2_bits_42_reg_5026       |    1   |
|        l2_bits_43_reg_5032       |    1   |
|        l2_bits_44_reg_5038       |    1   |
|        l2_bits_45_reg_5044       |    1   |
|        l2_bits_46_reg_5050       |    1   |
|        l2_bits_47_reg_5056       |    1   |
|        l2_bits_48_reg_5062       |    1   |
|        l2_bits_49_reg_5068       |    1   |
|        l2_bits_4_reg_4798        |    1   |
|        l2_bits_50_reg_5074       |    1   |
|        l2_bits_51_reg_5080       |    1   |
|        l2_bits_52_reg_5086       |    1   |
|        l2_bits_53_reg_5092       |    1   |
|        l2_bits_54_reg_5098       |    1   |
|        l2_bits_55_reg_5104       |    1   |
|        l2_bits_56_reg_5110       |    1   |
|        l2_bits_57_reg_5116       |    1   |
|        l2_bits_58_reg_5122       |    1   |
|        l2_bits_59_reg_5128       |    1   |
|        l2_bits_5_reg_4804        |    1   |
|        l2_bits_60_reg_5134       |    1   |
|        l2_bits_61_reg_5140       |    1   |
|        l2_bits_62_reg_5146       |    1   |
|        l2_bits_63_reg_5152       |    1   |
|        l2_bits_6_reg_4810        |    1   |
|        l2_bits_7_reg_4816        |    1   |
|        l2_bits_8_reg_4822        |    1   |
|        l2_bits_9_reg_4828        |    1   |
|         l2_bits_reg_4774         |    1   |
|       l2_out_addr_reg_5601       |    6   |
|           n_1_reg_4767           |    7   |
|            n_reg_5198            |    7   |
|  p_0_028288_reload_read_reg_5193 |   16   |
| p_0_0282_190_reload_read_reg_5188|   16   |
| p_0_0282_292_reload_read_reg_5183|   16   |
| p_0_0282_394_reload_read_reg_5178|   16   |
| p_0_0282_496_reload_read_reg_5173|   16   |
| p_0_0282_598_reload_read_reg_5168|   16   |
|p_0_0282_6100_reload_read_reg_5163|   16   |
|p_0_0282_7102_reload_read_reg_5158|   16   |
|        sext_ln123_reg_5596       |   32   |
|       trunc_ln120_reg_5207       |    6   |
|        w2_addr_1_reg_5216        |    9   |
|        w2_addr_2_reg_5221        |    9   |
|        w2_addr_3_reg_5226        |    9   |
|        w2_addr_4_reg_5231        |    9   |
|        w2_addr_5_reg_5236        |    9   |
|        w2_addr_6_reg_5241        |    9   |
|        w2_addr_7_reg_5246        |    9   |
|         w2_addr_reg_5211         |    9   |
+----------------------------------+--------+
|               Total              |   483  |
+----------------------------------+--------+

* Multiplexer (MUX) list: 
|--------------------|------|------|------|--------||---------||---------||---------|
|        Comp        |  Pin | Size |  BW  | S x BW ||  Delay  ||    FF   ||   LUT   |
|--------------------|------|------|------|--------||---------||---------||---------|
| grp_access_fu_1137 |  p0  |   2  |   9  |   18   ||    0    ||    9    |
| grp_access_fu_1137 |  p2  |   2  |   0  |    0   ||    0    ||    9    |
| grp_access_fu_1137 |  p5  |   2  |  16  |   32   ||    0    ||    9    |
| grp_access_fu_1137 |  p8  |   2  |   9  |   18   ||    0    ||    9    |
| grp_access_fu_1137 |  p10 |   2  |   0  |    0   ||    0    ||    9    |
| grp_access_fu_1137 |  p13 |   2  |  16  |   32   ||    0    ||    9    |
| grp_access_fu_1137 |  p16 |   2  |   9  |   18   ||    0    ||    9    |
| grp_access_fu_1137 |  p18 |   2  |   0  |    0   ||    0    ||    9    |
| grp_access_fu_1234 |  p0  |   2  |   6  |   12   ||    0    ||    9    |
| grp_access_fu_1234 |  p1  |   2  |  32  |   64   ||    0    ||    9    |
|--------------------|------|------|------|--------||---------||---------||---------|
|        Total       |      |      |      |   194  ||  15.88  ||    0    ||    90   |
|--------------------|------|------|------|--------||---------||---------||---------|



* Summary:
+-----------+--------+--------+--------+
|           |  Delay |   FF   |   LUT  |
+-----------+--------+--------+--------+
|  Function |    -   |    0   |  1646  |
|   Memory  |    -   |    -   |    -   |
|Multiplexer|   15   |    0   |   90   |
|  Register |    -   |   483  |    -   |
+-----------+--------+--------+--------+
|   Total   |   15   |   483  |  1736  |
+-----------+--------+--------+--------+
