

================================================================
== Vitis HLS Report for 'bnn_Pipeline_pack_loop'
================================================================
* Date:           Wed Dec 10 17:08:02 2025

* Version:        2024.2 (Build 5238294 on Nov  8 2024)
* Project:        bnn.comp
* Solution:       hls (Vivado IP Flow Target)
* Product family: zynq
* Target device:  xc7z020-clg400-1


================================================================
== Performance Estimates
================================================================
+ Timing: 
    * Summary: 
    +--------+----------+----------+------------+
    |  Clock |  Target  | Estimated| Uncertainty|
    +--------+----------+----------+------------+
    |ap_clk  |  10.00 ns|  4.911 ns|     2.70 ns|
    +--------+----------+----------+------------+

+ Latency: 
    * Summary: 
    +---------+---------+----------+----------+-----+-----+------------------------------------------------+
    |  Latency (cycles) |  Latency (absolute) |  Interval |                    Pipeline                    |
    |   min   |   max   |    min   |    max   | min | max |                      Type                      |
    +---------+---------+----------+----------+-----+-----+------------------------------------------------+
    |       10|       10|  0.100 us|  0.100 us|    9|    9|  loop auto-rewind stp (delay=0 clock cycles(s))|
    +---------+---------+----------+----------+-----+-----+------------------------------------------------+

    + Detail: 
        * Instance: 
        N/A

        * Loop: 
        +-------------+---------+---------+----------+-----------+-----------+------+----------+
        |             |  Latency (cycles) | Iteration|  Initiation Interval  | Trip |          |
        |  Loop Name  |   min   |   max   |  Latency |  achieved |   target  | Count| Pipelined|
        +-------------+---------+---------+----------+-----------+-----------+------+----------+
        |- pack_loop  |        8|        8|         1|          1|          1|     8|       yes|
        +-------------+---------+---------+----------+-----------+-----------+------+----------+



================================================================
== Utilization Estimates
================================================================
* Summary: 
+-----------------+---------+-----+--------+-------+-----+
|       Name      | BRAM_18K| DSP |   FF   |  LUT  | URAM|
+-----------------+---------+-----+--------+-------+-----+
|DSP              |        -|    -|       -|      -|    -|
|Expression       |        -|    -|       0|     26|    -|
|FIFO             |        -|    -|       -|      -|    -|
|Instance         |        -|    -|       0|    672|    -|
|Memory           |        -|    -|       -|      -|    -|
|Multiplexer      |        -|    -|       0|     27|    -|
|Register         |        -|    -|     134|      -|    -|
+-----------------+---------+-----+--------+-------+-----+
|Total            |        0|    0|     134|    725|    0|
+-----------------+---------+-----+--------+-------+-----+
|Available        |      280|  220|  106400|  53200|    0|
+-----------------+---------+-----+--------+-------+-----+
|Utilization (%)  |        0|    0|      ~0|      1|    0|
+-----------------+---------+-----+--------+-------+-----+

+ Detail: 
    * Instance: 
    +---------------------------+----------------------+---------+----+---+----+-----+
    |          Instance         |        Module        | BRAM_18K| DSP| FF| LUT| URAM|
    +---------------------------+----------------------+---------+----+---+----+-----+
    |sparsemux_17_3_1_1_1_U180  |sparsemux_17_3_1_1_1  |        0|   0|  0|  42|    0|
    |sparsemux_17_3_1_1_1_U181  |sparsemux_17_3_1_1_1  |        0|   0|  0|  42|    0|
    |sparsemux_17_3_1_1_1_U182  |sparsemux_17_3_1_1_1  |        0|   0|  0|  42|    0|
    |sparsemux_17_3_1_1_1_U183  |sparsemux_17_3_1_1_1  |        0|   0|  0|  42|    0|
    |sparsemux_17_3_1_1_1_U184  |sparsemux_17_3_1_1_1  |        0|   0|  0|  42|    0|
    |sparsemux_17_3_1_1_1_U185  |sparsemux_17_3_1_1_1  |        0|   0|  0|  42|    0|
    |sparsemux_17_3_1_1_1_U186  |sparsemux_17_3_1_1_1  |        0|   0|  0|  42|    0|
    |sparsemux_17_3_1_1_1_U187  |sparsemux_17_3_1_1_1  |        0|   0|  0|  42|    0|
    |sparsemux_17_3_1_1_1_U188  |sparsemux_17_3_1_1_1  |        0|   0|  0|  42|    0|
    |sparsemux_17_3_1_1_1_U189  |sparsemux_17_3_1_1_1  |        0|   0|  0|  42|    0|
    |sparsemux_17_3_1_1_1_U190  |sparsemux_17_3_1_1_1  |        0|   0|  0|  42|    0|
    |sparsemux_17_3_1_1_1_U191  |sparsemux_17_3_1_1_1  |        0|   0|  0|  42|    0|
    |sparsemux_17_3_1_1_1_U192  |sparsemux_17_3_1_1_1  |        0|   0|  0|  42|    0|
    |sparsemux_17_3_1_1_1_U193  |sparsemux_17_3_1_1_1  |        0|   0|  0|  42|    0|
    |sparsemux_17_3_1_1_1_U194  |sparsemux_17_3_1_1_1  |        0|   0|  0|  42|    0|
    |sparsemux_17_3_1_1_1_U195  |sparsemux_17_3_1_1_1  |        0|   0|  0|  42|    0|
    +---------------------------+----------------------+---------+----+---+----+-----+
    |Total                      |                      |        0|   0|  0| 672|    0|
    +---------------------------+----------------------+---------+----+---+----+-----+

    * DSP: 
    N/A

    * Memory: 
    N/A

    * FIFO: 
    N/A

    * Expression: 
    +----------------------+----------+----+---+----+------------+------------+
    |     Variable Name    | Operation| DSP| FF| LUT| Bitwidth P0| Bitwidth P1|
    +----------------------+----------+----+---+----+------------+------------+
    |add_ln26_fu_1194_p2   |         +|   0|  0|  13|           4|           1|
    |icmp_ln26_fu_1188_p2  |      icmp|   0|  0|  13|           4|           5|
    +----------------------+----------+----+---+----+------------+------------+
    |Total                 |          |   0|  0|  26|           8|           6|
    +----------------------+----------+----+---+----+------------+------------+

    * Multiplexer: 
    +----------------------+----+-----------+-----+-----------+
    |         Name         | LUT| Input Size| Bits| Total Bits|
    +----------------------+----+-----------+-----+-----------+
    |ap_done_int           |   9|          2|    1|          2|
    |ap_sig_allocacmp_w_2  |   9|          2|    4|          8|
    |w_fu_320              |   9|          2|    4|          8|
    +----------------------+----+-----------+-----+-----------+
    |Total                 |  27|          6|    9|         18|
    +----------------------+----+-----------+-----+-----------+

    * Register: 
    +----------------------+----+----+-----+-----------+
    |         Name         | FF | LUT| Bits| Const Bits|
    +----------------------+----+----+-----+-----------+
    |ap_CS_fsm             |   1|   0|    1|          0|
    |ap_done_reg           |   1|   0|    1|          0|
    |p_0_028288_fu_324     |  16|   0|   16|          0|
    |p_0_0282_190_fu_328   |  16|   0|   16|          0|
    |p_0_0282_292_fu_332   |  16|   0|   16|          0|
    |p_0_0282_394_fu_336   |  16|   0|   16|          0|
    |p_0_0282_496_fu_340   |  16|   0|   16|          0|
    |p_0_0282_598_fu_344   |  16|   0|   16|          0|
    |p_0_0282_6100_fu_348  |  16|   0|   16|          0|
    |p_0_0282_7102_fu_352  |  16|   0|   16|          0|
    |w_fu_320              |   4|   0|    4|          0|
    +----------------------+----+----+-----+-----------+
    |Total                 | 134|   0|  134|          0|
    +----------------------+----+----+-----+-----------+



================================================================
== Interface
================================================================
* Summary: 
+--------------------------+-----+-----+------------+------------------------+--------------+
|         RTL Ports        | Dir | Bits|  Protocol  |      Source Object     |    C Type    |
+--------------------------+-----+-----+------------+------------------------+--------------+
|ap_clk                    |   in|    1|  ap_ctrl_hs|  bnn_Pipeline_pack_loop|  return value|
|ap_rst                    |   in|    1|  ap_ctrl_hs|  bnn_Pipeline_pack_loop|  return value|
|ap_start                  |   in|    1|  ap_ctrl_hs|  bnn_Pipeline_pack_loop|  return value|
|ap_done                   |  out|    1|  ap_ctrl_hs|  bnn_Pipeline_pack_loop|  return value|
|ap_idle                   |  out|    1|  ap_ctrl_hs|  bnn_Pipeline_pack_loop|  return value|
|ap_ready                  |  out|    1|  ap_ctrl_hs|  bnn_Pipeline_pack_loop|  return value|
|l1_bits_reload            |   in|    1|     ap_none|          l1_bits_reload|        scalar|
|l1_bits_16_reload         |   in|    1|     ap_none|       l1_bits_16_reload|        scalar|
|l1_bits_32_reload         |   in|    1|     ap_none|       l1_bits_32_reload|        scalar|
|l1_bits_48_reload         |   in|    1|     ap_none|       l1_bits_48_reload|        scalar|
|l1_bits_64_reload         |   in|    1|     ap_none|       l1_bits_64_reload|        scalar|
|l1_bits_80_reload         |   in|    1|     ap_none|       l1_bits_80_reload|        scalar|
|l1_bits_96_reload         |   in|    1|     ap_none|       l1_bits_96_reload|        scalar|
|l1_bits_112_reload        |   in|    1|     ap_none|      l1_bits_112_reload|        scalar|
|l1_bits_1_reload          |   in|    1|     ap_none|        l1_bits_1_reload|        scalar|
|l1_bits_17_reload         |   in|    1|     ap_none|       l1_bits_17_reload|        scalar|
|l1_bits_33_reload         |   in|    1|     ap_none|       l1_bits_33_reload|        scalar|
|l1_bits_49_reload         |   in|    1|     ap_none|       l1_bits_49_reload|        scalar|
|l1_bits_65_reload         |   in|    1|     ap_none|       l1_bits_65_reload|        scalar|
|l1_bits_81_reload         |   in|    1|     ap_none|       l1_bits_81_reload|        scalar|
|l1_bits_97_reload         |   in|    1|     ap_none|       l1_bits_97_reload|        scalar|
|l1_bits_113_reload        |   in|    1|     ap_none|      l1_bits_113_reload|        scalar|
|l1_bits_2_reload          |   in|    1|     ap_none|        l1_bits_2_reload|        scalar|
|l1_bits_18_reload         |   in|    1|     ap_none|       l1_bits_18_reload|        scalar|
|l1_bits_34_reload         |   in|    1|     ap_none|       l1_bits_34_reload|        scalar|
|l1_bits_50_reload         |   in|    1|     ap_none|       l1_bits_50_reload|        scalar|
|l1_bits_66_reload         |   in|    1|     ap_none|       l1_bits_66_reload|        scalar|
|l1_bits_82_reload         |   in|    1|     ap_none|       l1_bits_82_reload|        scalar|
|l1_bits_98_reload         |   in|    1|     ap_none|       l1_bits_98_reload|        scalar|
|l1_bits_114_reload        |   in|    1|     ap_none|      l1_bits_114_reload|        scalar|
|l1_bits_3_reload          |   in|    1|     ap_none|        l1_bits_3_reload|        scalar|
|l1_bits_19_reload         |   in|    1|     ap_none|       l1_bits_19_reload|        scalar|
|l1_bits_35_reload         |   in|    1|     ap_none|       l1_bits_35_reload|        scalar|
|l1_bits_51_reload         |   in|    1|     ap_none|       l1_bits_51_reload|        scalar|
|l1_bits_67_reload         |   in|    1|     ap_none|       l1_bits_67_reload|        scalar|
|l1_bits_83_reload         |   in|    1|     ap_none|       l1_bits_83_reload|        scalar|
|l1_bits_99_reload         |   in|    1|     ap_none|       l1_bits_99_reload|        scalar|
|l1_bits_115_reload        |   in|    1|     ap_none|      l1_bits_115_reload|        scalar|
|l1_bits_4_reload          |   in|    1|     ap_none|        l1_bits_4_reload|        scalar|
|l1_bits_20_reload         |   in|    1|     ap_none|       l1_bits_20_reload|        scalar|
|l1_bits_36_reload         |   in|    1|     ap_none|       l1_bits_36_reload|        scalar|
|l1_bits_52_reload         |   in|    1|     ap_none|       l1_bits_52_reload|        scalar|
|l1_bits_68_reload         |   in|    1|     ap_none|       l1_bits_68_reload|        scalar|
|l1_bits_84_reload         |   in|    1|     ap_none|       l1_bits_84_reload|        scalar|
|l1_bits_100_reload        |   in|    1|     ap_none|      l1_bits_100_reload|        scalar|
|l1_bits_116_reload        |   in|    1|     ap_none|      l1_bits_116_reload|        scalar|
|l1_bits_5_reload          |   in|    1|     ap_none|        l1_bits_5_reload|        scalar|
|l1_bits_21_reload         |   in|    1|     ap_none|       l1_bits_21_reload|        scalar|
|l1_bits_37_reload         |   in|    1|     ap_none|       l1_bits_37_reload|        scalar|
|l1_bits_53_reload         |   in|    1|     ap_none|       l1_bits_53_reload|        scalar|
|l1_bits_69_reload         |   in|    1|     ap_none|       l1_bits_69_reload|        scalar|
|l1_bits_85_reload         |   in|    1|     ap_none|       l1_bits_85_reload|        scalar|
|l1_bits_101_reload        |   in|    1|     ap_none|      l1_bits_101_reload|        scalar|
|l1_bits_117_reload        |   in|    1|     ap_none|      l1_bits_117_reload|        scalar|
|l1_bits_6_reload          |   in|    1|     ap_none|        l1_bits_6_reload|        scalar|
|l1_bits_22_reload         |   in|    1|     ap_none|       l1_bits_22_reload|        scalar|
|l1_bits_38_reload         |   in|    1|     ap_none|       l1_bits_38_reload|        scalar|
|l1_bits_54_reload         |   in|    1|     ap_none|       l1_bits_54_reload|        scalar|
|l1_bits_70_reload         |   in|    1|     ap_none|       l1_bits_70_reload|        scalar|
|l1_bits_86_reload         |   in|    1|     ap_none|       l1_bits_86_reload|        scalar|
|l1_bits_102_reload        |   in|    1|     ap_none|      l1_bits_102_reload|        scalar|
|l1_bits_118_reload        |   in|    1|     ap_none|      l1_bits_118_reload|        scalar|
|l1_bits_7_reload          |   in|    1|     ap_none|        l1_bits_7_reload|        scalar|
|l1_bits_23_reload         |   in|    1|     ap_none|       l1_bits_23_reload|        scalar|
|l1_bits_39_reload         |   in|    1|     ap_none|       l1_bits_39_reload|        scalar|
|l1_bits_55_reload         |   in|    1|     ap_none|       l1_bits_55_reload|        scalar|
|l1_bits_71_reload         |   in|    1|     ap_none|       l1_bits_71_reload|        scalar|
|l1_bits_87_reload         |   in|    1|     ap_none|       l1_bits_87_reload|        scalar|
|l1_bits_103_reload        |   in|    1|     ap_none|      l1_bits_103_reload|        scalar|
|l1_bits_119_reload        |   in|    1|     ap_none|      l1_bits_119_reload|        scalar|
|l1_bits_8_reload          |   in|    1|     ap_none|        l1_bits_8_reload|        scalar|
|l1_bits_24_reload         |   in|    1|     ap_none|       l1_bits_24_reload|        scalar|
|l1_bits_40_reload         |   in|    1|     ap_none|       l1_bits_40_reload|        scalar|
|l1_bits_56_reload         |   in|    1|     ap_none|       l1_bits_56_reload|        scalar|
|l1_bits_72_reload         |   in|    1|     ap_none|       l1_bits_72_reload|        scalar|
|l1_bits_88_reload         |   in|    1|     ap_none|       l1_bits_88_reload|        scalar|
|l1_bits_104_reload        |   in|    1|     ap_none|      l1_bits_104_reload|        scalar|
|l1_bits_120_reload        |   in|    1|     ap_none|      l1_bits_120_reload|        scalar|
|l1_bits_9_reload          |   in|    1|     ap_none|        l1_bits_9_reload|        scalar|
|l1_bits_25_reload         |   in|    1|     ap_none|       l1_bits_25_reload|        scalar|
|l1_bits_41_reload         |   in|    1|     ap_none|       l1_bits_41_reload|        scalar|
|l1_bits_57_reload         |   in|    1|     ap_none|       l1_bits_57_reload|        scalar|
|l1_bits_73_reload         |   in|    1|     ap_none|       l1_bits_73_reload|        scalar|
|l1_bits_89_reload         |   in|    1|     ap_none|       l1_bits_89_reload|        scalar|
|l1_bits_105_reload        |   in|    1|     ap_none|      l1_bits_105_reload|        scalar|
|l1_bits_121_reload        |   in|    1|     ap_none|      l1_bits_121_reload|        scalar|
|l1_bits_10_reload         |   in|    1|     ap_none|       l1_bits_10_reload|        scalar|
|l1_bits_26_reload         |   in|    1|     ap_none|       l1_bits_26_reload|        scalar|
|l1_bits_42_reload         |   in|    1|     ap_none|       l1_bits_42_reload|        scalar|
|l1_bits_58_reload         |   in|    1|     ap_none|       l1_bits_58_reload|        scalar|
|l1_bits_74_reload         |   in|    1|     ap_none|       l1_bits_74_reload|        scalar|
|l1_bits_90_reload         |   in|    1|     ap_none|       l1_bits_90_reload|        scalar|
|l1_bits_106_reload        |   in|    1|     ap_none|      l1_bits_106_reload|        scalar|
|l1_bits_122_reload        |   in|    1|     ap_none|      l1_bits_122_reload|        scalar|
|l1_bits_11_reload         |   in|    1|     ap_none|       l1_bits_11_reload|        scalar|
|l1_bits_27_reload         |   in|    1|     ap_none|       l1_bits_27_reload|        scalar|
|l1_bits_43_reload         |   in|    1|     ap_none|       l1_bits_43_reload|        scalar|
|l1_bits_59_reload         |   in|    1|     ap_none|       l1_bits_59_reload|        scalar|
|l1_bits_75_reload         |   in|    1|     ap_none|       l1_bits_75_reload|        scalar|
|l1_bits_91_reload         |   in|    1|     ap_none|       l1_bits_91_reload|        scalar|
|l1_bits_107_reload        |   in|    1|     ap_none|      l1_bits_107_reload|        scalar|
|l1_bits_123_reload        |   in|    1|     ap_none|      l1_bits_123_reload|        scalar|
|l1_bits_12_reload         |   in|    1|     ap_none|       l1_bits_12_reload|        scalar|
|l1_bits_28_reload         |   in|    1|     ap_none|       l1_bits_28_reload|        scalar|
|l1_bits_44_reload         |   in|    1|     ap_none|       l1_bits_44_reload|        scalar|
|l1_bits_60_reload         |   in|    1|     ap_none|       l1_bits_60_reload|        scalar|
|l1_bits_76_reload         |   in|    1|     ap_none|       l1_bits_76_reload|        scalar|
|l1_bits_92_reload         |   in|    1|     ap_none|       l1_bits_92_reload|        scalar|
|l1_bits_108_reload        |   in|    1|     ap_none|      l1_bits_108_reload|        scalar|
|l1_bits_124_reload        |   in|    1|     ap_none|      l1_bits_124_reload|        scalar|
|l1_bits_13_reload         |   in|    1|     ap_none|       l1_bits_13_reload|        scalar|
|l1_bits_29_reload         |   in|    1|     ap_none|       l1_bits_29_reload|        scalar|
|l1_bits_45_reload         |   in|    1|     ap_none|       l1_bits_45_reload|        scalar|
|l1_bits_61_reload         |   in|    1|     ap_none|       l1_bits_61_reload|        scalar|
|l1_bits_77_reload         |   in|    1|     ap_none|       l1_bits_77_reload|        scalar|
|l1_bits_93_reload         |   in|    1|     ap_none|       l1_bits_93_reload|        scalar|
|l1_bits_109_reload        |   in|    1|     ap_none|      l1_bits_109_reload|        scalar|
|l1_bits_125_reload        |   in|    1|     ap_none|      l1_bits_125_reload|        scalar|
|l1_bits_14_reload         |   in|    1|     ap_none|       l1_bits_14_reload|        scalar|
|l1_bits_30_reload         |   in|    1|     ap_none|       l1_bits_30_reload|        scalar|
|l1_bits_46_reload         |   in|    1|     ap_none|       l1_bits_46_reload|        scalar|
|l1_bits_62_reload         |   in|    1|     ap_none|       l1_bits_62_reload|        scalar|
|l1_bits_78_reload         |   in|    1|     ap_none|       l1_bits_78_reload|        scalar|
|l1_bits_94_reload         |   in|    1|     ap_none|       l1_bits_94_reload|        scalar|
|l1_bits_110_reload        |   in|    1|     ap_none|      l1_bits_110_reload|        scalar|
|l1_bits_126_reload        |   in|    1|     ap_none|      l1_bits_126_reload|        scalar|
|l1_bits_15_reload         |   in|    1|     ap_none|       l1_bits_15_reload|        scalar|
|l1_bits_31_reload         |   in|    1|     ap_none|       l1_bits_31_reload|        scalar|
|l1_bits_47_reload         |   in|    1|     ap_none|       l1_bits_47_reload|        scalar|
|l1_bits_63_reload         |   in|    1|     ap_none|       l1_bits_63_reload|        scalar|
|l1_bits_79_reload         |   in|    1|     ap_none|       l1_bits_79_reload|        scalar|
|l1_bits_95_reload         |   in|    1|     ap_none|       l1_bits_95_reload|        scalar|
|l1_bits_111_reload        |   in|    1|     ap_none|      l1_bits_111_reload|        scalar|
|l1_bits_127_reload        |   in|    1|     ap_none|      l1_bits_127_reload|        scalar|
|p_0_0282_7102_out         |  out|   16|      ap_vld|       p_0_0282_7102_out|       pointer|
|p_0_0282_7102_out_ap_vld  |  out|    1|      ap_vld|       p_0_0282_7102_out|       pointer|
|p_0_0282_6100_out         |  out|   16|      ap_vld|       p_0_0282_6100_out|       pointer|
|p_0_0282_6100_out_ap_vld  |  out|    1|      ap_vld|       p_0_0282_6100_out|       pointer|
|p_0_0282_598_out          |  out|   16|      ap_vld|        p_0_0282_598_out|       pointer|
|p_0_0282_598_out_ap_vld   |  out|    1|      ap_vld|        p_0_0282_598_out|       pointer|
|p_0_0282_496_out          |  out|   16|      ap_vld|        p_0_0282_496_out|       pointer|
|p_0_0282_496_out_ap_vld   |  out|    1|      ap_vld|        p_0_0282_496_out|       pointer|
|p_0_0282_394_out          |  out|   16|      ap_vld|        p_0_0282_394_out|       pointer|
|p_0_0282_394_out_ap_vld   |  out|    1|      ap_vld|        p_0_0282_394_out|       pointer|
|p_0_0282_292_out          |  out|   16|      ap_vld|        p_0_0282_292_out|       pointer|
|p_0_0282_292_out_ap_vld   |  out|    1|      ap_vld|        p_0_0282_292_out|       pointer|
|p_0_0282_190_out          |  out|   16|      ap_vld|        p_0_0282_190_out|       pointer|
|p_0_0282_190_out_ap_vld   |  out|    1|      ap_vld|        p_0_0282_190_out|       pointer|
|p_0_028288_out            |  out|   16|      ap_vld|          p_0_028288_out|       pointer|
|p_0_028288_out_ap_vld     |  out|    1|      ap_vld|          p_0_028288_out|       pointer|
+--------------------------+-----+-----+------------+------------------------+--------------+

============================================================
+ Verbose Summary: Synthesis Manager
============================================================
InlineROM: 1
ExposeGlobal: 0
============================================================
+ Verbose Summary: CDFG Model
============================================================
IsTopModel: 0
ResetActiveHigh: 1
IsCombinational: 2
IsDatapathOnly: 2
HasWiredReturn: 1
HasMFsm: 2
HasVarLatency: 1
IsPipeline: 0
IsRtlPipelined: 0
IsInstanceOverlapped: 0
IsDontTouch: 0
HasImplIP: 0
IsGatedGlobalClock: 0

+ Individual pipeline summary: 
  * Pipeline-0: initiation interval (II) = 1, depth = 1


============================================================
+ Verbose Summary: Schedule
============================================================
* Number of FSM states : 1
* Pipeline : 1
  Pipeline-0 : II = 1, D = 1, States = { 1 }
* Dataflow Pipeline: 0

* FSM state transitions: 
1 --> 

* FSM state operations: 

State 1 <SV = 0> <Delay = 4.91>
ST_1 : Operation 4 [1/1] (0.00ns)   --->   "%w = alloca i32 1" [bnn.cpp:26->bnn.cpp:111]   --->   Operation 4 'alloca' 'w' <Predicate = true> <Delay = 0.00>
ST_1 : Operation 5 [1/1] (0.00ns)   --->   "%p_0_028288 = alloca i32 1"   --->   Operation 5 'alloca' 'p_0_028288' <Predicate = true> <Delay = 0.00>
ST_1 : Operation 6 [1/1] (0.00ns)   --->   "%p_0_0282_190 = alloca i32 1"   --->   Operation 6 'alloca' 'p_0_0282_190' <Predicate = true> <Delay = 0.00>
ST_1 : Operation 7 [1/1] (0.00ns)   --->   "%p_0_0282_292 = alloca i32 1"   --->   Operation 7 'alloca' 'p_0_0282_292' <Predicate = true> <Delay = 0.00>
ST_1 : Operation 8 [1/1] (0.00ns)   --->   "%p_0_0282_394 = alloca i32 1"   --->   Operation 8 'alloca' 'p_0_0282_394' <Predicate = true> <Delay = 0.00>
ST_1 : Operation 9 [1/1] (0.00ns)   --->   "%p_0_0282_496 = alloca i32 1"   --->   Operation 9 'alloca' 'p_0_0282_496' <Predicate = true> <Delay = 0.00>
ST_1 : Operation 10 [1/1] (0.00ns)   --->   "%p_0_0282_598 = alloca i32 1"   --->   Operation 10 'alloca' 'p_0_0282_598' <Predicate = true> <Delay = 0.00>
ST_1 : Operation 11 [1/1] (0.00ns)   --->   "%p_0_0282_6100 = alloca i32 1"   --->   Operation 11 'alloca' 'p_0_0282_6100' <Predicate = true> <Delay = 0.00>
ST_1 : Operation 12 [1/1] (0.00ns)   --->   "%p_0_0282_7102 = alloca i32 1"   --->   Operation 12 'alloca' 'p_0_0282_7102' <Predicate = true> <Delay = 0.00>
ST_1 : Operation 13 [1/1] (0.00ns)   --->   "%l1_bits_127_reload_read = read i1 @_ssdm_op_Read.ap_auto.i1, i1 %l1_bits_127_reload"   --->   Operation 13 'read' 'l1_bits_127_reload_read' <Predicate = true> <Delay = 0.00>
ST_1 : Operation 14 [1/1] (0.00ns)   --->   "%l1_bits_111_reload_read = read i1 @_ssdm_op_Read.ap_auto.i1, i1 %l1_bits_111_reload"   --->   Operation 14 'read' 'l1_bits_111_reload_read' <Predicate = true> <Delay = 0.00>
ST_1 : Operation 15 [1/1] (0.00ns)   --->   "%l1_bits_95_reload_read = read i1 @_ssdm_op_Read.ap_auto.i1, i1 %l1_bits_95_reload"   --->   Operation 15 'read' 'l1_bits_95_reload_read' <Predicate = true> <Delay = 0.00>
ST_1 : Operation 16 [1/1] (0.00ns)   --->   "%l1_bits_79_reload_read = read i1 @_ssdm_op_Read.ap_auto.i1, i1 %l1_bits_79_reload"   --->   Operation 16 'read' 'l1_bits_79_reload_read' <Predicate = true> <Delay = 0.00>
ST_1 : Operation 17 [1/1] (0.00ns)   --->   "%l1_bits_63_reload_read = read i1 @_ssdm_op_Read.ap_auto.i1, i1 %l1_bits_63_reload"   --->   Operation 17 'read' 'l1_bits_63_reload_read' <Predicate = true> <Delay = 0.00>
ST_1 : Operation 18 [1/1] (0.00ns)   --->   "%l1_bits_47_reload_read = read i1 @_ssdm_op_Read.ap_auto.i1, i1 %l1_bits_47_reload"   --->   Operation 18 'read' 'l1_bits_47_reload_read' <Predicate = true> <Delay = 0.00>
ST_1 : Operation 19 [1/1] (0.00ns)   --->   "%l1_bits_31_reload_read = read i1 @_ssdm_op_Read.ap_auto.i1, i1 %l1_bits_31_reload"   --->   Operation 19 'read' 'l1_bits_31_reload_read' <Predicate = true> <Delay = 0.00>
ST_1 : Operation 20 [1/1] (0.00ns)   --->   "%l1_bits_15_reload_read = read i1 @_ssdm_op_Read.ap_auto.i1, i1 %l1_bits_15_reload"   --->   Operation 20 'read' 'l1_bits_15_reload_read' <Predicate = true> <Delay = 0.00>
ST_1 : Operation 21 [1/1] (0.00ns)   --->   "%l1_bits_126_reload_read = read i1 @_ssdm_op_Read.ap_auto.i1, i1 %l1_bits_126_reload"   --->   Operation 21 'read' 'l1_bits_126_reload_read' <Predicate = true> <Delay = 0.00>
ST_1 : Operation 22 [1/1] (0.00ns)   --->   "%l1_bits_110_reload_read = read i1 @_ssdm_op_Read.ap_auto.i1, i1 %l1_bits_110_reload"   --->   Operation 22 'read' 'l1_bits_110_reload_read' <Predicate = true> <Delay = 0.00>
ST_1 : Operation 23 [1/1] (0.00ns)   --->   "%l1_bits_94_reload_read = read i1 @_ssdm_op_Read.ap_auto.i1, i1 %l1_bits_94_reload"   --->   Operation 23 'read' 'l1_bits_94_reload_read' <Predicate = true> <Delay = 0.00>
ST_1 : Operation 24 [1/1] (0.00ns)   --->   "%l1_bits_78_reload_read = read i1 @_ssdm_op_Read.ap_auto.i1, i1 %l1_bits_78_reload"   --->   Operation 24 'read' 'l1_bits_78_reload_read' <Predicate = true> <Delay = 0.00>
ST_1 : Operation 25 [1/1] (0.00ns)   --->   "%l1_bits_62_reload_read = read i1 @_ssdm_op_Read.ap_auto.i1, i1 %l1_bits_62_reload"   --->   Operation 25 'read' 'l1_bits_62_reload_read' <Predicate = true> <Delay = 0.00>
ST_1 : Operation 26 [1/1] (0.00ns)   --->   "%l1_bits_46_reload_read = read i1 @_ssdm_op_Read.ap_auto.i1, i1 %l1_bits_46_reload"   --->   Operation 26 'read' 'l1_bits_46_reload_read' <Predicate = true> <Delay = 0.00>
ST_1 : Operation 27 [1/1] (0.00ns)   --->   "%l1_bits_30_reload_read = read i1 @_ssdm_op_Read.ap_auto.i1, i1 %l1_bits_30_reload"   --->   Operation 27 'read' 'l1_bits_30_reload_read' <Predicate = true> <Delay = 0.00>
ST_1 : Operation 28 [1/1] (0.00ns)   --->   "%l1_bits_14_reload_read = read i1 @_ssdm_op_Read.ap_auto.i1, i1 %l1_bits_14_reload"   --->   Operation 28 'read' 'l1_bits_14_reload_read' <Predicate = true> <Delay = 0.00>
ST_1 : Operation 29 [1/1] (0.00ns)   --->   "%l1_bits_125_reload_read = read i1 @_ssdm_op_Read.ap_auto.i1, i1 %l1_bits_125_reload"   --->   Operation 29 'read' 'l1_bits_125_reload_read' <Predicate = true> <Delay = 0.00>
ST_1 : Operation 30 [1/1] (0.00ns)   --->   "%l1_bits_109_reload_read = read i1 @_ssdm_op_Read.ap_auto.i1, i1 %l1_bits_109_reload"   --->   Operation 30 'read' 'l1_bits_109_reload_read' <Predicate = true> <Delay = 0.00>
ST_1 : Operation 31 [1/1] (0.00ns)   --->   "%l1_bits_93_reload_read = read i1 @_ssdm_op_Read.ap_auto.i1, i1 %l1_bits_93_reload"   --->   Operation 31 'read' 'l1_bits_93_reload_read' <Predicate = true> <Delay = 0.00>
ST_1 : Operation 32 [1/1] (0.00ns)   --->   "%l1_bits_77_reload_read = read i1 @_ssdm_op_Read.ap_auto.i1, i1 %l1_bits_77_reload"   --->   Operation 32 'read' 'l1_bits_77_reload_read' <Predicate = true> <Delay = 0.00>
ST_1 : Operation 33 [1/1] (0.00ns)   --->   "%l1_bits_61_reload_read = read i1 @_ssdm_op_Read.ap_auto.i1, i1 %l1_bits_61_reload"   --->   Operation 33 'read' 'l1_bits_61_reload_read' <Predicate = true> <Delay = 0.00>
ST_1 : Operation 34 [1/1] (0.00ns)   --->   "%l1_bits_45_reload_read = read i1 @_ssdm_op_Read.ap_auto.i1, i1 %l1_bits_45_reload"   --->   Operation 34 'read' 'l1_bits_45_reload_read' <Predicate = true> <Delay = 0.00>
ST_1 : Operation 35 [1/1] (0.00ns)   --->   "%l1_bits_29_reload_read = read i1 @_ssdm_op_Read.ap_auto.i1, i1 %l1_bits_29_reload"   --->   Operation 35 'read' 'l1_bits_29_reload_read' <Predicate = true> <Delay = 0.00>
ST_1 : Operation 36 [1/1] (0.00ns)   --->   "%l1_bits_13_reload_read = read i1 @_ssdm_op_Read.ap_auto.i1, i1 %l1_bits_13_reload"   --->   Operation 36 'read' 'l1_bits_13_reload_read' <Predicate = true> <Delay = 0.00>
ST_1 : Operation 37 [1/1] (0.00ns)   --->   "%l1_bits_124_reload_read = read i1 @_ssdm_op_Read.ap_auto.i1, i1 %l1_bits_124_reload"   --->   Operation 37 'read' 'l1_bits_124_reload_read' <Predicate = true> <Delay = 0.00>
ST_1 : Operation 38 [1/1] (0.00ns)   --->   "%l1_bits_108_reload_read = read i1 @_ssdm_op_Read.ap_auto.i1, i1 %l1_bits_108_reload"   --->   Operation 38 'read' 'l1_bits_108_reload_read' <Predicate = true> <Delay = 0.00>
ST_1 : Operation 39 [1/1] (0.00ns)   --->   "%l1_bits_92_reload_read = read i1 @_ssdm_op_Read.ap_auto.i1, i1 %l1_bits_92_reload"   --->   Operation 39 'read' 'l1_bits_92_reload_read' <Predicate = true> <Delay = 0.00>
ST_1 : Operation 40 [1/1] (0.00ns)   --->   "%l1_bits_76_reload_read = read i1 @_ssdm_op_Read.ap_auto.i1, i1 %l1_bits_76_reload"   --->   Operation 40 'read' 'l1_bits_76_reload_read' <Predicate = true> <Delay = 0.00>
ST_1 : Operation 41 [1/1] (0.00ns)   --->   "%l1_bits_60_reload_read = read i1 @_ssdm_op_Read.ap_auto.i1, i1 %l1_bits_60_reload"   --->   Operation 41 'read' 'l1_bits_60_reload_read' <Predicate = true> <Delay = 0.00>
ST_1 : Operation 42 [1/1] (0.00ns)   --->   "%l1_bits_44_reload_read = read i1 @_ssdm_op_Read.ap_auto.i1, i1 %l1_bits_44_reload"   --->   Operation 42 'read' 'l1_bits_44_reload_read' <Predicate = true> <Delay = 0.00>
ST_1 : Operation 43 [1/1] (0.00ns)   --->   "%l1_bits_28_reload_read = read i1 @_ssdm_op_Read.ap_auto.i1, i1 %l1_bits_28_reload"   --->   Operation 43 'read' 'l1_bits_28_reload_read' <Predicate = true> <Delay = 0.00>
ST_1 : Operation 44 [1/1] (0.00ns)   --->   "%l1_bits_12_reload_read = read i1 @_ssdm_op_Read.ap_auto.i1, i1 %l1_bits_12_reload"   --->   Operation 44 'read' 'l1_bits_12_reload_read' <Predicate = true> <Delay = 0.00>
ST_1 : Operation 45 [1/1] (0.00ns)   --->   "%l1_bits_123_reload_read = read i1 @_ssdm_op_Read.ap_auto.i1, i1 %l1_bits_123_reload"   --->   Operation 45 'read' 'l1_bits_123_reload_read' <Predicate = true> <Delay = 0.00>
ST_1 : Operation 46 [1/1] (0.00ns)   --->   "%l1_bits_107_reload_read = read i1 @_ssdm_op_Read.ap_auto.i1, i1 %l1_bits_107_reload"   --->   Operation 46 'read' 'l1_bits_107_reload_read' <Predicate = true> <Delay = 0.00>
ST_1 : Operation 47 [1/1] (0.00ns)   --->   "%l1_bits_91_reload_read = read i1 @_ssdm_op_Read.ap_auto.i1, i1 %l1_bits_91_reload"   --->   Operation 47 'read' 'l1_bits_91_reload_read' <Predicate = true> <Delay = 0.00>
ST_1 : Operation 48 [1/1] (0.00ns)   --->   "%l1_bits_75_reload_read = read i1 @_ssdm_op_Read.ap_auto.i1, i1 %l1_bits_75_reload"   --->   Operation 48 'read' 'l1_bits_75_reload_read' <Predicate = true> <Delay = 0.00>
ST_1 : Operation 49 [1/1] (0.00ns)   --->   "%l1_bits_59_reload_read = read i1 @_ssdm_op_Read.ap_auto.i1, i1 %l1_bits_59_reload"   --->   Operation 49 'read' 'l1_bits_59_reload_read' <Predicate = true> <Delay = 0.00>
ST_1 : Operation 50 [1/1] (0.00ns)   --->   "%l1_bits_43_reload_read = read i1 @_ssdm_op_Read.ap_auto.i1, i1 %l1_bits_43_reload"   --->   Operation 50 'read' 'l1_bits_43_reload_read' <Predicate = true> <Delay = 0.00>
ST_1 : Operation 51 [1/1] (0.00ns)   --->   "%l1_bits_27_reload_read = read i1 @_ssdm_op_Read.ap_auto.i1, i1 %l1_bits_27_reload"   --->   Operation 51 'read' 'l1_bits_27_reload_read' <Predicate = true> <Delay = 0.00>
ST_1 : Operation 52 [1/1] (0.00ns)   --->   "%l1_bits_11_reload_read = read i1 @_ssdm_op_Read.ap_auto.i1, i1 %l1_bits_11_reload"   --->   Operation 52 'read' 'l1_bits_11_reload_read' <Predicate = true> <Delay = 0.00>
ST_1 : Operation 53 [1/1] (0.00ns)   --->   "%l1_bits_122_reload_read = read i1 @_ssdm_op_Read.ap_auto.i1, i1 %l1_bits_122_reload"   --->   Operation 53 'read' 'l1_bits_122_reload_read' <Predicate = true> <Delay = 0.00>
ST_1 : Operation 54 [1/1] (0.00ns)   --->   "%l1_bits_106_reload_read = read i1 @_ssdm_op_Read.ap_auto.i1, i1 %l1_bits_106_reload"   --->   Operation 54 'read' 'l1_bits_106_reload_read' <Predicate = true> <Delay = 0.00>
ST_1 : Operation 55 [1/1] (0.00ns)   --->   "%l1_bits_90_reload_read = read i1 @_ssdm_op_Read.ap_auto.i1, i1 %l1_bits_90_reload"   --->   Operation 55 'read' 'l1_bits_90_reload_read' <Predicate = true> <Delay = 0.00>
ST_1 : Operation 56 [1/1] (0.00ns)   --->   "%l1_bits_74_reload_read = read i1 @_ssdm_op_Read.ap_auto.i1, i1 %l1_bits_74_reload"   --->   Operation 56 'read' 'l1_bits_74_reload_read' <Predicate = true> <Delay = 0.00>
ST_1 : Operation 57 [1/1] (0.00ns)   --->   "%l1_bits_58_reload_read = read i1 @_ssdm_op_Read.ap_auto.i1, i1 %l1_bits_58_reload"   --->   Operation 57 'read' 'l1_bits_58_reload_read' <Predicate = true> <Delay = 0.00>
ST_1 : Operation 58 [1/1] (0.00ns)   --->   "%l1_bits_42_reload_read = read i1 @_ssdm_op_Read.ap_auto.i1, i1 %l1_bits_42_reload"   --->   Operation 58 'read' 'l1_bits_42_reload_read' <Predicate = true> <Delay = 0.00>
ST_1 : Operation 59 [1/1] (0.00ns)   --->   "%l1_bits_26_reload_read = read i1 @_ssdm_op_Read.ap_auto.i1, i1 %l1_bits_26_reload"   --->   Operation 59 'read' 'l1_bits_26_reload_read' <Predicate = true> <Delay = 0.00>
ST_1 : Operation 60 [1/1] (0.00ns)   --->   "%l1_bits_10_reload_read = read i1 @_ssdm_op_Read.ap_auto.i1, i1 %l1_bits_10_reload"   --->   Operation 60 'read' 'l1_bits_10_reload_read' <Predicate = true> <Delay = 0.00>
ST_1 : Operation 61 [1/1] (0.00ns)   --->   "%l1_bits_121_reload_read = read i1 @_ssdm_op_Read.ap_auto.i1, i1 %l1_bits_121_reload"   --->   Operation 61 'read' 'l1_bits_121_reload_read' <Predicate = true> <Delay = 0.00>
ST_1 : Operation 62 [1/1] (0.00ns)   --->   "%l1_bits_105_reload_read = read i1 @_ssdm_op_Read.ap_auto.i1, i1 %l1_bits_105_reload"   --->   Operation 62 'read' 'l1_bits_105_reload_read' <Predicate = true> <Delay = 0.00>
ST_1 : Operation 63 [1/1] (0.00ns)   --->   "%l1_bits_89_reload_read = read i1 @_ssdm_op_Read.ap_auto.i1, i1 %l1_bits_89_reload"   --->   Operation 63 'read' 'l1_bits_89_reload_read' <Predicate = true> <Delay = 0.00>
ST_1 : Operation 64 [1/1] (0.00ns)   --->   "%l1_bits_73_reload_read = read i1 @_ssdm_op_Read.ap_auto.i1, i1 %l1_bits_73_reload"   --->   Operation 64 'read' 'l1_bits_73_reload_read' <Predicate = true> <Delay = 0.00>
ST_1 : Operation 65 [1/1] (0.00ns)   --->   "%l1_bits_57_reload_read = read i1 @_ssdm_op_Read.ap_auto.i1, i1 %l1_bits_57_reload"   --->   Operation 65 'read' 'l1_bits_57_reload_read' <Predicate = true> <Delay = 0.00>
ST_1 : Operation 66 [1/1] (0.00ns)   --->   "%l1_bits_41_reload_read = read i1 @_ssdm_op_Read.ap_auto.i1, i1 %l1_bits_41_reload"   --->   Operation 66 'read' 'l1_bits_41_reload_read' <Predicate = true> <Delay = 0.00>
ST_1 : Operation 67 [1/1] (0.00ns)   --->   "%l1_bits_25_reload_read = read i1 @_ssdm_op_Read.ap_auto.i1, i1 %l1_bits_25_reload"   --->   Operation 67 'read' 'l1_bits_25_reload_read' <Predicate = true> <Delay = 0.00>
ST_1 : Operation 68 [1/1] (0.00ns)   --->   "%l1_bits_9_reload_read = read i1 @_ssdm_op_Read.ap_auto.i1, i1 %l1_bits_9_reload"   --->   Operation 68 'read' 'l1_bits_9_reload_read' <Predicate = true> <Delay = 0.00>
ST_1 : Operation 69 [1/1] (0.00ns)   --->   "%l1_bits_120_reload_read = read i1 @_ssdm_op_Read.ap_auto.i1, i1 %l1_bits_120_reload"   --->   Operation 69 'read' 'l1_bits_120_reload_read' <Predicate = true> <Delay = 0.00>
ST_1 : Operation 70 [1/1] (0.00ns)   --->   "%l1_bits_104_reload_read = read i1 @_ssdm_op_Read.ap_auto.i1, i1 %l1_bits_104_reload"   --->   Operation 70 'read' 'l1_bits_104_reload_read' <Predicate = true> <Delay = 0.00>
ST_1 : Operation 71 [1/1] (0.00ns)   --->   "%l1_bits_88_reload_read = read i1 @_ssdm_op_Read.ap_auto.i1, i1 %l1_bits_88_reload"   --->   Operation 71 'read' 'l1_bits_88_reload_read' <Predicate = true> <Delay = 0.00>
ST_1 : Operation 72 [1/1] (0.00ns)   --->   "%l1_bits_72_reload_read = read i1 @_ssdm_op_Read.ap_auto.i1, i1 %l1_bits_72_reload"   --->   Operation 72 'read' 'l1_bits_72_reload_read' <Predicate = true> <Delay = 0.00>
ST_1 : Operation 73 [1/1] (0.00ns)   --->   "%l1_bits_56_reload_read = read i1 @_ssdm_op_Read.ap_auto.i1, i1 %l1_bits_56_reload"   --->   Operation 73 'read' 'l1_bits_56_reload_read' <Predicate = true> <Delay = 0.00>
ST_1 : Operation 74 [1/1] (0.00ns)   --->   "%l1_bits_40_reload_read = read i1 @_ssdm_op_Read.ap_auto.i1, i1 %l1_bits_40_reload"   --->   Operation 74 'read' 'l1_bits_40_reload_read' <Predicate = true> <Delay = 0.00>
ST_1 : Operation 75 [1/1] (0.00ns)   --->   "%l1_bits_24_reload_read = read i1 @_ssdm_op_Read.ap_auto.i1, i1 %l1_bits_24_reload"   --->   Operation 75 'read' 'l1_bits_24_reload_read' <Predicate = true> <Delay = 0.00>
ST_1 : Operation 76 [1/1] (0.00ns)   --->   "%l1_bits_8_reload_read = read i1 @_ssdm_op_Read.ap_auto.i1, i1 %l1_bits_8_reload"   --->   Operation 76 'read' 'l1_bits_8_reload_read' <Predicate = true> <Delay = 0.00>
ST_1 : Operation 77 [1/1] (0.00ns)   --->   "%l1_bits_119_reload_read = read i1 @_ssdm_op_Read.ap_auto.i1, i1 %l1_bits_119_reload"   --->   Operation 77 'read' 'l1_bits_119_reload_read' <Predicate = true> <Delay = 0.00>
ST_1 : Operation 78 [1/1] (0.00ns)   --->   "%l1_bits_103_reload_read = read i1 @_ssdm_op_Read.ap_auto.i1, i1 %l1_bits_103_reload"   --->   Operation 78 'read' 'l1_bits_103_reload_read' <Predicate = true> <Delay = 0.00>
ST_1 : Operation 79 [1/1] (0.00ns)   --->   "%l1_bits_87_reload_read = read i1 @_ssdm_op_Read.ap_auto.i1, i1 %l1_bits_87_reload"   --->   Operation 79 'read' 'l1_bits_87_reload_read' <Predicate = true> <Delay = 0.00>
ST_1 : Operation 80 [1/1] (0.00ns)   --->   "%l1_bits_71_reload_read = read i1 @_ssdm_op_Read.ap_auto.i1, i1 %l1_bits_71_reload"   --->   Operation 80 'read' 'l1_bits_71_reload_read' <Predicate = true> <Delay = 0.00>
ST_1 : Operation 81 [1/1] (0.00ns)   --->   "%l1_bits_55_reload_read = read i1 @_ssdm_op_Read.ap_auto.i1, i1 %l1_bits_55_reload"   --->   Operation 81 'read' 'l1_bits_55_reload_read' <Predicate = true> <Delay = 0.00>
ST_1 : Operation 82 [1/1] (0.00ns)   --->   "%l1_bits_39_reload_read = read i1 @_ssdm_op_Read.ap_auto.i1, i1 %l1_bits_39_reload"   --->   Operation 82 'read' 'l1_bits_39_reload_read' <Predicate = true> <Delay = 0.00>
ST_1 : Operation 83 [1/1] (0.00ns)   --->   "%l1_bits_23_reload_read = read i1 @_ssdm_op_Read.ap_auto.i1, i1 %l1_bits_23_reload"   --->   Operation 83 'read' 'l1_bits_23_reload_read' <Predicate = true> <Delay = 0.00>
ST_1 : Operation 84 [1/1] (0.00ns)   --->   "%l1_bits_7_reload_read = read i1 @_ssdm_op_Read.ap_auto.i1, i1 %l1_bits_7_reload"   --->   Operation 84 'read' 'l1_bits_7_reload_read' <Predicate = true> <Delay = 0.00>
ST_1 : Operation 85 [1/1] (0.00ns)   --->   "%l1_bits_118_reload_read = read i1 @_ssdm_op_Read.ap_auto.i1, i1 %l1_bits_118_reload"   --->   Operation 85 'read' 'l1_bits_118_reload_read' <Predicate = true> <Delay = 0.00>
ST_1 : Operation 86 [1/1] (0.00ns)   --->   "%l1_bits_102_reload_read = read i1 @_ssdm_op_Read.ap_auto.i1, i1 %l1_bits_102_reload"   --->   Operation 86 'read' 'l1_bits_102_reload_read' <Predicate = true> <Delay = 0.00>
ST_1 : Operation 87 [1/1] (0.00ns)   --->   "%l1_bits_86_reload_read = read i1 @_ssdm_op_Read.ap_auto.i1, i1 %l1_bits_86_reload"   --->   Operation 87 'read' 'l1_bits_86_reload_read' <Predicate = true> <Delay = 0.00>
ST_1 : Operation 88 [1/1] (0.00ns)   --->   "%l1_bits_70_reload_read = read i1 @_ssdm_op_Read.ap_auto.i1, i1 %l1_bits_70_reload"   --->   Operation 88 'read' 'l1_bits_70_reload_read' <Predicate = true> <Delay = 0.00>
ST_1 : Operation 89 [1/1] (0.00ns)   --->   "%l1_bits_54_reload_read = read i1 @_ssdm_op_Read.ap_auto.i1, i1 %l1_bits_54_reload"   --->   Operation 89 'read' 'l1_bits_54_reload_read' <Predicate = true> <Delay = 0.00>
ST_1 : Operation 90 [1/1] (0.00ns)   --->   "%l1_bits_38_reload_read = read i1 @_ssdm_op_Read.ap_auto.i1, i1 %l1_bits_38_reload"   --->   Operation 90 'read' 'l1_bits_38_reload_read' <Predicate = true> <Delay = 0.00>
ST_1 : Operation 91 [1/1] (0.00ns)   --->   "%l1_bits_22_reload_read = read i1 @_ssdm_op_Read.ap_auto.i1, i1 %l1_bits_22_reload"   --->   Operation 91 'read' 'l1_bits_22_reload_read' <Predicate = true> <Delay = 0.00>
ST_1 : Operation 92 [1/1] (0.00ns)   --->   "%l1_bits_6_reload_read = read i1 @_ssdm_op_Read.ap_auto.i1, i1 %l1_bits_6_reload"   --->   Operation 92 'read' 'l1_bits_6_reload_read' <Predicate = true> <Delay = 0.00>
ST_1 : Operation 93 [1/1] (0.00ns)   --->   "%l1_bits_117_reload_read = read i1 @_ssdm_op_Read.ap_auto.i1, i1 %l1_bits_117_reload"   --->   Operation 93 'read' 'l1_bits_117_reload_read' <Predicate = true> <Delay = 0.00>
ST_1 : Operation 94 [1/1] (0.00ns)   --->   "%l1_bits_101_reload_read = read i1 @_ssdm_op_Read.ap_auto.i1, i1 %l1_bits_101_reload"   --->   Operation 94 'read' 'l1_bits_101_reload_read' <Predicate = true> <Delay = 0.00>
ST_1 : Operation 95 [1/1] (0.00ns)   --->   "%l1_bits_85_reload_read = read i1 @_ssdm_op_Read.ap_auto.i1, i1 %l1_bits_85_reload"   --->   Operation 95 'read' 'l1_bits_85_reload_read' <Predicate = true> <Delay = 0.00>
ST_1 : Operation 96 [1/1] (0.00ns)   --->   "%l1_bits_69_reload_read = read i1 @_ssdm_op_Read.ap_auto.i1, i1 %l1_bits_69_reload"   --->   Operation 96 'read' 'l1_bits_69_reload_read' <Predicate = true> <Delay = 0.00>
ST_1 : Operation 97 [1/1] (0.00ns)   --->   "%l1_bits_53_reload_read = read i1 @_ssdm_op_Read.ap_auto.i1, i1 %l1_bits_53_reload"   --->   Operation 97 'read' 'l1_bits_53_reload_read' <Predicate = true> <Delay = 0.00>
ST_1 : Operation 98 [1/1] (0.00ns)   --->   "%l1_bits_37_reload_read = read i1 @_ssdm_op_Read.ap_auto.i1, i1 %l1_bits_37_reload"   --->   Operation 98 'read' 'l1_bits_37_reload_read' <Predicate = true> <Delay = 0.00>
ST_1 : Operation 99 [1/1] (0.00ns)   --->   "%l1_bits_21_reload_read = read i1 @_ssdm_op_Read.ap_auto.i1, i1 %l1_bits_21_reload"   --->   Operation 99 'read' 'l1_bits_21_reload_read' <Predicate = true> <Delay = 0.00>
ST_1 : Operation 100 [1/1] (0.00ns)   --->   "%l1_bits_5_reload_read = read i1 @_ssdm_op_Read.ap_auto.i1, i1 %l1_bits_5_reload"   --->   Operation 100 'read' 'l1_bits_5_reload_read' <Predicate = true> <Delay = 0.00>
ST_1 : Operation 101 [1/1] (0.00ns)   --->   "%l1_bits_116_reload_read = read i1 @_ssdm_op_Read.ap_auto.i1, i1 %l1_bits_116_reload"   --->   Operation 101 'read' 'l1_bits_116_reload_read' <Predicate = true> <Delay = 0.00>
ST_1 : Operation 102 [1/1] (0.00ns)   --->   "%l1_bits_100_reload_read = read i1 @_ssdm_op_Read.ap_auto.i1, i1 %l1_bits_100_reload"   --->   Operation 102 'read' 'l1_bits_100_reload_read' <Predicate = true> <Delay = 0.00>
ST_1 : Operation 103 [1/1] (0.00ns)   --->   "%l1_bits_84_reload_read = read i1 @_ssdm_op_Read.ap_auto.i1, i1 %l1_bits_84_reload"   --->   Operation 103 'read' 'l1_bits_84_reload_read' <Predicate = true> <Delay = 0.00>
ST_1 : Operation 104 [1/1] (0.00ns)   --->   "%l1_bits_68_reload_read = read i1 @_ssdm_op_Read.ap_auto.i1, i1 %l1_bits_68_reload"   --->   Operation 104 'read' 'l1_bits_68_reload_read' <Predicate = true> <Delay = 0.00>
ST_1 : Operation 105 [1/1] (0.00ns)   --->   "%l1_bits_52_reload_read = read i1 @_ssdm_op_Read.ap_auto.i1, i1 %l1_bits_52_reload"   --->   Operation 105 'read' 'l1_bits_52_reload_read' <Predicate = true> <Delay = 0.00>
ST_1 : Operation 106 [1/1] (0.00ns)   --->   "%l1_bits_36_reload_read = read i1 @_ssdm_op_Read.ap_auto.i1, i1 %l1_bits_36_reload"   --->   Operation 106 'read' 'l1_bits_36_reload_read' <Predicate = true> <Delay = 0.00>
ST_1 : Operation 107 [1/1] (0.00ns)   --->   "%l1_bits_20_reload_read = read i1 @_ssdm_op_Read.ap_auto.i1, i1 %l1_bits_20_reload"   --->   Operation 107 'read' 'l1_bits_20_reload_read' <Predicate = true> <Delay = 0.00>
ST_1 : Operation 108 [1/1] (0.00ns)   --->   "%l1_bits_4_reload_read = read i1 @_ssdm_op_Read.ap_auto.i1, i1 %l1_bits_4_reload"   --->   Operation 108 'read' 'l1_bits_4_reload_read' <Predicate = true> <Delay = 0.00>
ST_1 : Operation 109 [1/1] (0.00ns)   --->   "%l1_bits_115_reload_read = read i1 @_ssdm_op_Read.ap_auto.i1, i1 %l1_bits_115_reload"   --->   Operation 109 'read' 'l1_bits_115_reload_read' <Predicate = true> <Delay = 0.00>
ST_1 : Operation 110 [1/1] (0.00ns)   --->   "%l1_bits_99_reload_read = read i1 @_ssdm_op_Read.ap_auto.i1, i1 %l1_bits_99_reload"   --->   Operation 110 'read' 'l1_bits_99_reload_read' <Predicate = true> <Delay = 0.00>
ST_1 : Operation 111 [1/1] (0.00ns)   --->   "%l1_bits_83_reload_read = read i1 @_ssdm_op_Read.ap_auto.i1, i1 %l1_bits_83_reload"   --->   Operation 111 'read' 'l1_bits_83_reload_read' <Predicate = true> <Delay = 0.00>
ST_1 : Operation 112 [1/1] (0.00ns)   --->   "%l1_bits_67_reload_read = read i1 @_ssdm_op_Read.ap_auto.i1, i1 %l1_bits_67_reload"   --->   Operation 112 'read' 'l1_bits_67_reload_read' <Predicate = true> <Delay = 0.00>
ST_1 : Operation 113 [1/1] (0.00ns)   --->   "%l1_bits_51_reload_read = read i1 @_ssdm_op_Read.ap_auto.i1, i1 %l1_bits_51_reload"   --->   Operation 113 'read' 'l1_bits_51_reload_read' <Predicate = true> <Delay = 0.00>
ST_1 : Operation 114 [1/1] (0.00ns)   --->   "%l1_bits_35_reload_read = read i1 @_ssdm_op_Read.ap_auto.i1, i1 %l1_bits_35_reload"   --->   Operation 114 'read' 'l1_bits_35_reload_read' <Predicate = true> <Delay = 0.00>
ST_1 : Operation 115 [1/1] (0.00ns)   --->   "%l1_bits_19_reload_read = read i1 @_ssdm_op_Read.ap_auto.i1, i1 %l1_bits_19_reload"   --->   Operation 115 'read' 'l1_bits_19_reload_read' <Predicate = true> <Delay = 0.00>
ST_1 : Operation 116 [1/1] (0.00ns)   --->   "%l1_bits_3_reload_read = read i1 @_ssdm_op_Read.ap_auto.i1, i1 %l1_bits_3_reload"   --->   Operation 116 'read' 'l1_bits_3_reload_read' <Predicate = true> <Delay = 0.00>
ST_1 : Operation 117 [1/1] (0.00ns)   --->   "%l1_bits_114_reload_read = read i1 @_ssdm_op_Read.ap_auto.i1, i1 %l1_bits_114_reload"   --->   Operation 117 'read' 'l1_bits_114_reload_read' <Predicate = true> <Delay = 0.00>
ST_1 : Operation 118 [1/1] (0.00ns)   --->   "%l1_bits_98_reload_read = read i1 @_ssdm_op_Read.ap_auto.i1, i1 %l1_bits_98_reload"   --->   Operation 118 'read' 'l1_bits_98_reload_read' <Predicate = true> <Delay = 0.00>
ST_1 : Operation 119 [1/1] (0.00ns)   --->   "%l1_bits_82_reload_read = read i1 @_ssdm_op_Read.ap_auto.i1, i1 %l1_bits_82_reload"   --->   Operation 119 'read' 'l1_bits_82_reload_read' <Predicate = true> <Delay = 0.00>
ST_1 : Operation 120 [1/1] (0.00ns)   --->   "%l1_bits_66_reload_read = read i1 @_ssdm_op_Read.ap_auto.i1, i1 %l1_bits_66_reload"   --->   Operation 120 'read' 'l1_bits_66_reload_read' <Predicate = true> <Delay = 0.00>
ST_1 : Operation 121 [1/1] (0.00ns)   --->   "%l1_bits_50_reload_read = read i1 @_ssdm_op_Read.ap_auto.i1, i1 %l1_bits_50_reload"   --->   Operation 121 'read' 'l1_bits_50_reload_read' <Predicate = true> <Delay = 0.00>
ST_1 : Operation 122 [1/1] (0.00ns)   --->   "%l1_bits_34_reload_read = read i1 @_ssdm_op_Read.ap_auto.i1, i1 %l1_bits_34_reload"   --->   Operation 122 'read' 'l1_bits_34_reload_read' <Predicate = true> <Delay = 0.00>
ST_1 : Operation 123 [1/1] (0.00ns)   --->   "%l1_bits_18_reload_read = read i1 @_ssdm_op_Read.ap_auto.i1, i1 %l1_bits_18_reload"   --->   Operation 123 'read' 'l1_bits_18_reload_read' <Predicate = true> <Delay = 0.00>
ST_1 : Operation 124 [1/1] (0.00ns)   --->   "%l1_bits_2_reload_read = read i1 @_ssdm_op_Read.ap_auto.i1, i1 %l1_bits_2_reload"   --->   Operation 124 'read' 'l1_bits_2_reload_read' <Predicate = true> <Delay = 0.00>
ST_1 : Operation 125 [1/1] (0.00ns)   --->   "%l1_bits_113_reload_read = read i1 @_ssdm_op_Read.ap_auto.i1, i1 %l1_bits_113_reload"   --->   Operation 125 'read' 'l1_bits_113_reload_read' <Predicate = true> <Delay = 0.00>
ST_1 : Operation 126 [1/1] (0.00ns)   --->   "%l1_bits_97_reload_read = read i1 @_ssdm_op_Read.ap_auto.i1, i1 %l1_bits_97_reload"   --->   Operation 126 'read' 'l1_bits_97_reload_read' <Predicate = true> <Delay = 0.00>
ST_1 : Operation 127 [1/1] (0.00ns)   --->   "%l1_bits_81_reload_read = read i1 @_ssdm_op_Read.ap_auto.i1, i1 %l1_bits_81_reload"   --->   Operation 127 'read' 'l1_bits_81_reload_read' <Predicate = true> <Delay = 0.00>
ST_1 : Operation 128 [1/1] (0.00ns)   --->   "%l1_bits_65_reload_read = read i1 @_ssdm_op_Read.ap_auto.i1, i1 %l1_bits_65_reload"   --->   Operation 128 'read' 'l1_bits_65_reload_read' <Predicate = true> <Delay = 0.00>
ST_1 : Operation 129 [1/1] (0.00ns)   --->   "%l1_bits_49_reload_read = read i1 @_ssdm_op_Read.ap_auto.i1, i1 %l1_bits_49_reload"   --->   Operation 129 'read' 'l1_bits_49_reload_read' <Predicate = true> <Delay = 0.00>
ST_1 : Operation 130 [1/1] (0.00ns)   --->   "%l1_bits_33_reload_read = read i1 @_ssdm_op_Read.ap_auto.i1, i1 %l1_bits_33_reload"   --->   Operation 130 'read' 'l1_bits_33_reload_read' <Predicate = true> <Delay = 0.00>
ST_1 : Operation 131 [1/1] (0.00ns)   --->   "%l1_bits_17_reload_read = read i1 @_ssdm_op_Read.ap_auto.i1, i1 %l1_bits_17_reload"   --->   Operation 131 'read' 'l1_bits_17_reload_read' <Predicate = true> <Delay = 0.00>
ST_1 : Operation 132 [1/1] (0.00ns)   --->   "%l1_bits_1_reload_read = read i1 @_ssdm_op_Read.ap_auto.i1, i1 %l1_bits_1_reload"   --->   Operation 132 'read' 'l1_bits_1_reload_read' <Predicate = true> <Delay = 0.00>
ST_1 : Operation 133 [1/1] (0.00ns)   --->   "%l1_bits_112_reload_read = read i1 @_ssdm_op_Read.ap_auto.i1, i1 %l1_bits_112_reload"   --->   Operation 133 'read' 'l1_bits_112_reload_read' <Predicate = true> <Delay = 0.00>
ST_1 : Operation 134 [1/1] (0.00ns)   --->   "%l1_bits_96_reload_read = read i1 @_ssdm_op_Read.ap_auto.i1, i1 %l1_bits_96_reload"   --->   Operation 134 'read' 'l1_bits_96_reload_read' <Predicate = true> <Delay = 0.00>
ST_1 : Operation 135 [1/1] (0.00ns)   --->   "%l1_bits_80_reload_read = read i1 @_ssdm_op_Read.ap_auto.i1, i1 %l1_bits_80_reload"   --->   Operation 135 'read' 'l1_bits_80_reload_read' <Predicate = true> <Delay = 0.00>
ST_1 : Operation 136 [1/1] (0.00ns)   --->   "%l1_bits_64_reload_read = read i1 @_ssdm_op_Read.ap_auto.i1, i1 %l1_bits_64_reload"   --->   Operation 136 'read' 'l1_bits_64_reload_read' <Predicate = true> <Delay = 0.00>
ST_1 : Operation 137 [1/1] (0.00ns)   --->   "%l1_bits_48_reload_read = read i1 @_ssdm_op_Read.ap_auto.i1, i1 %l1_bits_48_reload"   --->   Operation 137 'read' 'l1_bits_48_reload_read' <Predicate = true> <Delay = 0.00>
ST_1 : Operation 138 [1/1] (0.00ns)   --->   "%l1_bits_32_reload_read = read i1 @_ssdm_op_Read.ap_auto.i1, i1 %l1_bits_32_reload"   --->   Operation 138 'read' 'l1_bits_32_reload_read' <Predicate = true> <Delay = 0.00>
ST_1 : Operation 139 [1/1] (0.00ns)   --->   "%l1_bits_16_reload_read = read i1 @_ssdm_op_Read.ap_auto.i1, i1 %l1_bits_16_reload"   --->   Operation 139 'read' 'l1_bits_16_reload_read' <Predicate = true> <Delay = 0.00>
ST_1 : Operation 140 [1/1] (0.00ns)   --->   "%l1_bits_reload_read = read i1 @_ssdm_op_Read.ap_auto.i1, i1 %l1_bits_reload"   --->   Operation 140 'read' 'l1_bits_reload_read' <Predicate = true> <Delay = 0.00>
ST_1 : Operation 141 [1/1] (1.58ns)   --->   "%store_ln26 = store i4 0, i4 %w" [bnn.cpp:26->bnn.cpp:111]   --->   Operation 141 'store' 'store_ln26' <Predicate = true> <Delay = 1.58>
ST_1 : Operation 142 [1/1] (0.00ns)   --->   "%br_ln0 = br void %for.body.i147"   --->   Operation 142 'br' 'br_ln0' <Predicate = true> <Delay = 0.00>
ST_1 : Operation 143 [1/1] (0.00ns)   --->   "%w_2 = load i4 %w" [bnn.cpp:26->bnn.cpp:111]   --->   Operation 143 'load' 'w_2' <Predicate = true> <Delay = 0.00>
ST_1 : Operation 144 [1/1] (1.73ns)   --->   "%icmp_ln26 = icmp_eq  i4 %w_2, i4 8" [bnn.cpp:26->bnn.cpp:111]   --->   Operation 144 'icmp' 'icmp_ln26' <Predicate = true> <Delay = 1.73> <CoreInst = "Cmp">   --->   Core 9 'Cmp' <Latency = 0> <II = 1> <Delay = 1.78> <FuncUnit> <Opcode : 'seteq' 'setne' 'setle' 'setge' 'setlt' 'setgt'> <InPorts = 2> <OutPorts = 1>
ST_1 : Operation 145 [1/1] (1.73ns)   --->   "%add_ln26 = add i4 %w_2, i4 1" [bnn.cpp:26->bnn.cpp:111]   --->   Operation 145 'add' 'add_ln26' <Predicate = true> <Delay = 1.73> <CoreInst = "Adder">   --->   Core 1 'Adder' <Latency = 0> <II = 1> <Delay = 1.73> <FuncUnit> <Opcode : 'add' 'sub'> <InPorts = 2> <OutPorts = 1>
ST_1 : Operation 146 [1/1] (0.00ns)   --->   "%br_ln26 = br i1 %icmp_ln26, void %for.body.i147.split, void %for.body9.preheader.exitStub" [bnn.cpp:26->bnn.cpp:111]   --->   Operation 146 'br' 'br_ln26' <Predicate = true> <Delay = 0.00>
ST_1 : Operation 147 [1/1] (0.00ns)   --->   "%trunc_ln26 = trunc i4 %w_2" [bnn.cpp:26->bnn.cpp:111]   --->   Operation 147 'trunc' 'trunc_ln26' <Predicate = (!icmp_ln26)> <Delay = 0.00>
ST_1 : Operation 148 [1/1] (0.00ns)   --->   "%specpipeline_ln27 = specpipeline void @_ssdm_op_SpecPipeline, i32 1, i32 0, i32 0, i32 0, void @empty_8" [bnn.cpp:27->bnn.cpp:111]   --->   Operation 148 'specpipeline' 'specpipeline_ln27' <Predicate = (!icmp_ln26)> <Delay = 0.00>
ST_1 : Operation 149 [1/1] (0.00ns)   --->   "%speclooptripcount_ln26 = speclooptripcount void @_ssdm_op_SpecLoopTripCount, i64 8, i64 8, i64 8" [bnn.cpp:26->bnn.cpp:111]   --->   Operation 149 'speclooptripcount' 'speclooptripcount_ln26' <Predicate = (!icmp_ln26)> <Delay = 0.00>
ST_1 : Operation 150 [1/1] (0.00ns)   --->   "%specloopname_ln26 = specloopname void @_ssdm_op_SpecLoopName, void @empty_0" [bnn.cpp:26->bnn.cpp:111]   --->   Operation 150 'specloopname' 'specloopname_ln26' <Predicate = (!icmp_ln26)> <Delay = 0.00>
ST_1 : Operation 151 [1/1] (2.30ns)   --->   "%word = sparsemux i1 @_ssdm_op_SparseMux.ap_auto.8i1.i1.i3, i3 0, i1 %l1_bits_reload_read, i3 1, i1 %l1_bits_16_reload_read, i3 2, i1 %l1_bits_32_reload_read, i3 3, i1 %l1_bits_48_reload_read, i3 4, i1 %l1_bits_64_reload_read, i3 5, i1 %l1_bits_80_reload_read, i3 6, i1 %l1_bits_96_reload_read, i3 7, i1 %l1_bits_112_reload_read, i1 0, i3 %trunc_ln26" [bnn.cpp:36->bnn.cpp:111]   --->   Operation 151 'sparsemux' 'word' <Predicate = (!icmp_ln26)> <Delay = 2.30> <CoreInst = "BinarySparseMux_DontCare">   --->   Core 137 'BinarySparseMux_DontCare' <Latency = 0> <II = 1> <Delay = 2.30> <FuncUnit> <Opcode : 'sparsemux'> <InPorts = 2> <OutPorts = 1>
ST_1 : Operation 152 [1/1] (2.30ns)   --->   "%tmp_s = sparsemux i1 @_ssdm_op_SparseMux.ap_auto.8i1.i1.i3, i3 0, i1 %l1_bits_1_reload_read, i3 1, i1 %l1_bits_17_reload_read, i3 2, i1 %l1_bits_33_reload_read, i3 3, i1 %l1_bits_49_reload_read, i3 4, i1 %l1_bits_65_reload_read, i3 5, i1 %l1_bits_81_reload_read, i3 6, i1 %l1_bits_97_reload_read, i3 7, i1 %l1_bits_113_reload_read, i1 0, i3 %trunc_ln26" [bnn.cpp:36->bnn.cpp:111]   --->   Operation 152 'sparsemux' 'tmp_s' <Predicate = (!icmp_ln26)> <Delay = 2.30> <CoreInst = "BinarySparseMux_DontCare">   --->   Core 137 'BinarySparseMux_DontCare' <Latency = 0> <II = 1> <Delay = 2.30> <FuncUnit> <Opcode : 'sparsemux'> <InPorts = 2> <OutPorts = 1>
ST_1 : Operation 153 [1/1] (2.30ns)   --->   "%tmp_15 = sparsemux i1 @_ssdm_op_SparseMux.ap_auto.8i1.i1.i3, i3 0, i1 %l1_bits_2_reload_read, i3 1, i1 %l1_bits_18_reload_read, i3 2, i1 %l1_bits_34_reload_read, i3 3, i1 %l1_bits_50_reload_read, i3 4, i1 %l1_bits_66_reload_read, i3 5, i1 %l1_bits_82_reload_read, i3 6, i1 %l1_bits_98_reload_read, i3 7, i1 %l1_bits_114_reload_read, i1 0, i3 %trunc_ln26" [bnn.cpp:36->bnn.cpp:111]   --->   Operation 153 'sparsemux' 'tmp_15' <Predicate = (!icmp_ln26)> <Delay = 2.30> <CoreInst = "BinarySparseMux_DontCare">   --->   Core 137 'BinarySparseMux_DontCare' <Latency = 0> <II = 1> <Delay = 2.30> <FuncUnit> <Opcode : 'sparsemux'> <InPorts = 2> <OutPorts = 1>
ST_1 : Operation 154 [1/1] (2.30ns)   --->   "%tmp_16 = sparsemux i1 @_ssdm_op_SparseMux.ap_auto.8i1.i1.i3, i3 0, i1 %l1_bits_3_reload_read, i3 1, i1 %l1_bits_19_reload_read, i3 2, i1 %l1_bits_35_reload_read, i3 3, i1 %l1_bits_51_reload_read, i3 4, i1 %l1_bits_67_reload_read, i3 5, i1 %l1_bits_83_reload_read, i3 6, i1 %l1_bits_99_reload_read, i3 7, i1 %l1_bits_115_reload_read, i1 0, i3 %trunc_ln26" [bnn.cpp:36->bnn.cpp:111]   --->   Operation 154 'sparsemux' 'tmp_16' <Predicate = (!icmp_ln26)> <Delay = 2.30> <CoreInst = "BinarySparseMux_DontCare">   --->   Core 137 'BinarySparseMux_DontCare' <Latency = 0> <II = 1> <Delay = 2.30> <FuncUnit> <Opcode : 'sparsemux'> <InPorts = 2> <OutPorts = 1>
ST_1 : Operation 155 [1/1] (2.30ns)   --->   "%tmp_17 = sparsemux i1 @_ssdm_op_SparseMux.ap_auto.8i1.i1.i3, i3 0, i1 %l1_bits_4_reload_read, i3 1, i1 %l1_bits_20_reload_read, i3 2, i1 %l1_bits_36_reload_read, i3 3, i1 %l1_bits_52_reload_read, i3 4, i1 %l1_bits_68_reload_read, i3 5, i1 %l1_bits_84_reload_read, i3 6, i1 %l1_bits_100_reload_read, i3 7, i1 %l1_bits_116_reload_read, i1 0, i3 %trunc_ln26" [bnn.cpp:36->bnn.cpp:111]   --->   Operation 155 'sparsemux' 'tmp_17' <Predicate = (!icmp_ln26)> <Delay = 2.30> <CoreInst = "BinarySparseMux_DontCare">   --->   Core 137 'BinarySparseMux_DontCare' <Latency = 0> <II = 1> <Delay = 2.30> <FuncUnit> <Opcode : 'sparsemux'> <InPorts = 2> <OutPorts = 1>
ST_1 : Operation 156 [1/1] (2.30ns)   --->   "%tmp_18 = sparsemux i1 @_ssdm_op_SparseMux.ap_auto.8i1.i1.i3, i3 0, i1 %l1_bits_5_reload_read, i3 1, i1 %l1_bits_21_reload_read, i3 2, i1 %l1_bits_37_reload_read, i3 3, i1 %l1_bits_53_reload_read, i3 4, i1 %l1_bits_69_reload_read, i3 5, i1 %l1_bits_85_reload_read, i3 6, i1 %l1_bits_101_reload_read, i3 7, i1 %l1_bits_117_reload_read, i1 0, i3 %trunc_ln26" [bnn.cpp:36->bnn.cpp:111]   --->   Operation 156 'sparsemux' 'tmp_18' <Predicate = (!icmp_ln26)> <Delay = 2.30> <CoreInst = "BinarySparseMux_DontCare">   --->   Core 137 'BinarySparseMux_DontCare' <Latency = 0> <II = 1> <Delay = 2.30> <FuncUnit> <Opcode : 'sparsemux'> <InPorts = 2> <OutPorts = 1>
ST_1 : Operation 157 [1/1] (2.30ns)   --->   "%tmp_19 = sparsemux i1 @_ssdm_op_SparseMux.ap_auto.8i1.i1.i3, i3 0, i1 %l1_bits_6_reload_read, i3 1, i1 %l1_bits_22_reload_read, i3 2, i1 %l1_bits_38_reload_read, i3 3, i1 %l1_bits_54_reload_read, i3 4, i1 %l1_bits_70_reload_read, i3 5, i1 %l1_bits_86_reload_read, i3 6, i1 %l1_bits_102_reload_read, i3 7, i1 %l1_bits_118_reload_read, i1 0, i3 %trunc_ln26" [bnn.cpp:36->bnn.cpp:111]   --->   Operation 157 'sparsemux' 'tmp_19' <Predicate = (!icmp_ln26)> <Delay = 2.30> <CoreInst = "BinarySparseMux_DontCare">   --->   Core 137 'BinarySparseMux_DontCare' <Latency = 0> <II = 1> <Delay = 2.30> <FuncUnit> <Opcode : 'sparsemux'> <InPorts = 2> <OutPorts = 1>
ST_1 : Operation 158 [1/1] (2.30ns)   --->   "%tmp_20 = sparsemux i1 @_ssdm_op_SparseMux.ap_auto.8i1.i1.i3, i3 0, i1 %l1_bits_7_reload_read, i3 1, i1 %l1_bits_23_reload_read, i3 2, i1 %l1_bits_39_reload_read, i3 3, i1 %l1_bits_55_reload_read, i3 4, i1 %l1_bits_71_reload_read, i3 5, i1 %l1_bits_87_reload_read, i3 6, i1 %l1_bits_103_reload_read, i3 7, i1 %l1_bits_119_reload_read, i1 0, i3 %trunc_ln26" [bnn.cpp:36->bnn.cpp:111]   --->   Operation 158 'sparsemux' 'tmp_20' <Predicate = (!icmp_ln26)> <Delay = 2.30> <CoreInst = "BinarySparseMux_DontCare">   --->   Core 137 'BinarySparseMux_DontCare' <Latency = 0> <II = 1> <Delay = 2.30> <FuncUnit> <Opcode : 'sparsemux'> <InPorts = 2> <OutPorts = 1>
ST_1 : Operation 159 [1/1] (2.30ns)   --->   "%tmp_21 = sparsemux i1 @_ssdm_op_SparseMux.ap_auto.8i1.i1.i3, i3 0, i1 %l1_bits_8_reload_read, i3 1, i1 %l1_bits_24_reload_read, i3 2, i1 %l1_bits_40_reload_read, i3 3, i1 %l1_bits_56_reload_read, i3 4, i1 %l1_bits_72_reload_read, i3 5, i1 %l1_bits_88_reload_read, i3 6, i1 %l1_bits_104_reload_read, i3 7, i1 %l1_bits_120_reload_read, i1 0, i3 %trunc_ln26" [bnn.cpp:36->bnn.cpp:111]   --->   Operation 159 'sparsemux' 'tmp_21' <Predicate = (!icmp_ln26)> <Delay = 2.30> <CoreInst = "BinarySparseMux_DontCare">   --->   Core 137 'BinarySparseMux_DontCare' <Latency = 0> <II = 1> <Delay = 2.30> <FuncUnit> <Opcode : 'sparsemux'> <InPorts = 2> <OutPorts = 1>
ST_1 : Operation 160 [1/1] (2.30ns)   --->   "%tmp_22 = sparsemux i1 @_ssdm_op_SparseMux.ap_auto.8i1.i1.i3, i3 0, i1 %l1_bits_9_reload_read, i3 1, i1 %l1_bits_25_reload_read, i3 2, i1 %l1_bits_41_reload_read, i3 3, i1 %l1_bits_57_reload_read, i3 4, i1 %l1_bits_73_reload_read, i3 5, i1 %l1_bits_89_reload_read, i3 6, i1 %l1_bits_105_reload_read, i3 7, i1 %l1_bits_121_reload_read, i1 0, i3 %trunc_ln26" [bnn.cpp:36->bnn.cpp:111]   --->   Operation 160 'sparsemux' 'tmp_22' <Predicate = (!icmp_ln26)> <Delay = 2.30> <CoreInst = "BinarySparseMux_DontCare">   --->   Core 137 'BinarySparseMux_DontCare' <Latency = 0> <II = 1> <Delay = 2.30> <FuncUnit> <Opcode : 'sparsemux'> <InPorts = 2> <OutPorts = 1>
ST_1 : Operation 161 [1/1] (2.30ns)   --->   "%tmp_23 = sparsemux i1 @_ssdm_op_SparseMux.ap_auto.8i1.i1.i3, i3 0, i1 %l1_bits_10_reload_read, i3 1, i1 %l1_bits_26_reload_read, i3 2, i1 %l1_bits_42_reload_read, i3 3, i1 %l1_bits_58_reload_read, i3 4, i1 %l1_bits_74_reload_read, i3 5, i1 %l1_bits_90_reload_read, i3 6, i1 %l1_bits_106_reload_read, i3 7, i1 %l1_bits_122_reload_read, i1 0, i3 %trunc_ln26" [bnn.cpp:36->bnn.cpp:111]   --->   Operation 161 'sparsemux' 'tmp_23' <Predicate = (!icmp_ln26)> <Delay = 2.30> <CoreInst = "BinarySparseMux_DontCare">   --->   Core 137 'BinarySparseMux_DontCare' <Latency = 0> <II = 1> <Delay = 2.30> <FuncUnit> <Opcode : 'sparsemux'> <InPorts = 2> <OutPorts = 1>
ST_1 : Operation 162 [1/1] (2.30ns)   --->   "%tmp_24 = sparsemux i1 @_ssdm_op_SparseMux.ap_auto.8i1.i1.i3, i3 0, i1 %l1_bits_11_reload_read, i3 1, i1 %l1_bits_27_reload_read, i3 2, i1 %l1_bits_43_reload_read, i3 3, i1 %l1_bits_59_reload_read, i3 4, i1 %l1_bits_75_reload_read, i3 5, i1 %l1_bits_91_reload_read, i3 6, i1 %l1_bits_107_reload_read, i3 7, i1 %l1_bits_123_reload_read, i1 0, i3 %trunc_ln26" [bnn.cpp:36->bnn.cpp:111]   --->   Operation 162 'sparsemux' 'tmp_24' <Predicate = (!icmp_ln26)> <Delay = 2.30> <CoreInst = "BinarySparseMux_DontCare">   --->   Core 137 'BinarySparseMux_DontCare' <Latency = 0> <II = 1> <Delay = 2.30> <FuncUnit> <Opcode : 'sparsemux'> <InPorts = 2> <OutPorts = 1>
ST_1 : Operation 163 [1/1] (2.30ns)   --->   "%tmp_25 = sparsemux i1 @_ssdm_op_SparseMux.ap_auto.8i1.i1.i3, i3 0, i1 %l1_bits_12_reload_read, i3 1, i1 %l1_bits_28_reload_read, i3 2, i1 %l1_bits_44_reload_read, i3 3, i1 %l1_bits_60_reload_read, i3 4, i1 %l1_bits_76_reload_read, i3 5, i1 %l1_bits_92_reload_read, i3 6, i1 %l1_bits_108_reload_read, i3 7, i1 %l1_bits_124_reload_read, i1 0, i3 %trunc_ln26" [bnn.cpp:36->bnn.cpp:111]   --->   Operation 163 'sparsemux' 'tmp_25' <Predicate = (!icmp_ln26)> <Delay = 2.30> <CoreInst = "BinarySparseMux_DontCare">   --->   Core 137 'BinarySparseMux_DontCare' <Latency = 0> <II = 1> <Delay = 2.30> <FuncUnit> <Opcode : 'sparsemux'> <InPorts = 2> <OutPorts = 1>
ST_1 : Operation 164 [1/1] (2.30ns)   --->   "%tmp_26 = sparsemux i1 @_ssdm_op_SparseMux.ap_auto.8i1.i1.i3, i3 0, i1 %l1_bits_13_reload_read, i3 1, i1 %l1_bits_29_reload_read, i3 2, i1 %l1_bits_45_reload_read, i3 3, i1 %l1_bits_61_reload_read, i3 4, i1 %l1_bits_77_reload_read, i3 5, i1 %l1_bits_93_reload_read, i3 6, i1 %l1_bits_109_reload_read, i3 7, i1 %l1_bits_125_reload_read, i1 0, i3 %trunc_ln26" [bnn.cpp:36->bnn.cpp:111]   --->   Operation 164 'sparsemux' 'tmp_26' <Predicate = (!icmp_ln26)> <Delay = 2.30> <CoreInst = "BinarySparseMux_DontCare">   --->   Core 137 'BinarySparseMux_DontCare' <Latency = 0> <II = 1> <Delay = 2.30> <FuncUnit> <Opcode : 'sparsemux'> <InPorts = 2> <OutPorts = 1>
ST_1 : Operation 165 [1/1] (2.30ns)   --->   "%tmp_27 = sparsemux i1 @_ssdm_op_SparseMux.ap_auto.8i1.i1.i3, i3 0, i1 %l1_bits_14_reload_read, i3 1, i1 %l1_bits_30_reload_read, i3 2, i1 %l1_bits_46_reload_read, i3 3, i1 %l1_bits_62_reload_read, i3 4, i1 %l1_bits_78_reload_read, i3 5, i1 %l1_bits_94_reload_read, i3 6, i1 %l1_bits_110_reload_read, i3 7, i1 %l1_bits_126_reload_read, i1 0, i3 %trunc_ln26" [bnn.cpp:36->bnn.cpp:111]   --->   Operation 165 'sparsemux' 'tmp_27' <Predicate = (!icmp_ln26)> <Delay = 2.30> <CoreInst = "BinarySparseMux_DontCare">   --->   Core 137 'BinarySparseMux_DontCare' <Latency = 0> <II = 1> <Delay = 2.30> <FuncUnit> <Opcode : 'sparsemux'> <InPorts = 2> <OutPorts = 1>
ST_1 : Operation 166 [1/1] (2.30ns)   --->   "%tmp_28 = sparsemux i1 @_ssdm_op_SparseMux.ap_auto.8i1.i1.i3, i3 0, i1 %l1_bits_15_reload_read, i3 1, i1 %l1_bits_31_reload_read, i3 2, i1 %l1_bits_47_reload_read, i3 3, i1 %l1_bits_63_reload_read, i3 4, i1 %l1_bits_79_reload_read, i3 5, i1 %l1_bits_95_reload_read, i3 6, i1 %l1_bits_111_reload_read, i3 7, i1 %l1_bits_127_reload_read, i1 0, i3 %trunc_ln26" [bnn.cpp:36->bnn.cpp:111]   --->   Operation 166 'sparsemux' 'tmp_28' <Predicate = (!icmp_ln26)> <Delay = 2.30> <CoreInst = "BinarySparseMux_DontCare">   --->   Core 137 'BinarySparseMux_DontCare' <Latency = 0> <II = 1> <Delay = 2.30> <FuncUnit> <Opcode : 'sparsemux'> <InPorts = 2> <OutPorts = 1>
ST_1 : Operation 167 [1/1] (0.00ns)   --->   "%word_4 = bitconcatenate i16 @_ssdm_op_BitConcatenate.i16.i1.i1.i1.i1.i1.i1.i1.i1.i1.i1.i1.i1.i1.i1.i1.i1, i1 %word, i1 %tmp_s, i1 %tmp_15, i1 %tmp_16, i1 %tmp_17, i1 %tmp_18, i1 %tmp_19, i1 %tmp_20, i1 %tmp_21, i1 %tmp_22, i1 %tmp_23, i1 %tmp_24, i1 %tmp_25, i1 %tmp_26, i1 %tmp_27, i1 %tmp_28" [bnn.cpp:36->bnn.cpp:111]   --->   Operation 167 'bitconcatenate' 'word_4' <Predicate = (!icmp_ln26)> <Delay = 0.00>
ST_1 : Operation 168 [1/1] (1.65ns)   --->   "%switch_ln39 = switch i3 %trunc_ln26, void %arrayidx9.i216250.case.7, i3 0, void %for.body.i147.split.arrayidx9.i216250.exit_crit_edge, i3 1, void %arrayidx9.i216250.case.1, i3 2, void %arrayidx9.i216250.case.2, i3 3, void %arrayidx9.i216250.case.3, i3 4, void %arrayidx9.i216250.case.4, i3 5, void %arrayidx9.i216250.case.5, i3 6, void %arrayidx9.i216250.case.6" [bnn.cpp:39->bnn.cpp:111]   --->   Operation 168 'switch' 'switch_ln39' <Predicate = (!icmp_ln26)> <Delay = 1.65>
ST_1 : Operation 169 [1/1] (0.00ns)   --->   "%store_ln36 = store i16 %word_4, i16 %p_0_0282_6100" [bnn.cpp:36->bnn.cpp:111]   --->   Operation 169 'store' 'store_ln36' <Predicate = (!icmp_ln26 & trunc_ln26 == 6)> <Delay = 0.00>
ST_1 : Operation 170 [1/1] (0.00ns)   --->   "%br_ln39 = br void %arrayidx9.i216250.exit" [bnn.cpp:39->bnn.cpp:111]   --->   Operation 170 'br' 'br_ln39' <Predicate = (!icmp_ln26 & trunc_ln26 == 6)> <Delay = 0.00>
ST_1 : Operation 171 [1/1] (0.00ns)   --->   "%store_ln36 = store i16 %word_4, i16 %p_0_0282_598" [bnn.cpp:36->bnn.cpp:111]   --->   Operation 171 'store' 'store_ln36' <Predicate = (!icmp_ln26 & trunc_ln26 == 5)> <Delay = 0.00>
ST_1 : Operation 172 [1/1] (0.00ns)   --->   "%br_ln39 = br void %arrayidx9.i216250.exit" [bnn.cpp:39->bnn.cpp:111]   --->   Operation 172 'br' 'br_ln39' <Predicate = (!icmp_ln26 & trunc_ln26 == 5)> <Delay = 0.00>
ST_1 : Operation 173 [1/1] (0.00ns)   --->   "%store_ln36 = store i16 %word_4, i16 %p_0_0282_496" [bnn.cpp:36->bnn.cpp:111]   --->   Operation 173 'store' 'store_ln36' <Predicate = (!icmp_ln26 & trunc_ln26 == 4)> <Delay = 0.00>
ST_1 : Operation 174 [1/1] (0.00ns)   --->   "%br_ln39 = br void %arrayidx9.i216250.exit" [bnn.cpp:39->bnn.cpp:111]   --->   Operation 174 'br' 'br_ln39' <Predicate = (!icmp_ln26 & trunc_ln26 == 4)> <Delay = 0.00>
ST_1 : Operation 175 [1/1] (0.00ns)   --->   "%store_ln36 = store i16 %word_4, i16 %p_0_0282_394" [bnn.cpp:36->bnn.cpp:111]   --->   Operation 175 'store' 'store_ln36' <Predicate = (!icmp_ln26 & trunc_ln26 == 3)> <Delay = 0.00>
ST_1 : Operation 176 [1/1] (0.00ns)   --->   "%br_ln39 = br void %arrayidx9.i216250.exit" [bnn.cpp:39->bnn.cpp:111]   --->   Operation 176 'br' 'br_ln39' <Predicate = (!icmp_ln26 & trunc_ln26 == 3)> <Delay = 0.00>
ST_1 : Operation 177 [1/1] (0.00ns)   --->   "%store_ln36 = store i16 %word_4, i16 %p_0_0282_292" [bnn.cpp:36->bnn.cpp:111]   --->   Operation 177 'store' 'store_ln36' <Predicate = (!icmp_ln26 & trunc_ln26 == 2)> <Delay = 0.00>
ST_1 : Operation 178 [1/1] (0.00ns)   --->   "%br_ln39 = br void %arrayidx9.i216250.exit" [bnn.cpp:39->bnn.cpp:111]   --->   Operation 178 'br' 'br_ln39' <Predicate = (!icmp_ln26 & trunc_ln26 == 2)> <Delay = 0.00>
ST_1 : Operation 179 [1/1] (0.00ns)   --->   "%store_ln36 = store i16 %word_4, i16 %p_0_0282_190" [bnn.cpp:36->bnn.cpp:111]   --->   Operation 179 'store' 'store_ln36' <Predicate = (!icmp_ln26 & trunc_ln26 == 1)> <Delay = 0.00>
ST_1 : Operation 180 [1/1] (0.00ns)   --->   "%br_ln39 = br void %arrayidx9.i216250.exit" [bnn.cpp:39->bnn.cpp:111]   --->   Operation 180 'br' 'br_ln39' <Predicate = (!icmp_ln26 & trunc_ln26 == 1)> <Delay = 0.00>
ST_1 : Operation 181 [1/1] (0.00ns)   --->   "%store_ln36 = store i16 %word_4, i16 %p_0_028288" [bnn.cpp:36->bnn.cpp:111]   --->   Operation 181 'store' 'store_ln36' <Predicate = (!icmp_ln26 & trunc_ln26 == 0)> <Delay = 0.00>
ST_1 : Operation 182 [1/1] (0.00ns)   --->   "%br_ln39 = br void %arrayidx9.i216250.exit" [bnn.cpp:39->bnn.cpp:111]   --->   Operation 182 'br' 'br_ln39' <Predicate = (!icmp_ln26 & trunc_ln26 == 0)> <Delay = 0.00>
ST_1 : Operation 183 [1/1] (0.00ns)   --->   "%store_ln36 = store i16 %word_4, i16 %p_0_0282_7102" [bnn.cpp:36->bnn.cpp:111]   --->   Operation 183 'store' 'store_ln36' <Predicate = (!icmp_ln26 & trunc_ln26 == 7)> <Delay = 0.00>
ST_1 : Operation 184 [1/1] (0.00ns)   --->   "%br_ln39 = br void %arrayidx9.i216250.exit" [bnn.cpp:39->bnn.cpp:111]   --->   Operation 184 'br' 'br_ln39' <Predicate = (!icmp_ln26 & trunc_ln26 == 7)> <Delay = 0.00>
ST_1 : Operation 185 [1/1] (1.58ns)   --->   "%store_ln26 = store i4 %add_ln26, i4 %w" [bnn.cpp:26->bnn.cpp:111]   --->   Operation 185 'store' 'store_ln26' <Predicate = (!icmp_ln26)> <Delay = 1.58>
ST_1 : Operation 186 [1/1] (0.00ns)   --->   "%br_ln26 = br void %for.body.i147" [bnn.cpp:26->bnn.cpp:111]   --->   Operation 186 'br' 'br_ln26' <Predicate = (!icmp_ln26)> <Delay = 0.00>
ST_1 : Operation 187 [1/1] (0.00ns)   --->   "%p_0_028288_load = load i16 %p_0_028288"   --->   Operation 187 'load' 'p_0_028288_load' <Predicate = (icmp_ln26)> <Delay = 0.00>
ST_1 : Operation 188 [1/1] (0.00ns)   --->   "%p_0_0282_190_load = load i16 %p_0_0282_190"   --->   Operation 188 'load' 'p_0_0282_190_load' <Predicate = (icmp_ln26)> <Delay = 0.00>
ST_1 : Operation 189 [1/1] (0.00ns)   --->   "%p_0_0282_292_load = load i16 %p_0_0282_292"   --->   Operation 189 'load' 'p_0_0282_292_load' <Predicate = (icmp_ln26)> <Delay = 0.00>
ST_1 : Operation 190 [1/1] (0.00ns)   --->   "%p_0_0282_394_load = load i16 %p_0_0282_394"   --->   Operation 190 'load' 'p_0_0282_394_load' <Predicate = (icmp_ln26)> <Delay = 0.00>
ST_1 : Operation 191 [1/1] (0.00ns)   --->   "%p_0_0282_496_load = load i16 %p_0_0282_496"   --->   Operation 191 'load' 'p_0_0282_496_load' <Predicate = (icmp_ln26)> <Delay = 0.00>
ST_1 : Operation 192 [1/1] (0.00ns)   --->   "%p_0_0282_598_load = load i16 %p_0_0282_598"   --->   Operation 192 'load' 'p_0_0282_598_load' <Predicate = (icmp_ln26)> <Delay = 0.00>
ST_1 : Operation 193 [1/1] (0.00ns)   --->   "%p_0_0282_6100_load = load i16 %p_0_0282_6100"   --->   Operation 193 'load' 'p_0_0282_6100_load' <Predicate = (icmp_ln26)> <Delay = 0.00>
ST_1 : Operation 194 [1/1] (0.00ns)   --->   "%p_0_0282_7102_load = load i16 %p_0_0282_7102"   --->   Operation 194 'load' 'p_0_0282_7102_load' <Predicate = (icmp_ln26)> <Delay = 0.00>
ST_1 : Operation 195 [1/1] (0.00ns)   --->   "%write_ln0 = write void @_ssdm_op_Write.ap_auto.i16P0A, i16 %p_0_0282_7102_out, i16 %p_0_0282_7102_load"   --->   Operation 195 'write' 'write_ln0' <Predicate = (icmp_ln26)> <Delay = 0.00>
ST_1 : Operation 196 [1/1] (0.00ns)   --->   "%write_ln0 = write void @_ssdm_op_Write.ap_auto.i16P0A, i16 %p_0_0282_6100_out, i16 %p_0_0282_6100_load"   --->   Operation 196 'write' 'write_ln0' <Predicate = (icmp_ln26)> <Delay = 0.00>
ST_1 : Operation 197 [1/1] (0.00ns)   --->   "%write_ln0 = write void @_ssdm_op_Write.ap_auto.i16P0A, i16 %p_0_0282_598_out, i16 %p_0_0282_598_load"   --->   Operation 197 'write' 'write_ln0' <Predicate = (icmp_ln26)> <Delay = 0.00>
ST_1 : Operation 198 [1/1] (0.00ns)   --->   "%write_ln0 = write void @_ssdm_op_Write.ap_auto.i16P0A, i16 %p_0_0282_496_out, i16 %p_0_0282_496_load"   --->   Operation 198 'write' 'write_ln0' <Predicate = (icmp_ln26)> <Delay = 0.00>
ST_1 : Operation 199 [1/1] (0.00ns)   --->   "%write_ln0 = write void @_ssdm_op_Write.ap_auto.i16P0A, i16 %p_0_0282_394_out, i16 %p_0_0282_394_load"   --->   Operation 199 'write' 'write_ln0' <Predicate = (icmp_ln26)> <Delay = 0.00>
ST_1 : Operation 200 [1/1] (0.00ns)   --->   "%write_ln0 = write void @_ssdm_op_Write.ap_auto.i16P0A, i16 %p_0_0282_292_out, i16 %p_0_0282_292_load"   --->   Operation 200 'write' 'write_ln0' <Predicate = (icmp_ln26)> <Delay = 0.00>
ST_1 : Operation 201 [1/1] (0.00ns)   --->   "%write_ln0 = write void @_ssdm_op_Write.ap_auto.i16P0A, i16 %p_0_0282_190_out, i16 %p_0_0282_190_load"   --->   Operation 201 'write' 'write_ln0' <Predicate = (icmp_ln26)> <Delay = 0.00>
ST_1 : Operation 202 [1/1] (0.00ns)   --->   "%write_ln0 = write void @_ssdm_op_Write.ap_auto.i16P0A, i16 %p_0_028288_out, i16 %p_0_028288_load"   --->   Operation 202 'write' 'write_ln0' <Predicate = (icmp_ln26)> <Delay = 0.00>
ST_1 : Operation 203 [1/1] (1.58ns)   --->   "%ret_ln0 = ret"   --->   Operation 203 'ret' 'ret_ln0' <Predicate = (icmp_ln26)> <Delay = 1.58>


============================================================
+ Verbose Summary: Binding
============================================================
STG Binding: 
---------------- STG Properties BEGIN ----------------
- Is combinational: 0
- Is one-state seq: 0
- Is datapath-only: 0
- Is pipelined: 0
- Is top level: 0
Port [ Return ] is wired: 1; IO mode=ap_ctrl_hs:ce=0
Port [ l1_bits_reload]:  wired=1; compound=0; hidden=0; nouse=0; global=0; static=0; extern=0; dir=0; type=0; pingpong=0; private_global=0; IO mode=ap_none:ce=0
Port [ l1_bits_16_reload]:  wired=1; compound=0; hidden=0; nouse=0; global=0; static=0; extern=0; dir=0; type=0; pingpong=0; private_global=0; IO mode=ap_none:ce=0
Port [ l1_bits_32_reload]:  wired=1; compound=0; hidden=0; nouse=0; global=0; static=0; extern=0; dir=0; type=0; pingpong=0; private_global=0; IO mode=ap_none:ce=0
Port [ l1_bits_48_reload]:  wired=1; compound=0; hidden=0; nouse=0; global=0; static=0; extern=0; dir=0; type=0; pingpong=0; private_global=0; IO mode=ap_none:ce=0
Port [ l1_bits_64_reload]:  wired=1; compound=0; hidden=0; nouse=0; global=0; static=0; extern=0; dir=0; type=0; pingpong=0; private_global=0; IO mode=ap_none:ce=0
Port [ l1_bits_80_reload]:  wired=1; compound=0; hidden=0; nouse=0; global=0; static=0; extern=0; dir=0; type=0; pingpong=0; private_global=0; IO mode=ap_none:ce=0
Port [ l1_bits_96_reload]:  wired=1; compound=0; hidden=0; nouse=0; global=0; static=0; extern=0; dir=0; type=0; pingpong=0; private_global=0; IO mode=ap_none:ce=0
Port [ l1_bits_112_reload]:  wired=1; compound=0; hidden=0; nouse=0; global=0; static=0; extern=0; dir=0; type=0; pingpong=0; private_global=0; IO mode=ap_none:ce=0
Port [ l1_bits_1_reload]:  wired=1; compound=0; hidden=0; nouse=0; global=0; static=0; extern=0; dir=0; type=0; pingpong=0; private_global=0; IO mode=ap_none:ce=0
Port [ l1_bits_17_reload]:  wired=1; compound=0; hidden=0; nouse=0; global=0; static=0; extern=0; dir=0; type=0; pingpong=0; private_global=0; IO mode=ap_none:ce=0
Port [ l1_bits_33_reload]:  wired=1; compound=0; hidden=0; nouse=0; global=0; static=0; extern=0; dir=0; type=0; pingpong=0; private_global=0; IO mode=ap_none:ce=0
Port [ l1_bits_49_reload]:  wired=1; compound=0; hidden=0; nouse=0; global=0; static=0; extern=0; dir=0; type=0; pingpong=0; private_global=0; IO mode=ap_none:ce=0
Port [ l1_bits_65_reload]:  wired=1; compound=0; hidden=0; nouse=0; global=0; static=0; extern=0; dir=0; type=0; pingpong=0; private_global=0; IO mode=ap_none:ce=0
Port [ l1_bits_81_reload]:  wired=1; compound=0; hidden=0; nouse=0; global=0; static=0; extern=0; dir=0; type=0; pingpong=0; private_global=0; IO mode=ap_none:ce=0
Port [ l1_bits_97_reload]:  wired=1; compound=0; hidden=0; nouse=0; global=0; static=0; extern=0; dir=0; type=0; pingpong=0; private_global=0; IO mode=ap_none:ce=0
Port [ l1_bits_113_reload]:  wired=1; compound=0; hidden=0; nouse=0; global=0; static=0; extern=0; dir=0; type=0; pingpong=0; private_global=0; IO mode=ap_none:ce=0
Port [ l1_bits_2_reload]:  wired=1; compound=0; hidden=0; nouse=0; global=0; static=0; extern=0; dir=0; type=0; pingpong=0; private_global=0; IO mode=ap_none:ce=0
Port [ l1_bits_18_reload]:  wired=1; compound=0; hidden=0; nouse=0; global=0; static=0; extern=0; dir=0; type=0; pingpong=0; private_global=0; IO mode=ap_none:ce=0
Port [ l1_bits_34_reload]:  wired=1; compound=0; hidden=0; nouse=0; global=0; static=0; extern=0; dir=0; type=0; pingpong=0; private_global=0; IO mode=ap_none:ce=0
Port [ l1_bits_50_reload]:  wired=1; compound=0; hidden=0; nouse=0; global=0; static=0; extern=0; dir=0; type=0; pingpong=0; private_global=0; IO mode=ap_none:ce=0
Port [ l1_bits_66_reload]:  wired=1; compound=0; hidden=0; nouse=0; global=0; static=0; extern=0; dir=0; type=0; pingpong=0; private_global=0; IO mode=ap_none:ce=0
Port [ l1_bits_82_reload]:  wired=1; compound=0; hidden=0; nouse=0; global=0; static=0; extern=0; dir=0; type=0; pingpong=0; private_global=0; IO mode=ap_none:ce=0
Port [ l1_bits_98_reload]:  wired=1; compound=0; hidden=0; nouse=0; global=0; static=0; extern=0; dir=0; type=0; pingpong=0; private_global=0; IO mode=ap_none:ce=0
Port [ l1_bits_114_reload]:  wired=1; compound=0; hidden=0; nouse=0; global=0; static=0; extern=0; dir=0; type=0; pingpong=0; private_global=0; IO mode=ap_none:ce=0
Port [ l1_bits_3_reload]:  wired=1; compound=0; hidden=0; nouse=0; global=0; static=0; extern=0; dir=0; type=0; pingpong=0; private_global=0; IO mode=ap_none:ce=0
Port [ l1_bits_19_reload]:  wired=1; compound=0; hidden=0; nouse=0; global=0; static=0; extern=0; dir=0; type=0; pingpong=0; private_global=0; IO mode=ap_none:ce=0
Port [ l1_bits_35_reload]:  wired=1; compound=0; hidden=0; nouse=0; global=0; static=0; extern=0; dir=0; type=0; pingpong=0; private_global=0; IO mode=ap_none:ce=0
Port [ l1_bits_51_reload]:  wired=1; compound=0; hidden=0; nouse=0; global=0; static=0; extern=0; dir=0; type=0; pingpong=0; private_global=0; IO mode=ap_none:ce=0
Port [ l1_bits_67_reload]:  wired=1; compound=0; hidden=0; nouse=0; global=0; static=0; extern=0; dir=0; type=0; pingpong=0; private_global=0; IO mode=ap_none:ce=0
Port [ l1_bits_83_reload]:  wired=1; compound=0; hidden=0; nouse=0; global=0; static=0; extern=0; dir=0; type=0; pingpong=0; private_global=0; IO mode=ap_none:ce=0
Port [ l1_bits_99_reload]:  wired=1; compound=0; hidden=0; nouse=0; global=0; static=0; extern=0; dir=0; type=0; pingpong=0; private_global=0; IO mode=ap_none:ce=0
Port [ l1_bits_115_reload]:  wired=1; compound=0; hidden=0; nouse=0; global=0; static=0; extern=0; dir=0; type=0; pingpong=0; private_global=0; IO mode=ap_none:ce=0
Port [ l1_bits_4_reload]:  wired=1; compound=0; hidden=0; nouse=0; global=0; static=0; extern=0; dir=0; type=0; pingpong=0; private_global=0; IO mode=ap_none:ce=0
Port [ l1_bits_20_reload]:  wired=1; compound=0; hidden=0; nouse=0; global=0; static=0; extern=0; dir=0; type=0; pingpong=0; private_global=0; IO mode=ap_none:ce=0
Port [ l1_bits_36_reload]:  wired=1; compound=0; hidden=0; nouse=0; global=0; static=0; extern=0; dir=0; type=0; pingpong=0; private_global=0; IO mode=ap_none:ce=0
Port [ l1_bits_52_reload]:  wired=1; compound=0; hidden=0; nouse=0; global=0; static=0; extern=0; dir=0; type=0; pingpong=0; private_global=0; IO mode=ap_none:ce=0
Port [ l1_bits_68_reload]:  wired=1; compound=0; hidden=0; nouse=0; global=0; static=0; extern=0; dir=0; type=0; pingpong=0; private_global=0; IO mode=ap_none:ce=0
Port [ l1_bits_84_reload]:  wired=1; compound=0; hidden=0; nouse=0; global=0; static=0; extern=0; dir=0; type=0; pingpong=0; private_global=0; IO mode=ap_none:ce=0
Port [ l1_bits_100_reload]:  wired=1; compound=0; hidden=0; nouse=0; global=0; static=0; extern=0; dir=0; type=0; pingpong=0; private_global=0; IO mode=ap_none:ce=0
Port [ l1_bits_116_reload]:  wired=1; compound=0; hidden=0; nouse=0; global=0; static=0; extern=0; dir=0; type=0; pingpong=0; private_global=0; IO mode=ap_none:ce=0
Port [ l1_bits_5_reload]:  wired=1; compound=0; hidden=0; nouse=0; global=0; static=0; extern=0; dir=0; type=0; pingpong=0; private_global=0; IO mode=ap_none:ce=0
Port [ l1_bits_21_reload]:  wired=1; compound=0; hidden=0; nouse=0; global=0; static=0; extern=0; dir=0; type=0; pingpong=0; private_global=0; IO mode=ap_none:ce=0
Port [ l1_bits_37_reload]:  wired=1; compound=0; hidden=0; nouse=0; global=0; static=0; extern=0; dir=0; type=0; pingpong=0; private_global=0; IO mode=ap_none:ce=0
Port [ l1_bits_53_reload]:  wired=1; compound=0; hidden=0; nouse=0; global=0; static=0; extern=0; dir=0; type=0; pingpong=0; private_global=0; IO mode=ap_none:ce=0
Port [ l1_bits_69_reload]:  wired=1; compound=0; hidden=0; nouse=0; global=0; static=0; extern=0; dir=0; type=0; pingpong=0; private_global=0; IO mode=ap_none:ce=0
Port [ l1_bits_85_reload]:  wired=1; compound=0; hidden=0; nouse=0; global=0; static=0; extern=0; dir=0; type=0; pingpong=0; private_global=0; IO mode=ap_none:ce=0
Port [ l1_bits_101_reload]:  wired=1; compound=0; hidden=0; nouse=0; global=0; static=0; extern=0; dir=0; type=0; pingpong=0; private_global=0; IO mode=ap_none:ce=0
Port [ l1_bits_117_reload]:  wired=1; compound=0; hidden=0; nouse=0; global=0; static=0; extern=0; dir=0; type=0; pingpong=0; private_global=0; IO mode=ap_none:ce=0
Port [ l1_bits_6_reload]:  wired=1; compound=0; hidden=0; nouse=0; global=0; static=0; extern=0; dir=0; type=0; pingpong=0; private_global=0; IO mode=ap_none:ce=0
Port [ l1_bits_22_reload]:  wired=1; compound=0; hidden=0; nouse=0; global=0; static=0; extern=0; dir=0; type=0; pingpong=0; private_global=0; IO mode=ap_none:ce=0
Port [ l1_bits_38_reload]:  wired=1; compound=0; hidden=0; nouse=0; global=0; static=0; extern=0; dir=0; type=0; pingpong=0; private_global=0; IO mode=ap_none:ce=0
Port [ l1_bits_54_reload]:  wired=1; compound=0; hidden=0; nouse=0; global=0; static=0; extern=0; dir=0; type=0; pingpong=0; private_global=0; IO mode=ap_none:ce=0
Port [ l1_bits_70_reload]:  wired=1; compound=0; hidden=0; nouse=0; global=0; static=0; extern=0; dir=0; type=0; pingpong=0; private_global=0; IO mode=ap_none:ce=0
Port [ l1_bits_86_reload]:  wired=1; compound=0; hidden=0; nouse=0; global=0; static=0; extern=0; dir=0; type=0; pingpong=0; private_global=0; IO mode=ap_none:ce=0
Port [ l1_bits_102_reload]:  wired=1; compound=0; hidden=0; nouse=0; global=0; static=0; extern=0; dir=0; type=0; pingpong=0; private_global=0; IO mode=ap_none:ce=0
Port [ l1_bits_118_reload]:  wired=1; compound=0; hidden=0; nouse=0; global=0; static=0; extern=0; dir=0; type=0; pingpong=0; private_global=0; IO mode=ap_none:ce=0
Port [ l1_bits_7_reload]:  wired=1; compound=0; hidden=0; nouse=0; global=0; static=0; extern=0; dir=0; type=0; pingpong=0; private_global=0; IO mode=ap_none:ce=0
Port [ l1_bits_23_reload]:  wired=1; compound=0; hidden=0; nouse=0; global=0; static=0; extern=0; dir=0; type=0; pingpong=0; private_global=0; IO mode=ap_none:ce=0
Port [ l1_bits_39_reload]:  wired=1; compound=0; hidden=0; nouse=0; global=0; static=0; extern=0; dir=0; type=0; pingpong=0; private_global=0; IO mode=ap_none:ce=0
Port [ l1_bits_55_reload]:  wired=1; compound=0; hidden=0; nouse=0; global=0; static=0; extern=0; dir=0; type=0; pingpong=0; private_global=0; IO mode=ap_none:ce=0
Port [ l1_bits_71_reload]:  wired=1; compound=0; hidden=0; nouse=0; global=0; static=0; extern=0; dir=0; type=0; pingpong=0; private_global=0; IO mode=ap_none:ce=0
Port [ l1_bits_87_reload]:  wired=1; compound=0; hidden=0; nouse=0; global=0; static=0; extern=0; dir=0; type=0; pingpong=0; private_global=0; IO mode=ap_none:ce=0
Port [ l1_bits_103_reload]:  wired=1; compound=0; hidden=0; nouse=0; global=0; static=0; extern=0; dir=0; type=0; pingpong=0; private_global=0; IO mode=ap_none:ce=0
Port [ l1_bits_119_reload]:  wired=1; compound=0; hidden=0; nouse=0; global=0; static=0; extern=0; dir=0; type=0; pingpong=0; private_global=0; IO mode=ap_none:ce=0
Port [ l1_bits_8_reload]:  wired=1; compound=0; hidden=0; nouse=0; global=0; static=0; extern=0; dir=0; type=0; pingpong=0; private_global=0; IO mode=ap_none:ce=0
Port [ l1_bits_24_reload]:  wired=1; compound=0; hidden=0; nouse=0; global=0; static=0; extern=0; dir=0; type=0; pingpong=0; private_global=0; IO mode=ap_none:ce=0
Port [ l1_bits_40_reload]:  wired=1; compound=0; hidden=0; nouse=0; global=0; static=0; extern=0; dir=0; type=0; pingpong=0; private_global=0; IO mode=ap_none:ce=0
Port [ l1_bits_56_reload]:  wired=1; compound=0; hidden=0; nouse=0; global=0; static=0; extern=0; dir=0; type=0; pingpong=0; private_global=0; IO mode=ap_none:ce=0
Port [ l1_bits_72_reload]:  wired=1; compound=0; hidden=0; nouse=0; global=0; static=0; extern=0; dir=0; type=0; pingpong=0; private_global=0; IO mode=ap_none:ce=0
Port [ l1_bits_88_reload]:  wired=1; compound=0; hidden=0; nouse=0; global=0; static=0; extern=0; dir=0; type=0; pingpong=0; private_global=0; IO mode=ap_none:ce=0
Port [ l1_bits_104_reload]:  wired=1; compound=0; hidden=0; nouse=0; global=0; static=0; extern=0; dir=0; type=0; pingpong=0; private_global=0; IO mode=ap_none:ce=0
Port [ l1_bits_120_reload]:  wired=1; compound=0; hidden=0; nouse=0; global=0; static=0; extern=0; dir=0; type=0; pingpong=0; private_global=0; IO mode=ap_none:ce=0
Port [ l1_bits_9_reload]:  wired=1; compound=0; hidden=0; nouse=0; global=0; static=0; extern=0; dir=0; type=0; pingpong=0; private_global=0; IO mode=ap_none:ce=0
Port [ l1_bits_25_reload]:  wired=1; compound=0; hidden=0; nouse=0; global=0; static=0; extern=0; dir=0; type=0; pingpong=0; private_global=0; IO mode=ap_none:ce=0
Port [ l1_bits_41_reload]:  wired=1; compound=0; hidden=0; nouse=0; global=0; static=0; extern=0; dir=0; type=0; pingpong=0; private_global=0; IO mode=ap_none:ce=0
Port [ l1_bits_57_reload]:  wired=1; compound=0; hidden=0; nouse=0; global=0; static=0; extern=0; dir=0; type=0; pingpong=0; private_global=0; IO mode=ap_none:ce=0
Port [ l1_bits_73_reload]:  wired=1; compound=0; hidden=0; nouse=0; global=0; static=0; extern=0; dir=0; type=0; pingpong=0; private_global=0; IO mode=ap_none:ce=0
Port [ l1_bits_89_reload]:  wired=1; compound=0; hidden=0; nouse=0; global=0; static=0; extern=0; dir=0; type=0; pingpong=0; private_global=0; IO mode=ap_none:ce=0
Port [ l1_bits_105_reload]:  wired=1; compound=0; hidden=0; nouse=0; global=0; static=0; extern=0; dir=0; type=0; pingpong=0; private_global=0; IO mode=ap_none:ce=0
Port [ l1_bits_121_reload]:  wired=1; compound=0; hidden=0; nouse=0; global=0; static=0; extern=0; dir=0; type=0; pingpong=0; private_global=0; IO mode=ap_none:ce=0
Port [ l1_bits_10_reload]:  wired=1; compound=0; hidden=0; nouse=0; global=0; static=0; extern=0; dir=0; type=0; pingpong=0; private_global=0; IO mode=ap_none:ce=0
Port [ l1_bits_26_reload]:  wired=1; compound=0; hidden=0; nouse=0; global=0; static=0; extern=0; dir=0; type=0; pingpong=0; private_global=0; IO mode=ap_none:ce=0
Port [ l1_bits_42_reload]:  wired=1; compound=0; hidden=0; nouse=0; global=0; static=0; extern=0; dir=0; type=0; pingpong=0; private_global=0; IO mode=ap_none:ce=0
Port [ l1_bits_58_reload]:  wired=1; compound=0; hidden=0; nouse=0; global=0; static=0; extern=0; dir=0; type=0; pingpong=0; private_global=0; IO mode=ap_none:ce=0
Port [ l1_bits_74_reload]:  wired=1; compound=0; hidden=0; nouse=0; global=0; static=0; extern=0; dir=0; type=0; pingpong=0; private_global=0; IO mode=ap_none:ce=0
Port [ l1_bits_90_reload]:  wired=1; compound=0; hidden=0; nouse=0; global=0; static=0; extern=0; dir=0; type=0; pingpong=0; private_global=0; IO mode=ap_none:ce=0
Port [ l1_bits_106_reload]:  wired=1; compound=0; hidden=0; nouse=0; global=0; static=0; extern=0; dir=0; type=0; pingpong=0; private_global=0; IO mode=ap_none:ce=0
Port [ l1_bits_122_reload]:  wired=1; compound=0; hidden=0; nouse=0; global=0; static=0; extern=0; dir=0; type=0; pingpong=0; private_global=0; IO mode=ap_none:ce=0
Port [ l1_bits_11_reload]:  wired=1; compound=0; hidden=0; nouse=0; global=0; static=0; extern=0; dir=0; type=0; pingpong=0; private_global=0; IO mode=ap_none:ce=0
Port [ l1_bits_27_reload]:  wired=1; compound=0; hidden=0; nouse=0; global=0; static=0; extern=0; dir=0; type=0; pingpong=0; private_global=0; IO mode=ap_none:ce=0
Port [ l1_bits_43_reload]:  wired=1; compound=0; hidden=0; nouse=0; global=0; static=0; extern=0; dir=0; type=0; pingpong=0; private_global=0; IO mode=ap_none:ce=0
Port [ l1_bits_59_reload]:  wired=1; compound=0; hidden=0; nouse=0; global=0; static=0; extern=0; dir=0; type=0; pingpong=0; private_global=0; IO mode=ap_none:ce=0
Port [ l1_bits_75_reload]:  wired=1; compound=0; hidden=0; nouse=0; global=0; static=0; extern=0; dir=0; type=0; pingpong=0; private_global=0; IO mode=ap_none:ce=0
Port [ l1_bits_91_reload]:  wired=1; compound=0; hidden=0; nouse=0; global=0; static=0; extern=0; dir=0; type=0; pingpong=0; private_global=0; IO mode=ap_none:ce=0
Port [ l1_bits_107_reload]:  wired=1; compound=0; hidden=0; nouse=0; global=0; static=0; extern=0; dir=0; type=0; pingpong=0; private_global=0; IO mode=ap_none:ce=0
Port [ l1_bits_123_reload]:  wired=1; compound=0; hidden=0; nouse=0; global=0; static=0; extern=0; dir=0; type=0; pingpong=0; private_global=0; IO mode=ap_none:ce=0
Port [ l1_bits_12_reload]:  wired=1; compound=0; hidden=0; nouse=0; global=0; static=0; extern=0; dir=0; type=0; pingpong=0; private_global=0; IO mode=ap_none:ce=0
Port [ l1_bits_28_reload]:  wired=1; compound=0; hidden=0; nouse=0; global=0; static=0; extern=0; dir=0; type=0; pingpong=0; private_global=0; IO mode=ap_none:ce=0
Port [ l1_bits_44_reload]:  wired=1; compound=0; hidden=0; nouse=0; global=0; static=0; extern=0; dir=0; type=0; pingpong=0; private_global=0; IO mode=ap_none:ce=0
Port [ l1_bits_60_reload]:  wired=1; compound=0; hidden=0; nouse=0; global=0; static=0; extern=0; dir=0; type=0; pingpong=0; private_global=0; IO mode=ap_none:ce=0
Port [ l1_bits_76_reload]:  wired=1; compound=0; hidden=0; nouse=0; global=0; static=0; extern=0; dir=0; type=0; pingpong=0; private_global=0; IO mode=ap_none:ce=0
Port [ l1_bits_92_reload]:  wired=1; compound=0; hidden=0; nouse=0; global=0; static=0; extern=0; dir=0; type=0; pingpong=0; private_global=0; IO mode=ap_none:ce=0
Port [ l1_bits_108_reload]:  wired=1; compound=0; hidden=0; nouse=0; global=0; static=0; extern=0; dir=0; type=0; pingpong=0; private_global=0; IO mode=ap_none:ce=0
Port [ l1_bits_124_reload]:  wired=1; compound=0; hidden=0; nouse=0; global=0; static=0; extern=0; dir=0; type=0; pingpong=0; private_global=0; IO mode=ap_none:ce=0
Port [ l1_bits_13_reload]:  wired=1; compound=0; hidden=0; nouse=0; global=0; static=0; extern=0; dir=0; type=0; pingpong=0; private_global=0; IO mode=ap_none:ce=0
Port [ l1_bits_29_reload]:  wired=1; compound=0; hidden=0; nouse=0; global=0; static=0; extern=0; dir=0; type=0; pingpong=0; private_global=0; IO mode=ap_none:ce=0
Port [ l1_bits_45_reload]:  wired=1; compound=0; hidden=0; nouse=0; global=0; static=0; extern=0; dir=0; type=0; pingpong=0; private_global=0; IO mode=ap_none:ce=0
Port [ l1_bits_61_reload]:  wired=1; compound=0; hidden=0; nouse=0; global=0; static=0; extern=0; dir=0; type=0; pingpong=0; private_global=0; IO mode=ap_none:ce=0
Port [ l1_bits_77_reload]:  wired=1; compound=0; hidden=0; nouse=0; global=0; static=0; extern=0; dir=0; type=0; pingpong=0; private_global=0; IO mode=ap_none:ce=0
Port [ l1_bits_93_reload]:  wired=1; compound=0; hidden=0; nouse=0; global=0; static=0; extern=0; dir=0; type=0; pingpong=0; private_global=0; IO mode=ap_none:ce=0
Port [ l1_bits_109_reload]:  wired=1; compound=0; hidden=0; nouse=0; global=0; static=0; extern=0; dir=0; type=0; pingpong=0; private_global=0; IO mode=ap_none:ce=0
Port [ l1_bits_125_reload]:  wired=1; compound=0; hidden=0; nouse=0; global=0; static=0; extern=0; dir=0; type=0; pingpong=0; private_global=0; IO mode=ap_none:ce=0
Port [ l1_bits_14_reload]:  wired=1; compound=0; hidden=0; nouse=0; global=0; static=0; extern=0; dir=0; type=0; pingpong=0; private_global=0; IO mode=ap_none:ce=0
Port [ l1_bits_30_reload]:  wired=1; compound=0; hidden=0; nouse=0; global=0; static=0; extern=0; dir=0; type=0; pingpong=0; private_global=0; IO mode=ap_none:ce=0
Port [ l1_bits_46_reload]:  wired=1; compound=0; hidden=0; nouse=0; global=0; static=0; extern=0; dir=0; type=0; pingpong=0; private_global=0; IO mode=ap_none:ce=0
Port [ l1_bits_62_reload]:  wired=1; compound=0; hidden=0; nouse=0; global=0; static=0; extern=0; dir=0; type=0; pingpong=0; private_global=0; IO mode=ap_none:ce=0
Port [ l1_bits_78_reload]:  wired=1; compound=0; hidden=0; nouse=0; global=0; static=0; extern=0; dir=0; type=0; pingpong=0; private_global=0; IO mode=ap_none:ce=0
Port [ l1_bits_94_reload]:  wired=1; compound=0; hidden=0; nouse=0; global=0; static=0; extern=0; dir=0; type=0; pingpong=0; private_global=0; IO mode=ap_none:ce=0
Port [ l1_bits_110_reload]:  wired=1; compound=0; hidden=0; nouse=0; global=0; static=0; extern=0; dir=0; type=0; pingpong=0; private_global=0; IO mode=ap_none:ce=0
Port [ l1_bits_126_reload]:  wired=1; compound=0; hidden=0; nouse=0; global=0; static=0; extern=0; dir=0; type=0; pingpong=0; private_global=0; IO mode=ap_none:ce=0
Port [ l1_bits_15_reload]:  wired=1; compound=0; hidden=0; nouse=0; global=0; static=0; extern=0; dir=0; type=0; pingpong=0; private_global=0; IO mode=ap_none:ce=0
Port [ l1_bits_31_reload]:  wired=1; compound=0; hidden=0; nouse=0; global=0; static=0; extern=0; dir=0; type=0; pingpong=0; private_global=0; IO mode=ap_none:ce=0
Port [ l1_bits_47_reload]:  wired=1; compound=0; hidden=0; nouse=0; global=0; static=0; extern=0; dir=0; type=0; pingpong=0; private_global=0; IO mode=ap_none:ce=0
Port [ l1_bits_63_reload]:  wired=1; compound=0; hidden=0; nouse=0; global=0; static=0; extern=0; dir=0; type=0; pingpong=0; private_global=0; IO mode=ap_none:ce=0
Port [ l1_bits_79_reload]:  wired=1; compound=0; hidden=0; nouse=0; global=0; static=0; extern=0; dir=0; type=0; pingpong=0; private_global=0; IO mode=ap_none:ce=0
Port [ l1_bits_95_reload]:  wired=1; compound=0; hidden=0; nouse=0; global=0; static=0; extern=0; dir=0; type=0; pingpong=0; private_global=0; IO mode=ap_none:ce=0
Port [ l1_bits_111_reload]:  wired=1; compound=0; hidden=0; nouse=0; global=0; static=0; extern=0; dir=0; type=0; pingpong=0; private_global=0; IO mode=ap_none:ce=0
Port [ l1_bits_127_reload]:  wired=1; compound=0; hidden=0; nouse=0; global=0; static=0; extern=0; dir=0; type=0; pingpong=0; private_global=0; IO mode=ap_none:ce=0
Port [ p_0_0282_7102_out]:  wired=1; compound=0; hidden=0; nouse=0; global=0; static=0; extern=0; dir=1; type=0; pingpong=0; private_global=0; IO mode=ap_vld:ce=0
Port [ p_0_0282_6100_out]:  wired=1; compound=0; hidden=0; nouse=0; global=0; static=0; extern=0; dir=1; type=0; pingpong=0; private_global=0; IO mode=ap_vld:ce=0
Port [ p_0_0282_598_out]:  wired=1; compound=0; hidden=0; nouse=0; global=0; static=0; extern=0; dir=1; type=0; pingpong=0; private_global=0; IO mode=ap_vld:ce=0
Port [ p_0_0282_496_out]:  wired=1; compound=0; hidden=0; nouse=0; global=0; static=0; extern=0; dir=1; type=0; pingpong=0; private_global=0; IO mode=ap_vld:ce=0
Port [ p_0_0282_394_out]:  wired=1; compound=0; hidden=0; nouse=0; global=0; static=0; extern=0; dir=1; type=0; pingpong=0; private_global=0; IO mode=ap_vld:ce=0
Port [ p_0_0282_292_out]:  wired=1; compound=0; hidden=0; nouse=0; global=0; static=0; extern=0; dir=1; type=0; pingpong=0; private_global=0; IO mode=ap_vld:ce=0
Port [ p_0_0282_190_out]:  wired=1; compound=0; hidden=0; nouse=0; global=0; static=0; extern=0; dir=1; type=0; pingpong=0; private_global=0; IO mode=ap_vld:ce=0
Port [ p_0_028288_out]:  wired=1; compound=0; hidden=0; nouse=0; global=0; static=0; extern=0; dir=1; type=0; pingpong=0; private_global=0; IO mode=ap_vld:ce=0
---------------- STG Properties END ------------------

---------------- Datapath Model BEGIN ----------------

<LifeTime>
<method=bitvector/>
w                       (alloca           ) [ 01]
p_0_028288              (alloca           ) [ 01]
p_0_0282_190            (alloca           ) [ 01]
p_0_0282_292            (alloca           ) [ 01]
p_0_0282_394            (alloca           ) [ 01]
p_0_0282_496            (alloca           ) [ 01]
p_0_0282_598            (alloca           ) [ 01]
p_0_0282_6100           (alloca           ) [ 01]
p_0_0282_7102           (alloca           ) [ 01]
l1_bits_127_reload_read (read             ) [ 00]
l1_bits_111_reload_read (read             ) [ 00]
l1_bits_95_reload_read  (read             ) [ 00]
l1_bits_79_reload_read  (read             ) [ 00]
l1_bits_63_reload_read  (read             ) [ 00]
l1_bits_47_reload_read  (read             ) [ 00]
l1_bits_31_reload_read  (read             ) [ 00]
l1_bits_15_reload_read  (read             ) [ 00]
l1_bits_126_reload_read (read             ) [ 00]
l1_bits_110_reload_read (read             ) [ 00]
l1_bits_94_reload_read  (read             ) [ 00]
l1_bits_78_reload_read  (read             ) [ 00]
l1_bits_62_reload_read  (read             ) [ 00]
l1_bits_46_reload_read  (read             ) [ 00]
l1_bits_30_reload_read  (read             ) [ 00]
l1_bits_14_reload_read  (read             ) [ 00]
l1_bits_125_reload_read (read             ) [ 00]
l1_bits_109_reload_read (read             ) [ 00]
l1_bits_93_reload_read  (read             ) [ 00]
l1_bits_77_reload_read  (read             ) [ 00]
l1_bits_61_reload_read  (read             ) [ 00]
l1_bits_45_reload_read  (read             ) [ 00]
l1_bits_29_reload_read  (read             ) [ 00]
l1_bits_13_reload_read  (read             ) [ 00]
l1_bits_124_reload_read (read             ) [ 00]
l1_bits_108_reload_read (read             ) [ 00]
l1_bits_92_reload_read  (read             ) [ 00]
l1_bits_76_reload_read  (read             ) [ 00]
l1_bits_60_reload_read  (read             ) [ 00]
l1_bits_44_reload_read  (read             ) [ 00]
l1_bits_28_reload_read  (read             ) [ 00]
l1_bits_12_reload_read  (read             ) [ 00]
l1_bits_123_reload_read (read             ) [ 00]
l1_bits_107_reload_read (read             ) [ 00]
l1_bits_91_reload_read  (read             ) [ 00]
l1_bits_75_reload_read  (read             ) [ 00]
l1_bits_59_reload_read  (read             ) [ 00]
l1_bits_43_reload_read  (read             ) [ 00]
l1_bits_27_reload_read  (read             ) [ 00]
l1_bits_11_reload_read  (read             ) [ 00]
l1_bits_122_reload_read (read             ) [ 00]
l1_bits_106_reload_read (read             ) [ 00]
l1_bits_90_reload_read  (read             ) [ 00]
l1_bits_74_reload_read  (read             ) [ 00]
l1_bits_58_reload_read  (read             ) [ 00]
l1_bits_42_reload_read  (read             ) [ 00]
l1_bits_26_reload_read  (read             ) [ 00]
l1_bits_10_reload_read  (read             ) [ 00]
l1_bits_121_reload_read (read             ) [ 00]
l1_bits_105_reload_read (read             ) [ 00]
l1_bits_89_reload_read  (read             ) [ 00]
l1_bits_73_reload_read  (read             ) [ 00]
l1_bits_57_reload_read  (read             ) [ 00]
l1_bits_41_reload_read  (read             ) [ 00]
l1_bits_25_reload_read  (read             ) [ 00]
l1_bits_9_reload_read   (read             ) [ 00]
l1_bits_120_reload_read (read             ) [ 00]
l1_bits_104_reload_read (read             ) [ 00]
l1_bits_88_reload_read  (read             ) [ 00]
l1_bits_72_reload_read  (read             ) [ 00]
l1_bits_56_reload_read  (read             ) [ 00]
l1_bits_40_reload_read  (read             ) [ 00]
l1_bits_24_reload_read  (read             ) [ 00]
l1_bits_8_reload_read   (read             ) [ 00]
l1_bits_119_reload_read (read             ) [ 00]
l1_bits_103_reload_read (read             ) [ 00]
l1_bits_87_reload_read  (read             ) [ 00]
l1_bits_71_reload_read  (read             ) [ 00]
l1_bits_55_reload_read  (read             ) [ 00]
l1_bits_39_reload_read  (read             ) [ 00]
l1_bits_23_reload_read  (read             ) [ 00]
l1_bits_7_reload_read   (read             ) [ 00]
l1_bits_118_reload_read (read             ) [ 00]
l1_bits_102_reload_read (read             ) [ 00]
l1_bits_86_reload_read  (read             ) [ 00]
l1_bits_70_reload_read  (read             ) [ 00]
l1_bits_54_reload_read  (read             ) [ 00]
l1_bits_38_reload_read  (read             ) [ 00]
l1_bits_22_reload_read  (read             ) [ 00]
l1_bits_6_reload_read   (read             ) [ 00]
l1_bits_117_reload_read (read             ) [ 00]
l1_bits_101_reload_read (read             ) [ 00]
l1_bits_85_reload_read  (read             ) [ 00]
l1_bits_69_reload_read  (read             ) [ 00]
l1_bits_53_reload_read  (read             ) [ 00]
l1_bits_37_reload_read  (read             ) [ 00]
l1_bits_21_reload_read  (read             ) [ 00]
l1_bits_5_reload_read   (read             ) [ 00]
l1_bits_116_reload_read (read             ) [ 00]
l1_bits_100_reload_read (read             ) [ 00]
l1_bits_84_reload_read  (read             ) [ 00]
l1_bits_68_reload_read  (read             ) [ 00]
l1_bits_52_reload_read  (read             ) [ 00]
l1_bits_36_reload_read  (read             ) [ 00]
l1_bits_20_reload_read  (read             ) [ 00]
l1_bits_4_reload_read   (read             ) [ 00]
l1_bits_115_reload_read (read             ) [ 00]
l1_bits_99_reload_read  (read             ) [ 00]
l1_bits_83_reload_read  (read             ) [ 00]
l1_bits_67_reload_read  (read             ) [ 00]
l1_bits_51_reload_read  (read             ) [ 00]
l1_bits_35_reload_read  (read             ) [ 00]
l1_bits_19_reload_read  (read             ) [ 00]
l1_bits_3_reload_read   (read             ) [ 00]
l1_bits_114_reload_read (read             ) [ 00]
l1_bits_98_reload_read  (read             ) [ 00]
l1_bits_82_reload_read  (read             ) [ 00]
l1_bits_66_reload_read  (read             ) [ 00]
l1_bits_50_reload_read  (read             ) [ 00]
l1_bits_34_reload_read  (read             ) [ 00]
l1_bits_18_reload_read  (read             ) [ 00]
l1_bits_2_reload_read   (read             ) [ 00]
l1_bits_113_reload_read (read             ) [ 00]
l1_bits_97_reload_read  (read             ) [ 00]
l1_bits_81_reload_read  (read             ) [ 00]
l1_bits_65_reload_read  (read             ) [ 00]
l1_bits_49_reload_read  (read             ) [ 00]
l1_bits_33_reload_read  (read             ) [ 00]
l1_bits_17_reload_read  (read             ) [ 00]
l1_bits_1_reload_read   (read             ) [ 00]
l1_bits_112_reload_read (read             ) [ 00]
l1_bits_96_reload_read  (read             ) [ 00]
l1_bits_80_reload_read  (read             ) [ 00]
l1_bits_64_reload_read  (read             ) [ 00]
l1_bits_48_reload_read  (read             ) [ 00]
l1_bits_32_reload_read  (read             ) [ 00]
l1_bits_16_reload_read  (read             ) [ 00]
l1_bits_reload_read     (read             ) [ 00]
store_ln26              (store            ) [ 00]
br_ln0                  (br               ) [ 00]
w_2                     (load             ) [ 00]
icmp_ln26               (icmp             ) [ 01]
add_ln26                (add              ) [ 00]
br_ln26                 (br               ) [ 00]
trunc_ln26              (trunc            ) [ 01]
specpipeline_ln27       (specpipeline     ) [ 00]
speclooptripcount_ln26  (speclooptripcount) [ 00]
specloopname_ln26       (specloopname     ) [ 00]
word                    (sparsemux        ) [ 00]
tmp_s                   (sparsemux        ) [ 00]
tmp_15                  (sparsemux        ) [ 00]
tmp_16                  (sparsemux        ) [ 00]
tmp_17                  (sparsemux        ) [ 00]
tmp_18                  (sparsemux        ) [ 00]
tmp_19                  (sparsemux        ) [ 00]
tmp_20                  (sparsemux        ) [ 00]
tmp_21                  (sparsemux        ) [ 00]
tmp_22                  (sparsemux        ) [ 00]
tmp_23                  (sparsemux        ) [ 00]
tmp_24                  (sparsemux        ) [ 00]
tmp_25                  (sparsemux        ) [ 00]
tmp_26                  (sparsemux        ) [ 00]
tmp_27                  (sparsemux        ) [ 00]
tmp_28                  (sparsemux        ) [ 00]
word_4                  (bitconcatenate   ) [ 00]
switch_ln39             (switch           ) [ 00]
store_ln36              (store            ) [ 00]
br_ln39                 (br               ) [ 00]
store_ln36              (store            ) [ 00]
br_ln39                 (br               ) [ 00]
store_ln36              (store            ) [ 00]
br_ln39                 (br               ) [ 00]
store_ln36              (store            ) [ 00]
br_ln39                 (br               ) [ 00]
store_ln36              (store            ) [ 00]
br_ln39                 (br               ) [ 00]
store_ln36              (store            ) [ 00]
br_ln39                 (br               ) [ 00]
store_ln36              (store            ) [ 00]
br_ln39                 (br               ) [ 00]
store_ln36              (store            ) [ 00]
br_ln39                 (br               ) [ 00]
store_ln26              (store            ) [ 00]
br_ln26                 (br               ) [ 00]
p_0_028288_load         (load             ) [ 00]
p_0_0282_190_load       (load             ) [ 00]
p_0_0282_292_load       (load             ) [ 00]
p_0_0282_394_load       (load             ) [ 00]
p_0_0282_496_load       (load             ) [ 00]
p_0_0282_598_load       (load             ) [ 00]
p_0_0282_6100_load      (load             ) [ 00]
p_0_0282_7102_load      (load             ) [ 00]
write_ln0               (write            ) [ 00]
write_ln0               (write            ) [ 00]
write_ln0               (write            ) [ 00]
write_ln0               (write            ) [ 00]
write_ln0               (write            ) [ 00]
write_ln0               (write            ) [ 00]
write_ln0               (write            ) [ 00]
write_ln0               (write            ) [ 00]
ret_ln0                 (ret              ) [ 00]
</LifeTime>

<model>

<comp_list>
<comp id="0" class="1000" name="l1_bits_reload">
<pin_list>
<pin id="1" dir="1" index="0" bw="1" slack="0"/>
</pin_list>
<bind>
<StgValue><ssdm name="l1_bits_reload"/></StgValue>
</bind>
</comp>

<comp id="2" class="1000" name="l1_bits_16_reload">
<pin_list>
<pin id="3" dir="1" index="0" bw="1" slack="0"/>
</pin_list>
<bind>
<StgValue><ssdm name="l1_bits_16_reload"/></StgValue>
</bind>
</comp>

<comp id="4" class="1000" name="l1_bits_32_reload">
<pin_list>
<pin id="5" dir="1" index="0" bw="1" slack="0"/>
</pin_list>
<bind>
<StgValue><ssdm name="l1_bits_32_reload"/></StgValue>
</bind>
</comp>

<comp id="6" class="1000" name="l1_bits_48_reload">
<pin_list>
<pin id="7" dir="1" index="0" bw="1" slack="0"/>
</pin_list>
<bind>
<StgValue><ssdm name="l1_bits_48_reload"/></StgValue>
</bind>
</comp>

<comp id="8" class="1000" name="l1_bits_64_reload">
<pin_list>
<pin id="9" dir="1" index="0" bw="1" slack="0"/>
</pin_list>
<bind>
<StgValue><ssdm name="l1_bits_64_reload"/></StgValue>
</bind>
</comp>

<comp id="10" class="1000" name="l1_bits_80_reload">
<pin_list>
<pin id="11" dir="1" index="0" bw="1" slack="0"/>
</pin_list>
<bind>
<StgValue><ssdm name="l1_bits_80_reload"/></StgValue>
</bind>
</comp>

<comp id="12" class="1000" name="l1_bits_96_reload">
<pin_list>
<pin id="13" dir="1" index="0" bw="1" slack="0"/>
</pin_list>
<bind>
<StgValue><ssdm name="l1_bits_96_reload"/></StgValue>
</bind>
</comp>

<comp id="14" class="1000" name="l1_bits_112_reload">
<pin_list>
<pin id="15" dir="1" index="0" bw="1" slack="0"/>
</pin_list>
<bind>
<StgValue><ssdm name="l1_bits_112_reload"/></StgValue>
</bind>
</comp>

<comp id="16" class="1000" name="l1_bits_1_reload">
<pin_list>
<pin id="17" dir="1" index="0" bw="1" slack="0"/>
</pin_list>
<bind>
<StgValue><ssdm name="l1_bits_1_reload"/></StgValue>
</bind>
</comp>

<comp id="18" class="1000" name="l1_bits_17_reload">
<pin_list>
<pin id="19" dir="1" index="0" bw="1" slack="0"/>
</pin_list>
<bind>
<StgValue><ssdm name="l1_bits_17_reload"/></StgValue>
</bind>
</comp>

<comp id="20" class="1000" name="l1_bits_33_reload">
<pin_list>
<pin id="21" dir="1" index="0" bw="1" slack="0"/>
</pin_list>
<bind>
<StgValue><ssdm name="l1_bits_33_reload"/></StgValue>
</bind>
</comp>

<comp id="22" class="1000" name="l1_bits_49_reload">
<pin_list>
<pin id="23" dir="1" index="0" bw="1" slack="0"/>
</pin_list>
<bind>
<StgValue><ssdm name="l1_bits_49_reload"/></StgValue>
</bind>
</comp>

<comp id="24" class="1000" name="l1_bits_65_reload">
<pin_list>
<pin id="25" dir="1" index="0" bw="1" slack="0"/>
</pin_list>
<bind>
<StgValue><ssdm name="l1_bits_65_reload"/></StgValue>
</bind>
</comp>

<comp id="26" class="1000" name="l1_bits_81_reload">
<pin_list>
<pin id="27" dir="1" index="0" bw="1" slack="0"/>
</pin_list>
<bind>
<StgValue><ssdm name="l1_bits_81_reload"/></StgValue>
</bind>
</comp>

<comp id="28" class="1000" name="l1_bits_97_reload">
<pin_list>
<pin id="29" dir="1" index="0" bw="1" slack="0"/>
</pin_list>
<bind>
<StgValue><ssdm name="l1_bits_97_reload"/></StgValue>
</bind>
</comp>

<comp id="30" class="1000" name="l1_bits_113_reload">
<pin_list>
<pin id="31" dir="1" index="0" bw="1" slack="0"/>
</pin_list>
<bind>
<StgValue><ssdm name="l1_bits_113_reload"/></StgValue>
</bind>
</comp>

<comp id="32" class="1000" name="l1_bits_2_reload">
<pin_list>
<pin id="33" dir="1" index="0" bw="1" slack="0"/>
</pin_list>
<bind>
<StgValue><ssdm name="l1_bits_2_reload"/></StgValue>
</bind>
</comp>

<comp id="34" class="1000" name="l1_bits_18_reload">
<pin_list>
<pin id="35" dir="1" index="0" bw="1" slack="0"/>
</pin_list>
<bind>
<StgValue><ssdm name="l1_bits_18_reload"/></StgValue>
</bind>
</comp>

<comp id="36" class="1000" name="l1_bits_34_reload">
<pin_list>
<pin id="37" dir="1" index="0" bw="1" slack="0"/>
</pin_list>
<bind>
<StgValue><ssdm name="l1_bits_34_reload"/></StgValue>
</bind>
</comp>

<comp id="38" class="1000" name="l1_bits_50_reload">
<pin_list>
<pin id="39" dir="1" index="0" bw="1" slack="0"/>
</pin_list>
<bind>
<StgValue><ssdm name="l1_bits_50_reload"/></StgValue>
</bind>
</comp>

<comp id="40" class="1000" name="l1_bits_66_reload">
<pin_list>
<pin id="41" dir="1" index="0" bw="1" slack="0"/>
</pin_list>
<bind>
<StgValue><ssdm name="l1_bits_66_reload"/></StgValue>
</bind>
</comp>

<comp id="42" class="1000" name="l1_bits_82_reload">
<pin_list>
<pin id="43" dir="1" index="0" bw="1" slack="0"/>
</pin_list>
<bind>
<StgValue><ssdm name="l1_bits_82_reload"/></StgValue>
</bind>
</comp>

<comp id="44" class="1000" name="l1_bits_98_reload">
<pin_list>
<pin id="45" dir="1" index="0" bw="1" slack="0"/>
</pin_list>
<bind>
<StgValue><ssdm name="l1_bits_98_reload"/></StgValue>
</bind>
</comp>

<comp id="46" class="1000" name="l1_bits_114_reload">
<pin_list>
<pin id="47" dir="1" index="0" bw="1" slack="0"/>
</pin_list>
<bind>
<StgValue><ssdm name="l1_bits_114_reload"/></StgValue>
</bind>
</comp>

<comp id="48" class="1000" name="l1_bits_3_reload">
<pin_list>
<pin id="49" dir="1" index="0" bw="1" slack="0"/>
</pin_list>
<bind>
<StgValue><ssdm name="l1_bits_3_reload"/></StgValue>
</bind>
</comp>

<comp id="50" class="1000" name="l1_bits_19_reload">
<pin_list>
<pin id="51" dir="1" index="0" bw="1" slack="0"/>
</pin_list>
<bind>
<StgValue><ssdm name="l1_bits_19_reload"/></StgValue>
</bind>
</comp>

<comp id="52" class="1000" name="l1_bits_35_reload">
<pin_list>
<pin id="53" dir="1" index="0" bw="1" slack="0"/>
</pin_list>
<bind>
<StgValue><ssdm name="l1_bits_35_reload"/></StgValue>
</bind>
</comp>

<comp id="54" class="1000" name="l1_bits_51_reload">
<pin_list>
<pin id="55" dir="1" index="0" bw="1" slack="0"/>
</pin_list>
<bind>
<StgValue><ssdm name="l1_bits_51_reload"/></StgValue>
</bind>
</comp>

<comp id="56" class="1000" name="l1_bits_67_reload">
<pin_list>
<pin id="57" dir="1" index="0" bw="1" slack="0"/>
</pin_list>
<bind>
<StgValue><ssdm name="l1_bits_67_reload"/></StgValue>
</bind>
</comp>

<comp id="58" class="1000" name="l1_bits_83_reload">
<pin_list>
<pin id="59" dir="1" index="0" bw="1" slack="0"/>
</pin_list>
<bind>
<StgValue><ssdm name="l1_bits_83_reload"/></StgValue>
</bind>
</comp>

<comp id="60" class="1000" name="l1_bits_99_reload">
<pin_list>
<pin id="61" dir="1" index="0" bw="1" slack="0"/>
</pin_list>
<bind>
<StgValue><ssdm name="l1_bits_99_reload"/></StgValue>
</bind>
</comp>

<comp id="62" class="1000" name="l1_bits_115_reload">
<pin_list>
<pin id="63" dir="1" index="0" bw="1" slack="0"/>
</pin_list>
<bind>
<StgValue><ssdm name="l1_bits_115_reload"/></StgValue>
</bind>
</comp>

<comp id="64" class="1000" name="l1_bits_4_reload">
<pin_list>
<pin id="65" dir="1" index="0" bw="1" slack="0"/>
</pin_list>
<bind>
<StgValue><ssdm name="l1_bits_4_reload"/></StgValue>
</bind>
</comp>

<comp id="66" class="1000" name="l1_bits_20_reload">
<pin_list>
<pin id="67" dir="1" index="0" bw="1" slack="0"/>
</pin_list>
<bind>
<StgValue><ssdm name="l1_bits_20_reload"/></StgValue>
</bind>
</comp>

<comp id="68" class="1000" name="l1_bits_36_reload">
<pin_list>
<pin id="69" dir="1" index="0" bw="1" slack="0"/>
</pin_list>
<bind>
<StgValue><ssdm name="l1_bits_36_reload"/></StgValue>
</bind>
</comp>

<comp id="70" class="1000" name="l1_bits_52_reload">
<pin_list>
<pin id="71" dir="1" index="0" bw="1" slack="0"/>
</pin_list>
<bind>
<StgValue><ssdm name="l1_bits_52_reload"/></StgValue>
</bind>
</comp>

<comp id="72" class="1000" name="l1_bits_68_reload">
<pin_list>
<pin id="73" dir="1" index="0" bw="1" slack="0"/>
</pin_list>
<bind>
<StgValue><ssdm name="l1_bits_68_reload"/></StgValue>
</bind>
</comp>

<comp id="74" class="1000" name="l1_bits_84_reload">
<pin_list>
<pin id="75" dir="1" index="0" bw="1" slack="0"/>
</pin_list>
<bind>
<StgValue><ssdm name="l1_bits_84_reload"/></StgValue>
</bind>
</comp>

<comp id="76" class="1000" name="l1_bits_100_reload">
<pin_list>
<pin id="77" dir="1" index="0" bw="1" slack="0"/>
</pin_list>
<bind>
<StgValue><ssdm name="l1_bits_100_reload"/></StgValue>
</bind>
</comp>

<comp id="78" class="1000" name="l1_bits_116_reload">
<pin_list>
<pin id="79" dir="1" index="0" bw="1" slack="0"/>
</pin_list>
<bind>
<StgValue><ssdm name="l1_bits_116_reload"/></StgValue>
</bind>
</comp>

<comp id="80" class="1000" name="l1_bits_5_reload">
<pin_list>
<pin id="81" dir="1" index="0" bw="1" slack="0"/>
</pin_list>
<bind>
<StgValue><ssdm name="l1_bits_5_reload"/></StgValue>
</bind>
</comp>

<comp id="82" class="1000" name="l1_bits_21_reload">
<pin_list>
<pin id="83" dir="1" index="0" bw="1" slack="0"/>
</pin_list>
<bind>
<StgValue><ssdm name="l1_bits_21_reload"/></StgValue>
</bind>
</comp>

<comp id="84" class="1000" name="l1_bits_37_reload">
<pin_list>
<pin id="85" dir="1" index="0" bw="1" slack="0"/>
</pin_list>
<bind>
<StgValue><ssdm name="l1_bits_37_reload"/></StgValue>
</bind>
</comp>

<comp id="86" class="1000" name="l1_bits_53_reload">
<pin_list>
<pin id="87" dir="1" index="0" bw="1" slack="0"/>
</pin_list>
<bind>
<StgValue><ssdm name="l1_bits_53_reload"/></StgValue>
</bind>
</comp>

<comp id="88" class="1000" name="l1_bits_69_reload">
<pin_list>
<pin id="89" dir="1" index="0" bw="1" slack="0"/>
</pin_list>
<bind>
<StgValue><ssdm name="l1_bits_69_reload"/></StgValue>
</bind>
</comp>

<comp id="90" class="1000" name="l1_bits_85_reload">
<pin_list>
<pin id="91" dir="1" index="0" bw="1" slack="0"/>
</pin_list>
<bind>
<StgValue><ssdm name="l1_bits_85_reload"/></StgValue>
</bind>
</comp>

<comp id="92" class="1000" name="l1_bits_101_reload">
<pin_list>
<pin id="93" dir="1" index="0" bw="1" slack="0"/>
</pin_list>
<bind>
<StgValue><ssdm name="l1_bits_101_reload"/></StgValue>
</bind>
</comp>

<comp id="94" class="1000" name="l1_bits_117_reload">
<pin_list>
<pin id="95" dir="1" index="0" bw="1" slack="0"/>
</pin_list>
<bind>
<StgValue><ssdm name="l1_bits_117_reload"/></StgValue>
</bind>
</comp>

<comp id="96" class="1000" name="l1_bits_6_reload">
<pin_list>
<pin id="97" dir="1" index="0" bw="1" slack="0"/>
</pin_list>
<bind>
<StgValue><ssdm name="l1_bits_6_reload"/></StgValue>
</bind>
</comp>

<comp id="98" class="1000" name="l1_bits_22_reload">
<pin_list>
<pin id="99" dir="1" index="0" bw="1" slack="0"/>
</pin_list>
<bind>
<StgValue><ssdm name="l1_bits_22_reload"/></StgValue>
</bind>
</comp>

<comp id="100" class="1000" name="l1_bits_38_reload">
<pin_list>
<pin id="101" dir="1" index="0" bw="1" slack="0"/>
</pin_list>
<bind>
<StgValue><ssdm name="l1_bits_38_reload"/></StgValue>
</bind>
</comp>

<comp id="102" class="1000" name="l1_bits_54_reload">
<pin_list>
<pin id="103" dir="1" index="0" bw="1" slack="0"/>
</pin_list>
<bind>
<StgValue><ssdm name="l1_bits_54_reload"/></StgValue>
</bind>
</comp>

<comp id="104" class="1000" name="l1_bits_70_reload">
<pin_list>
<pin id="105" dir="1" index="0" bw="1" slack="0"/>
</pin_list>
<bind>
<StgValue><ssdm name="l1_bits_70_reload"/></StgValue>
</bind>
</comp>

<comp id="106" class="1000" name="l1_bits_86_reload">
<pin_list>
<pin id="107" dir="1" index="0" bw="1" slack="0"/>
</pin_list>
<bind>
<StgValue><ssdm name="l1_bits_86_reload"/></StgValue>
</bind>
</comp>

<comp id="108" class="1000" name="l1_bits_102_reload">
<pin_list>
<pin id="109" dir="1" index="0" bw="1" slack="0"/>
</pin_list>
<bind>
<StgValue><ssdm name="l1_bits_102_reload"/></StgValue>
</bind>
</comp>

<comp id="110" class="1000" name="l1_bits_118_reload">
<pin_list>
<pin id="111" dir="1" index="0" bw="1" slack="0"/>
</pin_list>
<bind>
<StgValue><ssdm name="l1_bits_118_reload"/></StgValue>
</bind>
</comp>

<comp id="112" class="1000" name="l1_bits_7_reload">
<pin_list>
<pin id="113" dir="1" index="0" bw="1" slack="0"/>
</pin_list>
<bind>
<StgValue><ssdm name="l1_bits_7_reload"/></StgValue>
</bind>
</comp>

<comp id="114" class="1000" name="l1_bits_23_reload">
<pin_list>
<pin id="115" dir="1" index="0" bw="1" slack="0"/>
</pin_list>
<bind>
<StgValue><ssdm name="l1_bits_23_reload"/></StgValue>
</bind>
</comp>

<comp id="116" class="1000" name="l1_bits_39_reload">
<pin_list>
<pin id="117" dir="1" index="0" bw="1" slack="0"/>
</pin_list>
<bind>
<StgValue><ssdm name="l1_bits_39_reload"/></StgValue>
</bind>
</comp>

<comp id="118" class="1000" name="l1_bits_55_reload">
<pin_list>
<pin id="119" dir="1" index="0" bw="1" slack="0"/>
</pin_list>
<bind>
<StgValue><ssdm name="l1_bits_55_reload"/></StgValue>
</bind>
</comp>

<comp id="120" class="1000" name="l1_bits_71_reload">
<pin_list>
<pin id="121" dir="1" index="0" bw="1" slack="0"/>
</pin_list>
<bind>
<StgValue><ssdm name="l1_bits_71_reload"/></StgValue>
</bind>
</comp>

<comp id="122" class="1000" name="l1_bits_87_reload">
<pin_list>
<pin id="123" dir="1" index="0" bw="1" slack="0"/>
</pin_list>
<bind>
<StgValue><ssdm name="l1_bits_87_reload"/></StgValue>
</bind>
</comp>

<comp id="124" class="1000" name="l1_bits_103_reload">
<pin_list>
<pin id="125" dir="1" index="0" bw="1" slack="0"/>
</pin_list>
<bind>
<StgValue><ssdm name="l1_bits_103_reload"/></StgValue>
</bind>
</comp>

<comp id="126" class="1000" name="l1_bits_119_reload">
<pin_list>
<pin id="127" dir="1" index="0" bw="1" slack="0"/>
</pin_list>
<bind>
<StgValue><ssdm name="l1_bits_119_reload"/></StgValue>
</bind>
</comp>

<comp id="128" class="1000" name="l1_bits_8_reload">
<pin_list>
<pin id="129" dir="1" index="0" bw="1" slack="0"/>
</pin_list>
<bind>
<StgValue><ssdm name="l1_bits_8_reload"/></StgValue>
</bind>
</comp>

<comp id="130" class="1000" name="l1_bits_24_reload">
<pin_list>
<pin id="131" dir="1" index="0" bw="1" slack="0"/>
</pin_list>
<bind>
<StgValue><ssdm name="l1_bits_24_reload"/></StgValue>
</bind>
</comp>

<comp id="132" class="1000" name="l1_bits_40_reload">
<pin_list>
<pin id="133" dir="1" index="0" bw="1" slack="0"/>
</pin_list>
<bind>
<StgValue><ssdm name="l1_bits_40_reload"/></StgValue>
</bind>
</comp>

<comp id="134" class="1000" name="l1_bits_56_reload">
<pin_list>
<pin id="135" dir="1" index="0" bw="1" slack="0"/>
</pin_list>
<bind>
<StgValue><ssdm name="l1_bits_56_reload"/></StgValue>
</bind>
</comp>

<comp id="136" class="1000" name="l1_bits_72_reload">
<pin_list>
<pin id="137" dir="1" index="0" bw="1" slack="0"/>
</pin_list>
<bind>
<StgValue><ssdm name="l1_bits_72_reload"/></StgValue>
</bind>
</comp>

<comp id="138" class="1000" name="l1_bits_88_reload">
<pin_list>
<pin id="139" dir="1" index="0" bw="1" slack="0"/>
</pin_list>
<bind>
<StgValue><ssdm name="l1_bits_88_reload"/></StgValue>
</bind>
</comp>

<comp id="140" class="1000" name="l1_bits_104_reload">
<pin_list>
<pin id="141" dir="1" index="0" bw="1" slack="0"/>
</pin_list>
<bind>
<StgValue><ssdm name="l1_bits_104_reload"/></StgValue>
</bind>
</comp>

<comp id="142" class="1000" name="l1_bits_120_reload">
<pin_list>
<pin id="143" dir="1" index="0" bw="1" slack="0"/>
</pin_list>
<bind>
<StgValue><ssdm name="l1_bits_120_reload"/></StgValue>
</bind>
</comp>

<comp id="144" class="1000" name="l1_bits_9_reload">
<pin_list>
<pin id="145" dir="1" index="0" bw="1" slack="0"/>
</pin_list>
<bind>
<StgValue><ssdm name="l1_bits_9_reload"/></StgValue>
</bind>
</comp>

<comp id="146" class="1000" name="l1_bits_25_reload">
<pin_list>
<pin id="147" dir="1" index="0" bw="1" slack="0"/>
</pin_list>
<bind>
<StgValue><ssdm name="l1_bits_25_reload"/></StgValue>
</bind>
</comp>

<comp id="148" class="1000" name="l1_bits_41_reload">
<pin_list>
<pin id="149" dir="1" index="0" bw="1" slack="0"/>
</pin_list>
<bind>
<StgValue><ssdm name="l1_bits_41_reload"/></StgValue>
</bind>
</comp>

<comp id="150" class="1000" name="l1_bits_57_reload">
<pin_list>
<pin id="151" dir="1" index="0" bw="1" slack="0"/>
</pin_list>
<bind>
<StgValue><ssdm name="l1_bits_57_reload"/></StgValue>
</bind>
</comp>

<comp id="152" class="1000" name="l1_bits_73_reload">
<pin_list>
<pin id="153" dir="1" index="0" bw="1" slack="0"/>
</pin_list>
<bind>
<StgValue><ssdm name="l1_bits_73_reload"/></StgValue>
</bind>
</comp>

<comp id="154" class="1000" name="l1_bits_89_reload">
<pin_list>
<pin id="155" dir="1" index="0" bw="1" slack="0"/>
</pin_list>
<bind>
<StgValue><ssdm name="l1_bits_89_reload"/></StgValue>
</bind>
</comp>

<comp id="156" class="1000" name="l1_bits_105_reload">
<pin_list>
<pin id="157" dir="1" index="0" bw="1" slack="0"/>
</pin_list>
<bind>
<StgValue><ssdm name="l1_bits_105_reload"/></StgValue>
</bind>
</comp>

<comp id="158" class="1000" name="l1_bits_121_reload">
<pin_list>
<pin id="159" dir="1" index="0" bw="1" slack="0"/>
</pin_list>
<bind>
<StgValue><ssdm name="l1_bits_121_reload"/></StgValue>
</bind>
</comp>

<comp id="160" class="1000" name="l1_bits_10_reload">
<pin_list>
<pin id="161" dir="1" index="0" bw="1" slack="0"/>
</pin_list>
<bind>
<StgValue><ssdm name="l1_bits_10_reload"/></StgValue>
</bind>
</comp>

<comp id="162" class="1000" name="l1_bits_26_reload">
<pin_list>
<pin id="163" dir="1" index="0" bw="1" slack="0"/>
</pin_list>
<bind>
<StgValue><ssdm name="l1_bits_26_reload"/></StgValue>
</bind>
</comp>

<comp id="164" class="1000" name="l1_bits_42_reload">
<pin_list>
<pin id="165" dir="1" index="0" bw="1" slack="0"/>
</pin_list>
<bind>
<StgValue><ssdm name="l1_bits_42_reload"/></StgValue>
</bind>
</comp>

<comp id="166" class="1000" name="l1_bits_58_reload">
<pin_list>
<pin id="167" dir="1" index="0" bw="1" slack="0"/>
</pin_list>
<bind>
<StgValue><ssdm name="l1_bits_58_reload"/></StgValue>
</bind>
</comp>

<comp id="168" class="1000" name="l1_bits_74_reload">
<pin_list>
<pin id="169" dir="1" index="0" bw="1" slack="0"/>
</pin_list>
<bind>
<StgValue><ssdm name="l1_bits_74_reload"/></StgValue>
</bind>
</comp>

<comp id="170" class="1000" name="l1_bits_90_reload">
<pin_list>
<pin id="171" dir="1" index="0" bw="1" slack="0"/>
</pin_list>
<bind>
<StgValue><ssdm name="l1_bits_90_reload"/></StgValue>
</bind>
</comp>

<comp id="172" class="1000" name="l1_bits_106_reload">
<pin_list>
<pin id="173" dir="1" index="0" bw="1" slack="0"/>
</pin_list>
<bind>
<StgValue><ssdm name="l1_bits_106_reload"/></StgValue>
</bind>
</comp>

<comp id="174" class="1000" name="l1_bits_122_reload">
<pin_list>
<pin id="175" dir="1" index="0" bw="1" slack="0"/>
</pin_list>
<bind>
<StgValue><ssdm name="l1_bits_122_reload"/></StgValue>
</bind>
</comp>

<comp id="176" class="1000" name="l1_bits_11_reload">
<pin_list>
<pin id="177" dir="1" index="0" bw="1" slack="0"/>
</pin_list>
<bind>
<StgValue><ssdm name="l1_bits_11_reload"/></StgValue>
</bind>
</comp>

<comp id="178" class="1000" name="l1_bits_27_reload">
<pin_list>
<pin id="179" dir="1" index="0" bw="1" slack="0"/>
</pin_list>
<bind>
<StgValue><ssdm name="l1_bits_27_reload"/></StgValue>
</bind>
</comp>

<comp id="180" class="1000" name="l1_bits_43_reload">
<pin_list>
<pin id="181" dir="1" index="0" bw="1" slack="0"/>
</pin_list>
<bind>
<StgValue><ssdm name="l1_bits_43_reload"/></StgValue>
</bind>
</comp>

<comp id="182" class="1000" name="l1_bits_59_reload">
<pin_list>
<pin id="183" dir="1" index="0" bw="1" slack="0"/>
</pin_list>
<bind>
<StgValue><ssdm name="l1_bits_59_reload"/></StgValue>
</bind>
</comp>

<comp id="184" class="1000" name="l1_bits_75_reload">
<pin_list>
<pin id="185" dir="1" index="0" bw="1" slack="0"/>
</pin_list>
<bind>
<StgValue><ssdm name="l1_bits_75_reload"/></StgValue>
</bind>
</comp>

<comp id="186" class="1000" name="l1_bits_91_reload">
<pin_list>
<pin id="187" dir="1" index="0" bw="1" slack="0"/>
</pin_list>
<bind>
<StgValue><ssdm name="l1_bits_91_reload"/></StgValue>
</bind>
</comp>

<comp id="188" class="1000" name="l1_bits_107_reload">
<pin_list>
<pin id="189" dir="1" index="0" bw="1" slack="0"/>
</pin_list>
<bind>
<StgValue><ssdm name="l1_bits_107_reload"/></StgValue>
</bind>
</comp>

<comp id="190" class="1000" name="l1_bits_123_reload">
<pin_list>
<pin id="191" dir="1" index="0" bw="1" slack="0"/>
</pin_list>
<bind>
<StgValue><ssdm name="l1_bits_123_reload"/></StgValue>
</bind>
</comp>

<comp id="192" class="1000" name="l1_bits_12_reload">
<pin_list>
<pin id="193" dir="1" index="0" bw="1" slack="0"/>
</pin_list>
<bind>
<StgValue><ssdm name="l1_bits_12_reload"/></StgValue>
</bind>
</comp>

<comp id="194" class="1000" name="l1_bits_28_reload">
<pin_list>
<pin id="195" dir="1" index="0" bw="1" slack="0"/>
</pin_list>
<bind>
<StgValue><ssdm name="l1_bits_28_reload"/></StgValue>
</bind>
</comp>

<comp id="196" class="1000" name="l1_bits_44_reload">
<pin_list>
<pin id="197" dir="1" index="0" bw="1" slack="0"/>
</pin_list>
<bind>
<StgValue><ssdm name="l1_bits_44_reload"/></StgValue>
</bind>
</comp>

<comp id="198" class="1000" name="l1_bits_60_reload">
<pin_list>
<pin id="199" dir="1" index="0" bw="1" slack="0"/>
</pin_list>
<bind>
<StgValue><ssdm name="l1_bits_60_reload"/></StgValue>
</bind>
</comp>

<comp id="200" class="1000" name="l1_bits_76_reload">
<pin_list>
<pin id="201" dir="1" index="0" bw="1" slack="0"/>
</pin_list>
<bind>
<StgValue><ssdm name="l1_bits_76_reload"/></StgValue>
</bind>
</comp>

<comp id="202" class="1000" name="l1_bits_92_reload">
<pin_list>
<pin id="203" dir="1" index="0" bw="1" slack="0"/>
</pin_list>
<bind>
<StgValue><ssdm name="l1_bits_92_reload"/></StgValue>
</bind>
</comp>

<comp id="204" class="1000" name="l1_bits_108_reload">
<pin_list>
<pin id="205" dir="1" index="0" bw="1" slack="0"/>
</pin_list>
<bind>
<StgValue><ssdm name="l1_bits_108_reload"/></StgValue>
</bind>
</comp>

<comp id="206" class="1000" name="l1_bits_124_reload">
<pin_list>
<pin id="207" dir="1" index="0" bw="1" slack="0"/>
</pin_list>
<bind>
<StgValue><ssdm name="l1_bits_124_reload"/></StgValue>
</bind>
</comp>

<comp id="208" class="1000" name="l1_bits_13_reload">
<pin_list>
<pin id="209" dir="1" index="0" bw="1" slack="0"/>
</pin_list>
<bind>
<StgValue><ssdm name="l1_bits_13_reload"/></StgValue>
</bind>
</comp>

<comp id="210" class="1000" name="l1_bits_29_reload">
<pin_list>
<pin id="211" dir="1" index="0" bw="1" slack="0"/>
</pin_list>
<bind>
<StgValue><ssdm name="l1_bits_29_reload"/></StgValue>
</bind>
</comp>

<comp id="212" class="1000" name="l1_bits_45_reload">
<pin_list>
<pin id="213" dir="1" index="0" bw="1" slack="0"/>
</pin_list>
<bind>
<StgValue><ssdm name="l1_bits_45_reload"/></StgValue>
</bind>
</comp>

<comp id="214" class="1000" name="l1_bits_61_reload">
<pin_list>
<pin id="215" dir="1" index="0" bw="1" slack="0"/>
</pin_list>
<bind>
<StgValue><ssdm name="l1_bits_61_reload"/></StgValue>
</bind>
</comp>

<comp id="216" class="1000" name="l1_bits_77_reload">
<pin_list>
<pin id="217" dir="1" index="0" bw="1" slack="0"/>
</pin_list>
<bind>
<StgValue><ssdm name="l1_bits_77_reload"/></StgValue>
</bind>
</comp>

<comp id="218" class="1000" name="l1_bits_93_reload">
<pin_list>
<pin id="219" dir="1" index="0" bw="1" slack="0"/>
</pin_list>
<bind>
<StgValue><ssdm name="l1_bits_93_reload"/></StgValue>
</bind>
</comp>

<comp id="220" class="1000" name="l1_bits_109_reload">
<pin_list>
<pin id="221" dir="1" index="0" bw="1" slack="0"/>
</pin_list>
<bind>
<StgValue><ssdm name="l1_bits_109_reload"/></StgValue>
</bind>
</comp>

<comp id="222" class="1000" name="l1_bits_125_reload">
<pin_list>
<pin id="223" dir="1" index="0" bw="1" slack="0"/>
</pin_list>
<bind>
<StgValue><ssdm name="l1_bits_125_reload"/></StgValue>
</bind>
</comp>

<comp id="224" class="1000" name="l1_bits_14_reload">
<pin_list>
<pin id="225" dir="1" index="0" bw="1" slack="0"/>
</pin_list>
<bind>
<StgValue><ssdm name="l1_bits_14_reload"/></StgValue>
</bind>
</comp>

<comp id="226" class="1000" name="l1_bits_30_reload">
<pin_list>
<pin id="227" dir="1" index="0" bw="1" slack="0"/>
</pin_list>
<bind>
<StgValue><ssdm name="l1_bits_30_reload"/></StgValue>
</bind>
</comp>

<comp id="228" class="1000" name="l1_bits_46_reload">
<pin_list>
<pin id="229" dir="1" index="0" bw="1" slack="0"/>
</pin_list>
<bind>
<StgValue><ssdm name="l1_bits_46_reload"/></StgValue>
</bind>
</comp>

<comp id="230" class="1000" name="l1_bits_62_reload">
<pin_list>
<pin id="231" dir="1" index="0" bw="1" slack="0"/>
</pin_list>
<bind>
<StgValue><ssdm name="l1_bits_62_reload"/></StgValue>
</bind>
</comp>

<comp id="232" class="1000" name="l1_bits_78_reload">
<pin_list>
<pin id="233" dir="1" index="0" bw="1" slack="0"/>
</pin_list>
<bind>
<StgValue><ssdm name="l1_bits_78_reload"/></StgValue>
</bind>
</comp>

<comp id="234" class="1000" name="l1_bits_94_reload">
<pin_list>
<pin id="235" dir="1" index="0" bw="1" slack="0"/>
</pin_list>
<bind>
<StgValue><ssdm name="l1_bits_94_reload"/></StgValue>
</bind>
</comp>

<comp id="236" class="1000" name="l1_bits_110_reload">
<pin_list>
<pin id="237" dir="1" index="0" bw="1" slack="0"/>
</pin_list>
<bind>
<StgValue><ssdm name="l1_bits_110_reload"/></StgValue>
</bind>
</comp>

<comp id="238" class="1000" name="l1_bits_126_reload">
<pin_list>
<pin id="239" dir="1" index="0" bw="1" slack="0"/>
</pin_list>
<bind>
<StgValue><ssdm name="l1_bits_126_reload"/></StgValue>
</bind>
</comp>

<comp id="240" class="1000" name="l1_bits_15_reload">
<pin_list>
<pin id="241" dir="1" index="0" bw="1" slack="0"/>
</pin_list>
<bind>
<StgValue><ssdm name="l1_bits_15_reload"/></StgValue>
</bind>
</comp>

<comp id="242" class="1000" name="l1_bits_31_reload">
<pin_list>
<pin id="243" dir="1" index="0" bw="1" slack="0"/>
</pin_list>
<bind>
<StgValue><ssdm name="l1_bits_31_reload"/></StgValue>
</bind>
</comp>

<comp id="244" class="1000" name="l1_bits_47_reload">
<pin_list>
<pin id="245" dir="1" index="0" bw="1" slack="0"/>
</pin_list>
<bind>
<StgValue><ssdm name="l1_bits_47_reload"/></StgValue>
</bind>
</comp>

<comp id="246" class="1000" name="l1_bits_63_reload">
<pin_list>
<pin id="247" dir="1" index="0" bw="1" slack="0"/>
</pin_list>
<bind>
<StgValue><ssdm name="l1_bits_63_reload"/></StgValue>
</bind>
</comp>

<comp id="248" class="1000" name="l1_bits_79_reload">
<pin_list>
<pin id="249" dir="1" index="0" bw="1" slack="0"/>
</pin_list>
<bind>
<StgValue><ssdm name="l1_bits_79_reload"/></StgValue>
</bind>
</comp>

<comp id="250" class="1000" name="l1_bits_95_reload">
<pin_list>
<pin id="251" dir="1" index="0" bw="1" slack="0"/>
</pin_list>
<bind>
<StgValue><ssdm name="l1_bits_95_reload"/></StgValue>
</bind>
</comp>

<comp id="252" class="1000" name="l1_bits_111_reload">
<pin_list>
<pin id="253" dir="1" index="0" bw="1" slack="0"/>
</pin_list>
<bind>
<StgValue><ssdm name="l1_bits_111_reload"/></StgValue>
</bind>
</comp>

<comp id="254" class="1000" name="l1_bits_127_reload">
<pin_list>
<pin id="255" dir="1" index="0" bw="1" slack="0"/>
</pin_list>
<bind>
<StgValue><ssdm name="l1_bits_127_reload"/></StgValue>
</bind>
</comp>

<comp id="256" class="1000" name="p_0_0282_7102_out">
<pin_list>
<pin id="257" dir="1" index="0" bw="1" slack="0"/>
</pin_list>
<bind>
<StgValue><ssdm name="p_0_0282_7102_out"/></StgValue>
</bind>
</comp>

<comp id="258" class="1000" name="p_0_0282_6100_out">
<pin_list>
<pin id="259" dir="1" index="0" bw="1" slack="0"/>
</pin_list>
<bind>
<StgValue><ssdm name="p_0_0282_6100_out"/></StgValue>
</bind>
</comp>

<comp id="260" class="1000" name="p_0_0282_598_out">
<pin_list>
<pin id="261" dir="1" index="0" bw="1" slack="0"/>
</pin_list>
<bind>
<StgValue><ssdm name="p_0_0282_598_out"/></StgValue>
</bind>
</comp>

<comp id="262" class="1000" name="p_0_0282_496_out">
<pin_list>
<pin id="263" dir="1" index="0" bw="1" slack="0"/>
</pin_list>
<bind>
<StgValue><ssdm name="p_0_0282_496_out"/></StgValue>
</bind>
</comp>

<comp id="264" class="1000" name="p_0_0282_394_out">
<pin_list>
<pin id="265" dir="1" index="0" bw="1" slack="0"/>
</pin_list>
<bind>
<StgValue><ssdm name="p_0_0282_394_out"/></StgValue>
</bind>
</comp>

<comp id="266" class="1000" name="p_0_0282_292_out">
<pin_list>
<pin id="267" dir="1" index="0" bw="1" slack="0"/>
</pin_list>
<bind>
<StgValue><ssdm name="p_0_0282_292_out"/></StgValue>
</bind>
</comp>

<comp id="268" class="1000" name="p_0_0282_190_out">
<pin_list>
<pin id="269" dir="1" index="0" bw="1" slack="0"/>
</pin_list>
<bind>
<StgValue><ssdm name="p_0_0282_190_out"/></StgValue>
</bind>
</comp>

<comp id="270" class="1000" name="p_0_028288_out">
<pin_list>
<pin id="271" dir="1" index="0" bw="1" slack="0"/>
</pin_list>
<bind>
<StgValue><ssdm name="p_0_028288_out"/></StgValue>
</bind>
</comp>

<comp id="272" class="1001" name="const_272">
<pin_list>
<pin id="273" dir="1" index="0" bw="1" slack="0"/>
</pin_list>
<bind>
<StgValue><ssdm name=""/></StgValue>
</bind>
</comp>

<comp id="274" class="1001" name="const_274">
<pin_list>
<pin id="275" dir="1" index="0" bw="1" slack="0"/>
</pin_list>
<bind>
<StgValue><ssdm name="_ssdm_op_Read.ap_auto.i1"/></StgValue>
</bind>
</comp>

<comp id="276" class="1001" name="const_276">
<pin_list>
<pin id="277" dir="1" index="0" bw="1" slack="0"/>
</pin_list>
<bind>
<StgValue><ssdm name=""/></StgValue>
</bind>
</comp>

<comp id="278" class="1001" name="const_278">
<pin_list>
<pin id="279" dir="1" index="0" bw="1" slack="0"/>
</pin_list>
<bind>
<StgValue><ssdm name=""/></StgValue>
</bind>
</comp>

<comp id="280" class="1001" name="const_280">
<pin_list>
<pin id="281" dir="1" index="0" bw="1" slack="0"/>
</pin_list>
<bind>
<StgValue><ssdm name=""/></StgValue>
</bind>
</comp>

<comp id="282" class="1001" name="const_282">
<pin_list>
<pin id="283" dir="1" index="0" bw="1" slack="2147483647"/>
</pin_list>
<bind>
<StgValue><ssdm name="_ssdm_op_SpecPipeline"/></StgValue>
</bind>
</comp>

<comp id="284" class="1001" name="const_284">
<pin_list>
<pin id="285" dir="1" index="0" bw="1" slack="2147483647"/>
</pin_list>
<bind>
<StgValue><ssdm name=""/></StgValue>
</bind>
</comp>

<comp id="286" class="1001" name="const_286">
<pin_list>
<pin id="287" dir="1" index="0" bw="1" slack="2147483647"/>
</pin_list>
<bind>
<StgValue><ssdm name="empty_8"/></StgValue>
</bind>
</comp>

<comp id="288" class="1001" name="const_288">
<pin_list>
<pin id="289" dir="1" index="0" bw="1" slack="2147483647"/>
</pin_list>
<bind>
<StgValue><ssdm name="_ssdm_op_SpecLoopTripCount"/></StgValue>
</bind>
</comp>

<comp id="290" class="1001" name="const_290">
<pin_list>
<pin id="291" dir="1" index="0" bw="1" slack="2147483647"/>
</pin_list>
<bind>
<StgValue><ssdm name=""/></StgValue>
</bind>
</comp>

<comp id="292" class="1001" name="const_292">
<pin_list>
<pin id="293" dir="1" index="0" bw="1" slack="2147483647"/>
</pin_list>
<bind>
<StgValue><ssdm name="_ssdm_op_SpecLoopName"/></StgValue>
</bind>
</comp>

<comp id="294" class="1001" name="const_294">
<pin_list>
<pin id="295" dir="1" index="0" bw="1" slack="2147483647"/>
</pin_list>
<bind>
<StgValue><ssdm name="empty_0"/></StgValue>
</bind>
</comp>

<comp id="296" class="1001" name="const_296">
<pin_list>
<pin id="297" dir="1" index="0" bw="1" slack="0"/>
</pin_list>
<bind>
<StgValue><ssdm name="_ssdm_op_SparseMux.ap_auto.8i1.i1.i3"/></StgValue>
</bind>
</comp>

<comp id="298" class="1001" name="const_298">
<pin_list>
<pin id="299" dir="1" index="0" bw="1" slack="0"/>
</pin_list>
<bind>
<StgValue><ssdm name=""/></StgValue>
</bind>
</comp>

<comp id="300" class="1001" name="const_300">
<pin_list>
<pin id="301" dir="1" index="0" bw="1" slack="0"/>
</pin_list>
<bind>
<StgValue><ssdm name=""/></StgValue>
</bind>
</comp>

<comp id="302" class="1001" name="const_302">
<pin_list>
<pin id="303" dir="1" index="0" bw="1" slack="0"/>
</pin_list>
<bind>
<StgValue><ssdm name=""/></StgValue>
</bind>
</comp>

<comp id="304" class="1001" name="const_304">
<pin_list>
<pin id="305" dir="1" index="0" bw="1" slack="0"/>
</pin_list>
<bind>
<StgValue><ssdm name=""/></StgValue>
</bind>
</comp>

<comp id="306" class="1001" name="const_306">
<pin_list>
<pin id="307" dir="1" index="0" bw="1" slack="0"/>
</pin_list>
<bind>
<StgValue><ssdm name=""/></StgValue>
</bind>
</comp>

<comp id="308" class="1001" name="const_308">
<pin_list>
<pin id="309" dir="1" index="0" bw="1" slack="0"/>
</pin_list>
<bind>
<StgValue><ssdm name=""/></StgValue>
</bind>
</comp>

<comp id="310" class="1001" name="const_310">
<pin_list>
<pin id="311" dir="1" index="0" bw="1" slack="0"/>
</pin_list>
<bind>
<StgValue><ssdm name=""/></StgValue>
</bind>
</comp>

<comp id="312" class="1001" name="const_312">
<pin_list>
<pin id="313" dir="1" index="0" bw="1" slack="0"/>
</pin_list>
<bind>
<StgValue><ssdm name=""/></StgValue>
</bind>
</comp>

<comp id="314" class="1001" name="const_314">
<pin_list>
<pin id="315" dir="1" index="0" bw="1" slack="0"/>
</pin_list>
<bind>
<StgValue><ssdm name=""/></StgValue>
</bind>
</comp>

<comp id="316" class="1001" name="const_316">
<pin_list>
<pin id="317" dir="1" index="0" bw="1" slack="0"/>
</pin_list>
<bind>
<StgValue><ssdm name="_ssdm_op_BitConcatenate.i16.i1.i1.i1.i1.i1.i1.i1.i1.i1.i1.i1.i1.i1.i1.i1.i1"/></StgValue>
</bind>
</comp>

<comp id="318" class="1001" name="const_318">
<pin_list>
<pin id="319" dir="1" index="0" bw="1" slack="0"/>
</pin_list>
<bind>
<StgValue><ssdm name="_ssdm_op_Write.ap_auto.i16P0A"/></StgValue>
</bind>
</comp>

<comp id="320" class="1004" name="w_fu_320">
<pin_list>
<pin id="321" dir="0" index="0" bw="1" slack="0"/>
<pin id="322" dir="1" index="1" bw="4" slack="0"/>
</pin_list>
<bind>
<opcode="alloca(26) " fcode="alloca"/>
<opset="w/1 "/>
</bind>
</comp>

<comp id="324" class="1004" name="p_0_028288_fu_324">
<pin_list>
<pin id="325" dir="0" index="0" bw="1" slack="0"/>
<pin id="326" dir="1" index="1" bw="16" slack="0"/>
</pin_list>
<bind>
<opcode="alloca(26) " fcode="alloca"/>
<opset="p_0_028288/1 "/>
</bind>
</comp>

<comp id="328" class="1004" name="p_0_0282_190_fu_328">
<pin_list>
<pin id="329" dir="0" index="0" bw="1" slack="0"/>
<pin id="330" dir="1" index="1" bw="16" slack="0"/>
</pin_list>
<bind>
<opcode="alloca(26) " fcode="alloca"/>
<opset="p_0_0282_190/1 "/>
</bind>
</comp>

<comp id="332" class="1004" name="p_0_0282_292_fu_332">
<pin_list>
<pin id="333" dir="0" index="0" bw="1" slack="0"/>
<pin id="334" dir="1" index="1" bw="16" slack="0"/>
</pin_list>
<bind>
<opcode="alloca(26) " fcode="alloca"/>
<opset="p_0_0282_292/1 "/>
</bind>
</comp>

<comp id="336" class="1004" name="p_0_0282_394_fu_336">
<pin_list>
<pin id="337" dir="0" index="0" bw="1" slack="0"/>
<pin id="338" dir="1" index="1" bw="16" slack="0"/>
</pin_list>
<bind>
<opcode="alloca(26) " fcode="alloca"/>
<opset="p_0_0282_394/1 "/>
</bind>
</comp>

<comp id="340" class="1004" name="p_0_0282_496_fu_340">
<pin_list>
<pin id="341" dir="0" index="0" bw="1" slack="0"/>
<pin id="342" dir="1" index="1" bw="16" slack="0"/>
</pin_list>
<bind>
<opcode="alloca(26) " fcode="alloca"/>
<opset="p_0_0282_496/1 "/>
</bind>
</comp>

<comp id="344" class="1004" name="p_0_0282_598_fu_344">
<pin_list>
<pin id="345" dir="0" index="0" bw="1" slack="0"/>
<pin id="346" dir="1" index="1" bw="16" slack="0"/>
</pin_list>
<bind>
<opcode="alloca(26) " fcode="alloca"/>
<opset="p_0_0282_598/1 "/>
</bind>
</comp>

<comp id="348" class="1004" name="p_0_0282_6100_fu_348">
<pin_list>
<pin id="349" dir="0" index="0" bw="1" slack="0"/>
<pin id="350" dir="1" index="1" bw="16" slack="0"/>
</pin_list>
<bind>
<opcode="alloca(26) " fcode="alloca"/>
<opset="p_0_0282_6100/1 "/>
</bind>
</comp>

<comp id="352" class="1004" name="p_0_0282_7102_fu_352">
<pin_list>
<pin id="353" dir="0" index="0" bw="1" slack="0"/>
<pin id="354" dir="1" index="1" bw="16" slack="0"/>
</pin_list>
<bind>
<opcode="alloca(26) " fcode="alloca"/>
<opset="p_0_0282_7102/1 "/>
</bind>
</comp>

<comp id="356" class="1004" name="l1_bits_127_reload_read_read_fu_356">
<pin_list>
<pin id="357" dir="0" index="0" bw="1" slack="0"/>
<pin id="358" dir="0" index="1" bw="1" slack="0"/>
<pin id="359" dir="1" index="2" bw="1" slack="0"/>
</pin_list>
<bind>
<opcode="read(1150) " fcode="read"/>
<opset="l1_bits_127_reload_read/1 "/>
</bind>
</comp>

<comp id="362" class="1004" name="l1_bits_111_reload_read_read_fu_362">
<pin_list>
<pin id="363" dir="0" index="0" bw="1" slack="0"/>
<pin id="364" dir="0" index="1" bw="1" slack="0"/>
<pin id="365" dir="1" index="2" bw="1" slack="0"/>
</pin_list>
<bind>
<opcode="read(1150) " fcode="read"/>
<opset="l1_bits_111_reload_read/1 "/>
</bind>
</comp>

<comp id="368" class="1004" name="l1_bits_95_reload_read_read_fu_368">
<pin_list>
<pin id="369" dir="0" index="0" bw="1" slack="0"/>
<pin id="370" dir="0" index="1" bw="1" slack="0"/>
<pin id="371" dir="1" index="2" bw="1" slack="0"/>
</pin_list>
<bind>
<opcode="read(1150) " fcode="read"/>
<opset="l1_bits_95_reload_read/1 "/>
</bind>
</comp>

<comp id="374" class="1004" name="l1_bits_79_reload_read_read_fu_374">
<pin_list>
<pin id="375" dir="0" index="0" bw="1" slack="0"/>
<pin id="376" dir="0" index="1" bw="1" slack="0"/>
<pin id="377" dir="1" index="2" bw="1" slack="0"/>
</pin_list>
<bind>
<opcode="read(1150) " fcode="read"/>
<opset="l1_bits_79_reload_read/1 "/>
</bind>
</comp>

<comp id="380" class="1004" name="l1_bits_63_reload_read_read_fu_380">
<pin_list>
<pin id="381" dir="0" index="0" bw="1" slack="0"/>
<pin id="382" dir="0" index="1" bw="1" slack="0"/>
<pin id="383" dir="1" index="2" bw="1" slack="0"/>
</pin_list>
<bind>
<opcode="read(1150) " fcode="read"/>
<opset="l1_bits_63_reload_read/1 "/>
</bind>
</comp>

<comp id="386" class="1004" name="l1_bits_47_reload_read_read_fu_386">
<pin_list>
<pin id="387" dir="0" index="0" bw="1" slack="0"/>
<pin id="388" dir="0" index="1" bw="1" slack="0"/>
<pin id="389" dir="1" index="2" bw="1" slack="0"/>
</pin_list>
<bind>
<opcode="read(1150) " fcode="read"/>
<opset="l1_bits_47_reload_read/1 "/>
</bind>
</comp>

<comp id="392" class="1004" name="l1_bits_31_reload_read_read_fu_392">
<pin_list>
<pin id="393" dir="0" index="0" bw="1" slack="0"/>
<pin id="394" dir="0" index="1" bw="1" slack="0"/>
<pin id="395" dir="1" index="2" bw="1" slack="0"/>
</pin_list>
<bind>
<opcode="read(1150) " fcode="read"/>
<opset="l1_bits_31_reload_read/1 "/>
</bind>
</comp>

<comp id="398" class="1004" name="l1_bits_15_reload_read_read_fu_398">
<pin_list>
<pin id="399" dir="0" index="0" bw="1" slack="0"/>
<pin id="400" dir="0" index="1" bw="1" slack="0"/>
<pin id="401" dir="1" index="2" bw="1" slack="0"/>
</pin_list>
<bind>
<opcode="read(1150) " fcode="read"/>
<opset="l1_bits_15_reload_read/1 "/>
</bind>
</comp>

<comp id="404" class="1004" name="l1_bits_126_reload_read_read_fu_404">
<pin_list>
<pin id="405" dir="0" index="0" bw="1" slack="0"/>
<pin id="406" dir="0" index="1" bw="1" slack="0"/>
<pin id="407" dir="1" index="2" bw="1" slack="0"/>
</pin_list>
<bind>
<opcode="read(1150) " fcode="read"/>
<opset="l1_bits_126_reload_read/1 "/>
</bind>
</comp>

<comp id="410" class="1004" name="l1_bits_110_reload_read_read_fu_410">
<pin_list>
<pin id="411" dir="0" index="0" bw="1" slack="0"/>
<pin id="412" dir="0" index="1" bw="1" slack="0"/>
<pin id="413" dir="1" index="2" bw="1" slack="0"/>
</pin_list>
<bind>
<opcode="read(1150) " fcode="read"/>
<opset="l1_bits_110_reload_read/1 "/>
</bind>
</comp>

<comp id="416" class="1004" name="l1_bits_94_reload_read_read_fu_416">
<pin_list>
<pin id="417" dir="0" index="0" bw="1" slack="0"/>
<pin id="418" dir="0" index="1" bw="1" slack="0"/>
<pin id="419" dir="1" index="2" bw="1" slack="0"/>
</pin_list>
<bind>
<opcode="read(1150) " fcode="read"/>
<opset="l1_bits_94_reload_read/1 "/>
</bind>
</comp>

<comp id="422" class="1004" name="l1_bits_78_reload_read_read_fu_422">
<pin_list>
<pin id="423" dir="0" index="0" bw="1" slack="0"/>
<pin id="424" dir="0" index="1" bw="1" slack="0"/>
<pin id="425" dir="1" index="2" bw="1" slack="0"/>
</pin_list>
<bind>
<opcode="read(1150) " fcode="read"/>
<opset="l1_bits_78_reload_read/1 "/>
</bind>
</comp>

<comp id="428" class="1004" name="l1_bits_62_reload_read_read_fu_428">
<pin_list>
<pin id="429" dir="0" index="0" bw="1" slack="0"/>
<pin id="430" dir="0" index="1" bw="1" slack="0"/>
<pin id="431" dir="1" index="2" bw="1" slack="0"/>
</pin_list>
<bind>
<opcode="read(1150) " fcode="read"/>
<opset="l1_bits_62_reload_read/1 "/>
</bind>
</comp>

<comp id="434" class="1004" name="l1_bits_46_reload_read_read_fu_434">
<pin_list>
<pin id="435" dir="0" index="0" bw="1" slack="0"/>
<pin id="436" dir="0" index="1" bw="1" slack="0"/>
<pin id="437" dir="1" index="2" bw="1" slack="0"/>
</pin_list>
<bind>
<opcode="read(1150) " fcode="read"/>
<opset="l1_bits_46_reload_read/1 "/>
</bind>
</comp>

<comp id="440" class="1004" name="l1_bits_30_reload_read_read_fu_440">
<pin_list>
<pin id="441" dir="0" index="0" bw="1" slack="0"/>
<pin id="442" dir="0" index="1" bw="1" slack="0"/>
<pin id="443" dir="1" index="2" bw="1" slack="0"/>
</pin_list>
<bind>
<opcode="read(1150) " fcode="read"/>
<opset="l1_bits_30_reload_read/1 "/>
</bind>
</comp>

<comp id="446" class="1004" name="l1_bits_14_reload_read_read_fu_446">
<pin_list>
<pin id="447" dir="0" index="0" bw="1" slack="0"/>
<pin id="448" dir="0" index="1" bw="1" slack="0"/>
<pin id="449" dir="1" index="2" bw="1" slack="0"/>
</pin_list>
<bind>
<opcode="read(1150) " fcode="read"/>
<opset="l1_bits_14_reload_read/1 "/>
</bind>
</comp>

<comp id="452" class="1004" name="l1_bits_125_reload_read_read_fu_452">
<pin_list>
<pin id="453" dir="0" index="0" bw="1" slack="0"/>
<pin id="454" dir="0" index="1" bw="1" slack="0"/>
<pin id="455" dir="1" index="2" bw="1" slack="0"/>
</pin_list>
<bind>
<opcode="read(1150) " fcode="read"/>
<opset="l1_bits_125_reload_read/1 "/>
</bind>
</comp>

<comp id="458" class="1004" name="l1_bits_109_reload_read_read_fu_458">
<pin_list>
<pin id="459" dir="0" index="0" bw="1" slack="0"/>
<pin id="460" dir="0" index="1" bw="1" slack="0"/>
<pin id="461" dir="1" index="2" bw="1" slack="0"/>
</pin_list>
<bind>
<opcode="read(1150) " fcode="read"/>
<opset="l1_bits_109_reload_read/1 "/>
</bind>
</comp>

<comp id="464" class="1004" name="l1_bits_93_reload_read_read_fu_464">
<pin_list>
<pin id="465" dir="0" index="0" bw="1" slack="0"/>
<pin id="466" dir="0" index="1" bw="1" slack="0"/>
<pin id="467" dir="1" index="2" bw="1" slack="0"/>
</pin_list>
<bind>
<opcode="read(1150) " fcode="read"/>
<opset="l1_bits_93_reload_read/1 "/>
</bind>
</comp>

<comp id="470" class="1004" name="l1_bits_77_reload_read_read_fu_470">
<pin_list>
<pin id="471" dir="0" index="0" bw="1" slack="0"/>
<pin id="472" dir="0" index="1" bw="1" slack="0"/>
<pin id="473" dir="1" index="2" bw="1" slack="0"/>
</pin_list>
<bind>
<opcode="read(1150) " fcode="read"/>
<opset="l1_bits_77_reload_read/1 "/>
</bind>
</comp>

<comp id="476" class="1004" name="l1_bits_61_reload_read_read_fu_476">
<pin_list>
<pin id="477" dir="0" index="0" bw="1" slack="0"/>
<pin id="478" dir="0" index="1" bw="1" slack="0"/>
<pin id="479" dir="1" index="2" bw="1" slack="0"/>
</pin_list>
<bind>
<opcode="read(1150) " fcode="read"/>
<opset="l1_bits_61_reload_read/1 "/>
</bind>
</comp>

<comp id="482" class="1004" name="l1_bits_45_reload_read_read_fu_482">
<pin_list>
<pin id="483" dir="0" index="0" bw="1" slack="0"/>
<pin id="484" dir="0" index="1" bw="1" slack="0"/>
<pin id="485" dir="1" index="2" bw="1" slack="0"/>
</pin_list>
<bind>
<opcode="read(1150) " fcode="read"/>
<opset="l1_bits_45_reload_read/1 "/>
</bind>
</comp>

<comp id="488" class="1004" name="l1_bits_29_reload_read_read_fu_488">
<pin_list>
<pin id="489" dir="0" index="0" bw="1" slack="0"/>
<pin id="490" dir="0" index="1" bw="1" slack="0"/>
<pin id="491" dir="1" index="2" bw="1" slack="0"/>
</pin_list>
<bind>
<opcode="read(1150) " fcode="read"/>
<opset="l1_bits_29_reload_read/1 "/>
</bind>
</comp>

<comp id="494" class="1004" name="l1_bits_13_reload_read_read_fu_494">
<pin_list>
<pin id="495" dir="0" index="0" bw="1" slack="0"/>
<pin id="496" dir="0" index="1" bw="1" slack="0"/>
<pin id="497" dir="1" index="2" bw="1" slack="0"/>
</pin_list>
<bind>
<opcode="read(1150) " fcode="read"/>
<opset="l1_bits_13_reload_read/1 "/>
</bind>
</comp>

<comp id="500" class="1004" name="l1_bits_124_reload_read_read_fu_500">
<pin_list>
<pin id="501" dir="0" index="0" bw="1" slack="0"/>
<pin id="502" dir="0" index="1" bw="1" slack="0"/>
<pin id="503" dir="1" index="2" bw="1" slack="0"/>
</pin_list>
<bind>
<opcode="read(1150) " fcode="read"/>
<opset="l1_bits_124_reload_read/1 "/>
</bind>
</comp>

<comp id="506" class="1004" name="l1_bits_108_reload_read_read_fu_506">
<pin_list>
<pin id="507" dir="0" index="0" bw="1" slack="0"/>
<pin id="508" dir="0" index="1" bw="1" slack="0"/>
<pin id="509" dir="1" index="2" bw="1" slack="0"/>
</pin_list>
<bind>
<opcode="read(1150) " fcode="read"/>
<opset="l1_bits_108_reload_read/1 "/>
</bind>
</comp>

<comp id="512" class="1004" name="l1_bits_92_reload_read_read_fu_512">
<pin_list>
<pin id="513" dir="0" index="0" bw="1" slack="0"/>
<pin id="514" dir="0" index="1" bw="1" slack="0"/>
<pin id="515" dir="1" index="2" bw="1" slack="0"/>
</pin_list>
<bind>
<opcode="read(1150) " fcode="read"/>
<opset="l1_bits_92_reload_read/1 "/>
</bind>
</comp>

<comp id="518" class="1004" name="l1_bits_76_reload_read_read_fu_518">
<pin_list>
<pin id="519" dir="0" index="0" bw="1" slack="0"/>
<pin id="520" dir="0" index="1" bw="1" slack="0"/>
<pin id="521" dir="1" index="2" bw="1" slack="0"/>
</pin_list>
<bind>
<opcode="read(1150) " fcode="read"/>
<opset="l1_bits_76_reload_read/1 "/>
</bind>
</comp>

<comp id="524" class="1004" name="l1_bits_60_reload_read_read_fu_524">
<pin_list>
<pin id="525" dir="0" index="0" bw="1" slack="0"/>
<pin id="526" dir="0" index="1" bw="1" slack="0"/>
<pin id="527" dir="1" index="2" bw="1" slack="0"/>
</pin_list>
<bind>
<opcode="read(1150) " fcode="read"/>
<opset="l1_bits_60_reload_read/1 "/>
</bind>
</comp>

<comp id="530" class="1004" name="l1_bits_44_reload_read_read_fu_530">
<pin_list>
<pin id="531" dir="0" index="0" bw="1" slack="0"/>
<pin id="532" dir="0" index="1" bw="1" slack="0"/>
<pin id="533" dir="1" index="2" bw="1" slack="0"/>
</pin_list>
<bind>
<opcode="read(1150) " fcode="read"/>
<opset="l1_bits_44_reload_read/1 "/>
</bind>
</comp>

<comp id="536" class="1004" name="l1_bits_28_reload_read_read_fu_536">
<pin_list>
<pin id="537" dir="0" index="0" bw="1" slack="0"/>
<pin id="538" dir="0" index="1" bw="1" slack="0"/>
<pin id="539" dir="1" index="2" bw="1" slack="0"/>
</pin_list>
<bind>
<opcode="read(1150) " fcode="read"/>
<opset="l1_bits_28_reload_read/1 "/>
</bind>
</comp>

<comp id="542" class="1004" name="l1_bits_12_reload_read_read_fu_542">
<pin_list>
<pin id="543" dir="0" index="0" bw="1" slack="0"/>
<pin id="544" dir="0" index="1" bw="1" slack="0"/>
<pin id="545" dir="1" index="2" bw="1" slack="0"/>
</pin_list>
<bind>
<opcode="read(1150) " fcode="read"/>
<opset="l1_bits_12_reload_read/1 "/>
</bind>
</comp>

<comp id="548" class="1004" name="l1_bits_123_reload_read_read_fu_548">
<pin_list>
<pin id="549" dir="0" index="0" bw="1" slack="0"/>
<pin id="550" dir="0" index="1" bw="1" slack="0"/>
<pin id="551" dir="1" index="2" bw="1" slack="0"/>
</pin_list>
<bind>
<opcode="read(1150) " fcode="read"/>
<opset="l1_bits_123_reload_read/1 "/>
</bind>
</comp>

<comp id="554" class="1004" name="l1_bits_107_reload_read_read_fu_554">
<pin_list>
<pin id="555" dir="0" index="0" bw="1" slack="0"/>
<pin id="556" dir="0" index="1" bw="1" slack="0"/>
<pin id="557" dir="1" index="2" bw="1" slack="0"/>
</pin_list>
<bind>
<opcode="read(1150) " fcode="read"/>
<opset="l1_bits_107_reload_read/1 "/>
</bind>
</comp>

<comp id="560" class="1004" name="l1_bits_91_reload_read_read_fu_560">
<pin_list>
<pin id="561" dir="0" index="0" bw="1" slack="0"/>
<pin id="562" dir="0" index="1" bw="1" slack="0"/>
<pin id="563" dir="1" index="2" bw="1" slack="0"/>
</pin_list>
<bind>
<opcode="read(1150) " fcode="read"/>
<opset="l1_bits_91_reload_read/1 "/>
</bind>
</comp>

<comp id="566" class="1004" name="l1_bits_75_reload_read_read_fu_566">
<pin_list>
<pin id="567" dir="0" index="0" bw="1" slack="0"/>
<pin id="568" dir="0" index="1" bw="1" slack="0"/>
<pin id="569" dir="1" index="2" bw="1" slack="0"/>
</pin_list>
<bind>
<opcode="read(1150) " fcode="read"/>
<opset="l1_bits_75_reload_read/1 "/>
</bind>
</comp>

<comp id="572" class="1004" name="l1_bits_59_reload_read_read_fu_572">
<pin_list>
<pin id="573" dir="0" index="0" bw="1" slack="0"/>
<pin id="574" dir="0" index="1" bw="1" slack="0"/>
<pin id="575" dir="1" index="2" bw="1" slack="0"/>
</pin_list>
<bind>
<opcode="read(1150) " fcode="read"/>
<opset="l1_bits_59_reload_read/1 "/>
</bind>
</comp>

<comp id="578" class="1004" name="l1_bits_43_reload_read_read_fu_578">
<pin_list>
<pin id="579" dir="0" index="0" bw="1" slack="0"/>
<pin id="580" dir="0" index="1" bw="1" slack="0"/>
<pin id="581" dir="1" index="2" bw="1" slack="0"/>
</pin_list>
<bind>
<opcode="read(1150) " fcode="read"/>
<opset="l1_bits_43_reload_read/1 "/>
</bind>
</comp>

<comp id="584" class="1004" name="l1_bits_27_reload_read_read_fu_584">
<pin_list>
<pin id="585" dir="0" index="0" bw="1" slack="0"/>
<pin id="586" dir="0" index="1" bw="1" slack="0"/>
<pin id="587" dir="1" index="2" bw="1" slack="0"/>
</pin_list>
<bind>
<opcode="read(1150) " fcode="read"/>
<opset="l1_bits_27_reload_read/1 "/>
</bind>
</comp>

<comp id="590" class="1004" name="l1_bits_11_reload_read_read_fu_590">
<pin_list>
<pin id="591" dir="0" index="0" bw="1" slack="0"/>
<pin id="592" dir="0" index="1" bw="1" slack="0"/>
<pin id="593" dir="1" index="2" bw="1" slack="0"/>
</pin_list>
<bind>
<opcode="read(1150) " fcode="read"/>
<opset="l1_bits_11_reload_read/1 "/>
</bind>
</comp>

<comp id="596" class="1004" name="l1_bits_122_reload_read_read_fu_596">
<pin_list>
<pin id="597" dir="0" index="0" bw="1" slack="0"/>
<pin id="598" dir="0" index="1" bw="1" slack="0"/>
<pin id="599" dir="1" index="2" bw="1" slack="0"/>
</pin_list>
<bind>
<opcode="read(1150) " fcode="read"/>
<opset="l1_bits_122_reload_read/1 "/>
</bind>
</comp>

<comp id="602" class="1004" name="l1_bits_106_reload_read_read_fu_602">
<pin_list>
<pin id="603" dir="0" index="0" bw="1" slack="0"/>
<pin id="604" dir="0" index="1" bw="1" slack="0"/>
<pin id="605" dir="1" index="2" bw="1" slack="0"/>
</pin_list>
<bind>
<opcode="read(1150) " fcode="read"/>
<opset="l1_bits_106_reload_read/1 "/>
</bind>
</comp>

<comp id="608" class="1004" name="l1_bits_90_reload_read_read_fu_608">
<pin_list>
<pin id="609" dir="0" index="0" bw="1" slack="0"/>
<pin id="610" dir="0" index="1" bw="1" slack="0"/>
<pin id="611" dir="1" index="2" bw="1" slack="0"/>
</pin_list>
<bind>
<opcode="read(1150) " fcode="read"/>
<opset="l1_bits_90_reload_read/1 "/>
</bind>
</comp>

<comp id="614" class="1004" name="l1_bits_74_reload_read_read_fu_614">
<pin_list>
<pin id="615" dir="0" index="0" bw="1" slack="0"/>
<pin id="616" dir="0" index="1" bw="1" slack="0"/>
<pin id="617" dir="1" index="2" bw="1" slack="0"/>
</pin_list>
<bind>
<opcode="read(1150) " fcode="read"/>
<opset="l1_bits_74_reload_read/1 "/>
</bind>
</comp>

<comp id="620" class="1004" name="l1_bits_58_reload_read_read_fu_620">
<pin_list>
<pin id="621" dir="0" index="0" bw="1" slack="0"/>
<pin id="622" dir="0" index="1" bw="1" slack="0"/>
<pin id="623" dir="1" index="2" bw="1" slack="0"/>
</pin_list>
<bind>
<opcode="read(1150) " fcode="read"/>
<opset="l1_bits_58_reload_read/1 "/>
</bind>
</comp>

<comp id="626" class="1004" name="l1_bits_42_reload_read_read_fu_626">
<pin_list>
<pin id="627" dir="0" index="0" bw="1" slack="0"/>
<pin id="628" dir="0" index="1" bw="1" slack="0"/>
<pin id="629" dir="1" index="2" bw="1" slack="0"/>
</pin_list>
<bind>
<opcode="read(1150) " fcode="read"/>
<opset="l1_bits_42_reload_read/1 "/>
</bind>
</comp>

<comp id="632" class="1004" name="l1_bits_26_reload_read_read_fu_632">
<pin_list>
<pin id="633" dir="0" index="0" bw="1" slack="0"/>
<pin id="634" dir="0" index="1" bw="1" slack="0"/>
<pin id="635" dir="1" index="2" bw="1" slack="0"/>
</pin_list>
<bind>
<opcode="read(1150) " fcode="read"/>
<opset="l1_bits_26_reload_read/1 "/>
</bind>
</comp>

<comp id="638" class="1004" name="l1_bits_10_reload_read_read_fu_638">
<pin_list>
<pin id="639" dir="0" index="0" bw="1" slack="0"/>
<pin id="640" dir="0" index="1" bw="1" slack="0"/>
<pin id="641" dir="1" index="2" bw="1" slack="0"/>
</pin_list>
<bind>
<opcode="read(1150) " fcode="read"/>
<opset="l1_bits_10_reload_read/1 "/>
</bind>
</comp>

<comp id="644" class="1004" name="l1_bits_121_reload_read_read_fu_644">
<pin_list>
<pin id="645" dir="0" index="0" bw="1" slack="0"/>
<pin id="646" dir="0" index="1" bw="1" slack="0"/>
<pin id="647" dir="1" index="2" bw="1" slack="0"/>
</pin_list>
<bind>
<opcode="read(1150) " fcode="read"/>
<opset="l1_bits_121_reload_read/1 "/>
</bind>
</comp>

<comp id="650" class="1004" name="l1_bits_105_reload_read_read_fu_650">
<pin_list>
<pin id="651" dir="0" index="0" bw="1" slack="0"/>
<pin id="652" dir="0" index="1" bw="1" slack="0"/>
<pin id="653" dir="1" index="2" bw="1" slack="0"/>
</pin_list>
<bind>
<opcode="read(1150) " fcode="read"/>
<opset="l1_bits_105_reload_read/1 "/>
</bind>
</comp>

<comp id="656" class="1004" name="l1_bits_89_reload_read_read_fu_656">
<pin_list>
<pin id="657" dir="0" index="0" bw="1" slack="0"/>
<pin id="658" dir="0" index="1" bw="1" slack="0"/>
<pin id="659" dir="1" index="2" bw="1" slack="0"/>
</pin_list>
<bind>
<opcode="read(1150) " fcode="read"/>
<opset="l1_bits_89_reload_read/1 "/>
</bind>
</comp>

<comp id="662" class="1004" name="l1_bits_73_reload_read_read_fu_662">
<pin_list>
<pin id="663" dir="0" index="0" bw="1" slack="0"/>
<pin id="664" dir="0" index="1" bw="1" slack="0"/>
<pin id="665" dir="1" index="2" bw="1" slack="0"/>
</pin_list>
<bind>
<opcode="read(1150) " fcode="read"/>
<opset="l1_bits_73_reload_read/1 "/>
</bind>
</comp>

<comp id="668" class="1004" name="l1_bits_57_reload_read_read_fu_668">
<pin_list>
<pin id="669" dir="0" index="0" bw="1" slack="0"/>
<pin id="670" dir="0" index="1" bw="1" slack="0"/>
<pin id="671" dir="1" index="2" bw="1" slack="0"/>
</pin_list>
<bind>
<opcode="read(1150) " fcode="read"/>
<opset="l1_bits_57_reload_read/1 "/>
</bind>
</comp>

<comp id="674" class="1004" name="l1_bits_41_reload_read_read_fu_674">
<pin_list>
<pin id="675" dir="0" index="0" bw="1" slack="0"/>
<pin id="676" dir="0" index="1" bw="1" slack="0"/>
<pin id="677" dir="1" index="2" bw="1" slack="0"/>
</pin_list>
<bind>
<opcode="read(1150) " fcode="read"/>
<opset="l1_bits_41_reload_read/1 "/>
</bind>
</comp>

<comp id="680" class="1004" name="l1_bits_25_reload_read_read_fu_680">
<pin_list>
<pin id="681" dir="0" index="0" bw="1" slack="0"/>
<pin id="682" dir="0" index="1" bw="1" slack="0"/>
<pin id="683" dir="1" index="2" bw="1" slack="0"/>
</pin_list>
<bind>
<opcode="read(1150) " fcode="read"/>
<opset="l1_bits_25_reload_read/1 "/>
</bind>
</comp>

<comp id="686" class="1004" name="l1_bits_9_reload_read_read_fu_686">
<pin_list>
<pin id="687" dir="0" index="0" bw="1" slack="0"/>
<pin id="688" dir="0" index="1" bw="1" slack="0"/>
<pin id="689" dir="1" index="2" bw="1" slack="0"/>
</pin_list>
<bind>
<opcode="read(1150) " fcode="read"/>
<opset="l1_bits_9_reload_read/1 "/>
</bind>
</comp>

<comp id="692" class="1004" name="l1_bits_120_reload_read_read_fu_692">
<pin_list>
<pin id="693" dir="0" index="0" bw="1" slack="0"/>
<pin id="694" dir="0" index="1" bw="1" slack="0"/>
<pin id="695" dir="1" index="2" bw="1" slack="0"/>
</pin_list>
<bind>
<opcode="read(1150) " fcode="read"/>
<opset="l1_bits_120_reload_read/1 "/>
</bind>
</comp>

<comp id="698" class="1004" name="l1_bits_104_reload_read_read_fu_698">
<pin_list>
<pin id="699" dir="0" index="0" bw="1" slack="0"/>
<pin id="700" dir="0" index="1" bw="1" slack="0"/>
<pin id="701" dir="1" index="2" bw="1" slack="0"/>
</pin_list>
<bind>
<opcode="read(1150) " fcode="read"/>
<opset="l1_bits_104_reload_read/1 "/>
</bind>
</comp>

<comp id="704" class="1004" name="l1_bits_88_reload_read_read_fu_704">
<pin_list>
<pin id="705" dir="0" index="0" bw="1" slack="0"/>
<pin id="706" dir="0" index="1" bw="1" slack="0"/>
<pin id="707" dir="1" index="2" bw="1" slack="0"/>
</pin_list>
<bind>
<opcode="read(1150) " fcode="read"/>
<opset="l1_bits_88_reload_read/1 "/>
</bind>
</comp>

<comp id="710" class="1004" name="l1_bits_72_reload_read_read_fu_710">
<pin_list>
<pin id="711" dir="0" index="0" bw="1" slack="0"/>
<pin id="712" dir="0" index="1" bw="1" slack="0"/>
<pin id="713" dir="1" index="2" bw="1" slack="0"/>
</pin_list>
<bind>
<opcode="read(1150) " fcode="read"/>
<opset="l1_bits_72_reload_read/1 "/>
</bind>
</comp>

<comp id="716" class="1004" name="l1_bits_56_reload_read_read_fu_716">
<pin_list>
<pin id="717" dir="0" index="0" bw="1" slack="0"/>
<pin id="718" dir="0" index="1" bw="1" slack="0"/>
<pin id="719" dir="1" index="2" bw="1" slack="0"/>
</pin_list>
<bind>
<opcode="read(1150) " fcode="read"/>
<opset="l1_bits_56_reload_read/1 "/>
</bind>
</comp>

<comp id="722" class="1004" name="l1_bits_40_reload_read_read_fu_722">
<pin_list>
<pin id="723" dir="0" index="0" bw="1" slack="0"/>
<pin id="724" dir="0" index="1" bw="1" slack="0"/>
<pin id="725" dir="1" index="2" bw="1" slack="0"/>
</pin_list>
<bind>
<opcode="read(1150) " fcode="read"/>
<opset="l1_bits_40_reload_read/1 "/>
</bind>
</comp>

<comp id="728" class="1004" name="l1_bits_24_reload_read_read_fu_728">
<pin_list>
<pin id="729" dir="0" index="0" bw="1" slack="0"/>
<pin id="730" dir="0" index="1" bw="1" slack="0"/>
<pin id="731" dir="1" index="2" bw="1" slack="0"/>
</pin_list>
<bind>
<opcode="read(1150) " fcode="read"/>
<opset="l1_bits_24_reload_read/1 "/>
</bind>
</comp>

<comp id="734" class="1004" name="l1_bits_8_reload_read_read_fu_734">
<pin_list>
<pin id="735" dir="0" index="0" bw="1" slack="0"/>
<pin id="736" dir="0" index="1" bw="1" slack="0"/>
<pin id="737" dir="1" index="2" bw="1" slack="0"/>
</pin_list>
<bind>
<opcode="read(1150) " fcode="read"/>
<opset="l1_bits_8_reload_read/1 "/>
</bind>
</comp>

<comp id="740" class="1004" name="l1_bits_119_reload_read_read_fu_740">
<pin_list>
<pin id="741" dir="0" index="0" bw="1" slack="0"/>
<pin id="742" dir="0" index="1" bw="1" slack="0"/>
<pin id="743" dir="1" index="2" bw="1" slack="0"/>
</pin_list>
<bind>
<opcode="read(1150) " fcode="read"/>
<opset="l1_bits_119_reload_read/1 "/>
</bind>
</comp>

<comp id="746" class="1004" name="l1_bits_103_reload_read_read_fu_746">
<pin_list>
<pin id="747" dir="0" index="0" bw="1" slack="0"/>
<pin id="748" dir="0" index="1" bw="1" slack="0"/>
<pin id="749" dir="1" index="2" bw="1" slack="0"/>
</pin_list>
<bind>
<opcode="read(1150) " fcode="read"/>
<opset="l1_bits_103_reload_read/1 "/>
</bind>
</comp>

<comp id="752" class="1004" name="l1_bits_87_reload_read_read_fu_752">
<pin_list>
<pin id="753" dir="0" index="0" bw="1" slack="0"/>
<pin id="754" dir="0" index="1" bw="1" slack="0"/>
<pin id="755" dir="1" index="2" bw="1" slack="0"/>
</pin_list>
<bind>
<opcode="read(1150) " fcode="read"/>
<opset="l1_bits_87_reload_read/1 "/>
</bind>
</comp>

<comp id="758" class="1004" name="l1_bits_71_reload_read_read_fu_758">
<pin_list>
<pin id="759" dir="0" index="0" bw="1" slack="0"/>
<pin id="760" dir="0" index="1" bw="1" slack="0"/>
<pin id="761" dir="1" index="2" bw="1" slack="0"/>
</pin_list>
<bind>
<opcode="read(1150) " fcode="read"/>
<opset="l1_bits_71_reload_read/1 "/>
</bind>
</comp>

<comp id="764" class="1004" name="l1_bits_55_reload_read_read_fu_764">
<pin_list>
<pin id="765" dir="0" index="0" bw="1" slack="0"/>
<pin id="766" dir="0" index="1" bw="1" slack="0"/>
<pin id="767" dir="1" index="2" bw="1" slack="0"/>
</pin_list>
<bind>
<opcode="read(1150) " fcode="read"/>
<opset="l1_bits_55_reload_read/1 "/>
</bind>
</comp>

<comp id="770" class="1004" name="l1_bits_39_reload_read_read_fu_770">
<pin_list>
<pin id="771" dir="0" index="0" bw="1" slack="0"/>
<pin id="772" dir="0" index="1" bw="1" slack="0"/>
<pin id="773" dir="1" index="2" bw="1" slack="0"/>
</pin_list>
<bind>
<opcode="read(1150) " fcode="read"/>
<opset="l1_bits_39_reload_read/1 "/>
</bind>
</comp>

<comp id="776" class="1004" name="l1_bits_23_reload_read_read_fu_776">
<pin_list>
<pin id="777" dir="0" index="0" bw="1" slack="0"/>
<pin id="778" dir="0" index="1" bw="1" slack="0"/>
<pin id="779" dir="1" index="2" bw="1" slack="0"/>
</pin_list>
<bind>
<opcode="read(1150) " fcode="read"/>
<opset="l1_bits_23_reload_read/1 "/>
</bind>
</comp>

<comp id="782" class="1004" name="l1_bits_7_reload_read_read_fu_782">
<pin_list>
<pin id="783" dir="0" index="0" bw="1" slack="0"/>
<pin id="784" dir="0" index="1" bw="1" slack="0"/>
<pin id="785" dir="1" index="2" bw="1" slack="0"/>
</pin_list>
<bind>
<opcode="read(1150) " fcode="read"/>
<opset="l1_bits_7_reload_read/1 "/>
</bind>
</comp>

<comp id="788" class="1004" name="l1_bits_118_reload_read_read_fu_788">
<pin_list>
<pin id="789" dir="0" index="0" bw="1" slack="0"/>
<pin id="790" dir="0" index="1" bw="1" slack="0"/>
<pin id="791" dir="1" index="2" bw="1" slack="0"/>
</pin_list>
<bind>
<opcode="read(1150) " fcode="read"/>
<opset="l1_bits_118_reload_read/1 "/>
</bind>
</comp>

<comp id="794" class="1004" name="l1_bits_102_reload_read_read_fu_794">
<pin_list>
<pin id="795" dir="0" index="0" bw="1" slack="0"/>
<pin id="796" dir="0" index="1" bw="1" slack="0"/>
<pin id="797" dir="1" index="2" bw="1" slack="0"/>
</pin_list>
<bind>
<opcode="read(1150) " fcode="read"/>
<opset="l1_bits_102_reload_read/1 "/>
</bind>
</comp>

<comp id="800" class="1004" name="l1_bits_86_reload_read_read_fu_800">
<pin_list>
<pin id="801" dir="0" index="0" bw="1" slack="0"/>
<pin id="802" dir="0" index="1" bw="1" slack="0"/>
<pin id="803" dir="1" index="2" bw="1" slack="0"/>
</pin_list>
<bind>
<opcode="read(1150) " fcode="read"/>
<opset="l1_bits_86_reload_read/1 "/>
</bind>
</comp>

<comp id="806" class="1004" name="l1_bits_70_reload_read_read_fu_806">
<pin_list>
<pin id="807" dir="0" index="0" bw="1" slack="0"/>
<pin id="808" dir="0" index="1" bw="1" slack="0"/>
<pin id="809" dir="1" index="2" bw="1" slack="0"/>
</pin_list>
<bind>
<opcode="read(1150) " fcode="read"/>
<opset="l1_bits_70_reload_read/1 "/>
</bind>
</comp>

<comp id="812" class="1004" name="l1_bits_54_reload_read_read_fu_812">
<pin_list>
<pin id="813" dir="0" index="0" bw="1" slack="0"/>
<pin id="814" dir="0" index="1" bw="1" slack="0"/>
<pin id="815" dir="1" index="2" bw="1" slack="0"/>
</pin_list>
<bind>
<opcode="read(1150) " fcode="read"/>
<opset="l1_bits_54_reload_read/1 "/>
</bind>
</comp>

<comp id="818" class="1004" name="l1_bits_38_reload_read_read_fu_818">
<pin_list>
<pin id="819" dir="0" index="0" bw="1" slack="0"/>
<pin id="820" dir="0" index="1" bw="1" slack="0"/>
<pin id="821" dir="1" index="2" bw="1" slack="0"/>
</pin_list>
<bind>
<opcode="read(1150) " fcode="read"/>
<opset="l1_bits_38_reload_read/1 "/>
</bind>
</comp>

<comp id="824" class="1004" name="l1_bits_22_reload_read_read_fu_824">
<pin_list>
<pin id="825" dir="0" index="0" bw="1" slack="0"/>
<pin id="826" dir="0" index="1" bw="1" slack="0"/>
<pin id="827" dir="1" index="2" bw="1" slack="0"/>
</pin_list>
<bind>
<opcode="read(1150) " fcode="read"/>
<opset="l1_bits_22_reload_read/1 "/>
</bind>
</comp>

<comp id="830" class="1004" name="l1_bits_6_reload_read_read_fu_830">
<pin_list>
<pin id="831" dir="0" index="0" bw="1" slack="0"/>
<pin id="832" dir="0" index="1" bw="1" slack="0"/>
<pin id="833" dir="1" index="2" bw="1" slack="0"/>
</pin_list>
<bind>
<opcode="read(1150) " fcode="read"/>
<opset="l1_bits_6_reload_read/1 "/>
</bind>
</comp>

<comp id="836" class="1004" name="l1_bits_117_reload_read_read_fu_836">
<pin_list>
<pin id="837" dir="0" index="0" bw="1" slack="0"/>
<pin id="838" dir="0" index="1" bw="1" slack="0"/>
<pin id="839" dir="1" index="2" bw="1" slack="0"/>
</pin_list>
<bind>
<opcode="read(1150) " fcode="read"/>
<opset="l1_bits_117_reload_read/1 "/>
</bind>
</comp>

<comp id="842" class="1004" name="l1_bits_101_reload_read_read_fu_842">
<pin_list>
<pin id="843" dir="0" index="0" bw="1" slack="0"/>
<pin id="844" dir="0" index="1" bw="1" slack="0"/>
<pin id="845" dir="1" index="2" bw="1" slack="0"/>
</pin_list>
<bind>
<opcode="read(1150) " fcode="read"/>
<opset="l1_bits_101_reload_read/1 "/>
</bind>
</comp>

<comp id="848" class="1004" name="l1_bits_85_reload_read_read_fu_848">
<pin_list>
<pin id="849" dir="0" index="0" bw="1" slack="0"/>
<pin id="850" dir="0" index="1" bw="1" slack="0"/>
<pin id="851" dir="1" index="2" bw="1" slack="0"/>
</pin_list>
<bind>
<opcode="read(1150) " fcode="read"/>
<opset="l1_bits_85_reload_read/1 "/>
</bind>
</comp>

<comp id="854" class="1004" name="l1_bits_69_reload_read_read_fu_854">
<pin_list>
<pin id="855" dir="0" index="0" bw="1" slack="0"/>
<pin id="856" dir="0" index="1" bw="1" slack="0"/>
<pin id="857" dir="1" index="2" bw="1" slack="0"/>
</pin_list>
<bind>
<opcode="read(1150) " fcode="read"/>
<opset="l1_bits_69_reload_read/1 "/>
</bind>
</comp>

<comp id="860" class="1004" name="l1_bits_53_reload_read_read_fu_860">
<pin_list>
<pin id="861" dir="0" index="0" bw="1" slack="0"/>
<pin id="862" dir="0" index="1" bw="1" slack="0"/>
<pin id="863" dir="1" index="2" bw="1" slack="0"/>
</pin_list>
<bind>
<opcode="read(1150) " fcode="read"/>
<opset="l1_bits_53_reload_read/1 "/>
</bind>
</comp>

<comp id="866" class="1004" name="l1_bits_37_reload_read_read_fu_866">
<pin_list>
<pin id="867" dir="0" index="0" bw="1" slack="0"/>
<pin id="868" dir="0" index="1" bw="1" slack="0"/>
<pin id="869" dir="1" index="2" bw="1" slack="0"/>
</pin_list>
<bind>
<opcode="read(1150) " fcode="read"/>
<opset="l1_bits_37_reload_read/1 "/>
</bind>
</comp>

<comp id="872" class="1004" name="l1_bits_21_reload_read_read_fu_872">
<pin_list>
<pin id="873" dir="0" index="0" bw="1" slack="0"/>
<pin id="874" dir="0" index="1" bw="1" slack="0"/>
<pin id="875" dir="1" index="2" bw="1" slack="0"/>
</pin_list>
<bind>
<opcode="read(1150) " fcode="read"/>
<opset="l1_bits_21_reload_read/1 "/>
</bind>
</comp>

<comp id="878" class="1004" name="l1_bits_5_reload_read_read_fu_878">
<pin_list>
<pin id="879" dir="0" index="0" bw="1" slack="0"/>
<pin id="880" dir="0" index="1" bw="1" slack="0"/>
<pin id="881" dir="1" index="2" bw="1" slack="0"/>
</pin_list>
<bind>
<opcode="read(1150) " fcode="read"/>
<opset="l1_bits_5_reload_read/1 "/>
</bind>
</comp>

<comp id="884" class="1004" name="l1_bits_116_reload_read_read_fu_884">
<pin_list>
<pin id="885" dir="0" index="0" bw="1" slack="0"/>
<pin id="886" dir="0" index="1" bw="1" slack="0"/>
<pin id="887" dir="1" index="2" bw="1" slack="0"/>
</pin_list>
<bind>
<opcode="read(1150) " fcode="read"/>
<opset="l1_bits_116_reload_read/1 "/>
</bind>
</comp>

<comp id="890" class="1004" name="l1_bits_100_reload_read_read_fu_890">
<pin_list>
<pin id="891" dir="0" index="0" bw="1" slack="0"/>
<pin id="892" dir="0" index="1" bw="1" slack="0"/>
<pin id="893" dir="1" index="2" bw="1" slack="0"/>
</pin_list>
<bind>
<opcode="read(1150) " fcode="read"/>
<opset="l1_bits_100_reload_read/1 "/>
</bind>
</comp>

<comp id="896" class="1004" name="l1_bits_84_reload_read_read_fu_896">
<pin_list>
<pin id="897" dir="0" index="0" bw="1" slack="0"/>
<pin id="898" dir="0" index="1" bw="1" slack="0"/>
<pin id="899" dir="1" index="2" bw="1" slack="0"/>
</pin_list>
<bind>
<opcode="read(1150) " fcode="read"/>
<opset="l1_bits_84_reload_read/1 "/>
</bind>
</comp>

<comp id="902" class="1004" name="l1_bits_68_reload_read_read_fu_902">
<pin_list>
<pin id="903" dir="0" index="0" bw="1" slack="0"/>
<pin id="904" dir="0" index="1" bw="1" slack="0"/>
<pin id="905" dir="1" index="2" bw="1" slack="0"/>
</pin_list>
<bind>
<opcode="read(1150) " fcode="read"/>
<opset="l1_bits_68_reload_read/1 "/>
</bind>
</comp>

<comp id="908" class="1004" name="l1_bits_52_reload_read_read_fu_908">
<pin_list>
<pin id="909" dir="0" index="0" bw="1" slack="0"/>
<pin id="910" dir="0" index="1" bw="1" slack="0"/>
<pin id="911" dir="1" index="2" bw="1" slack="0"/>
</pin_list>
<bind>
<opcode="read(1150) " fcode="read"/>
<opset="l1_bits_52_reload_read/1 "/>
</bind>
</comp>

<comp id="914" class="1004" name="l1_bits_36_reload_read_read_fu_914">
<pin_list>
<pin id="915" dir="0" index="0" bw="1" slack="0"/>
<pin id="916" dir="0" index="1" bw="1" slack="0"/>
<pin id="917" dir="1" index="2" bw="1" slack="0"/>
</pin_list>
<bind>
<opcode="read(1150) " fcode="read"/>
<opset="l1_bits_36_reload_read/1 "/>
</bind>
</comp>

<comp id="920" class="1004" name="l1_bits_20_reload_read_read_fu_920">
<pin_list>
<pin id="921" dir="0" index="0" bw="1" slack="0"/>
<pin id="922" dir="0" index="1" bw="1" slack="0"/>
<pin id="923" dir="1" index="2" bw="1" slack="0"/>
</pin_list>
<bind>
<opcode="read(1150) " fcode="read"/>
<opset="l1_bits_20_reload_read/1 "/>
</bind>
</comp>

<comp id="926" class="1004" name="l1_bits_4_reload_read_read_fu_926">
<pin_list>
<pin id="927" dir="0" index="0" bw="1" slack="0"/>
<pin id="928" dir="0" index="1" bw="1" slack="0"/>
<pin id="929" dir="1" index="2" bw="1" slack="0"/>
</pin_list>
<bind>
<opcode="read(1150) " fcode="read"/>
<opset="l1_bits_4_reload_read/1 "/>
</bind>
</comp>

<comp id="932" class="1004" name="l1_bits_115_reload_read_read_fu_932">
<pin_list>
<pin id="933" dir="0" index="0" bw="1" slack="0"/>
<pin id="934" dir="0" index="1" bw="1" slack="0"/>
<pin id="935" dir="1" index="2" bw="1" slack="0"/>
</pin_list>
<bind>
<opcode="read(1150) " fcode="read"/>
<opset="l1_bits_115_reload_read/1 "/>
</bind>
</comp>

<comp id="938" class="1004" name="l1_bits_99_reload_read_read_fu_938">
<pin_list>
<pin id="939" dir="0" index="0" bw="1" slack="0"/>
<pin id="940" dir="0" index="1" bw="1" slack="0"/>
<pin id="941" dir="1" index="2" bw="1" slack="0"/>
</pin_list>
<bind>
<opcode="read(1150) " fcode="read"/>
<opset="l1_bits_99_reload_read/1 "/>
</bind>
</comp>

<comp id="944" class="1004" name="l1_bits_83_reload_read_read_fu_944">
<pin_list>
<pin id="945" dir="0" index="0" bw="1" slack="0"/>
<pin id="946" dir="0" index="1" bw="1" slack="0"/>
<pin id="947" dir="1" index="2" bw="1" slack="0"/>
</pin_list>
<bind>
<opcode="read(1150) " fcode="read"/>
<opset="l1_bits_83_reload_read/1 "/>
</bind>
</comp>

<comp id="950" class="1004" name="l1_bits_67_reload_read_read_fu_950">
<pin_list>
<pin id="951" dir="0" index="0" bw="1" slack="0"/>
<pin id="952" dir="0" index="1" bw="1" slack="0"/>
<pin id="953" dir="1" index="2" bw="1" slack="0"/>
</pin_list>
<bind>
<opcode="read(1150) " fcode="read"/>
<opset="l1_bits_67_reload_read/1 "/>
</bind>
</comp>

<comp id="956" class="1004" name="l1_bits_51_reload_read_read_fu_956">
<pin_list>
<pin id="957" dir="0" index="0" bw="1" slack="0"/>
<pin id="958" dir="0" index="1" bw="1" slack="0"/>
<pin id="959" dir="1" index="2" bw="1" slack="0"/>
</pin_list>
<bind>
<opcode="read(1150) " fcode="read"/>
<opset="l1_bits_51_reload_read/1 "/>
</bind>
</comp>

<comp id="962" class="1004" name="l1_bits_35_reload_read_read_fu_962">
<pin_list>
<pin id="963" dir="0" index="0" bw="1" slack="0"/>
<pin id="964" dir="0" index="1" bw="1" slack="0"/>
<pin id="965" dir="1" index="2" bw="1" slack="0"/>
</pin_list>
<bind>
<opcode="read(1150) " fcode="read"/>
<opset="l1_bits_35_reload_read/1 "/>
</bind>
</comp>

<comp id="968" class="1004" name="l1_bits_19_reload_read_read_fu_968">
<pin_list>
<pin id="969" dir="0" index="0" bw="1" slack="0"/>
<pin id="970" dir="0" index="1" bw="1" slack="0"/>
<pin id="971" dir="1" index="2" bw="1" slack="0"/>
</pin_list>
<bind>
<opcode="read(1150) " fcode="read"/>
<opset="l1_bits_19_reload_read/1 "/>
</bind>
</comp>

<comp id="974" class="1004" name="l1_bits_3_reload_read_read_fu_974">
<pin_list>
<pin id="975" dir="0" index="0" bw="1" slack="0"/>
<pin id="976" dir="0" index="1" bw="1" slack="0"/>
<pin id="977" dir="1" index="2" bw="1" slack="0"/>
</pin_list>
<bind>
<opcode="read(1150) " fcode="read"/>
<opset="l1_bits_3_reload_read/1 "/>
</bind>
</comp>

<comp id="980" class="1004" name="l1_bits_114_reload_read_read_fu_980">
<pin_list>
<pin id="981" dir="0" index="0" bw="1" slack="0"/>
<pin id="982" dir="0" index="1" bw="1" slack="0"/>
<pin id="983" dir="1" index="2" bw="1" slack="0"/>
</pin_list>
<bind>
<opcode="read(1150) " fcode="read"/>
<opset="l1_bits_114_reload_read/1 "/>
</bind>
</comp>

<comp id="986" class="1004" name="l1_bits_98_reload_read_read_fu_986">
<pin_list>
<pin id="987" dir="0" index="0" bw="1" slack="0"/>
<pin id="988" dir="0" index="1" bw="1" slack="0"/>
<pin id="989" dir="1" index="2" bw="1" slack="0"/>
</pin_list>
<bind>
<opcode="read(1150) " fcode="read"/>
<opset="l1_bits_98_reload_read/1 "/>
</bind>
</comp>

<comp id="992" class="1004" name="l1_bits_82_reload_read_read_fu_992">
<pin_list>
<pin id="993" dir="0" index="0" bw="1" slack="0"/>
<pin id="994" dir="0" index="1" bw="1" slack="0"/>
<pin id="995" dir="1" index="2" bw="1" slack="0"/>
</pin_list>
<bind>
<opcode="read(1150) " fcode="read"/>
<opset="l1_bits_82_reload_read/1 "/>
</bind>
</comp>

<comp id="998" class="1004" name="l1_bits_66_reload_read_read_fu_998">
<pin_list>
<pin id="999" dir="0" index="0" bw="1" slack="0"/>
<pin id="1000" dir="0" index="1" bw="1" slack="0"/>
<pin id="1001" dir="1" index="2" bw="1" slack="0"/>
</pin_list>
<bind>
<opcode="read(1150) " fcode="read"/>
<opset="l1_bits_66_reload_read/1 "/>
</bind>
</comp>

<comp id="1004" class="1004" name="l1_bits_50_reload_read_read_fu_1004">
<pin_list>
<pin id="1005" dir="0" index="0" bw="1" slack="0"/>
<pin id="1006" dir="0" index="1" bw="1" slack="0"/>
<pin id="1007" dir="1" index="2" bw="1" slack="0"/>
</pin_list>
<bind>
<opcode="read(1150) " fcode="read"/>
<opset="l1_bits_50_reload_read/1 "/>
</bind>
</comp>

<comp id="1010" class="1004" name="l1_bits_34_reload_read_read_fu_1010">
<pin_list>
<pin id="1011" dir="0" index="0" bw="1" slack="0"/>
<pin id="1012" dir="0" index="1" bw="1" slack="0"/>
<pin id="1013" dir="1" index="2" bw="1" slack="0"/>
</pin_list>
<bind>
<opcode="read(1150) " fcode="read"/>
<opset="l1_bits_34_reload_read/1 "/>
</bind>
</comp>

<comp id="1016" class="1004" name="l1_bits_18_reload_read_read_fu_1016">
<pin_list>
<pin id="1017" dir="0" index="0" bw="1" slack="0"/>
<pin id="1018" dir="0" index="1" bw="1" slack="0"/>
<pin id="1019" dir="1" index="2" bw="1" slack="0"/>
</pin_list>
<bind>
<opcode="read(1150) " fcode="read"/>
<opset="l1_bits_18_reload_read/1 "/>
</bind>
</comp>

<comp id="1022" class="1004" name="l1_bits_2_reload_read_read_fu_1022">
<pin_list>
<pin id="1023" dir="0" index="0" bw="1" slack="0"/>
<pin id="1024" dir="0" index="1" bw="1" slack="0"/>
<pin id="1025" dir="1" index="2" bw="1" slack="0"/>
</pin_list>
<bind>
<opcode="read(1150) " fcode="read"/>
<opset="l1_bits_2_reload_read/1 "/>
</bind>
</comp>

<comp id="1028" class="1004" name="l1_bits_113_reload_read_read_fu_1028">
<pin_list>
<pin id="1029" dir="0" index="0" bw="1" slack="0"/>
<pin id="1030" dir="0" index="1" bw="1" slack="0"/>
<pin id="1031" dir="1" index="2" bw="1" slack="0"/>
</pin_list>
<bind>
<opcode="read(1150) " fcode="read"/>
<opset="l1_bits_113_reload_read/1 "/>
</bind>
</comp>

<comp id="1034" class="1004" name="l1_bits_97_reload_read_read_fu_1034">
<pin_list>
<pin id="1035" dir="0" index="0" bw="1" slack="0"/>
<pin id="1036" dir="0" index="1" bw="1" slack="0"/>
<pin id="1037" dir="1" index="2" bw="1" slack="0"/>
</pin_list>
<bind>
<opcode="read(1150) " fcode="read"/>
<opset="l1_bits_97_reload_read/1 "/>
</bind>
</comp>

<comp id="1040" class="1004" name="l1_bits_81_reload_read_read_fu_1040">
<pin_list>
<pin id="1041" dir="0" index="0" bw="1" slack="0"/>
<pin id="1042" dir="0" index="1" bw="1" slack="0"/>
<pin id="1043" dir="1" index="2" bw="1" slack="0"/>
</pin_list>
<bind>
<opcode="read(1150) " fcode="read"/>
<opset="l1_bits_81_reload_read/1 "/>
</bind>
</comp>

<comp id="1046" class="1004" name="l1_bits_65_reload_read_read_fu_1046">
<pin_list>
<pin id="1047" dir="0" index="0" bw="1" slack="0"/>
<pin id="1048" dir="0" index="1" bw="1" slack="0"/>
<pin id="1049" dir="1" index="2" bw="1" slack="0"/>
</pin_list>
<bind>
<opcode="read(1150) " fcode="read"/>
<opset="l1_bits_65_reload_read/1 "/>
</bind>
</comp>

<comp id="1052" class="1004" name="l1_bits_49_reload_read_read_fu_1052">
<pin_list>
<pin id="1053" dir="0" index="0" bw="1" slack="0"/>
<pin id="1054" dir="0" index="1" bw="1" slack="0"/>
<pin id="1055" dir="1" index="2" bw="1" slack="0"/>
</pin_list>
<bind>
<opcode="read(1150) " fcode="read"/>
<opset="l1_bits_49_reload_read/1 "/>
</bind>
</comp>

<comp id="1058" class="1004" name="l1_bits_33_reload_read_read_fu_1058">
<pin_list>
<pin id="1059" dir="0" index="0" bw="1" slack="0"/>
<pin id="1060" dir="0" index="1" bw="1" slack="0"/>
<pin id="1061" dir="1" index="2" bw="1" slack="0"/>
</pin_list>
<bind>
<opcode="read(1150) " fcode="read"/>
<opset="l1_bits_33_reload_read/1 "/>
</bind>
</comp>

<comp id="1064" class="1004" name="l1_bits_17_reload_read_read_fu_1064">
<pin_list>
<pin id="1065" dir="0" index="0" bw="1" slack="0"/>
<pin id="1066" dir="0" index="1" bw="1" slack="0"/>
<pin id="1067" dir="1" index="2" bw="1" slack="0"/>
</pin_list>
<bind>
<opcode="read(1150) " fcode="read"/>
<opset="l1_bits_17_reload_read/1 "/>
</bind>
</comp>

<comp id="1070" class="1004" name="l1_bits_1_reload_read_read_fu_1070">
<pin_list>
<pin id="1071" dir="0" index="0" bw="1" slack="0"/>
<pin id="1072" dir="0" index="1" bw="1" slack="0"/>
<pin id="1073" dir="1" index="2" bw="1" slack="0"/>
</pin_list>
<bind>
<opcode="read(1150) " fcode="read"/>
<opset="l1_bits_1_reload_read/1 "/>
</bind>
</comp>

<comp id="1076" class="1004" name="l1_bits_112_reload_read_read_fu_1076">
<pin_list>
<pin id="1077" dir="0" index="0" bw="1" slack="0"/>
<pin id="1078" dir="0" index="1" bw="1" slack="0"/>
<pin id="1079" dir="1" index="2" bw="1" slack="0"/>
</pin_list>
<bind>
<opcode="read(1150) " fcode="read"/>
<opset="l1_bits_112_reload_read/1 "/>
</bind>
</comp>

<comp id="1082" class="1004" name="l1_bits_96_reload_read_read_fu_1082">
<pin_list>
<pin id="1083" dir="0" index="0" bw="1" slack="0"/>
<pin id="1084" dir="0" index="1" bw="1" slack="0"/>
<pin id="1085" dir="1" index="2" bw="1" slack="0"/>
</pin_list>
<bind>
<opcode="read(1150) " fcode="read"/>
<opset="l1_bits_96_reload_read/1 "/>
</bind>
</comp>

<comp id="1088" class="1004" name="l1_bits_80_reload_read_read_fu_1088">
<pin_list>
<pin id="1089" dir="0" index="0" bw="1" slack="0"/>
<pin id="1090" dir="0" index="1" bw="1" slack="0"/>
<pin id="1091" dir="1" index="2" bw="1" slack="0"/>
</pin_list>
<bind>
<opcode="read(1150) " fcode="read"/>
<opset="l1_bits_80_reload_read/1 "/>
</bind>
</comp>

<comp id="1094" class="1004" name="l1_bits_64_reload_read_read_fu_1094">
<pin_list>
<pin id="1095" dir="0" index="0" bw="1" slack="0"/>
<pin id="1096" dir="0" index="1" bw="1" slack="0"/>
<pin id="1097" dir="1" index="2" bw="1" slack="0"/>
</pin_list>
<bind>
<opcode="read(1150) " fcode="read"/>
<opset="l1_bits_64_reload_read/1 "/>
</bind>
</comp>

<comp id="1100" class="1004" name="l1_bits_48_reload_read_read_fu_1100">
<pin_list>
<pin id="1101" dir="0" index="0" bw="1" slack="0"/>
<pin id="1102" dir="0" index="1" bw="1" slack="0"/>
<pin id="1103" dir="1" index="2" bw="1" slack="0"/>
</pin_list>
<bind>
<opcode="read(1150) " fcode="read"/>
<opset="l1_bits_48_reload_read/1 "/>
</bind>
</comp>

<comp id="1106" class="1004" name="l1_bits_32_reload_read_read_fu_1106">
<pin_list>
<pin id="1107" dir="0" index="0" bw="1" slack="0"/>
<pin id="1108" dir="0" index="1" bw="1" slack="0"/>
<pin id="1109" dir="1" index="2" bw="1" slack="0"/>
</pin_list>
<bind>
<opcode="read(1150) " fcode="read"/>
<opset="l1_bits_32_reload_read/1 "/>
</bind>
</comp>

<comp id="1112" class="1004" name="l1_bits_16_reload_read_read_fu_1112">
<pin_list>
<pin id="1113" dir="0" index="0" bw="1" slack="0"/>
<pin id="1114" dir="0" index="1" bw="1" slack="0"/>
<pin id="1115" dir="1" index="2" bw="1" slack="0"/>
</pin_list>
<bind>
<opcode="read(1150) " fcode="read"/>
<opset="l1_bits_16_reload_read/1 "/>
</bind>
</comp>

<comp id="1118" class="1004" name="l1_bits_reload_read_read_fu_1118">
<pin_list>
<pin id="1119" dir="0" index="0" bw="1" slack="0"/>
<pin id="1120" dir="0" index="1" bw="1" slack="0"/>
<pin id="1121" dir="1" index="2" bw="1" slack="0"/>
</pin_list>
<bind>
<opcode="read(1150) " fcode="read"/>
<opset="l1_bits_reload_read/1 "/>
</bind>
</comp>

<comp id="1124" class="1004" name="write_ln0_write_fu_1124">
<pin_list>
<pin id="1125" dir="0" index="0" bw="0" slack="0"/>
<pin id="1126" dir="0" index="1" bw="16" slack="0"/>
<pin id="1127" dir="0" index="2" bw="16" slack="0"/>
<pin id="1128" dir="1" index="3" bw="0" slack="2147483647"/>
</pin_list>
<bind>
<opcode="write(1151) " fcode="write"/>
<opset="write_ln0/1 "/>
</bind>
</comp>

<comp id="1131" class="1004" name="write_ln0_write_fu_1131">
<pin_list>
<pin id="1132" dir="0" index="0" bw="0" slack="0"/>
<pin id="1133" dir="0" index="1" bw="16" slack="0"/>
<pin id="1134" dir="0" index="2" bw="16" slack="0"/>
<pin id="1135" dir="1" index="3" bw="0" slack="2147483647"/>
</pin_list>
<bind>
<opcode="write(1151) " fcode="write"/>
<opset="write_ln0/1 "/>
</bind>
</comp>

<comp id="1138" class="1004" name="write_ln0_write_fu_1138">
<pin_list>
<pin id="1139" dir="0" index="0" bw="0" slack="0"/>
<pin id="1140" dir="0" index="1" bw="16" slack="0"/>
<pin id="1141" dir="0" index="2" bw="16" slack="0"/>
<pin id="1142" dir="1" index="3" bw="0" slack="2147483647"/>
</pin_list>
<bind>
<opcode="write(1151) " fcode="write"/>
<opset="write_ln0/1 "/>
</bind>
</comp>

<comp id="1145" class="1004" name="write_ln0_write_fu_1145">
<pin_list>
<pin id="1146" dir="0" index="0" bw="0" slack="0"/>
<pin id="1147" dir="0" index="1" bw="16" slack="0"/>
<pin id="1148" dir="0" index="2" bw="16" slack="0"/>
<pin id="1149" dir="1" index="3" bw="0" slack="2147483647"/>
</pin_list>
<bind>
<opcode="write(1151) " fcode="write"/>
<opset="write_ln0/1 "/>
</bind>
</comp>

<comp id="1152" class="1004" name="write_ln0_write_fu_1152">
<pin_list>
<pin id="1153" dir="0" index="0" bw="0" slack="0"/>
<pin id="1154" dir="0" index="1" bw="16" slack="0"/>
<pin id="1155" dir="0" index="2" bw="16" slack="0"/>
<pin id="1156" dir="1" index="3" bw="0" slack="2147483647"/>
</pin_list>
<bind>
<opcode="write(1151) " fcode="write"/>
<opset="write_ln0/1 "/>
</bind>
</comp>

<comp id="1159" class="1004" name="write_ln0_write_fu_1159">
<pin_list>
<pin id="1160" dir="0" index="0" bw="0" slack="0"/>
<pin id="1161" dir="0" index="1" bw="16" slack="0"/>
<pin id="1162" dir="0" index="2" bw="16" slack="0"/>
<pin id="1163" dir="1" index="3" bw="0" slack="2147483647"/>
</pin_list>
<bind>
<opcode="write(1151) " fcode="write"/>
<opset="write_ln0/1 "/>
</bind>
</comp>

<comp id="1166" class="1004" name="write_ln0_write_fu_1166">
<pin_list>
<pin id="1167" dir="0" index="0" bw="0" slack="0"/>
<pin id="1168" dir="0" index="1" bw="16" slack="0"/>
<pin id="1169" dir="0" index="2" bw="16" slack="0"/>
<pin id="1170" dir="1" index="3" bw="0" slack="2147483647"/>
</pin_list>
<bind>
<opcode="write(1151) " fcode="write"/>
<opset="write_ln0/1 "/>
</bind>
</comp>

<comp id="1173" class="1004" name="write_ln0_write_fu_1173">
<pin_list>
<pin id="1174" dir="0" index="0" bw="0" slack="0"/>
<pin id="1175" dir="0" index="1" bw="16" slack="0"/>
<pin id="1176" dir="0" index="2" bw="16" slack="0"/>
<pin id="1177" dir="1" index="3" bw="0" slack="2147483647"/>
</pin_list>
<bind>
<opcode="write(1151) " fcode="write"/>
<opset="write_ln0/1 "/>
</bind>
</comp>

<comp id="1180" class="1004" name="store_ln26_store_fu_1180">
<pin_list>
<pin id="1181" dir="0" index="0" bw="1" slack="0"/>
<pin id="1182" dir="0" index="1" bw="4" slack="0"/>
<pin id="1183" dir="1" index="2" bw="0" slack="2147483647"/>
</pin_list>
<bind>
<opcode="store(28) " fcode="store"/>
<opset="store_ln26/1 "/>
</bind>
</comp>

<comp id="1185" class="1004" name="w_2_load_fu_1185">
<pin_list>
<pin id="1186" dir="0" index="0" bw="4" slack="0"/>
<pin id="1187" dir="1" index="1" bw="4" slack="0"/>
</pin_list>
<bind>
<opcode="load(27) " fcode="load"/>
<opset="w_2/1 "/>
</bind>
</comp>

<comp id="1188" class="1004" name="icmp_ln26_fu_1188">
<pin_list>
<pin id="1189" dir="0" index="0" bw="4" slack="0"/>
<pin id="1190" dir="0" index="1" bw="4" slack="0"/>
<pin id="1191" dir="1" index="2" bw="1" slack="2147483647"/>
</pin_list>
<bind>
<opcode="icmp(45) " fcode="icmp"/>
<opset="icmp_ln26/1 "/>
</bind>
</comp>

<comp id="1194" class="1004" name="add_ln26_fu_1194">
<pin_list>
<pin id="1195" dir="0" index="0" bw="4" slack="0"/>
<pin id="1196" dir="0" index="1" bw="1" slack="0"/>
<pin id="1197" dir="1" index="2" bw="4" slack="0"/>
</pin_list>
<bind>
<opcode="add(8) " fcode="add"/>
<opset="add_ln26/1 "/>
</bind>
</comp>

<comp id="1200" class="1004" name="trunc_ln26_fu_1200">
<pin_list>
<pin id="1201" dir="0" index="0" bw="4" slack="0"/>
<pin id="1202" dir="1" index="1" bw="3" slack="0"/>
</pin_list>
<bind>
<opcode="trunc(33) " fcode="trunc"/>
<opset="trunc_ln26/1 "/>
</bind>
</comp>

<comp id="1204" class="1004" name="word_fu_1204">
<pin_list>
<pin id="1205" dir="0" index="0" bw="1" slack="0"/>
<pin id="1206" dir="0" index="1" bw="3" slack="0"/>
<pin id="1207" dir="0" index="2" bw="1" slack="0"/>
<pin id="1208" dir="0" index="3" bw="3" slack="0"/>
<pin id="1209" dir="0" index="4" bw="1" slack="0"/>
<pin id="1210" dir="0" index="5" bw="3" slack="0"/>
<pin id="1211" dir="0" index="6" bw="1" slack="0"/>
<pin id="1212" dir="0" index="7" bw="3" slack="0"/>
<pin id="1213" dir="0" index="8" bw="1" slack="0"/>
<pin id="1214" dir="0" index="9" bw="3" slack="0"/>
<pin id="1215" dir="0" index="10" bw="1" slack="0"/>
<pin id="1216" dir="0" index="11" bw="3" slack="0"/>
<pin id="1217" dir="0" index="12" bw="1" slack="0"/>
<pin id="1218" dir="0" index="13" bw="3" slack="0"/>
<pin id="1219" dir="0" index="14" bw="1" slack="0"/>
<pin id="1220" dir="0" index="15" bw="3" slack="0"/>
<pin id="1221" dir="0" index="16" bw="1" slack="0"/>
<pin id="1222" dir="0" index="17" bw="1" slack="0"/>
<pin id="1223" dir="0" index="18" bw="3" slack="0"/>
<pin id="1224" dir="1" index="19" bw="1" slack="0"/>
</pin_list>
<bind>
<opcode="sparsemux(1197) " fcode="sparsemux"/>
<opset="word/1 "/>
</bind>
</comp>

<comp id="1244" class="1004" name="tmp_s_fu_1244">
<pin_list>
<pin id="1245" dir="0" index="0" bw="1" slack="0"/>
<pin id="1246" dir="0" index="1" bw="3" slack="0"/>
<pin id="1247" dir="0" index="2" bw="1" slack="0"/>
<pin id="1248" dir="0" index="3" bw="3" slack="0"/>
<pin id="1249" dir="0" index="4" bw="1" slack="0"/>
<pin id="1250" dir="0" index="5" bw="3" slack="0"/>
<pin id="1251" dir="0" index="6" bw="1" slack="0"/>
<pin id="1252" dir="0" index="7" bw="3" slack="0"/>
<pin id="1253" dir="0" index="8" bw="1" slack="0"/>
<pin id="1254" dir="0" index="9" bw="3" slack="0"/>
<pin id="1255" dir="0" index="10" bw="1" slack="0"/>
<pin id="1256" dir="0" index="11" bw="3" slack="0"/>
<pin id="1257" dir="0" index="12" bw="1" slack="0"/>
<pin id="1258" dir="0" index="13" bw="3" slack="0"/>
<pin id="1259" dir="0" index="14" bw="1" slack="0"/>
<pin id="1260" dir="0" index="15" bw="3" slack="0"/>
<pin id="1261" dir="0" index="16" bw="1" slack="0"/>
<pin id="1262" dir="0" index="17" bw="1" slack="0"/>
<pin id="1263" dir="0" index="18" bw="3" slack="0"/>
<pin id="1264" dir="1" index="19" bw="1" slack="0"/>
</pin_list>
<bind>
<opcode="sparsemux(1197) " fcode="sparsemux"/>
<opset="tmp_s/1 "/>
</bind>
</comp>

<comp id="1284" class="1004" name="tmp_15_fu_1284">
<pin_list>
<pin id="1285" dir="0" index="0" bw="1" slack="0"/>
<pin id="1286" dir="0" index="1" bw="3" slack="0"/>
<pin id="1287" dir="0" index="2" bw="1" slack="0"/>
<pin id="1288" dir="0" index="3" bw="3" slack="0"/>
<pin id="1289" dir="0" index="4" bw="1" slack="0"/>
<pin id="1290" dir="0" index="5" bw="3" slack="0"/>
<pin id="1291" dir="0" index="6" bw="1" slack="0"/>
<pin id="1292" dir="0" index="7" bw="3" slack="0"/>
<pin id="1293" dir="0" index="8" bw="1" slack="0"/>
<pin id="1294" dir="0" index="9" bw="3" slack="0"/>
<pin id="1295" dir="0" index="10" bw="1" slack="0"/>
<pin id="1296" dir="0" index="11" bw="3" slack="0"/>
<pin id="1297" dir="0" index="12" bw="1" slack="0"/>
<pin id="1298" dir="0" index="13" bw="3" slack="0"/>
<pin id="1299" dir="0" index="14" bw="1" slack="0"/>
<pin id="1300" dir="0" index="15" bw="3" slack="0"/>
<pin id="1301" dir="0" index="16" bw="1" slack="0"/>
<pin id="1302" dir="0" index="17" bw="1" slack="0"/>
<pin id="1303" dir="0" index="18" bw="3" slack="0"/>
<pin id="1304" dir="1" index="19" bw="1" slack="0"/>
</pin_list>
<bind>
<opcode="sparsemux(1197) " fcode="sparsemux"/>
<opset="tmp_15/1 "/>
</bind>
</comp>

<comp id="1324" class="1004" name="tmp_16_fu_1324">
<pin_list>
<pin id="1325" dir="0" index="0" bw="1" slack="0"/>
<pin id="1326" dir="0" index="1" bw="3" slack="0"/>
<pin id="1327" dir="0" index="2" bw="1" slack="0"/>
<pin id="1328" dir="0" index="3" bw="3" slack="0"/>
<pin id="1329" dir="0" index="4" bw="1" slack="0"/>
<pin id="1330" dir="0" index="5" bw="3" slack="0"/>
<pin id="1331" dir="0" index="6" bw="1" slack="0"/>
<pin id="1332" dir="0" index="7" bw="3" slack="0"/>
<pin id="1333" dir="0" index="8" bw="1" slack="0"/>
<pin id="1334" dir="0" index="9" bw="3" slack="0"/>
<pin id="1335" dir="0" index="10" bw="1" slack="0"/>
<pin id="1336" dir="0" index="11" bw="3" slack="0"/>
<pin id="1337" dir="0" index="12" bw="1" slack="0"/>
<pin id="1338" dir="0" index="13" bw="3" slack="0"/>
<pin id="1339" dir="0" index="14" bw="1" slack="0"/>
<pin id="1340" dir="0" index="15" bw="3" slack="0"/>
<pin id="1341" dir="0" index="16" bw="1" slack="0"/>
<pin id="1342" dir="0" index="17" bw="1" slack="0"/>
<pin id="1343" dir="0" index="18" bw="3" slack="0"/>
<pin id="1344" dir="1" index="19" bw="1" slack="0"/>
</pin_list>
<bind>
<opcode="sparsemux(1197) " fcode="sparsemux"/>
<opset="tmp_16/1 "/>
</bind>
</comp>

<comp id="1364" class="1004" name="tmp_17_fu_1364">
<pin_list>
<pin id="1365" dir="0" index="0" bw="1" slack="0"/>
<pin id="1366" dir="0" index="1" bw="3" slack="0"/>
<pin id="1367" dir="0" index="2" bw="1" slack="0"/>
<pin id="1368" dir="0" index="3" bw="3" slack="0"/>
<pin id="1369" dir="0" index="4" bw="1" slack="0"/>
<pin id="1370" dir="0" index="5" bw="3" slack="0"/>
<pin id="1371" dir="0" index="6" bw="1" slack="0"/>
<pin id="1372" dir="0" index="7" bw="3" slack="0"/>
<pin id="1373" dir="0" index="8" bw="1" slack="0"/>
<pin id="1374" dir="0" index="9" bw="3" slack="0"/>
<pin id="1375" dir="0" index="10" bw="1" slack="0"/>
<pin id="1376" dir="0" index="11" bw="3" slack="0"/>
<pin id="1377" dir="0" index="12" bw="1" slack="0"/>
<pin id="1378" dir="0" index="13" bw="3" slack="0"/>
<pin id="1379" dir="0" index="14" bw="1" slack="0"/>
<pin id="1380" dir="0" index="15" bw="3" slack="0"/>
<pin id="1381" dir="0" index="16" bw="1" slack="0"/>
<pin id="1382" dir="0" index="17" bw="1" slack="0"/>
<pin id="1383" dir="0" index="18" bw="3" slack="0"/>
<pin id="1384" dir="1" index="19" bw="1" slack="0"/>
</pin_list>
<bind>
<opcode="sparsemux(1197) " fcode="sparsemux"/>
<opset="tmp_17/1 "/>
</bind>
</comp>

<comp id="1404" class="1004" name="tmp_18_fu_1404">
<pin_list>
<pin id="1405" dir="0" index="0" bw="1" slack="0"/>
<pin id="1406" dir="0" index="1" bw="3" slack="0"/>
<pin id="1407" dir="0" index="2" bw="1" slack="0"/>
<pin id="1408" dir="0" index="3" bw="3" slack="0"/>
<pin id="1409" dir="0" index="4" bw="1" slack="0"/>
<pin id="1410" dir="0" index="5" bw="3" slack="0"/>
<pin id="1411" dir="0" index="6" bw="1" slack="0"/>
<pin id="1412" dir="0" index="7" bw="3" slack="0"/>
<pin id="1413" dir="0" index="8" bw="1" slack="0"/>
<pin id="1414" dir="0" index="9" bw="3" slack="0"/>
<pin id="1415" dir="0" index="10" bw="1" slack="0"/>
<pin id="1416" dir="0" index="11" bw="3" slack="0"/>
<pin id="1417" dir="0" index="12" bw="1" slack="0"/>
<pin id="1418" dir="0" index="13" bw="3" slack="0"/>
<pin id="1419" dir="0" index="14" bw="1" slack="0"/>
<pin id="1420" dir="0" index="15" bw="3" slack="0"/>
<pin id="1421" dir="0" index="16" bw="1" slack="0"/>
<pin id="1422" dir="0" index="17" bw="1" slack="0"/>
<pin id="1423" dir="0" index="18" bw="3" slack="0"/>
<pin id="1424" dir="1" index="19" bw="1" slack="0"/>
</pin_list>
<bind>
<opcode="sparsemux(1197) " fcode="sparsemux"/>
<opset="tmp_18/1 "/>
</bind>
</comp>

<comp id="1444" class="1004" name="tmp_19_fu_1444">
<pin_list>
<pin id="1445" dir="0" index="0" bw="1" slack="0"/>
<pin id="1446" dir="0" index="1" bw="3" slack="0"/>
<pin id="1447" dir="0" index="2" bw="1" slack="0"/>
<pin id="1448" dir="0" index="3" bw="3" slack="0"/>
<pin id="1449" dir="0" index="4" bw="1" slack="0"/>
<pin id="1450" dir="0" index="5" bw="3" slack="0"/>
<pin id="1451" dir="0" index="6" bw="1" slack="0"/>
<pin id="1452" dir="0" index="7" bw="3" slack="0"/>
<pin id="1453" dir="0" index="8" bw="1" slack="0"/>
<pin id="1454" dir="0" index="9" bw="3" slack="0"/>
<pin id="1455" dir="0" index="10" bw="1" slack="0"/>
<pin id="1456" dir="0" index="11" bw="3" slack="0"/>
<pin id="1457" dir="0" index="12" bw="1" slack="0"/>
<pin id="1458" dir="0" index="13" bw="3" slack="0"/>
<pin id="1459" dir="0" index="14" bw="1" slack="0"/>
<pin id="1460" dir="0" index="15" bw="3" slack="0"/>
<pin id="1461" dir="0" index="16" bw="1" slack="0"/>
<pin id="1462" dir="0" index="17" bw="1" slack="0"/>
<pin id="1463" dir="0" index="18" bw="3" slack="0"/>
<pin id="1464" dir="1" index="19" bw="1" slack="0"/>
</pin_list>
<bind>
<opcode="sparsemux(1197) " fcode="sparsemux"/>
<opset="tmp_19/1 "/>
</bind>
</comp>

<comp id="1484" class="1004" name="tmp_20_fu_1484">
<pin_list>
<pin id="1485" dir="0" index="0" bw="1" slack="0"/>
<pin id="1486" dir="0" index="1" bw="3" slack="0"/>
<pin id="1487" dir="0" index="2" bw="1" slack="0"/>
<pin id="1488" dir="0" index="3" bw="3" slack="0"/>
<pin id="1489" dir="0" index="4" bw="1" slack="0"/>
<pin id="1490" dir="0" index="5" bw="3" slack="0"/>
<pin id="1491" dir="0" index="6" bw="1" slack="0"/>
<pin id="1492" dir="0" index="7" bw="3" slack="0"/>
<pin id="1493" dir="0" index="8" bw="1" slack="0"/>
<pin id="1494" dir="0" index="9" bw="3" slack="0"/>
<pin id="1495" dir="0" index="10" bw="1" slack="0"/>
<pin id="1496" dir="0" index="11" bw="3" slack="0"/>
<pin id="1497" dir="0" index="12" bw="1" slack="0"/>
<pin id="1498" dir="0" index="13" bw="3" slack="0"/>
<pin id="1499" dir="0" index="14" bw="1" slack="0"/>
<pin id="1500" dir="0" index="15" bw="3" slack="0"/>
<pin id="1501" dir="0" index="16" bw="1" slack="0"/>
<pin id="1502" dir="0" index="17" bw="1" slack="0"/>
<pin id="1503" dir="0" index="18" bw="3" slack="0"/>
<pin id="1504" dir="1" index="19" bw="1" slack="0"/>
</pin_list>
<bind>
<opcode="sparsemux(1197) " fcode="sparsemux"/>
<opset="tmp_20/1 "/>
</bind>
</comp>

<comp id="1524" class="1004" name="tmp_21_fu_1524">
<pin_list>
<pin id="1525" dir="0" index="0" bw="1" slack="0"/>
<pin id="1526" dir="0" index="1" bw="3" slack="0"/>
<pin id="1527" dir="0" index="2" bw="1" slack="0"/>
<pin id="1528" dir="0" index="3" bw="3" slack="0"/>
<pin id="1529" dir="0" index="4" bw="1" slack="0"/>
<pin id="1530" dir="0" index="5" bw="3" slack="0"/>
<pin id="1531" dir="0" index="6" bw="1" slack="0"/>
<pin id="1532" dir="0" index="7" bw="3" slack="0"/>
<pin id="1533" dir="0" index="8" bw="1" slack="0"/>
<pin id="1534" dir="0" index="9" bw="3" slack="0"/>
<pin id="1535" dir="0" index="10" bw="1" slack="0"/>
<pin id="1536" dir="0" index="11" bw="3" slack="0"/>
<pin id="1537" dir="0" index="12" bw="1" slack="0"/>
<pin id="1538" dir="0" index="13" bw="3" slack="0"/>
<pin id="1539" dir="0" index="14" bw="1" slack="0"/>
<pin id="1540" dir="0" index="15" bw="3" slack="0"/>
<pin id="1541" dir="0" index="16" bw="1" slack="0"/>
<pin id="1542" dir="0" index="17" bw="1" slack="0"/>
<pin id="1543" dir="0" index="18" bw="3" slack="0"/>
<pin id="1544" dir="1" index="19" bw="1" slack="0"/>
</pin_list>
<bind>
<opcode="sparsemux(1197) " fcode="sparsemux"/>
<opset="tmp_21/1 "/>
</bind>
</comp>

<comp id="1564" class="1004" name="tmp_22_fu_1564">
<pin_list>
<pin id="1565" dir="0" index="0" bw="1" slack="0"/>
<pin id="1566" dir="0" index="1" bw="3" slack="0"/>
<pin id="1567" dir="0" index="2" bw="1" slack="0"/>
<pin id="1568" dir="0" index="3" bw="3" slack="0"/>
<pin id="1569" dir="0" index="4" bw="1" slack="0"/>
<pin id="1570" dir="0" index="5" bw="3" slack="0"/>
<pin id="1571" dir="0" index="6" bw="1" slack="0"/>
<pin id="1572" dir="0" index="7" bw="3" slack="0"/>
<pin id="1573" dir="0" index="8" bw="1" slack="0"/>
<pin id="1574" dir="0" index="9" bw="3" slack="0"/>
<pin id="1575" dir="0" index="10" bw="1" slack="0"/>
<pin id="1576" dir="0" index="11" bw="3" slack="0"/>
<pin id="1577" dir="0" index="12" bw="1" slack="0"/>
<pin id="1578" dir="0" index="13" bw="3" slack="0"/>
<pin id="1579" dir="0" index="14" bw="1" slack="0"/>
<pin id="1580" dir="0" index="15" bw="3" slack="0"/>
<pin id="1581" dir="0" index="16" bw="1" slack="0"/>
<pin id="1582" dir="0" index="17" bw="1" slack="0"/>
<pin id="1583" dir="0" index="18" bw="3" slack="0"/>
<pin id="1584" dir="1" index="19" bw="1" slack="0"/>
</pin_list>
<bind>
<opcode="sparsemux(1197) " fcode="sparsemux"/>
<opset="tmp_22/1 "/>
</bind>
</comp>

<comp id="1604" class="1004" name="tmp_23_fu_1604">
<pin_list>
<pin id="1605" dir="0" index="0" bw="1" slack="0"/>
<pin id="1606" dir="0" index="1" bw="3" slack="0"/>
<pin id="1607" dir="0" index="2" bw="1" slack="0"/>
<pin id="1608" dir="0" index="3" bw="3" slack="0"/>
<pin id="1609" dir="0" index="4" bw="1" slack="0"/>
<pin id="1610" dir="0" index="5" bw="3" slack="0"/>
<pin id="1611" dir="0" index="6" bw="1" slack="0"/>
<pin id="1612" dir="0" index="7" bw="3" slack="0"/>
<pin id="1613" dir="0" index="8" bw="1" slack="0"/>
<pin id="1614" dir="0" index="9" bw="3" slack="0"/>
<pin id="1615" dir="0" index="10" bw="1" slack="0"/>
<pin id="1616" dir="0" index="11" bw="3" slack="0"/>
<pin id="1617" dir="0" index="12" bw="1" slack="0"/>
<pin id="1618" dir="0" index="13" bw="3" slack="0"/>
<pin id="1619" dir="0" index="14" bw="1" slack="0"/>
<pin id="1620" dir="0" index="15" bw="3" slack="0"/>
<pin id="1621" dir="0" index="16" bw="1" slack="0"/>
<pin id="1622" dir="0" index="17" bw="1" slack="0"/>
<pin id="1623" dir="0" index="18" bw="3" slack="0"/>
<pin id="1624" dir="1" index="19" bw="1" slack="0"/>
</pin_list>
<bind>
<opcode="sparsemux(1197) " fcode="sparsemux"/>
<opset="tmp_23/1 "/>
</bind>
</comp>

<comp id="1644" class="1004" name="tmp_24_fu_1644">
<pin_list>
<pin id="1645" dir="0" index="0" bw="1" slack="0"/>
<pin id="1646" dir="0" index="1" bw="3" slack="0"/>
<pin id="1647" dir="0" index="2" bw="1" slack="0"/>
<pin id="1648" dir="0" index="3" bw="3" slack="0"/>
<pin id="1649" dir="0" index="4" bw="1" slack="0"/>
<pin id="1650" dir="0" index="5" bw="3" slack="0"/>
<pin id="1651" dir="0" index="6" bw="1" slack="0"/>
<pin id="1652" dir="0" index="7" bw="3" slack="0"/>
<pin id="1653" dir="0" index="8" bw="1" slack="0"/>
<pin id="1654" dir="0" index="9" bw="3" slack="0"/>
<pin id="1655" dir="0" index="10" bw="1" slack="0"/>
<pin id="1656" dir="0" index="11" bw="3" slack="0"/>
<pin id="1657" dir="0" index="12" bw="1" slack="0"/>
<pin id="1658" dir="0" index="13" bw="3" slack="0"/>
<pin id="1659" dir="0" index="14" bw="1" slack="0"/>
<pin id="1660" dir="0" index="15" bw="3" slack="0"/>
<pin id="1661" dir="0" index="16" bw="1" slack="0"/>
<pin id="1662" dir="0" index="17" bw="1" slack="0"/>
<pin id="1663" dir="0" index="18" bw="3" slack="0"/>
<pin id="1664" dir="1" index="19" bw="1" slack="0"/>
</pin_list>
<bind>
<opcode="sparsemux(1197) " fcode="sparsemux"/>
<opset="tmp_24/1 "/>
</bind>
</comp>

<comp id="1684" class="1004" name="tmp_25_fu_1684">
<pin_list>
<pin id="1685" dir="0" index="0" bw="1" slack="0"/>
<pin id="1686" dir="0" index="1" bw="3" slack="0"/>
<pin id="1687" dir="0" index="2" bw="1" slack="0"/>
<pin id="1688" dir="0" index="3" bw="3" slack="0"/>
<pin id="1689" dir="0" index="4" bw="1" slack="0"/>
<pin id="1690" dir="0" index="5" bw="3" slack="0"/>
<pin id="1691" dir="0" index="6" bw="1" slack="0"/>
<pin id="1692" dir="0" index="7" bw="3" slack="0"/>
<pin id="1693" dir="0" index="8" bw="1" slack="0"/>
<pin id="1694" dir="0" index="9" bw="3" slack="0"/>
<pin id="1695" dir="0" index="10" bw="1" slack="0"/>
<pin id="1696" dir="0" index="11" bw="3" slack="0"/>
<pin id="1697" dir="0" index="12" bw="1" slack="0"/>
<pin id="1698" dir="0" index="13" bw="3" slack="0"/>
<pin id="1699" dir="0" index="14" bw="1" slack="0"/>
<pin id="1700" dir="0" index="15" bw="3" slack="0"/>
<pin id="1701" dir="0" index="16" bw="1" slack="0"/>
<pin id="1702" dir="0" index="17" bw="1" slack="0"/>
<pin id="1703" dir="0" index="18" bw="3" slack="0"/>
<pin id="1704" dir="1" index="19" bw="1" slack="0"/>
</pin_list>
<bind>
<opcode="sparsemux(1197) " fcode="sparsemux"/>
<opset="tmp_25/1 "/>
</bind>
</comp>

<comp id="1724" class="1004" name="tmp_26_fu_1724">
<pin_list>
<pin id="1725" dir="0" index="0" bw="1" slack="0"/>
<pin id="1726" dir="0" index="1" bw="3" slack="0"/>
<pin id="1727" dir="0" index="2" bw="1" slack="0"/>
<pin id="1728" dir="0" index="3" bw="3" slack="0"/>
<pin id="1729" dir="0" index="4" bw="1" slack="0"/>
<pin id="1730" dir="0" index="5" bw="3" slack="0"/>
<pin id="1731" dir="0" index="6" bw="1" slack="0"/>
<pin id="1732" dir="0" index="7" bw="3" slack="0"/>
<pin id="1733" dir="0" index="8" bw="1" slack="0"/>
<pin id="1734" dir="0" index="9" bw="3" slack="0"/>
<pin id="1735" dir="0" index="10" bw="1" slack="0"/>
<pin id="1736" dir="0" index="11" bw="3" slack="0"/>
<pin id="1737" dir="0" index="12" bw="1" slack="0"/>
<pin id="1738" dir="0" index="13" bw="3" slack="0"/>
<pin id="1739" dir="0" index="14" bw="1" slack="0"/>
<pin id="1740" dir="0" index="15" bw="3" slack="0"/>
<pin id="1741" dir="0" index="16" bw="1" slack="0"/>
<pin id="1742" dir="0" index="17" bw="1" slack="0"/>
<pin id="1743" dir="0" index="18" bw="3" slack="0"/>
<pin id="1744" dir="1" index="19" bw="1" slack="0"/>
</pin_list>
<bind>
<opcode="sparsemux(1197) " fcode="sparsemux"/>
<opset="tmp_26/1 "/>
</bind>
</comp>

<comp id="1764" class="1004" name="tmp_27_fu_1764">
<pin_list>
<pin id="1765" dir="0" index="0" bw="1" slack="0"/>
<pin id="1766" dir="0" index="1" bw="3" slack="0"/>
<pin id="1767" dir="0" index="2" bw="1" slack="0"/>
<pin id="1768" dir="0" index="3" bw="3" slack="0"/>
<pin id="1769" dir="0" index="4" bw="1" slack="0"/>
<pin id="1770" dir="0" index="5" bw="3" slack="0"/>
<pin id="1771" dir="0" index="6" bw="1" slack="0"/>
<pin id="1772" dir="0" index="7" bw="3" slack="0"/>
<pin id="1773" dir="0" index="8" bw="1" slack="0"/>
<pin id="1774" dir="0" index="9" bw="3" slack="0"/>
<pin id="1775" dir="0" index="10" bw="1" slack="0"/>
<pin id="1776" dir="0" index="11" bw="3" slack="0"/>
<pin id="1777" dir="0" index="12" bw="1" slack="0"/>
<pin id="1778" dir="0" index="13" bw="3" slack="0"/>
<pin id="1779" dir="0" index="14" bw="1" slack="0"/>
<pin id="1780" dir="0" index="15" bw="3" slack="0"/>
<pin id="1781" dir="0" index="16" bw="1" slack="0"/>
<pin id="1782" dir="0" index="17" bw="1" slack="0"/>
<pin id="1783" dir="0" index="18" bw="3" slack="0"/>
<pin id="1784" dir="1" index="19" bw="1" slack="0"/>
</pin_list>
<bind>
<opcode="sparsemux(1197) " fcode="sparsemux"/>
<opset="tmp_27/1 "/>
</bind>
</comp>

<comp id="1804" class="1004" name="tmp_28_fu_1804">
<pin_list>
<pin id="1805" dir="0" index="0" bw="1" slack="0"/>
<pin id="1806" dir="0" index="1" bw="3" slack="0"/>
<pin id="1807" dir="0" index="2" bw="1" slack="0"/>
<pin id="1808" dir="0" index="3" bw="3" slack="0"/>
<pin id="1809" dir="0" index="4" bw="1" slack="0"/>
<pin id="1810" dir="0" index="5" bw="3" slack="0"/>
<pin id="1811" dir="0" index="6" bw="1" slack="0"/>
<pin id="1812" dir="0" index="7" bw="3" slack="0"/>
<pin id="1813" dir="0" index="8" bw="1" slack="0"/>
<pin id="1814" dir="0" index="9" bw="3" slack="0"/>
<pin id="1815" dir="0" index="10" bw="1" slack="0"/>
<pin id="1816" dir="0" index="11" bw="3" slack="0"/>
<pin id="1817" dir="0" index="12" bw="1" slack="0"/>
<pin id="1818" dir="0" index="13" bw="3" slack="0"/>
<pin id="1819" dir="0" index="14" bw="1" slack="0"/>
<pin id="1820" dir="0" index="15" bw="3" slack="0"/>
<pin id="1821" dir="0" index="16" bw="1" slack="0"/>
<pin id="1822" dir="0" index="17" bw="1" slack="0"/>
<pin id="1823" dir="0" index="18" bw="3" slack="0"/>
<pin id="1824" dir="1" index="19" bw="1" slack="0"/>
</pin_list>
<bind>
<opcode="sparsemux(1197) " fcode="sparsemux"/>
<opset="tmp_28/1 "/>
</bind>
</comp>

<comp id="1844" class="1004" name="word_4_fu_1844">
<pin_list>
<pin id="1845" dir="0" index="0" bw="16" slack="0"/>
<pin id="1846" dir="0" index="1" bw="1" slack="0"/>
<pin id="1847" dir="0" index="2" bw="1" slack="0"/>
<pin id="1848" dir="0" index="3" bw="1" slack="0"/>
<pin id="1849" dir="0" index="4" bw="1" slack="0"/>
<pin id="1850" dir="0" index="5" bw="1" slack="0"/>
<pin id="1851" dir="0" index="6" bw="1" slack="0"/>
<pin id="1852" dir="0" index="7" bw="1" slack="0"/>
<pin id="1853" dir="0" index="8" bw="1" slack="0"/>
<pin id="1854" dir="0" index="9" bw="1" slack="0"/>
<pin id="1855" dir="0" index="10" bw="1" slack="0"/>
<pin id="1856" dir="0" index="11" bw="1" slack="0"/>
<pin id="1857" dir="0" index="12" bw="1" slack="0"/>
<pin id="1858" dir="0" index="13" bw="1" slack="0"/>
<pin id="1859" dir="0" index="14" bw="1" slack="0"/>
<pin id="1860" dir="0" index="15" bw="1" slack="0"/>
<pin id="1861" dir="0" index="16" bw="1" slack="0"/>
<pin id="1862" dir="1" index="17" bw="16" slack="0"/>
</pin_list>
<bind>
<opcode="bitconcatenate(1004) " fcode="bitconcatenate"/>
<opset="word_4/1 "/>
</bind>
</comp>

<comp id="1880" class="1004" name="store_ln36_store_fu_1880">
<pin_list>
<pin id="1881" dir="0" index="0" bw="16" slack="0"/>
<pin id="1882" dir="0" index="1" bw="16" slack="0"/>
<pin id="1883" dir="1" index="2" bw="0" slack="2147483647"/>
</pin_list>
<bind>
<opcode="store(28) " fcode="store"/>
<opset="store_ln36/1 "/>
</bind>
</comp>

<comp id="1885" class="1004" name="store_ln36_store_fu_1885">
<pin_list>
<pin id="1886" dir="0" index="0" bw="16" slack="0"/>
<pin id="1887" dir="0" index="1" bw="16" slack="0"/>
<pin id="1888" dir="1" index="2" bw="0" slack="2147483647"/>
</pin_list>
<bind>
<opcode="store(28) " fcode="store"/>
<opset="store_ln36/1 "/>
</bind>
</comp>

<comp id="1890" class="1004" name="store_ln36_store_fu_1890">
<pin_list>
<pin id="1891" dir="0" index="0" bw="16" slack="0"/>
<pin id="1892" dir="0" index="1" bw="16" slack="0"/>
<pin id="1893" dir="1" index="2" bw="0" slack="2147483647"/>
</pin_list>
<bind>
<opcode="store(28) " fcode="store"/>
<opset="store_ln36/1 "/>
</bind>
</comp>

<comp id="1895" class="1004" name="store_ln36_store_fu_1895">
<pin_list>
<pin id="1896" dir="0" index="0" bw="16" slack="0"/>
<pin id="1897" dir="0" index="1" bw="16" slack="0"/>
<pin id="1898" dir="1" index="2" bw="0" slack="2147483647"/>
</pin_list>
<bind>
<opcode="store(28) " fcode="store"/>
<opset="store_ln36/1 "/>
</bind>
</comp>

<comp id="1900" class="1004" name="store_ln36_store_fu_1900">
<pin_list>
<pin id="1901" dir="0" index="0" bw="16" slack="0"/>
<pin id="1902" dir="0" index="1" bw="16" slack="0"/>
<pin id="1903" dir="1" index="2" bw="0" slack="2147483647"/>
</pin_list>
<bind>
<opcode="store(28) " fcode="store"/>
<opset="store_ln36/1 "/>
</bind>
</comp>

<comp id="1905" class="1004" name="store_ln36_store_fu_1905">
<pin_list>
<pin id="1906" dir="0" index="0" bw="16" slack="0"/>
<pin id="1907" dir="0" index="1" bw="16" slack="0"/>
<pin id="1908" dir="1" index="2" bw="0" slack="2147483647"/>
</pin_list>
<bind>
<opcode="store(28) " fcode="store"/>
<opset="store_ln36/1 "/>
</bind>
</comp>

<comp id="1910" class="1004" name="store_ln36_store_fu_1910">
<pin_list>
<pin id="1911" dir="0" index="0" bw="16" slack="0"/>
<pin id="1912" dir="0" index="1" bw="16" slack="0"/>
<pin id="1913" dir="1" index="2" bw="0" slack="2147483647"/>
</pin_list>
<bind>
<opcode="store(28) " fcode="store"/>
<opset="store_ln36/1 "/>
</bind>
</comp>

<comp id="1915" class="1004" name="store_ln36_store_fu_1915">
<pin_list>
<pin id="1916" dir="0" index="0" bw="16" slack="0"/>
<pin id="1917" dir="0" index="1" bw="16" slack="0"/>
<pin id="1918" dir="1" index="2" bw="0" slack="2147483647"/>
</pin_list>
<bind>
<opcode="store(28) " fcode="store"/>
<opset="store_ln36/1 "/>
</bind>
</comp>

<comp id="1920" class="1004" name="store_ln26_store_fu_1920">
<pin_list>
<pin id="1921" dir="0" index="0" bw="4" slack="0"/>
<pin id="1922" dir="0" index="1" bw="4" slack="0"/>
<pin id="1923" dir="1" index="2" bw="0" slack="2147483647"/>
</pin_list>
<bind>
<opcode="store(28) " fcode="store"/>
<opset="store_ln26/1 "/>
</bind>
</comp>

<comp id="1925" class="1004" name="p_0_028288_load_load_fu_1925">
<pin_list>
<pin id="1926" dir="0" index="0" bw="16" slack="0"/>
<pin id="1927" dir="1" index="1" bw="16" slack="0"/>
</pin_list>
<bind>
<opcode="load(27) " fcode="load"/>
<opset="p_0_028288_load/1 "/>
</bind>
</comp>

<comp id="1929" class="1004" name="p_0_0282_190_load_load_fu_1929">
<pin_list>
<pin id="1930" dir="0" index="0" bw="16" slack="0"/>
<pin id="1931" dir="1" index="1" bw="16" slack="0"/>
</pin_list>
<bind>
<opcode="load(27) " fcode="load"/>
<opset="p_0_0282_190_load/1 "/>
</bind>
</comp>

<comp id="1933" class="1004" name="p_0_0282_292_load_load_fu_1933">
<pin_list>
<pin id="1934" dir="0" index="0" bw="16" slack="0"/>
<pin id="1935" dir="1" index="1" bw="16" slack="0"/>
</pin_list>
<bind>
<opcode="load(27) " fcode="load"/>
<opset="p_0_0282_292_load/1 "/>
</bind>
</comp>

<comp id="1937" class="1004" name="p_0_0282_394_load_load_fu_1937">
<pin_list>
<pin id="1938" dir="0" index="0" bw="16" slack="0"/>
<pin id="1939" dir="1" index="1" bw="16" slack="0"/>
</pin_list>
<bind>
<opcode="load(27) " fcode="load"/>
<opset="p_0_0282_394_load/1 "/>
</bind>
</comp>

<comp id="1941" class="1004" name="p_0_0282_496_load_load_fu_1941">
<pin_list>
<pin id="1942" dir="0" index="0" bw="16" slack="0"/>
<pin id="1943" dir="1" index="1" bw="16" slack="0"/>
</pin_list>
<bind>
<opcode="load(27) " fcode="load"/>
<opset="p_0_0282_496_load/1 "/>
</bind>
</comp>

<comp id="1945" class="1004" name="p_0_0282_598_load_load_fu_1945">
<pin_list>
<pin id="1946" dir="0" index="0" bw="16" slack="0"/>
<pin id="1947" dir="1" index="1" bw="16" slack="0"/>
</pin_list>
<bind>
<opcode="load(27) " fcode="load"/>
<opset="p_0_0282_598_load/1 "/>
</bind>
</comp>

<comp id="1949" class="1004" name="p_0_0282_6100_load_load_fu_1949">
<pin_list>
<pin id="1950" dir="0" index="0" bw="16" slack="0"/>
<pin id="1951" dir="1" index="1" bw="16" slack="0"/>
</pin_list>
<bind>
<opcode="load(27) " fcode="load"/>
<opset="p_0_0282_6100_load/1 "/>
</bind>
</comp>

<comp id="1953" class="1004" name="p_0_0282_7102_load_load_fu_1953">
<pin_list>
<pin id="1954" dir="0" index="0" bw="16" slack="0"/>
<pin id="1955" dir="1" index="1" bw="16" slack="0"/>
</pin_list>
<bind>
<opcode="load(27) " fcode="load"/>
<opset="p_0_0282_7102_load/1 "/>
</bind>
</comp>

<comp id="1957" class="1005" name="w_reg_1957">
<pin_list>
<pin id="1958" dir="0" index="0" bw="4" slack="0"/>
<pin id="1959" dir="1" index="1" bw="4" slack="0"/>
</pin_list>
<bind>
<opset="w "/>
</bind>
</comp>

<comp id="1964" class="1005" name="p_0_028288_reg_1964">
<pin_list>
<pin id="1965" dir="0" index="0" bw="16" slack="0"/>
<pin id="1966" dir="1" index="1" bw="16" slack="0"/>
</pin_list>
<bind>
<opset="p_0_028288 "/>
</bind>
</comp>

<comp id="1970" class="1005" name="p_0_0282_190_reg_1970">
<pin_list>
<pin id="1971" dir="0" index="0" bw="16" slack="0"/>
<pin id="1972" dir="1" index="1" bw="16" slack="0"/>
</pin_list>
<bind>
<opset="p_0_0282_190 "/>
</bind>
</comp>

<comp id="1976" class="1005" name="p_0_0282_292_reg_1976">
<pin_list>
<pin id="1977" dir="0" index="0" bw="16" slack="0"/>
<pin id="1978" dir="1" index="1" bw="16" slack="0"/>
</pin_list>
<bind>
<opset="p_0_0282_292 "/>
</bind>
</comp>

<comp id="1982" class="1005" name="p_0_0282_394_reg_1982">
<pin_list>
<pin id="1983" dir="0" index="0" bw="16" slack="0"/>
<pin id="1984" dir="1" index="1" bw="16" slack="0"/>
</pin_list>
<bind>
<opset="p_0_0282_394 "/>
</bind>
</comp>

<comp id="1988" class="1005" name="p_0_0282_496_reg_1988">
<pin_list>
<pin id="1989" dir="0" index="0" bw="16" slack="0"/>
<pin id="1990" dir="1" index="1" bw="16" slack="0"/>
</pin_list>
<bind>
<opset="p_0_0282_496 "/>
</bind>
</comp>

<comp id="1994" class="1005" name="p_0_0282_598_reg_1994">
<pin_list>
<pin id="1995" dir="0" index="0" bw="16" slack="0"/>
<pin id="1996" dir="1" index="1" bw="16" slack="0"/>
</pin_list>
<bind>
<opset="p_0_0282_598 "/>
</bind>
</comp>

<comp id="2000" class="1005" name="p_0_0282_6100_reg_2000">
<pin_list>
<pin id="2001" dir="0" index="0" bw="16" slack="0"/>
<pin id="2002" dir="1" index="1" bw="16" slack="0"/>
</pin_list>
<bind>
<opset="p_0_0282_6100 "/>
</bind>
</comp>

<comp id="2006" class="1005" name="p_0_0282_7102_reg_2006">
<pin_list>
<pin id="2007" dir="0" index="0" bw="16" slack="0"/>
<pin id="2008" dir="1" index="1" bw="16" slack="0"/>
</pin_list>
<bind>
<opset="p_0_0282_7102 "/>
</bind>
</comp>

</comp_list>

<net_list>
<net id="323"><net_src comp="272" pin="0"/><net_sink comp="320" pin=0"/></net>

<net id="327"><net_src comp="272" pin="0"/><net_sink comp="324" pin=0"/></net>

<net id="331"><net_src comp="272" pin="0"/><net_sink comp="328" pin=0"/></net>

<net id="335"><net_src comp="272" pin="0"/><net_sink comp="332" pin=0"/></net>

<net id="339"><net_src comp="272" pin="0"/><net_sink comp="336" pin=0"/></net>

<net id="343"><net_src comp="272" pin="0"/><net_sink comp="340" pin=0"/></net>

<net id="347"><net_src comp="272" pin="0"/><net_sink comp="344" pin=0"/></net>

<net id="351"><net_src comp="272" pin="0"/><net_sink comp="348" pin=0"/></net>

<net id="355"><net_src comp="272" pin="0"/><net_sink comp="352" pin=0"/></net>

<net id="360"><net_src comp="274" pin="0"/><net_sink comp="356" pin=0"/></net>

<net id="361"><net_src comp="254" pin="0"/><net_sink comp="356" pin=1"/></net>

<net id="366"><net_src comp="274" pin="0"/><net_sink comp="362" pin=0"/></net>

<net id="367"><net_src comp="252" pin="0"/><net_sink comp="362" pin=1"/></net>

<net id="372"><net_src comp="274" pin="0"/><net_sink comp="368" pin=0"/></net>

<net id="373"><net_src comp="250" pin="0"/><net_sink comp="368" pin=1"/></net>

<net id="378"><net_src comp="274" pin="0"/><net_sink comp="374" pin=0"/></net>

<net id="379"><net_src comp="248" pin="0"/><net_sink comp="374" pin=1"/></net>

<net id="384"><net_src comp="274" pin="0"/><net_sink comp="380" pin=0"/></net>

<net id="385"><net_src comp="246" pin="0"/><net_sink comp="380" pin=1"/></net>

<net id="390"><net_src comp="274" pin="0"/><net_sink comp="386" pin=0"/></net>

<net id="391"><net_src comp="244" pin="0"/><net_sink comp="386" pin=1"/></net>

<net id="396"><net_src comp="274" pin="0"/><net_sink comp="392" pin=0"/></net>

<net id="397"><net_src comp="242" pin="0"/><net_sink comp="392" pin=1"/></net>

<net id="402"><net_src comp="274" pin="0"/><net_sink comp="398" pin=0"/></net>

<net id="403"><net_src comp="240" pin="0"/><net_sink comp="398" pin=1"/></net>

<net id="408"><net_src comp="274" pin="0"/><net_sink comp="404" pin=0"/></net>

<net id="409"><net_src comp="238" pin="0"/><net_sink comp="404" pin=1"/></net>

<net id="414"><net_src comp="274" pin="0"/><net_sink comp="410" pin=0"/></net>

<net id="415"><net_src comp="236" pin="0"/><net_sink comp="410" pin=1"/></net>

<net id="420"><net_src comp="274" pin="0"/><net_sink comp="416" pin=0"/></net>

<net id="421"><net_src comp="234" pin="0"/><net_sink comp="416" pin=1"/></net>

<net id="426"><net_src comp="274" pin="0"/><net_sink comp="422" pin=0"/></net>

<net id="427"><net_src comp="232" pin="0"/><net_sink comp="422" pin=1"/></net>

<net id="432"><net_src comp="274" pin="0"/><net_sink comp="428" pin=0"/></net>

<net id="433"><net_src comp="230" pin="0"/><net_sink comp="428" pin=1"/></net>

<net id="438"><net_src comp="274" pin="0"/><net_sink comp="434" pin=0"/></net>

<net id="439"><net_src comp="228" pin="0"/><net_sink comp="434" pin=1"/></net>

<net id="444"><net_src comp="274" pin="0"/><net_sink comp="440" pin=0"/></net>

<net id="445"><net_src comp="226" pin="0"/><net_sink comp="440" pin=1"/></net>

<net id="450"><net_src comp="274" pin="0"/><net_sink comp="446" pin=0"/></net>

<net id="451"><net_src comp="224" pin="0"/><net_sink comp="446" pin=1"/></net>

<net id="456"><net_src comp="274" pin="0"/><net_sink comp="452" pin=0"/></net>

<net id="457"><net_src comp="222" pin="0"/><net_sink comp="452" pin=1"/></net>

<net id="462"><net_src comp="274" pin="0"/><net_sink comp="458" pin=0"/></net>

<net id="463"><net_src comp="220" pin="0"/><net_sink comp="458" pin=1"/></net>

<net id="468"><net_src comp="274" pin="0"/><net_sink comp="464" pin=0"/></net>

<net id="469"><net_src comp="218" pin="0"/><net_sink comp="464" pin=1"/></net>

<net id="474"><net_src comp="274" pin="0"/><net_sink comp="470" pin=0"/></net>

<net id="475"><net_src comp="216" pin="0"/><net_sink comp="470" pin=1"/></net>

<net id="480"><net_src comp="274" pin="0"/><net_sink comp="476" pin=0"/></net>

<net id="481"><net_src comp="214" pin="0"/><net_sink comp="476" pin=1"/></net>

<net id="486"><net_src comp="274" pin="0"/><net_sink comp="482" pin=0"/></net>

<net id="487"><net_src comp="212" pin="0"/><net_sink comp="482" pin=1"/></net>

<net id="492"><net_src comp="274" pin="0"/><net_sink comp="488" pin=0"/></net>

<net id="493"><net_src comp="210" pin="0"/><net_sink comp="488" pin=1"/></net>

<net id="498"><net_src comp="274" pin="0"/><net_sink comp="494" pin=0"/></net>

<net id="499"><net_src comp="208" pin="0"/><net_sink comp="494" pin=1"/></net>

<net id="504"><net_src comp="274" pin="0"/><net_sink comp="500" pin=0"/></net>

<net id="505"><net_src comp="206" pin="0"/><net_sink comp="500" pin=1"/></net>

<net id="510"><net_src comp="274" pin="0"/><net_sink comp="506" pin=0"/></net>

<net id="511"><net_src comp="204" pin="0"/><net_sink comp="506" pin=1"/></net>

<net id="516"><net_src comp="274" pin="0"/><net_sink comp="512" pin=0"/></net>

<net id="517"><net_src comp="202" pin="0"/><net_sink comp="512" pin=1"/></net>

<net id="522"><net_src comp="274" pin="0"/><net_sink comp="518" pin=0"/></net>

<net id="523"><net_src comp="200" pin="0"/><net_sink comp="518" pin=1"/></net>

<net id="528"><net_src comp="274" pin="0"/><net_sink comp="524" pin=0"/></net>

<net id="529"><net_src comp="198" pin="0"/><net_sink comp="524" pin=1"/></net>

<net id="534"><net_src comp="274" pin="0"/><net_sink comp="530" pin=0"/></net>

<net id="535"><net_src comp="196" pin="0"/><net_sink comp="530" pin=1"/></net>

<net id="540"><net_src comp="274" pin="0"/><net_sink comp="536" pin=0"/></net>

<net id="541"><net_src comp="194" pin="0"/><net_sink comp="536" pin=1"/></net>

<net id="546"><net_src comp="274" pin="0"/><net_sink comp="542" pin=0"/></net>

<net id="547"><net_src comp="192" pin="0"/><net_sink comp="542" pin=1"/></net>

<net id="552"><net_src comp="274" pin="0"/><net_sink comp="548" pin=0"/></net>

<net id="553"><net_src comp="190" pin="0"/><net_sink comp="548" pin=1"/></net>

<net id="558"><net_src comp="274" pin="0"/><net_sink comp="554" pin=0"/></net>

<net id="559"><net_src comp="188" pin="0"/><net_sink comp="554" pin=1"/></net>

<net id="564"><net_src comp="274" pin="0"/><net_sink comp="560" pin=0"/></net>

<net id="565"><net_src comp="186" pin="0"/><net_sink comp="560" pin=1"/></net>

<net id="570"><net_src comp="274" pin="0"/><net_sink comp="566" pin=0"/></net>

<net id="571"><net_src comp="184" pin="0"/><net_sink comp="566" pin=1"/></net>

<net id="576"><net_src comp="274" pin="0"/><net_sink comp="572" pin=0"/></net>

<net id="577"><net_src comp="182" pin="0"/><net_sink comp="572" pin=1"/></net>

<net id="582"><net_src comp="274" pin="0"/><net_sink comp="578" pin=0"/></net>

<net id="583"><net_src comp="180" pin="0"/><net_sink comp="578" pin=1"/></net>

<net id="588"><net_src comp="274" pin="0"/><net_sink comp="584" pin=0"/></net>

<net id="589"><net_src comp="178" pin="0"/><net_sink comp="584" pin=1"/></net>

<net id="594"><net_src comp="274" pin="0"/><net_sink comp="590" pin=0"/></net>

<net id="595"><net_src comp="176" pin="0"/><net_sink comp="590" pin=1"/></net>

<net id="600"><net_src comp="274" pin="0"/><net_sink comp="596" pin=0"/></net>

<net id="601"><net_src comp="174" pin="0"/><net_sink comp="596" pin=1"/></net>

<net id="606"><net_src comp="274" pin="0"/><net_sink comp="602" pin=0"/></net>

<net id="607"><net_src comp="172" pin="0"/><net_sink comp="602" pin=1"/></net>

<net id="612"><net_src comp="274" pin="0"/><net_sink comp="608" pin=0"/></net>

<net id="613"><net_src comp="170" pin="0"/><net_sink comp="608" pin=1"/></net>

<net id="618"><net_src comp="274" pin="0"/><net_sink comp="614" pin=0"/></net>

<net id="619"><net_src comp="168" pin="0"/><net_sink comp="614" pin=1"/></net>

<net id="624"><net_src comp="274" pin="0"/><net_sink comp="620" pin=0"/></net>

<net id="625"><net_src comp="166" pin="0"/><net_sink comp="620" pin=1"/></net>

<net id="630"><net_src comp="274" pin="0"/><net_sink comp="626" pin=0"/></net>

<net id="631"><net_src comp="164" pin="0"/><net_sink comp="626" pin=1"/></net>

<net id="636"><net_src comp="274" pin="0"/><net_sink comp="632" pin=0"/></net>

<net id="637"><net_src comp="162" pin="0"/><net_sink comp="632" pin=1"/></net>

<net id="642"><net_src comp="274" pin="0"/><net_sink comp="638" pin=0"/></net>

<net id="643"><net_src comp="160" pin="0"/><net_sink comp="638" pin=1"/></net>

<net id="648"><net_src comp="274" pin="0"/><net_sink comp="644" pin=0"/></net>

<net id="649"><net_src comp="158" pin="0"/><net_sink comp="644" pin=1"/></net>

<net id="654"><net_src comp="274" pin="0"/><net_sink comp="650" pin=0"/></net>

<net id="655"><net_src comp="156" pin="0"/><net_sink comp="650" pin=1"/></net>

<net id="660"><net_src comp="274" pin="0"/><net_sink comp="656" pin=0"/></net>

<net id="661"><net_src comp="154" pin="0"/><net_sink comp="656" pin=1"/></net>

<net id="666"><net_src comp="274" pin="0"/><net_sink comp="662" pin=0"/></net>

<net id="667"><net_src comp="152" pin="0"/><net_sink comp="662" pin=1"/></net>

<net id="672"><net_src comp="274" pin="0"/><net_sink comp="668" pin=0"/></net>

<net id="673"><net_src comp="150" pin="0"/><net_sink comp="668" pin=1"/></net>

<net id="678"><net_src comp="274" pin="0"/><net_sink comp="674" pin=0"/></net>

<net id="679"><net_src comp="148" pin="0"/><net_sink comp="674" pin=1"/></net>

<net id="684"><net_src comp="274" pin="0"/><net_sink comp="680" pin=0"/></net>

<net id="685"><net_src comp="146" pin="0"/><net_sink comp="680" pin=1"/></net>

<net id="690"><net_src comp="274" pin="0"/><net_sink comp="686" pin=0"/></net>

<net id="691"><net_src comp="144" pin="0"/><net_sink comp="686" pin=1"/></net>

<net id="696"><net_src comp="274" pin="0"/><net_sink comp="692" pin=0"/></net>

<net id="697"><net_src comp="142" pin="0"/><net_sink comp="692" pin=1"/></net>

<net id="702"><net_src comp="274" pin="0"/><net_sink comp="698" pin=0"/></net>

<net id="703"><net_src comp="140" pin="0"/><net_sink comp="698" pin=1"/></net>

<net id="708"><net_src comp="274" pin="0"/><net_sink comp="704" pin=0"/></net>

<net id="709"><net_src comp="138" pin="0"/><net_sink comp="704" pin=1"/></net>

<net id="714"><net_src comp="274" pin="0"/><net_sink comp="710" pin=0"/></net>

<net id="715"><net_src comp="136" pin="0"/><net_sink comp="710" pin=1"/></net>

<net id="720"><net_src comp="274" pin="0"/><net_sink comp="716" pin=0"/></net>

<net id="721"><net_src comp="134" pin="0"/><net_sink comp="716" pin=1"/></net>

<net id="726"><net_src comp="274" pin="0"/><net_sink comp="722" pin=0"/></net>

<net id="727"><net_src comp="132" pin="0"/><net_sink comp="722" pin=1"/></net>

<net id="732"><net_src comp="274" pin="0"/><net_sink comp="728" pin=0"/></net>

<net id="733"><net_src comp="130" pin="0"/><net_sink comp="728" pin=1"/></net>

<net id="738"><net_src comp="274" pin="0"/><net_sink comp="734" pin=0"/></net>

<net id="739"><net_src comp="128" pin="0"/><net_sink comp="734" pin=1"/></net>

<net id="744"><net_src comp="274" pin="0"/><net_sink comp="740" pin=0"/></net>

<net id="745"><net_src comp="126" pin="0"/><net_sink comp="740" pin=1"/></net>

<net id="750"><net_src comp="274" pin="0"/><net_sink comp="746" pin=0"/></net>

<net id="751"><net_src comp="124" pin="0"/><net_sink comp="746" pin=1"/></net>

<net id="756"><net_src comp="274" pin="0"/><net_sink comp="752" pin=0"/></net>

<net id="757"><net_src comp="122" pin="0"/><net_sink comp="752" pin=1"/></net>

<net id="762"><net_src comp="274" pin="0"/><net_sink comp="758" pin=0"/></net>

<net id="763"><net_src comp="120" pin="0"/><net_sink comp="758" pin=1"/></net>

<net id="768"><net_src comp="274" pin="0"/><net_sink comp="764" pin=0"/></net>

<net id="769"><net_src comp="118" pin="0"/><net_sink comp="764" pin=1"/></net>

<net id="774"><net_src comp="274" pin="0"/><net_sink comp="770" pin=0"/></net>

<net id="775"><net_src comp="116" pin="0"/><net_sink comp="770" pin=1"/></net>

<net id="780"><net_src comp="274" pin="0"/><net_sink comp="776" pin=0"/></net>

<net id="781"><net_src comp="114" pin="0"/><net_sink comp="776" pin=1"/></net>

<net id="786"><net_src comp="274" pin="0"/><net_sink comp="782" pin=0"/></net>

<net id="787"><net_src comp="112" pin="0"/><net_sink comp="782" pin=1"/></net>

<net id="792"><net_src comp="274" pin="0"/><net_sink comp="788" pin=0"/></net>

<net id="793"><net_src comp="110" pin="0"/><net_sink comp="788" pin=1"/></net>

<net id="798"><net_src comp="274" pin="0"/><net_sink comp="794" pin=0"/></net>

<net id="799"><net_src comp="108" pin="0"/><net_sink comp="794" pin=1"/></net>

<net id="804"><net_src comp="274" pin="0"/><net_sink comp="800" pin=0"/></net>

<net id="805"><net_src comp="106" pin="0"/><net_sink comp="800" pin=1"/></net>

<net id="810"><net_src comp="274" pin="0"/><net_sink comp="806" pin=0"/></net>

<net id="811"><net_src comp="104" pin="0"/><net_sink comp="806" pin=1"/></net>

<net id="816"><net_src comp="274" pin="0"/><net_sink comp="812" pin=0"/></net>

<net id="817"><net_src comp="102" pin="0"/><net_sink comp="812" pin=1"/></net>

<net id="822"><net_src comp="274" pin="0"/><net_sink comp="818" pin=0"/></net>

<net id="823"><net_src comp="100" pin="0"/><net_sink comp="818" pin=1"/></net>

<net id="828"><net_src comp="274" pin="0"/><net_sink comp="824" pin=0"/></net>

<net id="829"><net_src comp="98" pin="0"/><net_sink comp="824" pin=1"/></net>

<net id="834"><net_src comp="274" pin="0"/><net_sink comp="830" pin=0"/></net>

<net id="835"><net_src comp="96" pin="0"/><net_sink comp="830" pin=1"/></net>

<net id="840"><net_src comp="274" pin="0"/><net_sink comp="836" pin=0"/></net>

<net id="841"><net_src comp="94" pin="0"/><net_sink comp="836" pin=1"/></net>

<net id="846"><net_src comp="274" pin="0"/><net_sink comp="842" pin=0"/></net>

<net id="847"><net_src comp="92" pin="0"/><net_sink comp="842" pin=1"/></net>

<net id="852"><net_src comp="274" pin="0"/><net_sink comp="848" pin=0"/></net>

<net id="853"><net_src comp="90" pin="0"/><net_sink comp="848" pin=1"/></net>

<net id="858"><net_src comp="274" pin="0"/><net_sink comp="854" pin=0"/></net>

<net id="859"><net_src comp="88" pin="0"/><net_sink comp="854" pin=1"/></net>

<net id="864"><net_src comp="274" pin="0"/><net_sink comp="860" pin=0"/></net>

<net id="865"><net_src comp="86" pin="0"/><net_sink comp="860" pin=1"/></net>

<net id="870"><net_src comp="274" pin="0"/><net_sink comp="866" pin=0"/></net>

<net id="871"><net_src comp="84" pin="0"/><net_sink comp="866" pin=1"/></net>

<net id="876"><net_src comp="274" pin="0"/><net_sink comp="872" pin=0"/></net>

<net id="877"><net_src comp="82" pin="0"/><net_sink comp="872" pin=1"/></net>

<net id="882"><net_src comp="274" pin="0"/><net_sink comp="878" pin=0"/></net>

<net id="883"><net_src comp="80" pin="0"/><net_sink comp="878" pin=1"/></net>

<net id="888"><net_src comp="274" pin="0"/><net_sink comp="884" pin=0"/></net>

<net id="889"><net_src comp="78" pin="0"/><net_sink comp="884" pin=1"/></net>

<net id="894"><net_src comp="274" pin="0"/><net_sink comp="890" pin=0"/></net>

<net id="895"><net_src comp="76" pin="0"/><net_sink comp="890" pin=1"/></net>

<net id="900"><net_src comp="274" pin="0"/><net_sink comp="896" pin=0"/></net>

<net id="901"><net_src comp="74" pin="0"/><net_sink comp="896" pin=1"/></net>

<net id="906"><net_src comp="274" pin="0"/><net_sink comp="902" pin=0"/></net>

<net id="907"><net_src comp="72" pin="0"/><net_sink comp="902" pin=1"/></net>

<net id="912"><net_src comp="274" pin="0"/><net_sink comp="908" pin=0"/></net>

<net id="913"><net_src comp="70" pin="0"/><net_sink comp="908" pin=1"/></net>

<net id="918"><net_src comp="274" pin="0"/><net_sink comp="914" pin=0"/></net>

<net id="919"><net_src comp="68" pin="0"/><net_sink comp="914" pin=1"/></net>

<net id="924"><net_src comp="274" pin="0"/><net_sink comp="920" pin=0"/></net>

<net id="925"><net_src comp="66" pin="0"/><net_sink comp="920" pin=1"/></net>

<net id="930"><net_src comp="274" pin="0"/><net_sink comp="926" pin=0"/></net>

<net id="931"><net_src comp="64" pin="0"/><net_sink comp="926" pin=1"/></net>

<net id="936"><net_src comp="274" pin="0"/><net_sink comp="932" pin=0"/></net>

<net id="937"><net_src comp="62" pin="0"/><net_sink comp="932" pin=1"/></net>

<net id="942"><net_src comp="274" pin="0"/><net_sink comp="938" pin=0"/></net>

<net id="943"><net_src comp="60" pin="0"/><net_sink comp="938" pin=1"/></net>

<net id="948"><net_src comp="274" pin="0"/><net_sink comp="944" pin=0"/></net>

<net id="949"><net_src comp="58" pin="0"/><net_sink comp="944" pin=1"/></net>

<net id="954"><net_src comp="274" pin="0"/><net_sink comp="950" pin=0"/></net>

<net id="955"><net_src comp="56" pin="0"/><net_sink comp="950" pin=1"/></net>

<net id="960"><net_src comp="274" pin="0"/><net_sink comp="956" pin=0"/></net>

<net id="961"><net_src comp="54" pin="0"/><net_sink comp="956" pin=1"/></net>

<net id="966"><net_src comp="274" pin="0"/><net_sink comp="962" pin=0"/></net>

<net id="967"><net_src comp="52" pin="0"/><net_sink comp="962" pin=1"/></net>

<net id="972"><net_src comp="274" pin="0"/><net_sink comp="968" pin=0"/></net>

<net id="973"><net_src comp="50" pin="0"/><net_sink comp="968" pin=1"/></net>

<net id="978"><net_src comp="274" pin="0"/><net_sink comp="974" pin=0"/></net>

<net id="979"><net_src comp="48" pin="0"/><net_sink comp="974" pin=1"/></net>

<net id="984"><net_src comp="274" pin="0"/><net_sink comp="980" pin=0"/></net>

<net id="985"><net_src comp="46" pin="0"/><net_sink comp="980" pin=1"/></net>

<net id="990"><net_src comp="274" pin="0"/><net_sink comp="986" pin=0"/></net>

<net id="991"><net_src comp="44" pin="0"/><net_sink comp="986" pin=1"/></net>

<net id="996"><net_src comp="274" pin="0"/><net_sink comp="992" pin=0"/></net>

<net id="997"><net_src comp="42" pin="0"/><net_sink comp="992" pin=1"/></net>

<net id="1002"><net_src comp="274" pin="0"/><net_sink comp="998" pin=0"/></net>

<net id="1003"><net_src comp="40" pin="0"/><net_sink comp="998" pin=1"/></net>

<net id="1008"><net_src comp="274" pin="0"/><net_sink comp="1004" pin=0"/></net>

<net id="1009"><net_src comp="38" pin="0"/><net_sink comp="1004" pin=1"/></net>

<net id="1014"><net_src comp="274" pin="0"/><net_sink comp="1010" pin=0"/></net>

<net id="1015"><net_src comp="36" pin="0"/><net_sink comp="1010" pin=1"/></net>

<net id="1020"><net_src comp="274" pin="0"/><net_sink comp="1016" pin=0"/></net>

<net id="1021"><net_src comp="34" pin="0"/><net_sink comp="1016" pin=1"/></net>

<net id="1026"><net_src comp="274" pin="0"/><net_sink comp="1022" pin=0"/></net>

<net id="1027"><net_src comp="32" pin="0"/><net_sink comp="1022" pin=1"/></net>

<net id="1032"><net_src comp="274" pin="0"/><net_sink comp="1028" pin=0"/></net>

<net id="1033"><net_src comp="30" pin="0"/><net_sink comp="1028" pin=1"/></net>

<net id="1038"><net_src comp="274" pin="0"/><net_sink comp="1034" pin=0"/></net>

<net id="1039"><net_src comp="28" pin="0"/><net_sink comp="1034" pin=1"/></net>

<net id="1044"><net_src comp="274" pin="0"/><net_sink comp="1040" pin=0"/></net>

<net id="1045"><net_src comp="26" pin="0"/><net_sink comp="1040" pin=1"/></net>

<net id="1050"><net_src comp="274" pin="0"/><net_sink comp="1046" pin=0"/></net>

<net id="1051"><net_src comp="24" pin="0"/><net_sink comp="1046" pin=1"/></net>

<net id="1056"><net_src comp="274" pin="0"/><net_sink comp="1052" pin=0"/></net>

<net id="1057"><net_src comp="22" pin="0"/><net_sink comp="1052" pin=1"/></net>

<net id="1062"><net_src comp="274" pin="0"/><net_sink comp="1058" pin=0"/></net>

<net id="1063"><net_src comp="20" pin="0"/><net_sink comp="1058" pin=1"/></net>

<net id="1068"><net_src comp="274" pin="0"/><net_sink comp="1064" pin=0"/></net>

<net id="1069"><net_src comp="18" pin="0"/><net_sink comp="1064" pin=1"/></net>

<net id="1074"><net_src comp="274" pin="0"/><net_sink comp="1070" pin=0"/></net>

<net id="1075"><net_src comp="16" pin="0"/><net_sink comp="1070" pin=1"/></net>

<net id="1080"><net_src comp="274" pin="0"/><net_sink comp="1076" pin=0"/></net>

<net id="1081"><net_src comp="14" pin="0"/><net_sink comp="1076" pin=1"/></net>

<net id="1086"><net_src comp="274" pin="0"/><net_sink comp="1082" pin=0"/></net>

<net id="1087"><net_src comp="12" pin="0"/><net_sink comp="1082" pin=1"/></net>

<net id="1092"><net_src comp="274" pin="0"/><net_sink comp="1088" pin=0"/></net>

<net id="1093"><net_src comp="10" pin="0"/><net_sink comp="1088" pin=1"/></net>

<net id="1098"><net_src comp="274" pin="0"/><net_sink comp="1094" pin=0"/></net>

<net id="1099"><net_src comp="8" pin="0"/><net_sink comp="1094" pin=1"/></net>

<net id="1104"><net_src comp="274" pin="0"/><net_sink comp="1100" pin=0"/></net>

<net id="1105"><net_src comp="6" pin="0"/><net_sink comp="1100" pin=1"/></net>

<net id="1110"><net_src comp="274" pin="0"/><net_sink comp="1106" pin=0"/></net>

<net id="1111"><net_src comp="4" pin="0"/><net_sink comp="1106" pin=1"/></net>

<net id="1116"><net_src comp="274" pin="0"/><net_sink comp="1112" pin=0"/></net>

<net id="1117"><net_src comp="2" pin="0"/><net_sink comp="1112" pin=1"/></net>

<net id="1122"><net_src comp="274" pin="0"/><net_sink comp="1118" pin=0"/></net>

<net id="1123"><net_src comp="0" pin="0"/><net_sink comp="1118" pin=1"/></net>

<net id="1129"><net_src comp="318" pin="0"/><net_sink comp="1124" pin=0"/></net>

<net id="1130"><net_src comp="256" pin="0"/><net_sink comp="1124" pin=1"/></net>

<net id="1136"><net_src comp="318" pin="0"/><net_sink comp="1131" pin=0"/></net>

<net id="1137"><net_src comp="258" pin="0"/><net_sink comp="1131" pin=1"/></net>

<net id="1143"><net_src comp="318" pin="0"/><net_sink comp="1138" pin=0"/></net>

<net id="1144"><net_src comp="260" pin="0"/><net_sink comp="1138" pin=1"/></net>

<net id="1150"><net_src comp="318" pin="0"/><net_sink comp="1145" pin=0"/></net>

<net id="1151"><net_src comp="262" pin="0"/><net_sink comp="1145" pin=1"/></net>

<net id="1157"><net_src comp="318" pin="0"/><net_sink comp="1152" pin=0"/></net>

<net id="1158"><net_src comp="264" pin="0"/><net_sink comp="1152" pin=1"/></net>

<net id="1164"><net_src comp="318" pin="0"/><net_sink comp="1159" pin=0"/></net>

<net id="1165"><net_src comp="266" pin="0"/><net_sink comp="1159" pin=1"/></net>

<net id="1171"><net_src comp="318" pin="0"/><net_sink comp="1166" pin=0"/></net>

<net id="1172"><net_src comp="268" pin="0"/><net_sink comp="1166" pin=1"/></net>

<net id="1178"><net_src comp="318" pin="0"/><net_sink comp="1173" pin=0"/></net>

<net id="1179"><net_src comp="270" pin="0"/><net_sink comp="1173" pin=1"/></net>

<net id="1184"><net_src comp="276" pin="0"/><net_sink comp="1180" pin=0"/></net>

<net id="1192"><net_src comp="1185" pin="1"/><net_sink comp="1188" pin=0"/></net>

<net id="1193"><net_src comp="278" pin="0"/><net_sink comp="1188" pin=1"/></net>

<net id="1198"><net_src comp="1185" pin="1"/><net_sink comp="1194" pin=0"/></net>

<net id="1199"><net_src comp="280" pin="0"/><net_sink comp="1194" pin=1"/></net>

<net id="1203"><net_src comp="1185" pin="1"/><net_sink comp="1200" pin=0"/></net>

<net id="1225"><net_src comp="296" pin="0"/><net_sink comp="1204" pin=0"/></net>

<net id="1226"><net_src comp="298" pin="0"/><net_sink comp="1204" pin=1"/></net>

<net id="1227"><net_src comp="1118" pin="2"/><net_sink comp="1204" pin=2"/></net>

<net id="1228"><net_src comp="300" pin="0"/><net_sink comp="1204" pin=3"/></net>

<net id="1229"><net_src comp="1112" pin="2"/><net_sink comp="1204" pin=4"/></net>

<net id="1230"><net_src comp="302" pin="0"/><net_sink comp="1204" pin=5"/></net>

<net id="1231"><net_src comp="1106" pin="2"/><net_sink comp="1204" pin=6"/></net>

<net id="1232"><net_src comp="304" pin="0"/><net_sink comp="1204" pin=7"/></net>

<net id="1233"><net_src comp="1100" pin="2"/><net_sink comp="1204" pin=8"/></net>

<net id="1234"><net_src comp="306" pin="0"/><net_sink comp="1204" pin=9"/></net>

<net id="1235"><net_src comp="1094" pin="2"/><net_sink comp="1204" pin=10"/></net>

<net id="1236"><net_src comp="308" pin="0"/><net_sink comp="1204" pin=11"/></net>

<net id="1237"><net_src comp="1088" pin="2"/><net_sink comp="1204" pin=12"/></net>

<net id="1238"><net_src comp="310" pin="0"/><net_sink comp="1204" pin=13"/></net>

<net id="1239"><net_src comp="1082" pin="2"/><net_sink comp="1204" pin=14"/></net>

<net id="1240"><net_src comp="312" pin="0"/><net_sink comp="1204" pin=15"/></net>

<net id="1241"><net_src comp="1076" pin="2"/><net_sink comp="1204" pin=16"/></net>

<net id="1242"><net_src comp="314" pin="0"/><net_sink comp="1204" pin=17"/></net>

<net id="1243"><net_src comp="1200" pin="1"/><net_sink comp="1204" pin=18"/></net>

<net id="1265"><net_src comp="296" pin="0"/><net_sink comp="1244" pin=0"/></net>

<net id="1266"><net_src comp="298" pin="0"/><net_sink comp="1244" pin=1"/></net>

<net id="1267"><net_src comp="1070" pin="2"/><net_sink comp="1244" pin=2"/></net>

<net id="1268"><net_src comp="300" pin="0"/><net_sink comp="1244" pin=3"/></net>

<net id="1269"><net_src comp="1064" pin="2"/><net_sink comp="1244" pin=4"/></net>

<net id="1270"><net_src comp="302" pin="0"/><net_sink comp="1244" pin=5"/></net>

<net id="1271"><net_src comp="1058" pin="2"/><net_sink comp="1244" pin=6"/></net>

<net id="1272"><net_src comp="304" pin="0"/><net_sink comp="1244" pin=7"/></net>

<net id="1273"><net_src comp="1052" pin="2"/><net_sink comp="1244" pin=8"/></net>

<net id="1274"><net_src comp="306" pin="0"/><net_sink comp="1244" pin=9"/></net>

<net id="1275"><net_src comp="1046" pin="2"/><net_sink comp="1244" pin=10"/></net>

<net id="1276"><net_src comp="308" pin="0"/><net_sink comp="1244" pin=11"/></net>

<net id="1277"><net_src comp="1040" pin="2"/><net_sink comp="1244" pin=12"/></net>

<net id="1278"><net_src comp="310" pin="0"/><net_sink comp="1244" pin=13"/></net>

<net id="1279"><net_src comp="1034" pin="2"/><net_sink comp="1244" pin=14"/></net>

<net id="1280"><net_src comp="312" pin="0"/><net_sink comp="1244" pin=15"/></net>

<net id="1281"><net_src comp="1028" pin="2"/><net_sink comp="1244" pin=16"/></net>

<net id="1282"><net_src comp="314" pin="0"/><net_sink comp="1244" pin=17"/></net>

<net id="1283"><net_src comp="1200" pin="1"/><net_sink comp="1244" pin=18"/></net>

<net id="1305"><net_src comp="296" pin="0"/><net_sink comp="1284" pin=0"/></net>

<net id="1306"><net_src comp="298" pin="0"/><net_sink comp="1284" pin=1"/></net>

<net id="1307"><net_src comp="1022" pin="2"/><net_sink comp="1284" pin=2"/></net>

<net id="1308"><net_src comp="300" pin="0"/><net_sink comp="1284" pin=3"/></net>

<net id="1309"><net_src comp="1016" pin="2"/><net_sink comp="1284" pin=4"/></net>

<net id="1310"><net_src comp="302" pin="0"/><net_sink comp="1284" pin=5"/></net>

<net id="1311"><net_src comp="1010" pin="2"/><net_sink comp="1284" pin=6"/></net>

<net id="1312"><net_src comp="304" pin="0"/><net_sink comp="1284" pin=7"/></net>

<net id="1313"><net_src comp="1004" pin="2"/><net_sink comp="1284" pin=8"/></net>

<net id="1314"><net_src comp="306" pin="0"/><net_sink comp="1284" pin=9"/></net>

<net id="1315"><net_src comp="998" pin="2"/><net_sink comp="1284" pin=10"/></net>

<net id="1316"><net_src comp="308" pin="0"/><net_sink comp="1284" pin=11"/></net>

<net id="1317"><net_src comp="992" pin="2"/><net_sink comp="1284" pin=12"/></net>

<net id="1318"><net_src comp="310" pin="0"/><net_sink comp="1284" pin=13"/></net>

<net id="1319"><net_src comp="986" pin="2"/><net_sink comp="1284" pin=14"/></net>

<net id="1320"><net_src comp="312" pin="0"/><net_sink comp="1284" pin=15"/></net>

<net id="1321"><net_src comp="980" pin="2"/><net_sink comp="1284" pin=16"/></net>

<net id="1322"><net_src comp="314" pin="0"/><net_sink comp="1284" pin=17"/></net>

<net id="1323"><net_src comp="1200" pin="1"/><net_sink comp="1284" pin=18"/></net>

<net id="1345"><net_src comp="296" pin="0"/><net_sink comp="1324" pin=0"/></net>

<net id="1346"><net_src comp="298" pin="0"/><net_sink comp="1324" pin=1"/></net>

<net id="1347"><net_src comp="974" pin="2"/><net_sink comp="1324" pin=2"/></net>

<net id="1348"><net_src comp="300" pin="0"/><net_sink comp="1324" pin=3"/></net>

<net id="1349"><net_src comp="968" pin="2"/><net_sink comp="1324" pin=4"/></net>

<net id="1350"><net_src comp="302" pin="0"/><net_sink comp="1324" pin=5"/></net>

<net id="1351"><net_src comp="962" pin="2"/><net_sink comp="1324" pin=6"/></net>

<net id="1352"><net_src comp="304" pin="0"/><net_sink comp="1324" pin=7"/></net>

<net id="1353"><net_src comp="956" pin="2"/><net_sink comp="1324" pin=8"/></net>

<net id="1354"><net_src comp="306" pin="0"/><net_sink comp="1324" pin=9"/></net>

<net id="1355"><net_src comp="950" pin="2"/><net_sink comp="1324" pin=10"/></net>

<net id="1356"><net_src comp="308" pin="0"/><net_sink comp="1324" pin=11"/></net>

<net id="1357"><net_src comp="944" pin="2"/><net_sink comp="1324" pin=12"/></net>

<net id="1358"><net_src comp="310" pin="0"/><net_sink comp="1324" pin=13"/></net>

<net id="1359"><net_src comp="938" pin="2"/><net_sink comp="1324" pin=14"/></net>

<net id="1360"><net_src comp="312" pin="0"/><net_sink comp="1324" pin=15"/></net>

<net id="1361"><net_src comp="932" pin="2"/><net_sink comp="1324" pin=16"/></net>

<net id="1362"><net_src comp="314" pin="0"/><net_sink comp="1324" pin=17"/></net>

<net id="1363"><net_src comp="1200" pin="1"/><net_sink comp="1324" pin=18"/></net>

<net id="1385"><net_src comp="296" pin="0"/><net_sink comp="1364" pin=0"/></net>

<net id="1386"><net_src comp="298" pin="0"/><net_sink comp="1364" pin=1"/></net>

<net id="1387"><net_src comp="926" pin="2"/><net_sink comp="1364" pin=2"/></net>

<net id="1388"><net_src comp="300" pin="0"/><net_sink comp="1364" pin=3"/></net>

<net id="1389"><net_src comp="920" pin="2"/><net_sink comp="1364" pin=4"/></net>

<net id="1390"><net_src comp="302" pin="0"/><net_sink comp="1364" pin=5"/></net>

<net id="1391"><net_src comp="914" pin="2"/><net_sink comp="1364" pin=6"/></net>

<net id="1392"><net_src comp="304" pin="0"/><net_sink comp="1364" pin=7"/></net>

<net id="1393"><net_src comp="908" pin="2"/><net_sink comp="1364" pin=8"/></net>

<net id="1394"><net_src comp="306" pin="0"/><net_sink comp="1364" pin=9"/></net>

<net id="1395"><net_src comp="902" pin="2"/><net_sink comp="1364" pin=10"/></net>

<net id="1396"><net_src comp="308" pin="0"/><net_sink comp="1364" pin=11"/></net>

<net id="1397"><net_src comp="896" pin="2"/><net_sink comp="1364" pin=12"/></net>

<net id="1398"><net_src comp="310" pin="0"/><net_sink comp="1364" pin=13"/></net>

<net id="1399"><net_src comp="890" pin="2"/><net_sink comp="1364" pin=14"/></net>

<net id="1400"><net_src comp="312" pin="0"/><net_sink comp="1364" pin=15"/></net>

<net id="1401"><net_src comp="884" pin="2"/><net_sink comp="1364" pin=16"/></net>

<net id="1402"><net_src comp="314" pin="0"/><net_sink comp="1364" pin=17"/></net>

<net id="1403"><net_src comp="1200" pin="1"/><net_sink comp="1364" pin=18"/></net>

<net id="1425"><net_src comp="296" pin="0"/><net_sink comp="1404" pin=0"/></net>

<net id="1426"><net_src comp="298" pin="0"/><net_sink comp="1404" pin=1"/></net>

<net id="1427"><net_src comp="878" pin="2"/><net_sink comp="1404" pin=2"/></net>

<net id="1428"><net_src comp="300" pin="0"/><net_sink comp="1404" pin=3"/></net>

<net id="1429"><net_src comp="872" pin="2"/><net_sink comp="1404" pin=4"/></net>

<net id="1430"><net_src comp="302" pin="0"/><net_sink comp="1404" pin=5"/></net>

<net id="1431"><net_src comp="866" pin="2"/><net_sink comp="1404" pin=6"/></net>

<net id="1432"><net_src comp="304" pin="0"/><net_sink comp="1404" pin=7"/></net>

<net id="1433"><net_src comp="860" pin="2"/><net_sink comp="1404" pin=8"/></net>

<net id="1434"><net_src comp="306" pin="0"/><net_sink comp="1404" pin=9"/></net>

<net id="1435"><net_src comp="854" pin="2"/><net_sink comp="1404" pin=10"/></net>

<net id="1436"><net_src comp="308" pin="0"/><net_sink comp="1404" pin=11"/></net>

<net id="1437"><net_src comp="848" pin="2"/><net_sink comp="1404" pin=12"/></net>

<net id="1438"><net_src comp="310" pin="0"/><net_sink comp="1404" pin=13"/></net>

<net id="1439"><net_src comp="842" pin="2"/><net_sink comp="1404" pin=14"/></net>

<net id="1440"><net_src comp="312" pin="0"/><net_sink comp="1404" pin=15"/></net>

<net id="1441"><net_src comp="836" pin="2"/><net_sink comp="1404" pin=16"/></net>

<net id="1442"><net_src comp="314" pin="0"/><net_sink comp="1404" pin=17"/></net>

<net id="1443"><net_src comp="1200" pin="1"/><net_sink comp="1404" pin=18"/></net>

<net id="1465"><net_src comp="296" pin="0"/><net_sink comp="1444" pin=0"/></net>

<net id="1466"><net_src comp="298" pin="0"/><net_sink comp="1444" pin=1"/></net>

<net id="1467"><net_src comp="830" pin="2"/><net_sink comp="1444" pin=2"/></net>

<net id="1468"><net_src comp="300" pin="0"/><net_sink comp="1444" pin=3"/></net>

<net id="1469"><net_src comp="824" pin="2"/><net_sink comp="1444" pin=4"/></net>

<net id="1470"><net_src comp="302" pin="0"/><net_sink comp="1444" pin=5"/></net>

<net id="1471"><net_src comp="818" pin="2"/><net_sink comp="1444" pin=6"/></net>

<net id="1472"><net_src comp="304" pin="0"/><net_sink comp="1444" pin=7"/></net>

<net id="1473"><net_src comp="812" pin="2"/><net_sink comp="1444" pin=8"/></net>

<net id="1474"><net_src comp="306" pin="0"/><net_sink comp="1444" pin=9"/></net>

<net id="1475"><net_src comp="806" pin="2"/><net_sink comp="1444" pin=10"/></net>

<net id="1476"><net_src comp="308" pin="0"/><net_sink comp="1444" pin=11"/></net>

<net id="1477"><net_src comp="800" pin="2"/><net_sink comp="1444" pin=12"/></net>

<net id="1478"><net_src comp="310" pin="0"/><net_sink comp="1444" pin=13"/></net>

<net id="1479"><net_src comp="794" pin="2"/><net_sink comp="1444" pin=14"/></net>

<net id="1480"><net_src comp="312" pin="0"/><net_sink comp="1444" pin=15"/></net>

<net id="1481"><net_src comp="788" pin="2"/><net_sink comp="1444" pin=16"/></net>

<net id="1482"><net_src comp="314" pin="0"/><net_sink comp="1444" pin=17"/></net>

<net id="1483"><net_src comp="1200" pin="1"/><net_sink comp="1444" pin=18"/></net>

<net id="1505"><net_src comp="296" pin="0"/><net_sink comp="1484" pin=0"/></net>

<net id="1506"><net_src comp="298" pin="0"/><net_sink comp="1484" pin=1"/></net>

<net id="1507"><net_src comp="782" pin="2"/><net_sink comp="1484" pin=2"/></net>

<net id="1508"><net_src comp="300" pin="0"/><net_sink comp="1484" pin=3"/></net>

<net id="1509"><net_src comp="776" pin="2"/><net_sink comp="1484" pin=4"/></net>

<net id="1510"><net_src comp="302" pin="0"/><net_sink comp="1484" pin=5"/></net>

<net id="1511"><net_src comp="770" pin="2"/><net_sink comp="1484" pin=6"/></net>

<net id="1512"><net_src comp="304" pin="0"/><net_sink comp="1484" pin=7"/></net>

<net id="1513"><net_src comp="764" pin="2"/><net_sink comp="1484" pin=8"/></net>

<net id="1514"><net_src comp="306" pin="0"/><net_sink comp="1484" pin=9"/></net>

<net id="1515"><net_src comp="758" pin="2"/><net_sink comp="1484" pin=10"/></net>

<net id="1516"><net_src comp="308" pin="0"/><net_sink comp="1484" pin=11"/></net>

<net id="1517"><net_src comp="752" pin="2"/><net_sink comp="1484" pin=12"/></net>

<net id="1518"><net_src comp="310" pin="0"/><net_sink comp="1484" pin=13"/></net>

<net id="1519"><net_src comp="746" pin="2"/><net_sink comp="1484" pin=14"/></net>

<net id="1520"><net_src comp="312" pin="0"/><net_sink comp="1484" pin=15"/></net>

<net id="1521"><net_src comp="740" pin="2"/><net_sink comp="1484" pin=16"/></net>

<net id="1522"><net_src comp="314" pin="0"/><net_sink comp="1484" pin=17"/></net>

<net id="1523"><net_src comp="1200" pin="1"/><net_sink comp="1484" pin=18"/></net>

<net id="1545"><net_src comp="296" pin="0"/><net_sink comp="1524" pin=0"/></net>

<net id="1546"><net_src comp="298" pin="0"/><net_sink comp="1524" pin=1"/></net>

<net id="1547"><net_src comp="734" pin="2"/><net_sink comp="1524" pin=2"/></net>

<net id="1548"><net_src comp="300" pin="0"/><net_sink comp="1524" pin=3"/></net>

<net id="1549"><net_src comp="728" pin="2"/><net_sink comp="1524" pin=4"/></net>

<net id="1550"><net_src comp="302" pin="0"/><net_sink comp="1524" pin=5"/></net>

<net id="1551"><net_src comp="722" pin="2"/><net_sink comp="1524" pin=6"/></net>

<net id="1552"><net_src comp="304" pin="0"/><net_sink comp="1524" pin=7"/></net>

<net id="1553"><net_src comp="716" pin="2"/><net_sink comp="1524" pin=8"/></net>

<net id="1554"><net_src comp="306" pin="0"/><net_sink comp="1524" pin=9"/></net>

<net id="1555"><net_src comp="710" pin="2"/><net_sink comp="1524" pin=10"/></net>

<net id="1556"><net_src comp="308" pin="0"/><net_sink comp="1524" pin=11"/></net>

<net id="1557"><net_src comp="704" pin="2"/><net_sink comp="1524" pin=12"/></net>

<net id="1558"><net_src comp="310" pin="0"/><net_sink comp="1524" pin=13"/></net>

<net id="1559"><net_src comp="698" pin="2"/><net_sink comp="1524" pin=14"/></net>

<net id="1560"><net_src comp="312" pin="0"/><net_sink comp="1524" pin=15"/></net>

<net id="1561"><net_src comp="692" pin="2"/><net_sink comp="1524" pin=16"/></net>

<net id="1562"><net_src comp="314" pin="0"/><net_sink comp="1524" pin=17"/></net>

<net id="1563"><net_src comp="1200" pin="1"/><net_sink comp="1524" pin=18"/></net>

<net id="1585"><net_src comp="296" pin="0"/><net_sink comp="1564" pin=0"/></net>

<net id="1586"><net_src comp="298" pin="0"/><net_sink comp="1564" pin=1"/></net>

<net id="1587"><net_src comp="686" pin="2"/><net_sink comp="1564" pin=2"/></net>

<net id="1588"><net_src comp="300" pin="0"/><net_sink comp="1564" pin=3"/></net>

<net id="1589"><net_src comp="680" pin="2"/><net_sink comp="1564" pin=4"/></net>

<net id="1590"><net_src comp="302" pin="0"/><net_sink comp="1564" pin=5"/></net>

<net id="1591"><net_src comp="674" pin="2"/><net_sink comp="1564" pin=6"/></net>

<net id="1592"><net_src comp="304" pin="0"/><net_sink comp="1564" pin=7"/></net>

<net id="1593"><net_src comp="668" pin="2"/><net_sink comp="1564" pin=8"/></net>

<net id="1594"><net_src comp="306" pin="0"/><net_sink comp="1564" pin=9"/></net>

<net id="1595"><net_src comp="662" pin="2"/><net_sink comp="1564" pin=10"/></net>

<net id="1596"><net_src comp="308" pin="0"/><net_sink comp="1564" pin=11"/></net>

<net id="1597"><net_src comp="656" pin="2"/><net_sink comp="1564" pin=12"/></net>

<net id="1598"><net_src comp="310" pin="0"/><net_sink comp="1564" pin=13"/></net>

<net id="1599"><net_src comp="650" pin="2"/><net_sink comp="1564" pin=14"/></net>

<net id="1600"><net_src comp="312" pin="0"/><net_sink comp="1564" pin=15"/></net>

<net id="1601"><net_src comp="644" pin="2"/><net_sink comp="1564" pin=16"/></net>

<net id="1602"><net_src comp="314" pin="0"/><net_sink comp="1564" pin=17"/></net>

<net id="1603"><net_src comp="1200" pin="1"/><net_sink comp="1564" pin=18"/></net>

<net id="1625"><net_src comp="296" pin="0"/><net_sink comp="1604" pin=0"/></net>

<net id="1626"><net_src comp="298" pin="0"/><net_sink comp="1604" pin=1"/></net>

<net id="1627"><net_src comp="638" pin="2"/><net_sink comp="1604" pin=2"/></net>

<net id="1628"><net_src comp="300" pin="0"/><net_sink comp="1604" pin=3"/></net>

<net id="1629"><net_src comp="632" pin="2"/><net_sink comp="1604" pin=4"/></net>

<net id="1630"><net_src comp="302" pin="0"/><net_sink comp="1604" pin=5"/></net>

<net id="1631"><net_src comp="626" pin="2"/><net_sink comp="1604" pin=6"/></net>

<net id="1632"><net_src comp="304" pin="0"/><net_sink comp="1604" pin=7"/></net>

<net id="1633"><net_src comp="620" pin="2"/><net_sink comp="1604" pin=8"/></net>

<net id="1634"><net_src comp="306" pin="0"/><net_sink comp="1604" pin=9"/></net>

<net id="1635"><net_src comp="614" pin="2"/><net_sink comp="1604" pin=10"/></net>

<net id="1636"><net_src comp="308" pin="0"/><net_sink comp="1604" pin=11"/></net>

<net id="1637"><net_src comp="608" pin="2"/><net_sink comp="1604" pin=12"/></net>

<net id="1638"><net_src comp="310" pin="0"/><net_sink comp="1604" pin=13"/></net>

<net id="1639"><net_src comp="602" pin="2"/><net_sink comp="1604" pin=14"/></net>

<net id="1640"><net_src comp="312" pin="0"/><net_sink comp="1604" pin=15"/></net>

<net id="1641"><net_src comp="596" pin="2"/><net_sink comp="1604" pin=16"/></net>

<net id="1642"><net_src comp="314" pin="0"/><net_sink comp="1604" pin=17"/></net>

<net id="1643"><net_src comp="1200" pin="1"/><net_sink comp="1604" pin=18"/></net>

<net id="1665"><net_src comp="296" pin="0"/><net_sink comp="1644" pin=0"/></net>

<net id="1666"><net_src comp="298" pin="0"/><net_sink comp="1644" pin=1"/></net>

<net id="1667"><net_src comp="590" pin="2"/><net_sink comp="1644" pin=2"/></net>

<net id="1668"><net_src comp="300" pin="0"/><net_sink comp="1644" pin=3"/></net>

<net id="1669"><net_src comp="584" pin="2"/><net_sink comp="1644" pin=4"/></net>

<net id="1670"><net_src comp="302" pin="0"/><net_sink comp="1644" pin=5"/></net>

<net id="1671"><net_src comp="578" pin="2"/><net_sink comp="1644" pin=6"/></net>

<net id="1672"><net_src comp="304" pin="0"/><net_sink comp="1644" pin=7"/></net>

<net id="1673"><net_src comp="572" pin="2"/><net_sink comp="1644" pin=8"/></net>

<net id="1674"><net_src comp="306" pin="0"/><net_sink comp="1644" pin=9"/></net>

<net id="1675"><net_src comp="566" pin="2"/><net_sink comp="1644" pin=10"/></net>

<net id="1676"><net_src comp="308" pin="0"/><net_sink comp="1644" pin=11"/></net>

<net id="1677"><net_src comp="560" pin="2"/><net_sink comp="1644" pin=12"/></net>

<net id="1678"><net_src comp="310" pin="0"/><net_sink comp="1644" pin=13"/></net>

<net id="1679"><net_src comp="554" pin="2"/><net_sink comp="1644" pin=14"/></net>

<net id="1680"><net_src comp="312" pin="0"/><net_sink comp="1644" pin=15"/></net>

<net id="1681"><net_src comp="548" pin="2"/><net_sink comp="1644" pin=16"/></net>

<net id="1682"><net_src comp="314" pin="0"/><net_sink comp="1644" pin=17"/></net>

<net id="1683"><net_src comp="1200" pin="1"/><net_sink comp="1644" pin=18"/></net>

<net id="1705"><net_src comp="296" pin="0"/><net_sink comp="1684" pin=0"/></net>

<net id="1706"><net_src comp="298" pin="0"/><net_sink comp="1684" pin=1"/></net>

<net id="1707"><net_src comp="542" pin="2"/><net_sink comp="1684" pin=2"/></net>

<net id="1708"><net_src comp="300" pin="0"/><net_sink comp="1684" pin=3"/></net>

<net id="1709"><net_src comp="536" pin="2"/><net_sink comp="1684" pin=4"/></net>

<net id="1710"><net_src comp="302" pin="0"/><net_sink comp="1684" pin=5"/></net>

<net id="1711"><net_src comp="530" pin="2"/><net_sink comp="1684" pin=6"/></net>

<net id="1712"><net_src comp="304" pin="0"/><net_sink comp="1684" pin=7"/></net>

<net id="1713"><net_src comp="524" pin="2"/><net_sink comp="1684" pin=8"/></net>

<net id="1714"><net_src comp="306" pin="0"/><net_sink comp="1684" pin=9"/></net>

<net id="1715"><net_src comp="518" pin="2"/><net_sink comp="1684" pin=10"/></net>

<net id="1716"><net_src comp="308" pin="0"/><net_sink comp="1684" pin=11"/></net>

<net id="1717"><net_src comp="512" pin="2"/><net_sink comp="1684" pin=12"/></net>

<net id="1718"><net_src comp="310" pin="0"/><net_sink comp="1684" pin=13"/></net>

<net id="1719"><net_src comp="506" pin="2"/><net_sink comp="1684" pin=14"/></net>

<net id="1720"><net_src comp="312" pin="0"/><net_sink comp="1684" pin=15"/></net>

<net id="1721"><net_src comp="500" pin="2"/><net_sink comp="1684" pin=16"/></net>

<net id="1722"><net_src comp="314" pin="0"/><net_sink comp="1684" pin=17"/></net>

<net id="1723"><net_src comp="1200" pin="1"/><net_sink comp="1684" pin=18"/></net>

<net id="1745"><net_src comp="296" pin="0"/><net_sink comp="1724" pin=0"/></net>

<net id="1746"><net_src comp="298" pin="0"/><net_sink comp="1724" pin=1"/></net>

<net id="1747"><net_src comp="494" pin="2"/><net_sink comp="1724" pin=2"/></net>

<net id="1748"><net_src comp="300" pin="0"/><net_sink comp="1724" pin=3"/></net>

<net id="1749"><net_src comp="488" pin="2"/><net_sink comp="1724" pin=4"/></net>

<net id="1750"><net_src comp="302" pin="0"/><net_sink comp="1724" pin=5"/></net>

<net id="1751"><net_src comp="482" pin="2"/><net_sink comp="1724" pin=6"/></net>

<net id="1752"><net_src comp="304" pin="0"/><net_sink comp="1724" pin=7"/></net>

<net id="1753"><net_src comp="476" pin="2"/><net_sink comp="1724" pin=8"/></net>

<net id="1754"><net_src comp="306" pin="0"/><net_sink comp="1724" pin=9"/></net>

<net id="1755"><net_src comp="470" pin="2"/><net_sink comp="1724" pin=10"/></net>

<net id="1756"><net_src comp="308" pin="0"/><net_sink comp="1724" pin=11"/></net>

<net id="1757"><net_src comp="464" pin="2"/><net_sink comp="1724" pin=12"/></net>

<net id="1758"><net_src comp="310" pin="0"/><net_sink comp="1724" pin=13"/></net>

<net id="1759"><net_src comp="458" pin="2"/><net_sink comp="1724" pin=14"/></net>

<net id="1760"><net_src comp="312" pin="0"/><net_sink comp="1724" pin=15"/></net>

<net id="1761"><net_src comp="452" pin="2"/><net_sink comp="1724" pin=16"/></net>

<net id="1762"><net_src comp="314" pin="0"/><net_sink comp="1724" pin=17"/></net>

<net id="1763"><net_src comp="1200" pin="1"/><net_sink comp="1724" pin=18"/></net>

<net id="1785"><net_src comp="296" pin="0"/><net_sink comp="1764" pin=0"/></net>

<net id="1786"><net_src comp="298" pin="0"/><net_sink comp="1764" pin=1"/></net>

<net id="1787"><net_src comp="446" pin="2"/><net_sink comp="1764" pin=2"/></net>

<net id="1788"><net_src comp="300" pin="0"/><net_sink comp="1764" pin=3"/></net>

<net id="1789"><net_src comp="440" pin="2"/><net_sink comp="1764" pin=4"/></net>

<net id="1790"><net_src comp="302" pin="0"/><net_sink comp="1764" pin=5"/></net>

<net id="1791"><net_src comp="434" pin="2"/><net_sink comp="1764" pin=6"/></net>

<net id="1792"><net_src comp="304" pin="0"/><net_sink comp="1764" pin=7"/></net>

<net id="1793"><net_src comp="428" pin="2"/><net_sink comp="1764" pin=8"/></net>

<net id="1794"><net_src comp="306" pin="0"/><net_sink comp="1764" pin=9"/></net>

<net id="1795"><net_src comp="422" pin="2"/><net_sink comp="1764" pin=10"/></net>

<net id="1796"><net_src comp="308" pin="0"/><net_sink comp="1764" pin=11"/></net>

<net id="1797"><net_src comp="416" pin="2"/><net_sink comp="1764" pin=12"/></net>

<net id="1798"><net_src comp="310" pin="0"/><net_sink comp="1764" pin=13"/></net>

<net id="1799"><net_src comp="410" pin="2"/><net_sink comp="1764" pin=14"/></net>

<net id="1800"><net_src comp="312" pin="0"/><net_sink comp="1764" pin=15"/></net>

<net id="1801"><net_src comp="404" pin="2"/><net_sink comp="1764" pin=16"/></net>

<net id="1802"><net_src comp="314" pin="0"/><net_sink comp="1764" pin=17"/></net>

<net id="1803"><net_src comp="1200" pin="1"/><net_sink comp="1764" pin=18"/></net>

<net id="1825"><net_src comp="296" pin="0"/><net_sink comp="1804" pin=0"/></net>

<net id="1826"><net_src comp="298" pin="0"/><net_sink comp="1804" pin=1"/></net>

<net id="1827"><net_src comp="398" pin="2"/><net_sink comp="1804" pin=2"/></net>

<net id="1828"><net_src comp="300" pin="0"/><net_sink comp="1804" pin=3"/></net>

<net id="1829"><net_src comp="392" pin="2"/><net_sink comp="1804" pin=4"/></net>

<net id="1830"><net_src comp="302" pin="0"/><net_sink comp="1804" pin=5"/></net>

<net id="1831"><net_src comp="386" pin="2"/><net_sink comp="1804" pin=6"/></net>

<net id="1832"><net_src comp="304" pin="0"/><net_sink comp="1804" pin=7"/></net>

<net id="1833"><net_src comp="380" pin="2"/><net_sink comp="1804" pin=8"/></net>

<net id="1834"><net_src comp="306" pin="0"/><net_sink comp="1804" pin=9"/></net>

<net id="1835"><net_src comp="374" pin="2"/><net_sink comp="1804" pin=10"/></net>

<net id="1836"><net_src comp="308" pin="0"/><net_sink comp="1804" pin=11"/></net>

<net id="1837"><net_src comp="368" pin="2"/><net_sink comp="1804" pin=12"/></net>

<net id="1838"><net_src comp="310" pin="0"/><net_sink comp="1804" pin=13"/></net>

<net id="1839"><net_src comp="362" pin="2"/><net_sink comp="1804" pin=14"/></net>

<net id="1840"><net_src comp="312" pin="0"/><net_sink comp="1804" pin=15"/></net>

<net id="1841"><net_src comp="356" pin="2"/><net_sink comp="1804" pin=16"/></net>

<net id="1842"><net_src comp="314" pin="0"/><net_sink comp="1804" pin=17"/></net>

<net id="1843"><net_src comp="1200" pin="1"/><net_sink comp="1804" pin=18"/></net>

<net id="1863"><net_src comp="316" pin="0"/><net_sink comp="1844" pin=0"/></net>

<net id="1864"><net_src comp="1204" pin="19"/><net_sink comp="1844" pin=1"/></net>

<net id="1865"><net_src comp="1244" pin="19"/><net_sink comp="1844" pin=2"/></net>

<net id="1866"><net_src comp="1284" pin="19"/><net_sink comp="1844" pin=3"/></net>

<net id="1867"><net_src comp="1324" pin="19"/><net_sink comp="1844" pin=4"/></net>

<net id="1868"><net_src comp="1364" pin="19"/><net_sink comp="1844" pin=5"/></net>

<net id="1869"><net_src comp="1404" pin="19"/><net_sink comp="1844" pin=6"/></net>

<net id="1870"><net_src comp="1444" pin="19"/><net_sink comp="1844" pin=7"/></net>

<net id="1871"><net_src comp="1484" pin="19"/><net_sink comp="1844" pin=8"/></net>

<net id="1872"><net_src comp="1524" pin="19"/><net_sink comp="1844" pin=9"/></net>

<net id="1873"><net_src comp="1564" pin="19"/><net_sink comp="1844" pin=10"/></net>

<net id="1874"><net_src comp="1604" pin="19"/><net_sink comp="1844" pin=11"/></net>

<net id="1875"><net_src comp="1644" pin="19"/><net_sink comp="1844" pin=12"/></net>

<net id="1876"><net_src comp="1684" pin="19"/><net_sink comp="1844" pin=13"/></net>

<net id="1877"><net_src comp="1724" pin="19"/><net_sink comp="1844" pin=14"/></net>

<net id="1878"><net_src comp="1764" pin="19"/><net_sink comp="1844" pin=15"/></net>

<net id="1879"><net_src comp="1804" pin="19"/><net_sink comp="1844" pin=16"/></net>

<net id="1884"><net_src comp="1844" pin="17"/><net_sink comp="1880" pin=0"/></net>

<net id="1889"><net_src comp="1844" pin="17"/><net_sink comp="1885" pin=0"/></net>

<net id="1894"><net_src comp="1844" pin="17"/><net_sink comp="1890" pin=0"/></net>

<net id="1899"><net_src comp="1844" pin="17"/><net_sink comp="1895" pin=0"/></net>

<net id="1904"><net_src comp="1844" pin="17"/><net_sink comp="1900" pin=0"/></net>

<net id="1909"><net_src comp="1844" pin="17"/><net_sink comp="1905" pin=0"/></net>

<net id="1914"><net_src comp="1844" pin="17"/><net_sink comp="1910" pin=0"/></net>

<net id="1919"><net_src comp="1844" pin="17"/><net_sink comp="1915" pin=0"/></net>

<net id="1924"><net_src comp="1194" pin="2"/><net_sink comp="1920" pin=0"/></net>

<net id="1928"><net_src comp="1925" pin="1"/><net_sink comp="1173" pin=2"/></net>

<net id="1932"><net_src comp="1929" pin="1"/><net_sink comp="1166" pin=2"/></net>

<net id="1936"><net_src comp="1933" pin="1"/><net_sink comp="1159" pin=2"/></net>

<net id="1940"><net_src comp="1937" pin="1"/><net_sink comp="1152" pin=2"/></net>

<net id="1944"><net_src comp="1941" pin="1"/><net_sink comp="1145" pin=2"/></net>

<net id="1948"><net_src comp="1945" pin="1"/><net_sink comp="1138" pin=2"/></net>

<net id="1952"><net_src comp="1949" pin="1"/><net_sink comp="1131" pin=2"/></net>

<net id="1956"><net_src comp="1953" pin="1"/><net_sink comp="1124" pin=2"/></net>

<net id="1960"><net_src comp="320" pin="1"/><net_sink comp="1957" pin=0"/></net>

<net id="1961"><net_src comp="1957" pin="1"/><net_sink comp="1180" pin=1"/></net>

<net id="1962"><net_src comp="1957" pin="1"/><net_sink comp="1185" pin=0"/></net>

<net id="1963"><net_src comp="1957" pin="1"/><net_sink comp="1920" pin=1"/></net>

<net id="1967"><net_src comp="324" pin="1"/><net_sink comp="1964" pin=0"/></net>

<net id="1968"><net_src comp="1964" pin="1"/><net_sink comp="1910" pin=1"/></net>

<net id="1969"><net_src comp="1964" pin="1"/><net_sink comp="1925" pin=0"/></net>

<net id="1973"><net_src comp="328" pin="1"/><net_sink comp="1970" pin=0"/></net>

<net id="1974"><net_src comp="1970" pin="1"/><net_sink comp="1905" pin=1"/></net>

<net id="1975"><net_src comp="1970" pin="1"/><net_sink comp="1929" pin=0"/></net>

<net id="1979"><net_src comp="332" pin="1"/><net_sink comp="1976" pin=0"/></net>

<net id="1980"><net_src comp="1976" pin="1"/><net_sink comp="1900" pin=1"/></net>

<net id="1981"><net_src comp="1976" pin="1"/><net_sink comp="1933" pin=0"/></net>

<net id="1985"><net_src comp="336" pin="1"/><net_sink comp="1982" pin=0"/></net>

<net id="1986"><net_src comp="1982" pin="1"/><net_sink comp="1895" pin=1"/></net>

<net id="1987"><net_src comp="1982" pin="1"/><net_sink comp="1937" pin=0"/></net>

<net id="1991"><net_src comp="340" pin="1"/><net_sink comp="1988" pin=0"/></net>

<net id="1992"><net_src comp="1988" pin="1"/><net_sink comp="1890" pin=1"/></net>

<net id="1993"><net_src comp="1988" pin="1"/><net_sink comp="1941" pin=0"/></net>

<net id="1997"><net_src comp="344" pin="1"/><net_sink comp="1994" pin=0"/></net>

<net id="1998"><net_src comp="1994" pin="1"/><net_sink comp="1885" pin=1"/></net>

<net id="1999"><net_src comp="1994" pin="1"/><net_sink comp="1945" pin=0"/></net>

<net id="2003"><net_src comp="348" pin="1"/><net_sink comp="2000" pin=0"/></net>

<net id="2004"><net_src comp="2000" pin="1"/><net_sink comp="1880" pin=1"/></net>

<net id="2005"><net_src comp="2000" pin="1"/><net_sink comp="1949" pin=0"/></net>

<net id="2009"><net_src comp="352" pin="1"/><net_sink comp="2006" pin=0"/></net>

<net id="2010"><net_src comp="2006" pin="1"/><net_sink comp="1915" pin=1"/></net>

<net id="2011"><net_src comp="2006" pin="1"/><net_sink comp="1953" pin=0"/></net>

</net_list>

</model> 
---------------- Datapath Model END ------------------

* FSMD analyzer results:
  - Output states:
	Port: p_0_0282_7102_out | {1 }
	Port: p_0_0282_6100_out | {1 }
	Port: p_0_0282_598_out | {1 }
	Port: p_0_0282_496_out | {1 }
	Port: p_0_0282_394_out | {1 }
	Port: p_0_0282_292_out | {1 }
	Port: p_0_0282_190_out | {1 }
	Port: p_0_028288_out | {1 }
 - Input state : 
	Port: bnn_Pipeline_pack_loop : l1_bits_reload | {1 }
	Port: bnn_Pipeline_pack_loop : l1_bits_16_reload | {1 }
	Port: bnn_Pipeline_pack_loop : l1_bits_32_reload | {1 }
	Port: bnn_Pipeline_pack_loop : l1_bits_48_reload | {1 }
	Port: bnn_Pipeline_pack_loop : l1_bits_64_reload | {1 }
	Port: bnn_Pipeline_pack_loop : l1_bits_80_reload | {1 }
	Port: bnn_Pipeline_pack_loop : l1_bits_96_reload | {1 }
	Port: bnn_Pipeline_pack_loop : l1_bits_112_reload | {1 }
	Port: bnn_Pipeline_pack_loop : l1_bits_1_reload | {1 }
	Port: bnn_Pipeline_pack_loop : l1_bits_17_reload | {1 }
	Port: bnn_Pipeline_pack_loop : l1_bits_33_reload | {1 }
	Port: bnn_Pipeline_pack_loop : l1_bits_49_reload | {1 }
	Port: bnn_Pipeline_pack_loop : l1_bits_65_reload | {1 }
	Port: bnn_Pipeline_pack_loop : l1_bits_81_reload | {1 }
	Port: bnn_Pipeline_pack_loop : l1_bits_97_reload | {1 }
	Port: bnn_Pipeline_pack_loop : l1_bits_113_reload | {1 }
	Port: bnn_Pipeline_pack_loop : l1_bits_2_reload | {1 }
	Port: bnn_Pipeline_pack_loop : l1_bits_18_reload | {1 }
	Port: bnn_Pipeline_pack_loop : l1_bits_34_reload | {1 }
	Port: bnn_Pipeline_pack_loop : l1_bits_50_reload | {1 }
	Port: bnn_Pipeline_pack_loop : l1_bits_66_reload | {1 }
	Port: bnn_Pipeline_pack_loop : l1_bits_82_reload | {1 }
	Port: bnn_Pipeline_pack_loop : l1_bits_98_reload | {1 }
	Port: bnn_Pipeline_pack_loop : l1_bits_114_reload | {1 }
	Port: bnn_Pipeline_pack_loop : l1_bits_3_reload | {1 }
	Port: bnn_Pipeline_pack_loop : l1_bits_19_reload | {1 }
	Port: bnn_Pipeline_pack_loop : l1_bits_35_reload | {1 }
	Port: bnn_Pipeline_pack_loop : l1_bits_51_reload | {1 }
	Port: bnn_Pipeline_pack_loop : l1_bits_67_reload | {1 }
	Port: bnn_Pipeline_pack_loop : l1_bits_83_reload | {1 }
	Port: bnn_Pipeline_pack_loop : l1_bits_99_reload | {1 }
	Port: bnn_Pipeline_pack_loop : l1_bits_115_reload | {1 }
	Port: bnn_Pipeline_pack_loop : l1_bits_4_reload | {1 }
	Port: bnn_Pipeline_pack_loop : l1_bits_20_reload | {1 }
	Port: bnn_Pipeline_pack_loop : l1_bits_36_reload | {1 }
	Port: bnn_Pipeline_pack_loop : l1_bits_52_reload | {1 }
	Port: bnn_Pipeline_pack_loop : l1_bits_68_reload | {1 }
	Port: bnn_Pipeline_pack_loop : l1_bits_84_reload | {1 }
	Port: bnn_Pipeline_pack_loop : l1_bits_100_reload | {1 }
	Port: bnn_Pipeline_pack_loop : l1_bits_116_reload | {1 }
	Port: bnn_Pipeline_pack_loop : l1_bits_5_reload | {1 }
	Port: bnn_Pipeline_pack_loop : l1_bits_21_reload | {1 }
	Port: bnn_Pipeline_pack_loop : l1_bits_37_reload | {1 }
	Port: bnn_Pipeline_pack_loop : l1_bits_53_reload | {1 }
	Port: bnn_Pipeline_pack_loop : l1_bits_69_reload | {1 }
	Port: bnn_Pipeline_pack_loop : l1_bits_85_reload | {1 }
	Port: bnn_Pipeline_pack_loop : l1_bits_101_reload | {1 }
	Port: bnn_Pipeline_pack_loop : l1_bits_117_reload | {1 }
	Port: bnn_Pipeline_pack_loop : l1_bits_6_reload | {1 }
	Port: bnn_Pipeline_pack_loop : l1_bits_22_reload | {1 }
	Port: bnn_Pipeline_pack_loop : l1_bits_38_reload | {1 }
	Port: bnn_Pipeline_pack_loop : l1_bits_54_reload | {1 }
	Port: bnn_Pipeline_pack_loop : l1_bits_70_reload | {1 }
	Port: bnn_Pipeline_pack_loop : l1_bits_86_reload | {1 }
	Port: bnn_Pipeline_pack_loop : l1_bits_102_reload | {1 }
	Port: bnn_Pipeline_pack_loop : l1_bits_118_reload | {1 }
	Port: bnn_Pipeline_pack_loop : l1_bits_7_reload | {1 }
	Port: bnn_Pipeline_pack_loop : l1_bits_23_reload | {1 }
	Port: bnn_Pipeline_pack_loop : l1_bits_39_reload | {1 }
	Port: bnn_Pipeline_pack_loop : l1_bits_55_reload | {1 }
	Port: bnn_Pipeline_pack_loop : l1_bits_71_reload | {1 }
	Port: bnn_Pipeline_pack_loop : l1_bits_87_reload | {1 }
	Port: bnn_Pipeline_pack_loop : l1_bits_103_reload | {1 }
	Port: bnn_Pipeline_pack_loop : l1_bits_119_reload | {1 }
	Port: bnn_Pipeline_pack_loop : l1_bits_8_reload | {1 }
	Port: bnn_Pipeline_pack_loop : l1_bits_24_reload | {1 }
	Port: bnn_Pipeline_pack_loop : l1_bits_40_reload | {1 }
	Port: bnn_Pipeline_pack_loop : l1_bits_56_reload | {1 }
	Port: bnn_Pipeline_pack_loop : l1_bits_72_reload | {1 }
	Port: bnn_Pipeline_pack_loop : l1_bits_88_reload | {1 }
	Port: bnn_Pipeline_pack_loop : l1_bits_104_reload | {1 }
	Port: bnn_Pipeline_pack_loop : l1_bits_120_reload | {1 }
	Port: bnn_Pipeline_pack_loop : l1_bits_9_reload | {1 }
	Port: bnn_Pipeline_pack_loop : l1_bits_25_reload | {1 }
	Port: bnn_Pipeline_pack_loop : l1_bits_41_reload | {1 }
	Port: bnn_Pipeline_pack_loop : l1_bits_57_reload | {1 }
	Port: bnn_Pipeline_pack_loop : l1_bits_73_reload | {1 }
	Port: bnn_Pipeline_pack_loop : l1_bits_89_reload | {1 }
	Port: bnn_Pipeline_pack_loop : l1_bits_105_reload | {1 }
	Port: bnn_Pipeline_pack_loop : l1_bits_121_reload | {1 }
	Port: bnn_Pipeline_pack_loop : l1_bits_10_reload | {1 }
	Port: bnn_Pipeline_pack_loop : l1_bits_26_reload | {1 }
	Port: bnn_Pipeline_pack_loop : l1_bits_42_reload | {1 }
	Port: bnn_Pipeline_pack_loop : l1_bits_58_reload | {1 }
	Port: bnn_Pipeline_pack_loop : l1_bits_74_reload | {1 }
	Port: bnn_Pipeline_pack_loop : l1_bits_90_reload | {1 }
	Port: bnn_Pipeline_pack_loop : l1_bits_106_reload | {1 }
	Port: bnn_Pipeline_pack_loop : l1_bits_122_reload | {1 }
	Port: bnn_Pipeline_pack_loop : l1_bits_11_reload | {1 }
	Port: bnn_Pipeline_pack_loop : l1_bits_27_reload | {1 }
	Port: bnn_Pipeline_pack_loop : l1_bits_43_reload | {1 }
	Port: bnn_Pipeline_pack_loop : l1_bits_59_reload | {1 }
	Port: bnn_Pipeline_pack_loop : l1_bits_75_reload | {1 }
	Port: bnn_Pipeline_pack_loop : l1_bits_91_reload | {1 }
	Port: bnn_Pipeline_pack_loop : l1_bits_107_reload | {1 }
	Port: bnn_Pipeline_pack_loop : l1_bits_123_reload | {1 }
	Port: bnn_Pipeline_pack_loop : l1_bits_12_reload | {1 }
	Port: bnn_Pipeline_pack_loop : l1_bits_28_reload | {1 }
	Port: bnn_Pipeline_pack_loop : l1_bits_44_reload | {1 }
	Port: bnn_Pipeline_pack_loop : l1_bits_60_reload | {1 }
	Port: bnn_Pipeline_pack_loop : l1_bits_76_reload | {1 }
	Port: bnn_Pipeline_pack_loop : l1_bits_92_reload | {1 }
	Port: bnn_Pipeline_pack_loop : l1_bits_108_reload | {1 }
	Port: bnn_Pipeline_pack_loop : l1_bits_124_reload | {1 }
	Port: bnn_Pipeline_pack_loop : l1_bits_13_reload | {1 }
	Port: bnn_Pipeline_pack_loop : l1_bits_29_reload | {1 }
	Port: bnn_Pipeline_pack_loop : l1_bits_45_reload | {1 }
	Port: bnn_Pipeline_pack_loop : l1_bits_61_reload | {1 }
	Port: bnn_Pipeline_pack_loop : l1_bits_77_reload | {1 }
	Port: bnn_Pipeline_pack_loop : l1_bits_93_reload | {1 }
	Port: bnn_Pipeline_pack_loop : l1_bits_109_reload | {1 }
	Port: bnn_Pipeline_pack_loop : l1_bits_125_reload | {1 }
	Port: bnn_Pipeline_pack_loop : l1_bits_14_reload | {1 }
	Port: bnn_Pipeline_pack_loop : l1_bits_30_reload | {1 }
	Port: bnn_Pipeline_pack_loop : l1_bits_46_reload | {1 }
	Port: bnn_Pipeline_pack_loop : l1_bits_62_reload | {1 }
	Port: bnn_Pipeline_pack_loop : l1_bits_78_reload | {1 }
	Port: bnn_Pipeline_pack_loop : l1_bits_94_reload | {1 }
	Port: bnn_Pipeline_pack_loop : l1_bits_110_reload | {1 }
	Port: bnn_Pipeline_pack_loop : l1_bits_126_reload | {1 }
	Port: bnn_Pipeline_pack_loop : l1_bits_15_reload | {1 }
	Port: bnn_Pipeline_pack_loop : l1_bits_31_reload | {1 }
	Port: bnn_Pipeline_pack_loop : l1_bits_47_reload | {1 }
	Port: bnn_Pipeline_pack_loop : l1_bits_63_reload | {1 }
	Port: bnn_Pipeline_pack_loop : l1_bits_79_reload | {1 }
	Port: bnn_Pipeline_pack_loop : l1_bits_95_reload | {1 }
	Port: bnn_Pipeline_pack_loop : l1_bits_111_reload | {1 }
	Port: bnn_Pipeline_pack_loop : l1_bits_127_reload | {1 }
  - Chain level:
	State 1
		store_ln26 : 1
		w_2 : 1
		icmp_ln26 : 2
		add_ln26 : 2
		br_ln26 : 3
		trunc_ln26 : 2
		word : 3
		tmp_s : 3
		tmp_15 : 3
		tmp_16 : 3
		tmp_17 : 3
		tmp_18 : 3
		tmp_19 : 3
		tmp_20 : 3
		tmp_21 : 3
		tmp_22 : 3
		tmp_23 : 3
		tmp_24 : 3
		tmp_25 : 3
		tmp_26 : 3
		tmp_27 : 3
		tmp_28 : 3
		word_4 : 4
		switch_ln39 : 3
		store_ln36 : 5
		store_ln36 : 5
		store_ln36 : 5
		store_ln36 : 5
		store_ln36 : 5
		store_ln36 : 5
		store_ln36 : 5
		store_ln36 : 5
		store_ln26 : 3
		p_0_028288_load : 1
		p_0_0282_190_load : 1
		p_0_0282_292_load : 1
		p_0_0282_394_load : 1
		p_0_0282_496_load : 1
		p_0_0282_598_load : 1
		p_0_0282_6100_load : 1
		p_0_0282_7102_load : 1
		write_ln0 : 2
		write_ln0 : 2
		write_ln0 : 2
		write_ln0 : 2
		write_ln0 : 2
		write_ln0 : 2
		write_ln0 : 2
		write_ln0 : 2


============================================================
+ Verbose Summary: Datapath Resource usage 
============================================================

* Functional unit list:
|----------|--------------------------------------|---------|---------|
| Operation|            Functional Unit           |    FF   |   LUT   |
|----------|--------------------------------------|---------|---------|
|          |             word_fu_1204             |    0    |    42   |
|          |             tmp_s_fu_1244            |    0    |    42   |
|          |            tmp_15_fu_1284            |    0    |    42   |
|          |            tmp_16_fu_1324            |    0    |    42   |
|          |            tmp_17_fu_1364            |    0    |    42   |
|          |            tmp_18_fu_1404            |    0    |    42   |
|          |            tmp_19_fu_1444            |    0    |    42   |
| sparsemux|            tmp_20_fu_1484            |    0    |    42   |
|          |            tmp_21_fu_1524            |    0    |    42   |
|          |            tmp_22_fu_1564            |    0    |    42   |
|          |            tmp_23_fu_1604            |    0    |    42   |
|          |            tmp_24_fu_1644            |    0    |    42   |
|          |            tmp_25_fu_1684            |    0    |    42   |
|          |            tmp_26_fu_1724            |    0    |    42   |
|          |            tmp_27_fu_1764            |    0    |    42   |
|          |            tmp_28_fu_1804            |    0    |    42   |
|----------|--------------------------------------|---------|---------|
|   icmp   |           icmp_ln26_fu_1188          |    0    |    13   |
|----------|--------------------------------------|---------|---------|
|    add   |           add_ln26_fu_1194           |    0    |    13   |
|----------|--------------------------------------|---------|---------|
|          |  l1_bits_127_reload_read_read_fu_356 |    0    |    0    |
|          |  l1_bits_111_reload_read_read_fu_362 |    0    |    0    |
|          |  l1_bits_95_reload_read_read_fu_368  |    0    |    0    |
|          |  l1_bits_79_reload_read_read_fu_374  |    0    |    0    |
|          |  l1_bits_63_reload_read_read_fu_380  |    0    |    0    |
|          |  l1_bits_47_reload_read_read_fu_386  |    0    |    0    |
|          |  l1_bits_31_reload_read_read_fu_392  |    0    |    0    |
|          |  l1_bits_15_reload_read_read_fu_398  |    0    |    0    |
|          |  l1_bits_126_reload_read_read_fu_404 |    0    |    0    |
|          |  l1_bits_110_reload_read_read_fu_410 |    0    |    0    |
|          |  l1_bits_94_reload_read_read_fu_416  |    0    |    0    |
|          |  l1_bits_78_reload_read_read_fu_422  |    0    |    0    |
|          |  l1_bits_62_reload_read_read_fu_428  |    0    |    0    |
|          |  l1_bits_46_reload_read_read_fu_434  |    0    |    0    |
|          |  l1_bits_30_reload_read_read_fu_440  |    0    |    0    |
|          |  l1_bits_14_reload_read_read_fu_446  |    0    |    0    |
|          |  l1_bits_125_reload_read_read_fu_452 |    0    |    0    |
|          |  l1_bits_109_reload_read_read_fu_458 |    0    |    0    |
|          |  l1_bits_93_reload_read_read_fu_464  |    0    |    0    |
|          |  l1_bits_77_reload_read_read_fu_470  |    0    |    0    |
|          |  l1_bits_61_reload_read_read_fu_476  |    0    |    0    |
|          |  l1_bits_45_reload_read_read_fu_482  |    0    |    0    |
|          |  l1_bits_29_reload_read_read_fu_488  |    0    |    0    |
|          |  l1_bits_13_reload_read_read_fu_494  |    0    |    0    |
|          |  l1_bits_124_reload_read_read_fu_500 |    0    |    0    |
|          |  l1_bits_108_reload_read_read_fu_506 |    0    |    0    |
|          |  l1_bits_92_reload_read_read_fu_512  |    0    |    0    |
|          |  l1_bits_76_reload_read_read_fu_518  |    0    |    0    |
|          |  l1_bits_60_reload_read_read_fu_524  |    0    |    0    |
|          |  l1_bits_44_reload_read_read_fu_530  |    0    |    0    |
|          |  l1_bits_28_reload_read_read_fu_536  |    0    |    0    |
|          |  l1_bits_12_reload_read_read_fu_542  |    0    |    0    |
|          |  l1_bits_123_reload_read_read_fu_548 |    0    |    0    |
|          |  l1_bits_107_reload_read_read_fu_554 |    0    |    0    |
|          |  l1_bits_91_reload_read_read_fu_560  |    0    |    0    |
|          |  l1_bits_75_reload_read_read_fu_566  |    0    |    0    |
|          |  l1_bits_59_reload_read_read_fu_572  |    0    |    0    |
|          |  l1_bits_43_reload_read_read_fu_578  |    0    |    0    |
|          |  l1_bits_27_reload_read_read_fu_584  |    0    |    0    |
|          |  l1_bits_11_reload_read_read_fu_590  |    0    |    0    |
|          |  l1_bits_122_reload_read_read_fu_596 |    0    |    0    |
|          |  l1_bits_106_reload_read_read_fu_602 |    0    |    0    |
|          |  l1_bits_90_reload_read_read_fu_608  |    0    |    0    |
|          |  l1_bits_74_reload_read_read_fu_614  |    0    |    0    |
|          |  l1_bits_58_reload_read_read_fu_620  |    0    |    0    |
|          |  l1_bits_42_reload_read_read_fu_626  |    0    |    0    |
|          |  l1_bits_26_reload_read_read_fu_632  |    0    |    0    |
|          |  l1_bits_10_reload_read_read_fu_638  |    0    |    0    |
|          |  l1_bits_121_reload_read_read_fu_644 |    0    |    0    |
|          |  l1_bits_105_reload_read_read_fu_650 |    0    |    0    |
|          |  l1_bits_89_reload_read_read_fu_656  |    0    |    0    |
|          |  l1_bits_73_reload_read_read_fu_662  |    0    |    0    |
|          |  l1_bits_57_reload_read_read_fu_668  |    0    |    0    |
|          |  l1_bits_41_reload_read_read_fu_674  |    0    |    0    |
|          |  l1_bits_25_reload_read_read_fu_680  |    0    |    0    |
|          |   l1_bits_9_reload_read_read_fu_686  |    0    |    0    |
|          |  l1_bits_120_reload_read_read_fu_692 |    0    |    0    |
|          |  l1_bits_104_reload_read_read_fu_698 |    0    |    0    |
|          |  l1_bits_88_reload_read_read_fu_704  |    0    |    0    |
|          |  l1_bits_72_reload_read_read_fu_710  |    0    |    0    |
|          |  l1_bits_56_reload_read_read_fu_716  |    0    |    0    |
|          |  l1_bits_40_reload_read_read_fu_722  |    0    |    0    |
|          |  l1_bits_24_reload_read_read_fu_728  |    0    |    0    |
|   read   |   l1_bits_8_reload_read_read_fu_734  |    0    |    0    |
|          |  l1_bits_119_reload_read_read_fu_740 |    0    |    0    |
|          |  l1_bits_103_reload_read_read_fu_746 |    0    |    0    |
|          |  l1_bits_87_reload_read_read_fu_752  |    0    |    0    |
|          |  l1_bits_71_reload_read_read_fu_758  |    0    |    0    |
|          |  l1_bits_55_reload_read_read_fu_764  |    0    |    0    |
|          |  l1_bits_39_reload_read_read_fu_770  |    0    |    0    |
|          |  l1_bits_23_reload_read_read_fu_776  |    0    |    0    |
|          |   l1_bits_7_reload_read_read_fu_782  |    0    |    0    |
|          |  l1_bits_118_reload_read_read_fu_788 |    0    |    0    |
|          |  l1_bits_102_reload_read_read_fu_794 |    0    |    0    |
|          |  l1_bits_86_reload_read_read_fu_800  |    0    |    0    |
|          |  l1_bits_70_reload_read_read_fu_806  |    0    |    0    |
|          |  l1_bits_54_reload_read_read_fu_812  |    0    |    0    |
|          |  l1_bits_38_reload_read_read_fu_818  |    0    |    0    |
|          |  l1_bits_22_reload_read_read_fu_824  |    0    |    0    |
|          |   l1_bits_6_reload_read_read_fu_830  |    0    |    0    |
|          |  l1_bits_117_reload_read_read_fu_836 |    0    |    0    |
|          |  l1_bits_101_reload_read_read_fu_842 |    0    |    0    |
|          |  l1_bits_85_reload_read_read_fu_848  |    0    |    0    |
|          |  l1_bits_69_reload_read_read_fu_854  |    0    |    0    |
|          |  l1_bits_53_reload_read_read_fu_860  |    0    |    0    |
|          |  l1_bits_37_reload_read_read_fu_866  |    0    |    0    |
|          |  l1_bits_21_reload_read_read_fu_872  |    0    |    0    |
|          |   l1_bits_5_reload_read_read_fu_878  |    0    |    0    |
|          |  l1_bits_116_reload_read_read_fu_884 |    0    |    0    |
|          |  l1_bits_100_reload_read_read_fu_890 |    0    |    0    |
|          |  l1_bits_84_reload_read_read_fu_896  |    0    |    0    |
|          |  l1_bits_68_reload_read_read_fu_902  |    0    |    0    |
|          |  l1_bits_52_reload_read_read_fu_908  |    0    |    0    |
|          |  l1_bits_36_reload_read_read_fu_914  |    0    |    0    |
|          |  l1_bits_20_reload_read_read_fu_920  |    0    |    0    |
|          |   l1_bits_4_reload_read_read_fu_926  |    0    |    0    |
|          |  l1_bits_115_reload_read_read_fu_932 |    0    |    0    |
|          |  l1_bits_99_reload_read_read_fu_938  |    0    |    0    |
|          |  l1_bits_83_reload_read_read_fu_944  |    0    |    0    |
|          |  l1_bits_67_reload_read_read_fu_950  |    0    |    0    |
|          |  l1_bits_51_reload_read_read_fu_956  |    0    |    0    |
|          |  l1_bits_35_reload_read_read_fu_962  |    0    |    0    |
|          |  l1_bits_19_reload_read_read_fu_968  |    0    |    0    |
|          |   l1_bits_3_reload_read_read_fu_974  |    0    |    0    |
|          |  l1_bits_114_reload_read_read_fu_980 |    0    |    0    |
|          |  l1_bits_98_reload_read_read_fu_986  |    0    |    0    |
|          |  l1_bits_82_reload_read_read_fu_992  |    0    |    0    |
|          |  l1_bits_66_reload_read_read_fu_998  |    0    |    0    |
|          |  l1_bits_50_reload_read_read_fu_1004 |    0    |    0    |
|          |  l1_bits_34_reload_read_read_fu_1010 |    0    |    0    |
|          |  l1_bits_18_reload_read_read_fu_1016 |    0    |    0    |
|          |  l1_bits_2_reload_read_read_fu_1022  |    0    |    0    |
|          | l1_bits_113_reload_read_read_fu_1028 |    0    |    0    |
|          |  l1_bits_97_reload_read_read_fu_1034 |    0    |    0    |
|          |  l1_bits_81_reload_read_read_fu_1040 |    0    |    0    |
|          |  l1_bits_65_reload_read_read_fu_1046 |    0    |    0    |
|          |  l1_bits_49_reload_read_read_fu_1052 |    0    |    0    |
|          |  l1_bits_33_reload_read_read_fu_1058 |    0    |    0    |
|          |  l1_bits_17_reload_read_read_fu_1064 |    0    |    0    |
|          |  l1_bits_1_reload_read_read_fu_1070  |    0    |    0    |
|          | l1_bits_112_reload_read_read_fu_1076 |    0    |    0    |
|          |  l1_bits_96_reload_read_read_fu_1082 |    0    |    0    |
|          |  l1_bits_80_reload_read_read_fu_1088 |    0    |    0    |
|          |  l1_bits_64_reload_read_read_fu_1094 |    0    |    0    |
|          |  l1_bits_48_reload_read_read_fu_1100 |    0    |    0    |
|          |  l1_bits_32_reload_read_read_fu_1106 |    0    |    0    |
|          |  l1_bits_16_reload_read_read_fu_1112 |    0    |    0    |
|          |   l1_bits_reload_read_read_fu_1118   |    0    |    0    |
|----------|--------------------------------------|---------|---------|
|          |        write_ln0_write_fu_1124       |    0    |    0    |
|          |        write_ln0_write_fu_1131       |    0    |    0    |
|          |        write_ln0_write_fu_1138       |    0    |    0    |
|   write  |        write_ln0_write_fu_1145       |    0    |    0    |
|          |        write_ln0_write_fu_1152       |    0    |    0    |
|          |        write_ln0_write_fu_1159       |    0    |    0    |
|          |        write_ln0_write_fu_1166       |    0    |    0    |
|          |        write_ln0_write_fu_1173       |    0    |    0    |
|----------|--------------------------------------|---------|---------|
|   trunc  |          trunc_ln26_fu_1200          |    0    |    0    |
|----------|--------------------------------------|---------|---------|
|bitconcatenate|            word_4_fu_1844            |    0    |    0    |
|----------|--------------------------------------|---------|---------|
|   Total  |                                      |    0    |   698   |
|----------|--------------------------------------|---------|---------|

Memories:
N/A

* Register list:
+----------------------+--------+
|                      |   FF   |
+----------------------+--------+
|  p_0_028288_reg_1964 |   16   |
| p_0_0282_190_reg_1970|   16   |
| p_0_0282_292_reg_1976|   16   |
| p_0_0282_394_reg_1982|   16   |
| p_0_0282_496_reg_1988|   16   |
| p_0_0282_598_reg_1994|   16   |
|p_0_0282_6100_reg_2000|   16   |
|p_0_0282_7102_reg_2006|   16   |
|      w_reg_1957      |    4   |
+----------------------+--------+
|         Total        |   132  |
+----------------------+--------+

* Multiplexer (MUX) list: 
|--------|------|------|------|--------|
|  Comp  |  Pin | Size |  BW  | S x BW |
|--------|------|------|------|--------|
|  Total |      |      |      |    0   |
|--------|------|------|------|--------|



* Summary:
+-----------+--------+--------+
|           |   FF   |   LUT  |
+-----------+--------+--------+
|  Function |    0   |   698  |
|   Memory  |    -   |    -   |
|Multiplexer|    -   |    -   |
|  Register |   132  |    -   |
+-----------+--------+--------+
|   Total   |   132  |   698  |
+-----------+--------+--------+
