

================================================================
== Vitis HLS Report for 'bnn_Pipeline_pack_loop1'
================================================================
* Date:           Wed Dec 10 17:08:03 2025

* Version:        2024.2 (Build 5238294 on Nov  8 2024)
* Project:        bnn.comp
* Solution:       hls (Vivado IP Flow Target)
* Product family: zynq
* Target device:  xc7z020-clg400-1


================================================================
== Performance Estimates
================================================================
+ Timing: 
    * Summary: 
    +--------+----------+----------+------------+
    |  Clock |  Target  | Estimated| Uncertainty|
    +--------+----------+----------+------------+
    |ap_clk  |  10.00 ns|  4.826 ns|     2.70 ns|
    +--------+----------+----------+------------+

+ Latency: 
    * Summary: 
    +---------+---------+-----------+-----------+-----+-----+------------------------------------------------+
    |  Latency (cycles) |   Latency (absolute)  |  Interval |                    Pipeline                    |
    |   min   |   max   |    min    |    max    | min | max |                      Type                      |
    +---------+---------+-----------+-----------+-----+-----+------------------------------------------------+
    |        6|        6|  60.000 ns|  60.000 ns|    5|    5|  loop auto-rewind stp (delay=0 clock cycles(s))|
    +---------+---------+-----------+-----------+-----+-----+------------------------------------------------+

    + Detail: 
        * Instance: 
        N/A

        * Loop: 
        +-------------+---------+---------+----------+-----------+-----------+------+----------+
        |             |  Latency (cycles) | Iteration|  Initiation Interval  | Trip |          |
        |  Loop Name  |   min   |   max   |  Latency |  achieved |   target  | Count| Pipelined|
        +-------------+---------+---------+----------+-----------+-----------+------+----------+
        |- pack_loop  |        4|        4|         1|          1|          1|     4|       yes|
        +-------------+---------+---------+----------+-----------+-----------+------+----------+



================================================================
== Utilization Estimates
================================================================
* Summary: 
+-----------------+---------+-----+--------+-------+-----+
|       Name      | BRAM_18K| DSP |   FF   |  LUT  | URAM|
+-----------------+---------+-----+--------+-------+-----+
|DSP              |        -|    -|       -|      -|    -|
|Expression       |        -|    -|       0|     24|    -|
|FIFO             |        -|    -|       -|      -|    -|
|Instance         |        -|    -|       0|    320|    -|
|Memory           |        -|    -|       -|      -|    -|
|Multiplexer      |        -|    -|       0|     27|    -|
|Register         |        -|    -|      69|      -|    -|
+-----------------+---------+-----+--------+-------+-----+
|Total            |        0|    0|      69|    371|    0|
+-----------------+---------+-----+--------+-------+-----+
|Available        |      280|  220|  106400|  53200|    0|
+-----------------+---------+-----+--------+-------+-----+
|Utilization (%)  |        0|    0|      ~0|     ~0|    0|
+-----------------+---------+-----+--------+-------+-----+

+ Detail: 
    * Instance: 
    +--------------------------+---------------------+---------+----+---+----+-----+
    |         Instance         |        Module       | BRAM_18K| DSP| FF| LUT| URAM|
    +--------------------------+---------------------+---------+----+---+----+-----+
    |sparsemux_9_2_1_1_1_U407  |sparsemux_9_2_1_1_1  |        0|   0|  0|  20|    0|
    |sparsemux_9_2_1_1_1_U408  |sparsemux_9_2_1_1_1  |        0|   0|  0|  20|    0|
    |sparsemux_9_2_1_1_1_U409  |sparsemux_9_2_1_1_1  |        0|   0|  0|  20|    0|
    |sparsemux_9_2_1_1_1_U410  |sparsemux_9_2_1_1_1  |        0|   0|  0|  20|    0|
    |sparsemux_9_2_1_1_1_U411  |sparsemux_9_2_1_1_1  |        0|   0|  0|  20|    0|
    |sparsemux_9_2_1_1_1_U412  |sparsemux_9_2_1_1_1  |        0|   0|  0|  20|    0|
    |sparsemux_9_2_1_1_1_U413  |sparsemux_9_2_1_1_1  |        0|   0|  0|  20|    0|
    |sparsemux_9_2_1_1_1_U414  |sparsemux_9_2_1_1_1  |        0|   0|  0|  20|    0|
    |sparsemux_9_2_1_1_1_U415  |sparsemux_9_2_1_1_1  |        0|   0|  0|  20|    0|
    |sparsemux_9_2_1_1_1_U416  |sparsemux_9_2_1_1_1  |        0|   0|  0|  20|    0|
    |sparsemux_9_2_1_1_1_U417  |sparsemux_9_2_1_1_1  |        0|   0|  0|  20|    0|
    |sparsemux_9_2_1_1_1_U418  |sparsemux_9_2_1_1_1  |        0|   0|  0|  20|    0|
    |sparsemux_9_2_1_1_1_U419  |sparsemux_9_2_1_1_1  |        0|   0|  0|  20|    0|
    |sparsemux_9_2_1_1_1_U420  |sparsemux_9_2_1_1_1  |        0|   0|  0|  20|    0|
    |sparsemux_9_2_1_1_1_U421  |sparsemux_9_2_1_1_1  |        0|   0|  0|  20|    0|
    |sparsemux_9_2_1_1_1_U422  |sparsemux_9_2_1_1_1  |        0|   0|  0|  20|    0|
    +--------------------------+---------------------+---------+----+---+----+-----+
    |Total                     |                     |        0|   0|  0| 320|    0|
    +--------------------------+---------------------+---------+----+---+----+-----+

    * DSP: 
    N/A

    * Memory: 
    N/A

    * FIFO: 
    N/A

    * Expression: 
    +---------------------+----------+----+---+----+------------+------------+
    |    Variable Name    | Operation| DSP| FF| LUT| Bitwidth P0| Bitwidth P1|
    +---------------------+----------+----+---+----+------------+------------+
    |add_ln26_fu_622_p2   |         +|   0|  0|  11|           3|           1|
    |icmp_ln26_fu_616_p2  |      icmp|   0|  0|  13|           3|           4|
    +---------------------+----------+----+---+----+------------+------------+
    |Total                |          |   0|  0|  24|           6|           5|
    +---------------------+----------+----+---+----+------------+------------+

    * Multiplexer: 
    +----------------------+----+-----------+-----+-----------+
    |         Name         | LUT| Input Size| Bits| Total Bits|
    +----------------------+----+-----------+-----+-----------+
    |ap_done_int           |   9|          2|    1|          2|
    |ap_sig_allocacmp_w_1  |   9|          2|    3|          6|
    |w_fu_176              |   9|          2|    3|          6|
    +----------------------+----+-----------+-----+-----------+
    |Total                 |  27|          6|    7|         14|
    +----------------------+----+-----------+-----+-----------+

    * Register: 
    +----------------------+----+----+-----+-----------+
    |         Name         | FF | LUT| Bits| Const Bits|
    +----------------------+----+----+-----+-----------+
    |ap_CS_fsm             |   1|   0|    1|          0|
    |ap_done_reg           |   1|   0|    1|          0|
    |p_0_0271104_fu_180    |  16|   0|   16|          0|
    |p_0_0271_1106_fu_184  |  16|   0|   16|          0|
    |p_0_0271_2108_fu_188  |  16|   0|   16|          0|
    |p_0_0271_3110_fu_192  |  16|   0|   16|          0|
    |w_fu_176              |   3|   0|    3|          0|
    +----------------------+----+----+-----+-----------+
    |Total                 |  69|   0|   69|          0|
    +----------------------+----+----+-----+-----------+



================================================================
== Interface
================================================================
* Summary: 
+--------------------------+-----+-----+------------+-------------------------+--------------+
|         RTL Ports        | Dir | Bits|  Protocol  |      Source Object      |    C Type    |
+--------------------------+-----+-----+------------+-------------------------+--------------+
|ap_clk                    |   in|    1|  ap_ctrl_hs|  bnn_Pipeline_pack_loop1|  return value|
|ap_rst                    |   in|    1|  ap_ctrl_hs|  bnn_Pipeline_pack_loop1|  return value|
|ap_start                  |   in|    1|  ap_ctrl_hs|  bnn_Pipeline_pack_loop1|  return value|
|ap_done                   |  out|    1|  ap_ctrl_hs|  bnn_Pipeline_pack_loop1|  return value|
|ap_idle                   |  out|    1|  ap_ctrl_hs|  bnn_Pipeline_pack_loop1|  return value|
|ap_ready                  |  out|    1|  ap_ctrl_hs|  bnn_Pipeline_pack_loop1|  return value|
|l2_bits_reload            |   in|    1|     ap_none|           l2_bits_reload|        scalar|
|l2_bits_16_reload         |   in|    1|     ap_none|        l2_bits_16_reload|        scalar|
|l2_bits_32_reload         |   in|    1|     ap_none|        l2_bits_32_reload|        scalar|
|l2_bits_48_reload         |   in|    1|     ap_none|        l2_bits_48_reload|        scalar|
|l2_bits_1_reload          |   in|    1|     ap_none|         l2_bits_1_reload|        scalar|
|l2_bits_17_reload         |   in|    1|     ap_none|        l2_bits_17_reload|        scalar|
|l2_bits_33_reload         |   in|    1|     ap_none|        l2_bits_33_reload|        scalar|
|l2_bits_49_reload         |   in|    1|     ap_none|        l2_bits_49_reload|        scalar|
|l2_bits_2_reload          |   in|    1|     ap_none|         l2_bits_2_reload|        scalar|
|l2_bits_18_reload         |   in|    1|     ap_none|        l2_bits_18_reload|        scalar|
|l2_bits_34_reload         |   in|    1|     ap_none|        l2_bits_34_reload|        scalar|
|l2_bits_50_reload         |   in|    1|     ap_none|        l2_bits_50_reload|        scalar|
|l2_bits_3_reload          |   in|    1|     ap_none|         l2_bits_3_reload|        scalar|
|l2_bits_19_reload         |   in|    1|     ap_none|        l2_bits_19_reload|        scalar|
|l2_bits_35_reload         |   in|    1|     ap_none|        l2_bits_35_reload|        scalar|
|l2_bits_51_reload         |   in|    1|     ap_none|        l2_bits_51_reload|        scalar|
|l2_bits_4_reload          |   in|    1|     ap_none|         l2_bits_4_reload|        scalar|
|l2_bits_20_reload         |   in|    1|     ap_none|        l2_bits_20_reload|        scalar|
|l2_bits_36_reload         |   in|    1|     ap_none|        l2_bits_36_reload|        scalar|
|l2_bits_52_reload         |   in|    1|     ap_none|        l2_bits_52_reload|        scalar|
|l2_bits_5_reload          |   in|    1|     ap_none|         l2_bits_5_reload|        scalar|
|l2_bits_21_reload         |   in|    1|     ap_none|        l2_bits_21_reload|        scalar|
|l2_bits_37_reload         |   in|    1|     ap_none|        l2_bits_37_reload|        scalar|
|l2_bits_53_reload         |   in|    1|     ap_none|        l2_bits_53_reload|        scalar|
|l2_bits_6_reload          |   in|    1|     ap_none|         l2_bits_6_reload|        scalar|
|l2_bits_22_reload         |   in|    1|     ap_none|        l2_bits_22_reload|        scalar|
|l2_bits_38_reload         |   in|    1|     ap_none|        l2_bits_38_reload|        scalar|
|l2_bits_54_reload         |   in|    1|     ap_none|        l2_bits_54_reload|        scalar|
|l2_bits_7_reload          |   in|    1|     ap_none|         l2_bits_7_reload|        scalar|
|l2_bits_23_reload         |   in|    1|     ap_none|        l2_bits_23_reload|        scalar|
|l2_bits_39_reload         |   in|    1|     ap_none|        l2_bits_39_reload|        scalar|
|l2_bits_55_reload         |   in|    1|     ap_none|        l2_bits_55_reload|        scalar|
|l2_bits_8_reload          |   in|    1|     ap_none|         l2_bits_8_reload|        scalar|
|l2_bits_24_reload         |   in|    1|     ap_none|        l2_bits_24_reload|        scalar|
|l2_bits_40_reload         |   in|    1|     ap_none|        l2_bits_40_reload|        scalar|
|l2_bits_56_reload         |   in|    1|     ap_none|        l2_bits_56_reload|        scalar|
|l2_bits_9_reload          |   in|    1|     ap_none|         l2_bits_9_reload|        scalar|
|l2_bits_25_reload         |   in|    1|     ap_none|        l2_bits_25_reload|        scalar|
|l2_bits_41_reload         |   in|    1|     ap_none|        l2_bits_41_reload|        scalar|
|l2_bits_57_reload         |   in|    1|     ap_none|        l2_bits_57_reload|        scalar|
|l2_bits_10_reload         |   in|    1|     ap_none|        l2_bits_10_reload|        scalar|
|l2_bits_26_reload         |   in|    1|     ap_none|        l2_bits_26_reload|        scalar|
|l2_bits_42_reload         |   in|    1|     ap_none|        l2_bits_42_reload|        scalar|
|l2_bits_58_reload         |   in|    1|     ap_none|        l2_bits_58_reload|        scalar|
|l2_bits_11_reload         |   in|    1|     ap_none|        l2_bits_11_reload|        scalar|
|l2_bits_27_reload         |   in|    1|     ap_none|        l2_bits_27_reload|        scalar|
|l2_bits_43_reload         |   in|    1|     ap_none|        l2_bits_43_reload|        scalar|
|l2_bits_59_reload         |   in|    1|     ap_none|        l2_bits_59_reload|        scalar|
|l2_bits_12_reload         |   in|    1|     ap_none|        l2_bits_12_reload|        scalar|
|l2_bits_28_reload         |   in|    1|     ap_none|        l2_bits_28_reload|        scalar|
|l2_bits_44_reload         |   in|    1|     ap_none|        l2_bits_44_reload|        scalar|
|l2_bits_60_reload         |   in|    1|     ap_none|        l2_bits_60_reload|        scalar|
|l2_bits_13_reload         |   in|    1|     ap_none|        l2_bits_13_reload|        scalar|
|l2_bits_29_reload         |   in|    1|     ap_none|        l2_bits_29_reload|        scalar|
|l2_bits_45_reload         |   in|    1|     ap_none|        l2_bits_45_reload|        scalar|
|l2_bits_61_reload         |   in|    1|     ap_none|        l2_bits_61_reload|        scalar|
|l2_bits_14_reload         |   in|    1|     ap_none|        l2_bits_14_reload|        scalar|
|l2_bits_30_reload         |   in|    1|     ap_none|        l2_bits_30_reload|        scalar|
|l2_bits_46_reload         |   in|    1|     ap_none|        l2_bits_46_reload|        scalar|
|l2_bits_62_reload         |   in|    1|     ap_none|        l2_bits_62_reload|        scalar|
|l2_bits_15_reload         |   in|    1|     ap_none|        l2_bits_15_reload|        scalar|
|l2_bits_31_reload         |   in|    1|     ap_none|        l2_bits_31_reload|        scalar|
|l2_bits_47_reload         |   in|    1|     ap_none|        l2_bits_47_reload|        scalar|
|l2_bits_63_reload         |   in|    1|     ap_none|        l2_bits_63_reload|        scalar|
|p_0_0271_3110_out         |  out|   16|      ap_vld|        p_0_0271_3110_out|       pointer|
|p_0_0271_3110_out_ap_vld  |  out|    1|      ap_vld|        p_0_0271_3110_out|       pointer|
|p_0_0271_2108_out         |  out|   16|      ap_vld|        p_0_0271_2108_out|       pointer|
|p_0_0271_2108_out_ap_vld  |  out|    1|      ap_vld|        p_0_0271_2108_out|       pointer|
|p_0_0271_1106_out         |  out|   16|      ap_vld|        p_0_0271_1106_out|       pointer|
|p_0_0271_1106_out_ap_vld  |  out|    1|      ap_vld|        p_0_0271_1106_out|       pointer|
|p_0_0271104_out           |  out|   16|      ap_vld|          p_0_0271104_out|       pointer|
|p_0_0271104_out_ap_vld    |  out|    1|      ap_vld|          p_0_0271104_out|       pointer|
+--------------------------+-----+-----+------------+-------------------------+--------------+

============================================================
+ Verbose Summary: Synthesis Manager
============================================================
InlineROM: 1
ExposeGlobal: 0
============================================================
+ Verbose Summary: CDFG Model
============================================================
IsTopModel: 0
ResetActiveHigh: 1
IsCombinational: 2
IsDatapathOnly: 2
HasWiredReturn: 1
HasMFsm: 2
HasVarLatency: 1
IsPipeline: 0
IsRtlPipelined: 0
IsInstanceOverlapped: 0
IsDontTouch: 0
HasImplIP: 0
IsGatedGlobalClock: 0

+ Individual pipeline summary: 
  * Pipeline-0: initiation interval (II) = 1, depth = 1


============================================================
+ Verbose Summary: Schedule
============================================================
* Number of FSM states : 1
* Pipeline : 1
  Pipeline-0 : II = 1, D = 1, States = { 1 }
* Dataflow Pipeline: 0

* FSM state transitions: 
1 --> 

* FSM state operations: 

State 1 <SV = 0> <Delay = 4.82>
ST_1 : Operation 4 [1/1] (0.00ns)   --->   "%w = alloca i32 1" [bnn.cpp:26->bnn.cpp:135]   --->   Operation 4 'alloca' 'w' <Predicate = true> <Delay = 0.00>
ST_1 : Operation 5 [1/1] (0.00ns)   --->   "%p_0_0271104 = alloca i32 1"   --->   Operation 5 'alloca' 'p_0_0271104' <Predicate = true> <Delay = 0.00>
ST_1 : Operation 6 [1/1] (0.00ns)   --->   "%p_0_0271_1106 = alloca i32 1"   --->   Operation 6 'alloca' 'p_0_0271_1106' <Predicate = true> <Delay = 0.00>
ST_1 : Operation 7 [1/1] (0.00ns)   --->   "%p_0_0271_2108 = alloca i32 1"   --->   Operation 7 'alloca' 'p_0_0271_2108' <Predicate = true> <Delay = 0.00>
ST_1 : Operation 8 [1/1] (0.00ns)   --->   "%p_0_0271_3110 = alloca i32 1"   --->   Operation 8 'alloca' 'p_0_0271_3110' <Predicate = true> <Delay = 0.00>
ST_1 : Operation 9 [1/1] (0.00ns)   --->   "%l2_bits_63_reload_read = read i1 @_ssdm_op_Read.ap_auto.i1, i1 %l2_bits_63_reload"   --->   Operation 9 'read' 'l2_bits_63_reload_read' <Predicate = true> <Delay = 0.00>
ST_1 : Operation 10 [1/1] (0.00ns)   --->   "%l2_bits_47_reload_read = read i1 @_ssdm_op_Read.ap_auto.i1, i1 %l2_bits_47_reload"   --->   Operation 10 'read' 'l2_bits_47_reload_read' <Predicate = true> <Delay = 0.00>
ST_1 : Operation 11 [1/1] (0.00ns)   --->   "%l2_bits_31_reload_read = read i1 @_ssdm_op_Read.ap_auto.i1, i1 %l2_bits_31_reload"   --->   Operation 11 'read' 'l2_bits_31_reload_read' <Predicate = true> <Delay = 0.00>
ST_1 : Operation 12 [1/1] (0.00ns)   --->   "%l2_bits_15_reload_read = read i1 @_ssdm_op_Read.ap_auto.i1, i1 %l2_bits_15_reload"   --->   Operation 12 'read' 'l2_bits_15_reload_read' <Predicate = true> <Delay = 0.00>
ST_1 : Operation 13 [1/1] (0.00ns)   --->   "%l2_bits_62_reload_read = read i1 @_ssdm_op_Read.ap_auto.i1, i1 %l2_bits_62_reload"   --->   Operation 13 'read' 'l2_bits_62_reload_read' <Predicate = true> <Delay = 0.00>
ST_1 : Operation 14 [1/1] (0.00ns)   --->   "%l2_bits_46_reload_read = read i1 @_ssdm_op_Read.ap_auto.i1, i1 %l2_bits_46_reload"   --->   Operation 14 'read' 'l2_bits_46_reload_read' <Predicate = true> <Delay = 0.00>
ST_1 : Operation 15 [1/1] (0.00ns)   --->   "%l2_bits_30_reload_read = read i1 @_ssdm_op_Read.ap_auto.i1, i1 %l2_bits_30_reload"   --->   Operation 15 'read' 'l2_bits_30_reload_read' <Predicate = true> <Delay = 0.00>
ST_1 : Operation 16 [1/1] (0.00ns)   --->   "%l2_bits_14_reload_read = read i1 @_ssdm_op_Read.ap_auto.i1, i1 %l2_bits_14_reload"   --->   Operation 16 'read' 'l2_bits_14_reload_read' <Predicate = true> <Delay = 0.00>
ST_1 : Operation 17 [1/1] (0.00ns)   --->   "%l2_bits_61_reload_read = read i1 @_ssdm_op_Read.ap_auto.i1, i1 %l2_bits_61_reload"   --->   Operation 17 'read' 'l2_bits_61_reload_read' <Predicate = true> <Delay = 0.00>
ST_1 : Operation 18 [1/1] (0.00ns)   --->   "%l2_bits_45_reload_read = read i1 @_ssdm_op_Read.ap_auto.i1, i1 %l2_bits_45_reload"   --->   Operation 18 'read' 'l2_bits_45_reload_read' <Predicate = true> <Delay = 0.00>
ST_1 : Operation 19 [1/1] (0.00ns)   --->   "%l2_bits_29_reload_read = read i1 @_ssdm_op_Read.ap_auto.i1, i1 %l2_bits_29_reload"   --->   Operation 19 'read' 'l2_bits_29_reload_read' <Predicate = true> <Delay = 0.00>
ST_1 : Operation 20 [1/1] (0.00ns)   --->   "%l2_bits_13_reload_read = read i1 @_ssdm_op_Read.ap_auto.i1, i1 %l2_bits_13_reload"   --->   Operation 20 'read' 'l2_bits_13_reload_read' <Predicate = true> <Delay = 0.00>
ST_1 : Operation 21 [1/1] (0.00ns)   --->   "%l2_bits_60_reload_read = read i1 @_ssdm_op_Read.ap_auto.i1, i1 %l2_bits_60_reload"   --->   Operation 21 'read' 'l2_bits_60_reload_read' <Predicate = true> <Delay = 0.00>
ST_1 : Operation 22 [1/1] (0.00ns)   --->   "%l2_bits_44_reload_read = read i1 @_ssdm_op_Read.ap_auto.i1, i1 %l2_bits_44_reload"   --->   Operation 22 'read' 'l2_bits_44_reload_read' <Predicate = true> <Delay = 0.00>
ST_1 : Operation 23 [1/1] (0.00ns)   --->   "%l2_bits_28_reload_read = read i1 @_ssdm_op_Read.ap_auto.i1, i1 %l2_bits_28_reload"   --->   Operation 23 'read' 'l2_bits_28_reload_read' <Predicate = true> <Delay = 0.00>
ST_1 : Operation 24 [1/1] (0.00ns)   --->   "%l2_bits_12_reload_read = read i1 @_ssdm_op_Read.ap_auto.i1, i1 %l2_bits_12_reload"   --->   Operation 24 'read' 'l2_bits_12_reload_read' <Predicate = true> <Delay = 0.00>
ST_1 : Operation 25 [1/1] (0.00ns)   --->   "%l2_bits_59_reload_read = read i1 @_ssdm_op_Read.ap_auto.i1, i1 %l2_bits_59_reload"   --->   Operation 25 'read' 'l2_bits_59_reload_read' <Predicate = true> <Delay = 0.00>
ST_1 : Operation 26 [1/1] (0.00ns)   --->   "%l2_bits_43_reload_read = read i1 @_ssdm_op_Read.ap_auto.i1, i1 %l2_bits_43_reload"   --->   Operation 26 'read' 'l2_bits_43_reload_read' <Predicate = true> <Delay = 0.00>
ST_1 : Operation 27 [1/1] (0.00ns)   --->   "%l2_bits_27_reload_read = read i1 @_ssdm_op_Read.ap_auto.i1, i1 %l2_bits_27_reload"   --->   Operation 27 'read' 'l2_bits_27_reload_read' <Predicate = true> <Delay = 0.00>
ST_1 : Operation 28 [1/1] (0.00ns)   --->   "%l2_bits_11_reload_read = read i1 @_ssdm_op_Read.ap_auto.i1, i1 %l2_bits_11_reload"   --->   Operation 28 'read' 'l2_bits_11_reload_read' <Predicate = true> <Delay = 0.00>
ST_1 : Operation 29 [1/1] (0.00ns)   --->   "%l2_bits_58_reload_read = read i1 @_ssdm_op_Read.ap_auto.i1, i1 %l2_bits_58_reload"   --->   Operation 29 'read' 'l2_bits_58_reload_read' <Predicate = true> <Delay = 0.00>
ST_1 : Operation 30 [1/1] (0.00ns)   --->   "%l2_bits_42_reload_read = read i1 @_ssdm_op_Read.ap_auto.i1, i1 %l2_bits_42_reload"   --->   Operation 30 'read' 'l2_bits_42_reload_read' <Predicate = true> <Delay = 0.00>
ST_1 : Operation 31 [1/1] (0.00ns)   --->   "%l2_bits_26_reload_read = read i1 @_ssdm_op_Read.ap_auto.i1, i1 %l2_bits_26_reload"   --->   Operation 31 'read' 'l2_bits_26_reload_read' <Predicate = true> <Delay = 0.00>
ST_1 : Operation 32 [1/1] (0.00ns)   --->   "%l2_bits_10_reload_read = read i1 @_ssdm_op_Read.ap_auto.i1, i1 %l2_bits_10_reload"   --->   Operation 32 'read' 'l2_bits_10_reload_read' <Predicate = true> <Delay = 0.00>
ST_1 : Operation 33 [1/1] (0.00ns)   --->   "%l2_bits_57_reload_read = read i1 @_ssdm_op_Read.ap_auto.i1, i1 %l2_bits_57_reload"   --->   Operation 33 'read' 'l2_bits_57_reload_read' <Predicate = true> <Delay = 0.00>
ST_1 : Operation 34 [1/1] (0.00ns)   --->   "%l2_bits_41_reload_read = read i1 @_ssdm_op_Read.ap_auto.i1, i1 %l2_bits_41_reload"   --->   Operation 34 'read' 'l2_bits_41_reload_read' <Predicate = true> <Delay = 0.00>
ST_1 : Operation 35 [1/1] (0.00ns)   --->   "%l2_bits_25_reload_read = read i1 @_ssdm_op_Read.ap_auto.i1, i1 %l2_bits_25_reload"   --->   Operation 35 'read' 'l2_bits_25_reload_read' <Predicate = true> <Delay = 0.00>
ST_1 : Operation 36 [1/1] (0.00ns)   --->   "%l2_bits_9_reload_read = read i1 @_ssdm_op_Read.ap_auto.i1, i1 %l2_bits_9_reload"   --->   Operation 36 'read' 'l2_bits_9_reload_read' <Predicate = true> <Delay = 0.00>
ST_1 : Operation 37 [1/1] (0.00ns)   --->   "%l2_bits_56_reload_read = read i1 @_ssdm_op_Read.ap_auto.i1, i1 %l2_bits_56_reload"   --->   Operation 37 'read' 'l2_bits_56_reload_read' <Predicate = true> <Delay = 0.00>
ST_1 : Operation 38 [1/1] (0.00ns)   --->   "%l2_bits_40_reload_read = read i1 @_ssdm_op_Read.ap_auto.i1, i1 %l2_bits_40_reload"   --->   Operation 38 'read' 'l2_bits_40_reload_read' <Predicate = true> <Delay = 0.00>
ST_1 : Operation 39 [1/1] (0.00ns)   --->   "%l2_bits_24_reload_read = read i1 @_ssdm_op_Read.ap_auto.i1, i1 %l2_bits_24_reload"   --->   Operation 39 'read' 'l2_bits_24_reload_read' <Predicate = true> <Delay = 0.00>
ST_1 : Operation 40 [1/1] (0.00ns)   --->   "%l2_bits_8_reload_read = read i1 @_ssdm_op_Read.ap_auto.i1, i1 %l2_bits_8_reload"   --->   Operation 40 'read' 'l2_bits_8_reload_read' <Predicate = true> <Delay = 0.00>
ST_1 : Operation 41 [1/1] (0.00ns)   --->   "%l2_bits_55_reload_read = read i1 @_ssdm_op_Read.ap_auto.i1, i1 %l2_bits_55_reload"   --->   Operation 41 'read' 'l2_bits_55_reload_read' <Predicate = true> <Delay = 0.00>
ST_1 : Operation 42 [1/1] (0.00ns)   --->   "%l2_bits_39_reload_read = read i1 @_ssdm_op_Read.ap_auto.i1, i1 %l2_bits_39_reload"   --->   Operation 42 'read' 'l2_bits_39_reload_read' <Predicate = true> <Delay = 0.00>
ST_1 : Operation 43 [1/1] (0.00ns)   --->   "%l2_bits_23_reload_read = read i1 @_ssdm_op_Read.ap_auto.i1, i1 %l2_bits_23_reload"   --->   Operation 43 'read' 'l2_bits_23_reload_read' <Predicate = true> <Delay = 0.00>
ST_1 : Operation 44 [1/1] (0.00ns)   --->   "%l2_bits_7_reload_read = read i1 @_ssdm_op_Read.ap_auto.i1, i1 %l2_bits_7_reload"   --->   Operation 44 'read' 'l2_bits_7_reload_read' <Predicate = true> <Delay = 0.00>
ST_1 : Operation 45 [1/1] (0.00ns)   --->   "%l2_bits_54_reload_read = read i1 @_ssdm_op_Read.ap_auto.i1, i1 %l2_bits_54_reload"   --->   Operation 45 'read' 'l2_bits_54_reload_read' <Predicate = true> <Delay = 0.00>
ST_1 : Operation 46 [1/1] (0.00ns)   --->   "%l2_bits_38_reload_read = read i1 @_ssdm_op_Read.ap_auto.i1, i1 %l2_bits_38_reload"   --->   Operation 46 'read' 'l2_bits_38_reload_read' <Predicate = true> <Delay = 0.00>
ST_1 : Operation 47 [1/1] (0.00ns)   --->   "%l2_bits_22_reload_read = read i1 @_ssdm_op_Read.ap_auto.i1, i1 %l2_bits_22_reload"   --->   Operation 47 'read' 'l2_bits_22_reload_read' <Predicate = true> <Delay = 0.00>
ST_1 : Operation 48 [1/1] (0.00ns)   --->   "%l2_bits_6_reload_read = read i1 @_ssdm_op_Read.ap_auto.i1, i1 %l2_bits_6_reload"   --->   Operation 48 'read' 'l2_bits_6_reload_read' <Predicate = true> <Delay = 0.00>
ST_1 : Operation 49 [1/1] (0.00ns)   --->   "%l2_bits_53_reload_read = read i1 @_ssdm_op_Read.ap_auto.i1, i1 %l2_bits_53_reload"   --->   Operation 49 'read' 'l2_bits_53_reload_read' <Predicate = true> <Delay = 0.00>
ST_1 : Operation 50 [1/1] (0.00ns)   --->   "%l2_bits_37_reload_read = read i1 @_ssdm_op_Read.ap_auto.i1, i1 %l2_bits_37_reload"   --->   Operation 50 'read' 'l2_bits_37_reload_read' <Predicate = true> <Delay = 0.00>
ST_1 : Operation 51 [1/1] (0.00ns)   --->   "%l2_bits_21_reload_read = read i1 @_ssdm_op_Read.ap_auto.i1, i1 %l2_bits_21_reload"   --->   Operation 51 'read' 'l2_bits_21_reload_read' <Predicate = true> <Delay = 0.00>
ST_1 : Operation 52 [1/1] (0.00ns)   --->   "%l2_bits_5_reload_read = read i1 @_ssdm_op_Read.ap_auto.i1, i1 %l2_bits_5_reload"   --->   Operation 52 'read' 'l2_bits_5_reload_read' <Predicate = true> <Delay = 0.00>
ST_1 : Operation 53 [1/1] (0.00ns)   --->   "%l2_bits_52_reload_read = read i1 @_ssdm_op_Read.ap_auto.i1, i1 %l2_bits_52_reload"   --->   Operation 53 'read' 'l2_bits_52_reload_read' <Predicate = true> <Delay = 0.00>
ST_1 : Operation 54 [1/1] (0.00ns)   --->   "%l2_bits_36_reload_read = read i1 @_ssdm_op_Read.ap_auto.i1, i1 %l2_bits_36_reload"   --->   Operation 54 'read' 'l2_bits_36_reload_read' <Predicate = true> <Delay = 0.00>
ST_1 : Operation 55 [1/1] (0.00ns)   --->   "%l2_bits_20_reload_read = read i1 @_ssdm_op_Read.ap_auto.i1, i1 %l2_bits_20_reload"   --->   Operation 55 'read' 'l2_bits_20_reload_read' <Predicate = true> <Delay = 0.00>
ST_1 : Operation 56 [1/1] (0.00ns)   --->   "%l2_bits_4_reload_read = read i1 @_ssdm_op_Read.ap_auto.i1, i1 %l2_bits_4_reload"   --->   Operation 56 'read' 'l2_bits_4_reload_read' <Predicate = true> <Delay = 0.00>
ST_1 : Operation 57 [1/1] (0.00ns)   --->   "%l2_bits_51_reload_read = read i1 @_ssdm_op_Read.ap_auto.i1, i1 %l2_bits_51_reload"   --->   Operation 57 'read' 'l2_bits_51_reload_read' <Predicate = true> <Delay = 0.00>
ST_1 : Operation 58 [1/1] (0.00ns)   --->   "%l2_bits_35_reload_read = read i1 @_ssdm_op_Read.ap_auto.i1, i1 %l2_bits_35_reload"   --->   Operation 58 'read' 'l2_bits_35_reload_read' <Predicate = true> <Delay = 0.00>
ST_1 : Operation 59 [1/1] (0.00ns)   --->   "%l2_bits_19_reload_read = read i1 @_ssdm_op_Read.ap_auto.i1, i1 %l2_bits_19_reload"   --->   Operation 59 'read' 'l2_bits_19_reload_read' <Predicate = true> <Delay = 0.00>
ST_1 : Operation 60 [1/1] (0.00ns)   --->   "%l2_bits_3_reload_read = read i1 @_ssdm_op_Read.ap_auto.i1, i1 %l2_bits_3_reload"   --->   Operation 60 'read' 'l2_bits_3_reload_read' <Predicate = true> <Delay = 0.00>
ST_1 : Operation 61 [1/1] (0.00ns)   --->   "%l2_bits_50_reload_read = read i1 @_ssdm_op_Read.ap_auto.i1, i1 %l2_bits_50_reload"   --->   Operation 61 'read' 'l2_bits_50_reload_read' <Predicate = true> <Delay = 0.00>
ST_1 : Operation 62 [1/1] (0.00ns)   --->   "%l2_bits_34_reload_read = read i1 @_ssdm_op_Read.ap_auto.i1, i1 %l2_bits_34_reload"   --->   Operation 62 'read' 'l2_bits_34_reload_read' <Predicate = true> <Delay = 0.00>
ST_1 : Operation 63 [1/1] (0.00ns)   --->   "%l2_bits_18_reload_read = read i1 @_ssdm_op_Read.ap_auto.i1, i1 %l2_bits_18_reload"   --->   Operation 63 'read' 'l2_bits_18_reload_read' <Predicate = true> <Delay = 0.00>
ST_1 : Operation 64 [1/1] (0.00ns)   --->   "%l2_bits_2_reload_read = read i1 @_ssdm_op_Read.ap_auto.i1, i1 %l2_bits_2_reload"   --->   Operation 64 'read' 'l2_bits_2_reload_read' <Predicate = true> <Delay = 0.00>
ST_1 : Operation 65 [1/1] (0.00ns)   --->   "%l2_bits_49_reload_read = read i1 @_ssdm_op_Read.ap_auto.i1, i1 %l2_bits_49_reload"   --->   Operation 65 'read' 'l2_bits_49_reload_read' <Predicate = true> <Delay = 0.00>
ST_1 : Operation 66 [1/1] (0.00ns)   --->   "%l2_bits_33_reload_read = read i1 @_ssdm_op_Read.ap_auto.i1, i1 %l2_bits_33_reload"   --->   Operation 66 'read' 'l2_bits_33_reload_read' <Predicate = true> <Delay = 0.00>
ST_1 : Operation 67 [1/1] (0.00ns)   --->   "%l2_bits_17_reload_read = read i1 @_ssdm_op_Read.ap_auto.i1, i1 %l2_bits_17_reload"   --->   Operation 67 'read' 'l2_bits_17_reload_read' <Predicate = true> <Delay = 0.00>
ST_1 : Operation 68 [1/1] (0.00ns)   --->   "%l2_bits_1_reload_read = read i1 @_ssdm_op_Read.ap_auto.i1, i1 %l2_bits_1_reload"   --->   Operation 68 'read' 'l2_bits_1_reload_read' <Predicate = true> <Delay = 0.00>
ST_1 : Operation 69 [1/1] (0.00ns)   --->   "%l2_bits_48_reload_read = read i1 @_ssdm_op_Read.ap_auto.i1, i1 %l2_bits_48_reload"   --->   Operation 69 'read' 'l2_bits_48_reload_read' <Predicate = true> <Delay = 0.00>
ST_1 : Operation 70 [1/1] (0.00ns)   --->   "%l2_bits_32_reload_read = read i1 @_ssdm_op_Read.ap_auto.i1, i1 %l2_bits_32_reload"   --->   Operation 70 'read' 'l2_bits_32_reload_read' <Predicate = true> <Delay = 0.00>
ST_1 : Operation 71 [1/1] (0.00ns)   --->   "%l2_bits_16_reload_read = read i1 @_ssdm_op_Read.ap_auto.i1, i1 %l2_bits_16_reload"   --->   Operation 71 'read' 'l2_bits_16_reload_read' <Predicate = true> <Delay = 0.00>
ST_1 : Operation 72 [1/1] (0.00ns)   --->   "%l2_bits_reload_read = read i1 @_ssdm_op_Read.ap_auto.i1, i1 %l2_bits_reload"   --->   Operation 72 'read' 'l2_bits_reload_read' <Predicate = true> <Delay = 0.00>
ST_1 : Operation 73 [1/1] (1.58ns)   --->   "%store_ln26 = store i3 0, i3 %w" [bnn.cpp:26->bnn.cpp:135]   --->   Operation 73 'store' 'store_ln26' <Predicate = true> <Delay = 1.58>
ST_1 : Operation 74 [1/1] (0.00ns)   --->   "%br_ln0 = br void %for.body.i65"   --->   Operation 74 'br' 'br_ln0' <Predicate = true> <Delay = 0.00>
ST_1 : Operation 75 [1/1] (0.00ns)   --->   "%w_1 = load i3 %w" [bnn.cpp:26->bnn.cpp:135]   --->   Operation 75 'load' 'w_1' <Predicate = true> <Delay = 0.00>
ST_1 : Operation 76 [1/1] (1.65ns)   --->   "%icmp_ln26 = icmp_eq  i3 %w_1, i3 4" [bnn.cpp:26->bnn.cpp:135]   --->   Operation 76 'icmp' 'icmp_ln26' <Predicate = true> <Delay = 1.65> <CoreInst = "Cmp">   --->   Core 9 'Cmp' <Latency = 0> <II = 1> <Delay = 1.73> <FuncUnit> <Opcode : 'seteq' 'setne' 'setle' 'setge' 'setlt' 'setgt'> <InPorts = 2> <OutPorts = 1>
ST_1 : Operation 77 [1/1] (1.65ns)   --->   "%add_ln26 = add i3 %w_1, i3 1" [bnn.cpp:26->bnn.cpp:135]   --->   Operation 77 'add' 'add_ln26' <Predicate = true> <Delay = 1.65> <CoreInst = "Adder">   --->   Core 1 'Adder' <Latency = 0> <II = 1> <Delay = 1.65> <FuncUnit> <Opcode : 'add' 'sub'> <InPorts = 2> <OutPorts = 1>
ST_1 : Operation 78 [1/1] (0.00ns)   --->   "%br_ln26 = br i1 %icmp_ln26, void %for.body.i65.split, void %for.body33.preheader.exitStub" [bnn.cpp:26->bnn.cpp:135]   --->   Operation 78 'br' 'br_ln26' <Predicate = true> <Delay = 0.00>
ST_1 : Operation 79 [1/1] (0.00ns)   --->   "%trunc_ln26 = trunc i3 %w_1" [bnn.cpp:26->bnn.cpp:135]   --->   Operation 79 'trunc' 'trunc_ln26' <Predicate = (!icmp_ln26)> <Delay = 0.00>
ST_1 : Operation 80 [1/1] (0.00ns)   --->   "%specpipeline_ln27 = specpipeline void @_ssdm_op_SpecPipeline, i32 1, i32 0, i32 0, i32 0, void @empty_8" [bnn.cpp:27->bnn.cpp:135]   --->   Operation 80 'specpipeline' 'specpipeline_ln27' <Predicate = (!icmp_ln26)> <Delay = 0.00>
ST_1 : Operation 81 [1/1] (0.00ns)   --->   "%speclooptripcount_ln26 = speclooptripcount void @_ssdm_op_SpecLoopTripCount, i64 4, i64 4, i64 4" [bnn.cpp:26->bnn.cpp:135]   --->   Operation 81 'speclooptripcount' 'speclooptripcount_ln26' <Predicate = (!icmp_ln26)> <Delay = 0.00>
ST_1 : Operation 82 [1/1] (0.00ns)   --->   "%specloopname_ln26 = specloopname void @_ssdm_op_SpecLoopName, void @empty_0" [bnn.cpp:26->bnn.cpp:135]   --->   Operation 82 'specloopname' 'specloopname_ln26' <Predicate = (!icmp_ln26)> <Delay = 0.00>
ST_1 : Operation 83 [1/1] (1.82ns)   --->   "%word = sparsemux i1 @_ssdm_op_SparseMux.ap_auto.4i1.i1.i2, i2 0, i1 %l2_bits_reload_read, i2 1, i1 %l2_bits_16_reload_read, i2 2, i1 %l2_bits_32_reload_read, i2 3, i1 %l2_bits_48_reload_read, i1 0, i2 %trunc_ln26" [bnn.cpp:36->bnn.cpp:135]   --->   Operation 83 'sparsemux' 'word' <Predicate = (!icmp_ln26)> <Delay = 1.82> <CoreInst = "BinarySparseMux_DontCare">   --->   Core 137 'BinarySparseMux_DontCare' <Latency = 0> <II = 1> <Delay = 1.82> <FuncUnit> <Opcode : 'sparsemux'> <InPorts = 2> <OutPorts = 1>
ST_1 : Operation 84 [1/1] (1.82ns)   --->   "%tmp_s = sparsemux i1 @_ssdm_op_SparseMux.ap_auto.4i1.i1.i2, i2 0, i1 %l2_bits_1_reload_read, i2 1, i1 %l2_bits_17_reload_read, i2 2, i1 %l2_bits_33_reload_read, i2 3, i1 %l2_bits_49_reload_read, i1 0, i2 %trunc_ln26" [bnn.cpp:36->bnn.cpp:135]   --->   Operation 84 'sparsemux' 'tmp_s' <Predicate = (!icmp_ln26)> <Delay = 1.82> <CoreInst = "BinarySparseMux_DontCare">   --->   Core 137 'BinarySparseMux_DontCare' <Latency = 0> <II = 1> <Delay = 1.82> <FuncUnit> <Opcode : 'sparsemux'> <InPorts = 2> <OutPorts = 1>
ST_1 : Operation 85 [1/1] (1.82ns)   --->   "%tmp_1 = sparsemux i1 @_ssdm_op_SparseMux.ap_auto.4i1.i1.i2, i2 0, i1 %l2_bits_2_reload_read, i2 1, i1 %l2_bits_18_reload_read, i2 2, i1 %l2_bits_34_reload_read, i2 3, i1 %l2_bits_50_reload_read, i1 0, i2 %trunc_ln26" [bnn.cpp:36->bnn.cpp:135]   --->   Operation 85 'sparsemux' 'tmp_1' <Predicate = (!icmp_ln26)> <Delay = 1.82> <CoreInst = "BinarySparseMux_DontCare">   --->   Core 137 'BinarySparseMux_DontCare' <Latency = 0> <II = 1> <Delay = 1.82> <FuncUnit> <Opcode : 'sparsemux'> <InPorts = 2> <OutPorts = 1>
ST_1 : Operation 86 [1/1] (1.82ns)   --->   "%tmp_2 = sparsemux i1 @_ssdm_op_SparseMux.ap_auto.4i1.i1.i2, i2 0, i1 %l2_bits_3_reload_read, i2 1, i1 %l2_bits_19_reload_read, i2 2, i1 %l2_bits_35_reload_read, i2 3, i1 %l2_bits_51_reload_read, i1 0, i2 %trunc_ln26" [bnn.cpp:36->bnn.cpp:135]   --->   Operation 86 'sparsemux' 'tmp_2' <Predicate = (!icmp_ln26)> <Delay = 1.82> <CoreInst = "BinarySparseMux_DontCare">   --->   Core 137 'BinarySparseMux_DontCare' <Latency = 0> <II = 1> <Delay = 1.82> <FuncUnit> <Opcode : 'sparsemux'> <InPorts = 2> <OutPorts = 1>
ST_1 : Operation 87 [1/1] (1.82ns)   --->   "%tmp_3 = sparsemux i1 @_ssdm_op_SparseMux.ap_auto.4i1.i1.i2, i2 0, i1 %l2_bits_4_reload_read, i2 1, i1 %l2_bits_20_reload_read, i2 2, i1 %l2_bits_36_reload_read, i2 3, i1 %l2_bits_52_reload_read, i1 0, i2 %trunc_ln26" [bnn.cpp:36->bnn.cpp:135]   --->   Operation 87 'sparsemux' 'tmp_3' <Predicate = (!icmp_ln26)> <Delay = 1.82> <CoreInst = "BinarySparseMux_DontCare">   --->   Core 137 'BinarySparseMux_DontCare' <Latency = 0> <II = 1> <Delay = 1.82> <FuncUnit> <Opcode : 'sparsemux'> <InPorts = 2> <OutPorts = 1>
ST_1 : Operation 88 [1/1] (1.82ns)   --->   "%tmp_4 = sparsemux i1 @_ssdm_op_SparseMux.ap_auto.4i1.i1.i2, i2 0, i1 %l2_bits_5_reload_read, i2 1, i1 %l2_bits_21_reload_read, i2 2, i1 %l2_bits_37_reload_read, i2 3, i1 %l2_bits_53_reload_read, i1 0, i2 %trunc_ln26" [bnn.cpp:36->bnn.cpp:135]   --->   Operation 88 'sparsemux' 'tmp_4' <Predicate = (!icmp_ln26)> <Delay = 1.82> <CoreInst = "BinarySparseMux_DontCare">   --->   Core 137 'BinarySparseMux_DontCare' <Latency = 0> <II = 1> <Delay = 1.82> <FuncUnit> <Opcode : 'sparsemux'> <InPorts = 2> <OutPorts = 1>
ST_1 : Operation 89 [1/1] (1.82ns)   --->   "%tmp_5 = sparsemux i1 @_ssdm_op_SparseMux.ap_auto.4i1.i1.i2, i2 0, i1 %l2_bits_6_reload_read, i2 1, i1 %l2_bits_22_reload_read, i2 2, i1 %l2_bits_38_reload_read, i2 3, i1 %l2_bits_54_reload_read, i1 0, i2 %trunc_ln26" [bnn.cpp:36->bnn.cpp:135]   --->   Operation 89 'sparsemux' 'tmp_5' <Predicate = (!icmp_ln26)> <Delay = 1.82> <CoreInst = "BinarySparseMux_DontCare">   --->   Core 137 'BinarySparseMux_DontCare' <Latency = 0> <II = 1> <Delay = 1.82> <FuncUnit> <Opcode : 'sparsemux'> <InPorts = 2> <OutPorts = 1>
ST_1 : Operation 90 [1/1] (1.82ns)   --->   "%tmp_6 = sparsemux i1 @_ssdm_op_SparseMux.ap_auto.4i1.i1.i2, i2 0, i1 %l2_bits_7_reload_read, i2 1, i1 %l2_bits_23_reload_read, i2 2, i1 %l2_bits_39_reload_read, i2 3, i1 %l2_bits_55_reload_read, i1 0, i2 %trunc_ln26" [bnn.cpp:36->bnn.cpp:135]   --->   Operation 90 'sparsemux' 'tmp_6' <Predicate = (!icmp_ln26)> <Delay = 1.82> <CoreInst = "BinarySparseMux_DontCare">   --->   Core 137 'BinarySparseMux_DontCare' <Latency = 0> <II = 1> <Delay = 1.82> <FuncUnit> <Opcode : 'sparsemux'> <InPorts = 2> <OutPorts = 1>
ST_1 : Operation 91 [1/1] (1.82ns)   --->   "%tmp_7 = sparsemux i1 @_ssdm_op_SparseMux.ap_auto.4i1.i1.i2, i2 0, i1 %l2_bits_8_reload_read, i2 1, i1 %l2_bits_24_reload_read, i2 2, i1 %l2_bits_40_reload_read, i2 3, i1 %l2_bits_56_reload_read, i1 0, i2 %trunc_ln26" [bnn.cpp:36->bnn.cpp:135]   --->   Operation 91 'sparsemux' 'tmp_7' <Predicate = (!icmp_ln26)> <Delay = 1.82> <CoreInst = "BinarySparseMux_DontCare">   --->   Core 137 'BinarySparseMux_DontCare' <Latency = 0> <II = 1> <Delay = 1.82> <FuncUnit> <Opcode : 'sparsemux'> <InPorts = 2> <OutPorts = 1>
ST_1 : Operation 92 [1/1] (1.82ns)   --->   "%tmp_8 = sparsemux i1 @_ssdm_op_SparseMux.ap_auto.4i1.i1.i2, i2 0, i1 %l2_bits_9_reload_read, i2 1, i1 %l2_bits_25_reload_read, i2 2, i1 %l2_bits_41_reload_read, i2 3, i1 %l2_bits_57_reload_read, i1 0, i2 %trunc_ln26" [bnn.cpp:36->bnn.cpp:135]   --->   Operation 92 'sparsemux' 'tmp_8' <Predicate = (!icmp_ln26)> <Delay = 1.82> <CoreInst = "BinarySparseMux_DontCare">   --->   Core 137 'BinarySparseMux_DontCare' <Latency = 0> <II = 1> <Delay = 1.82> <FuncUnit> <Opcode : 'sparsemux'> <InPorts = 2> <OutPorts = 1>
ST_1 : Operation 93 [1/1] (1.82ns)   --->   "%tmp_9 = sparsemux i1 @_ssdm_op_SparseMux.ap_auto.4i1.i1.i2, i2 0, i1 %l2_bits_10_reload_read, i2 1, i1 %l2_bits_26_reload_read, i2 2, i1 %l2_bits_42_reload_read, i2 3, i1 %l2_bits_58_reload_read, i1 0, i2 %trunc_ln26" [bnn.cpp:36->bnn.cpp:135]   --->   Operation 93 'sparsemux' 'tmp_9' <Predicate = (!icmp_ln26)> <Delay = 1.82> <CoreInst = "BinarySparseMux_DontCare">   --->   Core 137 'BinarySparseMux_DontCare' <Latency = 0> <II = 1> <Delay = 1.82> <FuncUnit> <Opcode : 'sparsemux'> <InPorts = 2> <OutPorts = 1>
ST_1 : Operation 94 [1/1] (1.82ns)   --->   "%tmp_10 = sparsemux i1 @_ssdm_op_SparseMux.ap_auto.4i1.i1.i2, i2 0, i1 %l2_bits_11_reload_read, i2 1, i1 %l2_bits_27_reload_read, i2 2, i1 %l2_bits_43_reload_read, i2 3, i1 %l2_bits_59_reload_read, i1 0, i2 %trunc_ln26" [bnn.cpp:36->bnn.cpp:135]   --->   Operation 94 'sparsemux' 'tmp_10' <Predicate = (!icmp_ln26)> <Delay = 1.82> <CoreInst = "BinarySparseMux_DontCare">   --->   Core 137 'BinarySparseMux_DontCare' <Latency = 0> <II = 1> <Delay = 1.82> <FuncUnit> <Opcode : 'sparsemux'> <InPorts = 2> <OutPorts = 1>
ST_1 : Operation 95 [1/1] (1.82ns)   --->   "%tmp_11 = sparsemux i1 @_ssdm_op_SparseMux.ap_auto.4i1.i1.i2, i2 0, i1 %l2_bits_12_reload_read, i2 1, i1 %l2_bits_28_reload_read, i2 2, i1 %l2_bits_44_reload_read, i2 3, i1 %l2_bits_60_reload_read, i1 0, i2 %trunc_ln26" [bnn.cpp:36->bnn.cpp:135]   --->   Operation 95 'sparsemux' 'tmp_11' <Predicate = (!icmp_ln26)> <Delay = 1.82> <CoreInst = "BinarySparseMux_DontCare">   --->   Core 137 'BinarySparseMux_DontCare' <Latency = 0> <II = 1> <Delay = 1.82> <FuncUnit> <Opcode : 'sparsemux'> <InPorts = 2> <OutPorts = 1>
ST_1 : Operation 96 [1/1] (1.82ns)   --->   "%tmp_12 = sparsemux i1 @_ssdm_op_SparseMux.ap_auto.4i1.i1.i2, i2 0, i1 %l2_bits_13_reload_read, i2 1, i1 %l2_bits_29_reload_read, i2 2, i1 %l2_bits_45_reload_read, i2 3, i1 %l2_bits_61_reload_read, i1 0, i2 %trunc_ln26" [bnn.cpp:36->bnn.cpp:135]   --->   Operation 96 'sparsemux' 'tmp_12' <Predicate = (!icmp_ln26)> <Delay = 1.82> <CoreInst = "BinarySparseMux_DontCare">   --->   Core 137 'BinarySparseMux_DontCare' <Latency = 0> <II = 1> <Delay = 1.82> <FuncUnit> <Opcode : 'sparsemux'> <InPorts = 2> <OutPorts = 1>
ST_1 : Operation 97 [1/1] (1.82ns)   --->   "%tmp_13 = sparsemux i1 @_ssdm_op_SparseMux.ap_auto.4i1.i1.i2, i2 0, i1 %l2_bits_14_reload_read, i2 1, i1 %l2_bits_30_reload_read, i2 2, i1 %l2_bits_46_reload_read, i2 3, i1 %l2_bits_62_reload_read, i1 0, i2 %trunc_ln26" [bnn.cpp:36->bnn.cpp:135]   --->   Operation 97 'sparsemux' 'tmp_13' <Predicate = (!icmp_ln26)> <Delay = 1.82> <CoreInst = "BinarySparseMux_DontCare">   --->   Core 137 'BinarySparseMux_DontCare' <Latency = 0> <II = 1> <Delay = 1.82> <FuncUnit> <Opcode : 'sparsemux'> <InPorts = 2> <OutPorts = 1>
ST_1 : Operation 98 [1/1] (1.82ns)   --->   "%tmp_14 = sparsemux i1 @_ssdm_op_SparseMux.ap_auto.4i1.i1.i2, i2 0, i1 %l2_bits_15_reload_read, i2 1, i1 %l2_bits_31_reload_read, i2 2, i1 %l2_bits_47_reload_read, i2 3, i1 %l2_bits_63_reload_read, i1 0, i2 %trunc_ln26" [bnn.cpp:36->bnn.cpp:135]   --->   Operation 98 'sparsemux' 'tmp_14' <Predicate = (!icmp_ln26)> <Delay = 1.82> <CoreInst = "BinarySparseMux_DontCare">   --->   Core 137 'BinarySparseMux_DontCare' <Latency = 0> <II = 1> <Delay = 1.82> <FuncUnit> <Opcode : 'sparsemux'> <InPorts = 2> <OutPorts = 1>
ST_1 : Operation 99 [1/1] (0.00ns)   --->   "%word_2 = bitconcatenate i16 @_ssdm_op_BitConcatenate.i16.i1.i1.i1.i1.i1.i1.i1.i1.i1.i1.i1.i1.i1.i1.i1.i1, i1 %word, i1 %tmp_s, i1 %tmp_1, i1 %tmp_2, i1 %tmp_3, i1 %tmp_4, i1 %tmp_5, i1 %tmp_6, i1 %tmp_7, i1 %tmp_8, i1 %tmp_9, i1 %tmp_10, i1 %tmp_11, i1 %tmp_12, i1 %tmp_13, i1 %tmp_14" [bnn.cpp:36->bnn.cpp:135]   --->   Operation 99 'bitconcatenate' 'word_2' <Predicate = (!icmp_ln26)> <Delay = 0.00>
ST_1 : Operation 100 [1/1] (1.56ns)   --->   "%switch_ln39 = switch i2 %trunc_ln26, void %arrayidx9.i233.case.3, i2 0, void %for.body.i65.split.arrayidx9.i233.exit_crit_edge, i2 1, void %arrayidx9.i233.case.1, i2 2, void %arrayidx9.i233.case.2" [bnn.cpp:39->bnn.cpp:135]   --->   Operation 100 'switch' 'switch_ln39' <Predicate = (!icmp_ln26)> <Delay = 1.56>
ST_1 : Operation 101 [1/1] (0.00ns)   --->   "%store_ln36 = store i16 %word_2, i16 %p_0_0271_2108" [bnn.cpp:36->bnn.cpp:135]   --->   Operation 101 'store' 'store_ln36' <Predicate = (!icmp_ln26 & trunc_ln26 == 2)> <Delay = 0.00>
ST_1 : Operation 102 [1/1] (0.00ns)   --->   "%br_ln39 = br void %arrayidx9.i233.exit" [bnn.cpp:39->bnn.cpp:135]   --->   Operation 102 'br' 'br_ln39' <Predicate = (!icmp_ln26 & trunc_ln26 == 2)> <Delay = 0.00>
ST_1 : Operation 103 [1/1] (0.00ns)   --->   "%store_ln36 = store i16 %word_2, i16 %p_0_0271_1106" [bnn.cpp:36->bnn.cpp:135]   --->   Operation 103 'store' 'store_ln36' <Predicate = (!icmp_ln26 & trunc_ln26 == 1)> <Delay = 0.00>
ST_1 : Operation 104 [1/1] (0.00ns)   --->   "%br_ln39 = br void %arrayidx9.i233.exit" [bnn.cpp:39->bnn.cpp:135]   --->   Operation 104 'br' 'br_ln39' <Predicate = (!icmp_ln26 & trunc_ln26 == 1)> <Delay = 0.00>
ST_1 : Operation 105 [1/1] (0.00ns)   --->   "%store_ln36 = store i16 %word_2, i16 %p_0_0271104" [bnn.cpp:36->bnn.cpp:135]   --->   Operation 105 'store' 'store_ln36' <Predicate = (!icmp_ln26 & trunc_ln26 == 0)> <Delay = 0.00>
ST_1 : Operation 106 [1/1] (0.00ns)   --->   "%br_ln39 = br void %arrayidx9.i233.exit" [bnn.cpp:39->bnn.cpp:135]   --->   Operation 106 'br' 'br_ln39' <Predicate = (!icmp_ln26 & trunc_ln26 == 0)> <Delay = 0.00>
ST_1 : Operation 107 [1/1] (0.00ns)   --->   "%store_ln36 = store i16 %word_2, i16 %p_0_0271_3110" [bnn.cpp:36->bnn.cpp:135]   --->   Operation 107 'store' 'store_ln36' <Predicate = (!icmp_ln26 & trunc_ln26 == 3)> <Delay = 0.00>
ST_1 : Operation 108 [1/1] (0.00ns)   --->   "%br_ln39 = br void %arrayidx9.i233.exit" [bnn.cpp:39->bnn.cpp:135]   --->   Operation 108 'br' 'br_ln39' <Predicate = (!icmp_ln26 & trunc_ln26 == 3)> <Delay = 0.00>
ST_1 : Operation 109 [1/1] (1.58ns)   --->   "%store_ln26 = store i3 %add_ln26, i3 %w" [bnn.cpp:26->bnn.cpp:135]   --->   Operation 109 'store' 'store_ln26' <Predicate = (!icmp_ln26)> <Delay = 1.58>
ST_1 : Operation 110 [1/1] (0.00ns)   --->   "%br_ln26 = br void %for.body.i65" [bnn.cpp:26->bnn.cpp:135]   --->   Operation 110 'br' 'br_ln26' <Predicate = (!icmp_ln26)> <Delay = 0.00>
ST_1 : Operation 111 [1/1] (0.00ns)   --->   "%p_0_0271104_load = load i16 %p_0_0271104"   --->   Operation 111 'load' 'p_0_0271104_load' <Predicate = (icmp_ln26)> <Delay = 0.00>
ST_1 : Operation 112 [1/1] (0.00ns)   --->   "%p_0_0271_1106_load = load i16 %p_0_0271_1106"   --->   Operation 112 'load' 'p_0_0271_1106_load' <Predicate = (icmp_ln26)> <Delay = 0.00>
ST_1 : Operation 113 [1/1] (0.00ns)   --->   "%p_0_0271_2108_load = load i16 %p_0_0271_2108"   --->   Operation 113 'load' 'p_0_0271_2108_load' <Predicate = (icmp_ln26)> <Delay = 0.00>
ST_1 : Operation 114 [1/1] (0.00ns)   --->   "%p_0_0271_3110_load = load i16 %p_0_0271_3110"   --->   Operation 114 'load' 'p_0_0271_3110_load' <Predicate = (icmp_ln26)> <Delay = 0.00>
ST_1 : Operation 115 [1/1] (0.00ns)   --->   "%write_ln0 = write void @_ssdm_op_Write.ap_auto.i16P0A, i16 %p_0_0271_3110_out, i16 %p_0_0271_3110_load"   --->   Operation 115 'write' 'write_ln0' <Predicate = (icmp_ln26)> <Delay = 0.00>
ST_1 : Operation 116 [1/1] (0.00ns)   --->   "%write_ln0 = write void @_ssdm_op_Write.ap_auto.i16P0A, i16 %p_0_0271_2108_out, i16 %p_0_0271_2108_load"   --->   Operation 116 'write' 'write_ln0' <Predicate = (icmp_ln26)> <Delay = 0.00>
ST_1 : Operation 117 [1/1] (0.00ns)   --->   "%write_ln0 = write void @_ssdm_op_Write.ap_auto.i16P0A, i16 %p_0_0271_1106_out, i16 %p_0_0271_1106_load"   --->   Operation 117 'write' 'write_ln0' <Predicate = (icmp_ln26)> <Delay = 0.00>
ST_1 : Operation 118 [1/1] (0.00ns)   --->   "%write_ln0 = write void @_ssdm_op_Write.ap_auto.i16P0A, i16 %p_0_0271104_out, i16 %p_0_0271104_load"   --->   Operation 118 'write' 'write_ln0' <Predicate = (icmp_ln26)> <Delay = 0.00>
ST_1 : Operation 119 [1/1] (1.58ns)   --->   "%ret_ln0 = ret"   --->   Operation 119 'ret' 'ret_ln0' <Predicate = (icmp_ln26)> <Delay = 1.58>


============================================================
+ Verbose Summary: Binding
============================================================
STG Binding: 
---------------- STG Properties BEGIN ----------------
- Is combinational: 0
- Is one-state seq: 0
- Is datapath-only: 0
- Is pipelined: 0
- Is top level: 0
Port [ Return ] is wired: 1; IO mode=ap_ctrl_hs:ce=0
Port [ l2_bits_reload]:  wired=1; compound=0; hidden=0; nouse=0; global=0; static=0; extern=0; dir=0; type=0; pingpong=0; private_global=0; IO mode=ap_none:ce=0
Port [ l2_bits_16_reload]:  wired=1; compound=0; hidden=0; nouse=0; global=0; static=0; extern=0; dir=0; type=0; pingpong=0; private_global=0; IO mode=ap_none:ce=0
Port [ l2_bits_32_reload]:  wired=1; compound=0; hidden=0; nouse=0; global=0; static=0; extern=0; dir=0; type=0; pingpong=0; private_global=0; IO mode=ap_none:ce=0
Port [ l2_bits_48_reload]:  wired=1; compound=0; hidden=0; nouse=0; global=0; static=0; extern=0; dir=0; type=0; pingpong=0; private_global=0; IO mode=ap_none:ce=0
Port [ l2_bits_1_reload]:  wired=1; compound=0; hidden=0; nouse=0; global=0; static=0; extern=0; dir=0; type=0; pingpong=0; private_global=0; IO mode=ap_none:ce=0
Port [ l2_bits_17_reload]:  wired=1; compound=0; hidden=0; nouse=0; global=0; static=0; extern=0; dir=0; type=0; pingpong=0; private_global=0; IO mode=ap_none:ce=0
Port [ l2_bits_33_reload]:  wired=1; compound=0; hidden=0; nouse=0; global=0; static=0; extern=0; dir=0; type=0; pingpong=0; private_global=0; IO mode=ap_none:ce=0
Port [ l2_bits_49_reload]:  wired=1; compound=0; hidden=0; nouse=0; global=0; static=0; extern=0; dir=0; type=0; pingpong=0; private_global=0; IO mode=ap_none:ce=0
Port [ l2_bits_2_reload]:  wired=1; compound=0; hidden=0; nouse=0; global=0; static=0; extern=0; dir=0; type=0; pingpong=0; private_global=0; IO mode=ap_none:ce=0
Port [ l2_bits_18_reload]:  wired=1; compound=0; hidden=0; nouse=0; global=0; static=0; extern=0; dir=0; type=0; pingpong=0; private_global=0; IO mode=ap_none:ce=0
Port [ l2_bits_34_reload]:  wired=1; compound=0; hidden=0; nouse=0; global=0; static=0; extern=0; dir=0; type=0; pingpong=0; private_global=0; IO mode=ap_none:ce=0
Port [ l2_bits_50_reload]:  wired=1; compound=0; hidden=0; nouse=0; global=0; static=0; extern=0; dir=0; type=0; pingpong=0; private_global=0; IO mode=ap_none:ce=0
Port [ l2_bits_3_reload]:  wired=1; compound=0; hidden=0; nouse=0; global=0; static=0; extern=0; dir=0; type=0; pingpong=0; private_global=0; IO mode=ap_none:ce=0
Port [ l2_bits_19_reload]:  wired=1; compound=0; hidden=0; nouse=0; global=0; static=0; extern=0; dir=0; type=0; pingpong=0; private_global=0; IO mode=ap_none:ce=0
Port [ l2_bits_35_reload]:  wired=1; compound=0; hidden=0; nouse=0; global=0; static=0; extern=0; dir=0; type=0; pingpong=0; private_global=0; IO mode=ap_none:ce=0
Port [ l2_bits_51_reload]:  wired=1; compound=0; hidden=0; nouse=0; global=0; static=0; extern=0; dir=0; type=0; pingpong=0; private_global=0; IO mode=ap_none:ce=0
Port [ l2_bits_4_reload]:  wired=1; compound=0; hidden=0; nouse=0; global=0; static=0; extern=0; dir=0; type=0; pingpong=0; private_global=0; IO mode=ap_none:ce=0
Port [ l2_bits_20_reload]:  wired=1; compound=0; hidden=0; nouse=0; global=0; static=0; extern=0; dir=0; type=0; pingpong=0; private_global=0; IO mode=ap_none:ce=0
Port [ l2_bits_36_reload]:  wired=1; compound=0; hidden=0; nouse=0; global=0; static=0; extern=0; dir=0; type=0; pingpong=0; private_global=0; IO mode=ap_none:ce=0
Port [ l2_bits_52_reload]:  wired=1; compound=0; hidden=0; nouse=0; global=0; static=0; extern=0; dir=0; type=0; pingpong=0; private_global=0; IO mode=ap_none:ce=0
Port [ l2_bits_5_reload]:  wired=1; compound=0; hidden=0; nouse=0; global=0; static=0; extern=0; dir=0; type=0; pingpong=0; private_global=0; IO mode=ap_none:ce=0
Port [ l2_bits_21_reload]:  wired=1; compound=0; hidden=0; nouse=0; global=0; static=0; extern=0; dir=0; type=0; pingpong=0; private_global=0; IO mode=ap_none:ce=0
Port [ l2_bits_37_reload]:  wired=1; compound=0; hidden=0; nouse=0; global=0; static=0; extern=0; dir=0; type=0; pingpong=0; private_global=0; IO mode=ap_none:ce=0
Port [ l2_bits_53_reload]:  wired=1; compound=0; hidden=0; nouse=0; global=0; static=0; extern=0; dir=0; type=0; pingpong=0; private_global=0; IO mode=ap_none:ce=0
Port [ l2_bits_6_reload]:  wired=1; compound=0; hidden=0; nouse=0; global=0; static=0; extern=0; dir=0; type=0; pingpong=0; private_global=0; IO mode=ap_none:ce=0
Port [ l2_bits_22_reload]:  wired=1; compound=0; hidden=0; nouse=0; global=0; static=0; extern=0; dir=0; type=0; pingpong=0; private_global=0; IO mode=ap_none:ce=0
Port [ l2_bits_38_reload]:  wired=1; compound=0; hidden=0; nouse=0; global=0; static=0; extern=0; dir=0; type=0; pingpong=0; private_global=0; IO mode=ap_none:ce=0
Port [ l2_bits_54_reload]:  wired=1; compound=0; hidden=0; nouse=0; global=0; static=0; extern=0; dir=0; type=0; pingpong=0; private_global=0; IO mode=ap_none:ce=0
Port [ l2_bits_7_reload]:  wired=1; compound=0; hidden=0; nouse=0; global=0; static=0; extern=0; dir=0; type=0; pingpong=0; private_global=0; IO mode=ap_none:ce=0
Port [ l2_bits_23_reload]:  wired=1; compound=0; hidden=0; nouse=0; global=0; static=0; extern=0; dir=0; type=0; pingpong=0; private_global=0; IO mode=ap_none:ce=0
Port [ l2_bits_39_reload]:  wired=1; compound=0; hidden=0; nouse=0; global=0; static=0; extern=0; dir=0; type=0; pingpong=0; private_global=0; IO mode=ap_none:ce=0
Port [ l2_bits_55_reload]:  wired=1; compound=0; hidden=0; nouse=0; global=0; static=0; extern=0; dir=0; type=0; pingpong=0; private_global=0; IO mode=ap_none:ce=0
Port [ l2_bits_8_reload]:  wired=1; compound=0; hidden=0; nouse=0; global=0; static=0; extern=0; dir=0; type=0; pingpong=0; private_global=0; IO mode=ap_none:ce=0
Port [ l2_bits_24_reload]:  wired=1; compound=0; hidden=0; nouse=0; global=0; static=0; extern=0; dir=0; type=0; pingpong=0; private_global=0; IO mode=ap_none:ce=0
Port [ l2_bits_40_reload]:  wired=1; compound=0; hidden=0; nouse=0; global=0; static=0; extern=0; dir=0; type=0; pingpong=0; private_global=0; IO mode=ap_none:ce=0
Port [ l2_bits_56_reload]:  wired=1; compound=0; hidden=0; nouse=0; global=0; static=0; extern=0; dir=0; type=0; pingpong=0; private_global=0; IO mode=ap_none:ce=0
Port [ l2_bits_9_reload]:  wired=1; compound=0; hidden=0; nouse=0; global=0; static=0; extern=0; dir=0; type=0; pingpong=0; private_global=0; IO mode=ap_none:ce=0
Port [ l2_bits_25_reload]:  wired=1; compound=0; hidden=0; nouse=0; global=0; static=0; extern=0; dir=0; type=0; pingpong=0; private_global=0; IO mode=ap_none:ce=0
Port [ l2_bits_41_reload]:  wired=1; compound=0; hidden=0; nouse=0; global=0; static=0; extern=0; dir=0; type=0; pingpong=0; private_global=0; IO mode=ap_none:ce=0
Port [ l2_bits_57_reload]:  wired=1; compound=0; hidden=0; nouse=0; global=0; static=0; extern=0; dir=0; type=0; pingpong=0; private_global=0; IO mode=ap_none:ce=0
Port [ l2_bits_10_reload]:  wired=1; compound=0; hidden=0; nouse=0; global=0; static=0; extern=0; dir=0; type=0; pingpong=0; private_global=0; IO mode=ap_none:ce=0
Port [ l2_bits_26_reload]:  wired=1; compound=0; hidden=0; nouse=0; global=0; static=0; extern=0; dir=0; type=0; pingpong=0; private_global=0; IO mode=ap_none:ce=0
Port [ l2_bits_42_reload]:  wired=1; compound=0; hidden=0; nouse=0; global=0; static=0; extern=0; dir=0; type=0; pingpong=0; private_global=0; IO mode=ap_none:ce=0
Port [ l2_bits_58_reload]:  wired=1; compound=0; hidden=0; nouse=0; global=0; static=0; extern=0; dir=0; type=0; pingpong=0; private_global=0; IO mode=ap_none:ce=0
Port [ l2_bits_11_reload]:  wired=1; compound=0; hidden=0; nouse=0; global=0; static=0; extern=0; dir=0; type=0; pingpong=0; private_global=0; IO mode=ap_none:ce=0
Port [ l2_bits_27_reload]:  wired=1; compound=0; hidden=0; nouse=0; global=0; static=0; extern=0; dir=0; type=0; pingpong=0; private_global=0; IO mode=ap_none:ce=0
Port [ l2_bits_43_reload]:  wired=1; compound=0; hidden=0; nouse=0; global=0; static=0; extern=0; dir=0; type=0; pingpong=0; private_global=0; IO mode=ap_none:ce=0
Port [ l2_bits_59_reload]:  wired=1; compound=0; hidden=0; nouse=0; global=0; static=0; extern=0; dir=0; type=0; pingpong=0; private_global=0; IO mode=ap_none:ce=0
Port [ l2_bits_12_reload]:  wired=1; compound=0; hidden=0; nouse=0; global=0; static=0; extern=0; dir=0; type=0; pingpong=0; private_global=0; IO mode=ap_none:ce=0
Port [ l2_bits_28_reload]:  wired=1; compound=0; hidden=0; nouse=0; global=0; static=0; extern=0; dir=0; type=0; pingpong=0; private_global=0; IO mode=ap_none:ce=0
Port [ l2_bits_44_reload]:  wired=1; compound=0; hidden=0; nouse=0; global=0; static=0; extern=0; dir=0; type=0; pingpong=0; private_global=0; IO mode=ap_none:ce=0
Port [ l2_bits_60_reload]:  wired=1; compound=0; hidden=0; nouse=0; global=0; static=0; extern=0; dir=0; type=0; pingpong=0; private_global=0; IO mode=ap_none:ce=0
Port [ l2_bits_13_reload]:  wired=1; compound=0; hidden=0; nouse=0; global=0; static=0; extern=0; dir=0; type=0; pingpong=0; private_global=0; IO mode=ap_none:ce=0
Port [ l2_bits_29_reload]:  wired=1; compound=0; hidden=0; nouse=0; global=0; static=0; extern=0; dir=0; type=0; pingpong=0; private_global=0; IO mode=ap_none:ce=0
Port [ l2_bits_45_reload]:  wired=1; compound=0; hidden=0; nouse=0; global=0; static=0; extern=0; dir=0; type=0; pingpong=0; private_global=0; IO mode=ap_none:ce=0
Port [ l2_bits_61_reload]:  wired=1; compound=0; hidden=0; nouse=0; global=0; static=0; extern=0; dir=0; type=0; pingpong=0; private_global=0; IO mode=ap_none:ce=0
Port [ l2_bits_14_reload]:  wired=1; compound=0; hidden=0; nouse=0; global=0; static=0; extern=0; dir=0; type=0; pingpong=0; private_global=0; IO mode=ap_none:ce=0
Port [ l2_bits_30_reload]:  wired=1; compound=0; hidden=0; nouse=0; global=0; static=0; extern=0; dir=0; type=0; pingpong=0; private_global=0; IO mode=ap_none:ce=0
Port [ l2_bits_46_reload]:  wired=1; compound=0; hidden=0; nouse=0; global=0; static=0; extern=0; dir=0; type=0; pingpong=0; private_global=0; IO mode=ap_none:ce=0
Port [ l2_bits_62_reload]:  wired=1; compound=0; hidden=0; nouse=0; global=0; static=0; extern=0; dir=0; type=0; pingpong=0; private_global=0; IO mode=ap_none:ce=0
Port [ l2_bits_15_reload]:  wired=1; compound=0; hidden=0; nouse=0; global=0; static=0; extern=0; dir=0; type=0; pingpong=0; private_global=0; IO mode=ap_none:ce=0
Port [ l2_bits_31_reload]:  wired=1; compound=0; hidden=0; nouse=0; global=0; static=0; extern=0; dir=0; type=0; pingpong=0; private_global=0; IO mode=ap_none:ce=0
Port [ l2_bits_47_reload]:  wired=1; compound=0; hidden=0; nouse=0; global=0; static=0; extern=0; dir=0; type=0; pingpong=0; private_global=0; IO mode=ap_none:ce=0
Port [ l2_bits_63_reload]:  wired=1; compound=0; hidden=0; nouse=0; global=0; static=0; extern=0; dir=0; type=0; pingpong=0; private_global=0; IO mode=ap_none:ce=0
Port [ p_0_0271_3110_out]:  wired=1; compound=0; hidden=0; nouse=0; global=0; static=0; extern=0; dir=1; type=0; pingpong=0; private_global=0; IO mode=ap_vld:ce=0
Port [ p_0_0271_2108_out]:  wired=1; compound=0; hidden=0; nouse=0; global=0; static=0; extern=0; dir=1; type=0; pingpong=0; private_global=0; IO mode=ap_vld:ce=0
Port [ p_0_0271_1106_out]:  wired=1; compound=0; hidden=0; nouse=0; global=0; static=0; extern=0; dir=1; type=0; pingpong=0; private_global=0; IO mode=ap_vld:ce=0
Port [ p_0_0271104_out]:  wired=1; compound=0; hidden=0; nouse=0; global=0; static=0; extern=0; dir=1; type=0; pingpong=0; private_global=0; IO mode=ap_vld:ce=0
---------------- STG Properties END ------------------

---------------- Datapath Model BEGIN ----------------

<LifeTime>
<method=bitvector/>
w                      (alloca           ) [ 01]
p_0_0271104            (alloca           ) [ 01]
p_0_0271_1106          (alloca           ) [ 01]
p_0_0271_2108          (alloca           ) [ 01]
p_0_0271_3110          (alloca           ) [ 01]
l2_bits_63_reload_read (read             ) [ 00]
l2_bits_47_reload_read (read             ) [ 00]
l2_bits_31_reload_read (read             ) [ 00]
l2_bits_15_reload_read (read             ) [ 00]
l2_bits_62_reload_read (read             ) [ 00]
l2_bits_46_reload_read (read             ) [ 00]
l2_bits_30_reload_read (read             ) [ 00]
l2_bits_14_reload_read (read             ) [ 00]
l2_bits_61_reload_read (read             ) [ 00]
l2_bits_45_reload_read (read             ) [ 00]
l2_bits_29_reload_read (read             ) [ 00]
l2_bits_13_reload_read (read             ) [ 00]
l2_bits_60_reload_read (read             ) [ 00]
l2_bits_44_reload_read (read             ) [ 00]
l2_bits_28_reload_read (read             ) [ 00]
l2_bits_12_reload_read (read             ) [ 00]
l2_bits_59_reload_read (read             ) [ 00]
l2_bits_43_reload_read (read             ) [ 00]
l2_bits_27_reload_read (read             ) [ 00]
l2_bits_11_reload_read (read             ) [ 00]
l2_bits_58_reload_read (read             ) [ 00]
l2_bits_42_reload_read (read             ) [ 00]
l2_bits_26_reload_read (read             ) [ 00]
l2_bits_10_reload_read (read             ) [ 00]
l2_bits_57_reload_read (read             ) [ 00]
l2_bits_41_reload_read (read             ) [ 00]
l2_bits_25_reload_read (read             ) [ 00]
l2_bits_9_reload_read  (read             ) [ 00]
l2_bits_56_reload_read (read             ) [ 00]
l2_bits_40_reload_read (read             ) [ 00]
l2_bits_24_reload_read (read             ) [ 00]
l2_bits_8_reload_read  (read             ) [ 00]
l2_bits_55_reload_read (read             ) [ 00]
l2_bits_39_reload_read (read             ) [ 00]
l2_bits_23_reload_read (read             ) [ 00]
l2_bits_7_reload_read  (read             ) [ 00]
l2_bits_54_reload_read (read             ) [ 00]
l2_bits_38_reload_read (read             ) [ 00]
l2_bits_22_reload_read (read             ) [ 00]
l2_bits_6_reload_read  (read             ) [ 00]
l2_bits_53_reload_read (read             ) [ 00]
l2_bits_37_reload_read (read             ) [ 00]
l2_bits_21_reload_read (read             ) [ 00]
l2_bits_5_reload_read  (read             ) [ 00]
l2_bits_52_reload_read (read             ) [ 00]
l2_bits_36_reload_read (read             ) [ 00]
l2_bits_20_reload_read (read             ) [ 00]
l2_bits_4_reload_read  (read             ) [ 00]
l2_bits_51_reload_read (read             ) [ 00]
l2_bits_35_reload_read (read             ) [ 00]
l2_bits_19_reload_read (read             ) [ 00]
l2_bits_3_reload_read  (read             ) [ 00]
l2_bits_50_reload_read (read             ) [ 00]
l2_bits_34_reload_read (read             ) [ 00]
l2_bits_18_reload_read (read             ) [ 00]
l2_bits_2_reload_read  (read             ) [ 00]
l2_bits_49_reload_read (read             ) [ 00]
l2_bits_33_reload_read (read             ) [ 00]
l2_bits_17_reload_read (read             ) [ 00]
l2_bits_1_reload_read  (read             ) [ 00]
l2_bits_48_reload_read (read             ) [ 00]
l2_bits_32_reload_read (read             ) [ 00]
l2_bits_16_reload_read (read             ) [ 00]
l2_bits_reload_read    (read             ) [ 00]
store_ln26             (store            ) [ 00]
br_ln0                 (br               ) [ 00]
w_1                    (load             ) [ 00]
icmp_ln26              (icmp             ) [ 01]
add_ln26               (add              ) [ 00]
br_ln26                (br               ) [ 00]
trunc_ln26             (trunc            ) [ 01]
specpipeline_ln27      (specpipeline     ) [ 00]
speclooptripcount_ln26 (speclooptripcount) [ 00]
specloopname_ln26      (specloopname     ) [ 00]
word                   (sparsemux        ) [ 00]
tmp_s                  (sparsemux        ) [ 00]
tmp_1                  (sparsemux        ) [ 00]
tmp_2                  (sparsemux        ) [ 00]
tmp_3                  (sparsemux        ) [ 00]
tmp_4                  (sparsemux        ) [ 00]
tmp_5                  (sparsemux        ) [ 00]
tmp_6                  (sparsemux        ) [ 00]
tmp_7                  (sparsemux        ) [ 00]
tmp_8                  (sparsemux        ) [ 00]
tmp_9                  (sparsemux        ) [ 00]
tmp_10                 (sparsemux        ) [ 00]
tmp_11                 (sparsemux        ) [ 00]
tmp_12                 (sparsemux        ) [ 00]
tmp_13                 (sparsemux        ) [ 00]
tmp_14                 (sparsemux        ) [ 00]
word_2                 (bitconcatenate   ) [ 00]
switch_ln39            (switch           ) [ 00]
store_ln36             (store            ) [ 00]
br_ln39                (br               ) [ 00]
store_ln36             (store            ) [ 00]
br_ln39                (br               ) [ 00]
store_ln36             (store            ) [ 00]
br_ln39                (br               ) [ 00]
store_ln36             (store            ) [ 00]
br_ln39                (br               ) [ 00]
store_ln26             (store            ) [ 00]
br_ln26                (br               ) [ 00]
p_0_0271104_load       (load             ) [ 00]
p_0_0271_1106_load     (load             ) [ 00]
p_0_0271_2108_load     (load             ) [ 00]
p_0_0271_3110_load     (load             ) [ 00]
write_ln0              (write            ) [ 00]
write_ln0              (write            ) [ 00]
write_ln0              (write            ) [ 00]
write_ln0              (write            ) [ 00]
ret_ln0                (ret              ) [ 00]
</LifeTime>

<model>

<comp_list>
<comp id="0" class="1000" name="l2_bits_reload">
<pin_list>
<pin id="1" dir="1" index="0" bw="1" slack="0"/>
</pin_list>
<bind>
<StgValue><ssdm name="l2_bits_reload"/></StgValue>
</bind>
</comp>

<comp id="2" class="1000" name="l2_bits_16_reload">
<pin_list>
<pin id="3" dir="1" index="0" bw="1" slack="0"/>
</pin_list>
<bind>
<StgValue><ssdm name="l2_bits_16_reload"/></StgValue>
</bind>
</comp>

<comp id="4" class="1000" name="l2_bits_32_reload">
<pin_list>
<pin id="5" dir="1" index="0" bw="1" slack="0"/>
</pin_list>
<bind>
<StgValue><ssdm name="l2_bits_32_reload"/></StgValue>
</bind>
</comp>

<comp id="6" class="1000" name="l2_bits_48_reload">
<pin_list>
<pin id="7" dir="1" index="0" bw="1" slack="0"/>
</pin_list>
<bind>
<StgValue><ssdm name="l2_bits_48_reload"/></StgValue>
</bind>
</comp>

<comp id="8" class="1000" name="l2_bits_1_reload">
<pin_list>
<pin id="9" dir="1" index="0" bw="1" slack="0"/>
</pin_list>
<bind>
<StgValue><ssdm name="l2_bits_1_reload"/></StgValue>
</bind>
</comp>

<comp id="10" class="1000" name="l2_bits_17_reload">
<pin_list>
<pin id="11" dir="1" index="0" bw="1" slack="0"/>
</pin_list>
<bind>
<StgValue><ssdm name="l2_bits_17_reload"/></StgValue>
</bind>
</comp>

<comp id="12" class="1000" name="l2_bits_33_reload">
<pin_list>
<pin id="13" dir="1" index="0" bw="1" slack="0"/>
</pin_list>
<bind>
<StgValue><ssdm name="l2_bits_33_reload"/></StgValue>
</bind>
</comp>

<comp id="14" class="1000" name="l2_bits_49_reload">
<pin_list>
<pin id="15" dir="1" index="0" bw="1" slack="0"/>
</pin_list>
<bind>
<StgValue><ssdm name="l2_bits_49_reload"/></StgValue>
</bind>
</comp>

<comp id="16" class="1000" name="l2_bits_2_reload">
<pin_list>
<pin id="17" dir="1" index="0" bw="1" slack="0"/>
</pin_list>
<bind>
<StgValue><ssdm name="l2_bits_2_reload"/></StgValue>
</bind>
</comp>

<comp id="18" class="1000" name="l2_bits_18_reload">
<pin_list>
<pin id="19" dir="1" index="0" bw="1" slack="0"/>
</pin_list>
<bind>
<StgValue><ssdm name="l2_bits_18_reload"/></StgValue>
</bind>
</comp>

<comp id="20" class="1000" name="l2_bits_34_reload">
<pin_list>
<pin id="21" dir="1" index="0" bw="1" slack="0"/>
</pin_list>
<bind>
<StgValue><ssdm name="l2_bits_34_reload"/></StgValue>
</bind>
</comp>

<comp id="22" class="1000" name="l2_bits_50_reload">
<pin_list>
<pin id="23" dir="1" index="0" bw="1" slack="0"/>
</pin_list>
<bind>
<StgValue><ssdm name="l2_bits_50_reload"/></StgValue>
</bind>
</comp>

<comp id="24" class="1000" name="l2_bits_3_reload">
<pin_list>
<pin id="25" dir="1" index="0" bw="1" slack="0"/>
</pin_list>
<bind>
<StgValue><ssdm name="l2_bits_3_reload"/></StgValue>
</bind>
</comp>

<comp id="26" class="1000" name="l2_bits_19_reload">
<pin_list>
<pin id="27" dir="1" index="0" bw="1" slack="0"/>
</pin_list>
<bind>
<StgValue><ssdm name="l2_bits_19_reload"/></StgValue>
</bind>
</comp>

<comp id="28" class="1000" name="l2_bits_35_reload">
<pin_list>
<pin id="29" dir="1" index="0" bw="1" slack="0"/>
</pin_list>
<bind>
<StgValue><ssdm name="l2_bits_35_reload"/></StgValue>
</bind>
</comp>

<comp id="30" class="1000" name="l2_bits_51_reload">
<pin_list>
<pin id="31" dir="1" index="0" bw="1" slack="0"/>
</pin_list>
<bind>
<StgValue><ssdm name="l2_bits_51_reload"/></StgValue>
</bind>
</comp>

<comp id="32" class="1000" name="l2_bits_4_reload">
<pin_list>
<pin id="33" dir="1" index="0" bw="1" slack="0"/>
</pin_list>
<bind>
<StgValue><ssdm name="l2_bits_4_reload"/></StgValue>
</bind>
</comp>

<comp id="34" class="1000" name="l2_bits_20_reload">
<pin_list>
<pin id="35" dir="1" index="0" bw="1" slack="0"/>
</pin_list>
<bind>
<StgValue><ssdm name="l2_bits_20_reload"/></StgValue>
</bind>
</comp>

<comp id="36" class="1000" name="l2_bits_36_reload">
<pin_list>
<pin id="37" dir="1" index="0" bw="1" slack="0"/>
</pin_list>
<bind>
<StgValue><ssdm name="l2_bits_36_reload"/></StgValue>
</bind>
</comp>

<comp id="38" class="1000" name="l2_bits_52_reload">
<pin_list>
<pin id="39" dir="1" index="0" bw="1" slack="0"/>
</pin_list>
<bind>
<StgValue><ssdm name="l2_bits_52_reload"/></StgValue>
</bind>
</comp>

<comp id="40" class="1000" name="l2_bits_5_reload">
<pin_list>
<pin id="41" dir="1" index="0" bw="1" slack="0"/>
</pin_list>
<bind>
<StgValue><ssdm name="l2_bits_5_reload"/></StgValue>
</bind>
</comp>

<comp id="42" class="1000" name="l2_bits_21_reload">
<pin_list>
<pin id="43" dir="1" index="0" bw="1" slack="0"/>
</pin_list>
<bind>
<StgValue><ssdm name="l2_bits_21_reload"/></StgValue>
</bind>
</comp>

<comp id="44" class="1000" name="l2_bits_37_reload">
<pin_list>
<pin id="45" dir="1" index="0" bw="1" slack="0"/>
</pin_list>
<bind>
<StgValue><ssdm name="l2_bits_37_reload"/></StgValue>
</bind>
</comp>

<comp id="46" class="1000" name="l2_bits_53_reload">
<pin_list>
<pin id="47" dir="1" index="0" bw="1" slack="0"/>
</pin_list>
<bind>
<StgValue><ssdm name="l2_bits_53_reload"/></StgValue>
</bind>
</comp>

<comp id="48" class="1000" name="l2_bits_6_reload">
<pin_list>
<pin id="49" dir="1" index="0" bw="1" slack="0"/>
</pin_list>
<bind>
<StgValue><ssdm name="l2_bits_6_reload"/></StgValue>
</bind>
</comp>

<comp id="50" class="1000" name="l2_bits_22_reload">
<pin_list>
<pin id="51" dir="1" index="0" bw="1" slack="0"/>
</pin_list>
<bind>
<StgValue><ssdm name="l2_bits_22_reload"/></StgValue>
</bind>
</comp>

<comp id="52" class="1000" name="l2_bits_38_reload">
<pin_list>
<pin id="53" dir="1" index="0" bw="1" slack="0"/>
</pin_list>
<bind>
<StgValue><ssdm name="l2_bits_38_reload"/></StgValue>
</bind>
</comp>

<comp id="54" class="1000" name="l2_bits_54_reload">
<pin_list>
<pin id="55" dir="1" index="0" bw="1" slack="0"/>
</pin_list>
<bind>
<StgValue><ssdm name="l2_bits_54_reload"/></StgValue>
</bind>
</comp>

<comp id="56" class="1000" name="l2_bits_7_reload">
<pin_list>
<pin id="57" dir="1" index="0" bw="1" slack="0"/>
</pin_list>
<bind>
<StgValue><ssdm name="l2_bits_7_reload"/></StgValue>
</bind>
</comp>

<comp id="58" class="1000" name="l2_bits_23_reload">
<pin_list>
<pin id="59" dir="1" index="0" bw="1" slack="0"/>
</pin_list>
<bind>
<StgValue><ssdm name="l2_bits_23_reload"/></StgValue>
</bind>
</comp>

<comp id="60" class="1000" name="l2_bits_39_reload">
<pin_list>
<pin id="61" dir="1" index="0" bw="1" slack="0"/>
</pin_list>
<bind>
<StgValue><ssdm name="l2_bits_39_reload"/></StgValue>
</bind>
</comp>

<comp id="62" class="1000" name="l2_bits_55_reload">
<pin_list>
<pin id="63" dir="1" index="0" bw="1" slack="0"/>
</pin_list>
<bind>
<StgValue><ssdm name="l2_bits_55_reload"/></StgValue>
</bind>
</comp>

<comp id="64" class="1000" name="l2_bits_8_reload">
<pin_list>
<pin id="65" dir="1" index="0" bw="1" slack="0"/>
</pin_list>
<bind>
<StgValue><ssdm name="l2_bits_8_reload"/></StgValue>
</bind>
</comp>

<comp id="66" class="1000" name="l2_bits_24_reload">
<pin_list>
<pin id="67" dir="1" index="0" bw="1" slack="0"/>
</pin_list>
<bind>
<StgValue><ssdm name="l2_bits_24_reload"/></StgValue>
</bind>
</comp>

<comp id="68" class="1000" name="l2_bits_40_reload">
<pin_list>
<pin id="69" dir="1" index="0" bw="1" slack="0"/>
</pin_list>
<bind>
<StgValue><ssdm name="l2_bits_40_reload"/></StgValue>
</bind>
</comp>

<comp id="70" class="1000" name="l2_bits_56_reload">
<pin_list>
<pin id="71" dir="1" index="0" bw="1" slack="0"/>
</pin_list>
<bind>
<StgValue><ssdm name="l2_bits_56_reload"/></StgValue>
</bind>
</comp>

<comp id="72" class="1000" name="l2_bits_9_reload">
<pin_list>
<pin id="73" dir="1" index="0" bw="1" slack="0"/>
</pin_list>
<bind>
<StgValue><ssdm name="l2_bits_9_reload"/></StgValue>
</bind>
</comp>

<comp id="74" class="1000" name="l2_bits_25_reload">
<pin_list>
<pin id="75" dir="1" index="0" bw="1" slack="0"/>
</pin_list>
<bind>
<StgValue><ssdm name="l2_bits_25_reload"/></StgValue>
</bind>
</comp>

<comp id="76" class="1000" name="l2_bits_41_reload">
<pin_list>
<pin id="77" dir="1" index="0" bw="1" slack="0"/>
</pin_list>
<bind>
<StgValue><ssdm name="l2_bits_41_reload"/></StgValue>
</bind>
</comp>

<comp id="78" class="1000" name="l2_bits_57_reload">
<pin_list>
<pin id="79" dir="1" index="0" bw="1" slack="0"/>
</pin_list>
<bind>
<StgValue><ssdm name="l2_bits_57_reload"/></StgValue>
</bind>
</comp>

<comp id="80" class="1000" name="l2_bits_10_reload">
<pin_list>
<pin id="81" dir="1" index="0" bw="1" slack="0"/>
</pin_list>
<bind>
<StgValue><ssdm name="l2_bits_10_reload"/></StgValue>
</bind>
</comp>

<comp id="82" class="1000" name="l2_bits_26_reload">
<pin_list>
<pin id="83" dir="1" index="0" bw="1" slack="0"/>
</pin_list>
<bind>
<StgValue><ssdm name="l2_bits_26_reload"/></StgValue>
</bind>
</comp>

<comp id="84" class="1000" name="l2_bits_42_reload">
<pin_list>
<pin id="85" dir="1" index="0" bw="1" slack="0"/>
</pin_list>
<bind>
<StgValue><ssdm name="l2_bits_42_reload"/></StgValue>
</bind>
</comp>

<comp id="86" class="1000" name="l2_bits_58_reload">
<pin_list>
<pin id="87" dir="1" index="0" bw="1" slack="0"/>
</pin_list>
<bind>
<StgValue><ssdm name="l2_bits_58_reload"/></StgValue>
</bind>
</comp>

<comp id="88" class="1000" name="l2_bits_11_reload">
<pin_list>
<pin id="89" dir="1" index="0" bw="1" slack="0"/>
</pin_list>
<bind>
<StgValue><ssdm name="l2_bits_11_reload"/></StgValue>
</bind>
</comp>

<comp id="90" class="1000" name="l2_bits_27_reload">
<pin_list>
<pin id="91" dir="1" index="0" bw="1" slack="0"/>
</pin_list>
<bind>
<StgValue><ssdm name="l2_bits_27_reload"/></StgValue>
</bind>
</comp>

<comp id="92" class="1000" name="l2_bits_43_reload">
<pin_list>
<pin id="93" dir="1" index="0" bw="1" slack="0"/>
</pin_list>
<bind>
<StgValue><ssdm name="l2_bits_43_reload"/></StgValue>
</bind>
</comp>

<comp id="94" class="1000" name="l2_bits_59_reload">
<pin_list>
<pin id="95" dir="1" index="0" bw="1" slack="0"/>
</pin_list>
<bind>
<StgValue><ssdm name="l2_bits_59_reload"/></StgValue>
</bind>
</comp>

<comp id="96" class="1000" name="l2_bits_12_reload">
<pin_list>
<pin id="97" dir="1" index="0" bw="1" slack="0"/>
</pin_list>
<bind>
<StgValue><ssdm name="l2_bits_12_reload"/></StgValue>
</bind>
</comp>

<comp id="98" class="1000" name="l2_bits_28_reload">
<pin_list>
<pin id="99" dir="1" index="0" bw="1" slack="0"/>
</pin_list>
<bind>
<StgValue><ssdm name="l2_bits_28_reload"/></StgValue>
</bind>
</comp>

<comp id="100" class="1000" name="l2_bits_44_reload">
<pin_list>
<pin id="101" dir="1" index="0" bw="1" slack="0"/>
</pin_list>
<bind>
<StgValue><ssdm name="l2_bits_44_reload"/></StgValue>
</bind>
</comp>

<comp id="102" class="1000" name="l2_bits_60_reload">
<pin_list>
<pin id="103" dir="1" index="0" bw="1" slack="0"/>
</pin_list>
<bind>
<StgValue><ssdm name="l2_bits_60_reload"/></StgValue>
</bind>
</comp>

<comp id="104" class="1000" name="l2_bits_13_reload">
<pin_list>
<pin id="105" dir="1" index="0" bw="1" slack="0"/>
</pin_list>
<bind>
<StgValue><ssdm name="l2_bits_13_reload"/></StgValue>
</bind>
</comp>

<comp id="106" class="1000" name="l2_bits_29_reload">
<pin_list>
<pin id="107" dir="1" index="0" bw="1" slack="0"/>
</pin_list>
<bind>
<StgValue><ssdm name="l2_bits_29_reload"/></StgValue>
</bind>
</comp>

<comp id="108" class="1000" name="l2_bits_45_reload">
<pin_list>
<pin id="109" dir="1" index="0" bw="1" slack="0"/>
</pin_list>
<bind>
<StgValue><ssdm name="l2_bits_45_reload"/></StgValue>
</bind>
</comp>

<comp id="110" class="1000" name="l2_bits_61_reload">
<pin_list>
<pin id="111" dir="1" index="0" bw="1" slack="0"/>
</pin_list>
<bind>
<StgValue><ssdm name="l2_bits_61_reload"/></StgValue>
</bind>
</comp>

<comp id="112" class="1000" name="l2_bits_14_reload">
<pin_list>
<pin id="113" dir="1" index="0" bw="1" slack="0"/>
</pin_list>
<bind>
<StgValue><ssdm name="l2_bits_14_reload"/></StgValue>
</bind>
</comp>

<comp id="114" class="1000" name="l2_bits_30_reload">
<pin_list>
<pin id="115" dir="1" index="0" bw="1" slack="0"/>
</pin_list>
<bind>
<StgValue><ssdm name="l2_bits_30_reload"/></StgValue>
</bind>
</comp>

<comp id="116" class="1000" name="l2_bits_46_reload">
<pin_list>
<pin id="117" dir="1" index="0" bw="1" slack="0"/>
</pin_list>
<bind>
<StgValue><ssdm name="l2_bits_46_reload"/></StgValue>
</bind>
</comp>

<comp id="118" class="1000" name="l2_bits_62_reload">
<pin_list>
<pin id="119" dir="1" index="0" bw="1" slack="0"/>
</pin_list>
<bind>
<StgValue><ssdm name="l2_bits_62_reload"/></StgValue>
</bind>
</comp>

<comp id="120" class="1000" name="l2_bits_15_reload">
<pin_list>
<pin id="121" dir="1" index="0" bw="1" slack="0"/>
</pin_list>
<bind>
<StgValue><ssdm name="l2_bits_15_reload"/></StgValue>
</bind>
</comp>

<comp id="122" class="1000" name="l2_bits_31_reload">
<pin_list>
<pin id="123" dir="1" index="0" bw="1" slack="0"/>
</pin_list>
<bind>
<StgValue><ssdm name="l2_bits_31_reload"/></StgValue>
</bind>
</comp>

<comp id="124" class="1000" name="l2_bits_47_reload">
<pin_list>
<pin id="125" dir="1" index="0" bw="1" slack="0"/>
</pin_list>
<bind>
<StgValue><ssdm name="l2_bits_47_reload"/></StgValue>
</bind>
</comp>

<comp id="126" class="1000" name="l2_bits_63_reload">
<pin_list>
<pin id="127" dir="1" index="0" bw="1" slack="0"/>
</pin_list>
<bind>
<StgValue><ssdm name="l2_bits_63_reload"/></StgValue>
</bind>
</comp>

<comp id="128" class="1000" name="p_0_0271_3110_out">
<pin_list>
<pin id="129" dir="1" index="0" bw="1" slack="0"/>
</pin_list>
<bind>
<StgValue><ssdm name="p_0_0271_3110_out"/></StgValue>
</bind>
</comp>

<comp id="130" class="1000" name="p_0_0271_2108_out">
<pin_list>
<pin id="131" dir="1" index="0" bw="1" slack="0"/>
</pin_list>
<bind>
<StgValue><ssdm name="p_0_0271_2108_out"/></StgValue>
</bind>
</comp>

<comp id="132" class="1000" name="p_0_0271_1106_out">
<pin_list>
<pin id="133" dir="1" index="0" bw="1" slack="0"/>
</pin_list>
<bind>
<StgValue><ssdm name="p_0_0271_1106_out"/></StgValue>
</bind>
</comp>

<comp id="134" class="1000" name="p_0_0271104_out">
<pin_list>
<pin id="135" dir="1" index="0" bw="1" slack="0"/>
</pin_list>
<bind>
<StgValue><ssdm name="p_0_0271104_out"/></StgValue>
</bind>
</comp>

<comp id="136" class="1001" name="const_136">
<pin_list>
<pin id="137" dir="1" index="0" bw="1" slack="0"/>
</pin_list>
<bind>
<StgValue><ssdm name=""/></StgValue>
</bind>
</comp>

<comp id="138" class="1001" name="const_138">
<pin_list>
<pin id="139" dir="1" index="0" bw="1" slack="0"/>
</pin_list>
<bind>
<StgValue><ssdm name="_ssdm_op_Read.ap_auto.i1"/></StgValue>
</bind>
</comp>

<comp id="140" class="1001" name="const_140">
<pin_list>
<pin id="141" dir="1" index="0" bw="1" slack="0"/>
</pin_list>
<bind>
<StgValue><ssdm name=""/></StgValue>
</bind>
</comp>

<comp id="142" class="1001" name="const_142">
<pin_list>
<pin id="143" dir="1" index="0" bw="1" slack="0"/>
</pin_list>
<bind>
<StgValue><ssdm name=""/></StgValue>
</bind>
</comp>

<comp id="144" class="1001" name="const_144">
<pin_list>
<pin id="145" dir="1" index="0" bw="1" slack="0"/>
</pin_list>
<bind>
<StgValue><ssdm name=""/></StgValue>
</bind>
</comp>

<comp id="146" class="1001" name="const_146">
<pin_list>
<pin id="147" dir="1" index="0" bw="1" slack="2147483647"/>
</pin_list>
<bind>
<StgValue><ssdm name="_ssdm_op_SpecPipeline"/></StgValue>
</bind>
</comp>

<comp id="148" class="1001" name="const_148">
<pin_list>
<pin id="149" dir="1" index="0" bw="1" slack="2147483647"/>
</pin_list>
<bind>
<StgValue><ssdm name=""/></StgValue>
</bind>
</comp>

<comp id="150" class="1001" name="const_150">
<pin_list>
<pin id="151" dir="1" index="0" bw="1" slack="2147483647"/>
</pin_list>
<bind>
<StgValue><ssdm name="empty_8"/></StgValue>
</bind>
</comp>

<comp id="152" class="1001" name="const_152">
<pin_list>
<pin id="153" dir="1" index="0" bw="1" slack="2147483647"/>
</pin_list>
<bind>
<StgValue><ssdm name="_ssdm_op_SpecLoopTripCount"/></StgValue>
</bind>
</comp>

<comp id="154" class="1001" name="const_154">
<pin_list>
<pin id="155" dir="1" index="0" bw="1" slack="2147483647"/>
</pin_list>
<bind>
<StgValue><ssdm name=""/></StgValue>
</bind>
</comp>

<comp id="156" class="1001" name="const_156">
<pin_list>
<pin id="157" dir="1" index="0" bw="1" slack="2147483647"/>
</pin_list>
<bind>
<StgValue><ssdm name="_ssdm_op_SpecLoopName"/></StgValue>
</bind>
</comp>

<comp id="158" class="1001" name="const_158">
<pin_list>
<pin id="159" dir="1" index="0" bw="1" slack="2147483647"/>
</pin_list>
<bind>
<StgValue><ssdm name="empty_0"/></StgValue>
</bind>
</comp>

<comp id="160" class="1001" name="const_160">
<pin_list>
<pin id="161" dir="1" index="0" bw="1" slack="0"/>
</pin_list>
<bind>
<StgValue><ssdm name="_ssdm_op_SparseMux.ap_auto.4i1.i1.i2"/></StgValue>
</bind>
</comp>

<comp id="162" class="1001" name="const_162">
<pin_list>
<pin id="163" dir="1" index="0" bw="1" slack="0"/>
</pin_list>
<bind>
<StgValue><ssdm name=""/></StgValue>
</bind>
</comp>

<comp id="164" class="1001" name="const_164">
<pin_list>
<pin id="165" dir="1" index="0" bw="1" slack="0"/>
</pin_list>
<bind>
<StgValue><ssdm name=""/></StgValue>
</bind>
</comp>

<comp id="166" class="1001" name="const_166">
<pin_list>
<pin id="167" dir="1" index="0" bw="1" slack="0"/>
</pin_list>
<bind>
<StgValue><ssdm name=""/></StgValue>
</bind>
</comp>

<comp id="168" class="1001" name="const_168">
<pin_list>
<pin id="169" dir="1" index="0" bw="1" slack="0"/>
</pin_list>
<bind>
<StgValue><ssdm name=""/></StgValue>
</bind>
</comp>

<comp id="170" class="1001" name="const_170">
<pin_list>
<pin id="171" dir="1" index="0" bw="1" slack="0"/>
</pin_list>
<bind>
<StgValue><ssdm name=""/></StgValue>
</bind>
</comp>

<comp id="172" class="1001" name="const_172">
<pin_list>
<pin id="173" dir="1" index="0" bw="1" slack="0"/>
</pin_list>
<bind>
<StgValue><ssdm name="_ssdm_op_BitConcatenate.i16.i1.i1.i1.i1.i1.i1.i1.i1.i1.i1.i1.i1.i1.i1.i1.i1"/></StgValue>
</bind>
</comp>

<comp id="174" class="1001" name="const_174">
<pin_list>
<pin id="175" dir="1" index="0" bw="1" slack="0"/>
</pin_list>
<bind>
<StgValue><ssdm name="_ssdm_op_Write.ap_auto.i16P0A"/></StgValue>
</bind>
</comp>

<comp id="176" class="1004" name="w_fu_176">
<pin_list>
<pin id="177" dir="0" index="0" bw="1" slack="0"/>
<pin id="178" dir="1" index="1" bw="3" slack="0"/>
</pin_list>
<bind>
<opcode="alloca(26) " fcode="alloca"/>
<opset="w/1 "/>
</bind>
</comp>

<comp id="180" class="1004" name="p_0_0271104_fu_180">
<pin_list>
<pin id="181" dir="0" index="0" bw="1" slack="0"/>
<pin id="182" dir="1" index="1" bw="16" slack="0"/>
</pin_list>
<bind>
<opcode="alloca(26) " fcode="alloca"/>
<opset="p_0_0271104/1 "/>
</bind>
</comp>

<comp id="184" class="1004" name="p_0_0271_1106_fu_184">
<pin_list>
<pin id="185" dir="0" index="0" bw="1" slack="0"/>
<pin id="186" dir="1" index="1" bw="16" slack="0"/>
</pin_list>
<bind>
<opcode="alloca(26) " fcode="alloca"/>
<opset="p_0_0271_1106/1 "/>
</bind>
</comp>

<comp id="188" class="1004" name="p_0_0271_2108_fu_188">
<pin_list>
<pin id="189" dir="0" index="0" bw="1" slack="0"/>
<pin id="190" dir="1" index="1" bw="16" slack="0"/>
</pin_list>
<bind>
<opcode="alloca(26) " fcode="alloca"/>
<opset="p_0_0271_2108/1 "/>
</bind>
</comp>

<comp id="192" class="1004" name="p_0_0271_3110_fu_192">
<pin_list>
<pin id="193" dir="0" index="0" bw="1" slack="0"/>
<pin id="194" dir="1" index="1" bw="16" slack="0"/>
</pin_list>
<bind>
<opcode="alloca(26) " fcode="alloca"/>
<opset="p_0_0271_3110/1 "/>
</bind>
</comp>

<comp id="196" class="1004" name="l2_bits_63_reload_read_read_fu_196">
<pin_list>
<pin id="197" dir="0" index="0" bw="1" slack="0"/>
<pin id="198" dir="0" index="1" bw="1" slack="0"/>
<pin id="199" dir="1" index="2" bw="1" slack="0"/>
</pin_list>
<bind>
<opcode="read(1150) " fcode="read"/>
<opset="l2_bits_63_reload_read/1 "/>
</bind>
</comp>

<comp id="202" class="1004" name="l2_bits_47_reload_read_read_fu_202">
<pin_list>
<pin id="203" dir="0" index="0" bw="1" slack="0"/>
<pin id="204" dir="0" index="1" bw="1" slack="0"/>
<pin id="205" dir="1" index="2" bw="1" slack="0"/>
</pin_list>
<bind>
<opcode="read(1150) " fcode="read"/>
<opset="l2_bits_47_reload_read/1 "/>
</bind>
</comp>

<comp id="208" class="1004" name="l2_bits_31_reload_read_read_fu_208">
<pin_list>
<pin id="209" dir="0" index="0" bw="1" slack="0"/>
<pin id="210" dir="0" index="1" bw="1" slack="0"/>
<pin id="211" dir="1" index="2" bw="1" slack="0"/>
</pin_list>
<bind>
<opcode="read(1150) " fcode="read"/>
<opset="l2_bits_31_reload_read/1 "/>
</bind>
</comp>

<comp id="214" class="1004" name="l2_bits_15_reload_read_read_fu_214">
<pin_list>
<pin id="215" dir="0" index="0" bw="1" slack="0"/>
<pin id="216" dir="0" index="1" bw="1" slack="0"/>
<pin id="217" dir="1" index="2" bw="1" slack="0"/>
</pin_list>
<bind>
<opcode="read(1150) " fcode="read"/>
<opset="l2_bits_15_reload_read/1 "/>
</bind>
</comp>

<comp id="220" class="1004" name="l2_bits_62_reload_read_read_fu_220">
<pin_list>
<pin id="221" dir="0" index="0" bw="1" slack="0"/>
<pin id="222" dir="0" index="1" bw="1" slack="0"/>
<pin id="223" dir="1" index="2" bw="1" slack="0"/>
</pin_list>
<bind>
<opcode="read(1150) " fcode="read"/>
<opset="l2_bits_62_reload_read/1 "/>
</bind>
</comp>

<comp id="226" class="1004" name="l2_bits_46_reload_read_read_fu_226">
<pin_list>
<pin id="227" dir="0" index="0" bw="1" slack="0"/>
<pin id="228" dir="0" index="1" bw="1" slack="0"/>
<pin id="229" dir="1" index="2" bw="1" slack="0"/>
</pin_list>
<bind>
<opcode="read(1150) " fcode="read"/>
<opset="l2_bits_46_reload_read/1 "/>
</bind>
</comp>

<comp id="232" class="1004" name="l2_bits_30_reload_read_read_fu_232">
<pin_list>
<pin id="233" dir="0" index="0" bw="1" slack="0"/>
<pin id="234" dir="0" index="1" bw="1" slack="0"/>
<pin id="235" dir="1" index="2" bw="1" slack="0"/>
</pin_list>
<bind>
<opcode="read(1150) " fcode="read"/>
<opset="l2_bits_30_reload_read/1 "/>
</bind>
</comp>

<comp id="238" class="1004" name="l2_bits_14_reload_read_read_fu_238">
<pin_list>
<pin id="239" dir="0" index="0" bw="1" slack="0"/>
<pin id="240" dir="0" index="1" bw="1" slack="0"/>
<pin id="241" dir="1" index="2" bw="1" slack="0"/>
</pin_list>
<bind>
<opcode="read(1150) " fcode="read"/>
<opset="l2_bits_14_reload_read/1 "/>
</bind>
</comp>

<comp id="244" class="1004" name="l2_bits_61_reload_read_read_fu_244">
<pin_list>
<pin id="245" dir="0" index="0" bw="1" slack="0"/>
<pin id="246" dir="0" index="1" bw="1" slack="0"/>
<pin id="247" dir="1" index="2" bw="1" slack="0"/>
</pin_list>
<bind>
<opcode="read(1150) " fcode="read"/>
<opset="l2_bits_61_reload_read/1 "/>
</bind>
</comp>

<comp id="250" class="1004" name="l2_bits_45_reload_read_read_fu_250">
<pin_list>
<pin id="251" dir="0" index="0" bw="1" slack="0"/>
<pin id="252" dir="0" index="1" bw="1" slack="0"/>
<pin id="253" dir="1" index="2" bw="1" slack="0"/>
</pin_list>
<bind>
<opcode="read(1150) " fcode="read"/>
<opset="l2_bits_45_reload_read/1 "/>
</bind>
</comp>

<comp id="256" class="1004" name="l2_bits_29_reload_read_read_fu_256">
<pin_list>
<pin id="257" dir="0" index="0" bw="1" slack="0"/>
<pin id="258" dir="0" index="1" bw="1" slack="0"/>
<pin id="259" dir="1" index="2" bw="1" slack="0"/>
</pin_list>
<bind>
<opcode="read(1150) " fcode="read"/>
<opset="l2_bits_29_reload_read/1 "/>
</bind>
</comp>

<comp id="262" class="1004" name="l2_bits_13_reload_read_read_fu_262">
<pin_list>
<pin id="263" dir="0" index="0" bw="1" slack="0"/>
<pin id="264" dir="0" index="1" bw="1" slack="0"/>
<pin id="265" dir="1" index="2" bw="1" slack="0"/>
</pin_list>
<bind>
<opcode="read(1150) " fcode="read"/>
<opset="l2_bits_13_reload_read/1 "/>
</bind>
</comp>

<comp id="268" class="1004" name="l2_bits_60_reload_read_read_fu_268">
<pin_list>
<pin id="269" dir="0" index="0" bw="1" slack="0"/>
<pin id="270" dir="0" index="1" bw="1" slack="0"/>
<pin id="271" dir="1" index="2" bw="1" slack="0"/>
</pin_list>
<bind>
<opcode="read(1150) " fcode="read"/>
<opset="l2_bits_60_reload_read/1 "/>
</bind>
</comp>

<comp id="274" class="1004" name="l2_bits_44_reload_read_read_fu_274">
<pin_list>
<pin id="275" dir="0" index="0" bw="1" slack="0"/>
<pin id="276" dir="0" index="1" bw="1" slack="0"/>
<pin id="277" dir="1" index="2" bw="1" slack="0"/>
</pin_list>
<bind>
<opcode="read(1150) " fcode="read"/>
<opset="l2_bits_44_reload_read/1 "/>
</bind>
</comp>

<comp id="280" class="1004" name="l2_bits_28_reload_read_read_fu_280">
<pin_list>
<pin id="281" dir="0" index="0" bw="1" slack="0"/>
<pin id="282" dir="0" index="1" bw="1" slack="0"/>
<pin id="283" dir="1" index="2" bw="1" slack="0"/>
</pin_list>
<bind>
<opcode="read(1150) " fcode="read"/>
<opset="l2_bits_28_reload_read/1 "/>
</bind>
</comp>

<comp id="286" class="1004" name="l2_bits_12_reload_read_read_fu_286">
<pin_list>
<pin id="287" dir="0" index="0" bw="1" slack="0"/>
<pin id="288" dir="0" index="1" bw="1" slack="0"/>
<pin id="289" dir="1" index="2" bw="1" slack="0"/>
</pin_list>
<bind>
<opcode="read(1150) " fcode="read"/>
<opset="l2_bits_12_reload_read/1 "/>
</bind>
</comp>

<comp id="292" class="1004" name="l2_bits_59_reload_read_read_fu_292">
<pin_list>
<pin id="293" dir="0" index="0" bw="1" slack="0"/>
<pin id="294" dir="0" index="1" bw="1" slack="0"/>
<pin id="295" dir="1" index="2" bw="1" slack="0"/>
</pin_list>
<bind>
<opcode="read(1150) " fcode="read"/>
<opset="l2_bits_59_reload_read/1 "/>
</bind>
</comp>

<comp id="298" class="1004" name="l2_bits_43_reload_read_read_fu_298">
<pin_list>
<pin id="299" dir="0" index="0" bw="1" slack="0"/>
<pin id="300" dir="0" index="1" bw="1" slack="0"/>
<pin id="301" dir="1" index="2" bw="1" slack="0"/>
</pin_list>
<bind>
<opcode="read(1150) " fcode="read"/>
<opset="l2_bits_43_reload_read/1 "/>
</bind>
</comp>

<comp id="304" class="1004" name="l2_bits_27_reload_read_read_fu_304">
<pin_list>
<pin id="305" dir="0" index="0" bw="1" slack="0"/>
<pin id="306" dir="0" index="1" bw="1" slack="0"/>
<pin id="307" dir="1" index="2" bw="1" slack="0"/>
</pin_list>
<bind>
<opcode="read(1150) " fcode="read"/>
<opset="l2_bits_27_reload_read/1 "/>
</bind>
</comp>

<comp id="310" class="1004" name="l2_bits_11_reload_read_read_fu_310">
<pin_list>
<pin id="311" dir="0" index="0" bw="1" slack="0"/>
<pin id="312" dir="0" index="1" bw="1" slack="0"/>
<pin id="313" dir="1" index="2" bw="1" slack="0"/>
</pin_list>
<bind>
<opcode="read(1150) " fcode="read"/>
<opset="l2_bits_11_reload_read/1 "/>
</bind>
</comp>

<comp id="316" class="1004" name="l2_bits_58_reload_read_read_fu_316">
<pin_list>
<pin id="317" dir="0" index="0" bw="1" slack="0"/>
<pin id="318" dir="0" index="1" bw="1" slack="0"/>
<pin id="319" dir="1" index="2" bw="1" slack="0"/>
</pin_list>
<bind>
<opcode="read(1150) " fcode="read"/>
<opset="l2_bits_58_reload_read/1 "/>
</bind>
</comp>

<comp id="322" class="1004" name="l2_bits_42_reload_read_read_fu_322">
<pin_list>
<pin id="323" dir="0" index="0" bw="1" slack="0"/>
<pin id="324" dir="0" index="1" bw="1" slack="0"/>
<pin id="325" dir="1" index="2" bw="1" slack="0"/>
</pin_list>
<bind>
<opcode="read(1150) " fcode="read"/>
<opset="l2_bits_42_reload_read/1 "/>
</bind>
</comp>

<comp id="328" class="1004" name="l2_bits_26_reload_read_read_fu_328">
<pin_list>
<pin id="329" dir="0" index="0" bw="1" slack="0"/>
<pin id="330" dir="0" index="1" bw="1" slack="0"/>
<pin id="331" dir="1" index="2" bw="1" slack="0"/>
</pin_list>
<bind>
<opcode="read(1150) " fcode="read"/>
<opset="l2_bits_26_reload_read/1 "/>
</bind>
</comp>

<comp id="334" class="1004" name="l2_bits_10_reload_read_read_fu_334">
<pin_list>
<pin id="335" dir="0" index="0" bw="1" slack="0"/>
<pin id="336" dir="0" index="1" bw="1" slack="0"/>
<pin id="337" dir="1" index="2" bw="1" slack="0"/>
</pin_list>
<bind>
<opcode="read(1150) " fcode="read"/>
<opset="l2_bits_10_reload_read/1 "/>
</bind>
</comp>

<comp id="340" class="1004" name="l2_bits_57_reload_read_read_fu_340">
<pin_list>
<pin id="341" dir="0" index="0" bw="1" slack="0"/>
<pin id="342" dir="0" index="1" bw="1" slack="0"/>
<pin id="343" dir="1" index="2" bw="1" slack="0"/>
</pin_list>
<bind>
<opcode="read(1150) " fcode="read"/>
<opset="l2_bits_57_reload_read/1 "/>
</bind>
</comp>

<comp id="346" class="1004" name="l2_bits_41_reload_read_read_fu_346">
<pin_list>
<pin id="347" dir="0" index="0" bw="1" slack="0"/>
<pin id="348" dir="0" index="1" bw="1" slack="0"/>
<pin id="349" dir="1" index="2" bw="1" slack="0"/>
</pin_list>
<bind>
<opcode="read(1150) " fcode="read"/>
<opset="l2_bits_41_reload_read/1 "/>
</bind>
</comp>

<comp id="352" class="1004" name="l2_bits_25_reload_read_read_fu_352">
<pin_list>
<pin id="353" dir="0" index="0" bw="1" slack="0"/>
<pin id="354" dir="0" index="1" bw="1" slack="0"/>
<pin id="355" dir="1" index="2" bw="1" slack="0"/>
</pin_list>
<bind>
<opcode="read(1150) " fcode="read"/>
<opset="l2_bits_25_reload_read/1 "/>
</bind>
</comp>

<comp id="358" class="1004" name="l2_bits_9_reload_read_read_fu_358">
<pin_list>
<pin id="359" dir="0" index="0" bw="1" slack="0"/>
<pin id="360" dir="0" index="1" bw="1" slack="0"/>
<pin id="361" dir="1" index="2" bw="1" slack="0"/>
</pin_list>
<bind>
<opcode="read(1150) " fcode="read"/>
<opset="l2_bits_9_reload_read/1 "/>
</bind>
</comp>

<comp id="364" class="1004" name="l2_bits_56_reload_read_read_fu_364">
<pin_list>
<pin id="365" dir="0" index="0" bw="1" slack="0"/>
<pin id="366" dir="0" index="1" bw="1" slack="0"/>
<pin id="367" dir="1" index="2" bw="1" slack="0"/>
</pin_list>
<bind>
<opcode="read(1150) " fcode="read"/>
<opset="l2_bits_56_reload_read/1 "/>
</bind>
</comp>

<comp id="370" class="1004" name="l2_bits_40_reload_read_read_fu_370">
<pin_list>
<pin id="371" dir="0" index="0" bw="1" slack="0"/>
<pin id="372" dir="0" index="1" bw="1" slack="0"/>
<pin id="373" dir="1" index="2" bw="1" slack="0"/>
</pin_list>
<bind>
<opcode="read(1150) " fcode="read"/>
<opset="l2_bits_40_reload_read/1 "/>
</bind>
</comp>

<comp id="376" class="1004" name="l2_bits_24_reload_read_read_fu_376">
<pin_list>
<pin id="377" dir="0" index="0" bw="1" slack="0"/>
<pin id="378" dir="0" index="1" bw="1" slack="0"/>
<pin id="379" dir="1" index="2" bw="1" slack="0"/>
</pin_list>
<bind>
<opcode="read(1150) " fcode="read"/>
<opset="l2_bits_24_reload_read/1 "/>
</bind>
</comp>

<comp id="382" class="1004" name="l2_bits_8_reload_read_read_fu_382">
<pin_list>
<pin id="383" dir="0" index="0" bw="1" slack="0"/>
<pin id="384" dir="0" index="1" bw="1" slack="0"/>
<pin id="385" dir="1" index="2" bw="1" slack="0"/>
</pin_list>
<bind>
<opcode="read(1150) " fcode="read"/>
<opset="l2_bits_8_reload_read/1 "/>
</bind>
</comp>

<comp id="388" class="1004" name="l2_bits_55_reload_read_read_fu_388">
<pin_list>
<pin id="389" dir="0" index="0" bw="1" slack="0"/>
<pin id="390" dir="0" index="1" bw="1" slack="0"/>
<pin id="391" dir="1" index="2" bw="1" slack="0"/>
</pin_list>
<bind>
<opcode="read(1150) " fcode="read"/>
<opset="l2_bits_55_reload_read/1 "/>
</bind>
</comp>

<comp id="394" class="1004" name="l2_bits_39_reload_read_read_fu_394">
<pin_list>
<pin id="395" dir="0" index="0" bw="1" slack="0"/>
<pin id="396" dir="0" index="1" bw="1" slack="0"/>
<pin id="397" dir="1" index="2" bw="1" slack="0"/>
</pin_list>
<bind>
<opcode="read(1150) " fcode="read"/>
<opset="l2_bits_39_reload_read/1 "/>
</bind>
</comp>

<comp id="400" class="1004" name="l2_bits_23_reload_read_read_fu_400">
<pin_list>
<pin id="401" dir="0" index="0" bw="1" slack="0"/>
<pin id="402" dir="0" index="1" bw="1" slack="0"/>
<pin id="403" dir="1" index="2" bw="1" slack="0"/>
</pin_list>
<bind>
<opcode="read(1150) " fcode="read"/>
<opset="l2_bits_23_reload_read/1 "/>
</bind>
</comp>

<comp id="406" class="1004" name="l2_bits_7_reload_read_read_fu_406">
<pin_list>
<pin id="407" dir="0" index="0" bw="1" slack="0"/>
<pin id="408" dir="0" index="1" bw="1" slack="0"/>
<pin id="409" dir="1" index="2" bw="1" slack="0"/>
</pin_list>
<bind>
<opcode="read(1150) " fcode="read"/>
<opset="l2_bits_7_reload_read/1 "/>
</bind>
</comp>

<comp id="412" class="1004" name="l2_bits_54_reload_read_read_fu_412">
<pin_list>
<pin id="413" dir="0" index="0" bw="1" slack="0"/>
<pin id="414" dir="0" index="1" bw="1" slack="0"/>
<pin id="415" dir="1" index="2" bw="1" slack="0"/>
</pin_list>
<bind>
<opcode="read(1150) " fcode="read"/>
<opset="l2_bits_54_reload_read/1 "/>
</bind>
</comp>

<comp id="418" class="1004" name="l2_bits_38_reload_read_read_fu_418">
<pin_list>
<pin id="419" dir="0" index="0" bw="1" slack="0"/>
<pin id="420" dir="0" index="1" bw="1" slack="0"/>
<pin id="421" dir="1" index="2" bw="1" slack="0"/>
</pin_list>
<bind>
<opcode="read(1150) " fcode="read"/>
<opset="l2_bits_38_reload_read/1 "/>
</bind>
</comp>

<comp id="424" class="1004" name="l2_bits_22_reload_read_read_fu_424">
<pin_list>
<pin id="425" dir="0" index="0" bw="1" slack="0"/>
<pin id="426" dir="0" index="1" bw="1" slack="0"/>
<pin id="427" dir="1" index="2" bw="1" slack="0"/>
</pin_list>
<bind>
<opcode="read(1150) " fcode="read"/>
<opset="l2_bits_22_reload_read/1 "/>
</bind>
</comp>

<comp id="430" class="1004" name="l2_bits_6_reload_read_read_fu_430">
<pin_list>
<pin id="431" dir="0" index="0" bw="1" slack="0"/>
<pin id="432" dir="0" index="1" bw="1" slack="0"/>
<pin id="433" dir="1" index="2" bw="1" slack="0"/>
</pin_list>
<bind>
<opcode="read(1150) " fcode="read"/>
<opset="l2_bits_6_reload_read/1 "/>
</bind>
</comp>

<comp id="436" class="1004" name="l2_bits_53_reload_read_read_fu_436">
<pin_list>
<pin id="437" dir="0" index="0" bw="1" slack="0"/>
<pin id="438" dir="0" index="1" bw="1" slack="0"/>
<pin id="439" dir="1" index="2" bw="1" slack="0"/>
</pin_list>
<bind>
<opcode="read(1150) " fcode="read"/>
<opset="l2_bits_53_reload_read/1 "/>
</bind>
</comp>

<comp id="442" class="1004" name="l2_bits_37_reload_read_read_fu_442">
<pin_list>
<pin id="443" dir="0" index="0" bw="1" slack="0"/>
<pin id="444" dir="0" index="1" bw="1" slack="0"/>
<pin id="445" dir="1" index="2" bw="1" slack="0"/>
</pin_list>
<bind>
<opcode="read(1150) " fcode="read"/>
<opset="l2_bits_37_reload_read/1 "/>
</bind>
</comp>

<comp id="448" class="1004" name="l2_bits_21_reload_read_read_fu_448">
<pin_list>
<pin id="449" dir="0" index="0" bw="1" slack="0"/>
<pin id="450" dir="0" index="1" bw="1" slack="0"/>
<pin id="451" dir="1" index="2" bw="1" slack="0"/>
</pin_list>
<bind>
<opcode="read(1150) " fcode="read"/>
<opset="l2_bits_21_reload_read/1 "/>
</bind>
</comp>

<comp id="454" class="1004" name="l2_bits_5_reload_read_read_fu_454">
<pin_list>
<pin id="455" dir="0" index="0" bw="1" slack="0"/>
<pin id="456" dir="0" index="1" bw="1" slack="0"/>
<pin id="457" dir="1" index="2" bw="1" slack="0"/>
</pin_list>
<bind>
<opcode="read(1150) " fcode="read"/>
<opset="l2_bits_5_reload_read/1 "/>
</bind>
</comp>

<comp id="460" class="1004" name="l2_bits_52_reload_read_read_fu_460">
<pin_list>
<pin id="461" dir="0" index="0" bw="1" slack="0"/>
<pin id="462" dir="0" index="1" bw="1" slack="0"/>
<pin id="463" dir="1" index="2" bw="1" slack="0"/>
</pin_list>
<bind>
<opcode="read(1150) " fcode="read"/>
<opset="l2_bits_52_reload_read/1 "/>
</bind>
</comp>

<comp id="466" class="1004" name="l2_bits_36_reload_read_read_fu_466">
<pin_list>
<pin id="467" dir="0" index="0" bw="1" slack="0"/>
<pin id="468" dir="0" index="1" bw="1" slack="0"/>
<pin id="469" dir="1" index="2" bw="1" slack="0"/>
</pin_list>
<bind>
<opcode="read(1150) " fcode="read"/>
<opset="l2_bits_36_reload_read/1 "/>
</bind>
</comp>

<comp id="472" class="1004" name="l2_bits_20_reload_read_read_fu_472">
<pin_list>
<pin id="473" dir="0" index="0" bw="1" slack="0"/>
<pin id="474" dir="0" index="1" bw="1" slack="0"/>
<pin id="475" dir="1" index="2" bw="1" slack="0"/>
</pin_list>
<bind>
<opcode="read(1150) " fcode="read"/>
<opset="l2_bits_20_reload_read/1 "/>
</bind>
</comp>

<comp id="478" class="1004" name="l2_bits_4_reload_read_read_fu_478">
<pin_list>
<pin id="479" dir="0" index="0" bw="1" slack="0"/>
<pin id="480" dir="0" index="1" bw="1" slack="0"/>
<pin id="481" dir="1" index="2" bw="1" slack="0"/>
</pin_list>
<bind>
<opcode="read(1150) " fcode="read"/>
<opset="l2_bits_4_reload_read/1 "/>
</bind>
</comp>

<comp id="484" class="1004" name="l2_bits_51_reload_read_read_fu_484">
<pin_list>
<pin id="485" dir="0" index="0" bw="1" slack="0"/>
<pin id="486" dir="0" index="1" bw="1" slack="0"/>
<pin id="487" dir="1" index="2" bw="1" slack="0"/>
</pin_list>
<bind>
<opcode="read(1150) " fcode="read"/>
<opset="l2_bits_51_reload_read/1 "/>
</bind>
</comp>

<comp id="490" class="1004" name="l2_bits_35_reload_read_read_fu_490">
<pin_list>
<pin id="491" dir="0" index="0" bw="1" slack="0"/>
<pin id="492" dir="0" index="1" bw="1" slack="0"/>
<pin id="493" dir="1" index="2" bw="1" slack="0"/>
</pin_list>
<bind>
<opcode="read(1150) " fcode="read"/>
<opset="l2_bits_35_reload_read/1 "/>
</bind>
</comp>

<comp id="496" class="1004" name="l2_bits_19_reload_read_read_fu_496">
<pin_list>
<pin id="497" dir="0" index="0" bw="1" slack="0"/>
<pin id="498" dir="0" index="1" bw="1" slack="0"/>
<pin id="499" dir="1" index="2" bw="1" slack="0"/>
</pin_list>
<bind>
<opcode="read(1150) " fcode="read"/>
<opset="l2_bits_19_reload_read/1 "/>
</bind>
</comp>

<comp id="502" class="1004" name="l2_bits_3_reload_read_read_fu_502">
<pin_list>
<pin id="503" dir="0" index="0" bw="1" slack="0"/>
<pin id="504" dir="0" index="1" bw="1" slack="0"/>
<pin id="505" dir="1" index="2" bw="1" slack="0"/>
</pin_list>
<bind>
<opcode="read(1150) " fcode="read"/>
<opset="l2_bits_3_reload_read/1 "/>
</bind>
</comp>

<comp id="508" class="1004" name="l2_bits_50_reload_read_read_fu_508">
<pin_list>
<pin id="509" dir="0" index="0" bw="1" slack="0"/>
<pin id="510" dir="0" index="1" bw="1" slack="0"/>
<pin id="511" dir="1" index="2" bw="1" slack="0"/>
</pin_list>
<bind>
<opcode="read(1150) " fcode="read"/>
<opset="l2_bits_50_reload_read/1 "/>
</bind>
</comp>

<comp id="514" class="1004" name="l2_bits_34_reload_read_read_fu_514">
<pin_list>
<pin id="515" dir="0" index="0" bw="1" slack="0"/>
<pin id="516" dir="0" index="1" bw="1" slack="0"/>
<pin id="517" dir="1" index="2" bw="1" slack="0"/>
</pin_list>
<bind>
<opcode="read(1150) " fcode="read"/>
<opset="l2_bits_34_reload_read/1 "/>
</bind>
</comp>

<comp id="520" class="1004" name="l2_bits_18_reload_read_read_fu_520">
<pin_list>
<pin id="521" dir="0" index="0" bw="1" slack="0"/>
<pin id="522" dir="0" index="1" bw="1" slack="0"/>
<pin id="523" dir="1" index="2" bw="1" slack="0"/>
</pin_list>
<bind>
<opcode="read(1150) " fcode="read"/>
<opset="l2_bits_18_reload_read/1 "/>
</bind>
</comp>

<comp id="526" class="1004" name="l2_bits_2_reload_read_read_fu_526">
<pin_list>
<pin id="527" dir="0" index="0" bw="1" slack="0"/>
<pin id="528" dir="0" index="1" bw="1" slack="0"/>
<pin id="529" dir="1" index="2" bw="1" slack="0"/>
</pin_list>
<bind>
<opcode="read(1150) " fcode="read"/>
<opset="l2_bits_2_reload_read/1 "/>
</bind>
</comp>

<comp id="532" class="1004" name="l2_bits_49_reload_read_read_fu_532">
<pin_list>
<pin id="533" dir="0" index="0" bw="1" slack="0"/>
<pin id="534" dir="0" index="1" bw="1" slack="0"/>
<pin id="535" dir="1" index="2" bw="1" slack="0"/>
</pin_list>
<bind>
<opcode="read(1150) " fcode="read"/>
<opset="l2_bits_49_reload_read/1 "/>
</bind>
</comp>

<comp id="538" class="1004" name="l2_bits_33_reload_read_read_fu_538">
<pin_list>
<pin id="539" dir="0" index="0" bw="1" slack="0"/>
<pin id="540" dir="0" index="1" bw="1" slack="0"/>
<pin id="541" dir="1" index="2" bw="1" slack="0"/>
</pin_list>
<bind>
<opcode="read(1150) " fcode="read"/>
<opset="l2_bits_33_reload_read/1 "/>
</bind>
</comp>

<comp id="544" class="1004" name="l2_bits_17_reload_read_read_fu_544">
<pin_list>
<pin id="545" dir="0" index="0" bw="1" slack="0"/>
<pin id="546" dir="0" index="1" bw="1" slack="0"/>
<pin id="547" dir="1" index="2" bw="1" slack="0"/>
</pin_list>
<bind>
<opcode="read(1150) " fcode="read"/>
<opset="l2_bits_17_reload_read/1 "/>
</bind>
</comp>

<comp id="550" class="1004" name="l2_bits_1_reload_read_read_fu_550">
<pin_list>
<pin id="551" dir="0" index="0" bw="1" slack="0"/>
<pin id="552" dir="0" index="1" bw="1" slack="0"/>
<pin id="553" dir="1" index="2" bw="1" slack="0"/>
</pin_list>
<bind>
<opcode="read(1150) " fcode="read"/>
<opset="l2_bits_1_reload_read/1 "/>
</bind>
</comp>

<comp id="556" class="1004" name="l2_bits_48_reload_read_read_fu_556">
<pin_list>
<pin id="557" dir="0" index="0" bw="1" slack="0"/>
<pin id="558" dir="0" index="1" bw="1" slack="0"/>
<pin id="559" dir="1" index="2" bw="1" slack="0"/>
</pin_list>
<bind>
<opcode="read(1150) " fcode="read"/>
<opset="l2_bits_48_reload_read/1 "/>
</bind>
</comp>

<comp id="562" class="1004" name="l2_bits_32_reload_read_read_fu_562">
<pin_list>
<pin id="563" dir="0" index="0" bw="1" slack="0"/>
<pin id="564" dir="0" index="1" bw="1" slack="0"/>
<pin id="565" dir="1" index="2" bw="1" slack="0"/>
</pin_list>
<bind>
<opcode="read(1150) " fcode="read"/>
<opset="l2_bits_32_reload_read/1 "/>
</bind>
</comp>

<comp id="568" class="1004" name="l2_bits_16_reload_read_read_fu_568">
<pin_list>
<pin id="569" dir="0" index="0" bw="1" slack="0"/>
<pin id="570" dir="0" index="1" bw="1" slack="0"/>
<pin id="571" dir="1" index="2" bw="1" slack="0"/>
</pin_list>
<bind>
<opcode="read(1150) " fcode="read"/>
<opset="l2_bits_16_reload_read/1 "/>
</bind>
</comp>

<comp id="574" class="1004" name="l2_bits_reload_read_read_fu_574">
<pin_list>
<pin id="575" dir="0" index="0" bw="1" slack="0"/>
<pin id="576" dir="0" index="1" bw="1" slack="0"/>
<pin id="577" dir="1" index="2" bw="1" slack="0"/>
</pin_list>
<bind>
<opcode="read(1150) " fcode="read"/>
<opset="l2_bits_reload_read/1 "/>
</bind>
</comp>

<comp id="580" class="1004" name="write_ln0_write_fu_580">
<pin_list>
<pin id="581" dir="0" index="0" bw="0" slack="0"/>
<pin id="582" dir="0" index="1" bw="16" slack="0"/>
<pin id="583" dir="0" index="2" bw="16" slack="0"/>
<pin id="584" dir="1" index="3" bw="0" slack="2147483647"/>
</pin_list>
<bind>
<opcode="write(1151) " fcode="write"/>
<opset="write_ln0/1 "/>
</bind>
</comp>

<comp id="587" class="1004" name="write_ln0_write_fu_587">
<pin_list>
<pin id="588" dir="0" index="0" bw="0" slack="0"/>
<pin id="589" dir="0" index="1" bw="16" slack="0"/>
<pin id="590" dir="0" index="2" bw="16" slack="0"/>
<pin id="591" dir="1" index="3" bw="0" slack="2147483647"/>
</pin_list>
<bind>
<opcode="write(1151) " fcode="write"/>
<opset="write_ln0/1 "/>
</bind>
</comp>

<comp id="594" class="1004" name="write_ln0_write_fu_594">
<pin_list>
<pin id="595" dir="0" index="0" bw="0" slack="0"/>
<pin id="596" dir="0" index="1" bw="16" slack="0"/>
<pin id="597" dir="0" index="2" bw="16" slack="0"/>
<pin id="598" dir="1" index="3" bw="0" slack="2147483647"/>
</pin_list>
<bind>
<opcode="write(1151) " fcode="write"/>
<opset="write_ln0/1 "/>
</bind>
</comp>

<comp id="601" class="1004" name="write_ln0_write_fu_601">
<pin_list>
<pin id="602" dir="0" index="0" bw="0" slack="0"/>
<pin id="603" dir="0" index="1" bw="16" slack="0"/>
<pin id="604" dir="0" index="2" bw="16" slack="0"/>
<pin id="605" dir="1" index="3" bw="0" slack="2147483647"/>
</pin_list>
<bind>
<opcode="write(1151) " fcode="write"/>
<opset="write_ln0/1 "/>
</bind>
</comp>

<comp id="608" class="1004" name="store_ln26_store_fu_608">
<pin_list>
<pin id="609" dir="0" index="0" bw="1" slack="0"/>
<pin id="610" dir="0" index="1" bw="3" slack="0"/>
<pin id="611" dir="1" index="2" bw="0" slack="2147483647"/>
</pin_list>
<bind>
<opcode="store(28) " fcode="store"/>
<opset="store_ln26/1 "/>
</bind>
</comp>

<comp id="613" class="1004" name="w_1_load_fu_613">
<pin_list>
<pin id="614" dir="0" index="0" bw="3" slack="0"/>
<pin id="615" dir="1" index="1" bw="3" slack="0"/>
</pin_list>
<bind>
<opcode="load(27) " fcode="load"/>
<opset="w_1/1 "/>
</bind>
</comp>

<comp id="616" class="1004" name="icmp_ln26_fu_616">
<pin_list>
<pin id="617" dir="0" index="0" bw="3" slack="0"/>
<pin id="618" dir="0" index="1" bw="3" slack="0"/>
<pin id="619" dir="1" index="2" bw="1" slack="2147483647"/>
</pin_list>
<bind>
<opcode="icmp(45) " fcode="icmp"/>
<opset="icmp_ln26/1 "/>
</bind>
</comp>

<comp id="622" class="1004" name="add_ln26_fu_622">
<pin_list>
<pin id="623" dir="0" index="0" bw="3" slack="0"/>
<pin id="624" dir="0" index="1" bw="1" slack="0"/>
<pin id="625" dir="1" index="2" bw="3" slack="0"/>
</pin_list>
<bind>
<opcode="add(8) " fcode="add"/>
<opset="add_ln26/1 "/>
</bind>
</comp>

<comp id="628" class="1004" name="trunc_ln26_fu_628">
<pin_list>
<pin id="629" dir="0" index="0" bw="3" slack="0"/>
<pin id="630" dir="1" index="1" bw="2" slack="0"/>
</pin_list>
<bind>
<opcode="trunc(33) " fcode="trunc"/>
<opset="trunc_ln26/1 "/>
</bind>
</comp>

<comp id="632" class="1004" name="word_fu_632">
<pin_list>
<pin id="633" dir="0" index="0" bw="1" slack="0"/>
<pin id="634" dir="0" index="1" bw="2" slack="0"/>
<pin id="635" dir="0" index="2" bw="1" slack="0"/>
<pin id="636" dir="0" index="3" bw="2" slack="0"/>
<pin id="637" dir="0" index="4" bw="1" slack="0"/>
<pin id="638" dir="0" index="5" bw="2" slack="0"/>
<pin id="639" dir="0" index="6" bw="1" slack="0"/>
<pin id="640" dir="0" index="7" bw="2" slack="0"/>
<pin id="641" dir="0" index="8" bw="1" slack="0"/>
<pin id="642" dir="0" index="9" bw="1" slack="0"/>
<pin id="643" dir="0" index="10" bw="2" slack="0"/>
<pin id="644" dir="1" index="11" bw="1" slack="0"/>
</pin_list>
<bind>
<opcode="sparsemux(1197) " fcode="sparsemux"/>
<opset="word/1 "/>
</bind>
</comp>

<comp id="656" class="1004" name="tmp_s_fu_656">
<pin_list>
<pin id="657" dir="0" index="0" bw="1" slack="0"/>
<pin id="658" dir="0" index="1" bw="2" slack="0"/>
<pin id="659" dir="0" index="2" bw="1" slack="0"/>
<pin id="660" dir="0" index="3" bw="2" slack="0"/>
<pin id="661" dir="0" index="4" bw="1" slack="0"/>
<pin id="662" dir="0" index="5" bw="2" slack="0"/>
<pin id="663" dir="0" index="6" bw="1" slack="0"/>
<pin id="664" dir="0" index="7" bw="2" slack="0"/>
<pin id="665" dir="0" index="8" bw="1" slack="0"/>
<pin id="666" dir="0" index="9" bw="1" slack="0"/>
<pin id="667" dir="0" index="10" bw="2" slack="0"/>
<pin id="668" dir="1" index="11" bw="1" slack="0"/>
</pin_list>
<bind>
<opcode="sparsemux(1197) " fcode="sparsemux"/>
<opset="tmp_s/1 "/>
</bind>
</comp>

<comp id="680" class="1004" name="tmp_1_fu_680">
<pin_list>
<pin id="681" dir="0" index="0" bw="1" slack="0"/>
<pin id="682" dir="0" index="1" bw="2" slack="0"/>
<pin id="683" dir="0" index="2" bw="1" slack="0"/>
<pin id="684" dir="0" index="3" bw="2" slack="0"/>
<pin id="685" dir="0" index="4" bw="1" slack="0"/>
<pin id="686" dir="0" index="5" bw="2" slack="0"/>
<pin id="687" dir="0" index="6" bw="1" slack="0"/>
<pin id="688" dir="0" index="7" bw="2" slack="0"/>
<pin id="689" dir="0" index="8" bw="1" slack="0"/>
<pin id="690" dir="0" index="9" bw="1" slack="0"/>
<pin id="691" dir="0" index="10" bw="2" slack="0"/>
<pin id="692" dir="1" index="11" bw="1" slack="0"/>
</pin_list>
<bind>
<opcode="sparsemux(1197) " fcode="sparsemux"/>
<opset="tmp_1/1 "/>
</bind>
</comp>

<comp id="704" class="1004" name="tmp_2_fu_704">
<pin_list>
<pin id="705" dir="0" index="0" bw="1" slack="0"/>
<pin id="706" dir="0" index="1" bw="2" slack="0"/>
<pin id="707" dir="0" index="2" bw="1" slack="0"/>
<pin id="708" dir="0" index="3" bw="2" slack="0"/>
<pin id="709" dir="0" index="4" bw="1" slack="0"/>
<pin id="710" dir="0" index="5" bw="2" slack="0"/>
<pin id="711" dir="0" index="6" bw="1" slack="0"/>
<pin id="712" dir="0" index="7" bw="2" slack="0"/>
<pin id="713" dir="0" index="8" bw="1" slack="0"/>
<pin id="714" dir="0" index="9" bw="1" slack="0"/>
<pin id="715" dir="0" index="10" bw="2" slack="0"/>
<pin id="716" dir="1" index="11" bw="1" slack="0"/>
</pin_list>
<bind>
<opcode="sparsemux(1197) " fcode="sparsemux"/>
<opset="tmp_2/1 "/>
</bind>
</comp>

<comp id="728" class="1004" name="tmp_3_fu_728">
<pin_list>
<pin id="729" dir="0" index="0" bw="1" slack="0"/>
<pin id="730" dir="0" index="1" bw="2" slack="0"/>
<pin id="731" dir="0" index="2" bw="1" slack="0"/>
<pin id="732" dir="0" index="3" bw="2" slack="0"/>
<pin id="733" dir="0" index="4" bw="1" slack="0"/>
<pin id="734" dir="0" index="5" bw="2" slack="0"/>
<pin id="735" dir="0" index="6" bw="1" slack="0"/>
<pin id="736" dir="0" index="7" bw="2" slack="0"/>
<pin id="737" dir="0" index="8" bw="1" slack="0"/>
<pin id="738" dir="0" index="9" bw="1" slack="0"/>
<pin id="739" dir="0" index="10" bw="2" slack="0"/>
<pin id="740" dir="1" index="11" bw="1" slack="0"/>
</pin_list>
<bind>
<opcode="sparsemux(1197) " fcode="sparsemux"/>
<opset="tmp_3/1 "/>
</bind>
</comp>

<comp id="752" class="1004" name="tmp_4_fu_752">
<pin_list>
<pin id="753" dir="0" index="0" bw="1" slack="0"/>
<pin id="754" dir="0" index="1" bw="2" slack="0"/>
<pin id="755" dir="0" index="2" bw="1" slack="0"/>
<pin id="756" dir="0" index="3" bw="2" slack="0"/>
<pin id="757" dir="0" index="4" bw="1" slack="0"/>
<pin id="758" dir="0" index="5" bw="2" slack="0"/>
<pin id="759" dir="0" index="6" bw="1" slack="0"/>
<pin id="760" dir="0" index="7" bw="2" slack="0"/>
<pin id="761" dir="0" index="8" bw="1" slack="0"/>
<pin id="762" dir="0" index="9" bw="1" slack="0"/>
<pin id="763" dir="0" index="10" bw="2" slack="0"/>
<pin id="764" dir="1" index="11" bw="1" slack="0"/>
</pin_list>
<bind>
<opcode="sparsemux(1197) " fcode="sparsemux"/>
<opset="tmp_4/1 "/>
</bind>
</comp>

<comp id="776" class="1004" name="tmp_5_fu_776">
<pin_list>
<pin id="777" dir="0" index="0" bw="1" slack="0"/>
<pin id="778" dir="0" index="1" bw="2" slack="0"/>
<pin id="779" dir="0" index="2" bw="1" slack="0"/>
<pin id="780" dir="0" index="3" bw="2" slack="0"/>
<pin id="781" dir="0" index="4" bw="1" slack="0"/>
<pin id="782" dir="0" index="5" bw="2" slack="0"/>
<pin id="783" dir="0" index="6" bw="1" slack="0"/>
<pin id="784" dir="0" index="7" bw="2" slack="0"/>
<pin id="785" dir="0" index="8" bw="1" slack="0"/>
<pin id="786" dir="0" index="9" bw="1" slack="0"/>
<pin id="787" dir="0" index="10" bw="2" slack="0"/>
<pin id="788" dir="1" index="11" bw="1" slack="0"/>
</pin_list>
<bind>
<opcode="sparsemux(1197) " fcode="sparsemux"/>
<opset="tmp_5/1 "/>
</bind>
</comp>

<comp id="800" class="1004" name="tmp_6_fu_800">
<pin_list>
<pin id="801" dir="0" index="0" bw="1" slack="0"/>
<pin id="802" dir="0" index="1" bw="2" slack="0"/>
<pin id="803" dir="0" index="2" bw="1" slack="0"/>
<pin id="804" dir="0" index="3" bw="2" slack="0"/>
<pin id="805" dir="0" index="4" bw="1" slack="0"/>
<pin id="806" dir="0" index="5" bw="2" slack="0"/>
<pin id="807" dir="0" index="6" bw="1" slack="0"/>
<pin id="808" dir="0" index="7" bw="2" slack="0"/>
<pin id="809" dir="0" index="8" bw="1" slack="0"/>
<pin id="810" dir="0" index="9" bw="1" slack="0"/>
<pin id="811" dir="0" index="10" bw="2" slack="0"/>
<pin id="812" dir="1" index="11" bw="1" slack="0"/>
</pin_list>
<bind>
<opcode="sparsemux(1197) " fcode="sparsemux"/>
<opset="tmp_6/1 "/>
</bind>
</comp>

<comp id="824" class="1004" name="tmp_7_fu_824">
<pin_list>
<pin id="825" dir="0" index="0" bw="1" slack="0"/>
<pin id="826" dir="0" index="1" bw="2" slack="0"/>
<pin id="827" dir="0" index="2" bw="1" slack="0"/>
<pin id="828" dir="0" index="3" bw="2" slack="0"/>
<pin id="829" dir="0" index="4" bw="1" slack="0"/>
<pin id="830" dir="0" index="5" bw="2" slack="0"/>
<pin id="831" dir="0" index="6" bw="1" slack="0"/>
<pin id="832" dir="0" index="7" bw="2" slack="0"/>
<pin id="833" dir="0" index="8" bw="1" slack="0"/>
<pin id="834" dir="0" index="9" bw="1" slack="0"/>
<pin id="835" dir="0" index="10" bw="2" slack="0"/>
<pin id="836" dir="1" index="11" bw="1" slack="0"/>
</pin_list>
<bind>
<opcode="sparsemux(1197) " fcode="sparsemux"/>
<opset="tmp_7/1 "/>
</bind>
</comp>

<comp id="848" class="1004" name="tmp_8_fu_848">
<pin_list>
<pin id="849" dir="0" index="0" bw="1" slack="0"/>
<pin id="850" dir="0" index="1" bw="2" slack="0"/>
<pin id="851" dir="0" index="2" bw="1" slack="0"/>
<pin id="852" dir="0" index="3" bw="2" slack="0"/>
<pin id="853" dir="0" index="4" bw="1" slack="0"/>
<pin id="854" dir="0" index="5" bw="2" slack="0"/>
<pin id="855" dir="0" index="6" bw="1" slack="0"/>
<pin id="856" dir="0" index="7" bw="2" slack="0"/>
<pin id="857" dir="0" index="8" bw="1" slack="0"/>
<pin id="858" dir="0" index="9" bw="1" slack="0"/>
<pin id="859" dir="0" index="10" bw="2" slack="0"/>
<pin id="860" dir="1" index="11" bw="1" slack="0"/>
</pin_list>
<bind>
<opcode="sparsemux(1197) " fcode="sparsemux"/>
<opset="tmp_8/1 "/>
</bind>
</comp>

<comp id="872" class="1004" name="tmp_9_fu_872">
<pin_list>
<pin id="873" dir="0" index="0" bw="1" slack="0"/>
<pin id="874" dir="0" index="1" bw="2" slack="0"/>
<pin id="875" dir="0" index="2" bw="1" slack="0"/>
<pin id="876" dir="0" index="3" bw="2" slack="0"/>
<pin id="877" dir="0" index="4" bw="1" slack="0"/>
<pin id="878" dir="0" index="5" bw="2" slack="0"/>
<pin id="879" dir="0" index="6" bw="1" slack="0"/>
<pin id="880" dir="0" index="7" bw="2" slack="0"/>
<pin id="881" dir="0" index="8" bw="1" slack="0"/>
<pin id="882" dir="0" index="9" bw="1" slack="0"/>
<pin id="883" dir="0" index="10" bw="2" slack="0"/>
<pin id="884" dir="1" index="11" bw="1" slack="0"/>
</pin_list>
<bind>
<opcode="sparsemux(1197) " fcode="sparsemux"/>
<opset="tmp_9/1 "/>
</bind>
</comp>

<comp id="896" class="1004" name="tmp_10_fu_896">
<pin_list>
<pin id="897" dir="0" index="0" bw="1" slack="0"/>
<pin id="898" dir="0" index="1" bw="2" slack="0"/>
<pin id="899" dir="0" index="2" bw="1" slack="0"/>
<pin id="900" dir="0" index="3" bw="2" slack="0"/>
<pin id="901" dir="0" index="4" bw="1" slack="0"/>
<pin id="902" dir="0" index="5" bw="2" slack="0"/>
<pin id="903" dir="0" index="6" bw="1" slack="0"/>
<pin id="904" dir="0" index="7" bw="2" slack="0"/>
<pin id="905" dir="0" index="8" bw="1" slack="0"/>
<pin id="906" dir="0" index="9" bw="1" slack="0"/>
<pin id="907" dir="0" index="10" bw="2" slack="0"/>
<pin id="908" dir="1" index="11" bw="1" slack="0"/>
</pin_list>
<bind>
<opcode="sparsemux(1197) " fcode="sparsemux"/>
<opset="tmp_10/1 "/>
</bind>
</comp>

<comp id="920" class="1004" name="tmp_11_fu_920">
<pin_list>
<pin id="921" dir="0" index="0" bw="1" slack="0"/>
<pin id="922" dir="0" index="1" bw="2" slack="0"/>
<pin id="923" dir="0" index="2" bw="1" slack="0"/>
<pin id="924" dir="0" index="3" bw="2" slack="0"/>
<pin id="925" dir="0" index="4" bw="1" slack="0"/>
<pin id="926" dir="0" index="5" bw="2" slack="0"/>
<pin id="927" dir="0" index="6" bw="1" slack="0"/>
<pin id="928" dir="0" index="7" bw="2" slack="0"/>
<pin id="929" dir="0" index="8" bw="1" slack="0"/>
<pin id="930" dir="0" index="9" bw="1" slack="0"/>
<pin id="931" dir="0" index="10" bw="2" slack="0"/>
<pin id="932" dir="1" index="11" bw="1" slack="0"/>
</pin_list>
<bind>
<opcode="sparsemux(1197) " fcode="sparsemux"/>
<opset="tmp_11/1 "/>
</bind>
</comp>

<comp id="944" class="1004" name="tmp_12_fu_944">
<pin_list>
<pin id="945" dir="0" index="0" bw="1" slack="0"/>
<pin id="946" dir="0" index="1" bw="2" slack="0"/>
<pin id="947" dir="0" index="2" bw="1" slack="0"/>
<pin id="948" dir="0" index="3" bw="2" slack="0"/>
<pin id="949" dir="0" index="4" bw="1" slack="0"/>
<pin id="950" dir="0" index="5" bw="2" slack="0"/>
<pin id="951" dir="0" index="6" bw="1" slack="0"/>
<pin id="952" dir="0" index="7" bw="2" slack="0"/>
<pin id="953" dir="0" index="8" bw="1" slack="0"/>
<pin id="954" dir="0" index="9" bw="1" slack="0"/>
<pin id="955" dir="0" index="10" bw="2" slack="0"/>
<pin id="956" dir="1" index="11" bw="1" slack="0"/>
</pin_list>
<bind>
<opcode="sparsemux(1197) " fcode="sparsemux"/>
<opset="tmp_12/1 "/>
</bind>
</comp>

<comp id="968" class="1004" name="tmp_13_fu_968">
<pin_list>
<pin id="969" dir="0" index="0" bw="1" slack="0"/>
<pin id="970" dir="0" index="1" bw="2" slack="0"/>
<pin id="971" dir="0" index="2" bw="1" slack="0"/>
<pin id="972" dir="0" index="3" bw="2" slack="0"/>
<pin id="973" dir="0" index="4" bw="1" slack="0"/>
<pin id="974" dir="0" index="5" bw="2" slack="0"/>
<pin id="975" dir="0" index="6" bw="1" slack="0"/>
<pin id="976" dir="0" index="7" bw="2" slack="0"/>
<pin id="977" dir="0" index="8" bw="1" slack="0"/>
<pin id="978" dir="0" index="9" bw="1" slack="0"/>
<pin id="979" dir="0" index="10" bw="2" slack="0"/>
<pin id="980" dir="1" index="11" bw="1" slack="0"/>
</pin_list>
<bind>
<opcode="sparsemux(1197) " fcode="sparsemux"/>
<opset="tmp_13/1 "/>
</bind>
</comp>

<comp id="992" class="1004" name="tmp_14_fu_992">
<pin_list>
<pin id="993" dir="0" index="0" bw="1" slack="0"/>
<pin id="994" dir="0" index="1" bw="2" slack="0"/>
<pin id="995" dir="0" index="2" bw="1" slack="0"/>
<pin id="996" dir="0" index="3" bw="2" slack="0"/>
<pin id="997" dir="0" index="4" bw="1" slack="0"/>
<pin id="998" dir="0" index="5" bw="2" slack="0"/>
<pin id="999" dir="0" index="6" bw="1" slack="0"/>
<pin id="1000" dir="0" index="7" bw="2" slack="0"/>
<pin id="1001" dir="0" index="8" bw="1" slack="0"/>
<pin id="1002" dir="0" index="9" bw="1" slack="0"/>
<pin id="1003" dir="0" index="10" bw="2" slack="0"/>
<pin id="1004" dir="1" index="11" bw="1" slack="0"/>
</pin_list>
<bind>
<opcode="sparsemux(1197) " fcode="sparsemux"/>
<opset="tmp_14/1 "/>
</bind>
</comp>

<comp id="1016" class="1004" name="word_2_fu_1016">
<pin_list>
<pin id="1017" dir="0" index="0" bw="16" slack="0"/>
<pin id="1018" dir="0" index="1" bw="1" slack="0"/>
<pin id="1019" dir="0" index="2" bw="1" slack="0"/>
<pin id="1020" dir="0" index="3" bw="1" slack="0"/>
<pin id="1021" dir="0" index="4" bw="1" slack="0"/>
<pin id="1022" dir="0" index="5" bw="1" slack="0"/>
<pin id="1023" dir="0" index="6" bw="1" slack="0"/>
<pin id="1024" dir="0" index="7" bw="1" slack="0"/>
<pin id="1025" dir="0" index="8" bw="1" slack="0"/>
<pin id="1026" dir="0" index="9" bw="1" slack="0"/>
<pin id="1027" dir="0" index="10" bw="1" slack="0"/>
<pin id="1028" dir="0" index="11" bw="1" slack="0"/>
<pin id="1029" dir="0" index="12" bw="1" slack="0"/>
<pin id="1030" dir="0" index="13" bw="1" slack="0"/>
<pin id="1031" dir="0" index="14" bw="1" slack="0"/>
<pin id="1032" dir="0" index="15" bw="1" slack="0"/>
<pin id="1033" dir="0" index="16" bw="1" slack="0"/>
<pin id="1034" dir="1" index="17" bw="16" slack="0"/>
</pin_list>
<bind>
<opcode="bitconcatenate(1004) " fcode="bitconcatenate"/>
<opset="word_2/1 "/>
</bind>
</comp>

<comp id="1052" class="1004" name="store_ln36_store_fu_1052">
<pin_list>
<pin id="1053" dir="0" index="0" bw="16" slack="0"/>
<pin id="1054" dir="0" index="1" bw="16" slack="0"/>
<pin id="1055" dir="1" index="2" bw="0" slack="2147483647"/>
</pin_list>
<bind>
<opcode="store(28) " fcode="store"/>
<opset="store_ln36/1 "/>
</bind>
</comp>

<comp id="1057" class="1004" name="store_ln36_store_fu_1057">
<pin_list>
<pin id="1058" dir="0" index="0" bw="16" slack="0"/>
<pin id="1059" dir="0" index="1" bw="16" slack="0"/>
<pin id="1060" dir="1" index="2" bw="0" slack="2147483647"/>
</pin_list>
<bind>
<opcode="store(28) " fcode="store"/>
<opset="store_ln36/1 "/>
</bind>
</comp>

<comp id="1062" class="1004" name="store_ln36_store_fu_1062">
<pin_list>
<pin id="1063" dir="0" index="0" bw="16" slack="0"/>
<pin id="1064" dir="0" index="1" bw="16" slack="0"/>
<pin id="1065" dir="1" index="2" bw="0" slack="2147483647"/>
</pin_list>
<bind>
<opcode="store(28) " fcode="store"/>
<opset="store_ln36/1 "/>
</bind>
</comp>

<comp id="1067" class="1004" name="store_ln36_store_fu_1067">
<pin_list>
<pin id="1068" dir="0" index="0" bw="16" slack="0"/>
<pin id="1069" dir="0" index="1" bw="16" slack="0"/>
<pin id="1070" dir="1" index="2" bw="0" slack="2147483647"/>
</pin_list>
<bind>
<opcode="store(28) " fcode="store"/>
<opset="store_ln36/1 "/>
</bind>
</comp>

<comp id="1072" class="1004" name="store_ln26_store_fu_1072">
<pin_list>
<pin id="1073" dir="0" index="0" bw="3" slack="0"/>
<pin id="1074" dir="0" index="1" bw="3" slack="0"/>
<pin id="1075" dir="1" index="2" bw="0" slack="2147483647"/>
</pin_list>
<bind>
<opcode="store(28) " fcode="store"/>
<opset="store_ln26/1 "/>
</bind>
</comp>

<comp id="1077" class="1004" name="p_0_0271104_load_load_fu_1077">
<pin_list>
<pin id="1078" dir="0" index="0" bw="16" slack="0"/>
<pin id="1079" dir="1" index="1" bw="16" slack="0"/>
</pin_list>
<bind>
<opcode="load(27) " fcode="load"/>
<opset="p_0_0271104_load/1 "/>
</bind>
</comp>

<comp id="1081" class="1004" name="p_0_0271_1106_load_load_fu_1081">
<pin_list>
<pin id="1082" dir="0" index="0" bw="16" slack="0"/>
<pin id="1083" dir="1" index="1" bw="16" slack="0"/>
</pin_list>
<bind>
<opcode="load(27) " fcode="load"/>
<opset="p_0_0271_1106_load/1 "/>
</bind>
</comp>

<comp id="1085" class="1004" name="p_0_0271_2108_load_load_fu_1085">
<pin_list>
<pin id="1086" dir="0" index="0" bw="16" slack="0"/>
<pin id="1087" dir="1" index="1" bw="16" slack="0"/>
</pin_list>
<bind>
<opcode="load(27) " fcode="load"/>
<opset="p_0_0271_2108_load/1 "/>
</bind>
</comp>

<comp id="1089" class="1004" name="p_0_0271_3110_load_load_fu_1089">
<pin_list>
<pin id="1090" dir="0" index="0" bw="16" slack="0"/>
<pin id="1091" dir="1" index="1" bw="16" slack="0"/>
</pin_list>
<bind>
<opcode="load(27) " fcode="load"/>
<opset="p_0_0271_3110_load/1 "/>
</bind>
</comp>

<comp id="1093" class="1005" name="w_reg_1093">
<pin_list>
<pin id="1094" dir="0" index="0" bw="3" slack="0"/>
<pin id="1095" dir="1" index="1" bw="3" slack="0"/>
</pin_list>
<bind>
<opset="w "/>
</bind>
</comp>

<comp id="1100" class="1005" name="p_0_0271104_reg_1100">
<pin_list>
<pin id="1101" dir="0" index="0" bw="16" slack="0"/>
<pin id="1102" dir="1" index="1" bw="16" slack="0"/>
</pin_list>
<bind>
<opset="p_0_0271104 "/>
</bind>
</comp>

<comp id="1106" class="1005" name="p_0_0271_1106_reg_1106">
<pin_list>
<pin id="1107" dir="0" index="0" bw="16" slack="0"/>
<pin id="1108" dir="1" index="1" bw="16" slack="0"/>
</pin_list>
<bind>
<opset="p_0_0271_1106 "/>
</bind>
</comp>

<comp id="1112" class="1005" name="p_0_0271_2108_reg_1112">
<pin_list>
<pin id="1113" dir="0" index="0" bw="16" slack="0"/>
<pin id="1114" dir="1" index="1" bw="16" slack="0"/>
</pin_list>
<bind>
<opset="p_0_0271_2108 "/>
</bind>
</comp>

<comp id="1118" class="1005" name="p_0_0271_3110_reg_1118">
<pin_list>
<pin id="1119" dir="0" index="0" bw="16" slack="0"/>
<pin id="1120" dir="1" index="1" bw="16" slack="0"/>
</pin_list>
<bind>
<opset="p_0_0271_3110 "/>
</bind>
</comp>

</comp_list>

<net_list>
<net id="179"><net_src comp="136" pin="0"/><net_sink comp="176" pin=0"/></net>

<net id="183"><net_src comp="136" pin="0"/><net_sink comp="180" pin=0"/></net>

<net id="187"><net_src comp="136" pin="0"/><net_sink comp="184" pin=0"/></net>

<net id="191"><net_src comp="136" pin="0"/><net_sink comp="188" pin=0"/></net>

<net id="195"><net_src comp="136" pin="0"/><net_sink comp="192" pin=0"/></net>

<net id="200"><net_src comp="138" pin="0"/><net_sink comp="196" pin=0"/></net>

<net id="201"><net_src comp="126" pin="0"/><net_sink comp="196" pin=1"/></net>

<net id="206"><net_src comp="138" pin="0"/><net_sink comp="202" pin=0"/></net>

<net id="207"><net_src comp="124" pin="0"/><net_sink comp="202" pin=1"/></net>

<net id="212"><net_src comp="138" pin="0"/><net_sink comp="208" pin=0"/></net>

<net id="213"><net_src comp="122" pin="0"/><net_sink comp="208" pin=1"/></net>

<net id="218"><net_src comp="138" pin="0"/><net_sink comp="214" pin=0"/></net>

<net id="219"><net_src comp="120" pin="0"/><net_sink comp="214" pin=1"/></net>

<net id="224"><net_src comp="138" pin="0"/><net_sink comp="220" pin=0"/></net>

<net id="225"><net_src comp="118" pin="0"/><net_sink comp="220" pin=1"/></net>

<net id="230"><net_src comp="138" pin="0"/><net_sink comp="226" pin=0"/></net>

<net id="231"><net_src comp="116" pin="0"/><net_sink comp="226" pin=1"/></net>

<net id="236"><net_src comp="138" pin="0"/><net_sink comp="232" pin=0"/></net>

<net id="237"><net_src comp="114" pin="0"/><net_sink comp="232" pin=1"/></net>

<net id="242"><net_src comp="138" pin="0"/><net_sink comp="238" pin=0"/></net>

<net id="243"><net_src comp="112" pin="0"/><net_sink comp="238" pin=1"/></net>

<net id="248"><net_src comp="138" pin="0"/><net_sink comp="244" pin=0"/></net>

<net id="249"><net_src comp="110" pin="0"/><net_sink comp="244" pin=1"/></net>

<net id="254"><net_src comp="138" pin="0"/><net_sink comp="250" pin=0"/></net>

<net id="255"><net_src comp="108" pin="0"/><net_sink comp="250" pin=1"/></net>

<net id="260"><net_src comp="138" pin="0"/><net_sink comp="256" pin=0"/></net>

<net id="261"><net_src comp="106" pin="0"/><net_sink comp="256" pin=1"/></net>

<net id="266"><net_src comp="138" pin="0"/><net_sink comp="262" pin=0"/></net>

<net id="267"><net_src comp="104" pin="0"/><net_sink comp="262" pin=1"/></net>

<net id="272"><net_src comp="138" pin="0"/><net_sink comp="268" pin=0"/></net>

<net id="273"><net_src comp="102" pin="0"/><net_sink comp="268" pin=1"/></net>

<net id="278"><net_src comp="138" pin="0"/><net_sink comp="274" pin=0"/></net>

<net id="279"><net_src comp="100" pin="0"/><net_sink comp="274" pin=1"/></net>

<net id="284"><net_src comp="138" pin="0"/><net_sink comp="280" pin=0"/></net>

<net id="285"><net_src comp="98" pin="0"/><net_sink comp="280" pin=1"/></net>

<net id="290"><net_src comp="138" pin="0"/><net_sink comp="286" pin=0"/></net>

<net id="291"><net_src comp="96" pin="0"/><net_sink comp="286" pin=1"/></net>

<net id="296"><net_src comp="138" pin="0"/><net_sink comp="292" pin=0"/></net>

<net id="297"><net_src comp="94" pin="0"/><net_sink comp="292" pin=1"/></net>

<net id="302"><net_src comp="138" pin="0"/><net_sink comp="298" pin=0"/></net>

<net id="303"><net_src comp="92" pin="0"/><net_sink comp="298" pin=1"/></net>

<net id="308"><net_src comp="138" pin="0"/><net_sink comp="304" pin=0"/></net>

<net id="309"><net_src comp="90" pin="0"/><net_sink comp="304" pin=1"/></net>

<net id="314"><net_src comp="138" pin="0"/><net_sink comp="310" pin=0"/></net>

<net id="315"><net_src comp="88" pin="0"/><net_sink comp="310" pin=1"/></net>

<net id="320"><net_src comp="138" pin="0"/><net_sink comp="316" pin=0"/></net>

<net id="321"><net_src comp="86" pin="0"/><net_sink comp="316" pin=1"/></net>

<net id="326"><net_src comp="138" pin="0"/><net_sink comp="322" pin=0"/></net>

<net id="327"><net_src comp="84" pin="0"/><net_sink comp="322" pin=1"/></net>

<net id="332"><net_src comp="138" pin="0"/><net_sink comp="328" pin=0"/></net>

<net id="333"><net_src comp="82" pin="0"/><net_sink comp="328" pin=1"/></net>

<net id="338"><net_src comp="138" pin="0"/><net_sink comp="334" pin=0"/></net>

<net id="339"><net_src comp="80" pin="0"/><net_sink comp="334" pin=1"/></net>

<net id="344"><net_src comp="138" pin="0"/><net_sink comp="340" pin=0"/></net>

<net id="345"><net_src comp="78" pin="0"/><net_sink comp="340" pin=1"/></net>

<net id="350"><net_src comp="138" pin="0"/><net_sink comp="346" pin=0"/></net>

<net id="351"><net_src comp="76" pin="0"/><net_sink comp="346" pin=1"/></net>

<net id="356"><net_src comp="138" pin="0"/><net_sink comp="352" pin=0"/></net>

<net id="357"><net_src comp="74" pin="0"/><net_sink comp="352" pin=1"/></net>

<net id="362"><net_src comp="138" pin="0"/><net_sink comp="358" pin=0"/></net>

<net id="363"><net_src comp="72" pin="0"/><net_sink comp="358" pin=1"/></net>

<net id="368"><net_src comp="138" pin="0"/><net_sink comp="364" pin=0"/></net>

<net id="369"><net_src comp="70" pin="0"/><net_sink comp="364" pin=1"/></net>

<net id="374"><net_src comp="138" pin="0"/><net_sink comp="370" pin=0"/></net>

<net id="375"><net_src comp="68" pin="0"/><net_sink comp="370" pin=1"/></net>

<net id="380"><net_src comp="138" pin="0"/><net_sink comp="376" pin=0"/></net>

<net id="381"><net_src comp="66" pin="0"/><net_sink comp="376" pin=1"/></net>

<net id="386"><net_src comp="138" pin="0"/><net_sink comp="382" pin=0"/></net>

<net id="387"><net_src comp="64" pin="0"/><net_sink comp="382" pin=1"/></net>

<net id="392"><net_src comp="138" pin="0"/><net_sink comp="388" pin=0"/></net>

<net id="393"><net_src comp="62" pin="0"/><net_sink comp="388" pin=1"/></net>

<net id="398"><net_src comp="138" pin="0"/><net_sink comp="394" pin=0"/></net>

<net id="399"><net_src comp="60" pin="0"/><net_sink comp="394" pin=1"/></net>

<net id="404"><net_src comp="138" pin="0"/><net_sink comp="400" pin=0"/></net>

<net id="405"><net_src comp="58" pin="0"/><net_sink comp="400" pin=1"/></net>

<net id="410"><net_src comp="138" pin="0"/><net_sink comp="406" pin=0"/></net>

<net id="411"><net_src comp="56" pin="0"/><net_sink comp="406" pin=1"/></net>

<net id="416"><net_src comp="138" pin="0"/><net_sink comp="412" pin=0"/></net>

<net id="417"><net_src comp="54" pin="0"/><net_sink comp="412" pin=1"/></net>

<net id="422"><net_src comp="138" pin="0"/><net_sink comp="418" pin=0"/></net>

<net id="423"><net_src comp="52" pin="0"/><net_sink comp="418" pin=1"/></net>

<net id="428"><net_src comp="138" pin="0"/><net_sink comp="424" pin=0"/></net>

<net id="429"><net_src comp="50" pin="0"/><net_sink comp="424" pin=1"/></net>

<net id="434"><net_src comp="138" pin="0"/><net_sink comp="430" pin=0"/></net>

<net id="435"><net_src comp="48" pin="0"/><net_sink comp="430" pin=1"/></net>

<net id="440"><net_src comp="138" pin="0"/><net_sink comp="436" pin=0"/></net>

<net id="441"><net_src comp="46" pin="0"/><net_sink comp="436" pin=1"/></net>

<net id="446"><net_src comp="138" pin="0"/><net_sink comp="442" pin=0"/></net>

<net id="447"><net_src comp="44" pin="0"/><net_sink comp="442" pin=1"/></net>

<net id="452"><net_src comp="138" pin="0"/><net_sink comp="448" pin=0"/></net>

<net id="453"><net_src comp="42" pin="0"/><net_sink comp="448" pin=1"/></net>

<net id="458"><net_src comp="138" pin="0"/><net_sink comp="454" pin=0"/></net>

<net id="459"><net_src comp="40" pin="0"/><net_sink comp="454" pin=1"/></net>

<net id="464"><net_src comp="138" pin="0"/><net_sink comp="460" pin=0"/></net>

<net id="465"><net_src comp="38" pin="0"/><net_sink comp="460" pin=1"/></net>

<net id="470"><net_src comp="138" pin="0"/><net_sink comp="466" pin=0"/></net>

<net id="471"><net_src comp="36" pin="0"/><net_sink comp="466" pin=1"/></net>

<net id="476"><net_src comp="138" pin="0"/><net_sink comp="472" pin=0"/></net>

<net id="477"><net_src comp="34" pin="0"/><net_sink comp="472" pin=1"/></net>

<net id="482"><net_src comp="138" pin="0"/><net_sink comp="478" pin=0"/></net>

<net id="483"><net_src comp="32" pin="0"/><net_sink comp="478" pin=1"/></net>

<net id="488"><net_src comp="138" pin="0"/><net_sink comp="484" pin=0"/></net>

<net id="489"><net_src comp="30" pin="0"/><net_sink comp="484" pin=1"/></net>

<net id="494"><net_src comp="138" pin="0"/><net_sink comp="490" pin=0"/></net>

<net id="495"><net_src comp="28" pin="0"/><net_sink comp="490" pin=1"/></net>

<net id="500"><net_src comp="138" pin="0"/><net_sink comp="496" pin=0"/></net>

<net id="501"><net_src comp="26" pin="0"/><net_sink comp="496" pin=1"/></net>

<net id="506"><net_src comp="138" pin="0"/><net_sink comp="502" pin=0"/></net>

<net id="507"><net_src comp="24" pin="0"/><net_sink comp="502" pin=1"/></net>

<net id="512"><net_src comp="138" pin="0"/><net_sink comp="508" pin=0"/></net>

<net id="513"><net_src comp="22" pin="0"/><net_sink comp="508" pin=1"/></net>

<net id="518"><net_src comp="138" pin="0"/><net_sink comp="514" pin=0"/></net>

<net id="519"><net_src comp="20" pin="0"/><net_sink comp="514" pin=1"/></net>

<net id="524"><net_src comp="138" pin="0"/><net_sink comp="520" pin=0"/></net>

<net id="525"><net_src comp="18" pin="0"/><net_sink comp="520" pin=1"/></net>

<net id="530"><net_src comp="138" pin="0"/><net_sink comp="526" pin=0"/></net>

<net id="531"><net_src comp="16" pin="0"/><net_sink comp="526" pin=1"/></net>

<net id="536"><net_src comp="138" pin="0"/><net_sink comp="532" pin=0"/></net>

<net id="537"><net_src comp="14" pin="0"/><net_sink comp="532" pin=1"/></net>

<net id="542"><net_src comp="138" pin="0"/><net_sink comp="538" pin=0"/></net>

<net id="543"><net_src comp="12" pin="0"/><net_sink comp="538" pin=1"/></net>

<net id="548"><net_src comp="138" pin="0"/><net_sink comp="544" pin=0"/></net>

<net id="549"><net_src comp="10" pin="0"/><net_sink comp="544" pin=1"/></net>

<net id="554"><net_src comp="138" pin="0"/><net_sink comp="550" pin=0"/></net>

<net id="555"><net_src comp="8" pin="0"/><net_sink comp="550" pin=1"/></net>

<net id="560"><net_src comp="138" pin="0"/><net_sink comp="556" pin=0"/></net>

<net id="561"><net_src comp="6" pin="0"/><net_sink comp="556" pin=1"/></net>

<net id="566"><net_src comp="138" pin="0"/><net_sink comp="562" pin=0"/></net>

<net id="567"><net_src comp="4" pin="0"/><net_sink comp="562" pin=1"/></net>

<net id="572"><net_src comp="138" pin="0"/><net_sink comp="568" pin=0"/></net>

<net id="573"><net_src comp="2" pin="0"/><net_sink comp="568" pin=1"/></net>

<net id="578"><net_src comp="138" pin="0"/><net_sink comp="574" pin=0"/></net>

<net id="579"><net_src comp="0" pin="0"/><net_sink comp="574" pin=1"/></net>

<net id="585"><net_src comp="174" pin="0"/><net_sink comp="580" pin=0"/></net>

<net id="586"><net_src comp="128" pin="0"/><net_sink comp="580" pin=1"/></net>

<net id="592"><net_src comp="174" pin="0"/><net_sink comp="587" pin=0"/></net>

<net id="593"><net_src comp="130" pin="0"/><net_sink comp="587" pin=1"/></net>

<net id="599"><net_src comp="174" pin="0"/><net_sink comp="594" pin=0"/></net>

<net id="600"><net_src comp="132" pin="0"/><net_sink comp="594" pin=1"/></net>

<net id="606"><net_src comp="174" pin="0"/><net_sink comp="601" pin=0"/></net>

<net id="607"><net_src comp="134" pin="0"/><net_sink comp="601" pin=1"/></net>

<net id="612"><net_src comp="140" pin="0"/><net_sink comp="608" pin=0"/></net>

<net id="620"><net_src comp="613" pin="1"/><net_sink comp="616" pin=0"/></net>

<net id="621"><net_src comp="142" pin="0"/><net_sink comp="616" pin=1"/></net>

<net id="626"><net_src comp="613" pin="1"/><net_sink comp="622" pin=0"/></net>

<net id="627"><net_src comp="144" pin="0"/><net_sink comp="622" pin=1"/></net>

<net id="631"><net_src comp="613" pin="1"/><net_sink comp="628" pin=0"/></net>

<net id="645"><net_src comp="160" pin="0"/><net_sink comp="632" pin=0"/></net>

<net id="646"><net_src comp="162" pin="0"/><net_sink comp="632" pin=1"/></net>

<net id="647"><net_src comp="574" pin="2"/><net_sink comp="632" pin=2"/></net>

<net id="648"><net_src comp="164" pin="0"/><net_sink comp="632" pin=3"/></net>

<net id="649"><net_src comp="568" pin="2"/><net_sink comp="632" pin=4"/></net>

<net id="650"><net_src comp="166" pin="0"/><net_sink comp="632" pin=5"/></net>

<net id="651"><net_src comp="562" pin="2"/><net_sink comp="632" pin=6"/></net>

<net id="652"><net_src comp="168" pin="0"/><net_sink comp="632" pin=7"/></net>

<net id="653"><net_src comp="556" pin="2"/><net_sink comp="632" pin=8"/></net>

<net id="654"><net_src comp="170" pin="0"/><net_sink comp="632" pin=9"/></net>

<net id="655"><net_src comp="628" pin="1"/><net_sink comp="632" pin=10"/></net>

<net id="669"><net_src comp="160" pin="0"/><net_sink comp="656" pin=0"/></net>

<net id="670"><net_src comp="162" pin="0"/><net_sink comp="656" pin=1"/></net>

<net id="671"><net_src comp="550" pin="2"/><net_sink comp="656" pin=2"/></net>

<net id="672"><net_src comp="164" pin="0"/><net_sink comp="656" pin=3"/></net>

<net id="673"><net_src comp="544" pin="2"/><net_sink comp="656" pin=4"/></net>

<net id="674"><net_src comp="166" pin="0"/><net_sink comp="656" pin=5"/></net>

<net id="675"><net_src comp="538" pin="2"/><net_sink comp="656" pin=6"/></net>

<net id="676"><net_src comp="168" pin="0"/><net_sink comp="656" pin=7"/></net>

<net id="677"><net_src comp="532" pin="2"/><net_sink comp="656" pin=8"/></net>

<net id="678"><net_src comp="170" pin="0"/><net_sink comp="656" pin=9"/></net>

<net id="679"><net_src comp="628" pin="1"/><net_sink comp="656" pin=10"/></net>

<net id="693"><net_src comp="160" pin="0"/><net_sink comp="680" pin=0"/></net>

<net id="694"><net_src comp="162" pin="0"/><net_sink comp="680" pin=1"/></net>

<net id="695"><net_src comp="526" pin="2"/><net_sink comp="680" pin=2"/></net>

<net id="696"><net_src comp="164" pin="0"/><net_sink comp="680" pin=3"/></net>

<net id="697"><net_src comp="520" pin="2"/><net_sink comp="680" pin=4"/></net>

<net id="698"><net_src comp="166" pin="0"/><net_sink comp="680" pin=5"/></net>

<net id="699"><net_src comp="514" pin="2"/><net_sink comp="680" pin=6"/></net>

<net id="700"><net_src comp="168" pin="0"/><net_sink comp="680" pin=7"/></net>

<net id="701"><net_src comp="508" pin="2"/><net_sink comp="680" pin=8"/></net>

<net id="702"><net_src comp="170" pin="0"/><net_sink comp="680" pin=9"/></net>

<net id="703"><net_src comp="628" pin="1"/><net_sink comp="680" pin=10"/></net>

<net id="717"><net_src comp="160" pin="0"/><net_sink comp="704" pin=0"/></net>

<net id="718"><net_src comp="162" pin="0"/><net_sink comp="704" pin=1"/></net>

<net id="719"><net_src comp="502" pin="2"/><net_sink comp="704" pin=2"/></net>

<net id="720"><net_src comp="164" pin="0"/><net_sink comp="704" pin=3"/></net>

<net id="721"><net_src comp="496" pin="2"/><net_sink comp="704" pin=4"/></net>

<net id="722"><net_src comp="166" pin="0"/><net_sink comp="704" pin=5"/></net>

<net id="723"><net_src comp="490" pin="2"/><net_sink comp="704" pin=6"/></net>

<net id="724"><net_src comp="168" pin="0"/><net_sink comp="704" pin=7"/></net>

<net id="725"><net_src comp="484" pin="2"/><net_sink comp="704" pin=8"/></net>

<net id="726"><net_src comp="170" pin="0"/><net_sink comp="704" pin=9"/></net>

<net id="727"><net_src comp="628" pin="1"/><net_sink comp="704" pin=10"/></net>

<net id="741"><net_src comp="160" pin="0"/><net_sink comp="728" pin=0"/></net>

<net id="742"><net_src comp="162" pin="0"/><net_sink comp="728" pin=1"/></net>

<net id="743"><net_src comp="478" pin="2"/><net_sink comp="728" pin=2"/></net>

<net id="744"><net_src comp="164" pin="0"/><net_sink comp="728" pin=3"/></net>

<net id="745"><net_src comp="472" pin="2"/><net_sink comp="728" pin=4"/></net>

<net id="746"><net_src comp="166" pin="0"/><net_sink comp="728" pin=5"/></net>

<net id="747"><net_src comp="466" pin="2"/><net_sink comp="728" pin=6"/></net>

<net id="748"><net_src comp="168" pin="0"/><net_sink comp="728" pin=7"/></net>

<net id="749"><net_src comp="460" pin="2"/><net_sink comp="728" pin=8"/></net>

<net id="750"><net_src comp="170" pin="0"/><net_sink comp="728" pin=9"/></net>

<net id="751"><net_src comp="628" pin="1"/><net_sink comp="728" pin=10"/></net>

<net id="765"><net_src comp="160" pin="0"/><net_sink comp="752" pin=0"/></net>

<net id="766"><net_src comp="162" pin="0"/><net_sink comp="752" pin=1"/></net>

<net id="767"><net_src comp="454" pin="2"/><net_sink comp="752" pin=2"/></net>

<net id="768"><net_src comp="164" pin="0"/><net_sink comp="752" pin=3"/></net>

<net id="769"><net_src comp="448" pin="2"/><net_sink comp="752" pin=4"/></net>

<net id="770"><net_src comp="166" pin="0"/><net_sink comp="752" pin=5"/></net>

<net id="771"><net_src comp="442" pin="2"/><net_sink comp="752" pin=6"/></net>

<net id="772"><net_src comp="168" pin="0"/><net_sink comp="752" pin=7"/></net>

<net id="773"><net_src comp="436" pin="2"/><net_sink comp="752" pin=8"/></net>

<net id="774"><net_src comp="170" pin="0"/><net_sink comp="752" pin=9"/></net>

<net id="775"><net_src comp="628" pin="1"/><net_sink comp="752" pin=10"/></net>

<net id="789"><net_src comp="160" pin="0"/><net_sink comp="776" pin=0"/></net>

<net id="790"><net_src comp="162" pin="0"/><net_sink comp="776" pin=1"/></net>

<net id="791"><net_src comp="430" pin="2"/><net_sink comp="776" pin=2"/></net>

<net id="792"><net_src comp="164" pin="0"/><net_sink comp="776" pin=3"/></net>

<net id="793"><net_src comp="424" pin="2"/><net_sink comp="776" pin=4"/></net>

<net id="794"><net_src comp="166" pin="0"/><net_sink comp="776" pin=5"/></net>

<net id="795"><net_src comp="418" pin="2"/><net_sink comp="776" pin=6"/></net>

<net id="796"><net_src comp="168" pin="0"/><net_sink comp="776" pin=7"/></net>

<net id="797"><net_src comp="412" pin="2"/><net_sink comp="776" pin=8"/></net>

<net id="798"><net_src comp="170" pin="0"/><net_sink comp="776" pin=9"/></net>

<net id="799"><net_src comp="628" pin="1"/><net_sink comp="776" pin=10"/></net>

<net id="813"><net_src comp="160" pin="0"/><net_sink comp="800" pin=0"/></net>

<net id="814"><net_src comp="162" pin="0"/><net_sink comp="800" pin=1"/></net>

<net id="815"><net_src comp="406" pin="2"/><net_sink comp="800" pin=2"/></net>

<net id="816"><net_src comp="164" pin="0"/><net_sink comp="800" pin=3"/></net>

<net id="817"><net_src comp="400" pin="2"/><net_sink comp="800" pin=4"/></net>

<net id="818"><net_src comp="166" pin="0"/><net_sink comp="800" pin=5"/></net>

<net id="819"><net_src comp="394" pin="2"/><net_sink comp="800" pin=6"/></net>

<net id="820"><net_src comp="168" pin="0"/><net_sink comp="800" pin=7"/></net>

<net id="821"><net_src comp="388" pin="2"/><net_sink comp="800" pin=8"/></net>

<net id="822"><net_src comp="170" pin="0"/><net_sink comp="800" pin=9"/></net>

<net id="823"><net_src comp="628" pin="1"/><net_sink comp="800" pin=10"/></net>

<net id="837"><net_src comp="160" pin="0"/><net_sink comp="824" pin=0"/></net>

<net id="838"><net_src comp="162" pin="0"/><net_sink comp="824" pin=1"/></net>

<net id="839"><net_src comp="382" pin="2"/><net_sink comp="824" pin=2"/></net>

<net id="840"><net_src comp="164" pin="0"/><net_sink comp="824" pin=3"/></net>

<net id="841"><net_src comp="376" pin="2"/><net_sink comp="824" pin=4"/></net>

<net id="842"><net_src comp="166" pin="0"/><net_sink comp="824" pin=5"/></net>

<net id="843"><net_src comp="370" pin="2"/><net_sink comp="824" pin=6"/></net>

<net id="844"><net_src comp="168" pin="0"/><net_sink comp="824" pin=7"/></net>

<net id="845"><net_src comp="364" pin="2"/><net_sink comp="824" pin=8"/></net>

<net id="846"><net_src comp="170" pin="0"/><net_sink comp="824" pin=9"/></net>

<net id="847"><net_src comp="628" pin="1"/><net_sink comp="824" pin=10"/></net>

<net id="861"><net_src comp="160" pin="0"/><net_sink comp="848" pin=0"/></net>

<net id="862"><net_src comp="162" pin="0"/><net_sink comp="848" pin=1"/></net>

<net id="863"><net_src comp="358" pin="2"/><net_sink comp="848" pin=2"/></net>

<net id="864"><net_src comp="164" pin="0"/><net_sink comp="848" pin=3"/></net>

<net id="865"><net_src comp="352" pin="2"/><net_sink comp="848" pin=4"/></net>

<net id="866"><net_src comp="166" pin="0"/><net_sink comp="848" pin=5"/></net>

<net id="867"><net_src comp="346" pin="2"/><net_sink comp="848" pin=6"/></net>

<net id="868"><net_src comp="168" pin="0"/><net_sink comp="848" pin=7"/></net>

<net id="869"><net_src comp="340" pin="2"/><net_sink comp="848" pin=8"/></net>

<net id="870"><net_src comp="170" pin="0"/><net_sink comp="848" pin=9"/></net>

<net id="871"><net_src comp="628" pin="1"/><net_sink comp="848" pin=10"/></net>

<net id="885"><net_src comp="160" pin="0"/><net_sink comp="872" pin=0"/></net>

<net id="886"><net_src comp="162" pin="0"/><net_sink comp="872" pin=1"/></net>

<net id="887"><net_src comp="334" pin="2"/><net_sink comp="872" pin=2"/></net>

<net id="888"><net_src comp="164" pin="0"/><net_sink comp="872" pin=3"/></net>

<net id="889"><net_src comp="328" pin="2"/><net_sink comp="872" pin=4"/></net>

<net id="890"><net_src comp="166" pin="0"/><net_sink comp="872" pin=5"/></net>

<net id="891"><net_src comp="322" pin="2"/><net_sink comp="872" pin=6"/></net>

<net id="892"><net_src comp="168" pin="0"/><net_sink comp="872" pin=7"/></net>

<net id="893"><net_src comp="316" pin="2"/><net_sink comp="872" pin=8"/></net>

<net id="894"><net_src comp="170" pin="0"/><net_sink comp="872" pin=9"/></net>

<net id="895"><net_src comp="628" pin="1"/><net_sink comp="872" pin=10"/></net>

<net id="909"><net_src comp="160" pin="0"/><net_sink comp="896" pin=0"/></net>

<net id="910"><net_src comp="162" pin="0"/><net_sink comp="896" pin=1"/></net>

<net id="911"><net_src comp="310" pin="2"/><net_sink comp="896" pin=2"/></net>

<net id="912"><net_src comp="164" pin="0"/><net_sink comp="896" pin=3"/></net>

<net id="913"><net_src comp="304" pin="2"/><net_sink comp="896" pin=4"/></net>

<net id="914"><net_src comp="166" pin="0"/><net_sink comp="896" pin=5"/></net>

<net id="915"><net_src comp="298" pin="2"/><net_sink comp="896" pin=6"/></net>

<net id="916"><net_src comp="168" pin="0"/><net_sink comp="896" pin=7"/></net>

<net id="917"><net_src comp="292" pin="2"/><net_sink comp="896" pin=8"/></net>

<net id="918"><net_src comp="170" pin="0"/><net_sink comp="896" pin=9"/></net>

<net id="919"><net_src comp="628" pin="1"/><net_sink comp="896" pin=10"/></net>

<net id="933"><net_src comp="160" pin="0"/><net_sink comp="920" pin=0"/></net>

<net id="934"><net_src comp="162" pin="0"/><net_sink comp="920" pin=1"/></net>

<net id="935"><net_src comp="286" pin="2"/><net_sink comp="920" pin=2"/></net>

<net id="936"><net_src comp="164" pin="0"/><net_sink comp="920" pin=3"/></net>

<net id="937"><net_src comp="280" pin="2"/><net_sink comp="920" pin=4"/></net>

<net id="938"><net_src comp="166" pin="0"/><net_sink comp="920" pin=5"/></net>

<net id="939"><net_src comp="274" pin="2"/><net_sink comp="920" pin=6"/></net>

<net id="940"><net_src comp="168" pin="0"/><net_sink comp="920" pin=7"/></net>

<net id="941"><net_src comp="268" pin="2"/><net_sink comp="920" pin=8"/></net>

<net id="942"><net_src comp="170" pin="0"/><net_sink comp="920" pin=9"/></net>

<net id="943"><net_src comp="628" pin="1"/><net_sink comp="920" pin=10"/></net>

<net id="957"><net_src comp="160" pin="0"/><net_sink comp="944" pin=0"/></net>

<net id="958"><net_src comp="162" pin="0"/><net_sink comp="944" pin=1"/></net>

<net id="959"><net_src comp="262" pin="2"/><net_sink comp="944" pin=2"/></net>

<net id="960"><net_src comp="164" pin="0"/><net_sink comp="944" pin=3"/></net>

<net id="961"><net_src comp="256" pin="2"/><net_sink comp="944" pin=4"/></net>

<net id="962"><net_src comp="166" pin="0"/><net_sink comp="944" pin=5"/></net>

<net id="963"><net_src comp="250" pin="2"/><net_sink comp="944" pin=6"/></net>

<net id="964"><net_src comp="168" pin="0"/><net_sink comp="944" pin=7"/></net>

<net id="965"><net_src comp="244" pin="2"/><net_sink comp="944" pin=8"/></net>

<net id="966"><net_src comp="170" pin="0"/><net_sink comp="944" pin=9"/></net>

<net id="967"><net_src comp="628" pin="1"/><net_sink comp="944" pin=10"/></net>

<net id="981"><net_src comp="160" pin="0"/><net_sink comp="968" pin=0"/></net>

<net id="982"><net_src comp="162" pin="0"/><net_sink comp="968" pin=1"/></net>

<net id="983"><net_src comp="238" pin="2"/><net_sink comp="968" pin=2"/></net>

<net id="984"><net_src comp="164" pin="0"/><net_sink comp="968" pin=3"/></net>

<net id="985"><net_src comp="232" pin="2"/><net_sink comp="968" pin=4"/></net>

<net id="986"><net_src comp="166" pin="0"/><net_sink comp="968" pin=5"/></net>

<net id="987"><net_src comp="226" pin="2"/><net_sink comp="968" pin=6"/></net>

<net id="988"><net_src comp="168" pin="0"/><net_sink comp="968" pin=7"/></net>

<net id="989"><net_src comp="220" pin="2"/><net_sink comp="968" pin=8"/></net>

<net id="990"><net_src comp="170" pin="0"/><net_sink comp="968" pin=9"/></net>

<net id="991"><net_src comp="628" pin="1"/><net_sink comp="968" pin=10"/></net>

<net id="1005"><net_src comp="160" pin="0"/><net_sink comp="992" pin=0"/></net>

<net id="1006"><net_src comp="162" pin="0"/><net_sink comp="992" pin=1"/></net>

<net id="1007"><net_src comp="214" pin="2"/><net_sink comp="992" pin=2"/></net>

<net id="1008"><net_src comp="164" pin="0"/><net_sink comp="992" pin=3"/></net>

<net id="1009"><net_src comp="208" pin="2"/><net_sink comp="992" pin=4"/></net>

<net id="1010"><net_src comp="166" pin="0"/><net_sink comp="992" pin=5"/></net>

<net id="1011"><net_src comp="202" pin="2"/><net_sink comp="992" pin=6"/></net>

<net id="1012"><net_src comp="168" pin="0"/><net_sink comp="992" pin=7"/></net>

<net id="1013"><net_src comp="196" pin="2"/><net_sink comp="992" pin=8"/></net>

<net id="1014"><net_src comp="170" pin="0"/><net_sink comp="992" pin=9"/></net>

<net id="1015"><net_src comp="628" pin="1"/><net_sink comp="992" pin=10"/></net>

<net id="1035"><net_src comp="172" pin="0"/><net_sink comp="1016" pin=0"/></net>

<net id="1036"><net_src comp="632" pin="11"/><net_sink comp="1016" pin=1"/></net>

<net id="1037"><net_src comp="656" pin="11"/><net_sink comp="1016" pin=2"/></net>

<net id="1038"><net_src comp="680" pin="11"/><net_sink comp="1016" pin=3"/></net>

<net id="1039"><net_src comp="704" pin="11"/><net_sink comp="1016" pin=4"/></net>

<net id="1040"><net_src comp="728" pin="11"/><net_sink comp="1016" pin=5"/></net>

<net id="1041"><net_src comp="752" pin="11"/><net_sink comp="1016" pin=6"/></net>

<net id="1042"><net_src comp="776" pin="11"/><net_sink comp="1016" pin=7"/></net>

<net id="1043"><net_src comp="800" pin="11"/><net_sink comp="1016" pin=8"/></net>

<net id="1044"><net_src comp="824" pin="11"/><net_sink comp="1016" pin=9"/></net>

<net id="1045"><net_src comp="848" pin="11"/><net_sink comp="1016" pin=10"/></net>

<net id="1046"><net_src comp="872" pin="11"/><net_sink comp="1016" pin=11"/></net>

<net id="1047"><net_src comp="896" pin="11"/><net_sink comp="1016" pin=12"/></net>

<net id="1048"><net_src comp="920" pin="11"/><net_sink comp="1016" pin=13"/></net>

<net id="1049"><net_src comp="944" pin="11"/><net_sink comp="1016" pin=14"/></net>

<net id="1050"><net_src comp="968" pin="11"/><net_sink comp="1016" pin=15"/></net>

<net id="1051"><net_src comp="992" pin="11"/><net_sink comp="1016" pin=16"/></net>

<net id="1056"><net_src comp="1016" pin="17"/><net_sink comp="1052" pin=0"/></net>

<net id="1061"><net_src comp="1016" pin="17"/><net_sink comp="1057" pin=0"/></net>

<net id="1066"><net_src comp="1016" pin="17"/><net_sink comp="1062" pin=0"/></net>

<net id="1071"><net_src comp="1016" pin="17"/><net_sink comp="1067" pin=0"/></net>

<net id="1076"><net_src comp="622" pin="2"/><net_sink comp="1072" pin=0"/></net>

<net id="1080"><net_src comp="1077" pin="1"/><net_sink comp="601" pin=2"/></net>

<net id="1084"><net_src comp="1081" pin="1"/><net_sink comp="594" pin=2"/></net>

<net id="1088"><net_src comp="1085" pin="1"/><net_sink comp="587" pin=2"/></net>

<net id="1092"><net_src comp="1089" pin="1"/><net_sink comp="580" pin=2"/></net>

<net id="1096"><net_src comp="176" pin="1"/><net_sink comp="1093" pin=0"/></net>

<net id="1097"><net_src comp="1093" pin="1"/><net_sink comp="608" pin=1"/></net>

<net id="1098"><net_src comp="1093" pin="1"/><net_sink comp="613" pin=0"/></net>

<net id="1099"><net_src comp="1093" pin="1"/><net_sink comp="1072" pin=1"/></net>

<net id="1103"><net_src comp="180" pin="1"/><net_sink comp="1100" pin=0"/></net>

<net id="1104"><net_src comp="1100" pin="1"/><net_sink comp="1062" pin=1"/></net>

<net id="1105"><net_src comp="1100" pin="1"/><net_sink comp="1077" pin=0"/></net>

<net id="1109"><net_src comp="184" pin="1"/><net_sink comp="1106" pin=0"/></net>

<net id="1110"><net_src comp="1106" pin="1"/><net_sink comp="1057" pin=1"/></net>

<net id="1111"><net_src comp="1106" pin="1"/><net_sink comp="1081" pin=0"/></net>

<net id="1115"><net_src comp="188" pin="1"/><net_sink comp="1112" pin=0"/></net>

<net id="1116"><net_src comp="1112" pin="1"/><net_sink comp="1052" pin=1"/></net>

<net id="1117"><net_src comp="1112" pin="1"/><net_sink comp="1085" pin=0"/></net>

<net id="1121"><net_src comp="192" pin="1"/><net_sink comp="1118" pin=0"/></net>

<net id="1122"><net_src comp="1118" pin="1"/><net_sink comp="1067" pin=1"/></net>

<net id="1123"><net_src comp="1118" pin="1"/><net_sink comp="1089" pin=0"/></net>

</net_list>

</model> 
---------------- Datapath Model END ------------------

* FSMD analyzer results:
  - Output states:
	Port: p_0_0271_3110_out | {1 }
	Port: p_0_0271_2108_out | {1 }
	Port: p_0_0271_1106_out | {1 }
	Port: p_0_0271104_out | {1 }
 - Input state : 
	Port: bnn_Pipeline_pack_loop1 : l2_bits_reload | {1 }
	Port: bnn_Pipeline_pack_loop1 : l2_bits_16_reload | {1 }
	Port: bnn_Pipeline_pack_loop1 : l2_bits_32_reload | {1 }
	Port: bnn_Pipeline_pack_loop1 : l2_bits_48_reload | {1 }
	Port: bnn_Pipeline_pack_loop1 : l2_bits_1_reload | {1 }
	Port: bnn_Pipeline_pack_loop1 : l2_bits_17_reload | {1 }
	Port: bnn_Pipeline_pack_loop1 : l2_bits_33_reload | {1 }
	Port: bnn_Pipeline_pack_loop1 : l2_bits_49_reload | {1 }
	Port: bnn_Pipeline_pack_loop1 : l2_bits_2_reload | {1 }
	Port: bnn_Pipeline_pack_loop1 : l2_bits_18_reload | {1 }
	Port: bnn_Pipeline_pack_loop1 : l2_bits_34_reload | {1 }
	Port: bnn_Pipeline_pack_loop1 : l2_bits_50_reload | {1 }
	Port: bnn_Pipeline_pack_loop1 : l2_bits_3_reload | {1 }
	Port: bnn_Pipeline_pack_loop1 : l2_bits_19_reload | {1 }
	Port: bnn_Pipeline_pack_loop1 : l2_bits_35_reload | {1 }
	Port: bnn_Pipeline_pack_loop1 : l2_bits_51_reload | {1 }
	Port: bnn_Pipeline_pack_loop1 : l2_bits_4_reload | {1 }
	Port: bnn_Pipeline_pack_loop1 : l2_bits_20_reload | {1 }
	Port: bnn_Pipeline_pack_loop1 : l2_bits_36_reload | {1 }
	Port: bnn_Pipeline_pack_loop1 : l2_bits_52_reload | {1 }
	Port: bnn_Pipeline_pack_loop1 : l2_bits_5_reload | {1 }
	Port: bnn_Pipeline_pack_loop1 : l2_bits_21_reload | {1 }
	Port: bnn_Pipeline_pack_loop1 : l2_bits_37_reload | {1 }
	Port: bnn_Pipeline_pack_loop1 : l2_bits_53_reload | {1 }
	Port: bnn_Pipeline_pack_loop1 : l2_bits_6_reload | {1 }
	Port: bnn_Pipeline_pack_loop1 : l2_bits_22_reload | {1 }
	Port: bnn_Pipeline_pack_loop1 : l2_bits_38_reload | {1 }
	Port: bnn_Pipeline_pack_loop1 : l2_bits_54_reload | {1 }
	Port: bnn_Pipeline_pack_loop1 : l2_bits_7_reload | {1 }
	Port: bnn_Pipeline_pack_loop1 : l2_bits_23_reload | {1 }
	Port: bnn_Pipeline_pack_loop1 : l2_bits_39_reload | {1 }
	Port: bnn_Pipeline_pack_loop1 : l2_bits_55_reload | {1 }
	Port: bnn_Pipeline_pack_loop1 : l2_bits_8_reload | {1 }
	Port: bnn_Pipeline_pack_loop1 : l2_bits_24_reload | {1 }
	Port: bnn_Pipeline_pack_loop1 : l2_bits_40_reload | {1 }
	Port: bnn_Pipeline_pack_loop1 : l2_bits_56_reload | {1 }
	Port: bnn_Pipeline_pack_loop1 : l2_bits_9_reload | {1 }
	Port: bnn_Pipeline_pack_loop1 : l2_bits_25_reload | {1 }
	Port: bnn_Pipeline_pack_loop1 : l2_bits_41_reload | {1 }
	Port: bnn_Pipeline_pack_loop1 : l2_bits_57_reload | {1 }
	Port: bnn_Pipeline_pack_loop1 : l2_bits_10_reload | {1 }
	Port: bnn_Pipeline_pack_loop1 : l2_bits_26_reload | {1 }
	Port: bnn_Pipeline_pack_loop1 : l2_bits_42_reload | {1 }
	Port: bnn_Pipeline_pack_loop1 : l2_bits_58_reload | {1 }
	Port: bnn_Pipeline_pack_loop1 : l2_bits_11_reload | {1 }
	Port: bnn_Pipeline_pack_loop1 : l2_bits_27_reload | {1 }
	Port: bnn_Pipeline_pack_loop1 : l2_bits_43_reload | {1 }
	Port: bnn_Pipeline_pack_loop1 : l2_bits_59_reload | {1 }
	Port: bnn_Pipeline_pack_loop1 : l2_bits_12_reload | {1 }
	Port: bnn_Pipeline_pack_loop1 : l2_bits_28_reload | {1 }
	Port: bnn_Pipeline_pack_loop1 : l2_bits_44_reload | {1 }
	Port: bnn_Pipeline_pack_loop1 : l2_bits_60_reload | {1 }
	Port: bnn_Pipeline_pack_loop1 : l2_bits_13_reload | {1 }
	Port: bnn_Pipeline_pack_loop1 : l2_bits_29_reload | {1 }
	Port: bnn_Pipeline_pack_loop1 : l2_bits_45_reload | {1 }
	Port: bnn_Pipeline_pack_loop1 : l2_bits_61_reload | {1 }
	Port: bnn_Pipeline_pack_loop1 : l2_bits_14_reload | {1 }
	Port: bnn_Pipeline_pack_loop1 : l2_bits_30_reload | {1 }
	Port: bnn_Pipeline_pack_loop1 : l2_bits_46_reload | {1 }
	Port: bnn_Pipeline_pack_loop1 : l2_bits_62_reload | {1 }
	Port: bnn_Pipeline_pack_loop1 : l2_bits_15_reload | {1 }
	Port: bnn_Pipeline_pack_loop1 : l2_bits_31_reload | {1 }
	Port: bnn_Pipeline_pack_loop1 : l2_bits_47_reload | {1 }
	Port: bnn_Pipeline_pack_loop1 : l2_bits_63_reload | {1 }
  - Chain level:
	State 1
		store_ln26 : 1
		w_1 : 1
		icmp_ln26 : 2
		add_ln26 : 2
		br_ln26 : 3
		trunc_ln26 : 2
		word : 3
		tmp_s : 3
		tmp_1 : 3
		tmp_2 : 3
		tmp_3 : 3
		tmp_4 : 3
		tmp_5 : 3
		tmp_6 : 3
		tmp_7 : 3
		tmp_8 : 3
		tmp_9 : 3
		tmp_10 : 3
		tmp_11 : 3
		tmp_12 : 3
		tmp_13 : 3
		tmp_14 : 3
		word_2 : 4
		switch_ln39 : 3
		store_ln36 : 5
		store_ln36 : 5
		store_ln36 : 5
		store_ln36 : 5
		store_ln26 : 3
		p_0_0271104_load : 1
		p_0_0271_1106_load : 1
		p_0_0271_2108_load : 1
		p_0_0271_3110_load : 1
		write_ln0 : 2
		write_ln0 : 2
		write_ln0 : 2
		write_ln0 : 2


============================================================
+ Verbose Summary: Datapath Resource usage 
============================================================

* Functional unit list:
|----------|------------------------------------|---------|---------|
| Operation|           Functional Unit          |    FF   |   LUT   |
|----------|------------------------------------|---------|---------|
|          |             word_fu_632            |    0    |    20   |
|          |            tmp_s_fu_656            |    0    |    20   |
|          |            tmp_1_fu_680            |    0    |    20   |
|          |            tmp_2_fu_704            |    0    |    20   |
|          |            tmp_3_fu_728            |    0    |    20   |
|          |            tmp_4_fu_752            |    0    |    20   |
|          |            tmp_5_fu_776            |    0    |    20   |
| sparsemux|            tmp_6_fu_800            |    0    |    20   |
|          |            tmp_7_fu_824            |    0    |    20   |
|          |            tmp_8_fu_848            |    0    |    20   |
|          |            tmp_9_fu_872            |    0    |    20   |
|          |            tmp_10_fu_896           |    0    |    20   |
|          |            tmp_11_fu_920           |    0    |    20   |
|          |            tmp_12_fu_944           |    0    |    20   |
|          |            tmp_13_fu_968           |    0    |    20   |
|          |            tmp_14_fu_992           |    0    |    20   |
|----------|------------------------------------|---------|---------|
|   icmp   |          icmp_ln26_fu_616          |    0    |    11   |
|----------|------------------------------------|---------|---------|
|    add   |           add_ln26_fu_622          |    0    |    11   |
|----------|------------------------------------|---------|---------|
|          | l2_bits_63_reload_read_read_fu_196 |    0    |    0    |
|          | l2_bits_47_reload_read_read_fu_202 |    0    |    0    |
|          | l2_bits_31_reload_read_read_fu_208 |    0    |    0    |
|          | l2_bits_15_reload_read_read_fu_214 |    0    |    0    |
|          | l2_bits_62_reload_read_read_fu_220 |    0    |    0    |
|          | l2_bits_46_reload_read_read_fu_226 |    0    |    0    |
|          | l2_bits_30_reload_read_read_fu_232 |    0    |    0    |
|          | l2_bits_14_reload_read_read_fu_238 |    0    |    0    |
|          | l2_bits_61_reload_read_read_fu_244 |    0    |    0    |
|          | l2_bits_45_reload_read_read_fu_250 |    0    |    0    |
|          | l2_bits_29_reload_read_read_fu_256 |    0    |    0    |
|          | l2_bits_13_reload_read_read_fu_262 |    0    |    0    |
|          | l2_bits_60_reload_read_read_fu_268 |    0    |    0    |
|          | l2_bits_44_reload_read_read_fu_274 |    0    |    0    |
|          | l2_bits_28_reload_read_read_fu_280 |    0    |    0    |
|          | l2_bits_12_reload_read_read_fu_286 |    0    |    0    |
|          | l2_bits_59_reload_read_read_fu_292 |    0    |    0    |
|          | l2_bits_43_reload_read_read_fu_298 |    0    |    0    |
|          | l2_bits_27_reload_read_read_fu_304 |    0    |    0    |
|          | l2_bits_11_reload_read_read_fu_310 |    0    |    0    |
|          | l2_bits_58_reload_read_read_fu_316 |    0    |    0    |
|          | l2_bits_42_reload_read_read_fu_322 |    0    |    0    |
|          | l2_bits_26_reload_read_read_fu_328 |    0    |    0    |
|          | l2_bits_10_reload_read_read_fu_334 |    0    |    0    |
|          | l2_bits_57_reload_read_read_fu_340 |    0    |    0    |
|          | l2_bits_41_reload_read_read_fu_346 |    0    |    0    |
|          | l2_bits_25_reload_read_read_fu_352 |    0    |    0    |
|          |  l2_bits_9_reload_read_read_fu_358 |    0    |    0    |
|          | l2_bits_56_reload_read_read_fu_364 |    0    |    0    |
|          | l2_bits_40_reload_read_read_fu_370 |    0    |    0    |
|          | l2_bits_24_reload_read_read_fu_376 |    0    |    0    |
|   read   |  l2_bits_8_reload_read_read_fu_382 |    0    |    0    |
|          | l2_bits_55_reload_read_read_fu_388 |    0    |    0    |
|          | l2_bits_39_reload_read_read_fu_394 |    0    |    0    |
|          | l2_bits_23_reload_read_read_fu_400 |    0    |    0    |
|          |  l2_bits_7_reload_read_read_fu_406 |    0    |    0    |
|          | l2_bits_54_reload_read_read_fu_412 |    0    |    0    |
|          | l2_bits_38_reload_read_read_fu_418 |    0    |    0    |
|          | l2_bits_22_reload_read_read_fu_424 |    0    |    0    |
|          |  l2_bits_6_reload_read_read_fu_430 |    0    |    0    |
|          | l2_bits_53_reload_read_read_fu_436 |    0    |    0    |
|          | l2_bits_37_reload_read_read_fu_442 |    0    |    0    |
|          | l2_bits_21_reload_read_read_fu_448 |    0    |    0    |
|          |  l2_bits_5_reload_read_read_fu_454 |    0    |    0    |
|          | l2_bits_52_reload_read_read_fu_460 |    0    |    0    |
|          | l2_bits_36_reload_read_read_fu_466 |    0    |    0    |
|          | l2_bits_20_reload_read_read_fu_472 |    0    |    0    |
|          |  l2_bits_4_reload_read_read_fu_478 |    0    |    0    |
|          | l2_bits_51_reload_read_read_fu_484 |    0    |    0    |
|          | l2_bits_35_reload_read_read_fu_490 |    0    |    0    |
|          | l2_bits_19_reload_read_read_fu_496 |    0    |    0    |
|          |  l2_bits_3_reload_read_read_fu_502 |    0    |    0    |
|          | l2_bits_50_reload_read_read_fu_508 |    0    |    0    |
|          | l2_bits_34_reload_read_read_fu_514 |    0    |    0    |
|          | l2_bits_18_reload_read_read_fu_520 |    0    |    0    |
|          |  l2_bits_2_reload_read_read_fu_526 |    0    |    0    |
|          | l2_bits_49_reload_read_read_fu_532 |    0    |    0    |
|          | l2_bits_33_reload_read_read_fu_538 |    0    |    0    |
|          | l2_bits_17_reload_read_read_fu_544 |    0    |    0    |
|          |  l2_bits_1_reload_read_read_fu_550 |    0    |    0    |
|          | l2_bits_48_reload_read_read_fu_556 |    0    |    0    |
|          | l2_bits_32_reload_read_read_fu_562 |    0    |    0    |
|          | l2_bits_16_reload_read_read_fu_568 |    0    |    0    |
|          |   l2_bits_reload_read_read_fu_574  |    0    |    0    |
|----------|------------------------------------|---------|---------|
|          |       write_ln0_write_fu_580       |    0    |    0    |
|   write  |       write_ln0_write_fu_587       |    0    |    0    |
|          |       write_ln0_write_fu_594       |    0    |    0    |
|          |       write_ln0_write_fu_601       |    0    |    0    |
|----------|------------------------------------|---------|---------|
|   trunc  |          trunc_ln26_fu_628         |    0    |    0    |
|----------|------------------------------------|---------|---------|
|bitconcatenate|           word_2_fu_1016           |    0    |    0    |
|----------|------------------------------------|---------|---------|
|   Total  |                                    |    0    |   342   |
|----------|------------------------------------|---------|---------|

Memories:
N/A

* Register list:
+----------------------+--------+
|                      |   FF   |
+----------------------+--------+
| p_0_0271104_reg_1100 |   16   |
|p_0_0271_1106_reg_1106|   16   |
|p_0_0271_2108_reg_1112|   16   |
|p_0_0271_3110_reg_1118|   16   |
|      w_reg_1093      |    3   |
+----------------------+--------+
|         Total        |   67   |
+----------------------+--------+

* Multiplexer (MUX) list: 
|--------|------|------|------|--------|
|  Comp  |  Pin | Size |  BW  | S x BW |
|--------|------|------|------|--------|
|  Total |      |      |      |    0   |
|--------|------|------|------|--------|



* Summary:
+-----------+--------+--------+
|           |   FF   |   LUT  |
+-----------+--------+--------+
|  Function |    0   |   342  |
|   Memory  |    -   |    -   |
|Multiplexer|    -   |    -   |
|  Register |   67   |    -   |
+-----------+--------+--------+
|   Total   |   67   |   342  |
+-----------+--------+--------+
