

================================================================
== Vitis HLS Report for 'bnn_Pipeline_l3_loop'
================================================================
* Date:           Wed Dec 10 17:08:03 2025

* Version:        2024.2 (Build 5238294 on Nov  8 2024)
* Project:        bnn.comp
* Solution:       hls (Vivado IP Flow Target)
* Product family: zynq
* Target device:  xc7z020-clg400-1


================================================================
== Performance Estimates
================================================================
+ Timing: 
    * Summary: 
    +--------+----------+----------+------------+
    |  Clock |  Target  | Estimated| Uncertainty|
    +--------+----------+----------+------------+
    |ap_clk  |  10.00 ns|  6.990 ns|     2.70 ns|
    +--------+----------+----------+------------+

+ Latency: 
    * Summary: 
    +---------+---------+----------+----------+-----+-----+------------------------------------------------+
    |  Latency (cycles) |  Latency (absolute) |  Interval |                    Pipeline                    |
    |   min   |   max   |    min   |    max   | min | max |                      Type                      |
    +---------+---------+----------+----------+-----+-----+------------------------------------------------+
    |       15|       15|  0.150 us|  0.150 us|   11|   11|  loop auto-rewind stp (delay=0 clock cycles(s))|
    +---------+---------+----------+----------+-----+-----+------------------------------------------------+

    + Detail: 
        * Instance: 
        N/A

        * Loop: 
        +-----------+---------+---------+----------+-----------+-----------+------+----------+
        |           |  Latency (cycles) | Iteration|  Initiation Interval  | Trip |          |
        | Loop Name |   min   |   max   |  Latency |  achieved |   target  | Count| Pipelined|
        +-----------+---------+---------+----------+-----------+-----------+------+----------+
        |- l3_loop  |       13|       13|         5|          1|          1|    10|       yes|
        +-----------+---------+---------+----------+-----------+-----------+------+----------+



================================================================
== Utilization Estimates
================================================================
* Summary: 
+-----------------+---------+-----+--------+-------+-----+
|       Name      | BRAM_18K| DSP |   FF   |  LUT  | URAM|
+-----------------+---------+-----+--------+-------+-----+
|DSP              |        -|    -|       -|      -|    -|
|Expression       |        -|    -|       0|    865|    -|
|FIFO             |        -|    -|       -|      -|    -|
|Instance         |        -|    -|       -|      -|    -|
|Memory           |        0|    -|      64|     10|    -|
|Multiplexer      |        -|    -|       0|     36|    -|
|Register         |        -|    -|     136|     32|    -|
+-----------------+---------+-----+--------+-------+-----+
|Total            |        0|    0|     200|    943|    0|
+-----------------+---------+-----+--------+-------+-----+
|Available        |      280|  220|  106400|  53200|    0|
+-----------------+---------+-----+--------+-------+-----+
|Utilization (%)  |        0|    0|      ~0|      1|    0|
+-----------------+---------+-----+--------+-------+-----+

+ Detail: 
    * Instance: 
    N/A

    * DSP: 
    N/A

    * Memory: 
    +-------+-------------------------------------+---------+----+----+-----+------+-----+------+-------------+
    | Memory|                Module               | BRAM_18K| FF | LUT| URAM| Words| Bits| Banks| W*Bits*Banks|
    +-------+-------------------------------------+---------+----+----+-----+------+-----+------+-------------+
    |w3_U   |bnn_Pipeline_l3_loop_w3_ROM_AUTO_1R  |        0|  64|  10|    0|    40|   16|     1|          640|
    +-------+-------------------------------------+---------+----+----+-----+------+-----+------+-------------+
    |Total  |                                     |        0|  64|  10|    0|    40|   16|     1|          640|
    +-------+-------------------------------------+---------+----+----+-----+------+-----+------+-------------+

    * FIFO: 
    N/A

    * Expression: 
    +------------------------+----------+----+---+----+------------+------------+
    |      Variable Name     | Operation| DSP| FF| LUT| Bitwidth P0| Bitwidth P1|
    +------------------------+----------+----+---+----+------------+------------+
    |add_ln11_10_fu_544_p2   |         +|   0|  0|  10|           2|           2|
    |add_ln11_11_fu_554_p2   |         +|   0|  0|  10|           2|           2|
    |add_ln11_12_fu_564_p2   |         +|   0|  0|  11|           3|           3|
    |add_ln11_13_fu_1501_p2  |         +|   0|  0|  13|           4|           4|
    |add_ln11_15_fu_769_p2   |         +|   0|  0|  10|           2|           2|
    |add_ln11_16_fu_779_p2   |         +|   0|  0|  10|           2|           2|
    |add_ln11_17_fu_789_p2   |         +|   0|  0|  11|           3|           3|
    |add_ln11_18_fu_795_p2   |         +|   0|  0|  10|           2|           2|
    |add_ln11_19_fu_805_p2   |         +|   0|  0|  10|           2|           2|
    |add_ln11_1_fu_476_p2    |         +|   0|  0|  10|           2|           2|
    |add_ln11_20_fu_815_p2   |         +|   0|  0|  11|           3|           3|
    |add_ln11_21_fu_1523_p2  |         +|   0|  0|  13|           4|           4|
    |add_ln11_22_fu_821_p2   |         +|   0|  0|  10|           2|           2|
    |add_ln11_23_fu_831_p2   |         +|   0|  0|  10|           2|           2|
    |add_ln11_24_fu_841_p2   |         +|   0|  0|  11|           3|           3|
    |add_ln11_25_fu_847_p2   |         +|   0|  0|  10|           2|           2|
    |add_ln11_26_fu_857_p2   |         +|   0|  0|  10|           2|           2|
    |add_ln11_27_fu_867_p2   |         +|   0|  0|  11|           3|           3|
    |add_ln11_28_fu_1539_p2  |         +|   0|  0|  13|           4|           4|
    |add_ln11_2_fu_486_p2    |         +|   0|  0|  11|           3|           3|
    |add_ln11_30_fu_1072_p2  |         +|   0|  0|  10|           2|           2|
    |add_ln11_31_fu_1082_p2  |         +|   0|  0|  10|           2|           2|
    |add_ln11_32_fu_1092_p2  |         +|   0|  0|  11|           3|           3|
    |add_ln11_33_fu_1098_p2  |         +|   0|  0|  10|           2|           2|
    |add_ln11_34_fu_1108_p2  |         +|   0|  0|  10|           2|           2|
    |add_ln11_35_fu_1118_p2  |         +|   0|  0|  11|           3|           3|
    |add_ln11_36_fu_1561_p2  |         +|   0|  0|  13|           4|           4|
    |add_ln11_37_fu_1124_p2  |         +|   0|  0|  10|           2|           2|
    |add_ln11_38_fu_1134_p2  |         +|   0|  0|  10|           2|           2|
    |add_ln11_39_fu_1144_p2  |         +|   0|  0|  11|           3|           3|
    |add_ln11_3_fu_492_p2    |         +|   0|  0|  10|           2|           2|
    |add_ln11_40_fu_1150_p2  |         +|   0|  0|  10|           2|           2|
    |add_ln11_41_fu_1160_p2  |         +|   0|  0|  10|           2|           2|
    |add_ln11_42_fu_1170_p2  |         +|   0|  0|  11|           3|           3|
    |add_ln11_43_fu_1577_p2  |         +|   0|  0|  13|           4|           4|
    |add_ln11_45_fu_1375_p2  |         +|   0|  0|  10|           2|           2|
    |add_ln11_46_fu_1385_p2  |         +|   0|  0|  10|           2|           2|
    |add_ln11_47_fu_1395_p2  |         +|   0|  0|  11|           3|           3|
    |add_ln11_48_fu_1401_p2  |         +|   0|  0|  10|           2|           2|
    |add_ln11_49_fu_1411_p2  |         +|   0|  0|  10|           2|           2|
    |add_ln11_4_fu_502_p2    |         +|   0|  0|  10|           2|           2|
    |add_ln11_50_fu_1421_p2  |         +|   0|  0|  11|           3|           3|
    |add_ln11_51_fu_1599_p2  |         +|   0|  0|  13|           4|           4|
    |add_ln11_52_fu_1427_p2  |         +|   0|  0|  10|           2|           2|
    |add_ln11_53_fu_1437_p2  |         +|   0|  0|  10|           2|           2|
    |add_ln11_54_fu_1447_p2  |         +|   0|  0|  11|           3|           3|
    |add_ln11_55_fu_1453_p2  |         +|   0|  0|  10|           2|           2|
    |add_ln11_56_fu_1463_p2  |         +|   0|  0|  10|           2|           2|
    |add_ln11_57_fu_1473_p2  |         +|   0|  0|  11|           3|           3|
    |add_ln11_58_fu_1615_p2  |         +|   0|  0|  13|           4|           4|
    |add_ln11_5_fu_512_p2    |         +|   0|  0|  11|           3|           3|
    |add_ln11_6_fu_1485_p2   |         +|   0|  0|  13|           4|           4|
    |add_ln11_7_fu_518_p2    |         +|   0|  0|  10|           2|           2|
    |add_ln11_8_fu_528_p2    |         +|   0|  0|  10|           2|           2|
    |add_ln11_9_fu_538_p2    |         +|   0|  0|  11|           3|           3|
    |add_ln11_fu_466_p2      |         +|   0|  0|  10|           2|           2|
    |add_ln139_fu_204_p2     |         +|   0|  0|  13|           4|           1|
    |add_ln64_1_fu_1657_p2   |         +|   0|  0|  14|           6|           6|
    |add_ln64_2_fu_1667_p2   |         +|   0|  0|  14|           7|           7|
    |add_ln64_fu_1647_p2     |         +|   0|  0|  14|           6|           6|
    |cnt_1_fu_1511_p2        |         +|   0|  0|  13|           5|           5|
    |cnt_3_fu_1549_p2        |         +|   0|  0|  13|           5|           5|
    |cnt_5_fu_1587_p2        |         +|   0|  0|  13|           5|           5|
    |cnt_7_fu_1625_p2        |         +|   0|  0|  13|           5|           5|
    |dot_fu_1684_p2          |         +|   0|  0|  15|           8|           8|
    |icmp_ln139_fu_198_p2    |      icmp|   0|  0|  13|           4|           4|
    |ap_enable_pp0           |       xor|   0|  0|   2|           1|           2|
    |xnor_1_fu_575_p2        |       xor|   0|  0|  16|          16|          16|
    |xnor_2_fu_878_p2        |       xor|   0|  0|  16|          16|          16|
    |xnor_3_fu_1181_p2       |       xor|   0|  0|  16|          16|          16|
    |xnor_fu_272_p2          |       xor|   0|  0|  16|          16|          16|
    |xor_ln60_2_fu_570_p2    |       xor|   0|  0|  16|          16|           2|
    |xor_ln60_4_fu_873_p2    |       xor|   0|  0|  16|          16|           2|
    |xor_ln60_6_fu_1176_p2   |       xor|   0|  0|  16|          16|           2|
    |xor_ln60_fu_267_p2      |       xor|   0|  0|  16|          16|           2|
    +------------------------+----------+----+---+----+------------+------------+
    |Total                   |          |   0|  0| 865|         328|         270|
    +------------------------+----------+----+---+----+------------+------------+

    * Multiplexer: 
    +-------------------------+----+-----------+-----+-----------+
    |           Name          | LUT| Input Size| Bits| Total Bits|
    +-------------------------+----+-----------+-----+-----------+
    |ap_done_int              |   9|          2|    1|          2|
    |ap_enable_reg_pp0_iter1  |   9|          2|    1|          2|
    |ap_sig_allocacmp_n_1     |   9|          2|    4|          8|
    |n_fu_100                 |   9|          2|    4|          8|
    +-------------------------+----+-----------+-----+-----------+
    |Total                    |  36|          8|   10|         20|
    +-------------------------+----+-----------+-----+-----------+

    * Register: 
    +----------------------------------+----+----+-----+-----------+
    |               Name               | FF | LUT| Bits| Const Bits|
    +----------------------------------+----+----+-----+-----------+
    |add_ln11_12_reg_1766              |   3|   0|    3|          0|
    |add_ln11_17_reg_1771              |   3|   0|    3|          0|
    |add_ln11_20_reg_1776              |   3|   0|    3|          0|
    |add_ln11_24_reg_1781              |   3|   0|    3|          0|
    |add_ln11_27_reg_1786              |   3|   0|    3|          0|
    |add_ln11_2_reg_1751               |   3|   0|    3|          0|
    |add_ln11_32_reg_1791              |   3|   0|    3|          0|
    |add_ln11_35_reg_1796              |   3|   0|    3|          0|
    |add_ln11_39_reg_1801              |   3|   0|    3|          0|
    |add_ln11_42_reg_1806              |   3|   0|    3|          0|
    |add_ln11_47_reg_1811              |   3|   0|    3|          0|
    |add_ln11_50_reg_1816              |   3|   0|    3|          0|
    |add_ln11_54_reg_1821              |   3|   0|    3|          0|
    |add_ln11_57_reg_1826              |   3|   0|    3|          0|
    |add_ln11_5_reg_1756               |   3|   0|    3|          0|
    |add_ln11_9_reg_1761               |   3|   0|    3|          0|
    |add_ln64_2_reg_1831               |   7|   0|    7|          0|
    |ap_CS_fsm                         |   1|   0|    1|          0|
    |ap_done_reg                       |   1|   0|    1|          0|
    |ap_enable_reg_pp0_iter1           |   1|   0|    1|          0|
    |ap_enable_reg_pp0_iter2           |   1|   0|    1|          0|
    |ap_enable_reg_pp0_iter3           |   1|   0|    1|          0|
    |ap_enable_reg_pp0_iter4           |   1|   0|    1|          0|
    |ap_loop_exit_ready_pp0_iter1_reg  |   1|   0|    1|          0|
    |ap_loop_exit_ready_pp0_iter2_reg  |   1|   0|    1|          0|
    |ap_loop_exit_ready_pp0_iter3_reg  |   1|   0|    1|          0|
    |n_1_reg_1722                      |   4|   0|    4|          0|
    |n_fu_100                          |   4|   0|    4|          0|
    |n_1_reg_1722                      |  64|  32|    4|          0|
    +----------------------------------+----+----+-----+-----------+
    |Total                             | 136|  32|   76|          0|
    +----------------------------------+----+----+-----+-----------+



================================================================
== Interface
================================================================
* Summary: 
+----------------------+-----+-----+------------+----------------------+--------------+
|       RTL Ports      | Dir | Bits|  Protocol  |     Source Object    |    C Type    |
+----------------------+-----+-----+------------+----------------------+--------------+
|ap_clk                |   in|    1|  ap_ctrl_hs|  bnn_Pipeline_l3_loop|  return value|
|ap_rst                |   in|    1|  ap_ctrl_hs|  bnn_Pipeline_l3_loop|  return value|
|ap_start              |   in|    1|  ap_ctrl_hs|  bnn_Pipeline_l3_loop|  return value|
|ap_done               |  out|    1|  ap_ctrl_hs|  bnn_Pipeline_l3_loop|  return value|
|ap_idle               |  out|    1|  ap_ctrl_hs|  bnn_Pipeline_l3_loop|  return value|
|ap_ready              |  out|    1|  ap_ctrl_hs|  bnn_Pipeline_l3_loop|  return value|
|p_0_0271104_reload    |   in|   16|     ap_none|    p_0_0271104_reload|        scalar|
|p_0_0271_1106_reload  |   in|   16|     ap_none|  p_0_0271_1106_reload|        scalar|
|p_0_0271_2108_reload  |   in|   16|     ap_none|  p_0_0271_2108_reload|        scalar|
|p_0_0271_3110_reload  |   in|   16|     ap_none|  p_0_0271_3110_reload|        scalar|
|ys_address0           |  out|    4|   ap_memory|                    ys|         array|
|ys_ce0                |  out|    1|   ap_memory|                    ys|         array|
|ys_we0                |  out|    1|   ap_memory|                    ys|         array|
|ys_d0                 |  out|   32|   ap_memory|                    ys|         array|
+----------------------+-----+-----+------------+----------------------+--------------+

============================================================
+ Verbose Summary: Synthesis Manager
============================================================
InlineROM: 1
ExposeGlobal: 0
============================================================
+ Verbose Summary: CDFG Model
============================================================
IsTopModel: 0
ResetActiveHigh: 1
IsCombinational: 2
IsDatapathOnly: 2
HasWiredReturn: 1
HasMFsm: 2
HasVarLatency: 1
IsPipeline: 0
IsRtlPipelined: 0
IsInstanceOverlapped: 0
IsDontTouch: 0
HasImplIP: 0
IsGatedGlobalClock: 0

+ Individual pipeline summary: 
  * Pipeline-0: initiation interval (II) = 1, depth = 5


============================================================
+ Verbose Summary: Schedule
============================================================
* Number of FSM states : 5
* Pipeline : 1
  Pipeline-0 : II = 1, D = 5, States = { 1 2 3 4 5 }
* Dataflow Pipeline: 0

* FSM state transitions: 
1 --> 2 
2 --> 3 
3 --> 4 
4 --> 5 
5 --> 

* FSM state operations: 

State 1 <SV = 0> <Delay = 4.91>
ST_1 : Operation 8 [1/1] (0.00ns)   --->   "%n = alloca i32 1" [bnn.cpp:139]   --->   Operation 8 'alloca' 'n' <Predicate = true> <Delay = 0.00>
ST_1 : Operation 9 [1/1] (0.00ns)   --->   "%specmemcore_ln0 = specmemcore void @_ssdm_op_SpecMemCore, i32 %ys, i64 666, i64 207, i64 1"   --->   Operation 9 'specmemcore' 'specmemcore_ln0' <Predicate = true> <Delay = 0.00>
ST_1 : Operation 10 [1/1] (0.00ns)   --->   "%specinterface_ln0 = specinterface void @_ssdm_op_SpecInterface, i32 %ys, void @empty_5, i32 0, i32 0, void @empty_8, i32 1, i32 0, void @empty_8, void @empty_8, void @empty_8, i32 0, i32 0, i32 0, i32 0, void @empty_8, void @empty_8, i32 4294967295, i32 0, i32 0"   --->   Operation 10 'specinterface' 'specinterface_ln0' <Predicate = true> <Delay = 0.00>
ST_1 : Operation 11 [1/1] (0.00ns)   --->   "%p_0_0271_3110_reload_read = read i16 @_ssdm_op_Read.ap_auto.i16, i16 %p_0_0271_3110_reload"   --->   Operation 11 'read' 'p_0_0271_3110_reload_read' <Predicate = true> <Delay = 0.00>
ST_1 : Operation 12 [1/1] (0.00ns)   --->   "%p_0_0271_2108_reload_read = read i16 @_ssdm_op_Read.ap_auto.i16, i16 %p_0_0271_2108_reload"   --->   Operation 12 'read' 'p_0_0271_2108_reload_read' <Predicate = true> <Delay = 0.00>
ST_1 : Operation 13 [1/1] (0.00ns)   --->   "%p_0_0271_1106_reload_read = read i16 @_ssdm_op_Read.ap_auto.i16, i16 %p_0_0271_1106_reload"   --->   Operation 13 'read' 'p_0_0271_1106_reload_read' <Predicate = true> <Delay = 0.00>
ST_1 : Operation 14 [1/1] (0.00ns)   --->   "%p_0_0271104_reload_read = read i16 @_ssdm_op_Read.ap_auto.i16, i16 %p_0_0271104_reload"   --->   Operation 14 'read' 'p_0_0271104_reload_read' <Predicate = true> <Delay = 0.00>
ST_1 : Operation 15 [1/1] (1.58ns)   --->   "%store_ln139 = store i4 0, i4 %n" [bnn.cpp:139]   --->   Operation 15 'store' 'store_ln139' <Predicate = true> <Delay = 1.58>
ST_1 : Operation 16 [1/1] (0.00ns)   --->   "%br_ln0 = br void %for.body33"   --->   Operation 16 'br' 'br_ln0' <Predicate = true> <Delay = 0.00>
ST_1 : Operation 17 [1/1] (0.00ns)   --->   "%n_1 = load i4 %n" [bnn.cpp:139]   --->   Operation 17 'load' 'n_1' <Predicate = true> <Delay = 0.00>
ST_1 : Operation 18 [1/1] (1.73ns)   --->   "%icmp_ln139 = icmp_eq  i4 %n_1, i4 10" [bnn.cpp:139]   --->   Operation 18 'icmp' 'icmp_ln139' <Predicate = true> <Delay = 1.73> <CoreInst = "Cmp">   --->   Core 9 'Cmp' <Latency = 0> <II = 1> <Delay = 1.73> <FuncUnit> <Opcode : 'seteq' 'setne' 'setle' 'setge' 'setlt' 'setgt'> <InPorts = 2> <OutPorts = 1>
ST_1 : Operation 19 [1/1] (1.73ns)   --->   "%add_ln139 = add i4 %n_1, i4 1" [bnn.cpp:139]   --->   Operation 19 'add' 'add_ln139' <Predicate = true> <Delay = 1.73> <CoreInst = "Adder">   --->   Core 1 'Adder' <Latency = 0> <II = 1> <Delay = 1.73> <FuncUnit> <Opcode : 'add' 'sub'> <InPorts = 2> <OutPorts = 1>
ST_1 : Operation 20 [1/1] (0.00ns)   --->   "%br_ln139 = br i1 %icmp_ln139, void %for.body33.split, void %for.end45.exitStub" [bnn.cpp:139]   --->   Operation 20 'br' 'br_ln139' <Predicate = true> <Delay = 0.00>
ST_1 : Operation 21 [1/1] (0.00ns)   --->   "%shl_ln2 = bitconcatenate i6 @_ssdm_op_BitConcatenate.i6.i4.i2, i4 %n_1, i2 0" [bnn.cpp:141]   --->   Operation 21 'bitconcatenate' 'shl_ln2' <Predicate = (!icmp_ln139)> <Delay = 0.00>
ST_1 : Operation 22 [1/1] (0.00ns)   --->   "%zext_ln60 = zext i6 %shl_ln2" [bnn.cpp:60->bnn.cpp:142]   --->   Operation 22 'zext' 'zext_ln60' <Predicate = (!icmp_ln139)> <Delay = 0.00>
ST_1 : Operation 23 [1/1] (0.00ns)   --->   "%w3_addr = getelementptr i16 %w3, i64 0, i64 %zext_ln60" [bnn.cpp:60->bnn.cpp:142]   --->   Operation 23 'getelementptr' 'w3_addr' <Predicate = (!icmp_ln139)> <Delay = 0.00>
ST_1 : Operation 24 [2/2] (2.32ns)   --->   "%w3_load = load i6 %w3_addr" [bnn.cpp:60->bnn.cpp:142]   --->   Operation 24 'load' 'w3_load' <Predicate = (!icmp_ln139)> <Delay = 2.32> <CoreInst = "ROM">   --->   Core 94 'ROM' <Latency = 1> <II = 1> <Delay = 2.32> <Storage> <Opcode : 'load'> <Ports = 0> <Width = 16> <Depth = 40> <ROM>
ST_1 : Operation 25 [1/1] (0.00ns)   --->   "%or_ln60_7 = bitconcatenate i6 @_ssdm_op_BitConcatenate.i6.i4.i2, i4 %n_1, i2 1" [bnn.cpp:60->bnn.cpp:142]   --->   Operation 25 'bitconcatenate' 'or_ln60_7' <Predicate = (!icmp_ln139)> <Delay = 0.00>
ST_1 : Operation 26 [1/1] (0.00ns)   --->   "%zext_ln60_1 = zext i6 %or_ln60_7" [bnn.cpp:60->bnn.cpp:142]   --->   Operation 26 'zext' 'zext_ln60_1' <Predicate = (!icmp_ln139)> <Delay = 0.00>
ST_1 : Operation 27 [1/1] (0.00ns)   --->   "%w3_addr_1 = getelementptr i16 %w3, i64 0, i64 %zext_ln60_1" [bnn.cpp:60->bnn.cpp:142]   --->   Operation 27 'getelementptr' 'w3_addr_1' <Predicate = (!icmp_ln139)> <Delay = 0.00>
ST_1 : Operation 28 [2/2] (2.32ns)   --->   "%w3_load_1 = load i6 %w3_addr_1" [bnn.cpp:60->bnn.cpp:142]   --->   Operation 28 'load' 'w3_load_1' <Predicate = (!icmp_ln139)> <Delay = 2.32> <CoreInst = "ROM">   --->   Core 94 'ROM' <Latency = 1> <II = 1> <Delay = 2.32> <Storage> <Opcode : 'load'> <Ports = 0> <Width = 16> <Depth = 40> <ROM>
ST_1 : Operation 29 [1/1] (0.00ns)   --->   "%or_ln60_8 = bitconcatenate i6 @_ssdm_op_BitConcatenate.i6.i4.i2, i4 %n_1, i2 2" [bnn.cpp:60->bnn.cpp:142]   --->   Operation 29 'bitconcatenate' 'or_ln60_8' <Predicate = (!icmp_ln139)> <Delay = 0.00>
ST_1 : Operation 30 [1/1] (0.00ns)   --->   "%zext_ln60_2 = zext i6 %or_ln60_8" [bnn.cpp:60->bnn.cpp:142]   --->   Operation 30 'zext' 'zext_ln60_2' <Predicate = (!icmp_ln139)> <Delay = 0.00>
ST_1 : Operation 31 [1/1] (0.00ns)   --->   "%w3_addr_2 = getelementptr i16 %w3, i64 0, i64 %zext_ln60_2" [bnn.cpp:60->bnn.cpp:142]   --->   Operation 31 'getelementptr' 'w3_addr_2' <Predicate = (!icmp_ln139)> <Delay = 0.00>
ST_1 : Operation 32 [2/2] (2.32ns)   --->   "%w3_load_2 = load i6 %w3_addr_2" [bnn.cpp:60->bnn.cpp:142]   --->   Operation 32 'load' 'w3_load_2' <Predicate = (!icmp_ln139)> <Delay = 2.32> <CoreInst = "ROM">   --->   Core 94 'ROM' <Latency = 1> <II = 1> <Delay = 2.32> <Storage> <Opcode : 'load'> <Ports = 0> <Width = 16> <Depth = 40> <ROM>
ST_1 : Operation 33 [1/1] (0.00ns)   --->   "%or_ln60_9 = bitconcatenate i6 @_ssdm_op_BitConcatenate.i6.i4.i2, i4 %n_1, i2 3" [bnn.cpp:60->bnn.cpp:142]   --->   Operation 33 'bitconcatenate' 'or_ln60_9' <Predicate = (!icmp_ln139)> <Delay = 0.00>
ST_1 : Operation 34 [1/1] (0.00ns)   --->   "%zext_ln60_3 = zext i6 %or_ln60_9" [bnn.cpp:60->bnn.cpp:142]   --->   Operation 34 'zext' 'zext_ln60_3' <Predicate = (!icmp_ln139)> <Delay = 0.00>
ST_1 : Operation 35 [1/1] (0.00ns)   --->   "%w3_addr_3 = getelementptr i16 %w3, i64 0, i64 %zext_ln60_3" [bnn.cpp:60->bnn.cpp:142]   --->   Operation 35 'getelementptr' 'w3_addr_3' <Predicate = (!icmp_ln139)> <Delay = 0.00>
ST_1 : Operation 36 [2/2] (2.32ns)   --->   "%w3_load_3 = load i6 %w3_addr_3" [bnn.cpp:60->bnn.cpp:142]   --->   Operation 36 'load' 'w3_load_3' <Predicate = (!icmp_ln139)> <Delay = 2.32> <CoreInst = "ROM">   --->   Core 94 'ROM' <Latency = 1> <II = 1> <Delay = 2.32> <Storage> <Opcode : 'load'> <Ports = 0> <Width = 16> <Depth = 40> <ROM>
ST_1 : Operation 37 [1/1] (1.58ns)   --->   "%store_ln139 = store i4 %add_ln139, i4 %n" [bnn.cpp:139]   --->   Operation 37 'store' 'store_ln139' <Predicate = (!icmp_ln139)> <Delay = 1.58>

State 2 <SV = 1> <Delay = 6.44>
ST_2 : Operation 38 [1/2] ( I:2.32ns O:2.32ns )   --->   "%w3_load = load i6 %w3_addr" [bnn.cpp:60->bnn.cpp:142]   --->   Operation 38 'load' 'w3_load' <Predicate = true> <Delay = 2.32> <CoreInst = "ROM">   --->   Core 94 'ROM' <Latency = 1> <II = 1> <Delay = 2.32> <Storage> <Opcode : 'load'> <Ports = 0> <Width = 16> <Depth = 40> <ROM>
ST_2 : Operation 39 [1/1] (0.00ns) (grouped into LUT with out node xnor)   --->   "%xor_ln60 = xor i16 %p_0_0271104_reload_read, i16 65535" [bnn.cpp:60->bnn.cpp:142]   --->   Operation 39 'xor' 'xor_ln60' <Predicate = true> <Delay = 0.00> <CoreInst = "LogicGate">   --->   Core 74 'LogicGate' <Latency = 0> <II = 1> <Delay = 0.99> <FuncUnit> <Opcode : 'and' 'or' 'xor'> <InPorts = 2> <OutPorts = 1>
ST_2 : Operation 40 [1/1] (0.99ns) (out node of the LUT)   --->   "%xnor = xor i16 %w3_load, i16 %xor_ln60" [bnn.cpp:60->bnn.cpp:142]   --->   Operation 40 'xor' 'xnor' <Predicate = true> <Delay = 0.99> <CoreInst = "LogicGate">   --->   Core 74 'LogicGate' <Latency = 0> <II = 1> <Delay = 0.99> <FuncUnit> <Opcode : 'and' 'or' 'xor'> <InPorts = 2> <OutPorts = 1>
ST_2 : Operation 41 [1/1] (0.00ns)   --->   "%cnt = trunc i16 %xnor" [bnn.cpp:11->bnn.cpp:61->bnn.cpp:142]   --->   Operation 41 'trunc' 'cnt' <Predicate = true> <Delay = 0.00>
ST_2 : Operation 42 [1/1] (0.00ns)   --->   "%zext_ln8 = zext i1 %cnt" [bnn.cpp:8->bnn.cpp:61->bnn.cpp:142]   --->   Operation 42 'zext' 'zext_ln8' <Predicate = true> <Delay = 0.00>
ST_2 : Operation 43 [1/1] (0.00ns)   --->   "%tmp = bitselect i1 @_ssdm_op_BitSelect.i1.i16.i32, i16 %xnor, i32 1" [bnn.cpp:11->bnn.cpp:61->bnn.cpp:142]   --->   Operation 43 'bitselect' 'tmp' <Predicate = true> <Delay = 0.00>
ST_2 : Operation 44 [1/1] (0.00ns)   --->   "%zext_ln11 = zext i1 %tmp" [bnn.cpp:11->bnn.cpp:61->bnn.cpp:142]   --->   Operation 44 'zext' 'zext_ln11' <Predicate = true> <Delay = 0.00>
ST_2 : Operation 45 [1/1] (0.00ns)   --->   "%tmp_1 = bitselect i1 @_ssdm_op_BitSelect.i1.i16.i32, i16 %xnor, i32 2" [bnn.cpp:11->bnn.cpp:61->bnn.cpp:142]   --->   Operation 45 'bitselect' 'tmp_1' <Predicate = true> <Delay = 0.00>
ST_2 : Operation 46 [1/1] (0.00ns)   --->   "%zext_ln11_1 = zext i1 %tmp_1" [bnn.cpp:11->bnn.cpp:61->bnn.cpp:142]   --->   Operation 46 'zext' 'zext_ln11_1' <Predicate = true> <Delay = 0.00>
ST_2 : Operation 47 [1/1] (0.00ns)   --->   "%tmp_2 = bitselect i1 @_ssdm_op_BitSelect.i1.i16.i32, i16 %xnor, i32 3" [bnn.cpp:11->bnn.cpp:61->bnn.cpp:142]   --->   Operation 47 'bitselect' 'tmp_2' <Predicate = true> <Delay = 0.00>
ST_2 : Operation 48 [1/1] (0.00ns)   --->   "%zext_ln11_2 = zext i1 %tmp_2" [bnn.cpp:11->bnn.cpp:61->bnn.cpp:142]   --->   Operation 48 'zext' 'zext_ln11_2' <Predicate = true> <Delay = 0.00>
ST_2 : Operation 49 [1/1] (0.00ns)   --->   "%tmp_3 = bitselect i1 @_ssdm_op_BitSelect.i1.i16.i32, i16 %xnor, i32 4" [bnn.cpp:11->bnn.cpp:61->bnn.cpp:142]   --->   Operation 49 'bitselect' 'tmp_3' <Predicate = true> <Delay = 0.00>
ST_2 : Operation 50 [1/1] (0.00ns)   --->   "%zext_ln11_3 = zext i1 %tmp_3" [bnn.cpp:11->bnn.cpp:61->bnn.cpp:142]   --->   Operation 50 'zext' 'zext_ln11_3' <Predicate = true> <Delay = 0.00>
ST_2 : Operation 51 [1/1] (0.00ns)   --->   "%tmp_4 = bitselect i1 @_ssdm_op_BitSelect.i1.i16.i32, i16 %xnor, i32 5" [bnn.cpp:11->bnn.cpp:61->bnn.cpp:142]   --->   Operation 51 'bitselect' 'tmp_4' <Predicate = true> <Delay = 0.00>
ST_2 : Operation 52 [1/1] (0.00ns)   --->   "%zext_ln11_4 = zext i1 %tmp_4" [bnn.cpp:11->bnn.cpp:61->bnn.cpp:142]   --->   Operation 52 'zext' 'zext_ln11_4' <Predicate = true> <Delay = 0.00>
ST_2 : Operation 53 [1/1] (0.00ns)   --->   "%tmp_5 = bitselect i1 @_ssdm_op_BitSelect.i1.i16.i32, i16 %xnor, i32 6" [bnn.cpp:11->bnn.cpp:61->bnn.cpp:142]   --->   Operation 53 'bitselect' 'tmp_5' <Predicate = true> <Delay = 0.00>
ST_2 : Operation 54 [1/1] (0.00ns)   --->   "%zext_ln11_5 = zext i1 %tmp_5" [bnn.cpp:11->bnn.cpp:61->bnn.cpp:142]   --->   Operation 54 'zext' 'zext_ln11_5' <Predicate = true> <Delay = 0.00>
ST_2 : Operation 55 [1/1] (0.00ns)   --->   "%tmp_6 = bitselect i1 @_ssdm_op_BitSelect.i1.i16.i32, i16 %xnor, i32 7" [bnn.cpp:11->bnn.cpp:61->bnn.cpp:142]   --->   Operation 55 'bitselect' 'tmp_6' <Predicate = true> <Delay = 0.00>
ST_2 : Operation 56 [1/1] (0.00ns)   --->   "%zext_ln11_6 = zext i1 %tmp_6" [bnn.cpp:11->bnn.cpp:61->bnn.cpp:142]   --->   Operation 56 'zext' 'zext_ln11_6' <Predicate = true> <Delay = 0.00>
ST_2 : Operation 57 [1/1] (0.00ns)   --->   "%tmp_7 = bitselect i1 @_ssdm_op_BitSelect.i1.i16.i32, i16 %xnor, i32 8" [bnn.cpp:11->bnn.cpp:61->bnn.cpp:142]   --->   Operation 57 'bitselect' 'tmp_7' <Predicate = true> <Delay = 0.00>
ST_2 : Operation 58 [1/1] (0.00ns)   --->   "%zext_ln11_7 = zext i1 %tmp_7" [bnn.cpp:11->bnn.cpp:61->bnn.cpp:142]   --->   Operation 58 'zext' 'zext_ln11_7' <Predicate = true> <Delay = 0.00>
ST_2 : Operation 59 [1/1] (0.00ns)   --->   "%tmp_8 = bitselect i1 @_ssdm_op_BitSelect.i1.i16.i32, i16 %xnor, i32 9" [bnn.cpp:11->bnn.cpp:61->bnn.cpp:142]   --->   Operation 59 'bitselect' 'tmp_8' <Predicate = true> <Delay = 0.00>
ST_2 : Operation 60 [1/1] (0.00ns)   --->   "%zext_ln11_8 = zext i1 %tmp_8" [bnn.cpp:11->bnn.cpp:61->bnn.cpp:142]   --->   Operation 60 'zext' 'zext_ln11_8' <Predicate = true> <Delay = 0.00>
ST_2 : Operation 61 [1/1] (0.00ns)   --->   "%tmp_9 = bitselect i1 @_ssdm_op_BitSelect.i1.i16.i32, i16 %xnor, i32 10" [bnn.cpp:11->bnn.cpp:61->bnn.cpp:142]   --->   Operation 61 'bitselect' 'tmp_9' <Predicate = true> <Delay = 0.00>
ST_2 : Operation 62 [1/1] (0.00ns)   --->   "%zext_ln11_9 = zext i1 %tmp_9" [bnn.cpp:11->bnn.cpp:61->bnn.cpp:142]   --->   Operation 62 'zext' 'zext_ln11_9' <Predicate = true> <Delay = 0.00>
ST_2 : Operation 63 [1/1] (0.00ns)   --->   "%tmp_10 = bitselect i1 @_ssdm_op_BitSelect.i1.i16.i32, i16 %xnor, i32 11" [bnn.cpp:11->bnn.cpp:61->bnn.cpp:142]   --->   Operation 63 'bitselect' 'tmp_10' <Predicate = true> <Delay = 0.00>
ST_2 : Operation 64 [1/1] (0.00ns)   --->   "%zext_ln11_10 = zext i1 %tmp_10" [bnn.cpp:11->bnn.cpp:61->bnn.cpp:142]   --->   Operation 64 'zext' 'zext_ln11_10' <Predicate = true> <Delay = 0.00>
ST_2 : Operation 65 [1/1] (0.00ns)   --->   "%tmp_11 = bitselect i1 @_ssdm_op_BitSelect.i1.i16.i32, i16 %xnor, i32 12" [bnn.cpp:11->bnn.cpp:61->bnn.cpp:142]   --->   Operation 65 'bitselect' 'tmp_11' <Predicate = true> <Delay = 0.00>
ST_2 : Operation 66 [1/1] (0.00ns)   --->   "%zext_ln11_11 = zext i1 %tmp_11" [bnn.cpp:11->bnn.cpp:61->bnn.cpp:142]   --->   Operation 66 'zext' 'zext_ln11_11' <Predicate = true> <Delay = 0.00>
ST_2 : Operation 67 [1/1] (0.00ns)   --->   "%tmp_12 = bitselect i1 @_ssdm_op_BitSelect.i1.i16.i32, i16 %xnor, i32 13" [bnn.cpp:11->bnn.cpp:61->bnn.cpp:142]   --->   Operation 67 'bitselect' 'tmp_12' <Predicate = true> <Delay = 0.00>
ST_2 : Operation 68 [1/1] (0.00ns)   --->   "%zext_ln11_12 = zext i1 %tmp_12" [bnn.cpp:11->bnn.cpp:61->bnn.cpp:142]   --->   Operation 68 'zext' 'zext_ln11_12' <Predicate = true> <Delay = 0.00>
ST_2 : Operation 69 [1/1] (0.00ns)   --->   "%tmp_13 = bitselect i1 @_ssdm_op_BitSelect.i1.i16.i32, i16 %xnor, i32 14" [bnn.cpp:11->bnn.cpp:61->bnn.cpp:142]   --->   Operation 69 'bitselect' 'tmp_13' <Predicate = true> <Delay = 0.00>
ST_2 : Operation 70 [1/1] (0.00ns)   --->   "%zext_ln11_13 = zext i1 %tmp_13" [bnn.cpp:11->bnn.cpp:61->bnn.cpp:142]   --->   Operation 70 'zext' 'zext_ln11_13' <Predicate = true> <Delay = 0.00>
ST_2 : Operation 71 [1/1] (0.00ns)   --->   "%tmp_14 = bitselect i1 @_ssdm_op_BitSelect.i1.i16.i32, i16 %xnor, i32 15" [bnn.cpp:11->bnn.cpp:61->bnn.cpp:142]   --->   Operation 71 'bitselect' 'tmp_14' <Predicate = true> <Delay = 0.00>
ST_2 : Operation 72 [1/1] (0.00ns)   --->   "%zext_ln11_14 = zext i1 %tmp_14" [bnn.cpp:11->bnn.cpp:61->bnn.cpp:142]   --->   Operation 72 'zext' 'zext_ln11_14' <Predicate = true> <Delay = 0.00>
ST_2 : Operation 73 [1/1] (1.56ns)   --->   "%add_ln11 = add i2 %zext_ln11, i2 %zext_ln8" [bnn.cpp:11->bnn.cpp:61->bnn.cpp:142]   --->   Operation 73 'add' 'add_ln11' <Predicate = true> <Delay = 1.56> <CoreInst = "Adder">   --->   Core 1 'Adder' <Latency = 0> <II = 1> <Delay = 1.56> <FuncUnit> <Opcode : 'add' 'sub'> <InPorts = 2> <OutPorts = 1>
ST_2 : Operation 74 [1/1] (0.00ns)   --->   "%zext_ln11_15 = zext i2 %add_ln11" [bnn.cpp:11->bnn.cpp:61->bnn.cpp:142]   --->   Operation 74 'zext' 'zext_ln11_15' <Predicate = true> <Delay = 0.00>
ST_2 : Operation 75 [1/1] (1.56ns)   --->   "%add_ln11_1 = add i2 %zext_ln11_1, i2 %zext_ln11_2" [bnn.cpp:11->bnn.cpp:61->bnn.cpp:142]   --->   Operation 75 'add' 'add_ln11_1' <Predicate = true> <Delay = 1.56> <CoreInst = "Adder">   --->   Core 1 'Adder' <Latency = 0> <II = 1> <Delay = 1.56> <FuncUnit> <Opcode : 'add' 'sub'> <InPorts = 2> <OutPorts = 1>
ST_2 : Operation 76 [1/1] (0.00ns)   --->   "%zext_ln11_16 = zext i2 %add_ln11_1" [bnn.cpp:11->bnn.cpp:61->bnn.cpp:142]   --->   Operation 76 'zext' 'zext_ln11_16' <Predicate = true> <Delay = 0.00>
ST_2 : Operation 77 [1/1] (1.56ns)   --->   "%add_ln11_2 = add i3 %zext_ln11_16, i3 %zext_ln11_15" [bnn.cpp:11->bnn.cpp:61->bnn.cpp:142]   --->   Operation 77 'add' 'add_ln11_2' <Predicate = true> <Delay = 1.56> <CoreInst = "Adder">   --->   Core 1 'Adder' <Latency = 0> <II = 1> <Delay = 1.65> <FuncUnit> <Opcode : 'add' 'sub'> <InPorts = 2> <OutPorts = 1>
ST_2 : Operation 78 [1/1] (1.56ns)   --->   "%add_ln11_3 = add i2 %zext_ln11_3, i2 %zext_ln11_4" [bnn.cpp:11->bnn.cpp:61->bnn.cpp:142]   --->   Operation 78 'add' 'add_ln11_3' <Predicate = true> <Delay = 1.56> <CoreInst = "Adder">   --->   Core 1 'Adder' <Latency = 0> <II = 1> <Delay = 1.56> <FuncUnit> <Opcode : 'add' 'sub'> <InPorts = 2> <OutPorts = 1>
ST_2 : Operation 79 [1/1] (0.00ns)   --->   "%zext_ln11_18 = zext i2 %add_ln11_3" [bnn.cpp:11->bnn.cpp:61->bnn.cpp:142]   --->   Operation 79 'zext' 'zext_ln11_18' <Predicate = true> <Delay = 0.00>
ST_2 : Operation 80 [1/1] (1.56ns)   --->   "%add_ln11_4 = add i2 %zext_ln11_5, i2 %zext_ln11_6" [bnn.cpp:11->bnn.cpp:61->bnn.cpp:142]   --->   Operation 80 'add' 'add_ln11_4' <Predicate = true> <Delay = 1.56> <CoreInst = "Adder">   --->   Core 1 'Adder' <Latency = 0> <II = 1> <Delay = 1.56> <FuncUnit> <Opcode : 'add' 'sub'> <InPorts = 2> <OutPorts = 1>
ST_2 : Operation 81 [1/1] (0.00ns)   --->   "%zext_ln11_19 = zext i2 %add_ln11_4" [bnn.cpp:11->bnn.cpp:61->bnn.cpp:142]   --->   Operation 81 'zext' 'zext_ln11_19' <Predicate = true> <Delay = 0.00>
ST_2 : Operation 82 [1/1] (1.56ns)   --->   "%add_ln11_5 = add i3 %zext_ln11_19, i3 %zext_ln11_18" [bnn.cpp:11->bnn.cpp:61->bnn.cpp:142]   --->   Operation 82 'add' 'add_ln11_5' <Predicate = true> <Delay = 1.56> <CoreInst = "Adder">   --->   Core 1 'Adder' <Latency = 0> <II = 1> <Delay = 1.65> <FuncUnit> <Opcode : 'add' 'sub'> <InPorts = 2> <OutPorts = 1>
ST_2 : Operation 83 [1/1] (1.56ns)   --->   "%add_ln11_7 = add i2 %zext_ln11_7, i2 %zext_ln11_8" [bnn.cpp:11->bnn.cpp:61->bnn.cpp:142]   --->   Operation 83 'add' 'add_ln11_7' <Predicate = true> <Delay = 1.56> <CoreInst = "Adder">   --->   Core 1 'Adder' <Latency = 0> <II = 1> <Delay = 1.56> <FuncUnit> <Opcode : 'add' 'sub'> <InPorts = 2> <OutPorts = 1>
ST_2 : Operation 84 [1/1] (0.00ns)   --->   "%zext_ln11_22 = zext i2 %add_ln11_7" [bnn.cpp:11->bnn.cpp:61->bnn.cpp:142]   --->   Operation 84 'zext' 'zext_ln11_22' <Predicate = true> <Delay = 0.00>
ST_2 : Operation 85 [1/1] (1.56ns)   --->   "%add_ln11_8 = add i2 %zext_ln11_9, i2 %zext_ln11_10" [bnn.cpp:11->bnn.cpp:61->bnn.cpp:142]   --->   Operation 85 'add' 'add_ln11_8' <Predicate = true> <Delay = 1.56> <CoreInst = "Adder">   --->   Core 1 'Adder' <Latency = 0> <II = 1> <Delay = 1.56> <FuncUnit> <Opcode : 'add' 'sub'> <InPorts = 2> <OutPorts = 1>
ST_2 : Operation 86 [1/1] (0.00ns)   --->   "%zext_ln11_23 = zext i2 %add_ln11_8" [bnn.cpp:11->bnn.cpp:61->bnn.cpp:142]   --->   Operation 86 'zext' 'zext_ln11_23' <Predicate = true> <Delay = 0.00>
ST_2 : Operation 87 [1/1] (1.56ns)   --->   "%add_ln11_9 = add i3 %zext_ln11_23, i3 %zext_ln11_22" [bnn.cpp:11->bnn.cpp:61->bnn.cpp:142]   --->   Operation 87 'add' 'add_ln11_9' <Predicate = true> <Delay = 1.56> <CoreInst = "Adder">   --->   Core 1 'Adder' <Latency = 0> <II = 1> <Delay = 1.65> <FuncUnit> <Opcode : 'add' 'sub'> <InPorts = 2> <OutPorts = 1>
ST_2 : Operation 88 [1/1] (1.56ns)   --->   "%add_ln11_10 = add i2 %zext_ln11_11, i2 %zext_ln11_12" [bnn.cpp:11->bnn.cpp:61->bnn.cpp:142]   --->   Operation 88 'add' 'add_ln11_10' <Predicate = true> <Delay = 1.56> <CoreInst = "Adder">   --->   Core 1 'Adder' <Latency = 0> <II = 1> <Delay = 1.56> <FuncUnit> <Opcode : 'add' 'sub'> <InPorts = 2> <OutPorts = 1>
ST_2 : Operation 89 [1/1] (0.00ns)   --->   "%zext_ln11_25 = zext i2 %add_ln11_10" [bnn.cpp:11->bnn.cpp:61->bnn.cpp:142]   --->   Operation 89 'zext' 'zext_ln11_25' <Predicate = true> <Delay = 0.00>
ST_2 : Operation 90 [1/1] (1.56ns)   --->   "%add_ln11_11 = add i2 %zext_ln11_13, i2 %zext_ln11_14" [bnn.cpp:11->bnn.cpp:61->bnn.cpp:142]   --->   Operation 90 'add' 'add_ln11_11' <Predicate = true> <Delay = 1.56> <CoreInst = "Adder">   --->   Core 1 'Adder' <Latency = 0> <II = 1> <Delay = 1.56> <FuncUnit> <Opcode : 'add' 'sub'> <InPorts = 2> <OutPorts = 1>
ST_2 : Operation 91 [1/1] (0.00ns)   --->   "%zext_ln11_26 = zext i2 %add_ln11_11" [bnn.cpp:11->bnn.cpp:61->bnn.cpp:142]   --->   Operation 91 'zext' 'zext_ln11_26' <Predicate = true> <Delay = 0.00>
ST_2 : Operation 92 [1/1] (1.56ns)   --->   "%add_ln11_12 = add i3 %zext_ln11_26, i3 %zext_ln11_25" [bnn.cpp:11->bnn.cpp:61->bnn.cpp:142]   --->   Operation 92 'add' 'add_ln11_12' <Predicate = true> <Delay = 1.56> <CoreInst = "Adder">   --->   Core 1 'Adder' <Latency = 0> <II = 1> <Delay = 1.65> <FuncUnit> <Opcode : 'add' 'sub'> <InPorts = 2> <OutPorts = 1>
ST_2 : Operation 93 [1/2] ( I:2.32ns O:2.32ns )   --->   "%w3_load_1 = load i6 %w3_addr_1" [bnn.cpp:60->bnn.cpp:142]   --->   Operation 93 'load' 'w3_load_1' <Predicate = true> <Delay = 2.32> <CoreInst = "ROM">   --->   Core 94 'ROM' <Latency = 1> <II = 1> <Delay = 2.32> <Storage> <Opcode : 'load'> <Ports = 0> <Width = 16> <Depth = 40> <ROM>
ST_2 : Operation 94 [1/1] (0.00ns) (grouped into LUT with out node xnor_1)   --->   "%xor_ln60_2 = xor i16 %p_0_0271_1106_reload_read, i16 65535" [bnn.cpp:60->bnn.cpp:142]   --->   Operation 94 'xor' 'xor_ln60_2' <Predicate = true> <Delay = 0.00> <CoreInst = "LogicGate">   --->   Core 74 'LogicGate' <Latency = 0> <II = 1> <Delay = 0.99> <FuncUnit> <Opcode : 'and' 'or' 'xor'> <InPorts = 2> <OutPorts = 1>
ST_2 : Operation 95 [1/1] (0.99ns) (out node of the LUT)   --->   "%xnor_1 = xor i16 %w3_load_1, i16 %xor_ln60_2" [bnn.cpp:60->bnn.cpp:142]   --->   Operation 95 'xor' 'xnor_1' <Predicate = true> <Delay = 0.99> <CoreInst = "LogicGate">   --->   Core 74 'LogicGate' <Latency = 0> <II = 1> <Delay = 0.99> <FuncUnit> <Opcode : 'and' 'or' 'xor'> <InPorts = 2> <OutPorts = 1>
ST_2 : Operation 96 [1/1] (0.00ns)   --->   "%cnt_2 = trunc i16 %xnor_1" [bnn.cpp:11->bnn.cpp:61->bnn.cpp:142]   --->   Operation 96 'trunc' 'cnt_2' <Predicate = true> <Delay = 0.00>
ST_2 : Operation 97 [1/1] (0.00ns)   --->   "%zext_ln8_1 = zext i1 %cnt_2" [bnn.cpp:8->bnn.cpp:61->bnn.cpp:142]   --->   Operation 97 'zext' 'zext_ln8_1' <Predicate = true> <Delay = 0.00>
ST_2 : Operation 98 [1/1] (0.00ns)   --->   "%tmp_15 = bitselect i1 @_ssdm_op_BitSelect.i1.i16.i32, i16 %xnor_1, i32 1" [bnn.cpp:11->bnn.cpp:61->bnn.cpp:142]   --->   Operation 98 'bitselect' 'tmp_15' <Predicate = true> <Delay = 0.00>
ST_2 : Operation 99 [1/1] (0.00ns)   --->   "%zext_ln11_29 = zext i1 %tmp_15" [bnn.cpp:11->bnn.cpp:61->bnn.cpp:142]   --->   Operation 99 'zext' 'zext_ln11_29' <Predicate = true> <Delay = 0.00>
ST_2 : Operation 100 [1/1] (0.00ns)   --->   "%tmp_16 = bitselect i1 @_ssdm_op_BitSelect.i1.i16.i32, i16 %xnor_1, i32 2" [bnn.cpp:11->bnn.cpp:61->bnn.cpp:142]   --->   Operation 100 'bitselect' 'tmp_16' <Predicate = true> <Delay = 0.00>
ST_2 : Operation 101 [1/1] (0.00ns)   --->   "%zext_ln11_30 = zext i1 %tmp_16" [bnn.cpp:11->bnn.cpp:61->bnn.cpp:142]   --->   Operation 101 'zext' 'zext_ln11_30' <Predicate = true> <Delay = 0.00>
ST_2 : Operation 102 [1/1] (0.00ns)   --->   "%tmp_17 = bitselect i1 @_ssdm_op_BitSelect.i1.i16.i32, i16 %xnor_1, i32 3" [bnn.cpp:11->bnn.cpp:61->bnn.cpp:142]   --->   Operation 102 'bitselect' 'tmp_17' <Predicate = true> <Delay = 0.00>
ST_2 : Operation 103 [1/1] (0.00ns)   --->   "%zext_ln11_31 = zext i1 %tmp_17" [bnn.cpp:11->bnn.cpp:61->bnn.cpp:142]   --->   Operation 103 'zext' 'zext_ln11_31' <Predicate = true> <Delay = 0.00>
ST_2 : Operation 104 [1/1] (0.00ns)   --->   "%tmp_18 = bitselect i1 @_ssdm_op_BitSelect.i1.i16.i32, i16 %xnor_1, i32 4" [bnn.cpp:11->bnn.cpp:61->bnn.cpp:142]   --->   Operation 104 'bitselect' 'tmp_18' <Predicate = true> <Delay = 0.00>
ST_2 : Operation 105 [1/1] (0.00ns)   --->   "%zext_ln11_32 = zext i1 %tmp_18" [bnn.cpp:11->bnn.cpp:61->bnn.cpp:142]   --->   Operation 105 'zext' 'zext_ln11_32' <Predicate = true> <Delay = 0.00>
ST_2 : Operation 106 [1/1] (0.00ns)   --->   "%tmp_19 = bitselect i1 @_ssdm_op_BitSelect.i1.i16.i32, i16 %xnor_1, i32 5" [bnn.cpp:11->bnn.cpp:61->bnn.cpp:142]   --->   Operation 106 'bitselect' 'tmp_19' <Predicate = true> <Delay = 0.00>
ST_2 : Operation 107 [1/1] (0.00ns)   --->   "%zext_ln11_33 = zext i1 %tmp_19" [bnn.cpp:11->bnn.cpp:61->bnn.cpp:142]   --->   Operation 107 'zext' 'zext_ln11_33' <Predicate = true> <Delay = 0.00>
ST_2 : Operation 108 [1/1] (0.00ns)   --->   "%tmp_20 = bitselect i1 @_ssdm_op_BitSelect.i1.i16.i32, i16 %xnor_1, i32 6" [bnn.cpp:11->bnn.cpp:61->bnn.cpp:142]   --->   Operation 108 'bitselect' 'tmp_20' <Predicate = true> <Delay = 0.00>
ST_2 : Operation 109 [1/1] (0.00ns)   --->   "%zext_ln11_34 = zext i1 %tmp_20" [bnn.cpp:11->bnn.cpp:61->bnn.cpp:142]   --->   Operation 109 'zext' 'zext_ln11_34' <Predicate = true> <Delay = 0.00>
ST_2 : Operation 110 [1/1] (0.00ns)   --->   "%tmp_21 = bitselect i1 @_ssdm_op_BitSelect.i1.i16.i32, i16 %xnor_1, i32 7" [bnn.cpp:11->bnn.cpp:61->bnn.cpp:142]   --->   Operation 110 'bitselect' 'tmp_21' <Predicate = true> <Delay = 0.00>
ST_2 : Operation 111 [1/1] (0.00ns)   --->   "%zext_ln11_35 = zext i1 %tmp_21" [bnn.cpp:11->bnn.cpp:61->bnn.cpp:142]   --->   Operation 111 'zext' 'zext_ln11_35' <Predicate = true> <Delay = 0.00>
ST_2 : Operation 112 [1/1] (0.00ns)   --->   "%tmp_22 = bitselect i1 @_ssdm_op_BitSelect.i1.i16.i32, i16 %xnor_1, i32 8" [bnn.cpp:11->bnn.cpp:61->bnn.cpp:142]   --->   Operation 112 'bitselect' 'tmp_22' <Predicate = true> <Delay = 0.00>
ST_2 : Operation 113 [1/1] (0.00ns)   --->   "%zext_ln11_36 = zext i1 %tmp_22" [bnn.cpp:11->bnn.cpp:61->bnn.cpp:142]   --->   Operation 113 'zext' 'zext_ln11_36' <Predicate = true> <Delay = 0.00>
ST_2 : Operation 114 [1/1] (0.00ns)   --->   "%tmp_23 = bitselect i1 @_ssdm_op_BitSelect.i1.i16.i32, i16 %xnor_1, i32 9" [bnn.cpp:11->bnn.cpp:61->bnn.cpp:142]   --->   Operation 114 'bitselect' 'tmp_23' <Predicate = true> <Delay = 0.00>
ST_2 : Operation 115 [1/1] (0.00ns)   --->   "%zext_ln11_37 = zext i1 %tmp_23" [bnn.cpp:11->bnn.cpp:61->bnn.cpp:142]   --->   Operation 115 'zext' 'zext_ln11_37' <Predicate = true> <Delay = 0.00>
ST_2 : Operation 116 [1/1] (0.00ns)   --->   "%tmp_24 = bitselect i1 @_ssdm_op_BitSelect.i1.i16.i32, i16 %xnor_1, i32 10" [bnn.cpp:11->bnn.cpp:61->bnn.cpp:142]   --->   Operation 116 'bitselect' 'tmp_24' <Predicate = true> <Delay = 0.00>
ST_2 : Operation 117 [1/1] (0.00ns)   --->   "%zext_ln11_38 = zext i1 %tmp_24" [bnn.cpp:11->bnn.cpp:61->bnn.cpp:142]   --->   Operation 117 'zext' 'zext_ln11_38' <Predicate = true> <Delay = 0.00>
ST_2 : Operation 118 [1/1] (0.00ns)   --->   "%tmp_25 = bitselect i1 @_ssdm_op_BitSelect.i1.i16.i32, i16 %xnor_1, i32 11" [bnn.cpp:11->bnn.cpp:61->bnn.cpp:142]   --->   Operation 118 'bitselect' 'tmp_25' <Predicate = true> <Delay = 0.00>
ST_2 : Operation 119 [1/1] (0.00ns)   --->   "%zext_ln11_39 = zext i1 %tmp_25" [bnn.cpp:11->bnn.cpp:61->bnn.cpp:142]   --->   Operation 119 'zext' 'zext_ln11_39' <Predicate = true> <Delay = 0.00>
ST_2 : Operation 120 [1/1] (0.00ns)   --->   "%tmp_26 = bitselect i1 @_ssdm_op_BitSelect.i1.i16.i32, i16 %xnor_1, i32 12" [bnn.cpp:11->bnn.cpp:61->bnn.cpp:142]   --->   Operation 120 'bitselect' 'tmp_26' <Predicate = true> <Delay = 0.00>
ST_2 : Operation 121 [1/1] (0.00ns)   --->   "%zext_ln11_40 = zext i1 %tmp_26" [bnn.cpp:11->bnn.cpp:61->bnn.cpp:142]   --->   Operation 121 'zext' 'zext_ln11_40' <Predicate = true> <Delay = 0.00>
ST_2 : Operation 122 [1/1] (0.00ns)   --->   "%tmp_27 = bitselect i1 @_ssdm_op_BitSelect.i1.i16.i32, i16 %xnor_1, i32 13" [bnn.cpp:11->bnn.cpp:61->bnn.cpp:142]   --->   Operation 122 'bitselect' 'tmp_27' <Predicate = true> <Delay = 0.00>
ST_2 : Operation 123 [1/1] (0.00ns)   --->   "%zext_ln11_41 = zext i1 %tmp_27" [bnn.cpp:11->bnn.cpp:61->bnn.cpp:142]   --->   Operation 123 'zext' 'zext_ln11_41' <Predicate = true> <Delay = 0.00>
ST_2 : Operation 124 [1/1] (0.00ns)   --->   "%tmp_28 = bitselect i1 @_ssdm_op_BitSelect.i1.i16.i32, i16 %xnor_1, i32 14" [bnn.cpp:11->bnn.cpp:61->bnn.cpp:142]   --->   Operation 124 'bitselect' 'tmp_28' <Predicate = true> <Delay = 0.00>
ST_2 : Operation 125 [1/1] (0.00ns)   --->   "%zext_ln11_42 = zext i1 %tmp_28" [bnn.cpp:11->bnn.cpp:61->bnn.cpp:142]   --->   Operation 125 'zext' 'zext_ln11_42' <Predicate = true> <Delay = 0.00>
ST_2 : Operation 126 [1/1] (0.00ns)   --->   "%tmp_29 = bitselect i1 @_ssdm_op_BitSelect.i1.i16.i32, i16 %xnor_1, i32 15" [bnn.cpp:11->bnn.cpp:61->bnn.cpp:142]   --->   Operation 126 'bitselect' 'tmp_29' <Predicate = true> <Delay = 0.00>
ST_2 : Operation 127 [1/1] (0.00ns)   --->   "%zext_ln11_43 = zext i1 %tmp_29" [bnn.cpp:11->bnn.cpp:61->bnn.cpp:142]   --->   Operation 127 'zext' 'zext_ln11_43' <Predicate = true> <Delay = 0.00>
ST_2 : Operation 128 [1/1] (1.56ns)   --->   "%add_ln11_15 = add i2 %zext_ln11_29, i2 %zext_ln8_1" [bnn.cpp:11->bnn.cpp:61->bnn.cpp:142]   --->   Operation 128 'add' 'add_ln11_15' <Predicate = true> <Delay = 1.56> <CoreInst = "Adder">   --->   Core 1 'Adder' <Latency = 0> <II = 1> <Delay = 1.56> <FuncUnit> <Opcode : 'add' 'sub'> <InPorts = 2> <OutPorts = 1>
ST_2 : Operation 129 [1/1] (0.00ns)   --->   "%zext_ln11_44 = zext i2 %add_ln11_15" [bnn.cpp:11->bnn.cpp:61->bnn.cpp:142]   --->   Operation 129 'zext' 'zext_ln11_44' <Predicate = true> <Delay = 0.00>
ST_2 : Operation 130 [1/1] (1.56ns)   --->   "%add_ln11_16 = add i2 %zext_ln11_30, i2 %zext_ln11_31" [bnn.cpp:11->bnn.cpp:61->bnn.cpp:142]   --->   Operation 130 'add' 'add_ln11_16' <Predicate = true> <Delay = 1.56> <CoreInst = "Adder">   --->   Core 1 'Adder' <Latency = 0> <II = 1> <Delay = 1.56> <FuncUnit> <Opcode : 'add' 'sub'> <InPorts = 2> <OutPorts = 1>
ST_2 : Operation 131 [1/1] (0.00ns)   --->   "%zext_ln11_45 = zext i2 %add_ln11_16" [bnn.cpp:11->bnn.cpp:61->bnn.cpp:142]   --->   Operation 131 'zext' 'zext_ln11_45' <Predicate = true> <Delay = 0.00>
ST_2 : Operation 132 [1/1] (1.56ns)   --->   "%add_ln11_17 = add i3 %zext_ln11_45, i3 %zext_ln11_44" [bnn.cpp:11->bnn.cpp:61->bnn.cpp:142]   --->   Operation 132 'add' 'add_ln11_17' <Predicate = true> <Delay = 1.56> <CoreInst = "Adder">   --->   Core 1 'Adder' <Latency = 0> <II = 1> <Delay = 1.65> <FuncUnit> <Opcode : 'add' 'sub'> <InPorts = 2> <OutPorts = 1>
ST_2 : Operation 133 [1/1] (1.56ns)   --->   "%add_ln11_18 = add i2 %zext_ln11_32, i2 %zext_ln11_33" [bnn.cpp:11->bnn.cpp:61->bnn.cpp:142]   --->   Operation 133 'add' 'add_ln11_18' <Predicate = true> <Delay = 1.56> <CoreInst = "Adder">   --->   Core 1 'Adder' <Latency = 0> <II = 1> <Delay = 1.56> <FuncUnit> <Opcode : 'add' 'sub'> <InPorts = 2> <OutPorts = 1>
ST_2 : Operation 134 [1/1] (0.00ns)   --->   "%zext_ln11_47 = zext i2 %add_ln11_18" [bnn.cpp:11->bnn.cpp:61->bnn.cpp:142]   --->   Operation 134 'zext' 'zext_ln11_47' <Predicate = true> <Delay = 0.00>
ST_2 : Operation 135 [1/1] (1.56ns)   --->   "%add_ln11_19 = add i2 %zext_ln11_34, i2 %zext_ln11_35" [bnn.cpp:11->bnn.cpp:61->bnn.cpp:142]   --->   Operation 135 'add' 'add_ln11_19' <Predicate = true> <Delay = 1.56> <CoreInst = "Adder">   --->   Core 1 'Adder' <Latency = 0> <II = 1> <Delay = 1.56> <FuncUnit> <Opcode : 'add' 'sub'> <InPorts = 2> <OutPorts = 1>
ST_2 : Operation 136 [1/1] (0.00ns)   --->   "%zext_ln11_48 = zext i2 %add_ln11_19" [bnn.cpp:11->bnn.cpp:61->bnn.cpp:142]   --->   Operation 136 'zext' 'zext_ln11_48' <Predicate = true> <Delay = 0.00>
ST_2 : Operation 137 [1/1] (1.56ns)   --->   "%add_ln11_20 = add i3 %zext_ln11_48, i3 %zext_ln11_47" [bnn.cpp:11->bnn.cpp:61->bnn.cpp:142]   --->   Operation 137 'add' 'add_ln11_20' <Predicate = true> <Delay = 1.56> <CoreInst = "Adder">   --->   Core 1 'Adder' <Latency = 0> <II = 1> <Delay = 1.65> <FuncUnit> <Opcode : 'add' 'sub'> <InPorts = 2> <OutPorts = 1>
ST_2 : Operation 138 [1/1] (1.56ns)   --->   "%add_ln11_22 = add i2 %zext_ln11_36, i2 %zext_ln11_37" [bnn.cpp:11->bnn.cpp:61->bnn.cpp:142]   --->   Operation 138 'add' 'add_ln11_22' <Predicate = true> <Delay = 1.56> <CoreInst = "Adder">   --->   Core 1 'Adder' <Latency = 0> <II = 1> <Delay = 1.56> <FuncUnit> <Opcode : 'add' 'sub'> <InPorts = 2> <OutPorts = 1>
ST_2 : Operation 139 [1/1] (0.00ns)   --->   "%zext_ln11_51 = zext i2 %add_ln11_22" [bnn.cpp:11->bnn.cpp:61->bnn.cpp:142]   --->   Operation 139 'zext' 'zext_ln11_51' <Predicate = true> <Delay = 0.00>
ST_2 : Operation 140 [1/1] (1.56ns)   --->   "%add_ln11_23 = add i2 %zext_ln11_38, i2 %zext_ln11_39" [bnn.cpp:11->bnn.cpp:61->bnn.cpp:142]   --->   Operation 140 'add' 'add_ln11_23' <Predicate = true> <Delay = 1.56> <CoreInst = "Adder">   --->   Core 1 'Adder' <Latency = 0> <II = 1> <Delay = 1.56> <FuncUnit> <Opcode : 'add' 'sub'> <InPorts = 2> <OutPorts = 1>
ST_2 : Operation 141 [1/1] (0.00ns)   --->   "%zext_ln11_52 = zext i2 %add_ln11_23" [bnn.cpp:11->bnn.cpp:61->bnn.cpp:142]   --->   Operation 141 'zext' 'zext_ln11_52' <Predicate = true> <Delay = 0.00>
ST_2 : Operation 142 [1/1] (1.56ns)   --->   "%add_ln11_24 = add i3 %zext_ln11_52, i3 %zext_ln11_51" [bnn.cpp:11->bnn.cpp:61->bnn.cpp:142]   --->   Operation 142 'add' 'add_ln11_24' <Predicate = true> <Delay = 1.56> <CoreInst = "Adder">   --->   Core 1 'Adder' <Latency = 0> <II = 1> <Delay = 1.65> <FuncUnit> <Opcode : 'add' 'sub'> <InPorts = 2> <OutPorts = 1>
ST_2 : Operation 143 [1/1] (1.56ns)   --->   "%add_ln11_25 = add i2 %zext_ln11_40, i2 %zext_ln11_41" [bnn.cpp:11->bnn.cpp:61->bnn.cpp:142]   --->   Operation 143 'add' 'add_ln11_25' <Predicate = true> <Delay = 1.56> <CoreInst = "Adder">   --->   Core 1 'Adder' <Latency = 0> <II = 1> <Delay = 1.56> <FuncUnit> <Opcode : 'add' 'sub'> <InPorts = 2> <OutPorts = 1>
ST_2 : Operation 144 [1/1] (0.00ns)   --->   "%zext_ln11_54 = zext i2 %add_ln11_25" [bnn.cpp:11->bnn.cpp:61->bnn.cpp:142]   --->   Operation 144 'zext' 'zext_ln11_54' <Predicate = true> <Delay = 0.00>
ST_2 : Operation 145 [1/1] (1.56ns)   --->   "%add_ln11_26 = add i2 %zext_ln11_42, i2 %zext_ln11_43" [bnn.cpp:11->bnn.cpp:61->bnn.cpp:142]   --->   Operation 145 'add' 'add_ln11_26' <Predicate = true> <Delay = 1.56> <CoreInst = "Adder">   --->   Core 1 'Adder' <Latency = 0> <II = 1> <Delay = 1.56> <FuncUnit> <Opcode : 'add' 'sub'> <InPorts = 2> <OutPorts = 1>
ST_2 : Operation 146 [1/1] (0.00ns)   --->   "%zext_ln11_55 = zext i2 %add_ln11_26" [bnn.cpp:11->bnn.cpp:61->bnn.cpp:142]   --->   Operation 146 'zext' 'zext_ln11_55' <Predicate = true> <Delay = 0.00>
ST_2 : Operation 147 [1/1] (1.56ns)   --->   "%add_ln11_27 = add i3 %zext_ln11_55, i3 %zext_ln11_54" [bnn.cpp:11->bnn.cpp:61->bnn.cpp:142]   --->   Operation 147 'add' 'add_ln11_27' <Predicate = true> <Delay = 1.56> <CoreInst = "Adder">   --->   Core 1 'Adder' <Latency = 0> <II = 1> <Delay = 1.65> <FuncUnit> <Opcode : 'add' 'sub'> <InPorts = 2> <OutPorts = 1>
ST_2 : Operation 148 [1/2] ( I:2.32ns O:2.32ns )   --->   "%w3_load_2 = load i6 %w3_addr_2" [bnn.cpp:60->bnn.cpp:142]   --->   Operation 148 'load' 'w3_load_2' <Predicate = true> <Delay = 2.32> <CoreInst = "ROM">   --->   Core 94 'ROM' <Latency = 1> <II = 1> <Delay = 2.32> <Storage> <Opcode : 'load'> <Ports = 0> <Width = 16> <Depth = 40> <ROM>
ST_2 : Operation 149 [1/1] (0.00ns) (grouped into LUT with out node xnor_2)   --->   "%xor_ln60_4 = xor i16 %p_0_0271_2108_reload_read, i16 65535" [bnn.cpp:60->bnn.cpp:142]   --->   Operation 149 'xor' 'xor_ln60_4' <Predicate = true> <Delay = 0.00> <CoreInst = "LogicGate">   --->   Core 74 'LogicGate' <Latency = 0> <II = 1> <Delay = 0.99> <FuncUnit> <Opcode : 'and' 'or' 'xor'> <InPorts = 2> <OutPorts = 1>
ST_2 : Operation 150 [1/1] (0.99ns) (out node of the LUT)   --->   "%xnor_2 = xor i16 %w3_load_2, i16 %xor_ln60_4" [bnn.cpp:60->bnn.cpp:142]   --->   Operation 150 'xor' 'xnor_2' <Predicate = true> <Delay = 0.99> <CoreInst = "LogicGate">   --->   Core 74 'LogicGate' <Latency = 0> <II = 1> <Delay = 0.99> <FuncUnit> <Opcode : 'and' 'or' 'xor'> <InPorts = 2> <OutPorts = 1>
ST_2 : Operation 151 [1/1] (0.00ns)   --->   "%cnt_4 = trunc i16 %xnor_2" [bnn.cpp:11->bnn.cpp:61->bnn.cpp:142]   --->   Operation 151 'trunc' 'cnt_4' <Predicate = true> <Delay = 0.00>
ST_2 : Operation 152 [1/1] (0.00ns)   --->   "%zext_ln8_2 = zext i1 %cnt_4" [bnn.cpp:8->bnn.cpp:61->bnn.cpp:142]   --->   Operation 152 'zext' 'zext_ln8_2' <Predicate = true> <Delay = 0.00>
ST_2 : Operation 153 [1/1] (0.00ns)   --->   "%tmp_30 = bitselect i1 @_ssdm_op_BitSelect.i1.i16.i32, i16 %xnor_2, i32 1" [bnn.cpp:11->bnn.cpp:61->bnn.cpp:142]   --->   Operation 153 'bitselect' 'tmp_30' <Predicate = true> <Delay = 0.00>
ST_2 : Operation 154 [1/1] (0.00ns)   --->   "%zext_ln11_58 = zext i1 %tmp_30" [bnn.cpp:11->bnn.cpp:61->bnn.cpp:142]   --->   Operation 154 'zext' 'zext_ln11_58' <Predicate = true> <Delay = 0.00>
ST_2 : Operation 155 [1/1] (0.00ns)   --->   "%tmp_31 = bitselect i1 @_ssdm_op_BitSelect.i1.i16.i32, i16 %xnor_2, i32 2" [bnn.cpp:11->bnn.cpp:61->bnn.cpp:142]   --->   Operation 155 'bitselect' 'tmp_31' <Predicate = true> <Delay = 0.00>
ST_2 : Operation 156 [1/1] (0.00ns)   --->   "%zext_ln11_59 = zext i1 %tmp_31" [bnn.cpp:11->bnn.cpp:61->bnn.cpp:142]   --->   Operation 156 'zext' 'zext_ln11_59' <Predicate = true> <Delay = 0.00>
ST_2 : Operation 157 [1/1] (0.00ns)   --->   "%tmp_32 = bitselect i1 @_ssdm_op_BitSelect.i1.i16.i32, i16 %xnor_2, i32 3" [bnn.cpp:11->bnn.cpp:61->bnn.cpp:142]   --->   Operation 157 'bitselect' 'tmp_32' <Predicate = true> <Delay = 0.00>
ST_2 : Operation 158 [1/1] (0.00ns)   --->   "%zext_ln11_60 = zext i1 %tmp_32" [bnn.cpp:11->bnn.cpp:61->bnn.cpp:142]   --->   Operation 158 'zext' 'zext_ln11_60' <Predicate = true> <Delay = 0.00>
ST_2 : Operation 159 [1/1] (0.00ns)   --->   "%tmp_33 = bitselect i1 @_ssdm_op_BitSelect.i1.i16.i32, i16 %xnor_2, i32 4" [bnn.cpp:11->bnn.cpp:61->bnn.cpp:142]   --->   Operation 159 'bitselect' 'tmp_33' <Predicate = true> <Delay = 0.00>
ST_2 : Operation 160 [1/1] (0.00ns)   --->   "%zext_ln11_61 = zext i1 %tmp_33" [bnn.cpp:11->bnn.cpp:61->bnn.cpp:142]   --->   Operation 160 'zext' 'zext_ln11_61' <Predicate = true> <Delay = 0.00>
ST_2 : Operation 161 [1/1] (0.00ns)   --->   "%tmp_34 = bitselect i1 @_ssdm_op_BitSelect.i1.i16.i32, i16 %xnor_2, i32 5" [bnn.cpp:11->bnn.cpp:61->bnn.cpp:142]   --->   Operation 161 'bitselect' 'tmp_34' <Predicate = true> <Delay = 0.00>
ST_2 : Operation 162 [1/1] (0.00ns)   --->   "%zext_ln11_62 = zext i1 %tmp_34" [bnn.cpp:11->bnn.cpp:61->bnn.cpp:142]   --->   Operation 162 'zext' 'zext_ln11_62' <Predicate = true> <Delay = 0.00>
ST_2 : Operation 163 [1/1] (0.00ns)   --->   "%tmp_35 = bitselect i1 @_ssdm_op_BitSelect.i1.i16.i32, i16 %xnor_2, i32 6" [bnn.cpp:11->bnn.cpp:61->bnn.cpp:142]   --->   Operation 163 'bitselect' 'tmp_35' <Predicate = true> <Delay = 0.00>
ST_2 : Operation 164 [1/1] (0.00ns)   --->   "%zext_ln11_63 = zext i1 %tmp_35" [bnn.cpp:11->bnn.cpp:61->bnn.cpp:142]   --->   Operation 164 'zext' 'zext_ln11_63' <Predicate = true> <Delay = 0.00>
ST_2 : Operation 165 [1/1] (0.00ns)   --->   "%tmp_36 = bitselect i1 @_ssdm_op_BitSelect.i1.i16.i32, i16 %xnor_2, i32 7" [bnn.cpp:11->bnn.cpp:61->bnn.cpp:142]   --->   Operation 165 'bitselect' 'tmp_36' <Predicate = true> <Delay = 0.00>
ST_2 : Operation 166 [1/1] (0.00ns)   --->   "%zext_ln11_64 = zext i1 %tmp_36" [bnn.cpp:11->bnn.cpp:61->bnn.cpp:142]   --->   Operation 166 'zext' 'zext_ln11_64' <Predicate = true> <Delay = 0.00>
ST_2 : Operation 167 [1/1] (0.00ns)   --->   "%tmp_37 = bitselect i1 @_ssdm_op_BitSelect.i1.i16.i32, i16 %xnor_2, i32 8" [bnn.cpp:11->bnn.cpp:61->bnn.cpp:142]   --->   Operation 167 'bitselect' 'tmp_37' <Predicate = true> <Delay = 0.00>
ST_2 : Operation 168 [1/1] (0.00ns)   --->   "%zext_ln11_65 = zext i1 %tmp_37" [bnn.cpp:11->bnn.cpp:61->bnn.cpp:142]   --->   Operation 168 'zext' 'zext_ln11_65' <Predicate = true> <Delay = 0.00>
ST_2 : Operation 169 [1/1] (0.00ns)   --->   "%tmp_38 = bitselect i1 @_ssdm_op_BitSelect.i1.i16.i32, i16 %xnor_2, i32 9" [bnn.cpp:11->bnn.cpp:61->bnn.cpp:142]   --->   Operation 169 'bitselect' 'tmp_38' <Predicate = true> <Delay = 0.00>
ST_2 : Operation 170 [1/1] (0.00ns)   --->   "%zext_ln11_66 = zext i1 %tmp_38" [bnn.cpp:11->bnn.cpp:61->bnn.cpp:142]   --->   Operation 170 'zext' 'zext_ln11_66' <Predicate = true> <Delay = 0.00>
ST_2 : Operation 171 [1/1] (0.00ns)   --->   "%tmp_39 = bitselect i1 @_ssdm_op_BitSelect.i1.i16.i32, i16 %xnor_2, i32 10" [bnn.cpp:11->bnn.cpp:61->bnn.cpp:142]   --->   Operation 171 'bitselect' 'tmp_39' <Predicate = true> <Delay = 0.00>
ST_2 : Operation 172 [1/1] (0.00ns)   --->   "%zext_ln11_67 = zext i1 %tmp_39" [bnn.cpp:11->bnn.cpp:61->bnn.cpp:142]   --->   Operation 172 'zext' 'zext_ln11_67' <Predicate = true> <Delay = 0.00>
ST_2 : Operation 173 [1/1] (0.00ns)   --->   "%tmp_40 = bitselect i1 @_ssdm_op_BitSelect.i1.i16.i32, i16 %xnor_2, i32 11" [bnn.cpp:11->bnn.cpp:61->bnn.cpp:142]   --->   Operation 173 'bitselect' 'tmp_40' <Predicate = true> <Delay = 0.00>
ST_2 : Operation 174 [1/1] (0.00ns)   --->   "%zext_ln11_68 = zext i1 %tmp_40" [bnn.cpp:11->bnn.cpp:61->bnn.cpp:142]   --->   Operation 174 'zext' 'zext_ln11_68' <Predicate = true> <Delay = 0.00>
ST_2 : Operation 175 [1/1] (0.00ns)   --->   "%tmp_41 = bitselect i1 @_ssdm_op_BitSelect.i1.i16.i32, i16 %xnor_2, i32 12" [bnn.cpp:11->bnn.cpp:61->bnn.cpp:142]   --->   Operation 175 'bitselect' 'tmp_41' <Predicate = true> <Delay = 0.00>
ST_2 : Operation 176 [1/1] (0.00ns)   --->   "%zext_ln11_69 = zext i1 %tmp_41" [bnn.cpp:11->bnn.cpp:61->bnn.cpp:142]   --->   Operation 176 'zext' 'zext_ln11_69' <Predicate = true> <Delay = 0.00>
ST_2 : Operation 177 [1/1] (0.00ns)   --->   "%tmp_42 = bitselect i1 @_ssdm_op_BitSelect.i1.i16.i32, i16 %xnor_2, i32 13" [bnn.cpp:11->bnn.cpp:61->bnn.cpp:142]   --->   Operation 177 'bitselect' 'tmp_42' <Predicate = true> <Delay = 0.00>
ST_2 : Operation 178 [1/1] (0.00ns)   --->   "%zext_ln11_70 = zext i1 %tmp_42" [bnn.cpp:11->bnn.cpp:61->bnn.cpp:142]   --->   Operation 178 'zext' 'zext_ln11_70' <Predicate = true> <Delay = 0.00>
ST_2 : Operation 179 [1/1] (0.00ns)   --->   "%tmp_43 = bitselect i1 @_ssdm_op_BitSelect.i1.i16.i32, i16 %xnor_2, i32 14" [bnn.cpp:11->bnn.cpp:61->bnn.cpp:142]   --->   Operation 179 'bitselect' 'tmp_43' <Predicate = true> <Delay = 0.00>
ST_2 : Operation 180 [1/1] (0.00ns)   --->   "%zext_ln11_71 = zext i1 %tmp_43" [bnn.cpp:11->bnn.cpp:61->bnn.cpp:142]   --->   Operation 180 'zext' 'zext_ln11_71' <Predicate = true> <Delay = 0.00>
ST_2 : Operation 181 [1/1] (0.00ns)   --->   "%tmp_44 = bitselect i1 @_ssdm_op_BitSelect.i1.i16.i32, i16 %xnor_2, i32 15" [bnn.cpp:11->bnn.cpp:61->bnn.cpp:142]   --->   Operation 181 'bitselect' 'tmp_44' <Predicate = true> <Delay = 0.00>
ST_2 : Operation 182 [1/1] (0.00ns)   --->   "%zext_ln11_72 = zext i1 %tmp_44" [bnn.cpp:11->bnn.cpp:61->bnn.cpp:142]   --->   Operation 182 'zext' 'zext_ln11_72' <Predicate = true> <Delay = 0.00>
ST_2 : Operation 183 [1/1] (1.56ns)   --->   "%add_ln11_30 = add i2 %zext_ln11_58, i2 %zext_ln8_2" [bnn.cpp:11->bnn.cpp:61->bnn.cpp:142]   --->   Operation 183 'add' 'add_ln11_30' <Predicate = true> <Delay = 1.56> <CoreInst = "Adder">   --->   Core 1 'Adder' <Latency = 0> <II = 1> <Delay = 1.56> <FuncUnit> <Opcode : 'add' 'sub'> <InPorts = 2> <OutPorts = 1>
ST_2 : Operation 184 [1/1] (0.00ns)   --->   "%zext_ln11_73 = zext i2 %add_ln11_30" [bnn.cpp:11->bnn.cpp:61->bnn.cpp:142]   --->   Operation 184 'zext' 'zext_ln11_73' <Predicate = true> <Delay = 0.00>
ST_2 : Operation 185 [1/1] (1.56ns)   --->   "%add_ln11_31 = add i2 %zext_ln11_59, i2 %zext_ln11_60" [bnn.cpp:11->bnn.cpp:61->bnn.cpp:142]   --->   Operation 185 'add' 'add_ln11_31' <Predicate = true> <Delay = 1.56> <CoreInst = "Adder">   --->   Core 1 'Adder' <Latency = 0> <II = 1> <Delay = 1.56> <FuncUnit> <Opcode : 'add' 'sub'> <InPorts = 2> <OutPorts = 1>
ST_2 : Operation 186 [1/1] (0.00ns)   --->   "%zext_ln11_74 = zext i2 %add_ln11_31" [bnn.cpp:11->bnn.cpp:61->bnn.cpp:142]   --->   Operation 186 'zext' 'zext_ln11_74' <Predicate = true> <Delay = 0.00>
ST_2 : Operation 187 [1/1] (1.56ns)   --->   "%add_ln11_32 = add i3 %zext_ln11_74, i3 %zext_ln11_73" [bnn.cpp:11->bnn.cpp:61->bnn.cpp:142]   --->   Operation 187 'add' 'add_ln11_32' <Predicate = true> <Delay = 1.56> <CoreInst = "Adder">   --->   Core 1 'Adder' <Latency = 0> <II = 1> <Delay = 1.65> <FuncUnit> <Opcode : 'add' 'sub'> <InPorts = 2> <OutPorts = 1>
ST_2 : Operation 188 [1/1] (1.56ns)   --->   "%add_ln11_33 = add i2 %zext_ln11_61, i2 %zext_ln11_62" [bnn.cpp:11->bnn.cpp:61->bnn.cpp:142]   --->   Operation 188 'add' 'add_ln11_33' <Predicate = true> <Delay = 1.56> <CoreInst = "Adder">   --->   Core 1 'Adder' <Latency = 0> <II = 1> <Delay = 1.56> <FuncUnit> <Opcode : 'add' 'sub'> <InPorts = 2> <OutPorts = 1>
ST_2 : Operation 189 [1/1] (0.00ns)   --->   "%zext_ln11_76 = zext i2 %add_ln11_33" [bnn.cpp:11->bnn.cpp:61->bnn.cpp:142]   --->   Operation 189 'zext' 'zext_ln11_76' <Predicate = true> <Delay = 0.00>
ST_2 : Operation 190 [1/1] (1.56ns)   --->   "%add_ln11_34 = add i2 %zext_ln11_63, i2 %zext_ln11_64" [bnn.cpp:11->bnn.cpp:61->bnn.cpp:142]   --->   Operation 190 'add' 'add_ln11_34' <Predicate = true> <Delay = 1.56> <CoreInst = "Adder">   --->   Core 1 'Adder' <Latency = 0> <II = 1> <Delay = 1.56> <FuncUnit> <Opcode : 'add' 'sub'> <InPorts = 2> <OutPorts = 1>
ST_2 : Operation 191 [1/1] (0.00ns)   --->   "%zext_ln11_77 = zext i2 %add_ln11_34" [bnn.cpp:11->bnn.cpp:61->bnn.cpp:142]   --->   Operation 191 'zext' 'zext_ln11_77' <Predicate = true> <Delay = 0.00>
ST_2 : Operation 192 [1/1] (1.56ns)   --->   "%add_ln11_35 = add i3 %zext_ln11_77, i3 %zext_ln11_76" [bnn.cpp:11->bnn.cpp:61->bnn.cpp:142]   --->   Operation 192 'add' 'add_ln11_35' <Predicate = true> <Delay = 1.56> <CoreInst = "Adder">   --->   Core 1 'Adder' <Latency = 0> <II = 1> <Delay = 1.65> <FuncUnit> <Opcode : 'add' 'sub'> <InPorts = 2> <OutPorts = 1>
ST_2 : Operation 193 [1/1] (1.56ns)   --->   "%add_ln11_37 = add i2 %zext_ln11_65, i2 %zext_ln11_66" [bnn.cpp:11->bnn.cpp:61->bnn.cpp:142]   --->   Operation 193 'add' 'add_ln11_37' <Predicate = true> <Delay = 1.56> <CoreInst = "Adder">   --->   Core 1 'Adder' <Latency = 0> <II = 1> <Delay = 1.56> <FuncUnit> <Opcode : 'add' 'sub'> <InPorts = 2> <OutPorts = 1>
ST_2 : Operation 194 [1/1] (0.00ns)   --->   "%zext_ln11_80 = zext i2 %add_ln11_37" [bnn.cpp:11->bnn.cpp:61->bnn.cpp:142]   --->   Operation 194 'zext' 'zext_ln11_80' <Predicate = true> <Delay = 0.00>
ST_2 : Operation 195 [1/1] (1.56ns)   --->   "%add_ln11_38 = add i2 %zext_ln11_67, i2 %zext_ln11_68" [bnn.cpp:11->bnn.cpp:61->bnn.cpp:142]   --->   Operation 195 'add' 'add_ln11_38' <Predicate = true> <Delay = 1.56> <CoreInst = "Adder">   --->   Core 1 'Adder' <Latency = 0> <II = 1> <Delay = 1.56> <FuncUnit> <Opcode : 'add' 'sub'> <InPorts = 2> <OutPorts = 1>
ST_2 : Operation 196 [1/1] (0.00ns)   --->   "%zext_ln11_81 = zext i2 %add_ln11_38" [bnn.cpp:11->bnn.cpp:61->bnn.cpp:142]   --->   Operation 196 'zext' 'zext_ln11_81' <Predicate = true> <Delay = 0.00>
ST_2 : Operation 197 [1/1] (1.56ns)   --->   "%add_ln11_39 = add i3 %zext_ln11_81, i3 %zext_ln11_80" [bnn.cpp:11->bnn.cpp:61->bnn.cpp:142]   --->   Operation 197 'add' 'add_ln11_39' <Predicate = true> <Delay = 1.56> <CoreInst = "Adder">   --->   Core 1 'Adder' <Latency = 0> <II = 1> <Delay = 1.65> <FuncUnit> <Opcode : 'add' 'sub'> <InPorts = 2> <OutPorts = 1>
ST_2 : Operation 198 [1/1] (1.56ns)   --->   "%add_ln11_40 = add i2 %zext_ln11_69, i2 %zext_ln11_70" [bnn.cpp:11->bnn.cpp:61->bnn.cpp:142]   --->   Operation 198 'add' 'add_ln11_40' <Predicate = true> <Delay = 1.56> <CoreInst = "Adder">   --->   Core 1 'Adder' <Latency = 0> <II = 1> <Delay = 1.56> <FuncUnit> <Opcode : 'add' 'sub'> <InPorts = 2> <OutPorts = 1>
ST_2 : Operation 199 [1/1] (0.00ns)   --->   "%zext_ln11_83 = zext i2 %add_ln11_40" [bnn.cpp:11->bnn.cpp:61->bnn.cpp:142]   --->   Operation 199 'zext' 'zext_ln11_83' <Predicate = true> <Delay = 0.00>
ST_2 : Operation 200 [1/1] (1.56ns)   --->   "%add_ln11_41 = add i2 %zext_ln11_71, i2 %zext_ln11_72" [bnn.cpp:11->bnn.cpp:61->bnn.cpp:142]   --->   Operation 200 'add' 'add_ln11_41' <Predicate = true> <Delay = 1.56> <CoreInst = "Adder">   --->   Core 1 'Adder' <Latency = 0> <II = 1> <Delay = 1.56> <FuncUnit> <Opcode : 'add' 'sub'> <InPorts = 2> <OutPorts = 1>
ST_2 : Operation 201 [1/1] (0.00ns)   --->   "%zext_ln11_84 = zext i2 %add_ln11_41" [bnn.cpp:11->bnn.cpp:61->bnn.cpp:142]   --->   Operation 201 'zext' 'zext_ln11_84' <Predicate = true> <Delay = 0.00>
ST_2 : Operation 202 [1/1] (1.56ns)   --->   "%add_ln11_42 = add i3 %zext_ln11_84, i3 %zext_ln11_83" [bnn.cpp:11->bnn.cpp:61->bnn.cpp:142]   --->   Operation 202 'add' 'add_ln11_42' <Predicate = true> <Delay = 1.56> <CoreInst = "Adder">   --->   Core 1 'Adder' <Latency = 0> <II = 1> <Delay = 1.65> <FuncUnit> <Opcode : 'add' 'sub'> <InPorts = 2> <OutPorts = 1>
ST_2 : Operation 203 [1/2] ( I:2.32ns O:2.32ns )   --->   "%w3_load_3 = load i6 %w3_addr_3" [bnn.cpp:60->bnn.cpp:142]   --->   Operation 203 'load' 'w3_load_3' <Predicate = true> <Delay = 2.32> <CoreInst = "ROM">   --->   Core 94 'ROM' <Latency = 1> <II = 1> <Delay = 2.32> <Storage> <Opcode : 'load'> <Ports = 0> <Width = 16> <Depth = 40> <ROM>
ST_2 : Operation 204 [1/1] (0.00ns) (grouped into LUT with out node xnor_3)   --->   "%xor_ln60_6 = xor i16 %p_0_0271_3110_reload_read, i16 65535" [bnn.cpp:60->bnn.cpp:142]   --->   Operation 204 'xor' 'xor_ln60_6' <Predicate = true> <Delay = 0.00> <CoreInst = "LogicGate">   --->   Core 74 'LogicGate' <Latency = 0> <II = 1> <Delay = 0.99> <FuncUnit> <Opcode : 'and' 'or' 'xor'> <InPorts = 2> <OutPorts = 1>
ST_2 : Operation 205 [1/1] (0.99ns) (out node of the LUT)   --->   "%xnor_3 = xor i16 %w3_load_3, i16 %xor_ln60_6" [bnn.cpp:60->bnn.cpp:142]   --->   Operation 205 'xor' 'xnor_3' <Predicate = true> <Delay = 0.99> <CoreInst = "LogicGate">   --->   Core 74 'LogicGate' <Latency = 0> <II = 1> <Delay = 0.99> <FuncUnit> <Opcode : 'and' 'or' 'xor'> <InPorts = 2> <OutPorts = 1>
ST_2 : Operation 206 [1/1] (0.00ns)   --->   "%cnt_6 = trunc i16 %xnor_3" [bnn.cpp:11->bnn.cpp:61->bnn.cpp:142]   --->   Operation 206 'trunc' 'cnt_6' <Predicate = true> <Delay = 0.00>
ST_2 : Operation 207 [1/1] (0.00ns)   --->   "%zext_ln8_3 = zext i1 %cnt_6" [bnn.cpp:8->bnn.cpp:61->bnn.cpp:142]   --->   Operation 207 'zext' 'zext_ln8_3' <Predicate = true> <Delay = 0.00>
ST_2 : Operation 208 [1/1] (0.00ns)   --->   "%tmp_45 = bitselect i1 @_ssdm_op_BitSelect.i1.i16.i32, i16 %xnor_3, i32 1" [bnn.cpp:11->bnn.cpp:61->bnn.cpp:142]   --->   Operation 208 'bitselect' 'tmp_45' <Predicate = true> <Delay = 0.00>
ST_2 : Operation 209 [1/1] (0.00ns)   --->   "%zext_ln11_87 = zext i1 %tmp_45" [bnn.cpp:11->bnn.cpp:61->bnn.cpp:142]   --->   Operation 209 'zext' 'zext_ln11_87' <Predicate = true> <Delay = 0.00>
ST_2 : Operation 210 [1/1] (0.00ns)   --->   "%tmp_46 = bitselect i1 @_ssdm_op_BitSelect.i1.i16.i32, i16 %xnor_3, i32 2" [bnn.cpp:11->bnn.cpp:61->bnn.cpp:142]   --->   Operation 210 'bitselect' 'tmp_46' <Predicate = true> <Delay = 0.00>
ST_2 : Operation 211 [1/1] (0.00ns)   --->   "%zext_ln11_88 = zext i1 %tmp_46" [bnn.cpp:11->bnn.cpp:61->bnn.cpp:142]   --->   Operation 211 'zext' 'zext_ln11_88' <Predicate = true> <Delay = 0.00>
ST_2 : Operation 212 [1/1] (0.00ns)   --->   "%tmp_47 = bitselect i1 @_ssdm_op_BitSelect.i1.i16.i32, i16 %xnor_3, i32 3" [bnn.cpp:11->bnn.cpp:61->bnn.cpp:142]   --->   Operation 212 'bitselect' 'tmp_47' <Predicate = true> <Delay = 0.00>
ST_2 : Operation 213 [1/1] (0.00ns)   --->   "%zext_ln11_89 = zext i1 %tmp_47" [bnn.cpp:11->bnn.cpp:61->bnn.cpp:142]   --->   Operation 213 'zext' 'zext_ln11_89' <Predicate = true> <Delay = 0.00>
ST_2 : Operation 214 [1/1] (0.00ns)   --->   "%tmp_48 = bitselect i1 @_ssdm_op_BitSelect.i1.i16.i32, i16 %xnor_3, i32 4" [bnn.cpp:11->bnn.cpp:61->bnn.cpp:142]   --->   Operation 214 'bitselect' 'tmp_48' <Predicate = true> <Delay = 0.00>
ST_2 : Operation 215 [1/1] (0.00ns)   --->   "%zext_ln11_90 = zext i1 %tmp_48" [bnn.cpp:11->bnn.cpp:61->bnn.cpp:142]   --->   Operation 215 'zext' 'zext_ln11_90' <Predicate = true> <Delay = 0.00>
ST_2 : Operation 216 [1/1] (0.00ns)   --->   "%tmp_49 = bitselect i1 @_ssdm_op_BitSelect.i1.i16.i32, i16 %xnor_3, i32 5" [bnn.cpp:11->bnn.cpp:61->bnn.cpp:142]   --->   Operation 216 'bitselect' 'tmp_49' <Predicate = true> <Delay = 0.00>
ST_2 : Operation 217 [1/1] (0.00ns)   --->   "%zext_ln11_91 = zext i1 %tmp_49" [bnn.cpp:11->bnn.cpp:61->bnn.cpp:142]   --->   Operation 217 'zext' 'zext_ln11_91' <Predicate = true> <Delay = 0.00>
ST_2 : Operation 218 [1/1] (0.00ns)   --->   "%tmp_50 = bitselect i1 @_ssdm_op_BitSelect.i1.i16.i32, i16 %xnor_3, i32 6" [bnn.cpp:11->bnn.cpp:61->bnn.cpp:142]   --->   Operation 218 'bitselect' 'tmp_50' <Predicate = true> <Delay = 0.00>
ST_2 : Operation 219 [1/1] (0.00ns)   --->   "%zext_ln11_92 = zext i1 %tmp_50" [bnn.cpp:11->bnn.cpp:61->bnn.cpp:142]   --->   Operation 219 'zext' 'zext_ln11_92' <Predicate = true> <Delay = 0.00>
ST_2 : Operation 220 [1/1] (0.00ns)   --->   "%tmp_51 = bitselect i1 @_ssdm_op_BitSelect.i1.i16.i32, i16 %xnor_3, i32 7" [bnn.cpp:11->bnn.cpp:61->bnn.cpp:142]   --->   Operation 220 'bitselect' 'tmp_51' <Predicate = true> <Delay = 0.00>
ST_2 : Operation 221 [1/1] (0.00ns)   --->   "%zext_ln11_93 = zext i1 %tmp_51" [bnn.cpp:11->bnn.cpp:61->bnn.cpp:142]   --->   Operation 221 'zext' 'zext_ln11_93' <Predicate = true> <Delay = 0.00>
ST_2 : Operation 222 [1/1] (0.00ns)   --->   "%tmp_52 = bitselect i1 @_ssdm_op_BitSelect.i1.i16.i32, i16 %xnor_3, i32 8" [bnn.cpp:11->bnn.cpp:61->bnn.cpp:142]   --->   Operation 222 'bitselect' 'tmp_52' <Predicate = true> <Delay = 0.00>
ST_2 : Operation 223 [1/1] (0.00ns)   --->   "%zext_ln11_94 = zext i1 %tmp_52" [bnn.cpp:11->bnn.cpp:61->bnn.cpp:142]   --->   Operation 223 'zext' 'zext_ln11_94' <Predicate = true> <Delay = 0.00>
ST_2 : Operation 224 [1/1] (0.00ns)   --->   "%tmp_53 = bitselect i1 @_ssdm_op_BitSelect.i1.i16.i32, i16 %xnor_3, i32 9" [bnn.cpp:11->bnn.cpp:61->bnn.cpp:142]   --->   Operation 224 'bitselect' 'tmp_53' <Predicate = true> <Delay = 0.00>
ST_2 : Operation 225 [1/1] (0.00ns)   --->   "%zext_ln11_95 = zext i1 %tmp_53" [bnn.cpp:11->bnn.cpp:61->bnn.cpp:142]   --->   Operation 225 'zext' 'zext_ln11_95' <Predicate = true> <Delay = 0.00>
ST_2 : Operation 226 [1/1] (0.00ns)   --->   "%tmp_54 = bitselect i1 @_ssdm_op_BitSelect.i1.i16.i32, i16 %xnor_3, i32 10" [bnn.cpp:11->bnn.cpp:61->bnn.cpp:142]   --->   Operation 226 'bitselect' 'tmp_54' <Predicate = true> <Delay = 0.00>
ST_2 : Operation 227 [1/1] (0.00ns)   --->   "%zext_ln11_96 = zext i1 %tmp_54" [bnn.cpp:11->bnn.cpp:61->bnn.cpp:142]   --->   Operation 227 'zext' 'zext_ln11_96' <Predicate = true> <Delay = 0.00>
ST_2 : Operation 228 [1/1] (0.00ns)   --->   "%tmp_55 = bitselect i1 @_ssdm_op_BitSelect.i1.i16.i32, i16 %xnor_3, i32 11" [bnn.cpp:11->bnn.cpp:61->bnn.cpp:142]   --->   Operation 228 'bitselect' 'tmp_55' <Predicate = true> <Delay = 0.00>
ST_2 : Operation 229 [1/1] (0.00ns)   --->   "%zext_ln11_97 = zext i1 %tmp_55" [bnn.cpp:11->bnn.cpp:61->bnn.cpp:142]   --->   Operation 229 'zext' 'zext_ln11_97' <Predicate = true> <Delay = 0.00>
ST_2 : Operation 230 [1/1] (0.00ns)   --->   "%tmp_56 = bitselect i1 @_ssdm_op_BitSelect.i1.i16.i32, i16 %xnor_3, i32 12" [bnn.cpp:11->bnn.cpp:61->bnn.cpp:142]   --->   Operation 230 'bitselect' 'tmp_56' <Predicate = true> <Delay = 0.00>
ST_2 : Operation 231 [1/1] (0.00ns)   --->   "%zext_ln11_98 = zext i1 %tmp_56" [bnn.cpp:11->bnn.cpp:61->bnn.cpp:142]   --->   Operation 231 'zext' 'zext_ln11_98' <Predicate = true> <Delay = 0.00>
ST_2 : Operation 232 [1/1] (0.00ns)   --->   "%tmp_57 = bitselect i1 @_ssdm_op_BitSelect.i1.i16.i32, i16 %xnor_3, i32 13" [bnn.cpp:11->bnn.cpp:61->bnn.cpp:142]   --->   Operation 232 'bitselect' 'tmp_57' <Predicate = true> <Delay = 0.00>
ST_2 : Operation 233 [1/1] (0.00ns)   --->   "%zext_ln11_99 = zext i1 %tmp_57" [bnn.cpp:11->bnn.cpp:61->bnn.cpp:142]   --->   Operation 233 'zext' 'zext_ln11_99' <Predicate = true> <Delay = 0.00>
ST_2 : Operation 234 [1/1] (0.00ns)   --->   "%tmp_58 = bitselect i1 @_ssdm_op_BitSelect.i1.i16.i32, i16 %xnor_3, i32 14" [bnn.cpp:11->bnn.cpp:61->bnn.cpp:142]   --->   Operation 234 'bitselect' 'tmp_58' <Predicate = true> <Delay = 0.00>
ST_2 : Operation 235 [1/1] (0.00ns)   --->   "%zext_ln11_100 = zext i1 %tmp_58" [bnn.cpp:11->bnn.cpp:61->bnn.cpp:142]   --->   Operation 235 'zext' 'zext_ln11_100' <Predicate = true> <Delay = 0.00>
ST_2 : Operation 236 [1/1] (0.00ns)   --->   "%tmp_59 = bitselect i1 @_ssdm_op_BitSelect.i1.i16.i32, i16 %xnor_3, i32 15" [bnn.cpp:11->bnn.cpp:61->bnn.cpp:142]   --->   Operation 236 'bitselect' 'tmp_59' <Predicate = true> <Delay = 0.00>
ST_2 : Operation 237 [1/1] (0.00ns)   --->   "%zext_ln11_101 = zext i1 %tmp_59" [bnn.cpp:11->bnn.cpp:61->bnn.cpp:142]   --->   Operation 237 'zext' 'zext_ln11_101' <Predicate = true> <Delay = 0.00>
ST_2 : Operation 238 [1/1] (1.56ns)   --->   "%add_ln11_45 = add i2 %zext_ln11_87, i2 %zext_ln8_3" [bnn.cpp:11->bnn.cpp:61->bnn.cpp:142]   --->   Operation 238 'add' 'add_ln11_45' <Predicate = true> <Delay = 1.56> <CoreInst = "Adder">   --->   Core 1 'Adder' <Latency = 0> <II = 1> <Delay = 1.56> <FuncUnit> <Opcode : 'add' 'sub'> <InPorts = 2> <OutPorts = 1>
ST_2 : Operation 239 [1/1] (0.00ns)   --->   "%zext_ln11_102 = zext i2 %add_ln11_45" [bnn.cpp:11->bnn.cpp:61->bnn.cpp:142]   --->   Operation 239 'zext' 'zext_ln11_102' <Predicate = true> <Delay = 0.00>
ST_2 : Operation 240 [1/1] (1.56ns)   --->   "%add_ln11_46 = add i2 %zext_ln11_88, i2 %zext_ln11_89" [bnn.cpp:11->bnn.cpp:61->bnn.cpp:142]   --->   Operation 240 'add' 'add_ln11_46' <Predicate = true> <Delay = 1.56> <CoreInst = "Adder">   --->   Core 1 'Adder' <Latency = 0> <II = 1> <Delay = 1.56> <FuncUnit> <Opcode : 'add' 'sub'> <InPorts = 2> <OutPorts = 1>
ST_2 : Operation 241 [1/1] (0.00ns)   --->   "%zext_ln11_103 = zext i2 %add_ln11_46" [bnn.cpp:11->bnn.cpp:61->bnn.cpp:142]   --->   Operation 241 'zext' 'zext_ln11_103' <Predicate = true> <Delay = 0.00>
ST_2 : Operation 242 [1/1] (1.56ns)   --->   "%add_ln11_47 = add i3 %zext_ln11_103, i3 %zext_ln11_102" [bnn.cpp:11->bnn.cpp:61->bnn.cpp:142]   --->   Operation 242 'add' 'add_ln11_47' <Predicate = true> <Delay = 1.56> <CoreInst = "Adder">   --->   Core 1 'Adder' <Latency = 0> <II = 1> <Delay = 1.65> <FuncUnit> <Opcode : 'add' 'sub'> <InPorts = 2> <OutPorts = 1>
ST_2 : Operation 243 [1/1] (1.56ns)   --->   "%add_ln11_48 = add i2 %zext_ln11_90, i2 %zext_ln11_91" [bnn.cpp:11->bnn.cpp:61->bnn.cpp:142]   --->   Operation 243 'add' 'add_ln11_48' <Predicate = true> <Delay = 1.56> <CoreInst = "Adder">   --->   Core 1 'Adder' <Latency = 0> <II = 1> <Delay = 1.56> <FuncUnit> <Opcode : 'add' 'sub'> <InPorts = 2> <OutPorts = 1>
ST_2 : Operation 244 [1/1] (0.00ns)   --->   "%zext_ln11_105 = zext i2 %add_ln11_48" [bnn.cpp:11->bnn.cpp:61->bnn.cpp:142]   --->   Operation 244 'zext' 'zext_ln11_105' <Predicate = true> <Delay = 0.00>
ST_2 : Operation 245 [1/1] (1.56ns)   --->   "%add_ln11_49 = add i2 %zext_ln11_92, i2 %zext_ln11_93" [bnn.cpp:11->bnn.cpp:61->bnn.cpp:142]   --->   Operation 245 'add' 'add_ln11_49' <Predicate = true> <Delay = 1.56> <CoreInst = "Adder">   --->   Core 1 'Adder' <Latency = 0> <II = 1> <Delay = 1.56> <FuncUnit> <Opcode : 'add' 'sub'> <InPorts = 2> <OutPorts = 1>
ST_2 : Operation 246 [1/1] (0.00ns)   --->   "%zext_ln11_106 = zext i2 %add_ln11_49" [bnn.cpp:11->bnn.cpp:61->bnn.cpp:142]   --->   Operation 246 'zext' 'zext_ln11_106' <Predicate = true> <Delay = 0.00>
ST_2 : Operation 247 [1/1] (1.56ns)   --->   "%add_ln11_50 = add i3 %zext_ln11_106, i3 %zext_ln11_105" [bnn.cpp:11->bnn.cpp:61->bnn.cpp:142]   --->   Operation 247 'add' 'add_ln11_50' <Predicate = true> <Delay = 1.56> <CoreInst = "Adder">   --->   Core 1 'Adder' <Latency = 0> <II = 1> <Delay = 1.65> <FuncUnit> <Opcode : 'add' 'sub'> <InPorts = 2> <OutPorts = 1>
ST_2 : Operation 248 [1/1] (1.56ns)   --->   "%add_ln11_52 = add i2 %zext_ln11_94, i2 %zext_ln11_95" [bnn.cpp:11->bnn.cpp:61->bnn.cpp:142]   --->   Operation 248 'add' 'add_ln11_52' <Predicate = true> <Delay = 1.56> <CoreInst = "Adder">   --->   Core 1 'Adder' <Latency = 0> <II = 1> <Delay = 1.56> <FuncUnit> <Opcode : 'add' 'sub'> <InPorts = 2> <OutPorts = 1>
ST_2 : Operation 249 [1/1] (0.00ns)   --->   "%zext_ln11_109 = zext i2 %add_ln11_52" [bnn.cpp:11->bnn.cpp:61->bnn.cpp:142]   --->   Operation 249 'zext' 'zext_ln11_109' <Predicate = true> <Delay = 0.00>
ST_2 : Operation 250 [1/1] (1.56ns)   --->   "%add_ln11_53 = add i2 %zext_ln11_96, i2 %zext_ln11_97" [bnn.cpp:11->bnn.cpp:61->bnn.cpp:142]   --->   Operation 250 'add' 'add_ln11_53' <Predicate = true> <Delay = 1.56> <CoreInst = "Adder">   --->   Core 1 'Adder' <Latency = 0> <II = 1> <Delay = 1.56> <FuncUnit> <Opcode : 'add' 'sub'> <InPorts = 2> <OutPorts = 1>
ST_2 : Operation 251 [1/1] (0.00ns)   --->   "%zext_ln11_110 = zext i2 %add_ln11_53" [bnn.cpp:11->bnn.cpp:61->bnn.cpp:142]   --->   Operation 251 'zext' 'zext_ln11_110' <Predicate = true> <Delay = 0.00>
ST_2 : Operation 252 [1/1] (1.56ns)   --->   "%add_ln11_54 = add i3 %zext_ln11_110, i3 %zext_ln11_109" [bnn.cpp:11->bnn.cpp:61->bnn.cpp:142]   --->   Operation 252 'add' 'add_ln11_54' <Predicate = true> <Delay = 1.56> <CoreInst = "Adder">   --->   Core 1 'Adder' <Latency = 0> <II = 1> <Delay = 1.65> <FuncUnit> <Opcode : 'add' 'sub'> <InPorts = 2> <OutPorts = 1>
ST_2 : Operation 253 [1/1] (1.56ns)   --->   "%add_ln11_55 = add i2 %zext_ln11_98, i2 %zext_ln11_99" [bnn.cpp:11->bnn.cpp:61->bnn.cpp:142]   --->   Operation 253 'add' 'add_ln11_55' <Predicate = true> <Delay = 1.56> <CoreInst = "Adder">   --->   Core 1 'Adder' <Latency = 0> <II = 1> <Delay = 1.56> <FuncUnit> <Opcode : 'add' 'sub'> <InPorts = 2> <OutPorts = 1>
ST_2 : Operation 254 [1/1] (0.00ns)   --->   "%zext_ln11_112 = zext i2 %add_ln11_55" [bnn.cpp:11->bnn.cpp:61->bnn.cpp:142]   --->   Operation 254 'zext' 'zext_ln11_112' <Predicate = true> <Delay = 0.00>
ST_2 : Operation 255 [1/1] (1.56ns)   --->   "%add_ln11_56 = add i2 %zext_ln11_100, i2 %zext_ln11_101" [bnn.cpp:11->bnn.cpp:61->bnn.cpp:142]   --->   Operation 255 'add' 'add_ln11_56' <Predicate = true> <Delay = 1.56> <CoreInst = "Adder">   --->   Core 1 'Adder' <Latency = 0> <II = 1> <Delay = 1.56> <FuncUnit> <Opcode : 'add' 'sub'> <InPorts = 2> <OutPorts = 1>
ST_2 : Operation 256 [1/1] (0.00ns)   --->   "%zext_ln11_113 = zext i2 %add_ln11_56" [bnn.cpp:11->bnn.cpp:61->bnn.cpp:142]   --->   Operation 256 'zext' 'zext_ln11_113' <Predicate = true> <Delay = 0.00>
ST_2 : Operation 257 [1/1] (1.56ns)   --->   "%add_ln11_57 = add i3 %zext_ln11_113, i3 %zext_ln11_112" [bnn.cpp:11->bnn.cpp:61->bnn.cpp:142]   --->   Operation 257 'add' 'add_ln11_57' <Predicate = true> <Delay = 1.56> <CoreInst = "Adder">   --->   Core 1 'Adder' <Latency = 0> <II = 1> <Delay = 1.65> <FuncUnit> <Opcode : 'add' 'sub'> <InPorts = 2> <OutPorts = 1>

State 3 <SV = 2> <Delay = 6.99>
ST_3 : Operation 258 [1/1] (0.00ns)   --->   "%zext_ln11_17 = zext i3 %add_ln11_2" [bnn.cpp:11->bnn.cpp:61->bnn.cpp:142]   --->   Operation 258 'zext' 'zext_ln11_17' <Predicate = true> <Delay = 0.00>
ST_3 : Operation 259 [1/1] (0.00ns)   --->   "%zext_ln11_20 = zext i3 %add_ln11_5" [bnn.cpp:11->bnn.cpp:61->bnn.cpp:142]   --->   Operation 259 'zext' 'zext_ln11_20' <Predicate = true> <Delay = 0.00>
ST_3 : Operation 260 [1/1] (1.65ns)   --->   "%add_ln11_6 = add i4 %zext_ln11_20, i4 %zext_ln11_17" [bnn.cpp:11->bnn.cpp:61->bnn.cpp:142]   --->   Operation 260 'add' 'add_ln11_6' <Predicate = true> <Delay = 1.65> <CoreInst = "Adder">   --->   Core 1 'Adder' <Latency = 0> <II = 1> <Delay = 1.73> <FuncUnit> <Opcode : 'add' 'sub'> <InPorts = 2> <OutPorts = 1>
ST_3 : Operation 261 [1/1] (0.00ns)   --->   "%zext_ln11_21 = zext i4 %add_ln11_6" [bnn.cpp:11->bnn.cpp:61->bnn.cpp:142]   --->   Operation 261 'zext' 'zext_ln11_21' <Predicate = true> <Delay = 0.00>
ST_3 : Operation 262 [1/1] (0.00ns)   --->   "%zext_ln11_24 = zext i3 %add_ln11_9" [bnn.cpp:11->bnn.cpp:61->bnn.cpp:142]   --->   Operation 262 'zext' 'zext_ln11_24' <Predicate = true> <Delay = 0.00>
ST_3 : Operation 263 [1/1] (0.00ns)   --->   "%zext_ln11_27 = zext i3 %add_ln11_12" [bnn.cpp:11->bnn.cpp:61->bnn.cpp:142]   --->   Operation 263 'zext' 'zext_ln11_27' <Predicate = true> <Delay = 0.00>
ST_3 : Operation 264 [1/1] (1.65ns)   --->   "%add_ln11_13 = add i4 %zext_ln11_27, i4 %zext_ln11_24" [bnn.cpp:11->bnn.cpp:61->bnn.cpp:142]   --->   Operation 264 'add' 'add_ln11_13' <Predicate = true> <Delay = 1.65> <CoreInst = "Adder">   --->   Core 1 'Adder' <Latency = 0> <II = 1> <Delay = 1.73> <FuncUnit> <Opcode : 'add' 'sub'> <InPorts = 2> <OutPorts = 1>
ST_3 : Operation 265 [1/1] (0.00ns)   --->   "%zext_ln11_28 = zext i4 %add_ln11_13" [bnn.cpp:11->bnn.cpp:61->bnn.cpp:142]   --->   Operation 265 'zext' 'zext_ln11_28' <Predicate = true> <Delay = 0.00>
ST_3 : Operation 266 [1/1] (1.73ns)   --->   "%cnt_1 = add i5 %zext_ln11_28, i5 %zext_ln11_21" [bnn.cpp:11->bnn.cpp:61->bnn.cpp:142]   --->   Operation 266 'add' 'cnt_1' <Predicate = true> <Delay = 1.73> <CoreInst = "Adder">   --->   Core 1 'Adder' <Latency = 0> <II = 1> <Delay = 1.78> <FuncUnit> <Opcode : 'add' 'sub'> <InPorts = 2> <OutPorts = 1>
ST_3 : Operation 267 [1/1] (0.00ns)   --->   "%zext_ln11_46 = zext i3 %add_ln11_17" [bnn.cpp:11->bnn.cpp:61->bnn.cpp:142]   --->   Operation 267 'zext' 'zext_ln11_46' <Predicate = true> <Delay = 0.00>
ST_3 : Operation 268 [1/1] (0.00ns)   --->   "%zext_ln11_49 = zext i3 %add_ln11_20" [bnn.cpp:11->bnn.cpp:61->bnn.cpp:142]   --->   Operation 268 'zext' 'zext_ln11_49' <Predicate = true> <Delay = 0.00>
ST_3 : Operation 269 [1/1] (1.65ns)   --->   "%add_ln11_21 = add i4 %zext_ln11_49, i4 %zext_ln11_46" [bnn.cpp:11->bnn.cpp:61->bnn.cpp:142]   --->   Operation 269 'add' 'add_ln11_21' <Predicate = true> <Delay = 1.65> <CoreInst = "Adder">   --->   Core 1 'Adder' <Latency = 0> <II = 1> <Delay = 1.73> <FuncUnit> <Opcode : 'add' 'sub'> <InPorts = 2> <OutPorts = 1>
ST_3 : Operation 270 [1/1] (0.00ns)   --->   "%zext_ln11_50 = zext i4 %add_ln11_21" [bnn.cpp:11->bnn.cpp:61->bnn.cpp:142]   --->   Operation 270 'zext' 'zext_ln11_50' <Predicate = true> <Delay = 0.00>
ST_3 : Operation 271 [1/1] (0.00ns)   --->   "%zext_ln11_53 = zext i3 %add_ln11_24" [bnn.cpp:11->bnn.cpp:61->bnn.cpp:142]   --->   Operation 271 'zext' 'zext_ln11_53' <Predicate = true> <Delay = 0.00>
ST_3 : Operation 272 [1/1] (0.00ns)   --->   "%zext_ln11_56 = zext i3 %add_ln11_27" [bnn.cpp:11->bnn.cpp:61->bnn.cpp:142]   --->   Operation 272 'zext' 'zext_ln11_56' <Predicate = true> <Delay = 0.00>
ST_3 : Operation 273 [1/1] (1.65ns)   --->   "%add_ln11_28 = add i4 %zext_ln11_56, i4 %zext_ln11_53" [bnn.cpp:11->bnn.cpp:61->bnn.cpp:142]   --->   Operation 273 'add' 'add_ln11_28' <Predicate = true> <Delay = 1.65> <CoreInst = "Adder">   --->   Core 1 'Adder' <Latency = 0> <II = 1> <Delay = 1.73> <FuncUnit> <Opcode : 'add' 'sub'> <InPorts = 2> <OutPorts = 1>
ST_3 : Operation 274 [1/1] (0.00ns)   --->   "%zext_ln11_57 = zext i4 %add_ln11_28" [bnn.cpp:11->bnn.cpp:61->bnn.cpp:142]   --->   Operation 274 'zext' 'zext_ln11_57' <Predicate = true> <Delay = 0.00>
ST_3 : Operation 275 [1/1] (1.73ns)   --->   "%cnt_3 = add i5 %zext_ln11_57, i5 %zext_ln11_50" [bnn.cpp:11->bnn.cpp:61->bnn.cpp:142]   --->   Operation 275 'add' 'cnt_3' <Predicate = true> <Delay = 1.73> <CoreInst = "Adder">   --->   Core 1 'Adder' <Latency = 0> <II = 1> <Delay = 1.78> <FuncUnit> <Opcode : 'add' 'sub'> <InPorts = 2> <OutPorts = 1>
ST_3 : Operation 276 [1/1] (0.00ns)   --->   "%zext_ln11_75 = zext i3 %add_ln11_32" [bnn.cpp:11->bnn.cpp:61->bnn.cpp:142]   --->   Operation 276 'zext' 'zext_ln11_75' <Predicate = true> <Delay = 0.00>
ST_3 : Operation 277 [1/1] (0.00ns)   --->   "%zext_ln11_78 = zext i3 %add_ln11_35" [bnn.cpp:11->bnn.cpp:61->bnn.cpp:142]   --->   Operation 277 'zext' 'zext_ln11_78' <Predicate = true> <Delay = 0.00>
ST_3 : Operation 278 [1/1] (1.65ns)   --->   "%add_ln11_36 = add i4 %zext_ln11_78, i4 %zext_ln11_75" [bnn.cpp:11->bnn.cpp:61->bnn.cpp:142]   --->   Operation 278 'add' 'add_ln11_36' <Predicate = true> <Delay = 1.65> <CoreInst = "Adder">   --->   Core 1 'Adder' <Latency = 0> <II = 1> <Delay = 1.73> <FuncUnit> <Opcode : 'add' 'sub'> <InPorts = 2> <OutPorts = 1>
ST_3 : Operation 279 [1/1] (0.00ns)   --->   "%zext_ln11_79 = zext i4 %add_ln11_36" [bnn.cpp:11->bnn.cpp:61->bnn.cpp:142]   --->   Operation 279 'zext' 'zext_ln11_79' <Predicate = true> <Delay = 0.00>
ST_3 : Operation 280 [1/1] (0.00ns)   --->   "%zext_ln11_82 = zext i3 %add_ln11_39" [bnn.cpp:11->bnn.cpp:61->bnn.cpp:142]   --->   Operation 280 'zext' 'zext_ln11_82' <Predicate = true> <Delay = 0.00>
ST_3 : Operation 281 [1/1] (0.00ns)   --->   "%zext_ln11_85 = zext i3 %add_ln11_42" [bnn.cpp:11->bnn.cpp:61->bnn.cpp:142]   --->   Operation 281 'zext' 'zext_ln11_85' <Predicate = true> <Delay = 0.00>
ST_3 : Operation 282 [1/1] (1.65ns)   --->   "%add_ln11_43 = add i4 %zext_ln11_85, i4 %zext_ln11_82" [bnn.cpp:11->bnn.cpp:61->bnn.cpp:142]   --->   Operation 282 'add' 'add_ln11_43' <Predicate = true> <Delay = 1.65> <CoreInst = "Adder">   --->   Core 1 'Adder' <Latency = 0> <II = 1> <Delay = 1.73> <FuncUnit> <Opcode : 'add' 'sub'> <InPorts = 2> <OutPorts = 1>
ST_3 : Operation 283 [1/1] (0.00ns)   --->   "%zext_ln11_86 = zext i4 %add_ln11_43" [bnn.cpp:11->bnn.cpp:61->bnn.cpp:142]   --->   Operation 283 'zext' 'zext_ln11_86' <Predicate = true> <Delay = 0.00>
ST_3 : Operation 284 [1/1] (1.73ns)   --->   "%cnt_5 = add i5 %zext_ln11_86, i5 %zext_ln11_79" [bnn.cpp:11->bnn.cpp:61->bnn.cpp:142]   --->   Operation 284 'add' 'cnt_5' <Predicate = true> <Delay = 1.73> <CoreInst = "Adder">   --->   Core 1 'Adder' <Latency = 0> <II = 1> <Delay = 1.78> <FuncUnit> <Opcode : 'add' 'sub'> <InPorts = 2> <OutPorts = 1>
ST_3 : Operation 285 [1/1] (0.00ns)   --->   "%zext_ln11_104 = zext i3 %add_ln11_47" [bnn.cpp:11->bnn.cpp:61->bnn.cpp:142]   --->   Operation 285 'zext' 'zext_ln11_104' <Predicate = true> <Delay = 0.00>
ST_3 : Operation 286 [1/1] (0.00ns)   --->   "%zext_ln11_107 = zext i3 %add_ln11_50" [bnn.cpp:11->bnn.cpp:61->bnn.cpp:142]   --->   Operation 286 'zext' 'zext_ln11_107' <Predicate = true> <Delay = 0.00>
ST_3 : Operation 287 [1/1] (1.65ns)   --->   "%add_ln11_51 = add i4 %zext_ln11_107, i4 %zext_ln11_104" [bnn.cpp:11->bnn.cpp:61->bnn.cpp:142]   --->   Operation 287 'add' 'add_ln11_51' <Predicate = true> <Delay = 1.65> <CoreInst = "Adder">   --->   Core 1 'Adder' <Latency = 0> <II = 1> <Delay = 1.73> <FuncUnit> <Opcode : 'add' 'sub'> <InPorts = 2> <OutPorts = 1>
ST_3 : Operation 288 [1/1] (0.00ns)   --->   "%zext_ln11_108 = zext i4 %add_ln11_51" [bnn.cpp:11->bnn.cpp:61->bnn.cpp:142]   --->   Operation 288 'zext' 'zext_ln11_108' <Predicate = true> <Delay = 0.00>
ST_3 : Operation 289 [1/1] (0.00ns)   --->   "%zext_ln11_111 = zext i3 %add_ln11_54" [bnn.cpp:11->bnn.cpp:61->bnn.cpp:142]   --->   Operation 289 'zext' 'zext_ln11_111' <Predicate = true> <Delay = 0.00>
ST_3 : Operation 290 [1/1] (0.00ns)   --->   "%zext_ln11_114 = zext i3 %add_ln11_57" [bnn.cpp:11->bnn.cpp:61->bnn.cpp:142]   --->   Operation 290 'zext' 'zext_ln11_114' <Predicate = true> <Delay = 0.00>
ST_3 : Operation 291 [1/1] (1.65ns)   --->   "%add_ln11_58 = add i4 %zext_ln11_114, i4 %zext_ln11_111" [bnn.cpp:11->bnn.cpp:61->bnn.cpp:142]   --->   Operation 291 'add' 'add_ln11_58' <Predicate = true> <Delay = 1.65> <CoreInst = "Adder">   --->   Core 1 'Adder' <Latency = 0> <II = 1> <Delay = 1.73> <FuncUnit> <Opcode : 'add' 'sub'> <InPorts = 2> <OutPorts = 1>
ST_3 : Operation 292 [1/1] (0.00ns)   --->   "%zext_ln11_115 = zext i4 %add_ln11_58" [bnn.cpp:11->bnn.cpp:61->bnn.cpp:142]   --->   Operation 292 'zext' 'zext_ln11_115' <Predicate = true> <Delay = 0.00>
ST_3 : Operation 293 [1/1] (1.73ns)   --->   "%cnt_7 = add i5 %zext_ln11_115, i5 %zext_ln11_108" [bnn.cpp:11->bnn.cpp:61->bnn.cpp:142]   --->   Operation 293 'add' 'cnt_7' <Predicate = true> <Delay = 1.73> <CoreInst = "Adder">   --->   Core 1 'Adder' <Latency = 0> <II = 1> <Delay = 1.78> <FuncUnit> <Opcode : 'add' 'sub'> <InPorts = 2> <OutPorts = 1>
ST_3 : Operation 294 [1/1] (0.00ns)   --->   "%zext_ln61 = zext i5 %cnt_1" [bnn.cpp:61->bnn.cpp:142]   --->   Operation 294 'zext' 'zext_ln61' <Predicate = true> <Delay = 0.00>
ST_3 : Operation 295 [1/1] (0.00ns)   --->   "%zext_ln61_1 = zext i5 %cnt_3" [bnn.cpp:61->bnn.cpp:142]   --->   Operation 295 'zext' 'zext_ln61_1' <Predicate = true> <Delay = 0.00>
ST_3 : Operation 296 [1/1] (0.00ns)   --->   "%zext_ln61_2 = zext i5 %cnt_5" [bnn.cpp:61->bnn.cpp:142]   --->   Operation 296 'zext' 'zext_ln61_2' <Predicate = true> <Delay = 0.00>
ST_3 : Operation 297 [1/1] (0.00ns)   --->   "%zext_ln64 = zext i5 %cnt_7" [bnn.cpp:64->bnn.cpp:142]   --->   Operation 297 'zext' 'zext_ln64' <Predicate = true> <Delay = 0.00>
ST_3 : Operation 298 [1/1] (1.78ns)   --->   "%add_ln64 = add i6 %zext_ln61_1, i6 %zext_ln61" [bnn.cpp:64->bnn.cpp:142]   --->   Operation 298 'add' 'add_ln64' <Predicate = true> <Delay = 1.78> <CoreInst = "Adder">   --->   Core 1 'Adder' <Latency = 0> <II = 1> <Delay = 1.82> <FuncUnit> <Opcode : 'add' 'sub'> <InPorts = 2> <OutPorts = 1>
ST_3 : Operation 299 [1/1] (0.00ns)   --->   "%zext_ln64_1 = zext i6 %add_ln64" [bnn.cpp:64->bnn.cpp:142]   --->   Operation 299 'zext' 'zext_ln64_1' <Predicate = true> <Delay = 0.00>
ST_3 : Operation 300 [1/1] (1.78ns)   --->   "%add_ln64_1 = add i6 %zext_ln61_2, i6 %zext_ln64" [bnn.cpp:64->bnn.cpp:142]   --->   Operation 300 'add' 'add_ln64_1' <Predicate = true> <Delay = 1.78> <CoreInst = "Adder">   --->   Core 1 'Adder' <Latency = 0> <II = 1> <Delay = 1.82> <FuncUnit> <Opcode : 'add' 'sub'> <InPorts = 2> <OutPorts = 1>
ST_3 : Operation 301 [1/1] (0.00ns)   --->   "%zext_ln64_2 = zext i6 %add_ln64_1" [bnn.cpp:64->bnn.cpp:142]   --->   Operation 301 'zext' 'zext_ln64_2' <Predicate = true> <Delay = 0.00>
ST_3 : Operation 302 [1/1] (1.82ns)   --->   "%add_ln64_2 = add i7 %zext_ln64_2, i7 %zext_ln64_1" [bnn.cpp:64->bnn.cpp:142]   --->   Operation 302 'add' 'add_ln64_2' <Predicate = true> <Delay = 1.82> <CoreInst = "Adder">   --->   Core 1 'Adder' <Latency = 0> <II = 1> <Delay = 1.87> <FuncUnit> <Opcode : 'add' 'sub'> <InPorts = 2> <OutPorts = 1>

State 4 <SV = 3> <Delay = 4.23>
ST_4 : Operation 303 [1/1] (0.00ns)   --->   "%zext_ln139 = zext i4 %n_1" [bnn.cpp:139]   --->   Operation 303 'zext' 'zext_ln139' <Predicate = true> <Delay = 0.00>
ST_4 : Operation 304 [1/1] (0.00ns)   --->   "%shl_ln64_2 = bitconcatenate i8 @_ssdm_op_BitConcatenate.i8.i7.i1, i7 %add_ln64_2, i1 0" [bnn.cpp:64->bnn.cpp:142]   --->   Operation 304 'bitconcatenate' 'shl_ln64_2' <Predicate = true> <Delay = 0.00>
ST_4 : Operation 305 [1/1] (1.91ns)   --->   "%dot = add i8 %shl_ln64_2, i8 192" [bnn.cpp:64->bnn.cpp:142]   --->   Operation 305 'add' 'dot' <Predicate = true> <Delay = 1.91> <CoreInst = "Adder">   --->   Core 1 'Adder' <Latency = 0> <II = 1> <Delay = 1.91> <FuncUnit> <Opcode : 'add' 'sub'> <InPorts = 2> <OutPorts = 1>
ST_4 : Operation 306 [1/1] (0.00ns)   --->   "%sext_ln142 = sext i8 %dot" [bnn.cpp:142]   --->   Operation 306 'sext' 'sext_ln142' <Predicate = true> <Delay = 0.00>
ST_4 : Operation 307 [1/1] (0.00ns)   --->   "%ys_addr = getelementptr i32 %ys, i64 0, i64 %zext_ln139" [bnn.cpp:143]   --->   Operation 307 'getelementptr' 'ys_addr' <Predicate = true> <Delay = 0.00>
ST_4 : Operation 308 [2/2] (2.32ns)   --->   "%store_ln143 = store i32 %sext_ln142, i4 %ys_addr" [bnn.cpp:143]   --->   Operation 308 'store' 'store_ln143' <Predicate = true> <Delay = 2.32> <CoreInst = "RAM_1P">   --->   Core 85 'RAM_1P' <Latency = 1> <II = 1> <Delay = 2.32> <Storage> <Opcode : 'load' 'store'> <Ports = 1> <Width = 32> <Depth = 10> <RAM>
ST_4 : Operation 314 [1/1] (1.58ns)   --->   "%ret_ln0 = ret"   --->   Operation 314 'ret' 'ret_ln0' <Predicate = (icmp_ln139)> <Delay = 1.58>

State 5 <SV = 4> <Delay = 2.32>
ST_5 : Operation 309 [1/1] (0.00ns)   --->   "%specpipeline_ln140 = specpipeline void @_ssdm_op_SpecPipeline, i32 1, i32 0, i32 0, i32 0, void @empty_8" [bnn.cpp:140]   --->   Operation 309 'specpipeline' 'specpipeline_ln140' <Predicate = true> <Delay = 0.00>
ST_5 : Operation 310 [1/1] (0.00ns)   --->   "%speclooptripcount_ln139 = speclooptripcount void @_ssdm_op_SpecLoopTripCount, i64 10, i64 10, i64 10" [bnn.cpp:139]   --->   Operation 310 'speclooptripcount' 'speclooptripcount_ln139' <Predicate = true> <Delay = 0.00>
ST_5 : Operation 311 [1/1] (0.00ns)   --->   "%specloopname_ln139 = specloopname void @_ssdm_op_SpecLoopName, void @empty_1" [bnn.cpp:139]   --->   Operation 311 'specloopname' 'specloopname_ln139' <Predicate = true> <Delay = 0.00>
ST_5 : Operation 312 [1/2] ( I:2.32ns O:2.32ns )   --->   "%store_ln143 = store i32 %sext_ln142, i4 %ys_addr" [bnn.cpp:143]   --->   Operation 312 'store' 'store_ln143' <Predicate = true> <Delay = 2.32> <CoreInst = "RAM_1P">   --->   Core 85 'RAM_1P' <Latency = 1> <II = 1> <Delay = 2.32> <Storage> <Opcode : 'load' 'store'> <Ports = 1> <Width = 32> <Depth = 10> <RAM>
ST_5 : Operation 313 [1/1] (0.00ns)   --->   "%br_ln139 = br void %for.body33" [bnn.cpp:139]   --->   Operation 313 'br' 'br_ln139' <Predicate = true> <Delay = 0.00>


============================================================
+ Verbose Summary: Binding
============================================================
STG Binding: 
---------------- STG Properties BEGIN ----------------
- Is combinational: 0
- Is one-state seq: 0
- Is datapath-only: 0
- Is pipelined: 0
- Is top level: 0
Port [ Return ] is wired: 1; IO mode=ap_ctrl_hs:ce=0
Port [ p_0_0271104_reload]:  wired=1; compound=0; hidden=0; nouse=0; global=0; static=0; extern=0; dir=0; type=0; pingpong=0; private_global=0; IO mode=ap_none:ce=0
Port [ p_0_0271_1106_reload]:  wired=1; compound=0; hidden=0; nouse=0; global=0; static=0; extern=0; dir=0; type=0; pingpong=0; private_global=0; IO mode=ap_none:ce=0
Port [ p_0_0271_2108_reload]:  wired=1; compound=0; hidden=0; nouse=0; global=0; static=0; extern=0; dir=0; type=0; pingpong=0; private_global=0; IO mode=ap_none:ce=0
Port [ p_0_0271_3110_reload]:  wired=1; compound=0; hidden=0; nouse=0; global=0; static=0; extern=0; dir=0; type=0; pingpong=0; private_global=0; IO mode=ap_none:ce=0
Port [ ys]:  wired=1; compound=1; hidden=0; nouse=0; global=0; static=0; extern=0; dir=1; type=1; pingpong=0; private_global=0; MemPort=[0]; IO mode=ap_memory:ce=0
Port [ w3]:  wired=0; compound=1; hidden=1; nouse=0; global=1; static=1; extern=0; dir=0; type=1; pingpong=0; private_global=1; MemPort=[1111]; IO mode=ap_memory:ce=0
---------------- STG Properties END ------------------

---------------- Datapath Model BEGIN ----------------

<LifeTime>
<method=bitvector/>
n                         (alloca           ) [ 010000]
specmemcore_ln0           (specmemcore      ) [ 000000]
specinterface_ln0         (specinterface    ) [ 000000]
p_0_0271_3110_reload_read (read             ) [ 011000]
p_0_0271_2108_reload_read (read             ) [ 011000]
p_0_0271_1106_reload_read (read             ) [ 011000]
p_0_0271104_reload_read   (read             ) [ 011000]
store_ln139               (store            ) [ 000000]
br_ln0                    (br               ) [ 000000]
n_1                       (load             ) [ 011110]
icmp_ln139                (icmp             ) [ 011110]
add_ln139                 (add              ) [ 000000]
br_ln139                  (br               ) [ 000000]
shl_ln2                   (bitconcatenate   ) [ 000000]
zext_ln60                 (zext             ) [ 000000]
w3_addr                   (getelementptr    ) [ 011000]
or_ln60_7                 (bitconcatenate   ) [ 000000]
zext_ln60_1               (zext             ) [ 000000]
w3_addr_1                 (getelementptr    ) [ 011000]
or_ln60_8                 (bitconcatenate   ) [ 000000]
zext_ln60_2               (zext             ) [ 000000]
w3_addr_2                 (getelementptr    ) [ 011000]
or_ln60_9                 (bitconcatenate   ) [ 000000]
zext_ln60_3               (zext             ) [ 000000]
w3_addr_3                 (getelementptr    ) [ 011000]
store_ln139               (store            ) [ 000000]
w3_load                   (load             ) [ 000000]
xor_ln60                  (xor              ) [ 000000]
xnor                      (xor              ) [ 000000]
cnt                       (trunc            ) [ 000000]
zext_ln8                  (zext             ) [ 000000]
tmp                       (bitselect        ) [ 000000]
zext_ln11                 (zext             ) [ 000000]
tmp_1                     (bitselect        ) [ 000000]
zext_ln11_1               (zext             ) [ 000000]
tmp_2                     (bitselect        ) [ 000000]
zext_ln11_2               (zext             ) [ 000000]
tmp_3                     (bitselect        ) [ 000000]
zext_ln11_3               (zext             ) [ 000000]
tmp_4                     (bitselect        ) [ 000000]
zext_ln11_4               (zext             ) [ 000000]
tmp_5                     (bitselect        ) [ 000000]
zext_ln11_5               (zext             ) [ 000000]
tmp_6                     (bitselect        ) [ 000000]
zext_ln11_6               (zext             ) [ 000000]
tmp_7                     (bitselect        ) [ 000000]
zext_ln11_7               (zext             ) [ 000000]
tmp_8                     (bitselect        ) [ 000000]
zext_ln11_8               (zext             ) [ 000000]
tmp_9                     (bitselect        ) [ 000000]
zext_ln11_9               (zext             ) [ 000000]
tmp_10                    (bitselect        ) [ 000000]
zext_ln11_10              (zext             ) [ 000000]
tmp_11                    (bitselect        ) [ 000000]
zext_ln11_11              (zext             ) [ 000000]
tmp_12                    (bitselect        ) [ 000000]
zext_ln11_12              (zext             ) [ 000000]
tmp_13                    (bitselect        ) [ 000000]
zext_ln11_13              (zext             ) [ 000000]
tmp_14                    (bitselect        ) [ 000000]
zext_ln11_14              (zext             ) [ 000000]
add_ln11                  (add              ) [ 000000]
zext_ln11_15              (zext             ) [ 000000]
add_ln11_1                (add              ) [ 000000]
zext_ln11_16              (zext             ) [ 000000]
add_ln11_2                (add              ) [ 010100]
add_ln11_3                (add              ) [ 000000]
zext_ln11_18              (zext             ) [ 000000]
add_ln11_4                (add              ) [ 000000]
zext_ln11_19              (zext             ) [ 000000]
add_ln11_5                (add              ) [ 010100]
add_ln11_7                (add              ) [ 000000]
zext_ln11_22              (zext             ) [ 000000]
add_ln11_8                (add              ) [ 000000]
zext_ln11_23              (zext             ) [ 000000]
add_ln11_9                (add              ) [ 010100]
add_ln11_10               (add              ) [ 000000]
zext_ln11_25              (zext             ) [ 000000]
add_ln11_11               (add              ) [ 000000]
zext_ln11_26              (zext             ) [ 000000]
add_ln11_12               (add              ) [ 010100]
w3_load_1                 (load             ) [ 000000]
xor_ln60_2                (xor              ) [ 000000]
xnor_1                    (xor              ) [ 000000]
cnt_2                     (trunc            ) [ 000000]
zext_ln8_1                (zext             ) [ 000000]
tmp_15                    (bitselect        ) [ 000000]
zext_ln11_29              (zext             ) [ 000000]
tmp_16                    (bitselect        ) [ 000000]
zext_ln11_30              (zext             ) [ 000000]
tmp_17                    (bitselect        ) [ 000000]
zext_ln11_31              (zext             ) [ 000000]
tmp_18                    (bitselect        ) [ 000000]
zext_ln11_32              (zext             ) [ 000000]
tmp_19                    (bitselect        ) [ 000000]
zext_ln11_33              (zext             ) [ 000000]
tmp_20                    (bitselect        ) [ 000000]
zext_ln11_34              (zext             ) [ 000000]
tmp_21                    (bitselect        ) [ 000000]
zext_ln11_35              (zext             ) [ 000000]
tmp_22                    (bitselect        ) [ 000000]
zext_ln11_36              (zext             ) [ 000000]
tmp_23                    (bitselect        ) [ 000000]
zext_ln11_37              (zext             ) [ 000000]
tmp_24                    (bitselect        ) [ 000000]
zext_ln11_38              (zext             ) [ 000000]
tmp_25                    (bitselect        ) [ 000000]
zext_ln11_39              (zext             ) [ 000000]
tmp_26                    (bitselect        ) [ 000000]
zext_ln11_40              (zext             ) [ 000000]
tmp_27                    (bitselect        ) [ 000000]
zext_ln11_41              (zext             ) [ 000000]
tmp_28                    (bitselect        ) [ 000000]
zext_ln11_42              (zext             ) [ 000000]
tmp_29                    (bitselect        ) [ 000000]
zext_ln11_43              (zext             ) [ 000000]
add_ln11_15               (add              ) [ 000000]
zext_ln11_44              (zext             ) [ 000000]
add_ln11_16               (add              ) [ 000000]
zext_ln11_45              (zext             ) [ 000000]
add_ln11_17               (add              ) [ 010100]
add_ln11_18               (add              ) [ 000000]
zext_ln11_47              (zext             ) [ 000000]
add_ln11_19               (add              ) [ 000000]
zext_ln11_48              (zext             ) [ 000000]
add_ln11_20               (add              ) [ 010100]
add_ln11_22               (add              ) [ 000000]
zext_ln11_51              (zext             ) [ 000000]
add_ln11_23               (add              ) [ 000000]
zext_ln11_52              (zext             ) [ 000000]
add_ln11_24               (add              ) [ 010100]
add_ln11_25               (add              ) [ 000000]
zext_ln11_54              (zext             ) [ 000000]
add_ln11_26               (add              ) [ 000000]
zext_ln11_55              (zext             ) [ 000000]
add_ln11_27               (add              ) [ 010100]
w3_load_2                 (load             ) [ 000000]
xor_ln60_4                (xor              ) [ 000000]
xnor_2                    (xor              ) [ 000000]
cnt_4                     (trunc            ) [ 000000]
zext_ln8_2                (zext             ) [ 000000]
tmp_30                    (bitselect        ) [ 000000]
zext_ln11_58              (zext             ) [ 000000]
tmp_31                    (bitselect        ) [ 000000]
zext_ln11_59              (zext             ) [ 000000]
tmp_32                    (bitselect        ) [ 000000]
zext_ln11_60              (zext             ) [ 000000]
tmp_33                    (bitselect        ) [ 000000]
zext_ln11_61              (zext             ) [ 000000]
tmp_34                    (bitselect        ) [ 000000]
zext_ln11_62              (zext             ) [ 000000]
tmp_35                    (bitselect        ) [ 000000]
zext_ln11_63              (zext             ) [ 000000]
tmp_36                    (bitselect        ) [ 000000]
zext_ln11_64              (zext             ) [ 000000]
tmp_37                    (bitselect        ) [ 000000]
zext_ln11_65              (zext             ) [ 000000]
tmp_38                    (bitselect        ) [ 000000]
zext_ln11_66              (zext             ) [ 000000]
tmp_39                    (bitselect        ) [ 000000]
zext_ln11_67              (zext             ) [ 000000]
tmp_40                    (bitselect        ) [ 000000]
zext_ln11_68              (zext             ) [ 000000]
tmp_41                    (bitselect        ) [ 000000]
zext_ln11_69              (zext             ) [ 000000]
tmp_42                    (bitselect        ) [ 000000]
zext_ln11_70              (zext             ) [ 000000]
tmp_43                    (bitselect        ) [ 000000]
zext_ln11_71              (zext             ) [ 000000]
tmp_44                    (bitselect        ) [ 000000]
zext_ln11_72              (zext             ) [ 000000]
add_ln11_30               (add              ) [ 000000]
zext_ln11_73              (zext             ) [ 000000]
add_ln11_31               (add              ) [ 000000]
zext_ln11_74              (zext             ) [ 000000]
add_ln11_32               (add              ) [ 010100]
add_ln11_33               (add              ) [ 000000]
zext_ln11_76              (zext             ) [ 000000]
add_ln11_34               (add              ) [ 000000]
zext_ln11_77              (zext             ) [ 000000]
add_ln11_35               (add              ) [ 010100]
add_ln11_37               (add              ) [ 000000]
zext_ln11_80              (zext             ) [ 000000]
add_ln11_38               (add              ) [ 000000]
zext_ln11_81              (zext             ) [ 000000]
add_ln11_39               (add              ) [ 010100]
add_ln11_40               (add              ) [ 000000]
zext_ln11_83              (zext             ) [ 000000]
add_ln11_41               (add              ) [ 000000]
zext_ln11_84              (zext             ) [ 000000]
add_ln11_42               (add              ) [ 010100]
w3_load_3                 (load             ) [ 000000]
xor_ln60_6                (xor              ) [ 000000]
xnor_3                    (xor              ) [ 000000]
cnt_6                     (trunc            ) [ 000000]
zext_ln8_3                (zext             ) [ 000000]
tmp_45                    (bitselect        ) [ 000000]
zext_ln11_87              (zext             ) [ 000000]
tmp_46                    (bitselect        ) [ 000000]
zext_ln11_88              (zext             ) [ 000000]
tmp_47                    (bitselect        ) [ 000000]
zext_ln11_89              (zext             ) [ 000000]
tmp_48                    (bitselect        ) [ 000000]
zext_ln11_90              (zext             ) [ 000000]
tmp_49                    (bitselect        ) [ 000000]
zext_ln11_91              (zext             ) [ 000000]
tmp_50                    (bitselect        ) [ 000000]
zext_ln11_92              (zext             ) [ 000000]
tmp_51                    (bitselect        ) [ 000000]
zext_ln11_93              (zext             ) [ 000000]
tmp_52                    (bitselect        ) [ 000000]
zext_ln11_94              (zext             ) [ 000000]
tmp_53                    (bitselect        ) [ 000000]
zext_ln11_95              (zext             ) [ 000000]
tmp_54                    (bitselect        ) [ 000000]
zext_ln11_96              (zext             ) [ 000000]
tmp_55                    (bitselect        ) [ 000000]
zext_ln11_97              (zext             ) [ 000000]
tmp_56                    (bitselect        ) [ 000000]
zext_ln11_98              (zext             ) [ 000000]
tmp_57                    (bitselect        ) [ 000000]
zext_ln11_99              (zext             ) [ 000000]
tmp_58                    (bitselect        ) [ 000000]
zext_ln11_100             (zext             ) [ 000000]
tmp_59                    (bitselect        ) [ 000000]
zext_ln11_101             (zext             ) [ 000000]
add_ln11_45               (add              ) [ 000000]
zext_ln11_102             (zext             ) [ 000000]
add_ln11_46               (add              ) [ 000000]
zext_ln11_103             (zext             ) [ 000000]
add_ln11_47               (add              ) [ 010100]
add_ln11_48               (add              ) [ 000000]
zext_ln11_105             (zext             ) [ 000000]
add_ln11_49               (add              ) [ 000000]
zext_ln11_106             (zext             ) [ 000000]
add_ln11_50               (add              ) [ 010100]
add_ln11_52               (add              ) [ 000000]
zext_ln11_109             (zext             ) [ 000000]
add_ln11_53               (add              ) [ 000000]
zext_ln11_110             (zext             ) [ 000000]
add_ln11_54               (add              ) [ 010100]
add_ln11_55               (add              ) [ 000000]
zext_ln11_112             (zext             ) [ 000000]
add_ln11_56               (add              ) [ 000000]
zext_ln11_113             (zext             ) [ 000000]
add_ln11_57               (add              ) [ 010100]
zext_ln11_17              (zext             ) [ 000000]
zext_ln11_20              (zext             ) [ 000000]
add_ln11_6                (add              ) [ 000000]
zext_ln11_21              (zext             ) [ 000000]
zext_ln11_24              (zext             ) [ 000000]
zext_ln11_27              (zext             ) [ 000000]
add_ln11_13               (add              ) [ 000000]
zext_ln11_28              (zext             ) [ 000000]
cnt_1                     (add              ) [ 000000]
zext_ln11_46              (zext             ) [ 000000]
zext_ln11_49              (zext             ) [ 000000]
add_ln11_21               (add              ) [ 000000]
zext_ln11_50              (zext             ) [ 000000]
zext_ln11_53              (zext             ) [ 000000]
zext_ln11_56              (zext             ) [ 000000]
add_ln11_28               (add              ) [ 000000]
zext_ln11_57              (zext             ) [ 000000]
cnt_3                     (add              ) [ 000000]
zext_ln11_75              (zext             ) [ 000000]
zext_ln11_78              (zext             ) [ 000000]
add_ln11_36               (add              ) [ 000000]
zext_ln11_79              (zext             ) [ 000000]
zext_ln11_82              (zext             ) [ 000000]
zext_ln11_85              (zext             ) [ 000000]
add_ln11_43               (add              ) [ 000000]
zext_ln11_86              (zext             ) [ 000000]
cnt_5                     (add              ) [ 000000]
zext_ln11_104             (zext             ) [ 000000]
zext_ln11_107             (zext             ) [ 000000]
add_ln11_51               (add              ) [ 000000]
zext_ln11_108             (zext             ) [ 000000]
zext_ln11_111             (zext             ) [ 000000]
zext_ln11_114             (zext             ) [ 000000]
add_ln11_58               (add              ) [ 000000]
zext_ln11_115             (zext             ) [ 000000]
cnt_7                     (add              ) [ 000000]
zext_ln61                 (zext             ) [ 000000]
zext_ln61_1               (zext             ) [ 000000]
zext_ln61_2               (zext             ) [ 000000]
zext_ln64                 (zext             ) [ 000000]
add_ln64                  (add              ) [ 000000]
zext_ln64_1               (zext             ) [ 000000]
add_ln64_1                (add              ) [ 000000]
zext_ln64_2               (zext             ) [ 000000]
add_ln64_2                (add              ) [ 010010]
zext_ln139                (zext             ) [ 000000]
shl_ln64_2                (bitconcatenate   ) [ 000000]
dot                       (add              ) [ 000000]
sext_ln142                (sext             ) [ 010001]
ys_addr                   (getelementptr    ) [ 010001]
specpipeline_ln140        (specpipeline     ) [ 000000]
speclooptripcount_ln139   (speclooptripcount) [ 000000]
specloopname_ln139        (specloopname     ) [ 000000]
store_ln143               (store            ) [ 000000]
br_ln139                  (br               ) [ 000000]
ret_ln0                   (ret              ) [ 000000]
</LifeTime>

<model>

<comp_list>
<comp id="0" class="1000" name="p_0_0271104_reload">
<pin_list>
<pin id="1" dir="1" index="0" bw="1" slack="0"/>
</pin_list>
<bind>
<StgValue><ssdm name="p_0_0271104_reload"/></StgValue>
</bind>
</comp>

<comp id="2" class="1000" name="p_0_0271_1106_reload">
<pin_list>
<pin id="3" dir="1" index="0" bw="1" slack="0"/>
</pin_list>
<bind>
<StgValue><ssdm name="p_0_0271_1106_reload"/></StgValue>
</bind>
</comp>

<comp id="4" class="1000" name="p_0_0271_2108_reload">
<pin_list>
<pin id="5" dir="1" index="0" bw="1" slack="0"/>
</pin_list>
<bind>
<StgValue><ssdm name="p_0_0271_2108_reload"/></StgValue>
</bind>
</comp>

<comp id="6" class="1000" name="p_0_0271_3110_reload">
<pin_list>
<pin id="7" dir="1" index="0" bw="1" slack="0"/>
</pin_list>
<bind>
<StgValue><ssdm name="p_0_0271_3110_reload"/></StgValue>
</bind>
</comp>

<comp id="8" class="1000" name="ys">
<pin_list>
<pin id="9" dir="1" index="0" bw="1" slack="0"/>
</pin_list>
<bind>
<StgValue><ssdm name="ys"/><MemPortTyVec>0 </MemPortTyVec>
</StgValue>
</bind>
</comp>

<comp id="10" class="1000" name="w3">
<pin_list>
<pin id="11" dir="1" index="0" bw="1" slack="0"/>
</pin_list>
<bind>
<StgValue><ssdm name="w3"/><MemPortTyVec>1 1 1 1 </MemPortTyVec>
</StgValue>
</bind>
</comp>

<comp id="12" class="1001" name="const_12">
<pin_list>
<pin id="13" dir="1" index="0" bw="1" slack="0"/>
</pin_list>
<bind>
<StgValue><ssdm name=""/></StgValue>
</bind>
</comp>

<comp id="14" class="1001" name="const_14">
<pin_list>
<pin id="15" dir="1" index="0" bw="1" slack="2147483647"/>
</pin_list>
<bind>
<StgValue><ssdm name="_ssdm_op_SpecMemCore"/></StgValue>
</bind>
</comp>

<comp id="16" class="1001" name="const_16">
<pin_list>
<pin id="17" dir="1" index="0" bw="1" slack="2147483647"/>
</pin_list>
<bind>
<StgValue><ssdm name=""/></StgValue>
</bind>
</comp>

<comp id="18" class="1001" name="const_18">
<pin_list>
<pin id="19" dir="1" index="0" bw="1" slack="2147483647"/>
</pin_list>
<bind>
<StgValue><ssdm name=""/></StgValue>
</bind>
</comp>

<comp id="20" class="1001" name="const_20">
<pin_list>
<pin id="21" dir="1" index="0" bw="1" slack="2147483647"/>
</pin_list>
<bind>
<StgValue><ssdm name=""/></StgValue>
</bind>
</comp>

<comp id="22" class="1001" name="const_22">
<pin_list>
<pin id="23" dir="1" index="0" bw="1" slack="2147483647"/>
</pin_list>
<bind>
<StgValue><ssdm name="_ssdm_op_SpecInterface"/></StgValue>
</bind>
</comp>

<comp id="24" class="1001" name="const_24">
<pin_list>
<pin id="25" dir="1" index="0" bw="1" slack="2147483647"/>
</pin_list>
<bind>
<StgValue><ssdm name="empty_5"/></StgValue>
</bind>
</comp>

<comp id="26" class="1001" name="const_26">
<pin_list>
<pin id="27" dir="1" index="0" bw="1" slack="2147483647"/>
</pin_list>
<bind>
<StgValue><ssdm name=""/></StgValue>
</bind>
</comp>

<comp id="28" class="1001" name="const_28">
<pin_list>
<pin id="29" dir="1" index="0" bw="1" slack="2147483647"/>
</pin_list>
<bind>
<StgValue><ssdm name="empty_8"/></StgValue>
</bind>
</comp>

<comp id="30" class="1001" name="const_30">
<pin_list>
<pin id="31" dir="1" index="0" bw="1" slack="2147483647"/>
</pin_list>
<bind>
<StgValue><ssdm name=""/></StgValue>
</bind>
</comp>

<comp id="32" class="1001" name="const_32">
<pin_list>
<pin id="33" dir="1" index="0" bw="1" slack="0"/>
</pin_list>
<bind>
<StgValue><ssdm name="_ssdm_op_Read.ap_auto.i16"/></StgValue>
</bind>
</comp>

<comp id="34" class="1001" name="const_34">
<pin_list>
<pin id="35" dir="1" index="0" bw="1" slack="0"/>
</pin_list>
<bind>
<StgValue><ssdm name=""/></StgValue>
</bind>
</comp>

<comp id="36" class="1001" name="const_36">
<pin_list>
<pin id="37" dir="1" index="0" bw="1" slack="0"/>
</pin_list>
<bind>
<StgValue><ssdm name=""/></StgValue>
</bind>
</comp>

<comp id="38" class="1001" name="const_38">
<pin_list>
<pin id="39" dir="1" index="0" bw="1" slack="0"/>
</pin_list>
<bind>
<StgValue><ssdm name=""/></StgValue>
</bind>
</comp>

<comp id="40" class="1001" name="const_40">
<pin_list>
<pin id="41" dir="1" index="0" bw="1" slack="0"/>
</pin_list>
<bind>
<StgValue><ssdm name="_ssdm_op_BitConcatenate.i6.i4.i2"/></StgValue>
</bind>
</comp>

<comp id="42" class="1001" name="const_42">
<pin_list>
<pin id="43" dir="1" index="0" bw="1" slack="0"/>
</pin_list>
<bind>
<StgValue><ssdm name=""/></StgValue>
</bind>
</comp>

<comp id="44" class="1001" name="const_44">
<pin_list>
<pin id="45" dir="1" index="0" bw="1" slack="0"/>
</pin_list>
<bind>
<StgValue><ssdm name=""/></StgValue>
</bind>
</comp>

<comp id="46" class="1001" name="const_46">
<pin_list>
<pin id="47" dir="1" index="0" bw="1" slack="0"/>
</pin_list>
<bind>
<StgValue><ssdm name=""/></StgValue>
</bind>
</comp>

<comp id="48" class="1001" name="const_48">
<pin_list>
<pin id="49" dir="1" index="0" bw="1" slack="0"/>
</pin_list>
<bind>
<StgValue><ssdm name=""/></StgValue>
</bind>
</comp>

<comp id="50" class="1001" name="const_50">
<pin_list>
<pin id="51" dir="1" index="0" bw="1" slack="0"/>
</pin_list>
<bind>
<StgValue><ssdm name=""/></StgValue>
</bind>
</comp>

<comp id="52" class="1001" name="const_52">
<pin_list>
<pin id="53" dir="1" index="0" bw="1" slack="0"/>
</pin_list>
<bind>
<StgValue><ssdm name=""/></StgValue>
</bind>
</comp>

<comp id="54" class="1001" name="const_54">
<pin_list>
<pin id="55" dir="1" index="0" bw="1" slack="0"/>
</pin_list>
<bind>
<StgValue><ssdm name="_ssdm_op_BitSelect.i1.i16.i32"/></StgValue>
</bind>
</comp>

<comp id="56" class="1001" name="const_56">
<pin_list>
<pin id="57" dir="1" index="0" bw="1" slack="0"/>
</pin_list>
<bind>
<StgValue><ssdm name=""/></StgValue>
</bind>
</comp>

<comp id="58" class="1001" name="const_58">
<pin_list>
<pin id="59" dir="1" index="0" bw="1" slack="0"/>
</pin_list>
<bind>
<StgValue><ssdm name=""/></StgValue>
</bind>
</comp>

<comp id="60" class="1001" name="const_60">
<pin_list>
<pin id="61" dir="1" index="0" bw="1" slack="0"/>
</pin_list>
<bind>
<StgValue><ssdm name=""/></StgValue>
</bind>
</comp>

<comp id="62" class="1001" name="const_62">
<pin_list>
<pin id="63" dir="1" index="0" bw="1" slack="0"/>
</pin_list>
<bind>
<StgValue><ssdm name=""/></StgValue>
</bind>
</comp>

<comp id="64" class="1001" name="const_64">
<pin_list>
<pin id="65" dir="1" index="0" bw="1" slack="0"/>
</pin_list>
<bind>
<StgValue><ssdm name=""/></StgValue>
</bind>
</comp>

<comp id="66" class="1001" name="const_66">
<pin_list>
<pin id="67" dir="1" index="0" bw="1" slack="0"/>
</pin_list>
<bind>
<StgValue><ssdm name=""/></StgValue>
</bind>
</comp>

<comp id="68" class="1001" name="const_68">
<pin_list>
<pin id="69" dir="1" index="0" bw="1" slack="0"/>
</pin_list>
<bind>
<StgValue><ssdm name=""/></StgValue>
</bind>
</comp>

<comp id="70" class="1001" name="const_70">
<pin_list>
<pin id="71" dir="1" index="0" bw="1" slack="0"/>
</pin_list>
<bind>
<StgValue><ssdm name=""/></StgValue>
</bind>
</comp>

<comp id="72" class="1001" name="const_72">
<pin_list>
<pin id="73" dir="1" index="0" bw="1" slack="0"/>
</pin_list>
<bind>
<StgValue><ssdm name=""/></StgValue>
</bind>
</comp>

<comp id="74" class="1001" name="const_74">
<pin_list>
<pin id="75" dir="1" index="0" bw="1" slack="0"/>
</pin_list>
<bind>
<StgValue><ssdm name=""/></StgValue>
</bind>
</comp>

<comp id="76" class="1001" name="const_76">
<pin_list>
<pin id="77" dir="1" index="0" bw="1" slack="0"/>
</pin_list>
<bind>
<StgValue><ssdm name=""/></StgValue>
</bind>
</comp>

<comp id="78" class="1001" name="const_78">
<pin_list>
<pin id="79" dir="1" index="0" bw="1" slack="0"/>
</pin_list>
<bind>
<StgValue><ssdm name=""/></StgValue>
</bind>
</comp>

<comp id="80" class="1001" name="const_80">
<pin_list>
<pin id="81" dir="1" index="0" bw="1" slack="0"/>
</pin_list>
<bind>
<StgValue><ssdm name=""/></StgValue>
</bind>
</comp>

<comp id="82" class="1001" name="const_82">
<pin_list>
<pin id="83" dir="1" index="0" bw="1" slack="0"/>
</pin_list>
<bind>
<StgValue><ssdm name=""/></StgValue>
</bind>
</comp>

<comp id="84" class="1001" name="const_84">
<pin_list>
<pin id="85" dir="1" index="0" bw="1" slack="0"/>
</pin_list>
<bind>
<StgValue><ssdm name="_ssdm_op_BitConcatenate.i8.i7.i1"/></StgValue>
</bind>
</comp>

<comp id="86" class="1001" name="const_86">
<pin_list>
<pin id="87" dir="1" index="0" bw="1" slack="0"/>
</pin_list>
<bind>
<StgValue><ssdm name=""/></StgValue>
</bind>
</comp>

<comp id="88" class="1001" name="const_88">
<pin_list>
<pin id="89" dir="1" index="0" bw="1" slack="0"/>
</pin_list>
<bind>
<StgValue><ssdm name=""/></StgValue>
</bind>
</comp>

<comp id="90" class="1001" name="const_90">
<pin_list>
<pin id="91" dir="1" index="0" bw="1" slack="2147483647"/>
</pin_list>
<bind>
<StgValue><ssdm name="_ssdm_op_SpecPipeline"/></StgValue>
</bind>
</comp>

<comp id="92" class="1001" name="const_92">
<pin_list>
<pin id="93" dir="1" index="0" bw="1" slack="2147483647"/>
</pin_list>
<bind>
<StgValue><ssdm name="_ssdm_op_SpecLoopTripCount"/></StgValue>
</bind>
</comp>

<comp id="94" class="1001" name="const_94">
<pin_list>
<pin id="95" dir="1" index="0" bw="1" slack="2147483647"/>
</pin_list>
<bind>
<StgValue><ssdm name=""/></StgValue>
</bind>
</comp>

<comp id="96" class="1001" name="const_96">
<pin_list>
<pin id="97" dir="1" index="0" bw="1" slack="2147483647"/>
</pin_list>
<bind>
<StgValue><ssdm name="_ssdm_op_SpecLoopName"/></StgValue>
</bind>
</comp>

<comp id="98" class="1001" name="const_98">
<pin_list>
<pin id="99" dir="1" index="0" bw="1" slack="2147483647"/>
</pin_list>
<bind>
<StgValue><ssdm name="empty_1"/></StgValue>
</bind>
</comp>

<comp id="100" class="1004" name="n_fu_100">
<pin_list>
<pin id="101" dir="0" index="0" bw="1" slack="0"/>
<pin id="102" dir="1" index="1" bw="4" slack="0"/>
</pin_list>
<bind>
<opcode="alloca(26) " fcode="alloca"/>
<opset="n/1 "/>
</bind>
</comp>

<comp id="104" class="1004" name="p_0_0271_3110_reload_read_read_fu_104">
<pin_list>
<pin id="105" dir="0" index="0" bw="16" slack="0"/>
<pin id="106" dir="0" index="1" bw="16" slack="0"/>
<pin id="107" dir="1" index="2" bw="16" slack="1"/>
</pin_list>
<bind>
<opcode="read(1150) " fcode="read"/>
<opset="p_0_0271_3110_reload_read/1 "/>
</bind>
</comp>

<comp id="110" class="1004" name="p_0_0271_2108_reload_read_read_fu_110">
<pin_list>
<pin id="111" dir="0" index="0" bw="16" slack="0"/>
<pin id="112" dir="0" index="1" bw="16" slack="0"/>
<pin id="113" dir="1" index="2" bw="16" slack="1"/>
</pin_list>
<bind>
<opcode="read(1150) " fcode="read"/>
<opset="p_0_0271_2108_reload_read/1 "/>
</bind>
</comp>

<comp id="116" class="1004" name="p_0_0271_1106_reload_read_read_fu_116">
<pin_list>
<pin id="117" dir="0" index="0" bw="16" slack="0"/>
<pin id="118" dir="0" index="1" bw="16" slack="0"/>
<pin id="119" dir="1" index="2" bw="16" slack="1"/>
</pin_list>
<bind>
<opcode="read(1150) " fcode="read"/>
<opset="p_0_0271_1106_reload_read/1 "/>
</bind>
</comp>

<comp id="122" class="1004" name="p_0_0271104_reload_read_read_fu_122">
<pin_list>
<pin id="123" dir="0" index="0" bw="16" slack="0"/>
<pin id="124" dir="0" index="1" bw="16" slack="0"/>
<pin id="125" dir="1" index="2" bw="16" slack="1"/>
</pin_list>
<bind>
<opcode="read(1150) " fcode="read"/>
<opset="p_0_0271104_reload_read/1 "/>
</bind>
</comp>

<comp id="128" class="1004" name="w3_addr_gep_fu_128">
<pin_list>
<pin id="129" dir="0" index="0" bw="16" slack="0"/>
<pin id="130" dir="0" index="1" bw="1" slack="0"/>
<pin id="131" dir="0" index="2" bw="6" slack="0"/>
<pin id="132" dir="1" index="3" bw="6" slack="0"/>
</pin_list>
<bind>
<opcode="getelementptr(29) " fcode="getelementptr"/>
<opset="w3_addr/1 "/>
</bind>
</comp>

<comp id="135" class="1004" name="grp_access_fu_135">
<pin_list>
<pin id="136" dir="0" index="0" bw="6" slack="0"/>
<pin id="137" dir="0" index="1" bw="16" slack="2147483647"/>
<pin id="138" dir="0" index="2" bw="0" slack="0"/>
<pin id="140" dir="0" index="4" bw="6" slack="2147483647"/>
<pin id="141" dir="0" index="5" bw="16" slack="0"/>
<pin id="142" dir="0" index="6" bw="0" slack="2147483647"/>
<pin id="144" dir="0" index="8" bw="6" slack="0"/>
<pin id="145" dir="0" index="9" bw="16" slack="2147483647"/>
<pin id="146" dir="0" index="10" bw="0" slack="2147483647"/>
<pin id="148" dir="0" index="12" bw="6" slack="2147483647"/>
<pin id="149" dir="0" index="13" bw="16" slack="2147483647"/>
<pin id="150" dir="0" index="14" bw="0" slack="2147483647"/>
<pin id="139" dir="1" index="3" bw="16" slack="0"/>
<pin id="143" dir="1" index="7" bw="16" slack="0"/>
<pin id="147" dir="1" index="11" bw="16" slack="0"/>
<pin id="151" dir="1" index="15" bw="16" slack="0"/>
</pin_list>
<bind>
<opcode="load(27) " fcode="load"/>
<opset="w3_load/1 w3_load_1/1 w3_load_2/1 w3_load_3/1 "/>
</bind>
</comp>

<comp id="153" class="1004" name="w3_addr_1_gep_fu_153">
<pin_list>
<pin id="154" dir="0" index="0" bw="16" slack="0"/>
<pin id="155" dir="0" index="1" bw="1" slack="0"/>
<pin id="156" dir="0" index="2" bw="6" slack="0"/>
<pin id="157" dir="1" index="3" bw="6" slack="0"/>
</pin_list>
<bind>
<opcode="getelementptr(29) " fcode="getelementptr"/>
<opset="w3_addr_1/1 "/>
</bind>
</comp>

<comp id="161" class="1004" name="w3_addr_2_gep_fu_161">
<pin_list>
<pin id="162" dir="0" index="0" bw="16" slack="0"/>
<pin id="163" dir="0" index="1" bw="1" slack="0"/>
<pin id="164" dir="0" index="2" bw="6" slack="0"/>
<pin id="165" dir="1" index="3" bw="6" slack="0"/>
</pin_list>
<bind>
<opcode="getelementptr(29) " fcode="getelementptr"/>
<opset="w3_addr_2/1 "/>
</bind>
</comp>

<comp id="169" class="1004" name="w3_addr_3_gep_fu_169">
<pin_list>
<pin id="170" dir="0" index="0" bw="16" slack="0"/>
<pin id="171" dir="0" index="1" bw="1" slack="0"/>
<pin id="172" dir="0" index="2" bw="6" slack="0"/>
<pin id="173" dir="1" index="3" bw="6" slack="0"/>
</pin_list>
<bind>
<opcode="getelementptr(29) " fcode="getelementptr"/>
<opset="w3_addr_3/1 "/>
</bind>
</comp>

<comp id="177" class="1004" name="ys_addr_gep_fu_177">
<pin_list>
<pin id="178" dir="0" index="0" bw="32" slack="0"/>
<pin id="179" dir="0" index="1" bw="1" slack="0"/>
<pin id="180" dir="0" index="2" bw="4" slack="0"/>
<pin id="181" dir="1" index="3" bw="4" slack="0"/>
</pin_list>
<bind>
<opcode="getelementptr(29) " fcode="getelementptr"/>
<opset="ys_addr/4 "/>
</bind>
</comp>

<comp id="184" class="1004" name="grp_access_fu_184">
<pin_list>
<pin id="185" dir="0" index="0" bw="4" slack="0"/>
<pin id="186" dir="0" index="1" bw="32" slack="0"/>
<pin id="187" dir="0" index="2" bw="0" slack="2147483647"/>
<pin id="188" dir="1" index="3" bw="32" slack="2147483647"/>
</pin_list>
<bind>
<opcode="store(28) " fcode="store"/>
<opset="store_ln143/4 "/>
</bind>
</comp>

<comp id="190" class="1004" name="store_ln139_store_fu_190">
<pin_list>
<pin id="191" dir="0" index="0" bw="1" slack="0"/>
<pin id="192" dir="0" index="1" bw="4" slack="0"/>
<pin id="193" dir="1" index="2" bw="0" slack="2147483647"/>
</pin_list>
<bind>
<opcode="store(28) " fcode="store"/>
<opset="store_ln139/1 "/>
</bind>
</comp>

<comp id="195" class="1004" name="n_1_load_fu_195">
<pin_list>
<pin id="196" dir="0" index="0" bw="4" slack="0"/>
<pin id="197" dir="1" index="1" bw="4" slack="0"/>
</pin_list>
<bind>
<opcode="load(27) " fcode="load"/>
<opset="n_1/1 "/>
</bind>
</comp>

<comp id="198" class="1004" name="icmp_ln139_fu_198">
<pin_list>
<pin id="199" dir="0" index="0" bw="4" slack="0"/>
<pin id="200" dir="0" index="1" bw="4" slack="0"/>
<pin id="201" dir="1" index="2" bw="1" slack="3"/>
</pin_list>
<bind>
<opcode="icmp(45) " fcode="icmp"/>
<opset="icmp_ln139/1 "/>
</bind>
</comp>

<comp id="204" class="1004" name="add_ln139_fu_204">
<pin_list>
<pin id="205" dir="0" index="0" bw="4" slack="0"/>
<pin id="206" dir="0" index="1" bw="1" slack="0"/>
<pin id="207" dir="1" index="2" bw="4" slack="0"/>
</pin_list>
<bind>
<opcode="add(8) " fcode="add"/>
<opset="add_ln139/1 "/>
</bind>
</comp>

<comp id="210" class="1004" name="shl_ln2_fu_210">
<pin_list>
<pin id="211" dir="0" index="0" bw="6" slack="0"/>
<pin id="212" dir="0" index="1" bw="4" slack="0"/>
<pin id="213" dir="0" index="2" bw="1" slack="0"/>
<pin id="214" dir="1" index="3" bw="6" slack="0"/>
</pin_list>
<bind>
<opcode="bitconcatenate(1004) " fcode="bitconcatenate"/>
<opset="shl_ln2/1 "/>
</bind>
</comp>

<comp id="218" class="1004" name="zext_ln60_fu_218">
<pin_list>
<pin id="219" dir="0" index="0" bw="6" slack="0"/>
<pin id="220" dir="1" index="1" bw="64" slack="0"/>
</pin_list>
<bind>
<opcode="zext(34) " fcode="zext"/>
<opset="zext_ln60/1 "/>
</bind>
</comp>

<comp id="223" class="1004" name="or_ln60_7_fu_223">
<pin_list>
<pin id="224" dir="0" index="0" bw="6" slack="0"/>
<pin id="225" dir="0" index="1" bw="4" slack="0"/>
<pin id="226" dir="0" index="2" bw="1" slack="0"/>
<pin id="227" dir="1" index="3" bw="6" slack="0"/>
</pin_list>
<bind>
<opcode="bitconcatenate(1004) " fcode="bitconcatenate"/>
<opset="or_ln60_7/1 "/>
</bind>
</comp>

<comp id="231" class="1004" name="zext_ln60_1_fu_231">
<pin_list>
<pin id="232" dir="0" index="0" bw="6" slack="0"/>
<pin id="233" dir="1" index="1" bw="64" slack="0"/>
</pin_list>
<bind>
<opcode="zext(34) " fcode="zext"/>
<opset="zext_ln60_1/1 "/>
</bind>
</comp>

<comp id="236" class="1004" name="or_ln60_8_fu_236">
<pin_list>
<pin id="237" dir="0" index="0" bw="6" slack="0"/>
<pin id="238" dir="0" index="1" bw="4" slack="0"/>
<pin id="239" dir="0" index="2" bw="2" slack="0"/>
<pin id="240" dir="1" index="3" bw="6" slack="0"/>
</pin_list>
<bind>
<opcode="bitconcatenate(1004) " fcode="bitconcatenate"/>
<opset="or_ln60_8/1 "/>
</bind>
</comp>

<comp id="244" class="1004" name="zext_ln60_2_fu_244">
<pin_list>
<pin id="245" dir="0" index="0" bw="6" slack="0"/>
<pin id="246" dir="1" index="1" bw="64" slack="0"/>
</pin_list>
<bind>
<opcode="zext(34) " fcode="zext"/>
<opset="zext_ln60_2/1 "/>
</bind>
</comp>

<comp id="249" class="1004" name="or_ln60_9_fu_249">
<pin_list>
<pin id="250" dir="0" index="0" bw="6" slack="0"/>
<pin id="251" dir="0" index="1" bw="4" slack="0"/>
<pin id="252" dir="0" index="2" bw="1" slack="0"/>
<pin id="253" dir="1" index="3" bw="6" slack="0"/>
</pin_list>
<bind>
<opcode="bitconcatenate(1004) " fcode="bitconcatenate"/>
<opset="or_ln60_9/1 "/>
</bind>
</comp>

<comp id="257" class="1004" name="zext_ln60_3_fu_257">
<pin_list>
<pin id="258" dir="0" index="0" bw="6" slack="0"/>
<pin id="259" dir="1" index="1" bw="64" slack="0"/>
</pin_list>
<bind>
<opcode="zext(34) " fcode="zext"/>
<opset="zext_ln60_3/1 "/>
</bind>
</comp>

<comp id="262" class="1004" name="store_ln139_store_fu_262">
<pin_list>
<pin id="263" dir="0" index="0" bw="4" slack="0"/>
<pin id="264" dir="0" index="1" bw="4" slack="0"/>
<pin id="265" dir="1" index="2" bw="0" slack="2147483647"/>
</pin_list>
<bind>
<opcode="store(28) " fcode="store"/>
<opset="store_ln139/1 "/>
</bind>
</comp>

<comp id="267" class="1004" name="xor_ln60_fu_267">
<pin_list>
<pin id="268" dir="0" index="0" bw="16" slack="1"/>
<pin id="269" dir="0" index="1" bw="16" slack="0"/>
<pin id="270" dir="1" index="2" bw="16" slack="0"/>
</pin_list>
<bind>
<opcode="xor(25) " fcode="xor"/>
<opset="xor_ln60/2 "/>
</bind>
</comp>

<comp id="272" class="1004" name="xnor_fu_272">
<pin_list>
<pin id="273" dir="0" index="0" bw="16" slack="0"/>
<pin id="274" dir="0" index="1" bw="16" slack="0"/>
<pin id="275" dir="1" index="2" bw="16" slack="0"/>
</pin_list>
<bind>
<opcode="xor(25) " fcode="xor"/>
<opset="xnor/2 "/>
</bind>
</comp>

<comp id="278" class="1004" name="cnt_fu_278">
<pin_list>
<pin id="279" dir="0" index="0" bw="16" slack="0"/>
<pin id="280" dir="1" index="1" bw="1" slack="0"/>
</pin_list>
<bind>
<opcode="trunc(33) " fcode="trunc"/>
<opset="cnt/2 "/>
</bind>
</comp>

<comp id="282" class="1004" name="zext_ln8_fu_282">
<pin_list>
<pin id="283" dir="0" index="0" bw="1" slack="0"/>
<pin id="284" dir="1" index="1" bw="2" slack="0"/>
</pin_list>
<bind>
<opcode="zext(34) " fcode="zext"/>
<opset="zext_ln8/2 "/>
</bind>
</comp>

<comp id="286" class="1004" name="tmp_fu_286">
<pin_list>
<pin id="287" dir="0" index="0" bw="1" slack="0"/>
<pin id="288" dir="0" index="1" bw="16" slack="0"/>
<pin id="289" dir="0" index="2" bw="1" slack="0"/>
<pin id="290" dir="1" index="3" bw="1" slack="0"/>
</pin_list>
<bind>
<opcode="bitselect(1000) " fcode="bitselect"/>
<opset="tmp/2 "/>
</bind>
</comp>

<comp id="294" class="1004" name="zext_ln11_fu_294">
<pin_list>
<pin id="295" dir="0" index="0" bw="1" slack="0"/>
<pin id="296" dir="1" index="1" bw="2" slack="0"/>
</pin_list>
<bind>
<opcode="zext(34) " fcode="zext"/>
<opset="zext_ln11/2 "/>
</bind>
</comp>

<comp id="298" class="1004" name="tmp_1_fu_298">
<pin_list>
<pin id="299" dir="0" index="0" bw="1" slack="0"/>
<pin id="300" dir="0" index="1" bw="16" slack="0"/>
<pin id="301" dir="0" index="2" bw="3" slack="0"/>
<pin id="302" dir="1" index="3" bw="1" slack="0"/>
</pin_list>
<bind>
<opcode="bitselect(1000) " fcode="bitselect"/>
<opset="tmp_1/2 "/>
</bind>
</comp>

<comp id="306" class="1004" name="zext_ln11_1_fu_306">
<pin_list>
<pin id="307" dir="0" index="0" bw="1" slack="0"/>
<pin id="308" dir="1" index="1" bw="2" slack="0"/>
</pin_list>
<bind>
<opcode="zext(34) " fcode="zext"/>
<opset="zext_ln11_1/2 "/>
</bind>
</comp>

<comp id="310" class="1004" name="tmp_2_fu_310">
<pin_list>
<pin id="311" dir="0" index="0" bw="1" slack="0"/>
<pin id="312" dir="0" index="1" bw="16" slack="0"/>
<pin id="313" dir="0" index="2" bw="3" slack="0"/>
<pin id="314" dir="1" index="3" bw="1" slack="0"/>
</pin_list>
<bind>
<opcode="bitselect(1000) " fcode="bitselect"/>
<opset="tmp_2/2 "/>
</bind>
</comp>

<comp id="318" class="1004" name="zext_ln11_2_fu_318">
<pin_list>
<pin id="319" dir="0" index="0" bw="1" slack="0"/>
<pin id="320" dir="1" index="1" bw="2" slack="0"/>
</pin_list>
<bind>
<opcode="zext(34) " fcode="zext"/>
<opset="zext_ln11_2/2 "/>
</bind>
</comp>

<comp id="322" class="1004" name="tmp_3_fu_322">
<pin_list>
<pin id="323" dir="0" index="0" bw="1" slack="0"/>
<pin id="324" dir="0" index="1" bw="16" slack="0"/>
<pin id="325" dir="0" index="2" bw="4" slack="0"/>
<pin id="326" dir="1" index="3" bw="1" slack="0"/>
</pin_list>
<bind>
<opcode="bitselect(1000) " fcode="bitselect"/>
<opset="tmp_3/2 "/>
</bind>
</comp>

<comp id="330" class="1004" name="zext_ln11_3_fu_330">
<pin_list>
<pin id="331" dir="0" index="0" bw="1" slack="0"/>
<pin id="332" dir="1" index="1" bw="2" slack="0"/>
</pin_list>
<bind>
<opcode="zext(34) " fcode="zext"/>
<opset="zext_ln11_3/2 "/>
</bind>
</comp>

<comp id="334" class="1004" name="tmp_4_fu_334">
<pin_list>
<pin id="335" dir="0" index="0" bw="1" slack="0"/>
<pin id="336" dir="0" index="1" bw="16" slack="0"/>
<pin id="337" dir="0" index="2" bw="4" slack="0"/>
<pin id="338" dir="1" index="3" bw="1" slack="0"/>
</pin_list>
<bind>
<opcode="bitselect(1000) " fcode="bitselect"/>
<opset="tmp_4/2 "/>
</bind>
</comp>

<comp id="342" class="1004" name="zext_ln11_4_fu_342">
<pin_list>
<pin id="343" dir="0" index="0" bw="1" slack="0"/>
<pin id="344" dir="1" index="1" bw="2" slack="0"/>
</pin_list>
<bind>
<opcode="zext(34) " fcode="zext"/>
<opset="zext_ln11_4/2 "/>
</bind>
</comp>

<comp id="346" class="1004" name="tmp_5_fu_346">
<pin_list>
<pin id="347" dir="0" index="0" bw="1" slack="0"/>
<pin id="348" dir="0" index="1" bw="16" slack="0"/>
<pin id="349" dir="0" index="2" bw="4" slack="0"/>
<pin id="350" dir="1" index="3" bw="1" slack="0"/>
</pin_list>
<bind>
<opcode="bitselect(1000) " fcode="bitselect"/>
<opset="tmp_5/2 "/>
</bind>
</comp>

<comp id="354" class="1004" name="zext_ln11_5_fu_354">
<pin_list>
<pin id="355" dir="0" index="0" bw="1" slack="0"/>
<pin id="356" dir="1" index="1" bw="2" slack="0"/>
</pin_list>
<bind>
<opcode="zext(34) " fcode="zext"/>
<opset="zext_ln11_5/2 "/>
</bind>
</comp>

<comp id="358" class="1004" name="tmp_6_fu_358">
<pin_list>
<pin id="359" dir="0" index="0" bw="1" slack="0"/>
<pin id="360" dir="0" index="1" bw="16" slack="0"/>
<pin id="361" dir="0" index="2" bw="4" slack="0"/>
<pin id="362" dir="1" index="3" bw="1" slack="0"/>
</pin_list>
<bind>
<opcode="bitselect(1000) " fcode="bitselect"/>
<opset="tmp_6/2 "/>
</bind>
</comp>

<comp id="366" class="1004" name="zext_ln11_6_fu_366">
<pin_list>
<pin id="367" dir="0" index="0" bw="1" slack="0"/>
<pin id="368" dir="1" index="1" bw="2" slack="0"/>
</pin_list>
<bind>
<opcode="zext(34) " fcode="zext"/>
<opset="zext_ln11_6/2 "/>
</bind>
</comp>

<comp id="370" class="1004" name="tmp_7_fu_370">
<pin_list>
<pin id="371" dir="0" index="0" bw="1" slack="0"/>
<pin id="372" dir="0" index="1" bw="16" slack="0"/>
<pin id="373" dir="0" index="2" bw="5" slack="0"/>
<pin id="374" dir="1" index="3" bw="1" slack="0"/>
</pin_list>
<bind>
<opcode="bitselect(1000) " fcode="bitselect"/>
<opset="tmp_7/2 "/>
</bind>
</comp>

<comp id="378" class="1004" name="zext_ln11_7_fu_378">
<pin_list>
<pin id="379" dir="0" index="0" bw="1" slack="0"/>
<pin id="380" dir="1" index="1" bw="2" slack="0"/>
</pin_list>
<bind>
<opcode="zext(34) " fcode="zext"/>
<opset="zext_ln11_7/2 "/>
</bind>
</comp>

<comp id="382" class="1004" name="tmp_8_fu_382">
<pin_list>
<pin id="383" dir="0" index="0" bw="1" slack="0"/>
<pin id="384" dir="0" index="1" bw="16" slack="0"/>
<pin id="385" dir="0" index="2" bw="5" slack="0"/>
<pin id="386" dir="1" index="3" bw="1" slack="0"/>
</pin_list>
<bind>
<opcode="bitselect(1000) " fcode="bitselect"/>
<opset="tmp_8/2 "/>
</bind>
</comp>

<comp id="390" class="1004" name="zext_ln11_8_fu_390">
<pin_list>
<pin id="391" dir="0" index="0" bw="1" slack="0"/>
<pin id="392" dir="1" index="1" bw="2" slack="0"/>
</pin_list>
<bind>
<opcode="zext(34) " fcode="zext"/>
<opset="zext_ln11_8/2 "/>
</bind>
</comp>

<comp id="394" class="1004" name="tmp_9_fu_394">
<pin_list>
<pin id="395" dir="0" index="0" bw="1" slack="0"/>
<pin id="396" dir="0" index="1" bw="16" slack="0"/>
<pin id="397" dir="0" index="2" bw="5" slack="0"/>
<pin id="398" dir="1" index="3" bw="1" slack="0"/>
</pin_list>
<bind>
<opcode="bitselect(1000) " fcode="bitselect"/>
<opset="tmp_9/2 "/>
</bind>
</comp>

<comp id="402" class="1004" name="zext_ln11_9_fu_402">
<pin_list>
<pin id="403" dir="0" index="0" bw="1" slack="0"/>
<pin id="404" dir="1" index="1" bw="2" slack="0"/>
</pin_list>
<bind>
<opcode="zext(34) " fcode="zext"/>
<opset="zext_ln11_9/2 "/>
</bind>
</comp>

<comp id="406" class="1004" name="tmp_10_fu_406">
<pin_list>
<pin id="407" dir="0" index="0" bw="1" slack="0"/>
<pin id="408" dir="0" index="1" bw="16" slack="0"/>
<pin id="409" dir="0" index="2" bw="5" slack="0"/>
<pin id="410" dir="1" index="3" bw="1" slack="0"/>
</pin_list>
<bind>
<opcode="bitselect(1000) " fcode="bitselect"/>
<opset="tmp_10/2 "/>
</bind>
</comp>

<comp id="414" class="1004" name="zext_ln11_10_fu_414">
<pin_list>
<pin id="415" dir="0" index="0" bw="1" slack="0"/>
<pin id="416" dir="1" index="1" bw="2" slack="0"/>
</pin_list>
<bind>
<opcode="zext(34) " fcode="zext"/>
<opset="zext_ln11_10/2 "/>
</bind>
</comp>

<comp id="418" class="1004" name="tmp_11_fu_418">
<pin_list>
<pin id="419" dir="0" index="0" bw="1" slack="0"/>
<pin id="420" dir="0" index="1" bw="16" slack="0"/>
<pin id="421" dir="0" index="2" bw="5" slack="0"/>
<pin id="422" dir="1" index="3" bw="1" slack="0"/>
</pin_list>
<bind>
<opcode="bitselect(1000) " fcode="bitselect"/>
<opset="tmp_11/2 "/>
</bind>
</comp>

<comp id="426" class="1004" name="zext_ln11_11_fu_426">
<pin_list>
<pin id="427" dir="0" index="0" bw="1" slack="0"/>
<pin id="428" dir="1" index="1" bw="2" slack="0"/>
</pin_list>
<bind>
<opcode="zext(34) " fcode="zext"/>
<opset="zext_ln11_11/2 "/>
</bind>
</comp>

<comp id="430" class="1004" name="tmp_12_fu_430">
<pin_list>
<pin id="431" dir="0" index="0" bw="1" slack="0"/>
<pin id="432" dir="0" index="1" bw="16" slack="0"/>
<pin id="433" dir="0" index="2" bw="5" slack="0"/>
<pin id="434" dir="1" index="3" bw="1" slack="0"/>
</pin_list>
<bind>
<opcode="bitselect(1000) " fcode="bitselect"/>
<opset="tmp_12/2 "/>
</bind>
</comp>

<comp id="438" class="1004" name="zext_ln11_12_fu_438">
<pin_list>
<pin id="439" dir="0" index="0" bw="1" slack="0"/>
<pin id="440" dir="1" index="1" bw="2" slack="0"/>
</pin_list>
<bind>
<opcode="zext(34) " fcode="zext"/>
<opset="zext_ln11_12/2 "/>
</bind>
</comp>

<comp id="442" class="1004" name="tmp_13_fu_442">
<pin_list>
<pin id="443" dir="0" index="0" bw="1" slack="0"/>
<pin id="444" dir="0" index="1" bw="16" slack="0"/>
<pin id="445" dir="0" index="2" bw="5" slack="0"/>
<pin id="446" dir="1" index="3" bw="1" slack="0"/>
</pin_list>
<bind>
<opcode="bitselect(1000) " fcode="bitselect"/>
<opset="tmp_13/2 "/>
</bind>
</comp>

<comp id="450" class="1004" name="zext_ln11_13_fu_450">
<pin_list>
<pin id="451" dir="0" index="0" bw="1" slack="0"/>
<pin id="452" dir="1" index="1" bw="2" slack="0"/>
</pin_list>
<bind>
<opcode="zext(34) " fcode="zext"/>
<opset="zext_ln11_13/2 "/>
</bind>
</comp>

<comp id="454" class="1004" name="tmp_14_fu_454">
<pin_list>
<pin id="455" dir="0" index="0" bw="1" slack="0"/>
<pin id="456" dir="0" index="1" bw="16" slack="0"/>
<pin id="457" dir="0" index="2" bw="5" slack="0"/>
<pin id="458" dir="1" index="3" bw="1" slack="0"/>
</pin_list>
<bind>
<opcode="bitselect(1000) " fcode="bitselect"/>
<opset="tmp_14/2 "/>
</bind>
</comp>

<comp id="462" class="1004" name="zext_ln11_14_fu_462">
<pin_list>
<pin id="463" dir="0" index="0" bw="1" slack="0"/>
<pin id="464" dir="1" index="1" bw="2" slack="0"/>
</pin_list>
<bind>
<opcode="zext(34) " fcode="zext"/>
<opset="zext_ln11_14/2 "/>
</bind>
</comp>

<comp id="466" class="1004" name="add_ln11_fu_466">
<pin_list>
<pin id="467" dir="0" index="0" bw="1" slack="0"/>
<pin id="468" dir="0" index="1" bw="1" slack="0"/>
<pin id="469" dir="1" index="2" bw="2" slack="0"/>
</pin_list>
<bind>
<opcode="add(8) " fcode="add"/>
<opset="add_ln11/2 "/>
</bind>
</comp>

<comp id="472" class="1004" name="zext_ln11_15_fu_472">
<pin_list>
<pin id="473" dir="0" index="0" bw="2" slack="0"/>
<pin id="474" dir="1" index="1" bw="3" slack="0"/>
</pin_list>
<bind>
<opcode="zext(34) " fcode="zext"/>
<opset="zext_ln11_15/2 "/>
</bind>
</comp>

<comp id="476" class="1004" name="add_ln11_1_fu_476">
<pin_list>
<pin id="477" dir="0" index="0" bw="1" slack="0"/>
<pin id="478" dir="0" index="1" bw="1" slack="0"/>
<pin id="479" dir="1" index="2" bw="2" slack="0"/>
</pin_list>
<bind>
<opcode="add(8) " fcode="add"/>
<opset="add_ln11_1/2 "/>
</bind>
</comp>

<comp id="482" class="1004" name="zext_ln11_16_fu_482">
<pin_list>
<pin id="483" dir="0" index="0" bw="2" slack="0"/>
<pin id="484" dir="1" index="1" bw="3" slack="0"/>
</pin_list>
<bind>
<opcode="zext(34) " fcode="zext"/>
<opset="zext_ln11_16/2 "/>
</bind>
</comp>

<comp id="486" class="1004" name="add_ln11_2_fu_486">
<pin_list>
<pin id="487" dir="0" index="0" bw="2" slack="0"/>
<pin id="488" dir="0" index="1" bw="2" slack="0"/>
<pin id="489" dir="1" index="2" bw="3" slack="1"/>
</pin_list>
<bind>
<opcode="add(8) " fcode="add"/>
<opset="add_ln11_2/2 "/>
</bind>
</comp>

<comp id="492" class="1004" name="add_ln11_3_fu_492">
<pin_list>
<pin id="493" dir="0" index="0" bw="1" slack="0"/>
<pin id="494" dir="0" index="1" bw="1" slack="0"/>
<pin id="495" dir="1" index="2" bw="2" slack="0"/>
</pin_list>
<bind>
<opcode="add(8) " fcode="add"/>
<opset="add_ln11_3/2 "/>
</bind>
</comp>

<comp id="498" class="1004" name="zext_ln11_18_fu_498">
<pin_list>
<pin id="499" dir="0" index="0" bw="2" slack="0"/>
<pin id="500" dir="1" index="1" bw="3" slack="0"/>
</pin_list>
<bind>
<opcode="zext(34) " fcode="zext"/>
<opset="zext_ln11_18/2 "/>
</bind>
</comp>

<comp id="502" class="1004" name="add_ln11_4_fu_502">
<pin_list>
<pin id="503" dir="0" index="0" bw="1" slack="0"/>
<pin id="504" dir="0" index="1" bw="1" slack="0"/>
<pin id="505" dir="1" index="2" bw="2" slack="0"/>
</pin_list>
<bind>
<opcode="add(8) " fcode="add"/>
<opset="add_ln11_4/2 "/>
</bind>
</comp>

<comp id="508" class="1004" name="zext_ln11_19_fu_508">
<pin_list>
<pin id="509" dir="0" index="0" bw="2" slack="0"/>
<pin id="510" dir="1" index="1" bw="3" slack="0"/>
</pin_list>
<bind>
<opcode="zext(34) " fcode="zext"/>
<opset="zext_ln11_19/2 "/>
</bind>
</comp>

<comp id="512" class="1004" name="add_ln11_5_fu_512">
<pin_list>
<pin id="513" dir="0" index="0" bw="2" slack="0"/>
<pin id="514" dir="0" index="1" bw="2" slack="0"/>
<pin id="515" dir="1" index="2" bw="3" slack="1"/>
</pin_list>
<bind>
<opcode="add(8) " fcode="add"/>
<opset="add_ln11_5/2 "/>
</bind>
</comp>

<comp id="518" class="1004" name="add_ln11_7_fu_518">
<pin_list>
<pin id="519" dir="0" index="0" bw="1" slack="0"/>
<pin id="520" dir="0" index="1" bw="1" slack="0"/>
<pin id="521" dir="1" index="2" bw="2" slack="0"/>
</pin_list>
<bind>
<opcode="add(8) " fcode="add"/>
<opset="add_ln11_7/2 "/>
</bind>
</comp>

<comp id="524" class="1004" name="zext_ln11_22_fu_524">
<pin_list>
<pin id="525" dir="0" index="0" bw="2" slack="0"/>
<pin id="526" dir="1" index="1" bw="3" slack="0"/>
</pin_list>
<bind>
<opcode="zext(34) " fcode="zext"/>
<opset="zext_ln11_22/2 "/>
</bind>
</comp>

<comp id="528" class="1004" name="add_ln11_8_fu_528">
<pin_list>
<pin id="529" dir="0" index="0" bw="1" slack="0"/>
<pin id="530" dir="0" index="1" bw="1" slack="0"/>
<pin id="531" dir="1" index="2" bw="2" slack="0"/>
</pin_list>
<bind>
<opcode="add(8) " fcode="add"/>
<opset="add_ln11_8/2 "/>
</bind>
</comp>

<comp id="534" class="1004" name="zext_ln11_23_fu_534">
<pin_list>
<pin id="535" dir="0" index="0" bw="2" slack="0"/>
<pin id="536" dir="1" index="1" bw="3" slack="0"/>
</pin_list>
<bind>
<opcode="zext(34) " fcode="zext"/>
<opset="zext_ln11_23/2 "/>
</bind>
</comp>

<comp id="538" class="1004" name="add_ln11_9_fu_538">
<pin_list>
<pin id="539" dir="0" index="0" bw="2" slack="0"/>
<pin id="540" dir="0" index="1" bw="2" slack="0"/>
<pin id="541" dir="1" index="2" bw="3" slack="1"/>
</pin_list>
<bind>
<opcode="add(8) " fcode="add"/>
<opset="add_ln11_9/2 "/>
</bind>
</comp>

<comp id="544" class="1004" name="add_ln11_10_fu_544">
<pin_list>
<pin id="545" dir="0" index="0" bw="1" slack="0"/>
<pin id="546" dir="0" index="1" bw="1" slack="0"/>
<pin id="547" dir="1" index="2" bw="2" slack="0"/>
</pin_list>
<bind>
<opcode="add(8) " fcode="add"/>
<opset="add_ln11_10/2 "/>
</bind>
</comp>

<comp id="550" class="1004" name="zext_ln11_25_fu_550">
<pin_list>
<pin id="551" dir="0" index="0" bw="2" slack="0"/>
<pin id="552" dir="1" index="1" bw="3" slack="0"/>
</pin_list>
<bind>
<opcode="zext(34) " fcode="zext"/>
<opset="zext_ln11_25/2 "/>
</bind>
</comp>

<comp id="554" class="1004" name="add_ln11_11_fu_554">
<pin_list>
<pin id="555" dir="0" index="0" bw="1" slack="0"/>
<pin id="556" dir="0" index="1" bw="1" slack="0"/>
<pin id="557" dir="1" index="2" bw="2" slack="0"/>
</pin_list>
<bind>
<opcode="add(8) " fcode="add"/>
<opset="add_ln11_11/2 "/>
</bind>
</comp>

<comp id="560" class="1004" name="zext_ln11_26_fu_560">
<pin_list>
<pin id="561" dir="0" index="0" bw="2" slack="0"/>
<pin id="562" dir="1" index="1" bw="3" slack="0"/>
</pin_list>
<bind>
<opcode="zext(34) " fcode="zext"/>
<opset="zext_ln11_26/2 "/>
</bind>
</comp>

<comp id="564" class="1004" name="add_ln11_12_fu_564">
<pin_list>
<pin id="565" dir="0" index="0" bw="2" slack="0"/>
<pin id="566" dir="0" index="1" bw="2" slack="0"/>
<pin id="567" dir="1" index="2" bw="3" slack="1"/>
</pin_list>
<bind>
<opcode="add(8) " fcode="add"/>
<opset="add_ln11_12/2 "/>
</bind>
</comp>

<comp id="570" class="1004" name="xor_ln60_2_fu_570">
<pin_list>
<pin id="571" dir="0" index="0" bw="16" slack="1"/>
<pin id="572" dir="0" index="1" bw="16" slack="0"/>
<pin id="573" dir="1" index="2" bw="16" slack="0"/>
</pin_list>
<bind>
<opcode="xor(25) " fcode="xor"/>
<opset="xor_ln60_2/2 "/>
</bind>
</comp>

<comp id="575" class="1004" name="xnor_1_fu_575">
<pin_list>
<pin id="576" dir="0" index="0" bw="16" slack="0"/>
<pin id="577" dir="0" index="1" bw="16" slack="0"/>
<pin id="578" dir="1" index="2" bw="16" slack="0"/>
</pin_list>
<bind>
<opcode="xor(25) " fcode="xor"/>
<opset="xnor_1/2 "/>
</bind>
</comp>

<comp id="581" class="1004" name="cnt_2_fu_581">
<pin_list>
<pin id="582" dir="0" index="0" bw="16" slack="0"/>
<pin id="583" dir="1" index="1" bw="1" slack="0"/>
</pin_list>
<bind>
<opcode="trunc(33) " fcode="trunc"/>
<opset="cnt_2/2 "/>
</bind>
</comp>

<comp id="585" class="1004" name="zext_ln8_1_fu_585">
<pin_list>
<pin id="586" dir="0" index="0" bw="1" slack="0"/>
<pin id="587" dir="1" index="1" bw="2" slack="0"/>
</pin_list>
<bind>
<opcode="zext(34) " fcode="zext"/>
<opset="zext_ln8_1/2 "/>
</bind>
</comp>

<comp id="589" class="1004" name="tmp_15_fu_589">
<pin_list>
<pin id="590" dir="0" index="0" bw="1" slack="0"/>
<pin id="591" dir="0" index="1" bw="16" slack="0"/>
<pin id="592" dir="0" index="2" bw="1" slack="0"/>
<pin id="593" dir="1" index="3" bw="1" slack="0"/>
</pin_list>
<bind>
<opcode="bitselect(1000) " fcode="bitselect"/>
<opset="tmp_15/2 "/>
</bind>
</comp>

<comp id="597" class="1004" name="zext_ln11_29_fu_597">
<pin_list>
<pin id="598" dir="0" index="0" bw="1" slack="0"/>
<pin id="599" dir="1" index="1" bw="2" slack="0"/>
</pin_list>
<bind>
<opcode="zext(34) " fcode="zext"/>
<opset="zext_ln11_29/2 "/>
</bind>
</comp>

<comp id="601" class="1004" name="tmp_16_fu_601">
<pin_list>
<pin id="602" dir="0" index="0" bw="1" slack="0"/>
<pin id="603" dir="0" index="1" bw="16" slack="0"/>
<pin id="604" dir="0" index="2" bw="3" slack="0"/>
<pin id="605" dir="1" index="3" bw="1" slack="0"/>
</pin_list>
<bind>
<opcode="bitselect(1000) " fcode="bitselect"/>
<opset="tmp_16/2 "/>
</bind>
</comp>

<comp id="609" class="1004" name="zext_ln11_30_fu_609">
<pin_list>
<pin id="610" dir="0" index="0" bw="1" slack="0"/>
<pin id="611" dir="1" index="1" bw="2" slack="0"/>
</pin_list>
<bind>
<opcode="zext(34) " fcode="zext"/>
<opset="zext_ln11_30/2 "/>
</bind>
</comp>

<comp id="613" class="1004" name="tmp_17_fu_613">
<pin_list>
<pin id="614" dir="0" index="0" bw="1" slack="0"/>
<pin id="615" dir="0" index="1" bw="16" slack="0"/>
<pin id="616" dir="0" index="2" bw="3" slack="0"/>
<pin id="617" dir="1" index="3" bw="1" slack="0"/>
</pin_list>
<bind>
<opcode="bitselect(1000) " fcode="bitselect"/>
<opset="tmp_17/2 "/>
</bind>
</comp>

<comp id="621" class="1004" name="zext_ln11_31_fu_621">
<pin_list>
<pin id="622" dir="0" index="0" bw="1" slack="0"/>
<pin id="623" dir="1" index="1" bw="2" slack="0"/>
</pin_list>
<bind>
<opcode="zext(34) " fcode="zext"/>
<opset="zext_ln11_31/2 "/>
</bind>
</comp>

<comp id="625" class="1004" name="tmp_18_fu_625">
<pin_list>
<pin id="626" dir="0" index="0" bw="1" slack="0"/>
<pin id="627" dir="0" index="1" bw="16" slack="0"/>
<pin id="628" dir="0" index="2" bw="4" slack="0"/>
<pin id="629" dir="1" index="3" bw="1" slack="0"/>
</pin_list>
<bind>
<opcode="bitselect(1000) " fcode="bitselect"/>
<opset="tmp_18/2 "/>
</bind>
</comp>

<comp id="633" class="1004" name="zext_ln11_32_fu_633">
<pin_list>
<pin id="634" dir="0" index="0" bw="1" slack="0"/>
<pin id="635" dir="1" index="1" bw="2" slack="0"/>
</pin_list>
<bind>
<opcode="zext(34) " fcode="zext"/>
<opset="zext_ln11_32/2 "/>
</bind>
</comp>

<comp id="637" class="1004" name="tmp_19_fu_637">
<pin_list>
<pin id="638" dir="0" index="0" bw="1" slack="0"/>
<pin id="639" dir="0" index="1" bw="16" slack="0"/>
<pin id="640" dir="0" index="2" bw="4" slack="0"/>
<pin id="641" dir="1" index="3" bw="1" slack="0"/>
</pin_list>
<bind>
<opcode="bitselect(1000) " fcode="bitselect"/>
<opset="tmp_19/2 "/>
</bind>
</comp>

<comp id="645" class="1004" name="zext_ln11_33_fu_645">
<pin_list>
<pin id="646" dir="0" index="0" bw="1" slack="0"/>
<pin id="647" dir="1" index="1" bw="2" slack="0"/>
</pin_list>
<bind>
<opcode="zext(34) " fcode="zext"/>
<opset="zext_ln11_33/2 "/>
</bind>
</comp>

<comp id="649" class="1004" name="tmp_20_fu_649">
<pin_list>
<pin id="650" dir="0" index="0" bw="1" slack="0"/>
<pin id="651" dir="0" index="1" bw="16" slack="0"/>
<pin id="652" dir="0" index="2" bw="4" slack="0"/>
<pin id="653" dir="1" index="3" bw="1" slack="0"/>
</pin_list>
<bind>
<opcode="bitselect(1000) " fcode="bitselect"/>
<opset="tmp_20/2 "/>
</bind>
</comp>

<comp id="657" class="1004" name="zext_ln11_34_fu_657">
<pin_list>
<pin id="658" dir="0" index="0" bw="1" slack="0"/>
<pin id="659" dir="1" index="1" bw="2" slack="0"/>
</pin_list>
<bind>
<opcode="zext(34) " fcode="zext"/>
<opset="zext_ln11_34/2 "/>
</bind>
</comp>

<comp id="661" class="1004" name="tmp_21_fu_661">
<pin_list>
<pin id="662" dir="0" index="0" bw="1" slack="0"/>
<pin id="663" dir="0" index="1" bw="16" slack="0"/>
<pin id="664" dir="0" index="2" bw="4" slack="0"/>
<pin id="665" dir="1" index="3" bw="1" slack="0"/>
</pin_list>
<bind>
<opcode="bitselect(1000) " fcode="bitselect"/>
<opset="tmp_21/2 "/>
</bind>
</comp>

<comp id="669" class="1004" name="zext_ln11_35_fu_669">
<pin_list>
<pin id="670" dir="0" index="0" bw="1" slack="0"/>
<pin id="671" dir="1" index="1" bw="2" slack="0"/>
</pin_list>
<bind>
<opcode="zext(34) " fcode="zext"/>
<opset="zext_ln11_35/2 "/>
</bind>
</comp>

<comp id="673" class="1004" name="tmp_22_fu_673">
<pin_list>
<pin id="674" dir="0" index="0" bw="1" slack="0"/>
<pin id="675" dir="0" index="1" bw="16" slack="0"/>
<pin id="676" dir="0" index="2" bw="5" slack="0"/>
<pin id="677" dir="1" index="3" bw="1" slack="0"/>
</pin_list>
<bind>
<opcode="bitselect(1000) " fcode="bitselect"/>
<opset="tmp_22/2 "/>
</bind>
</comp>

<comp id="681" class="1004" name="zext_ln11_36_fu_681">
<pin_list>
<pin id="682" dir="0" index="0" bw="1" slack="0"/>
<pin id="683" dir="1" index="1" bw="2" slack="0"/>
</pin_list>
<bind>
<opcode="zext(34) " fcode="zext"/>
<opset="zext_ln11_36/2 "/>
</bind>
</comp>

<comp id="685" class="1004" name="tmp_23_fu_685">
<pin_list>
<pin id="686" dir="0" index="0" bw="1" slack="0"/>
<pin id="687" dir="0" index="1" bw="16" slack="0"/>
<pin id="688" dir="0" index="2" bw="5" slack="0"/>
<pin id="689" dir="1" index="3" bw="1" slack="0"/>
</pin_list>
<bind>
<opcode="bitselect(1000) " fcode="bitselect"/>
<opset="tmp_23/2 "/>
</bind>
</comp>

<comp id="693" class="1004" name="zext_ln11_37_fu_693">
<pin_list>
<pin id="694" dir="0" index="0" bw="1" slack="0"/>
<pin id="695" dir="1" index="1" bw="2" slack="0"/>
</pin_list>
<bind>
<opcode="zext(34) " fcode="zext"/>
<opset="zext_ln11_37/2 "/>
</bind>
</comp>

<comp id="697" class="1004" name="tmp_24_fu_697">
<pin_list>
<pin id="698" dir="0" index="0" bw="1" slack="0"/>
<pin id="699" dir="0" index="1" bw="16" slack="0"/>
<pin id="700" dir="0" index="2" bw="5" slack="0"/>
<pin id="701" dir="1" index="3" bw="1" slack="0"/>
</pin_list>
<bind>
<opcode="bitselect(1000) " fcode="bitselect"/>
<opset="tmp_24/2 "/>
</bind>
</comp>

<comp id="705" class="1004" name="zext_ln11_38_fu_705">
<pin_list>
<pin id="706" dir="0" index="0" bw="1" slack="0"/>
<pin id="707" dir="1" index="1" bw="2" slack="0"/>
</pin_list>
<bind>
<opcode="zext(34) " fcode="zext"/>
<opset="zext_ln11_38/2 "/>
</bind>
</comp>

<comp id="709" class="1004" name="tmp_25_fu_709">
<pin_list>
<pin id="710" dir="0" index="0" bw="1" slack="0"/>
<pin id="711" dir="0" index="1" bw="16" slack="0"/>
<pin id="712" dir="0" index="2" bw="5" slack="0"/>
<pin id="713" dir="1" index="3" bw="1" slack="0"/>
</pin_list>
<bind>
<opcode="bitselect(1000) " fcode="bitselect"/>
<opset="tmp_25/2 "/>
</bind>
</comp>

<comp id="717" class="1004" name="zext_ln11_39_fu_717">
<pin_list>
<pin id="718" dir="0" index="0" bw="1" slack="0"/>
<pin id="719" dir="1" index="1" bw="2" slack="0"/>
</pin_list>
<bind>
<opcode="zext(34) " fcode="zext"/>
<opset="zext_ln11_39/2 "/>
</bind>
</comp>

<comp id="721" class="1004" name="tmp_26_fu_721">
<pin_list>
<pin id="722" dir="0" index="0" bw="1" slack="0"/>
<pin id="723" dir="0" index="1" bw="16" slack="0"/>
<pin id="724" dir="0" index="2" bw="5" slack="0"/>
<pin id="725" dir="1" index="3" bw="1" slack="0"/>
</pin_list>
<bind>
<opcode="bitselect(1000) " fcode="bitselect"/>
<opset="tmp_26/2 "/>
</bind>
</comp>

<comp id="729" class="1004" name="zext_ln11_40_fu_729">
<pin_list>
<pin id="730" dir="0" index="0" bw="1" slack="0"/>
<pin id="731" dir="1" index="1" bw="2" slack="0"/>
</pin_list>
<bind>
<opcode="zext(34) " fcode="zext"/>
<opset="zext_ln11_40/2 "/>
</bind>
</comp>

<comp id="733" class="1004" name="tmp_27_fu_733">
<pin_list>
<pin id="734" dir="0" index="0" bw="1" slack="0"/>
<pin id="735" dir="0" index="1" bw="16" slack="0"/>
<pin id="736" dir="0" index="2" bw="5" slack="0"/>
<pin id="737" dir="1" index="3" bw="1" slack="0"/>
</pin_list>
<bind>
<opcode="bitselect(1000) " fcode="bitselect"/>
<opset="tmp_27/2 "/>
</bind>
</comp>

<comp id="741" class="1004" name="zext_ln11_41_fu_741">
<pin_list>
<pin id="742" dir="0" index="0" bw="1" slack="0"/>
<pin id="743" dir="1" index="1" bw="2" slack="0"/>
</pin_list>
<bind>
<opcode="zext(34) " fcode="zext"/>
<opset="zext_ln11_41/2 "/>
</bind>
</comp>

<comp id="745" class="1004" name="tmp_28_fu_745">
<pin_list>
<pin id="746" dir="0" index="0" bw="1" slack="0"/>
<pin id="747" dir="0" index="1" bw="16" slack="0"/>
<pin id="748" dir="0" index="2" bw="5" slack="0"/>
<pin id="749" dir="1" index="3" bw="1" slack="0"/>
</pin_list>
<bind>
<opcode="bitselect(1000) " fcode="bitselect"/>
<opset="tmp_28/2 "/>
</bind>
</comp>

<comp id="753" class="1004" name="zext_ln11_42_fu_753">
<pin_list>
<pin id="754" dir="0" index="0" bw="1" slack="0"/>
<pin id="755" dir="1" index="1" bw="2" slack="0"/>
</pin_list>
<bind>
<opcode="zext(34) " fcode="zext"/>
<opset="zext_ln11_42/2 "/>
</bind>
</comp>

<comp id="757" class="1004" name="tmp_29_fu_757">
<pin_list>
<pin id="758" dir="0" index="0" bw="1" slack="0"/>
<pin id="759" dir="0" index="1" bw="16" slack="0"/>
<pin id="760" dir="0" index="2" bw="5" slack="0"/>
<pin id="761" dir="1" index="3" bw="1" slack="0"/>
</pin_list>
<bind>
<opcode="bitselect(1000) " fcode="bitselect"/>
<opset="tmp_29/2 "/>
</bind>
</comp>

<comp id="765" class="1004" name="zext_ln11_43_fu_765">
<pin_list>
<pin id="766" dir="0" index="0" bw="1" slack="0"/>
<pin id="767" dir="1" index="1" bw="2" slack="0"/>
</pin_list>
<bind>
<opcode="zext(34) " fcode="zext"/>
<opset="zext_ln11_43/2 "/>
</bind>
</comp>

<comp id="769" class="1004" name="add_ln11_15_fu_769">
<pin_list>
<pin id="770" dir="0" index="0" bw="1" slack="0"/>
<pin id="771" dir="0" index="1" bw="1" slack="0"/>
<pin id="772" dir="1" index="2" bw="2" slack="0"/>
</pin_list>
<bind>
<opcode="add(8) " fcode="add"/>
<opset="add_ln11_15/2 "/>
</bind>
</comp>

<comp id="775" class="1004" name="zext_ln11_44_fu_775">
<pin_list>
<pin id="776" dir="0" index="0" bw="2" slack="0"/>
<pin id="777" dir="1" index="1" bw="3" slack="0"/>
</pin_list>
<bind>
<opcode="zext(34) " fcode="zext"/>
<opset="zext_ln11_44/2 "/>
</bind>
</comp>

<comp id="779" class="1004" name="add_ln11_16_fu_779">
<pin_list>
<pin id="780" dir="0" index="0" bw="1" slack="0"/>
<pin id="781" dir="0" index="1" bw="1" slack="0"/>
<pin id="782" dir="1" index="2" bw="2" slack="0"/>
</pin_list>
<bind>
<opcode="add(8) " fcode="add"/>
<opset="add_ln11_16/2 "/>
</bind>
</comp>

<comp id="785" class="1004" name="zext_ln11_45_fu_785">
<pin_list>
<pin id="786" dir="0" index="0" bw="2" slack="0"/>
<pin id="787" dir="1" index="1" bw="3" slack="0"/>
</pin_list>
<bind>
<opcode="zext(34) " fcode="zext"/>
<opset="zext_ln11_45/2 "/>
</bind>
</comp>

<comp id="789" class="1004" name="add_ln11_17_fu_789">
<pin_list>
<pin id="790" dir="0" index="0" bw="2" slack="0"/>
<pin id="791" dir="0" index="1" bw="2" slack="0"/>
<pin id="792" dir="1" index="2" bw="3" slack="1"/>
</pin_list>
<bind>
<opcode="add(8) " fcode="add"/>
<opset="add_ln11_17/2 "/>
</bind>
</comp>

<comp id="795" class="1004" name="add_ln11_18_fu_795">
<pin_list>
<pin id="796" dir="0" index="0" bw="1" slack="0"/>
<pin id="797" dir="0" index="1" bw="1" slack="0"/>
<pin id="798" dir="1" index="2" bw="2" slack="0"/>
</pin_list>
<bind>
<opcode="add(8) " fcode="add"/>
<opset="add_ln11_18/2 "/>
</bind>
</comp>

<comp id="801" class="1004" name="zext_ln11_47_fu_801">
<pin_list>
<pin id="802" dir="0" index="0" bw="2" slack="0"/>
<pin id="803" dir="1" index="1" bw="3" slack="0"/>
</pin_list>
<bind>
<opcode="zext(34) " fcode="zext"/>
<opset="zext_ln11_47/2 "/>
</bind>
</comp>

<comp id="805" class="1004" name="add_ln11_19_fu_805">
<pin_list>
<pin id="806" dir="0" index="0" bw="1" slack="0"/>
<pin id="807" dir="0" index="1" bw="1" slack="0"/>
<pin id="808" dir="1" index="2" bw="2" slack="0"/>
</pin_list>
<bind>
<opcode="add(8) " fcode="add"/>
<opset="add_ln11_19/2 "/>
</bind>
</comp>

<comp id="811" class="1004" name="zext_ln11_48_fu_811">
<pin_list>
<pin id="812" dir="0" index="0" bw="2" slack="0"/>
<pin id="813" dir="1" index="1" bw="3" slack="0"/>
</pin_list>
<bind>
<opcode="zext(34) " fcode="zext"/>
<opset="zext_ln11_48/2 "/>
</bind>
</comp>

<comp id="815" class="1004" name="add_ln11_20_fu_815">
<pin_list>
<pin id="816" dir="0" index="0" bw="2" slack="0"/>
<pin id="817" dir="0" index="1" bw="2" slack="0"/>
<pin id="818" dir="1" index="2" bw="3" slack="1"/>
</pin_list>
<bind>
<opcode="add(8) " fcode="add"/>
<opset="add_ln11_20/2 "/>
</bind>
</comp>

<comp id="821" class="1004" name="add_ln11_22_fu_821">
<pin_list>
<pin id="822" dir="0" index="0" bw="1" slack="0"/>
<pin id="823" dir="0" index="1" bw="1" slack="0"/>
<pin id="824" dir="1" index="2" bw="2" slack="0"/>
</pin_list>
<bind>
<opcode="add(8) " fcode="add"/>
<opset="add_ln11_22/2 "/>
</bind>
</comp>

<comp id="827" class="1004" name="zext_ln11_51_fu_827">
<pin_list>
<pin id="828" dir="0" index="0" bw="2" slack="0"/>
<pin id="829" dir="1" index="1" bw="3" slack="0"/>
</pin_list>
<bind>
<opcode="zext(34) " fcode="zext"/>
<opset="zext_ln11_51/2 "/>
</bind>
</comp>

<comp id="831" class="1004" name="add_ln11_23_fu_831">
<pin_list>
<pin id="832" dir="0" index="0" bw="1" slack="0"/>
<pin id="833" dir="0" index="1" bw="1" slack="0"/>
<pin id="834" dir="1" index="2" bw="2" slack="0"/>
</pin_list>
<bind>
<opcode="add(8) " fcode="add"/>
<opset="add_ln11_23/2 "/>
</bind>
</comp>

<comp id="837" class="1004" name="zext_ln11_52_fu_837">
<pin_list>
<pin id="838" dir="0" index="0" bw="2" slack="0"/>
<pin id="839" dir="1" index="1" bw="3" slack="0"/>
</pin_list>
<bind>
<opcode="zext(34) " fcode="zext"/>
<opset="zext_ln11_52/2 "/>
</bind>
</comp>

<comp id="841" class="1004" name="add_ln11_24_fu_841">
<pin_list>
<pin id="842" dir="0" index="0" bw="2" slack="0"/>
<pin id="843" dir="0" index="1" bw="2" slack="0"/>
<pin id="844" dir="1" index="2" bw="3" slack="1"/>
</pin_list>
<bind>
<opcode="add(8) " fcode="add"/>
<opset="add_ln11_24/2 "/>
</bind>
</comp>

<comp id="847" class="1004" name="add_ln11_25_fu_847">
<pin_list>
<pin id="848" dir="0" index="0" bw="1" slack="0"/>
<pin id="849" dir="0" index="1" bw="1" slack="0"/>
<pin id="850" dir="1" index="2" bw="2" slack="0"/>
</pin_list>
<bind>
<opcode="add(8) " fcode="add"/>
<opset="add_ln11_25/2 "/>
</bind>
</comp>

<comp id="853" class="1004" name="zext_ln11_54_fu_853">
<pin_list>
<pin id="854" dir="0" index="0" bw="2" slack="0"/>
<pin id="855" dir="1" index="1" bw="3" slack="0"/>
</pin_list>
<bind>
<opcode="zext(34) " fcode="zext"/>
<opset="zext_ln11_54/2 "/>
</bind>
</comp>

<comp id="857" class="1004" name="add_ln11_26_fu_857">
<pin_list>
<pin id="858" dir="0" index="0" bw="1" slack="0"/>
<pin id="859" dir="0" index="1" bw="1" slack="0"/>
<pin id="860" dir="1" index="2" bw="2" slack="0"/>
</pin_list>
<bind>
<opcode="add(8) " fcode="add"/>
<opset="add_ln11_26/2 "/>
</bind>
</comp>

<comp id="863" class="1004" name="zext_ln11_55_fu_863">
<pin_list>
<pin id="864" dir="0" index="0" bw="2" slack="0"/>
<pin id="865" dir="1" index="1" bw="3" slack="0"/>
</pin_list>
<bind>
<opcode="zext(34) " fcode="zext"/>
<opset="zext_ln11_55/2 "/>
</bind>
</comp>

<comp id="867" class="1004" name="add_ln11_27_fu_867">
<pin_list>
<pin id="868" dir="0" index="0" bw="2" slack="0"/>
<pin id="869" dir="0" index="1" bw="2" slack="0"/>
<pin id="870" dir="1" index="2" bw="3" slack="1"/>
</pin_list>
<bind>
<opcode="add(8) " fcode="add"/>
<opset="add_ln11_27/2 "/>
</bind>
</comp>

<comp id="873" class="1004" name="xor_ln60_4_fu_873">
<pin_list>
<pin id="874" dir="0" index="0" bw="16" slack="1"/>
<pin id="875" dir="0" index="1" bw="16" slack="0"/>
<pin id="876" dir="1" index="2" bw="16" slack="0"/>
</pin_list>
<bind>
<opcode="xor(25) " fcode="xor"/>
<opset="xor_ln60_4/2 "/>
</bind>
</comp>

<comp id="878" class="1004" name="xnor_2_fu_878">
<pin_list>
<pin id="879" dir="0" index="0" bw="16" slack="0"/>
<pin id="880" dir="0" index="1" bw="16" slack="0"/>
<pin id="881" dir="1" index="2" bw="16" slack="0"/>
</pin_list>
<bind>
<opcode="xor(25) " fcode="xor"/>
<opset="xnor_2/2 "/>
</bind>
</comp>

<comp id="884" class="1004" name="cnt_4_fu_884">
<pin_list>
<pin id="885" dir="0" index="0" bw="16" slack="0"/>
<pin id="886" dir="1" index="1" bw="1" slack="0"/>
</pin_list>
<bind>
<opcode="trunc(33) " fcode="trunc"/>
<opset="cnt_4/2 "/>
</bind>
</comp>

<comp id="888" class="1004" name="zext_ln8_2_fu_888">
<pin_list>
<pin id="889" dir="0" index="0" bw="1" slack="0"/>
<pin id="890" dir="1" index="1" bw="2" slack="0"/>
</pin_list>
<bind>
<opcode="zext(34) " fcode="zext"/>
<opset="zext_ln8_2/2 "/>
</bind>
</comp>

<comp id="892" class="1004" name="tmp_30_fu_892">
<pin_list>
<pin id="893" dir="0" index="0" bw="1" slack="0"/>
<pin id="894" dir="0" index="1" bw="16" slack="0"/>
<pin id="895" dir="0" index="2" bw="1" slack="0"/>
<pin id="896" dir="1" index="3" bw="1" slack="0"/>
</pin_list>
<bind>
<opcode="bitselect(1000) " fcode="bitselect"/>
<opset="tmp_30/2 "/>
</bind>
</comp>

<comp id="900" class="1004" name="zext_ln11_58_fu_900">
<pin_list>
<pin id="901" dir="0" index="0" bw="1" slack="0"/>
<pin id="902" dir="1" index="1" bw="2" slack="0"/>
</pin_list>
<bind>
<opcode="zext(34) " fcode="zext"/>
<opset="zext_ln11_58/2 "/>
</bind>
</comp>

<comp id="904" class="1004" name="tmp_31_fu_904">
<pin_list>
<pin id="905" dir="0" index="0" bw="1" slack="0"/>
<pin id="906" dir="0" index="1" bw="16" slack="0"/>
<pin id="907" dir="0" index="2" bw="3" slack="0"/>
<pin id="908" dir="1" index="3" bw="1" slack="0"/>
</pin_list>
<bind>
<opcode="bitselect(1000) " fcode="bitselect"/>
<opset="tmp_31/2 "/>
</bind>
</comp>

<comp id="912" class="1004" name="zext_ln11_59_fu_912">
<pin_list>
<pin id="913" dir="0" index="0" bw="1" slack="0"/>
<pin id="914" dir="1" index="1" bw="2" slack="0"/>
</pin_list>
<bind>
<opcode="zext(34) " fcode="zext"/>
<opset="zext_ln11_59/2 "/>
</bind>
</comp>

<comp id="916" class="1004" name="tmp_32_fu_916">
<pin_list>
<pin id="917" dir="0" index="0" bw="1" slack="0"/>
<pin id="918" dir="0" index="1" bw="16" slack="0"/>
<pin id="919" dir="0" index="2" bw="3" slack="0"/>
<pin id="920" dir="1" index="3" bw="1" slack="0"/>
</pin_list>
<bind>
<opcode="bitselect(1000) " fcode="bitselect"/>
<opset="tmp_32/2 "/>
</bind>
</comp>

<comp id="924" class="1004" name="zext_ln11_60_fu_924">
<pin_list>
<pin id="925" dir="0" index="0" bw="1" slack="0"/>
<pin id="926" dir="1" index="1" bw="2" slack="0"/>
</pin_list>
<bind>
<opcode="zext(34) " fcode="zext"/>
<opset="zext_ln11_60/2 "/>
</bind>
</comp>

<comp id="928" class="1004" name="tmp_33_fu_928">
<pin_list>
<pin id="929" dir="0" index="0" bw="1" slack="0"/>
<pin id="930" dir="0" index="1" bw="16" slack="0"/>
<pin id="931" dir="0" index="2" bw="4" slack="0"/>
<pin id="932" dir="1" index="3" bw="1" slack="0"/>
</pin_list>
<bind>
<opcode="bitselect(1000) " fcode="bitselect"/>
<opset="tmp_33/2 "/>
</bind>
</comp>

<comp id="936" class="1004" name="zext_ln11_61_fu_936">
<pin_list>
<pin id="937" dir="0" index="0" bw="1" slack="0"/>
<pin id="938" dir="1" index="1" bw="2" slack="0"/>
</pin_list>
<bind>
<opcode="zext(34) " fcode="zext"/>
<opset="zext_ln11_61/2 "/>
</bind>
</comp>

<comp id="940" class="1004" name="tmp_34_fu_940">
<pin_list>
<pin id="941" dir="0" index="0" bw="1" slack="0"/>
<pin id="942" dir="0" index="1" bw="16" slack="0"/>
<pin id="943" dir="0" index="2" bw="4" slack="0"/>
<pin id="944" dir="1" index="3" bw="1" slack="0"/>
</pin_list>
<bind>
<opcode="bitselect(1000) " fcode="bitselect"/>
<opset="tmp_34/2 "/>
</bind>
</comp>

<comp id="948" class="1004" name="zext_ln11_62_fu_948">
<pin_list>
<pin id="949" dir="0" index="0" bw="1" slack="0"/>
<pin id="950" dir="1" index="1" bw="2" slack="0"/>
</pin_list>
<bind>
<opcode="zext(34) " fcode="zext"/>
<opset="zext_ln11_62/2 "/>
</bind>
</comp>

<comp id="952" class="1004" name="tmp_35_fu_952">
<pin_list>
<pin id="953" dir="0" index="0" bw="1" slack="0"/>
<pin id="954" dir="0" index="1" bw="16" slack="0"/>
<pin id="955" dir="0" index="2" bw="4" slack="0"/>
<pin id="956" dir="1" index="3" bw="1" slack="0"/>
</pin_list>
<bind>
<opcode="bitselect(1000) " fcode="bitselect"/>
<opset="tmp_35/2 "/>
</bind>
</comp>

<comp id="960" class="1004" name="zext_ln11_63_fu_960">
<pin_list>
<pin id="961" dir="0" index="0" bw="1" slack="0"/>
<pin id="962" dir="1" index="1" bw="2" slack="0"/>
</pin_list>
<bind>
<opcode="zext(34) " fcode="zext"/>
<opset="zext_ln11_63/2 "/>
</bind>
</comp>

<comp id="964" class="1004" name="tmp_36_fu_964">
<pin_list>
<pin id="965" dir="0" index="0" bw="1" slack="0"/>
<pin id="966" dir="0" index="1" bw="16" slack="0"/>
<pin id="967" dir="0" index="2" bw="4" slack="0"/>
<pin id="968" dir="1" index="3" bw="1" slack="0"/>
</pin_list>
<bind>
<opcode="bitselect(1000) " fcode="bitselect"/>
<opset="tmp_36/2 "/>
</bind>
</comp>

<comp id="972" class="1004" name="zext_ln11_64_fu_972">
<pin_list>
<pin id="973" dir="0" index="0" bw="1" slack="0"/>
<pin id="974" dir="1" index="1" bw="2" slack="0"/>
</pin_list>
<bind>
<opcode="zext(34) " fcode="zext"/>
<opset="zext_ln11_64/2 "/>
</bind>
</comp>

<comp id="976" class="1004" name="tmp_37_fu_976">
<pin_list>
<pin id="977" dir="0" index="0" bw="1" slack="0"/>
<pin id="978" dir="0" index="1" bw="16" slack="0"/>
<pin id="979" dir="0" index="2" bw="5" slack="0"/>
<pin id="980" dir="1" index="3" bw="1" slack="0"/>
</pin_list>
<bind>
<opcode="bitselect(1000) " fcode="bitselect"/>
<opset="tmp_37/2 "/>
</bind>
</comp>

<comp id="984" class="1004" name="zext_ln11_65_fu_984">
<pin_list>
<pin id="985" dir="0" index="0" bw="1" slack="0"/>
<pin id="986" dir="1" index="1" bw="2" slack="0"/>
</pin_list>
<bind>
<opcode="zext(34) " fcode="zext"/>
<opset="zext_ln11_65/2 "/>
</bind>
</comp>

<comp id="988" class="1004" name="tmp_38_fu_988">
<pin_list>
<pin id="989" dir="0" index="0" bw="1" slack="0"/>
<pin id="990" dir="0" index="1" bw="16" slack="0"/>
<pin id="991" dir="0" index="2" bw="5" slack="0"/>
<pin id="992" dir="1" index="3" bw="1" slack="0"/>
</pin_list>
<bind>
<opcode="bitselect(1000) " fcode="bitselect"/>
<opset="tmp_38/2 "/>
</bind>
</comp>

<comp id="996" class="1004" name="zext_ln11_66_fu_996">
<pin_list>
<pin id="997" dir="0" index="0" bw="1" slack="0"/>
<pin id="998" dir="1" index="1" bw="2" slack="0"/>
</pin_list>
<bind>
<opcode="zext(34) " fcode="zext"/>
<opset="zext_ln11_66/2 "/>
</bind>
</comp>

<comp id="1000" class="1004" name="tmp_39_fu_1000">
<pin_list>
<pin id="1001" dir="0" index="0" bw="1" slack="0"/>
<pin id="1002" dir="0" index="1" bw="16" slack="0"/>
<pin id="1003" dir="0" index="2" bw="5" slack="0"/>
<pin id="1004" dir="1" index="3" bw="1" slack="0"/>
</pin_list>
<bind>
<opcode="bitselect(1000) " fcode="bitselect"/>
<opset="tmp_39/2 "/>
</bind>
</comp>

<comp id="1008" class="1004" name="zext_ln11_67_fu_1008">
<pin_list>
<pin id="1009" dir="0" index="0" bw="1" slack="0"/>
<pin id="1010" dir="1" index="1" bw="2" slack="0"/>
</pin_list>
<bind>
<opcode="zext(34) " fcode="zext"/>
<opset="zext_ln11_67/2 "/>
</bind>
</comp>

<comp id="1012" class="1004" name="tmp_40_fu_1012">
<pin_list>
<pin id="1013" dir="0" index="0" bw="1" slack="0"/>
<pin id="1014" dir="0" index="1" bw="16" slack="0"/>
<pin id="1015" dir="0" index="2" bw="5" slack="0"/>
<pin id="1016" dir="1" index="3" bw="1" slack="0"/>
</pin_list>
<bind>
<opcode="bitselect(1000) " fcode="bitselect"/>
<opset="tmp_40/2 "/>
</bind>
</comp>

<comp id="1020" class="1004" name="zext_ln11_68_fu_1020">
<pin_list>
<pin id="1021" dir="0" index="0" bw="1" slack="0"/>
<pin id="1022" dir="1" index="1" bw="2" slack="0"/>
</pin_list>
<bind>
<opcode="zext(34) " fcode="zext"/>
<opset="zext_ln11_68/2 "/>
</bind>
</comp>

<comp id="1024" class="1004" name="tmp_41_fu_1024">
<pin_list>
<pin id="1025" dir="0" index="0" bw="1" slack="0"/>
<pin id="1026" dir="0" index="1" bw="16" slack="0"/>
<pin id="1027" dir="0" index="2" bw="5" slack="0"/>
<pin id="1028" dir="1" index="3" bw="1" slack="0"/>
</pin_list>
<bind>
<opcode="bitselect(1000) " fcode="bitselect"/>
<opset="tmp_41/2 "/>
</bind>
</comp>

<comp id="1032" class="1004" name="zext_ln11_69_fu_1032">
<pin_list>
<pin id="1033" dir="0" index="0" bw="1" slack="0"/>
<pin id="1034" dir="1" index="1" bw="2" slack="0"/>
</pin_list>
<bind>
<opcode="zext(34) " fcode="zext"/>
<opset="zext_ln11_69/2 "/>
</bind>
</comp>

<comp id="1036" class="1004" name="tmp_42_fu_1036">
<pin_list>
<pin id="1037" dir="0" index="0" bw="1" slack="0"/>
<pin id="1038" dir="0" index="1" bw="16" slack="0"/>
<pin id="1039" dir="0" index="2" bw="5" slack="0"/>
<pin id="1040" dir="1" index="3" bw="1" slack="0"/>
</pin_list>
<bind>
<opcode="bitselect(1000) " fcode="bitselect"/>
<opset="tmp_42/2 "/>
</bind>
</comp>

<comp id="1044" class="1004" name="zext_ln11_70_fu_1044">
<pin_list>
<pin id="1045" dir="0" index="0" bw="1" slack="0"/>
<pin id="1046" dir="1" index="1" bw="2" slack="0"/>
</pin_list>
<bind>
<opcode="zext(34) " fcode="zext"/>
<opset="zext_ln11_70/2 "/>
</bind>
</comp>

<comp id="1048" class="1004" name="tmp_43_fu_1048">
<pin_list>
<pin id="1049" dir="0" index="0" bw="1" slack="0"/>
<pin id="1050" dir="0" index="1" bw="16" slack="0"/>
<pin id="1051" dir="0" index="2" bw="5" slack="0"/>
<pin id="1052" dir="1" index="3" bw="1" slack="0"/>
</pin_list>
<bind>
<opcode="bitselect(1000) " fcode="bitselect"/>
<opset="tmp_43/2 "/>
</bind>
</comp>

<comp id="1056" class="1004" name="zext_ln11_71_fu_1056">
<pin_list>
<pin id="1057" dir="0" index="0" bw="1" slack="0"/>
<pin id="1058" dir="1" index="1" bw="2" slack="0"/>
</pin_list>
<bind>
<opcode="zext(34) " fcode="zext"/>
<opset="zext_ln11_71/2 "/>
</bind>
</comp>

<comp id="1060" class="1004" name="tmp_44_fu_1060">
<pin_list>
<pin id="1061" dir="0" index="0" bw="1" slack="0"/>
<pin id="1062" dir="0" index="1" bw="16" slack="0"/>
<pin id="1063" dir="0" index="2" bw="5" slack="0"/>
<pin id="1064" dir="1" index="3" bw="1" slack="0"/>
</pin_list>
<bind>
<opcode="bitselect(1000) " fcode="bitselect"/>
<opset="tmp_44/2 "/>
</bind>
</comp>

<comp id="1068" class="1004" name="zext_ln11_72_fu_1068">
<pin_list>
<pin id="1069" dir="0" index="0" bw="1" slack="0"/>
<pin id="1070" dir="1" index="1" bw="2" slack="0"/>
</pin_list>
<bind>
<opcode="zext(34) " fcode="zext"/>
<opset="zext_ln11_72/2 "/>
</bind>
</comp>

<comp id="1072" class="1004" name="add_ln11_30_fu_1072">
<pin_list>
<pin id="1073" dir="0" index="0" bw="1" slack="0"/>
<pin id="1074" dir="0" index="1" bw="1" slack="0"/>
<pin id="1075" dir="1" index="2" bw="2" slack="0"/>
</pin_list>
<bind>
<opcode="add(8) " fcode="add"/>
<opset="add_ln11_30/2 "/>
</bind>
</comp>

<comp id="1078" class="1004" name="zext_ln11_73_fu_1078">
<pin_list>
<pin id="1079" dir="0" index="0" bw="2" slack="0"/>
<pin id="1080" dir="1" index="1" bw="3" slack="0"/>
</pin_list>
<bind>
<opcode="zext(34) " fcode="zext"/>
<opset="zext_ln11_73/2 "/>
</bind>
</comp>

<comp id="1082" class="1004" name="add_ln11_31_fu_1082">
<pin_list>
<pin id="1083" dir="0" index="0" bw="1" slack="0"/>
<pin id="1084" dir="0" index="1" bw="1" slack="0"/>
<pin id="1085" dir="1" index="2" bw="2" slack="0"/>
</pin_list>
<bind>
<opcode="add(8) " fcode="add"/>
<opset="add_ln11_31/2 "/>
</bind>
</comp>

<comp id="1088" class="1004" name="zext_ln11_74_fu_1088">
<pin_list>
<pin id="1089" dir="0" index="0" bw="2" slack="0"/>
<pin id="1090" dir="1" index="1" bw="3" slack="0"/>
</pin_list>
<bind>
<opcode="zext(34) " fcode="zext"/>
<opset="zext_ln11_74/2 "/>
</bind>
</comp>

<comp id="1092" class="1004" name="add_ln11_32_fu_1092">
<pin_list>
<pin id="1093" dir="0" index="0" bw="2" slack="0"/>
<pin id="1094" dir="0" index="1" bw="2" slack="0"/>
<pin id="1095" dir="1" index="2" bw="3" slack="1"/>
</pin_list>
<bind>
<opcode="add(8) " fcode="add"/>
<opset="add_ln11_32/2 "/>
</bind>
</comp>

<comp id="1098" class="1004" name="add_ln11_33_fu_1098">
<pin_list>
<pin id="1099" dir="0" index="0" bw="1" slack="0"/>
<pin id="1100" dir="0" index="1" bw="1" slack="0"/>
<pin id="1101" dir="1" index="2" bw="2" slack="0"/>
</pin_list>
<bind>
<opcode="add(8) " fcode="add"/>
<opset="add_ln11_33/2 "/>
</bind>
</comp>

<comp id="1104" class="1004" name="zext_ln11_76_fu_1104">
<pin_list>
<pin id="1105" dir="0" index="0" bw="2" slack="0"/>
<pin id="1106" dir="1" index="1" bw="3" slack="0"/>
</pin_list>
<bind>
<opcode="zext(34) " fcode="zext"/>
<opset="zext_ln11_76/2 "/>
</bind>
</comp>

<comp id="1108" class="1004" name="add_ln11_34_fu_1108">
<pin_list>
<pin id="1109" dir="0" index="0" bw="1" slack="0"/>
<pin id="1110" dir="0" index="1" bw="1" slack="0"/>
<pin id="1111" dir="1" index="2" bw="2" slack="0"/>
</pin_list>
<bind>
<opcode="add(8) " fcode="add"/>
<opset="add_ln11_34/2 "/>
</bind>
</comp>

<comp id="1114" class="1004" name="zext_ln11_77_fu_1114">
<pin_list>
<pin id="1115" dir="0" index="0" bw="2" slack="0"/>
<pin id="1116" dir="1" index="1" bw="3" slack="0"/>
</pin_list>
<bind>
<opcode="zext(34) " fcode="zext"/>
<opset="zext_ln11_77/2 "/>
</bind>
</comp>

<comp id="1118" class="1004" name="add_ln11_35_fu_1118">
<pin_list>
<pin id="1119" dir="0" index="0" bw="2" slack="0"/>
<pin id="1120" dir="0" index="1" bw="2" slack="0"/>
<pin id="1121" dir="1" index="2" bw="3" slack="1"/>
</pin_list>
<bind>
<opcode="add(8) " fcode="add"/>
<opset="add_ln11_35/2 "/>
</bind>
</comp>

<comp id="1124" class="1004" name="add_ln11_37_fu_1124">
<pin_list>
<pin id="1125" dir="0" index="0" bw="1" slack="0"/>
<pin id="1126" dir="0" index="1" bw="1" slack="0"/>
<pin id="1127" dir="1" index="2" bw="2" slack="0"/>
</pin_list>
<bind>
<opcode="add(8) " fcode="add"/>
<opset="add_ln11_37/2 "/>
</bind>
</comp>

<comp id="1130" class="1004" name="zext_ln11_80_fu_1130">
<pin_list>
<pin id="1131" dir="0" index="0" bw="2" slack="0"/>
<pin id="1132" dir="1" index="1" bw="3" slack="0"/>
</pin_list>
<bind>
<opcode="zext(34) " fcode="zext"/>
<opset="zext_ln11_80/2 "/>
</bind>
</comp>

<comp id="1134" class="1004" name="add_ln11_38_fu_1134">
<pin_list>
<pin id="1135" dir="0" index="0" bw="1" slack="0"/>
<pin id="1136" dir="0" index="1" bw="1" slack="0"/>
<pin id="1137" dir="1" index="2" bw="2" slack="0"/>
</pin_list>
<bind>
<opcode="add(8) " fcode="add"/>
<opset="add_ln11_38/2 "/>
</bind>
</comp>

<comp id="1140" class="1004" name="zext_ln11_81_fu_1140">
<pin_list>
<pin id="1141" dir="0" index="0" bw="2" slack="0"/>
<pin id="1142" dir="1" index="1" bw="3" slack="0"/>
</pin_list>
<bind>
<opcode="zext(34) " fcode="zext"/>
<opset="zext_ln11_81/2 "/>
</bind>
</comp>

<comp id="1144" class="1004" name="add_ln11_39_fu_1144">
<pin_list>
<pin id="1145" dir="0" index="0" bw="2" slack="0"/>
<pin id="1146" dir="0" index="1" bw="2" slack="0"/>
<pin id="1147" dir="1" index="2" bw="3" slack="1"/>
</pin_list>
<bind>
<opcode="add(8) " fcode="add"/>
<opset="add_ln11_39/2 "/>
</bind>
</comp>

<comp id="1150" class="1004" name="add_ln11_40_fu_1150">
<pin_list>
<pin id="1151" dir="0" index="0" bw="1" slack="0"/>
<pin id="1152" dir="0" index="1" bw="1" slack="0"/>
<pin id="1153" dir="1" index="2" bw="2" slack="0"/>
</pin_list>
<bind>
<opcode="add(8) " fcode="add"/>
<opset="add_ln11_40/2 "/>
</bind>
</comp>

<comp id="1156" class="1004" name="zext_ln11_83_fu_1156">
<pin_list>
<pin id="1157" dir="0" index="0" bw="2" slack="0"/>
<pin id="1158" dir="1" index="1" bw="3" slack="0"/>
</pin_list>
<bind>
<opcode="zext(34) " fcode="zext"/>
<opset="zext_ln11_83/2 "/>
</bind>
</comp>

<comp id="1160" class="1004" name="add_ln11_41_fu_1160">
<pin_list>
<pin id="1161" dir="0" index="0" bw="1" slack="0"/>
<pin id="1162" dir="0" index="1" bw="1" slack="0"/>
<pin id="1163" dir="1" index="2" bw="2" slack="0"/>
</pin_list>
<bind>
<opcode="add(8) " fcode="add"/>
<opset="add_ln11_41/2 "/>
</bind>
</comp>

<comp id="1166" class="1004" name="zext_ln11_84_fu_1166">
<pin_list>
<pin id="1167" dir="0" index="0" bw="2" slack="0"/>
<pin id="1168" dir="1" index="1" bw="3" slack="0"/>
</pin_list>
<bind>
<opcode="zext(34) " fcode="zext"/>
<opset="zext_ln11_84/2 "/>
</bind>
</comp>

<comp id="1170" class="1004" name="add_ln11_42_fu_1170">
<pin_list>
<pin id="1171" dir="0" index="0" bw="2" slack="0"/>
<pin id="1172" dir="0" index="1" bw="2" slack="0"/>
<pin id="1173" dir="1" index="2" bw="3" slack="1"/>
</pin_list>
<bind>
<opcode="add(8) " fcode="add"/>
<opset="add_ln11_42/2 "/>
</bind>
</comp>

<comp id="1176" class="1004" name="xor_ln60_6_fu_1176">
<pin_list>
<pin id="1177" dir="0" index="0" bw="16" slack="1"/>
<pin id="1178" dir="0" index="1" bw="16" slack="0"/>
<pin id="1179" dir="1" index="2" bw="16" slack="0"/>
</pin_list>
<bind>
<opcode="xor(25) " fcode="xor"/>
<opset="xor_ln60_6/2 "/>
</bind>
</comp>

<comp id="1181" class="1004" name="xnor_3_fu_1181">
<pin_list>
<pin id="1182" dir="0" index="0" bw="16" slack="0"/>
<pin id="1183" dir="0" index="1" bw="16" slack="0"/>
<pin id="1184" dir="1" index="2" bw="16" slack="0"/>
</pin_list>
<bind>
<opcode="xor(25) " fcode="xor"/>
<opset="xnor_3/2 "/>
</bind>
</comp>

<comp id="1187" class="1004" name="cnt_6_fu_1187">
<pin_list>
<pin id="1188" dir="0" index="0" bw="16" slack="0"/>
<pin id="1189" dir="1" index="1" bw="1" slack="0"/>
</pin_list>
<bind>
<opcode="trunc(33) " fcode="trunc"/>
<opset="cnt_6/2 "/>
</bind>
</comp>

<comp id="1191" class="1004" name="zext_ln8_3_fu_1191">
<pin_list>
<pin id="1192" dir="0" index="0" bw="1" slack="0"/>
<pin id="1193" dir="1" index="1" bw="2" slack="0"/>
</pin_list>
<bind>
<opcode="zext(34) " fcode="zext"/>
<opset="zext_ln8_3/2 "/>
</bind>
</comp>

<comp id="1195" class="1004" name="tmp_45_fu_1195">
<pin_list>
<pin id="1196" dir="0" index="0" bw="1" slack="0"/>
<pin id="1197" dir="0" index="1" bw="16" slack="0"/>
<pin id="1198" dir="0" index="2" bw="1" slack="0"/>
<pin id="1199" dir="1" index="3" bw="1" slack="0"/>
</pin_list>
<bind>
<opcode="bitselect(1000) " fcode="bitselect"/>
<opset="tmp_45/2 "/>
</bind>
</comp>

<comp id="1203" class="1004" name="zext_ln11_87_fu_1203">
<pin_list>
<pin id="1204" dir="0" index="0" bw="1" slack="0"/>
<pin id="1205" dir="1" index="1" bw="2" slack="0"/>
</pin_list>
<bind>
<opcode="zext(34) " fcode="zext"/>
<opset="zext_ln11_87/2 "/>
</bind>
</comp>

<comp id="1207" class="1004" name="tmp_46_fu_1207">
<pin_list>
<pin id="1208" dir="0" index="0" bw="1" slack="0"/>
<pin id="1209" dir="0" index="1" bw="16" slack="0"/>
<pin id="1210" dir="0" index="2" bw="3" slack="0"/>
<pin id="1211" dir="1" index="3" bw="1" slack="0"/>
</pin_list>
<bind>
<opcode="bitselect(1000) " fcode="bitselect"/>
<opset="tmp_46/2 "/>
</bind>
</comp>

<comp id="1215" class="1004" name="zext_ln11_88_fu_1215">
<pin_list>
<pin id="1216" dir="0" index="0" bw="1" slack="0"/>
<pin id="1217" dir="1" index="1" bw="2" slack="0"/>
</pin_list>
<bind>
<opcode="zext(34) " fcode="zext"/>
<opset="zext_ln11_88/2 "/>
</bind>
</comp>

<comp id="1219" class="1004" name="tmp_47_fu_1219">
<pin_list>
<pin id="1220" dir="0" index="0" bw="1" slack="0"/>
<pin id="1221" dir="0" index="1" bw="16" slack="0"/>
<pin id="1222" dir="0" index="2" bw="3" slack="0"/>
<pin id="1223" dir="1" index="3" bw="1" slack="0"/>
</pin_list>
<bind>
<opcode="bitselect(1000) " fcode="bitselect"/>
<opset="tmp_47/2 "/>
</bind>
</comp>

<comp id="1227" class="1004" name="zext_ln11_89_fu_1227">
<pin_list>
<pin id="1228" dir="0" index="0" bw="1" slack="0"/>
<pin id="1229" dir="1" index="1" bw="2" slack="0"/>
</pin_list>
<bind>
<opcode="zext(34) " fcode="zext"/>
<opset="zext_ln11_89/2 "/>
</bind>
</comp>

<comp id="1231" class="1004" name="tmp_48_fu_1231">
<pin_list>
<pin id="1232" dir="0" index="0" bw="1" slack="0"/>
<pin id="1233" dir="0" index="1" bw="16" slack="0"/>
<pin id="1234" dir="0" index="2" bw="4" slack="0"/>
<pin id="1235" dir="1" index="3" bw="1" slack="0"/>
</pin_list>
<bind>
<opcode="bitselect(1000) " fcode="bitselect"/>
<opset="tmp_48/2 "/>
</bind>
</comp>

<comp id="1239" class="1004" name="zext_ln11_90_fu_1239">
<pin_list>
<pin id="1240" dir="0" index="0" bw="1" slack="0"/>
<pin id="1241" dir="1" index="1" bw="2" slack="0"/>
</pin_list>
<bind>
<opcode="zext(34) " fcode="zext"/>
<opset="zext_ln11_90/2 "/>
</bind>
</comp>

<comp id="1243" class="1004" name="tmp_49_fu_1243">
<pin_list>
<pin id="1244" dir="0" index="0" bw="1" slack="0"/>
<pin id="1245" dir="0" index="1" bw="16" slack="0"/>
<pin id="1246" dir="0" index="2" bw="4" slack="0"/>
<pin id="1247" dir="1" index="3" bw="1" slack="0"/>
</pin_list>
<bind>
<opcode="bitselect(1000) " fcode="bitselect"/>
<opset="tmp_49/2 "/>
</bind>
</comp>

<comp id="1251" class="1004" name="zext_ln11_91_fu_1251">
<pin_list>
<pin id="1252" dir="0" index="0" bw="1" slack="0"/>
<pin id="1253" dir="1" index="1" bw="2" slack="0"/>
</pin_list>
<bind>
<opcode="zext(34) " fcode="zext"/>
<opset="zext_ln11_91/2 "/>
</bind>
</comp>

<comp id="1255" class="1004" name="tmp_50_fu_1255">
<pin_list>
<pin id="1256" dir="0" index="0" bw="1" slack="0"/>
<pin id="1257" dir="0" index="1" bw="16" slack="0"/>
<pin id="1258" dir="0" index="2" bw="4" slack="0"/>
<pin id="1259" dir="1" index="3" bw="1" slack="0"/>
</pin_list>
<bind>
<opcode="bitselect(1000) " fcode="bitselect"/>
<opset="tmp_50/2 "/>
</bind>
</comp>

<comp id="1263" class="1004" name="zext_ln11_92_fu_1263">
<pin_list>
<pin id="1264" dir="0" index="0" bw="1" slack="0"/>
<pin id="1265" dir="1" index="1" bw="2" slack="0"/>
</pin_list>
<bind>
<opcode="zext(34) " fcode="zext"/>
<opset="zext_ln11_92/2 "/>
</bind>
</comp>

<comp id="1267" class="1004" name="tmp_51_fu_1267">
<pin_list>
<pin id="1268" dir="0" index="0" bw="1" slack="0"/>
<pin id="1269" dir="0" index="1" bw="16" slack="0"/>
<pin id="1270" dir="0" index="2" bw="4" slack="0"/>
<pin id="1271" dir="1" index="3" bw="1" slack="0"/>
</pin_list>
<bind>
<opcode="bitselect(1000) " fcode="bitselect"/>
<opset="tmp_51/2 "/>
</bind>
</comp>

<comp id="1275" class="1004" name="zext_ln11_93_fu_1275">
<pin_list>
<pin id="1276" dir="0" index="0" bw="1" slack="0"/>
<pin id="1277" dir="1" index="1" bw="2" slack="0"/>
</pin_list>
<bind>
<opcode="zext(34) " fcode="zext"/>
<opset="zext_ln11_93/2 "/>
</bind>
</comp>

<comp id="1279" class="1004" name="tmp_52_fu_1279">
<pin_list>
<pin id="1280" dir="0" index="0" bw="1" slack="0"/>
<pin id="1281" dir="0" index="1" bw="16" slack="0"/>
<pin id="1282" dir="0" index="2" bw="5" slack="0"/>
<pin id="1283" dir="1" index="3" bw="1" slack="0"/>
</pin_list>
<bind>
<opcode="bitselect(1000) " fcode="bitselect"/>
<opset="tmp_52/2 "/>
</bind>
</comp>

<comp id="1287" class="1004" name="zext_ln11_94_fu_1287">
<pin_list>
<pin id="1288" dir="0" index="0" bw="1" slack="0"/>
<pin id="1289" dir="1" index="1" bw="2" slack="0"/>
</pin_list>
<bind>
<opcode="zext(34) " fcode="zext"/>
<opset="zext_ln11_94/2 "/>
</bind>
</comp>

<comp id="1291" class="1004" name="tmp_53_fu_1291">
<pin_list>
<pin id="1292" dir="0" index="0" bw="1" slack="0"/>
<pin id="1293" dir="0" index="1" bw="16" slack="0"/>
<pin id="1294" dir="0" index="2" bw="5" slack="0"/>
<pin id="1295" dir="1" index="3" bw="1" slack="0"/>
</pin_list>
<bind>
<opcode="bitselect(1000) " fcode="bitselect"/>
<opset="tmp_53/2 "/>
</bind>
</comp>

<comp id="1299" class="1004" name="zext_ln11_95_fu_1299">
<pin_list>
<pin id="1300" dir="0" index="0" bw="1" slack="0"/>
<pin id="1301" dir="1" index="1" bw="2" slack="0"/>
</pin_list>
<bind>
<opcode="zext(34) " fcode="zext"/>
<opset="zext_ln11_95/2 "/>
</bind>
</comp>

<comp id="1303" class="1004" name="tmp_54_fu_1303">
<pin_list>
<pin id="1304" dir="0" index="0" bw="1" slack="0"/>
<pin id="1305" dir="0" index="1" bw="16" slack="0"/>
<pin id="1306" dir="0" index="2" bw="5" slack="0"/>
<pin id="1307" dir="1" index="3" bw="1" slack="0"/>
</pin_list>
<bind>
<opcode="bitselect(1000) " fcode="bitselect"/>
<opset="tmp_54/2 "/>
</bind>
</comp>

<comp id="1311" class="1004" name="zext_ln11_96_fu_1311">
<pin_list>
<pin id="1312" dir="0" index="0" bw="1" slack="0"/>
<pin id="1313" dir="1" index="1" bw="2" slack="0"/>
</pin_list>
<bind>
<opcode="zext(34) " fcode="zext"/>
<opset="zext_ln11_96/2 "/>
</bind>
</comp>

<comp id="1315" class="1004" name="tmp_55_fu_1315">
<pin_list>
<pin id="1316" dir="0" index="0" bw="1" slack="0"/>
<pin id="1317" dir="0" index="1" bw="16" slack="0"/>
<pin id="1318" dir="0" index="2" bw="5" slack="0"/>
<pin id="1319" dir="1" index="3" bw="1" slack="0"/>
</pin_list>
<bind>
<opcode="bitselect(1000) " fcode="bitselect"/>
<opset="tmp_55/2 "/>
</bind>
</comp>

<comp id="1323" class="1004" name="zext_ln11_97_fu_1323">
<pin_list>
<pin id="1324" dir="0" index="0" bw="1" slack="0"/>
<pin id="1325" dir="1" index="1" bw="2" slack="0"/>
</pin_list>
<bind>
<opcode="zext(34) " fcode="zext"/>
<opset="zext_ln11_97/2 "/>
</bind>
</comp>

<comp id="1327" class="1004" name="tmp_56_fu_1327">
<pin_list>
<pin id="1328" dir="0" index="0" bw="1" slack="0"/>
<pin id="1329" dir="0" index="1" bw="16" slack="0"/>
<pin id="1330" dir="0" index="2" bw="5" slack="0"/>
<pin id="1331" dir="1" index="3" bw="1" slack="0"/>
</pin_list>
<bind>
<opcode="bitselect(1000) " fcode="bitselect"/>
<opset="tmp_56/2 "/>
</bind>
</comp>

<comp id="1335" class="1004" name="zext_ln11_98_fu_1335">
<pin_list>
<pin id="1336" dir="0" index="0" bw="1" slack="0"/>
<pin id="1337" dir="1" index="1" bw="2" slack="0"/>
</pin_list>
<bind>
<opcode="zext(34) " fcode="zext"/>
<opset="zext_ln11_98/2 "/>
</bind>
</comp>

<comp id="1339" class="1004" name="tmp_57_fu_1339">
<pin_list>
<pin id="1340" dir="0" index="0" bw="1" slack="0"/>
<pin id="1341" dir="0" index="1" bw="16" slack="0"/>
<pin id="1342" dir="0" index="2" bw="5" slack="0"/>
<pin id="1343" dir="1" index="3" bw="1" slack="0"/>
</pin_list>
<bind>
<opcode="bitselect(1000) " fcode="bitselect"/>
<opset="tmp_57/2 "/>
</bind>
</comp>

<comp id="1347" class="1004" name="zext_ln11_99_fu_1347">
<pin_list>
<pin id="1348" dir="0" index="0" bw="1" slack="0"/>
<pin id="1349" dir="1" index="1" bw="2" slack="0"/>
</pin_list>
<bind>
<opcode="zext(34) " fcode="zext"/>
<opset="zext_ln11_99/2 "/>
</bind>
</comp>

<comp id="1351" class="1004" name="tmp_58_fu_1351">
<pin_list>
<pin id="1352" dir="0" index="0" bw="1" slack="0"/>
<pin id="1353" dir="0" index="1" bw="16" slack="0"/>
<pin id="1354" dir="0" index="2" bw="5" slack="0"/>
<pin id="1355" dir="1" index="3" bw="1" slack="0"/>
</pin_list>
<bind>
<opcode="bitselect(1000) " fcode="bitselect"/>
<opset="tmp_58/2 "/>
</bind>
</comp>

<comp id="1359" class="1004" name="zext_ln11_100_fu_1359">
<pin_list>
<pin id="1360" dir="0" index="0" bw="1" slack="0"/>
<pin id="1361" dir="1" index="1" bw="2" slack="0"/>
</pin_list>
<bind>
<opcode="zext(34) " fcode="zext"/>
<opset="zext_ln11_100/2 "/>
</bind>
</comp>

<comp id="1363" class="1004" name="tmp_59_fu_1363">
<pin_list>
<pin id="1364" dir="0" index="0" bw="1" slack="0"/>
<pin id="1365" dir="0" index="1" bw="16" slack="0"/>
<pin id="1366" dir="0" index="2" bw="5" slack="0"/>
<pin id="1367" dir="1" index="3" bw="1" slack="0"/>
</pin_list>
<bind>
<opcode="bitselect(1000) " fcode="bitselect"/>
<opset="tmp_59/2 "/>
</bind>
</comp>

<comp id="1371" class="1004" name="zext_ln11_101_fu_1371">
<pin_list>
<pin id="1372" dir="0" index="0" bw="1" slack="0"/>
<pin id="1373" dir="1" index="1" bw="2" slack="0"/>
</pin_list>
<bind>
<opcode="zext(34) " fcode="zext"/>
<opset="zext_ln11_101/2 "/>
</bind>
</comp>

<comp id="1375" class="1004" name="add_ln11_45_fu_1375">
<pin_list>
<pin id="1376" dir="0" index="0" bw="1" slack="0"/>
<pin id="1377" dir="0" index="1" bw="1" slack="0"/>
<pin id="1378" dir="1" index="2" bw="2" slack="0"/>
</pin_list>
<bind>
<opcode="add(8) " fcode="add"/>
<opset="add_ln11_45/2 "/>
</bind>
</comp>

<comp id="1381" class="1004" name="zext_ln11_102_fu_1381">
<pin_list>
<pin id="1382" dir="0" index="0" bw="2" slack="0"/>
<pin id="1383" dir="1" index="1" bw="3" slack="0"/>
</pin_list>
<bind>
<opcode="zext(34) " fcode="zext"/>
<opset="zext_ln11_102/2 "/>
</bind>
</comp>

<comp id="1385" class="1004" name="add_ln11_46_fu_1385">
<pin_list>
<pin id="1386" dir="0" index="0" bw="1" slack="0"/>
<pin id="1387" dir="0" index="1" bw="1" slack="0"/>
<pin id="1388" dir="1" index="2" bw="2" slack="0"/>
</pin_list>
<bind>
<opcode="add(8) " fcode="add"/>
<opset="add_ln11_46/2 "/>
</bind>
</comp>

<comp id="1391" class="1004" name="zext_ln11_103_fu_1391">
<pin_list>
<pin id="1392" dir="0" index="0" bw="2" slack="0"/>
<pin id="1393" dir="1" index="1" bw="3" slack="0"/>
</pin_list>
<bind>
<opcode="zext(34) " fcode="zext"/>
<opset="zext_ln11_103/2 "/>
</bind>
</comp>

<comp id="1395" class="1004" name="add_ln11_47_fu_1395">
<pin_list>
<pin id="1396" dir="0" index="0" bw="2" slack="0"/>
<pin id="1397" dir="0" index="1" bw="2" slack="0"/>
<pin id="1398" dir="1" index="2" bw="3" slack="1"/>
</pin_list>
<bind>
<opcode="add(8) " fcode="add"/>
<opset="add_ln11_47/2 "/>
</bind>
</comp>

<comp id="1401" class="1004" name="add_ln11_48_fu_1401">
<pin_list>
<pin id="1402" dir="0" index="0" bw="1" slack="0"/>
<pin id="1403" dir="0" index="1" bw="1" slack="0"/>
<pin id="1404" dir="1" index="2" bw="2" slack="0"/>
</pin_list>
<bind>
<opcode="add(8) " fcode="add"/>
<opset="add_ln11_48/2 "/>
</bind>
</comp>

<comp id="1407" class="1004" name="zext_ln11_105_fu_1407">
<pin_list>
<pin id="1408" dir="0" index="0" bw="2" slack="0"/>
<pin id="1409" dir="1" index="1" bw="3" slack="0"/>
</pin_list>
<bind>
<opcode="zext(34) " fcode="zext"/>
<opset="zext_ln11_105/2 "/>
</bind>
</comp>

<comp id="1411" class="1004" name="add_ln11_49_fu_1411">
<pin_list>
<pin id="1412" dir="0" index="0" bw="1" slack="0"/>
<pin id="1413" dir="0" index="1" bw="1" slack="0"/>
<pin id="1414" dir="1" index="2" bw="2" slack="0"/>
</pin_list>
<bind>
<opcode="add(8) " fcode="add"/>
<opset="add_ln11_49/2 "/>
</bind>
</comp>

<comp id="1417" class="1004" name="zext_ln11_106_fu_1417">
<pin_list>
<pin id="1418" dir="0" index="0" bw="2" slack="0"/>
<pin id="1419" dir="1" index="1" bw="3" slack="0"/>
</pin_list>
<bind>
<opcode="zext(34) " fcode="zext"/>
<opset="zext_ln11_106/2 "/>
</bind>
</comp>

<comp id="1421" class="1004" name="add_ln11_50_fu_1421">
<pin_list>
<pin id="1422" dir="0" index="0" bw="2" slack="0"/>
<pin id="1423" dir="0" index="1" bw="2" slack="0"/>
<pin id="1424" dir="1" index="2" bw="3" slack="1"/>
</pin_list>
<bind>
<opcode="add(8) " fcode="add"/>
<opset="add_ln11_50/2 "/>
</bind>
</comp>

<comp id="1427" class="1004" name="add_ln11_52_fu_1427">
<pin_list>
<pin id="1428" dir="0" index="0" bw="1" slack="0"/>
<pin id="1429" dir="0" index="1" bw="1" slack="0"/>
<pin id="1430" dir="1" index="2" bw="2" slack="0"/>
</pin_list>
<bind>
<opcode="add(8) " fcode="add"/>
<opset="add_ln11_52/2 "/>
</bind>
</comp>

<comp id="1433" class="1004" name="zext_ln11_109_fu_1433">
<pin_list>
<pin id="1434" dir="0" index="0" bw="2" slack="0"/>
<pin id="1435" dir="1" index="1" bw="3" slack="0"/>
</pin_list>
<bind>
<opcode="zext(34) " fcode="zext"/>
<opset="zext_ln11_109/2 "/>
</bind>
</comp>

<comp id="1437" class="1004" name="add_ln11_53_fu_1437">
<pin_list>
<pin id="1438" dir="0" index="0" bw="1" slack="0"/>
<pin id="1439" dir="0" index="1" bw="1" slack="0"/>
<pin id="1440" dir="1" index="2" bw="2" slack="0"/>
</pin_list>
<bind>
<opcode="add(8) " fcode="add"/>
<opset="add_ln11_53/2 "/>
</bind>
</comp>

<comp id="1443" class="1004" name="zext_ln11_110_fu_1443">
<pin_list>
<pin id="1444" dir="0" index="0" bw="2" slack="0"/>
<pin id="1445" dir="1" index="1" bw="3" slack="0"/>
</pin_list>
<bind>
<opcode="zext(34) " fcode="zext"/>
<opset="zext_ln11_110/2 "/>
</bind>
</comp>

<comp id="1447" class="1004" name="add_ln11_54_fu_1447">
<pin_list>
<pin id="1448" dir="0" index="0" bw="2" slack="0"/>
<pin id="1449" dir="0" index="1" bw="2" slack="0"/>
<pin id="1450" dir="1" index="2" bw="3" slack="1"/>
</pin_list>
<bind>
<opcode="add(8) " fcode="add"/>
<opset="add_ln11_54/2 "/>
</bind>
</comp>

<comp id="1453" class="1004" name="add_ln11_55_fu_1453">
<pin_list>
<pin id="1454" dir="0" index="0" bw="1" slack="0"/>
<pin id="1455" dir="0" index="1" bw="1" slack="0"/>
<pin id="1456" dir="1" index="2" bw="2" slack="0"/>
</pin_list>
<bind>
<opcode="add(8) " fcode="add"/>
<opset="add_ln11_55/2 "/>
</bind>
</comp>

<comp id="1459" class="1004" name="zext_ln11_112_fu_1459">
<pin_list>
<pin id="1460" dir="0" index="0" bw="2" slack="0"/>
<pin id="1461" dir="1" index="1" bw="3" slack="0"/>
</pin_list>
<bind>
<opcode="zext(34) " fcode="zext"/>
<opset="zext_ln11_112/2 "/>
</bind>
</comp>

<comp id="1463" class="1004" name="add_ln11_56_fu_1463">
<pin_list>
<pin id="1464" dir="0" index="0" bw="1" slack="0"/>
<pin id="1465" dir="0" index="1" bw="1" slack="0"/>
<pin id="1466" dir="1" index="2" bw="2" slack="0"/>
</pin_list>
<bind>
<opcode="add(8) " fcode="add"/>
<opset="add_ln11_56/2 "/>
</bind>
</comp>

<comp id="1469" class="1004" name="zext_ln11_113_fu_1469">
<pin_list>
<pin id="1470" dir="0" index="0" bw="2" slack="0"/>
<pin id="1471" dir="1" index="1" bw="3" slack="0"/>
</pin_list>
<bind>
<opcode="zext(34) " fcode="zext"/>
<opset="zext_ln11_113/2 "/>
</bind>
</comp>

<comp id="1473" class="1004" name="add_ln11_57_fu_1473">
<pin_list>
<pin id="1474" dir="0" index="0" bw="2" slack="0"/>
<pin id="1475" dir="0" index="1" bw="2" slack="0"/>
<pin id="1476" dir="1" index="2" bw="3" slack="1"/>
</pin_list>
<bind>
<opcode="add(8) " fcode="add"/>
<opset="add_ln11_57/2 "/>
</bind>
</comp>

<comp id="1479" class="1004" name="zext_ln11_17_fu_1479">
<pin_list>
<pin id="1480" dir="0" index="0" bw="3" slack="1"/>
<pin id="1481" dir="1" index="1" bw="4" slack="0"/>
</pin_list>
<bind>
<opcode="zext(34) " fcode="zext"/>
<opset="zext_ln11_17/3 "/>
</bind>
</comp>

<comp id="1482" class="1004" name="zext_ln11_20_fu_1482">
<pin_list>
<pin id="1483" dir="0" index="0" bw="3" slack="1"/>
<pin id="1484" dir="1" index="1" bw="4" slack="0"/>
</pin_list>
<bind>
<opcode="zext(34) " fcode="zext"/>
<opset="zext_ln11_20/3 "/>
</bind>
</comp>

<comp id="1485" class="1004" name="add_ln11_6_fu_1485">
<pin_list>
<pin id="1486" dir="0" index="0" bw="3" slack="0"/>
<pin id="1487" dir="0" index="1" bw="3" slack="0"/>
<pin id="1488" dir="1" index="2" bw="4" slack="0"/>
</pin_list>
<bind>
<opcode="add(8) " fcode="add"/>
<opset="add_ln11_6/3 "/>
</bind>
</comp>

<comp id="1491" class="1004" name="zext_ln11_21_fu_1491">
<pin_list>
<pin id="1492" dir="0" index="0" bw="4" slack="0"/>
<pin id="1493" dir="1" index="1" bw="5" slack="0"/>
</pin_list>
<bind>
<opcode="zext(34) " fcode="zext"/>
<opset="zext_ln11_21/3 "/>
</bind>
</comp>

<comp id="1495" class="1004" name="zext_ln11_24_fu_1495">
<pin_list>
<pin id="1496" dir="0" index="0" bw="3" slack="1"/>
<pin id="1497" dir="1" index="1" bw="4" slack="0"/>
</pin_list>
<bind>
<opcode="zext(34) " fcode="zext"/>
<opset="zext_ln11_24/3 "/>
</bind>
</comp>

<comp id="1498" class="1004" name="zext_ln11_27_fu_1498">
<pin_list>
<pin id="1499" dir="0" index="0" bw="3" slack="1"/>
<pin id="1500" dir="1" index="1" bw="4" slack="0"/>
</pin_list>
<bind>
<opcode="zext(34) " fcode="zext"/>
<opset="zext_ln11_27/3 "/>
</bind>
</comp>

<comp id="1501" class="1004" name="add_ln11_13_fu_1501">
<pin_list>
<pin id="1502" dir="0" index="0" bw="3" slack="0"/>
<pin id="1503" dir="0" index="1" bw="3" slack="0"/>
<pin id="1504" dir="1" index="2" bw="4" slack="0"/>
</pin_list>
<bind>
<opcode="add(8) " fcode="add"/>
<opset="add_ln11_13/3 "/>
</bind>
</comp>

<comp id="1507" class="1004" name="zext_ln11_28_fu_1507">
<pin_list>
<pin id="1508" dir="0" index="0" bw="4" slack="0"/>
<pin id="1509" dir="1" index="1" bw="5" slack="0"/>
</pin_list>
<bind>
<opcode="zext(34) " fcode="zext"/>
<opset="zext_ln11_28/3 "/>
</bind>
</comp>

<comp id="1511" class="1004" name="cnt_1_fu_1511">
<pin_list>
<pin id="1512" dir="0" index="0" bw="4" slack="0"/>
<pin id="1513" dir="0" index="1" bw="4" slack="0"/>
<pin id="1514" dir="1" index="2" bw="5" slack="0"/>
</pin_list>
<bind>
<opcode="add(8) " fcode="add"/>
<opset="cnt_1/3 "/>
</bind>
</comp>

<comp id="1517" class="1004" name="zext_ln11_46_fu_1517">
<pin_list>
<pin id="1518" dir="0" index="0" bw="3" slack="1"/>
<pin id="1519" dir="1" index="1" bw="4" slack="0"/>
</pin_list>
<bind>
<opcode="zext(34) " fcode="zext"/>
<opset="zext_ln11_46/3 "/>
</bind>
</comp>

<comp id="1520" class="1004" name="zext_ln11_49_fu_1520">
<pin_list>
<pin id="1521" dir="0" index="0" bw="3" slack="1"/>
<pin id="1522" dir="1" index="1" bw="4" slack="0"/>
</pin_list>
<bind>
<opcode="zext(34) " fcode="zext"/>
<opset="zext_ln11_49/3 "/>
</bind>
</comp>

<comp id="1523" class="1004" name="add_ln11_21_fu_1523">
<pin_list>
<pin id="1524" dir="0" index="0" bw="3" slack="0"/>
<pin id="1525" dir="0" index="1" bw="3" slack="0"/>
<pin id="1526" dir="1" index="2" bw="4" slack="0"/>
</pin_list>
<bind>
<opcode="add(8) " fcode="add"/>
<opset="add_ln11_21/3 "/>
</bind>
</comp>

<comp id="1529" class="1004" name="zext_ln11_50_fu_1529">
<pin_list>
<pin id="1530" dir="0" index="0" bw="4" slack="0"/>
<pin id="1531" dir="1" index="1" bw="5" slack="0"/>
</pin_list>
<bind>
<opcode="zext(34) " fcode="zext"/>
<opset="zext_ln11_50/3 "/>
</bind>
</comp>

<comp id="1533" class="1004" name="zext_ln11_53_fu_1533">
<pin_list>
<pin id="1534" dir="0" index="0" bw="3" slack="1"/>
<pin id="1535" dir="1" index="1" bw="4" slack="0"/>
</pin_list>
<bind>
<opcode="zext(34) " fcode="zext"/>
<opset="zext_ln11_53/3 "/>
</bind>
</comp>

<comp id="1536" class="1004" name="zext_ln11_56_fu_1536">
<pin_list>
<pin id="1537" dir="0" index="0" bw="3" slack="1"/>
<pin id="1538" dir="1" index="1" bw="4" slack="0"/>
</pin_list>
<bind>
<opcode="zext(34) " fcode="zext"/>
<opset="zext_ln11_56/3 "/>
</bind>
</comp>

<comp id="1539" class="1004" name="add_ln11_28_fu_1539">
<pin_list>
<pin id="1540" dir="0" index="0" bw="3" slack="0"/>
<pin id="1541" dir="0" index="1" bw="3" slack="0"/>
<pin id="1542" dir="1" index="2" bw="4" slack="0"/>
</pin_list>
<bind>
<opcode="add(8) " fcode="add"/>
<opset="add_ln11_28/3 "/>
</bind>
</comp>

<comp id="1545" class="1004" name="zext_ln11_57_fu_1545">
<pin_list>
<pin id="1546" dir="0" index="0" bw="4" slack="0"/>
<pin id="1547" dir="1" index="1" bw="5" slack="0"/>
</pin_list>
<bind>
<opcode="zext(34) " fcode="zext"/>
<opset="zext_ln11_57/3 "/>
</bind>
</comp>

<comp id="1549" class="1004" name="cnt_3_fu_1549">
<pin_list>
<pin id="1550" dir="0" index="0" bw="4" slack="0"/>
<pin id="1551" dir="0" index="1" bw="4" slack="0"/>
<pin id="1552" dir="1" index="2" bw="5" slack="0"/>
</pin_list>
<bind>
<opcode="add(8) " fcode="add"/>
<opset="cnt_3/3 "/>
</bind>
</comp>

<comp id="1555" class="1004" name="zext_ln11_75_fu_1555">
<pin_list>
<pin id="1556" dir="0" index="0" bw="3" slack="1"/>
<pin id="1557" dir="1" index="1" bw="4" slack="0"/>
</pin_list>
<bind>
<opcode="zext(34) " fcode="zext"/>
<opset="zext_ln11_75/3 "/>
</bind>
</comp>

<comp id="1558" class="1004" name="zext_ln11_78_fu_1558">
<pin_list>
<pin id="1559" dir="0" index="0" bw="3" slack="1"/>
<pin id="1560" dir="1" index="1" bw="4" slack="0"/>
</pin_list>
<bind>
<opcode="zext(34) " fcode="zext"/>
<opset="zext_ln11_78/3 "/>
</bind>
</comp>

<comp id="1561" class="1004" name="add_ln11_36_fu_1561">
<pin_list>
<pin id="1562" dir="0" index="0" bw="3" slack="0"/>
<pin id="1563" dir="0" index="1" bw="3" slack="0"/>
<pin id="1564" dir="1" index="2" bw="4" slack="0"/>
</pin_list>
<bind>
<opcode="add(8) " fcode="add"/>
<opset="add_ln11_36/3 "/>
</bind>
</comp>

<comp id="1567" class="1004" name="zext_ln11_79_fu_1567">
<pin_list>
<pin id="1568" dir="0" index="0" bw="4" slack="0"/>
<pin id="1569" dir="1" index="1" bw="5" slack="0"/>
</pin_list>
<bind>
<opcode="zext(34) " fcode="zext"/>
<opset="zext_ln11_79/3 "/>
</bind>
</comp>

<comp id="1571" class="1004" name="zext_ln11_82_fu_1571">
<pin_list>
<pin id="1572" dir="0" index="0" bw="3" slack="1"/>
<pin id="1573" dir="1" index="1" bw="4" slack="0"/>
</pin_list>
<bind>
<opcode="zext(34) " fcode="zext"/>
<opset="zext_ln11_82/3 "/>
</bind>
</comp>

<comp id="1574" class="1004" name="zext_ln11_85_fu_1574">
<pin_list>
<pin id="1575" dir="0" index="0" bw="3" slack="1"/>
<pin id="1576" dir="1" index="1" bw="4" slack="0"/>
</pin_list>
<bind>
<opcode="zext(34) " fcode="zext"/>
<opset="zext_ln11_85/3 "/>
</bind>
</comp>

<comp id="1577" class="1004" name="add_ln11_43_fu_1577">
<pin_list>
<pin id="1578" dir="0" index="0" bw="3" slack="0"/>
<pin id="1579" dir="0" index="1" bw="3" slack="0"/>
<pin id="1580" dir="1" index="2" bw="4" slack="0"/>
</pin_list>
<bind>
<opcode="add(8) " fcode="add"/>
<opset="add_ln11_43/3 "/>
</bind>
</comp>

<comp id="1583" class="1004" name="zext_ln11_86_fu_1583">
<pin_list>
<pin id="1584" dir="0" index="0" bw="4" slack="0"/>
<pin id="1585" dir="1" index="1" bw="5" slack="0"/>
</pin_list>
<bind>
<opcode="zext(34) " fcode="zext"/>
<opset="zext_ln11_86/3 "/>
</bind>
</comp>

<comp id="1587" class="1004" name="cnt_5_fu_1587">
<pin_list>
<pin id="1588" dir="0" index="0" bw="4" slack="0"/>
<pin id="1589" dir="0" index="1" bw="4" slack="0"/>
<pin id="1590" dir="1" index="2" bw="5" slack="0"/>
</pin_list>
<bind>
<opcode="add(8) " fcode="add"/>
<opset="cnt_5/3 "/>
</bind>
</comp>

<comp id="1593" class="1004" name="zext_ln11_104_fu_1593">
<pin_list>
<pin id="1594" dir="0" index="0" bw="3" slack="1"/>
<pin id="1595" dir="1" index="1" bw="4" slack="0"/>
</pin_list>
<bind>
<opcode="zext(34) " fcode="zext"/>
<opset="zext_ln11_104/3 "/>
</bind>
</comp>

<comp id="1596" class="1004" name="zext_ln11_107_fu_1596">
<pin_list>
<pin id="1597" dir="0" index="0" bw="3" slack="1"/>
<pin id="1598" dir="1" index="1" bw="4" slack="0"/>
</pin_list>
<bind>
<opcode="zext(34) " fcode="zext"/>
<opset="zext_ln11_107/3 "/>
</bind>
</comp>

<comp id="1599" class="1004" name="add_ln11_51_fu_1599">
<pin_list>
<pin id="1600" dir="0" index="0" bw="3" slack="0"/>
<pin id="1601" dir="0" index="1" bw="3" slack="0"/>
<pin id="1602" dir="1" index="2" bw="4" slack="0"/>
</pin_list>
<bind>
<opcode="add(8) " fcode="add"/>
<opset="add_ln11_51/3 "/>
</bind>
</comp>

<comp id="1605" class="1004" name="zext_ln11_108_fu_1605">
<pin_list>
<pin id="1606" dir="0" index="0" bw="4" slack="0"/>
<pin id="1607" dir="1" index="1" bw="5" slack="0"/>
</pin_list>
<bind>
<opcode="zext(34) " fcode="zext"/>
<opset="zext_ln11_108/3 "/>
</bind>
</comp>

<comp id="1609" class="1004" name="zext_ln11_111_fu_1609">
<pin_list>
<pin id="1610" dir="0" index="0" bw="3" slack="1"/>
<pin id="1611" dir="1" index="1" bw="4" slack="0"/>
</pin_list>
<bind>
<opcode="zext(34) " fcode="zext"/>
<opset="zext_ln11_111/3 "/>
</bind>
</comp>

<comp id="1612" class="1004" name="zext_ln11_114_fu_1612">
<pin_list>
<pin id="1613" dir="0" index="0" bw="3" slack="1"/>
<pin id="1614" dir="1" index="1" bw="4" slack="0"/>
</pin_list>
<bind>
<opcode="zext(34) " fcode="zext"/>
<opset="zext_ln11_114/3 "/>
</bind>
</comp>

<comp id="1615" class="1004" name="add_ln11_58_fu_1615">
<pin_list>
<pin id="1616" dir="0" index="0" bw="3" slack="0"/>
<pin id="1617" dir="0" index="1" bw="3" slack="0"/>
<pin id="1618" dir="1" index="2" bw="4" slack="0"/>
</pin_list>
<bind>
<opcode="add(8) " fcode="add"/>
<opset="add_ln11_58/3 "/>
</bind>
</comp>

<comp id="1621" class="1004" name="zext_ln11_115_fu_1621">
<pin_list>
<pin id="1622" dir="0" index="0" bw="4" slack="0"/>
<pin id="1623" dir="1" index="1" bw="5" slack="0"/>
</pin_list>
<bind>
<opcode="zext(34) " fcode="zext"/>
<opset="zext_ln11_115/3 "/>
</bind>
</comp>

<comp id="1625" class="1004" name="cnt_7_fu_1625">
<pin_list>
<pin id="1626" dir="0" index="0" bw="4" slack="0"/>
<pin id="1627" dir="0" index="1" bw="4" slack="0"/>
<pin id="1628" dir="1" index="2" bw="5" slack="0"/>
</pin_list>
<bind>
<opcode="add(8) " fcode="add"/>
<opset="cnt_7/3 "/>
</bind>
</comp>

<comp id="1631" class="1004" name="zext_ln61_fu_1631">
<pin_list>
<pin id="1632" dir="0" index="0" bw="5" slack="0"/>
<pin id="1633" dir="1" index="1" bw="6" slack="0"/>
</pin_list>
<bind>
<opcode="zext(34) " fcode="zext"/>
<opset="zext_ln61/3 "/>
</bind>
</comp>

<comp id="1635" class="1004" name="zext_ln61_1_fu_1635">
<pin_list>
<pin id="1636" dir="0" index="0" bw="5" slack="0"/>
<pin id="1637" dir="1" index="1" bw="6" slack="0"/>
</pin_list>
<bind>
<opcode="zext(34) " fcode="zext"/>
<opset="zext_ln61_1/3 "/>
</bind>
</comp>

<comp id="1639" class="1004" name="zext_ln61_2_fu_1639">
<pin_list>
<pin id="1640" dir="0" index="0" bw="5" slack="0"/>
<pin id="1641" dir="1" index="1" bw="6" slack="0"/>
</pin_list>
<bind>
<opcode="zext(34) " fcode="zext"/>
<opset="zext_ln61_2/3 "/>
</bind>
</comp>

<comp id="1643" class="1004" name="zext_ln64_fu_1643">
<pin_list>
<pin id="1644" dir="0" index="0" bw="5" slack="0"/>
<pin id="1645" dir="1" index="1" bw="6" slack="0"/>
</pin_list>
<bind>
<opcode="zext(34) " fcode="zext"/>
<opset="zext_ln64/3 "/>
</bind>
</comp>

<comp id="1647" class="1004" name="add_ln64_fu_1647">
<pin_list>
<pin id="1648" dir="0" index="0" bw="5" slack="0"/>
<pin id="1649" dir="0" index="1" bw="5" slack="0"/>
<pin id="1650" dir="1" index="2" bw="6" slack="0"/>
</pin_list>
<bind>
<opcode="add(8) " fcode="add"/>
<opset="add_ln64/3 "/>
</bind>
</comp>

<comp id="1653" class="1004" name="zext_ln64_1_fu_1653">
<pin_list>
<pin id="1654" dir="0" index="0" bw="6" slack="0"/>
<pin id="1655" dir="1" index="1" bw="7" slack="0"/>
</pin_list>
<bind>
<opcode="zext(34) " fcode="zext"/>
<opset="zext_ln64_1/3 "/>
</bind>
</comp>

<comp id="1657" class="1004" name="add_ln64_1_fu_1657">
<pin_list>
<pin id="1658" dir="0" index="0" bw="5" slack="0"/>
<pin id="1659" dir="0" index="1" bw="5" slack="0"/>
<pin id="1660" dir="1" index="2" bw="6" slack="0"/>
</pin_list>
<bind>
<opcode="add(8) " fcode="add"/>
<opset="add_ln64_1/3 "/>
</bind>
</comp>

<comp id="1663" class="1004" name="zext_ln64_2_fu_1663">
<pin_list>
<pin id="1664" dir="0" index="0" bw="6" slack="0"/>
<pin id="1665" dir="1" index="1" bw="7" slack="0"/>
</pin_list>
<bind>
<opcode="zext(34) " fcode="zext"/>
<opset="zext_ln64_2/3 "/>
</bind>
</comp>

<comp id="1667" class="1004" name="add_ln64_2_fu_1667">
<pin_list>
<pin id="1668" dir="0" index="0" bw="6" slack="0"/>
<pin id="1669" dir="0" index="1" bw="6" slack="0"/>
<pin id="1670" dir="1" index="2" bw="7" slack="1"/>
</pin_list>
<bind>
<opcode="add(8) " fcode="add"/>
<opset="add_ln64_2/3 "/>
</bind>
</comp>

<comp id="1673" class="1004" name="zext_ln139_fu_1673">
<pin_list>
<pin id="1674" dir="0" index="0" bw="4" slack="3"/>
<pin id="1675" dir="1" index="1" bw="64" slack="0"/>
</pin_list>
<bind>
<opcode="zext(34) " fcode="zext"/>
<opset="zext_ln139/4 "/>
</bind>
</comp>

<comp id="1677" class="1004" name="shl_ln64_2_fu_1677">
<pin_list>
<pin id="1678" dir="0" index="0" bw="8" slack="0"/>
<pin id="1679" dir="0" index="1" bw="7" slack="1"/>
<pin id="1680" dir="0" index="2" bw="1" slack="0"/>
<pin id="1681" dir="1" index="3" bw="8" slack="0"/>
</pin_list>
<bind>
<opcode="bitconcatenate(1004) " fcode="bitconcatenate"/>
<opset="shl_ln64_2/4 "/>
</bind>
</comp>

<comp id="1684" class="1004" name="dot_fu_1684">
<pin_list>
<pin id="1685" dir="0" index="0" bw="8" slack="0"/>
<pin id="1686" dir="0" index="1" bw="7" slack="0"/>
<pin id="1687" dir="1" index="2" bw="8" slack="0"/>
</pin_list>
<bind>
<opcode="add(8) " fcode="add"/>
<opset="dot/4 "/>
</bind>
</comp>

<comp id="1690" class="1004" name="sext_ln142_fu_1690">
<pin_list>
<pin id="1691" dir="0" index="0" bw="8" slack="0"/>
<pin id="1692" dir="1" index="1" bw="32" slack="0"/>
</pin_list>
<bind>
<opcode="sext(35) " fcode="sext"/>
<opset="sext_ln142/4 "/>
</bind>
</comp>

<comp id="1695" class="1005" name="n_reg_1695">
<pin_list>
<pin id="1696" dir="0" index="0" bw="4" slack="0"/>
<pin id="1697" dir="1" index="1" bw="4" slack="0"/>
</pin_list>
<bind>
<opset="n "/>
</bind>
</comp>

<comp id="1702" class="1005" name="p_0_0271_3110_reload_read_reg_1702">
<pin_list>
<pin id="1703" dir="0" index="0" bw="16" slack="1"/>
<pin id="1704" dir="1" index="1" bw="16" slack="1"/>
</pin_list>
<bind>
<opset="p_0_0271_3110_reload_read "/>
</bind>
</comp>

<comp id="1707" class="1005" name="p_0_0271_2108_reload_read_reg_1707">
<pin_list>
<pin id="1708" dir="0" index="0" bw="16" slack="1"/>
<pin id="1709" dir="1" index="1" bw="16" slack="1"/>
</pin_list>
<bind>
<opset="p_0_0271_2108_reload_read "/>
</bind>
</comp>

<comp id="1712" class="1005" name="p_0_0271_1106_reload_read_reg_1712">
<pin_list>
<pin id="1713" dir="0" index="0" bw="16" slack="1"/>
<pin id="1714" dir="1" index="1" bw="16" slack="1"/>
</pin_list>
<bind>
<opset="p_0_0271_1106_reload_read "/>
</bind>
</comp>

<comp id="1717" class="1005" name="p_0_0271104_reload_read_reg_1717">
<pin_list>
<pin id="1718" dir="0" index="0" bw="16" slack="1"/>
<pin id="1719" dir="1" index="1" bw="16" slack="1"/>
</pin_list>
<bind>
<opset="p_0_0271104_reload_read "/>
</bind>
</comp>

<comp id="1722" class="1005" name="n_1_reg_1722">
<pin_list>
<pin id="1723" dir="0" index="0" bw="4" slack="3"/>
<pin id="1724" dir="1" index="1" bw="4" slack="3"/>
</pin_list>
<bind>
<opset="n_1 "/>
</bind>
</comp>

<comp id="1727" class="1005" name="icmp_ln139_reg_1727">
<pin_list>
<pin id="1728" dir="0" index="0" bw="1" slack="3"/>
<pin id="1729" dir="1" index="1" bw="1" slack="2147483647"/>
</pin_list>
<bind>
<opset="icmp_ln139 "/>
</bind>
</comp>

<comp id="1731" class="1005" name="w3_addr_reg_1731">
<pin_list>
<pin id="1732" dir="0" index="0" bw="6" slack="1"/>
<pin id="1733" dir="1" index="1" bw="6" slack="1"/>
</pin_list>
<bind>
<opset="w3_addr "/>
</bind>
</comp>

<comp id="1736" class="1005" name="w3_addr_1_reg_1736">
<pin_list>
<pin id="1737" dir="0" index="0" bw="6" slack="1"/>
<pin id="1738" dir="1" index="1" bw="6" slack="1"/>
</pin_list>
<bind>
<opset="w3_addr_1 "/>
</bind>
</comp>

<comp id="1741" class="1005" name="w3_addr_2_reg_1741">
<pin_list>
<pin id="1742" dir="0" index="0" bw="6" slack="1"/>
<pin id="1743" dir="1" index="1" bw="6" slack="1"/>
</pin_list>
<bind>
<opset="w3_addr_2 "/>
</bind>
</comp>

<comp id="1746" class="1005" name="w3_addr_3_reg_1746">
<pin_list>
<pin id="1747" dir="0" index="0" bw="6" slack="1"/>
<pin id="1748" dir="1" index="1" bw="6" slack="1"/>
</pin_list>
<bind>
<opset="w3_addr_3 "/>
</bind>
</comp>

<comp id="1751" class="1005" name="add_ln11_2_reg_1751">
<pin_list>
<pin id="1752" dir="0" index="0" bw="3" slack="1"/>
<pin id="1753" dir="1" index="1" bw="3" slack="1"/>
</pin_list>
<bind>
<opset="add_ln11_2 "/>
</bind>
</comp>

<comp id="1756" class="1005" name="add_ln11_5_reg_1756">
<pin_list>
<pin id="1757" dir="0" index="0" bw="3" slack="1"/>
<pin id="1758" dir="1" index="1" bw="3" slack="1"/>
</pin_list>
<bind>
<opset="add_ln11_5 "/>
</bind>
</comp>

<comp id="1761" class="1005" name="add_ln11_9_reg_1761">
<pin_list>
<pin id="1762" dir="0" index="0" bw="3" slack="1"/>
<pin id="1763" dir="1" index="1" bw="3" slack="1"/>
</pin_list>
<bind>
<opset="add_ln11_9 "/>
</bind>
</comp>

<comp id="1766" class="1005" name="add_ln11_12_reg_1766">
<pin_list>
<pin id="1767" dir="0" index="0" bw="3" slack="1"/>
<pin id="1768" dir="1" index="1" bw="3" slack="1"/>
</pin_list>
<bind>
<opset="add_ln11_12 "/>
</bind>
</comp>

<comp id="1771" class="1005" name="add_ln11_17_reg_1771">
<pin_list>
<pin id="1772" dir="0" index="0" bw="3" slack="1"/>
<pin id="1773" dir="1" index="1" bw="3" slack="1"/>
</pin_list>
<bind>
<opset="add_ln11_17 "/>
</bind>
</comp>

<comp id="1776" class="1005" name="add_ln11_20_reg_1776">
<pin_list>
<pin id="1777" dir="0" index="0" bw="3" slack="1"/>
<pin id="1778" dir="1" index="1" bw="3" slack="1"/>
</pin_list>
<bind>
<opset="add_ln11_20 "/>
</bind>
</comp>

<comp id="1781" class="1005" name="add_ln11_24_reg_1781">
<pin_list>
<pin id="1782" dir="0" index="0" bw="3" slack="1"/>
<pin id="1783" dir="1" index="1" bw="3" slack="1"/>
</pin_list>
<bind>
<opset="add_ln11_24 "/>
</bind>
</comp>

<comp id="1786" class="1005" name="add_ln11_27_reg_1786">
<pin_list>
<pin id="1787" dir="0" index="0" bw="3" slack="1"/>
<pin id="1788" dir="1" index="1" bw="3" slack="1"/>
</pin_list>
<bind>
<opset="add_ln11_27 "/>
</bind>
</comp>

<comp id="1791" class="1005" name="add_ln11_32_reg_1791">
<pin_list>
<pin id="1792" dir="0" index="0" bw="3" slack="1"/>
<pin id="1793" dir="1" index="1" bw="3" slack="1"/>
</pin_list>
<bind>
<opset="add_ln11_32 "/>
</bind>
</comp>

<comp id="1796" class="1005" name="add_ln11_35_reg_1796">
<pin_list>
<pin id="1797" dir="0" index="0" bw="3" slack="1"/>
<pin id="1798" dir="1" index="1" bw="3" slack="1"/>
</pin_list>
<bind>
<opset="add_ln11_35 "/>
</bind>
</comp>

<comp id="1801" class="1005" name="add_ln11_39_reg_1801">
<pin_list>
<pin id="1802" dir="0" index="0" bw="3" slack="1"/>
<pin id="1803" dir="1" index="1" bw="3" slack="1"/>
</pin_list>
<bind>
<opset="add_ln11_39 "/>
</bind>
</comp>

<comp id="1806" class="1005" name="add_ln11_42_reg_1806">
<pin_list>
<pin id="1807" dir="0" index="0" bw="3" slack="1"/>
<pin id="1808" dir="1" index="1" bw="3" slack="1"/>
</pin_list>
<bind>
<opset="add_ln11_42 "/>
</bind>
</comp>

<comp id="1811" class="1005" name="add_ln11_47_reg_1811">
<pin_list>
<pin id="1812" dir="0" index="0" bw="3" slack="1"/>
<pin id="1813" dir="1" index="1" bw="3" slack="1"/>
</pin_list>
<bind>
<opset="add_ln11_47 "/>
</bind>
</comp>

<comp id="1816" class="1005" name="add_ln11_50_reg_1816">
<pin_list>
<pin id="1817" dir="0" index="0" bw="3" slack="1"/>
<pin id="1818" dir="1" index="1" bw="3" slack="1"/>
</pin_list>
<bind>
<opset="add_ln11_50 "/>
</bind>
</comp>

<comp id="1821" class="1005" name="add_ln11_54_reg_1821">
<pin_list>
<pin id="1822" dir="0" index="0" bw="3" slack="1"/>
<pin id="1823" dir="1" index="1" bw="3" slack="1"/>
</pin_list>
<bind>
<opset="add_ln11_54 "/>
</bind>
</comp>

<comp id="1826" class="1005" name="add_ln11_57_reg_1826">
<pin_list>
<pin id="1827" dir="0" index="0" bw="3" slack="1"/>
<pin id="1828" dir="1" index="1" bw="3" slack="1"/>
</pin_list>
<bind>
<opset="add_ln11_57 "/>
</bind>
</comp>

<comp id="1831" class="1005" name="add_ln64_2_reg_1831">
<pin_list>
<pin id="1832" dir="0" index="0" bw="7" slack="1"/>
<pin id="1833" dir="1" index="1" bw="7" slack="1"/>
</pin_list>
<bind>
<opset="add_ln64_2 "/>
</bind>
</comp>

<comp id="1836" class="1005" name="sext_ln142_reg_1836">
<pin_list>
<pin id="1837" dir="0" index="0" bw="32" slack="1"/>
<pin id="1838" dir="1" index="1" bw="32" slack="1"/>
</pin_list>
<bind>
<opset="sext_ln142 "/>
</bind>
</comp>

<comp id="1841" class="1005" name="ys_addr_reg_1841">
<pin_list>
<pin id="1842" dir="0" index="0" bw="4" slack="1"/>
<pin id="1843" dir="1" index="1" bw="4" slack="1"/>
</pin_list>
<bind>
<opset="ys_addr "/>
</bind>
</comp>

</comp_list>

<net_list>
<net id="103"><net_src comp="12" pin="0"/><net_sink comp="100" pin=0"/></net>

<net id="108"><net_src comp="32" pin="0"/><net_sink comp="104" pin=0"/></net>

<net id="109"><net_src comp="6" pin="0"/><net_sink comp="104" pin=1"/></net>

<net id="114"><net_src comp="32" pin="0"/><net_sink comp="110" pin=0"/></net>

<net id="115"><net_src comp="4" pin="0"/><net_sink comp="110" pin=1"/></net>

<net id="120"><net_src comp="32" pin="0"/><net_sink comp="116" pin=0"/></net>

<net id="121"><net_src comp="2" pin="0"/><net_sink comp="116" pin=1"/></net>

<net id="126"><net_src comp="32" pin="0"/><net_sink comp="122" pin=0"/></net>

<net id="127"><net_src comp="0" pin="0"/><net_sink comp="122" pin=1"/></net>

<net id="133"><net_src comp="10" pin="0"/><net_sink comp="128" pin=0"/></net>

<net id="134"><net_src comp="44" pin="0"/><net_sink comp="128" pin=1"/></net>

<net id="152"><net_src comp="128" pin="3"/><net_sink comp="135" pin=8"/></net>

<net id="158"><net_src comp="10" pin="0"/><net_sink comp="153" pin=0"/></net>

<net id="159"><net_src comp="44" pin="0"/><net_sink comp="153" pin=1"/></net>

<net id="160"><net_src comp="153" pin="3"/><net_sink comp="135" pin=5"/></net>

<net id="166"><net_src comp="10" pin="0"/><net_sink comp="161" pin=0"/></net>

<net id="167"><net_src comp="44" pin="0"/><net_sink comp="161" pin=1"/></net>

<net id="168"><net_src comp="161" pin="3"/><net_sink comp="135" pin=2"/></net>

<net id="174"><net_src comp="10" pin="0"/><net_sink comp="169" pin=0"/></net>

<net id="175"><net_src comp="44" pin="0"/><net_sink comp="169" pin=1"/></net>

<net id="176"><net_src comp="169" pin="3"/><net_sink comp="135" pin=0"/></net>

<net id="182"><net_src comp="8" pin="0"/><net_sink comp="177" pin=0"/></net>

<net id="183"><net_src comp="44" pin="0"/><net_sink comp="177" pin=1"/></net>

<net id="189"><net_src comp="177" pin="3"/><net_sink comp="184" pin=0"/></net>

<net id="194"><net_src comp="34" pin="0"/><net_sink comp="190" pin=0"/></net>

<net id="202"><net_src comp="195" pin="1"/><net_sink comp="198" pin=0"/></net>

<net id="203"><net_src comp="36" pin="0"/><net_sink comp="198" pin=1"/></net>

<net id="208"><net_src comp="195" pin="1"/><net_sink comp="204" pin=0"/></net>

<net id="209"><net_src comp="38" pin="0"/><net_sink comp="204" pin=1"/></net>

<net id="215"><net_src comp="40" pin="0"/><net_sink comp="210" pin=0"/></net>

<net id="216"><net_src comp="195" pin="1"/><net_sink comp="210" pin=1"/></net>

<net id="217"><net_src comp="42" pin="0"/><net_sink comp="210" pin=2"/></net>

<net id="221"><net_src comp="210" pin="3"/><net_sink comp="218" pin=0"/></net>

<net id="222"><net_src comp="218" pin="1"/><net_sink comp="128" pin=2"/></net>

<net id="228"><net_src comp="40" pin="0"/><net_sink comp="223" pin=0"/></net>

<net id="229"><net_src comp="195" pin="1"/><net_sink comp="223" pin=1"/></net>

<net id="230"><net_src comp="46" pin="0"/><net_sink comp="223" pin=2"/></net>

<net id="234"><net_src comp="223" pin="3"/><net_sink comp="231" pin=0"/></net>

<net id="235"><net_src comp="231" pin="1"/><net_sink comp="153" pin=2"/></net>

<net id="241"><net_src comp="40" pin="0"/><net_sink comp="236" pin=0"/></net>

<net id="242"><net_src comp="195" pin="1"/><net_sink comp="236" pin=1"/></net>

<net id="243"><net_src comp="48" pin="0"/><net_sink comp="236" pin=2"/></net>

<net id="247"><net_src comp="236" pin="3"/><net_sink comp="244" pin=0"/></net>

<net id="248"><net_src comp="244" pin="1"/><net_sink comp="161" pin=2"/></net>

<net id="254"><net_src comp="40" pin="0"/><net_sink comp="249" pin=0"/></net>

<net id="255"><net_src comp="195" pin="1"/><net_sink comp="249" pin=1"/></net>

<net id="256"><net_src comp="50" pin="0"/><net_sink comp="249" pin=2"/></net>

<net id="260"><net_src comp="249" pin="3"/><net_sink comp="257" pin=0"/></net>

<net id="261"><net_src comp="257" pin="1"/><net_sink comp="169" pin=2"/></net>

<net id="266"><net_src comp="204" pin="2"/><net_sink comp="262" pin=0"/></net>

<net id="271"><net_src comp="52" pin="0"/><net_sink comp="267" pin=1"/></net>

<net id="276"><net_src comp="135" pin="15"/><net_sink comp="272" pin=0"/></net>

<net id="277"><net_src comp="267" pin="2"/><net_sink comp="272" pin=1"/></net>

<net id="281"><net_src comp="272" pin="2"/><net_sink comp="278" pin=0"/></net>

<net id="285"><net_src comp="278" pin="1"/><net_sink comp="282" pin=0"/></net>

<net id="291"><net_src comp="54" pin="0"/><net_sink comp="286" pin=0"/></net>

<net id="292"><net_src comp="272" pin="2"/><net_sink comp="286" pin=1"/></net>

<net id="293"><net_src comp="12" pin="0"/><net_sink comp="286" pin=2"/></net>

<net id="297"><net_src comp="286" pin="3"/><net_sink comp="294" pin=0"/></net>

<net id="303"><net_src comp="54" pin="0"/><net_sink comp="298" pin=0"/></net>

<net id="304"><net_src comp="272" pin="2"/><net_sink comp="298" pin=1"/></net>

<net id="305"><net_src comp="56" pin="0"/><net_sink comp="298" pin=2"/></net>

<net id="309"><net_src comp="298" pin="3"/><net_sink comp="306" pin=0"/></net>

<net id="315"><net_src comp="54" pin="0"/><net_sink comp="310" pin=0"/></net>

<net id="316"><net_src comp="272" pin="2"/><net_sink comp="310" pin=1"/></net>

<net id="317"><net_src comp="58" pin="0"/><net_sink comp="310" pin=2"/></net>

<net id="321"><net_src comp="310" pin="3"/><net_sink comp="318" pin=0"/></net>

<net id="327"><net_src comp="54" pin="0"/><net_sink comp="322" pin=0"/></net>

<net id="328"><net_src comp="272" pin="2"/><net_sink comp="322" pin=1"/></net>

<net id="329"><net_src comp="60" pin="0"/><net_sink comp="322" pin=2"/></net>

<net id="333"><net_src comp="322" pin="3"/><net_sink comp="330" pin=0"/></net>

<net id="339"><net_src comp="54" pin="0"/><net_sink comp="334" pin=0"/></net>

<net id="340"><net_src comp="272" pin="2"/><net_sink comp="334" pin=1"/></net>

<net id="341"><net_src comp="62" pin="0"/><net_sink comp="334" pin=2"/></net>

<net id="345"><net_src comp="334" pin="3"/><net_sink comp="342" pin=0"/></net>

<net id="351"><net_src comp="54" pin="0"/><net_sink comp="346" pin=0"/></net>

<net id="352"><net_src comp="272" pin="2"/><net_sink comp="346" pin=1"/></net>

<net id="353"><net_src comp="64" pin="0"/><net_sink comp="346" pin=2"/></net>

<net id="357"><net_src comp="346" pin="3"/><net_sink comp="354" pin=0"/></net>

<net id="363"><net_src comp="54" pin="0"/><net_sink comp="358" pin=0"/></net>

<net id="364"><net_src comp="272" pin="2"/><net_sink comp="358" pin=1"/></net>

<net id="365"><net_src comp="66" pin="0"/><net_sink comp="358" pin=2"/></net>

<net id="369"><net_src comp="358" pin="3"/><net_sink comp="366" pin=0"/></net>

<net id="375"><net_src comp="54" pin="0"/><net_sink comp="370" pin=0"/></net>

<net id="376"><net_src comp="272" pin="2"/><net_sink comp="370" pin=1"/></net>

<net id="377"><net_src comp="68" pin="0"/><net_sink comp="370" pin=2"/></net>

<net id="381"><net_src comp="370" pin="3"/><net_sink comp="378" pin=0"/></net>

<net id="387"><net_src comp="54" pin="0"/><net_sink comp="382" pin=0"/></net>

<net id="388"><net_src comp="272" pin="2"/><net_sink comp="382" pin=1"/></net>

<net id="389"><net_src comp="70" pin="0"/><net_sink comp="382" pin=2"/></net>

<net id="393"><net_src comp="382" pin="3"/><net_sink comp="390" pin=0"/></net>

<net id="399"><net_src comp="54" pin="0"/><net_sink comp="394" pin=0"/></net>

<net id="400"><net_src comp="272" pin="2"/><net_sink comp="394" pin=1"/></net>

<net id="401"><net_src comp="72" pin="0"/><net_sink comp="394" pin=2"/></net>

<net id="405"><net_src comp="394" pin="3"/><net_sink comp="402" pin=0"/></net>

<net id="411"><net_src comp="54" pin="0"/><net_sink comp="406" pin=0"/></net>

<net id="412"><net_src comp="272" pin="2"/><net_sink comp="406" pin=1"/></net>

<net id="413"><net_src comp="74" pin="0"/><net_sink comp="406" pin=2"/></net>

<net id="417"><net_src comp="406" pin="3"/><net_sink comp="414" pin=0"/></net>

<net id="423"><net_src comp="54" pin="0"/><net_sink comp="418" pin=0"/></net>

<net id="424"><net_src comp="272" pin="2"/><net_sink comp="418" pin=1"/></net>

<net id="425"><net_src comp="76" pin="0"/><net_sink comp="418" pin=2"/></net>

<net id="429"><net_src comp="418" pin="3"/><net_sink comp="426" pin=0"/></net>

<net id="435"><net_src comp="54" pin="0"/><net_sink comp="430" pin=0"/></net>

<net id="436"><net_src comp="272" pin="2"/><net_sink comp="430" pin=1"/></net>

<net id="437"><net_src comp="78" pin="0"/><net_sink comp="430" pin=2"/></net>

<net id="441"><net_src comp="430" pin="3"/><net_sink comp="438" pin=0"/></net>

<net id="447"><net_src comp="54" pin="0"/><net_sink comp="442" pin=0"/></net>

<net id="448"><net_src comp="272" pin="2"/><net_sink comp="442" pin=1"/></net>

<net id="449"><net_src comp="80" pin="0"/><net_sink comp="442" pin=2"/></net>

<net id="453"><net_src comp="442" pin="3"/><net_sink comp="450" pin=0"/></net>

<net id="459"><net_src comp="54" pin="0"/><net_sink comp="454" pin=0"/></net>

<net id="460"><net_src comp="272" pin="2"/><net_sink comp="454" pin=1"/></net>

<net id="461"><net_src comp="82" pin="0"/><net_sink comp="454" pin=2"/></net>

<net id="465"><net_src comp="454" pin="3"/><net_sink comp="462" pin=0"/></net>

<net id="470"><net_src comp="294" pin="1"/><net_sink comp="466" pin=0"/></net>

<net id="471"><net_src comp="282" pin="1"/><net_sink comp="466" pin=1"/></net>

<net id="475"><net_src comp="466" pin="2"/><net_sink comp="472" pin=0"/></net>

<net id="480"><net_src comp="306" pin="1"/><net_sink comp="476" pin=0"/></net>

<net id="481"><net_src comp="318" pin="1"/><net_sink comp="476" pin=1"/></net>

<net id="485"><net_src comp="476" pin="2"/><net_sink comp="482" pin=0"/></net>

<net id="490"><net_src comp="482" pin="1"/><net_sink comp="486" pin=0"/></net>

<net id="491"><net_src comp="472" pin="1"/><net_sink comp="486" pin=1"/></net>

<net id="496"><net_src comp="330" pin="1"/><net_sink comp="492" pin=0"/></net>

<net id="497"><net_src comp="342" pin="1"/><net_sink comp="492" pin=1"/></net>

<net id="501"><net_src comp="492" pin="2"/><net_sink comp="498" pin=0"/></net>

<net id="506"><net_src comp="354" pin="1"/><net_sink comp="502" pin=0"/></net>

<net id="507"><net_src comp="366" pin="1"/><net_sink comp="502" pin=1"/></net>

<net id="511"><net_src comp="502" pin="2"/><net_sink comp="508" pin=0"/></net>

<net id="516"><net_src comp="508" pin="1"/><net_sink comp="512" pin=0"/></net>

<net id="517"><net_src comp="498" pin="1"/><net_sink comp="512" pin=1"/></net>

<net id="522"><net_src comp="378" pin="1"/><net_sink comp="518" pin=0"/></net>

<net id="523"><net_src comp="390" pin="1"/><net_sink comp="518" pin=1"/></net>

<net id="527"><net_src comp="518" pin="2"/><net_sink comp="524" pin=0"/></net>

<net id="532"><net_src comp="402" pin="1"/><net_sink comp="528" pin=0"/></net>

<net id="533"><net_src comp="414" pin="1"/><net_sink comp="528" pin=1"/></net>

<net id="537"><net_src comp="528" pin="2"/><net_sink comp="534" pin=0"/></net>

<net id="542"><net_src comp="534" pin="1"/><net_sink comp="538" pin=0"/></net>

<net id="543"><net_src comp="524" pin="1"/><net_sink comp="538" pin=1"/></net>

<net id="548"><net_src comp="426" pin="1"/><net_sink comp="544" pin=0"/></net>

<net id="549"><net_src comp="438" pin="1"/><net_sink comp="544" pin=1"/></net>

<net id="553"><net_src comp="544" pin="2"/><net_sink comp="550" pin=0"/></net>

<net id="558"><net_src comp="450" pin="1"/><net_sink comp="554" pin=0"/></net>

<net id="559"><net_src comp="462" pin="1"/><net_sink comp="554" pin=1"/></net>

<net id="563"><net_src comp="554" pin="2"/><net_sink comp="560" pin=0"/></net>

<net id="568"><net_src comp="560" pin="1"/><net_sink comp="564" pin=0"/></net>

<net id="569"><net_src comp="550" pin="1"/><net_sink comp="564" pin=1"/></net>

<net id="574"><net_src comp="52" pin="0"/><net_sink comp="570" pin=1"/></net>

<net id="579"><net_src comp="135" pin="11"/><net_sink comp="575" pin=0"/></net>

<net id="580"><net_src comp="570" pin="2"/><net_sink comp="575" pin=1"/></net>

<net id="584"><net_src comp="575" pin="2"/><net_sink comp="581" pin=0"/></net>

<net id="588"><net_src comp="581" pin="1"/><net_sink comp="585" pin=0"/></net>

<net id="594"><net_src comp="54" pin="0"/><net_sink comp="589" pin=0"/></net>

<net id="595"><net_src comp="575" pin="2"/><net_sink comp="589" pin=1"/></net>

<net id="596"><net_src comp="12" pin="0"/><net_sink comp="589" pin=2"/></net>

<net id="600"><net_src comp="589" pin="3"/><net_sink comp="597" pin=0"/></net>

<net id="606"><net_src comp="54" pin="0"/><net_sink comp="601" pin=0"/></net>

<net id="607"><net_src comp="575" pin="2"/><net_sink comp="601" pin=1"/></net>

<net id="608"><net_src comp="56" pin="0"/><net_sink comp="601" pin=2"/></net>

<net id="612"><net_src comp="601" pin="3"/><net_sink comp="609" pin=0"/></net>

<net id="618"><net_src comp="54" pin="0"/><net_sink comp="613" pin=0"/></net>

<net id="619"><net_src comp="575" pin="2"/><net_sink comp="613" pin=1"/></net>

<net id="620"><net_src comp="58" pin="0"/><net_sink comp="613" pin=2"/></net>

<net id="624"><net_src comp="613" pin="3"/><net_sink comp="621" pin=0"/></net>

<net id="630"><net_src comp="54" pin="0"/><net_sink comp="625" pin=0"/></net>

<net id="631"><net_src comp="575" pin="2"/><net_sink comp="625" pin=1"/></net>

<net id="632"><net_src comp="60" pin="0"/><net_sink comp="625" pin=2"/></net>

<net id="636"><net_src comp="625" pin="3"/><net_sink comp="633" pin=0"/></net>

<net id="642"><net_src comp="54" pin="0"/><net_sink comp="637" pin=0"/></net>

<net id="643"><net_src comp="575" pin="2"/><net_sink comp="637" pin=1"/></net>

<net id="644"><net_src comp="62" pin="0"/><net_sink comp="637" pin=2"/></net>

<net id="648"><net_src comp="637" pin="3"/><net_sink comp="645" pin=0"/></net>

<net id="654"><net_src comp="54" pin="0"/><net_sink comp="649" pin=0"/></net>

<net id="655"><net_src comp="575" pin="2"/><net_sink comp="649" pin=1"/></net>

<net id="656"><net_src comp="64" pin="0"/><net_sink comp="649" pin=2"/></net>

<net id="660"><net_src comp="649" pin="3"/><net_sink comp="657" pin=0"/></net>

<net id="666"><net_src comp="54" pin="0"/><net_sink comp="661" pin=0"/></net>

<net id="667"><net_src comp="575" pin="2"/><net_sink comp="661" pin=1"/></net>

<net id="668"><net_src comp="66" pin="0"/><net_sink comp="661" pin=2"/></net>

<net id="672"><net_src comp="661" pin="3"/><net_sink comp="669" pin=0"/></net>

<net id="678"><net_src comp="54" pin="0"/><net_sink comp="673" pin=0"/></net>

<net id="679"><net_src comp="575" pin="2"/><net_sink comp="673" pin=1"/></net>

<net id="680"><net_src comp="68" pin="0"/><net_sink comp="673" pin=2"/></net>

<net id="684"><net_src comp="673" pin="3"/><net_sink comp="681" pin=0"/></net>

<net id="690"><net_src comp="54" pin="0"/><net_sink comp="685" pin=0"/></net>

<net id="691"><net_src comp="575" pin="2"/><net_sink comp="685" pin=1"/></net>

<net id="692"><net_src comp="70" pin="0"/><net_sink comp="685" pin=2"/></net>

<net id="696"><net_src comp="685" pin="3"/><net_sink comp="693" pin=0"/></net>

<net id="702"><net_src comp="54" pin="0"/><net_sink comp="697" pin=0"/></net>

<net id="703"><net_src comp="575" pin="2"/><net_sink comp="697" pin=1"/></net>

<net id="704"><net_src comp="72" pin="0"/><net_sink comp="697" pin=2"/></net>

<net id="708"><net_src comp="697" pin="3"/><net_sink comp="705" pin=0"/></net>

<net id="714"><net_src comp="54" pin="0"/><net_sink comp="709" pin=0"/></net>

<net id="715"><net_src comp="575" pin="2"/><net_sink comp="709" pin=1"/></net>

<net id="716"><net_src comp="74" pin="0"/><net_sink comp="709" pin=2"/></net>

<net id="720"><net_src comp="709" pin="3"/><net_sink comp="717" pin=0"/></net>

<net id="726"><net_src comp="54" pin="0"/><net_sink comp="721" pin=0"/></net>

<net id="727"><net_src comp="575" pin="2"/><net_sink comp="721" pin=1"/></net>

<net id="728"><net_src comp="76" pin="0"/><net_sink comp="721" pin=2"/></net>

<net id="732"><net_src comp="721" pin="3"/><net_sink comp="729" pin=0"/></net>

<net id="738"><net_src comp="54" pin="0"/><net_sink comp="733" pin=0"/></net>

<net id="739"><net_src comp="575" pin="2"/><net_sink comp="733" pin=1"/></net>

<net id="740"><net_src comp="78" pin="0"/><net_sink comp="733" pin=2"/></net>

<net id="744"><net_src comp="733" pin="3"/><net_sink comp="741" pin=0"/></net>

<net id="750"><net_src comp="54" pin="0"/><net_sink comp="745" pin=0"/></net>

<net id="751"><net_src comp="575" pin="2"/><net_sink comp="745" pin=1"/></net>

<net id="752"><net_src comp="80" pin="0"/><net_sink comp="745" pin=2"/></net>

<net id="756"><net_src comp="745" pin="3"/><net_sink comp="753" pin=0"/></net>

<net id="762"><net_src comp="54" pin="0"/><net_sink comp="757" pin=0"/></net>

<net id="763"><net_src comp="575" pin="2"/><net_sink comp="757" pin=1"/></net>

<net id="764"><net_src comp="82" pin="0"/><net_sink comp="757" pin=2"/></net>

<net id="768"><net_src comp="757" pin="3"/><net_sink comp="765" pin=0"/></net>

<net id="773"><net_src comp="597" pin="1"/><net_sink comp="769" pin=0"/></net>

<net id="774"><net_src comp="585" pin="1"/><net_sink comp="769" pin=1"/></net>

<net id="778"><net_src comp="769" pin="2"/><net_sink comp="775" pin=0"/></net>

<net id="783"><net_src comp="609" pin="1"/><net_sink comp="779" pin=0"/></net>

<net id="784"><net_src comp="621" pin="1"/><net_sink comp="779" pin=1"/></net>

<net id="788"><net_src comp="779" pin="2"/><net_sink comp="785" pin=0"/></net>

<net id="793"><net_src comp="785" pin="1"/><net_sink comp="789" pin=0"/></net>

<net id="794"><net_src comp="775" pin="1"/><net_sink comp="789" pin=1"/></net>

<net id="799"><net_src comp="633" pin="1"/><net_sink comp="795" pin=0"/></net>

<net id="800"><net_src comp="645" pin="1"/><net_sink comp="795" pin=1"/></net>

<net id="804"><net_src comp="795" pin="2"/><net_sink comp="801" pin=0"/></net>

<net id="809"><net_src comp="657" pin="1"/><net_sink comp="805" pin=0"/></net>

<net id="810"><net_src comp="669" pin="1"/><net_sink comp="805" pin=1"/></net>

<net id="814"><net_src comp="805" pin="2"/><net_sink comp="811" pin=0"/></net>

<net id="819"><net_src comp="811" pin="1"/><net_sink comp="815" pin=0"/></net>

<net id="820"><net_src comp="801" pin="1"/><net_sink comp="815" pin=1"/></net>

<net id="825"><net_src comp="681" pin="1"/><net_sink comp="821" pin=0"/></net>

<net id="826"><net_src comp="693" pin="1"/><net_sink comp="821" pin=1"/></net>

<net id="830"><net_src comp="821" pin="2"/><net_sink comp="827" pin=0"/></net>

<net id="835"><net_src comp="705" pin="1"/><net_sink comp="831" pin=0"/></net>

<net id="836"><net_src comp="717" pin="1"/><net_sink comp="831" pin=1"/></net>

<net id="840"><net_src comp="831" pin="2"/><net_sink comp="837" pin=0"/></net>

<net id="845"><net_src comp="837" pin="1"/><net_sink comp="841" pin=0"/></net>

<net id="846"><net_src comp="827" pin="1"/><net_sink comp="841" pin=1"/></net>

<net id="851"><net_src comp="729" pin="1"/><net_sink comp="847" pin=0"/></net>

<net id="852"><net_src comp="741" pin="1"/><net_sink comp="847" pin=1"/></net>

<net id="856"><net_src comp="847" pin="2"/><net_sink comp="853" pin=0"/></net>

<net id="861"><net_src comp="753" pin="1"/><net_sink comp="857" pin=0"/></net>

<net id="862"><net_src comp="765" pin="1"/><net_sink comp="857" pin=1"/></net>

<net id="866"><net_src comp="857" pin="2"/><net_sink comp="863" pin=0"/></net>

<net id="871"><net_src comp="863" pin="1"/><net_sink comp="867" pin=0"/></net>

<net id="872"><net_src comp="853" pin="1"/><net_sink comp="867" pin=1"/></net>

<net id="877"><net_src comp="52" pin="0"/><net_sink comp="873" pin=1"/></net>

<net id="882"><net_src comp="135" pin="7"/><net_sink comp="878" pin=0"/></net>

<net id="883"><net_src comp="873" pin="2"/><net_sink comp="878" pin=1"/></net>

<net id="887"><net_src comp="878" pin="2"/><net_sink comp="884" pin=0"/></net>

<net id="891"><net_src comp="884" pin="1"/><net_sink comp="888" pin=0"/></net>

<net id="897"><net_src comp="54" pin="0"/><net_sink comp="892" pin=0"/></net>

<net id="898"><net_src comp="878" pin="2"/><net_sink comp="892" pin=1"/></net>

<net id="899"><net_src comp="12" pin="0"/><net_sink comp="892" pin=2"/></net>

<net id="903"><net_src comp="892" pin="3"/><net_sink comp="900" pin=0"/></net>

<net id="909"><net_src comp="54" pin="0"/><net_sink comp="904" pin=0"/></net>

<net id="910"><net_src comp="878" pin="2"/><net_sink comp="904" pin=1"/></net>

<net id="911"><net_src comp="56" pin="0"/><net_sink comp="904" pin=2"/></net>

<net id="915"><net_src comp="904" pin="3"/><net_sink comp="912" pin=0"/></net>

<net id="921"><net_src comp="54" pin="0"/><net_sink comp="916" pin=0"/></net>

<net id="922"><net_src comp="878" pin="2"/><net_sink comp="916" pin=1"/></net>

<net id="923"><net_src comp="58" pin="0"/><net_sink comp="916" pin=2"/></net>

<net id="927"><net_src comp="916" pin="3"/><net_sink comp="924" pin=0"/></net>

<net id="933"><net_src comp="54" pin="0"/><net_sink comp="928" pin=0"/></net>

<net id="934"><net_src comp="878" pin="2"/><net_sink comp="928" pin=1"/></net>

<net id="935"><net_src comp="60" pin="0"/><net_sink comp="928" pin=2"/></net>

<net id="939"><net_src comp="928" pin="3"/><net_sink comp="936" pin=0"/></net>

<net id="945"><net_src comp="54" pin="0"/><net_sink comp="940" pin=0"/></net>

<net id="946"><net_src comp="878" pin="2"/><net_sink comp="940" pin=1"/></net>

<net id="947"><net_src comp="62" pin="0"/><net_sink comp="940" pin=2"/></net>

<net id="951"><net_src comp="940" pin="3"/><net_sink comp="948" pin=0"/></net>

<net id="957"><net_src comp="54" pin="0"/><net_sink comp="952" pin=0"/></net>

<net id="958"><net_src comp="878" pin="2"/><net_sink comp="952" pin=1"/></net>

<net id="959"><net_src comp="64" pin="0"/><net_sink comp="952" pin=2"/></net>

<net id="963"><net_src comp="952" pin="3"/><net_sink comp="960" pin=0"/></net>

<net id="969"><net_src comp="54" pin="0"/><net_sink comp="964" pin=0"/></net>

<net id="970"><net_src comp="878" pin="2"/><net_sink comp="964" pin=1"/></net>

<net id="971"><net_src comp="66" pin="0"/><net_sink comp="964" pin=2"/></net>

<net id="975"><net_src comp="964" pin="3"/><net_sink comp="972" pin=0"/></net>

<net id="981"><net_src comp="54" pin="0"/><net_sink comp="976" pin=0"/></net>

<net id="982"><net_src comp="878" pin="2"/><net_sink comp="976" pin=1"/></net>

<net id="983"><net_src comp="68" pin="0"/><net_sink comp="976" pin=2"/></net>

<net id="987"><net_src comp="976" pin="3"/><net_sink comp="984" pin=0"/></net>

<net id="993"><net_src comp="54" pin="0"/><net_sink comp="988" pin=0"/></net>

<net id="994"><net_src comp="878" pin="2"/><net_sink comp="988" pin=1"/></net>

<net id="995"><net_src comp="70" pin="0"/><net_sink comp="988" pin=2"/></net>

<net id="999"><net_src comp="988" pin="3"/><net_sink comp="996" pin=0"/></net>

<net id="1005"><net_src comp="54" pin="0"/><net_sink comp="1000" pin=0"/></net>

<net id="1006"><net_src comp="878" pin="2"/><net_sink comp="1000" pin=1"/></net>

<net id="1007"><net_src comp="72" pin="0"/><net_sink comp="1000" pin=2"/></net>

<net id="1011"><net_src comp="1000" pin="3"/><net_sink comp="1008" pin=0"/></net>

<net id="1017"><net_src comp="54" pin="0"/><net_sink comp="1012" pin=0"/></net>

<net id="1018"><net_src comp="878" pin="2"/><net_sink comp="1012" pin=1"/></net>

<net id="1019"><net_src comp="74" pin="0"/><net_sink comp="1012" pin=2"/></net>

<net id="1023"><net_src comp="1012" pin="3"/><net_sink comp="1020" pin=0"/></net>

<net id="1029"><net_src comp="54" pin="0"/><net_sink comp="1024" pin=0"/></net>

<net id="1030"><net_src comp="878" pin="2"/><net_sink comp="1024" pin=1"/></net>

<net id="1031"><net_src comp="76" pin="0"/><net_sink comp="1024" pin=2"/></net>

<net id="1035"><net_src comp="1024" pin="3"/><net_sink comp="1032" pin=0"/></net>

<net id="1041"><net_src comp="54" pin="0"/><net_sink comp="1036" pin=0"/></net>

<net id="1042"><net_src comp="878" pin="2"/><net_sink comp="1036" pin=1"/></net>

<net id="1043"><net_src comp="78" pin="0"/><net_sink comp="1036" pin=2"/></net>

<net id="1047"><net_src comp="1036" pin="3"/><net_sink comp="1044" pin=0"/></net>

<net id="1053"><net_src comp="54" pin="0"/><net_sink comp="1048" pin=0"/></net>

<net id="1054"><net_src comp="878" pin="2"/><net_sink comp="1048" pin=1"/></net>

<net id="1055"><net_src comp="80" pin="0"/><net_sink comp="1048" pin=2"/></net>

<net id="1059"><net_src comp="1048" pin="3"/><net_sink comp="1056" pin=0"/></net>

<net id="1065"><net_src comp="54" pin="0"/><net_sink comp="1060" pin=0"/></net>

<net id="1066"><net_src comp="878" pin="2"/><net_sink comp="1060" pin=1"/></net>

<net id="1067"><net_src comp="82" pin="0"/><net_sink comp="1060" pin=2"/></net>

<net id="1071"><net_src comp="1060" pin="3"/><net_sink comp="1068" pin=0"/></net>

<net id="1076"><net_src comp="900" pin="1"/><net_sink comp="1072" pin=0"/></net>

<net id="1077"><net_src comp="888" pin="1"/><net_sink comp="1072" pin=1"/></net>

<net id="1081"><net_src comp="1072" pin="2"/><net_sink comp="1078" pin=0"/></net>

<net id="1086"><net_src comp="912" pin="1"/><net_sink comp="1082" pin=0"/></net>

<net id="1087"><net_src comp="924" pin="1"/><net_sink comp="1082" pin=1"/></net>

<net id="1091"><net_src comp="1082" pin="2"/><net_sink comp="1088" pin=0"/></net>

<net id="1096"><net_src comp="1088" pin="1"/><net_sink comp="1092" pin=0"/></net>

<net id="1097"><net_src comp="1078" pin="1"/><net_sink comp="1092" pin=1"/></net>

<net id="1102"><net_src comp="936" pin="1"/><net_sink comp="1098" pin=0"/></net>

<net id="1103"><net_src comp="948" pin="1"/><net_sink comp="1098" pin=1"/></net>

<net id="1107"><net_src comp="1098" pin="2"/><net_sink comp="1104" pin=0"/></net>

<net id="1112"><net_src comp="960" pin="1"/><net_sink comp="1108" pin=0"/></net>

<net id="1113"><net_src comp="972" pin="1"/><net_sink comp="1108" pin=1"/></net>

<net id="1117"><net_src comp="1108" pin="2"/><net_sink comp="1114" pin=0"/></net>

<net id="1122"><net_src comp="1114" pin="1"/><net_sink comp="1118" pin=0"/></net>

<net id="1123"><net_src comp="1104" pin="1"/><net_sink comp="1118" pin=1"/></net>

<net id="1128"><net_src comp="984" pin="1"/><net_sink comp="1124" pin=0"/></net>

<net id="1129"><net_src comp="996" pin="1"/><net_sink comp="1124" pin=1"/></net>

<net id="1133"><net_src comp="1124" pin="2"/><net_sink comp="1130" pin=0"/></net>

<net id="1138"><net_src comp="1008" pin="1"/><net_sink comp="1134" pin=0"/></net>

<net id="1139"><net_src comp="1020" pin="1"/><net_sink comp="1134" pin=1"/></net>

<net id="1143"><net_src comp="1134" pin="2"/><net_sink comp="1140" pin=0"/></net>

<net id="1148"><net_src comp="1140" pin="1"/><net_sink comp="1144" pin=0"/></net>

<net id="1149"><net_src comp="1130" pin="1"/><net_sink comp="1144" pin=1"/></net>

<net id="1154"><net_src comp="1032" pin="1"/><net_sink comp="1150" pin=0"/></net>

<net id="1155"><net_src comp="1044" pin="1"/><net_sink comp="1150" pin=1"/></net>

<net id="1159"><net_src comp="1150" pin="2"/><net_sink comp="1156" pin=0"/></net>

<net id="1164"><net_src comp="1056" pin="1"/><net_sink comp="1160" pin=0"/></net>

<net id="1165"><net_src comp="1068" pin="1"/><net_sink comp="1160" pin=1"/></net>

<net id="1169"><net_src comp="1160" pin="2"/><net_sink comp="1166" pin=0"/></net>

<net id="1174"><net_src comp="1166" pin="1"/><net_sink comp="1170" pin=0"/></net>

<net id="1175"><net_src comp="1156" pin="1"/><net_sink comp="1170" pin=1"/></net>

<net id="1180"><net_src comp="52" pin="0"/><net_sink comp="1176" pin=1"/></net>

<net id="1185"><net_src comp="135" pin="3"/><net_sink comp="1181" pin=0"/></net>

<net id="1186"><net_src comp="1176" pin="2"/><net_sink comp="1181" pin=1"/></net>

<net id="1190"><net_src comp="1181" pin="2"/><net_sink comp="1187" pin=0"/></net>

<net id="1194"><net_src comp="1187" pin="1"/><net_sink comp="1191" pin=0"/></net>

<net id="1200"><net_src comp="54" pin="0"/><net_sink comp="1195" pin=0"/></net>

<net id="1201"><net_src comp="1181" pin="2"/><net_sink comp="1195" pin=1"/></net>

<net id="1202"><net_src comp="12" pin="0"/><net_sink comp="1195" pin=2"/></net>

<net id="1206"><net_src comp="1195" pin="3"/><net_sink comp="1203" pin=0"/></net>

<net id="1212"><net_src comp="54" pin="0"/><net_sink comp="1207" pin=0"/></net>

<net id="1213"><net_src comp="1181" pin="2"/><net_sink comp="1207" pin=1"/></net>

<net id="1214"><net_src comp="56" pin="0"/><net_sink comp="1207" pin=2"/></net>

<net id="1218"><net_src comp="1207" pin="3"/><net_sink comp="1215" pin=0"/></net>

<net id="1224"><net_src comp="54" pin="0"/><net_sink comp="1219" pin=0"/></net>

<net id="1225"><net_src comp="1181" pin="2"/><net_sink comp="1219" pin=1"/></net>

<net id="1226"><net_src comp="58" pin="0"/><net_sink comp="1219" pin=2"/></net>

<net id="1230"><net_src comp="1219" pin="3"/><net_sink comp="1227" pin=0"/></net>

<net id="1236"><net_src comp="54" pin="0"/><net_sink comp="1231" pin=0"/></net>

<net id="1237"><net_src comp="1181" pin="2"/><net_sink comp="1231" pin=1"/></net>

<net id="1238"><net_src comp="60" pin="0"/><net_sink comp="1231" pin=2"/></net>

<net id="1242"><net_src comp="1231" pin="3"/><net_sink comp="1239" pin=0"/></net>

<net id="1248"><net_src comp="54" pin="0"/><net_sink comp="1243" pin=0"/></net>

<net id="1249"><net_src comp="1181" pin="2"/><net_sink comp="1243" pin=1"/></net>

<net id="1250"><net_src comp="62" pin="0"/><net_sink comp="1243" pin=2"/></net>

<net id="1254"><net_src comp="1243" pin="3"/><net_sink comp="1251" pin=0"/></net>

<net id="1260"><net_src comp="54" pin="0"/><net_sink comp="1255" pin=0"/></net>

<net id="1261"><net_src comp="1181" pin="2"/><net_sink comp="1255" pin=1"/></net>

<net id="1262"><net_src comp="64" pin="0"/><net_sink comp="1255" pin=2"/></net>

<net id="1266"><net_src comp="1255" pin="3"/><net_sink comp="1263" pin=0"/></net>

<net id="1272"><net_src comp="54" pin="0"/><net_sink comp="1267" pin=0"/></net>

<net id="1273"><net_src comp="1181" pin="2"/><net_sink comp="1267" pin=1"/></net>

<net id="1274"><net_src comp="66" pin="0"/><net_sink comp="1267" pin=2"/></net>

<net id="1278"><net_src comp="1267" pin="3"/><net_sink comp="1275" pin=0"/></net>

<net id="1284"><net_src comp="54" pin="0"/><net_sink comp="1279" pin=0"/></net>

<net id="1285"><net_src comp="1181" pin="2"/><net_sink comp="1279" pin=1"/></net>

<net id="1286"><net_src comp="68" pin="0"/><net_sink comp="1279" pin=2"/></net>

<net id="1290"><net_src comp="1279" pin="3"/><net_sink comp="1287" pin=0"/></net>

<net id="1296"><net_src comp="54" pin="0"/><net_sink comp="1291" pin=0"/></net>

<net id="1297"><net_src comp="1181" pin="2"/><net_sink comp="1291" pin=1"/></net>

<net id="1298"><net_src comp="70" pin="0"/><net_sink comp="1291" pin=2"/></net>

<net id="1302"><net_src comp="1291" pin="3"/><net_sink comp="1299" pin=0"/></net>

<net id="1308"><net_src comp="54" pin="0"/><net_sink comp="1303" pin=0"/></net>

<net id="1309"><net_src comp="1181" pin="2"/><net_sink comp="1303" pin=1"/></net>

<net id="1310"><net_src comp="72" pin="0"/><net_sink comp="1303" pin=2"/></net>

<net id="1314"><net_src comp="1303" pin="3"/><net_sink comp="1311" pin=0"/></net>

<net id="1320"><net_src comp="54" pin="0"/><net_sink comp="1315" pin=0"/></net>

<net id="1321"><net_src comp="1181" pin="2"/><net_sink comp="1315" pin=1"/></net>

<net id="1322"><net_src comp="74" pin="0"/><net_sink comp="1315" pin=2"/></net>

<net id="1326"><net_src comp="1315" pin="3"/><net_sink comp="1323" pin=0"/></net>

<net id="1332"><net_src comp="54" pin="0"/><net_sink comp="1327" pin=0"/></net>

<net id="1333"><net_src comp="1181" pin="2"/><net_sink comp="1327" pin=1"/></net>

<net id="1334"><net_src comp="76" pin="0"/><net_sink comp="1327" pin=2"/></net>

<net id="1338"><net_src comp="1327" pin="3"/><net_sink comp="1335" pin=0"/></net>

<net id="1344"><net_src comp="54" pin="0"/><net_sink comp="1339" pin=0"/></net>

<net id="1345"><net_src comp="1181" pin="2"/><net_sink comp="1339" pin=1"/></net>

<net id="1346"><net_src comp="78" pin="0"/><net_sink comp="1339" pin=2"/></net>

<net id="1350"><net_src comp="1339" pin="3"/><net_sink comp="1347" pin=0"/></net>

<net id="1356"><net_src comp="54" pin="0"/><net_sink comp="1351" pin=0"/></net>

<net id="1357"><net_src comp="1181" pin="2"/><net_sink comp="1351" pin=1"/></net>

<net id="1358"><net_src comp="80" pin="0"/><net_sink comp="1351" pin=2"/></net>

<net id="1362"><net_src comp="1351" pin="3"/><net_sink comp="1359" pin=0"/></net>

<net id="1368"><net_src comp="54" pin="0"/><net_sink comp="1363" pin=0"/></net>

<net id="1369"><net_src comp="1181" pin="2"/><net_sink comp="1363" pin=1"/></net>

<net id="1370"><net_src comp="82" pin="0"/><net_sink comp="1363" pin=2"/></net>

<net id="1374"><net_src comp="1363" pin="3"/><net_sink comp="1371" pin=0"/></net>

<net id="1379"><net_src comp="1203" pin="1"/><net_sink comp="1375" pin=0"/></net>

<net id="1380"><net_src comp="1191" pin="1"/><net_sink comp="1375" pin=1"/></net>

<net id="1384"><net_src comp="1375" pin="2"/><net_sink comp="1381" pin=0"/></net>

<net id="1389"><net_src comp="1215" pin="1"/><net_sink comp="1385" pin=0"/></net>

<net id="1390"><net_src comp="1227" pin="1"/><net_sink comp="1385" pin=1"/></net>

<net id="1394"><net_src comp="1385" pin="2"/><net_sink comp="1391" pin=0"/></net>

<net id="1399"><net_src comp="1391" pin="1"/><net_sink comp="1395" pin=0"/></net>

<net id="1400"><net_src comp="1381" pin="1"/><net_sink comp="1395" pin=1"/></net>

<net id="1405"><net_src comp="1239" pin="1"/><net_sink comp="1401" pin=0"/></net>

<net id="1406"><net_src comp="1251" pin="1"/><net_sink comp="1401" pin=1"/></net>

<net id="1410"><net_src comp="1401" pin="2"/><net_sink comp="1407" pin=0"/></net>

<net id="1415"><net_src comp="1263" pin="1"/><net_sink comp="1411" pin=0"/></net>

<net id="1416"><net_src comp="1275" pin="1"/><net_sink comp="1411" pin=1"/></net>

<net id="1420"><net_src comp="1411" pin="2"/><net_sink comp="1417" pin=0"/></net>

<net id="1425"><net_src comp="1417" pin="1"/><net_sink comp="1421" pin=0"/></net>

<net id="1426"><net_src comp="1407" pin="1"/><net_sink comp="1421" pin=1"/></net>

<net id="1431"><net_src comp="1287" pin="1"/><net_sink comp="1427" pin=0"/></net>

<net id="1432"><net_src comp="1299" pin="1"/><net_sink comp="1427" pin=1"/></net>

<net id="1436"><net_src comp="1427" pin="2"/><net_sink comp="1433" pin=0"/></net>

<net id="1441"><net_src comp="1311" pin="1"/><net_sink comp="1437" pin=0"/></net>

<net id="1442"><net_src comp="1323" pin="1"/><net_sink comp="1437" pin=1"/></net>

<net id="1446"><net_src comp="1437" pin="2"/><net_sink comp="1443" pin=0"/></net>

<net id="1451"><net_src comp="1443" pin="1"/><net_sink comp="1447" pin=0"/></net>

<net id="1452"><net_src comp="1433" pin="1"/><net_sink comp="1447" pin=1"/></net>

<net id="1457"><net_src comp="1335" pin="1"/><net_sink comp="1453" pin=0"/></net>

<net id="1458"><net_src comp="1347" pin="1"/><net_sink comp="1453" pin=1"/></net>

<net id="1462"><net_src comp="1453" pin="2"/><net_sink comp="1459" pin=0"/></net>

<net id="1467"><net_src comp="1359" pin="1"/><net_sink comp="1463" pin=0"/></net>

<net id="1468"><net_src comp="1371" pin="1"/><net_sink comp="1463" pin=1"/></net>

<net id="1472"><net_src comp="1463" pin="2"/><net_sink comp="1469" pin=0"/></net>

<net id="1477"><net_src comp="1469" pin="1"/><net_sink comp="1473" pin=0"/></net>

<net id="1478"><net_src comp="1459" pin="1"/><net_sink comp="1473" pin=1"/></net>

<net id="1489"><net_src comp="1482" pin="1"/><net_sink comp="1485" pin=0"/></net>

<net id="1490"><net_src comp="1479" pin="1"/><net_sink comp="1485" pin=1"/></net>

<net id="1494"><net_src comp="1485" pin="2"/><net_sink comp="1491" pin=0"/></net>

<net id="1505"><net_src comp="1498" pin="1"/><net_sink comp="1501" pin=0"/></net>

<net id="1506"><net_src comp="1495" pin="1"/><net_sink comp="1501" pin=1"/></net>

<net id="1510"><net_src comp="1501" pin="2"/><net_sink comp="1507" pin=0"/></net>

<net id="1515"><net_src comp="1507" pin="1"/><net_sink comp="1511" pin=0"/></net>

<net id="1516"><net_src comp="1491" pin="1"/><net_sink comp="1511" pin=1"/></net>

<net id="1527"><net_src comp="1520" pin="1"/><net_sink comp="1523" pin=0"/></net>

<net id="1528"><net_src comp="1517" pin="1"/><net_sink comp="1523" pin=1"/></net>

<net id="1532"><net_src comp="1523" pin="2"/><net_sink comp="1529" pin=0"/></net>

<net id="1543"><net_src comp="1536" pin="1"/><net_sink comp="1539" pin=0"/></net>

<net id="1544"><net_src comp="1533" pin="1"/><net_sink comp="1539" pin=1"/></net>

<net id="1548"><net_src comp="1539" pin="2"/><net_sink comp="1545" pin=0"/></net>

<net id="1553"><net_src comp="1545" pin="1"/><net_sink comp="1549" pin=0"/></net>

<net id="1554"><net_src comp="1529" pin="1"/><net_sink comp="1549" pin=1"/></net>

<net id="1565"><net_src comp="1558" pin="1"/><net_sink comp="1561" pin=0"/></net>

<net id="1566"><net_src comp="1555" pin="1"/><net_sink comp="1561" pin=1"/></net>

<net id="1570"><net_src comp="1561" pin="2"/><net_sink comp="1567" pin=0"/></net>

<net id="1581"><net_src comp="1574" pin="1"/><net_sink comp="1577" pin=0"/></net>

<net id="1582"><net_src comp="1571" pin="1"/><net_sink comp="1577" pin=1"/></net>

<net id="1586"><net_src comp="1577" pin="2"/><net_sink comp="1583" pin=0"/></net>

<net id="1591"><net_src comp="1583" pin="1"/><net_sink comp="1587" pin=0"/></net>

<net id="1592"><net_src comp="1567" pin="1"/><net_sink comp="1587" pin=1"/></net>

<net id="1603"><net_src comp="1596" pin="1"/><net_sink comp="1599" pin=0"/></net>

<net id="1604"><net_src comp="1593" pin="1"/><net_sink comp="1599" pin=1"/></net>

<net id="1608"><net_src comp="1599" pin="2"/><net_sink comp="1605" pin=0"/></net>

<net id="1619"><net_src comp="1612" pin="1"/><net_sink comp="1615" pin=0"/></net>

<net id="1620"><net_src comp="1609" pin="1"/><net_sink comp="1615" pin=1"/></net>

<net id="1624"><net_src comp="1615" pin="2"/><net_sink comp="1621" pin=0"/></net>

<net id="1629"><net_src comp="1621" pin="1"/><net_sink comp="1625" pin=0"/></net>

<net id="1630"><net_src comp="1605" pin="1"/><net_sink comp="1625" pin=1"/></net>

<net id="1634"><net_src comp="1511" pin="2"/><net_sink comp="1631" pin=0"/></net>

<net id="1638"><net_src comp="1549" pin="2"/><net_sink comp="1635" pin=0"/></net>

<net id="1642"><net_src comp="1587" pin="2"/><net_sink comp="1639" pin=0"/></net>

<net id="1646"><net_src comp="1625" pin="2"/><net_sink comp="1643" pin=0"/></net>

<net id="1651"><net_src comp="1635" pin="1"/><net_sink comp="1647" pin=0"/></net>

<net id="1652"><net_src comp="1631" pin="1"/><net_sink comp="1647" pin=1"/></net>

<net id="1656"><net_src comp="1647" pin="2"/><net_sink comp="1653" pin=0"/></net>

<net id="1661"><net_src comp="1639" pin="1"/><net_sink comp="1657" pin=0"/></net>

<net id="1662"><net_src comp="1643" pin="1"/><net_sink comp="1657" pin=1"/></net>

<net id="1666"><net_src comp="1657" pin="2"/><net_sink comp="1663" pin=0"/></net>

<net id="1671"><net_src comp="1663" pin="1"/><net_sink comp="1667" pin=0"/></net>

<net id="1672"><net_src comp="1653" pin="1"/><net_sink comp="1667" pin=1"/></net>

<net id="1676"><net_src comp="1673" pin="1"/><net_sink comp="177" pin=2"/></net>

<net id="1682"><net_src comp="84" pin="0"/><net_sink comp="1677" pin=0"/></net>

<net id="1683"><net_src comp="86" pin="0"/><net_sink comp="1677" pin=2"/></net>

<net id="1688"><net_src comp="1677" pin="3"/><net_sink comp="1684" pin=0"/></net>

<net id="1689"><net_src comp="88" pin="0"/><net_sink comp="1684" pin=1"/></net>

<net id="1693"><net_src comp="1684" pin="2"/><net_sink comp="1690" pin=0"/></net>

<net id="1694"><net_src comp="1690" pin="1"/><net_sink comp="184" pin=1"/></net>

<net id="1698"><net_src comp="100" pin="1"/><net_sink comp="1695" pin=0"/></net>

<net id="1699"><net_src comp="1695" pin="1"/><net_sink comp="190" pin=1"/></net>

<net id="1700"><net_src comp="1695" pin="1"/><net_sink comp="195" pin=0"/></net>

<net id="1701"><net_src comp="1695" pin="1"/><net_sink comp="262" pin=1"/></net>

<net id="1705"><net_src comp="104" pin="2"/><net_sink comp="1702" pin=0"/></net>

<net id="1706"><net_src comp="1702" pin="1"/><net_sink comp="1176" pin=0"/></net>

<net id="1710"><net_src comp="110" pin="2"/><net_sink comp="1707" pin=0"/></net>

<net id="1711"><net_src comp="1707" pin="1"/><net_sink comp="873" pin=0"/></net>

<net id="1715"><net_src comp="116" pin="2"/><net_sink comp="1712" pin=0"/></net>

<net id="1716"><net_src comp="1712" pin="1"/><net_sink comp="570" pin=0"/></net>

<net id="1720"><net_src comp="122" pin="2"/><net_sink comp="1717" pin=0"/></net>

<net id="1721"><net_src comp="1717" pin="1"/><net_sink comp="267" pin=0"/></net>

<net id="1725"><net_src comp="195" pin="1"/><net_sink comp="1722" pin=0"/></net>

<net id="1726"><net_src comp="1722" pin="1"/><net_sink comp="1673" pin=0"/></net>

<net id="1730"><net_src comp="198" pin="2"/><net_sink comp="1727" pin=0"/></net>

<net id="1734"><net_src comp="128" pin="3"/><net_sink comp="1731" pin=0"/></net>

<net id="1735"><net_src comp="1731" pin="1"/><net_sink comp="135" pin=8"/></net>

<net id="1739"><net_src comp="153" pin="3"/><net_sink comp="1736" pin=0"/></net>

<net id="1740"><net_src comp="1736" pin="1"/><net_sink comp="135" pin=5"/></net>

<net id="1744"><net_src comp="161" pin="3"/><net_sink comp="1741" pin=0"/></net>

<net id="1745"><net_src comp="1741" pin="1"/><net_sink comp="135" pin=2"/></net>

<net id="1749"><net_src comp="169" pin="3"/><net_sink comp="1746" pin=0"/></net>

<net id="1750"><net_src comp="1746" pin="1"/><net_sink comp="135" pin=0"/></net>

<net id="1754"><net_src comp="486" pin="2"/><net_sink comp="1751" pin=0"/></net>

<net id="1755"><net_src comp="1751" pin="1"/><net_sink comp="1479" pin=0"/></net>

<net id="1759"><net_src comp="512" pin="2"/><net_sink comp="1756" pin=0"/></net>

<net id="1760"><net_src comp="1756" pin="1"/><net_sink comp="1482" pin=0"/></net>

<net id="1764"><net_src comp="538" pin="2"/><net_sink comp="1761" pin=0"/></net>

<net id="1765"><net_src comp="1761" pin="1"/><net_sink comp="1495" pin=0"/></net>

<net id="1769"><net_src comp="564" pin="2"/><net_sink comp="1766" pin=0"/></net>

<net id="1770"><net_src comp="1766" pin="1"/><net_sink comp="1498" pin=0"/></net>

<net id="1774"><net_src comp="789" pin="2"/><net_sink comp="1771" pin=0"/></net>

<net id="1775"><net_src comp="1771" pin="1"/><net_sink comp="1517" pin=0"/></net>

<net id="1779"><net_src comp="815" pin="2"/><net_sink comp="1776" pin=0"/></net>

<net id="1780"><net_src comp="1776" pin="1"/><net_sink comp="1520" pin=0"/></net>

<net id="1784"><net_src comp="841" pin="2"/><net_sink comp="1781" pin=0"/></net>

<net id="1785"><net_src comp="1781" pin="1"/><net_sink comp="1533" pin=0"/></net>

<net id="1789"><net_src comp="867" pin="2"/><net_sink comp="1786" pin=0"/></net>

<net id="1790"><net_src comp="1786" pin="1"/><net_sink comp="1536" pin=0"/></net>

<net id="1794"><net_src comp="1092" pin="2"/><net_sink comp="1791" pin=0"/></net>

<net id="1795"><net_src comp="1791" pin="1"/><net_sink comp="1555" pin=0"/></net>

<net id="1799"><net_src comp="1118" pin="2"/><net_sink comp="1796" pin=0"/></net>

<net id="1800"><net_src comp="1796" pin="1"/><net_sink comp="1558" pin=0"/></net>

<net id="1804"><net_src comp="1144" pin="2"/><net_sink comp="1801" pin=0"/></net>

<net id="1805"><net_src comp="1801" pin="1"/><net_sink comp="1571" pin=0"/></net>

<net id="1809"><net_src comp="1170" pin="2"/><net_sink comp="1806" pin=0"/></net>

<net id="1810"><net_src comp="1806" pin="1"/><net_sink comp="1574" pin=0"/></net>

<net id="1814"><net_src comp="1395" pin="2"/><net_sink comp="1811" pin=0"/></net>

<net id="1815"><net_src comp="1811" pin="1"/><net_sink comp="1593" pin=0"/></net>

<net id="1819"><net_src comp="1421" pin="2"/><net_sink comp="1816" pin=0"/></net>

<net id="1820"><net_src comp="1816" pin="1"/><net_sink comp="1596" pin=0"/></net>

<net id="1824"><net_src comp="1447" pin="2"/><net_sink comp="1821" pin=0"/></net>

<net id="1825"><net_src comp="1821" pin="1"/><net_sink comp="1609" pin=0"/></net>

<net id="1829"><net_src comp="1473" pin="2"/><net_sink comp="1826" pin=0"/></net>

<net id="1830"><net_src comp="1826" pin="1"/><net_sink comp="1612" pin=0"/></net>

<net id="1834"><net_src comp="1667" pin="2"/><net_sink comp="1831" pin=0"/></net>

<net id="1835"><net_src comp="1831" pin="1"/><net_sink comp="1677" pin=1"/></net>

<net id="1839"><net_src comp="1690" pin="1"/><net_sink comp="1836" pin=0"/></net>

<net id="1840"><net_src comp="1836" pin="1"/><net_sink comp="184" pin=1"/></net>

<net id="1844"><net_src comp="177" pin="3"/><net_sink comp="1841" pin=0"/></net>

<net id="1845"><net_src comp="1841" pin="1"/><net_sink comp="184" pin=0"/></net>

</net_list>

</model> 
---------------- Datapath Model END ------------------

* FSMD analyzer results:
  - Output states:
	Port: ys | {4 5 }
	Port: w3 | {}
 - Input state : 
	Port: bnn_Pipeline_l3_loop : p_0_0271104_reload | {1 }
	Port: bnn_Pipeline_l3_loop : p_0_0271_1106_reload | {1 }
	Port: bnn_Pipeline_l3_loop : p_0_0271_2108_reload | {1 }
	Port: bnn_Pipeline_l3_loop : p_0_0271_3110_reload | {1 }
	Port: bnn_Pipeline_l3_loop : ys | {}
	Port: bnn_Pipeline_l3_loop : w3 | {1 2 }
  - Chain level:
	State 1
		store_ln139 : 1
		n_1 : 1
		icmp_ln139 : 2
		add_ln139 : 2
		br_ln139 : 3
		shl_ln2 : 2
		zext_ln60 : 3
		w3_addr : 4
		w3_load : 5
		or_ln60_7 : 2
		zext_ln60_1 : 3
		w3_addr_1 : 4
		w3_load_1 : 5
		or_ln60_8 : 2
		zext_ln60_2 : 3
		w3_addr_2 : 4
		w3_load_2 : 5
		or_ln60_9 : 2
		zext_ln60_3 : 3
		w3_addr_3 : 4
		w3_load_3 : 5
		store_ln139 : 3
	State 2
		zext_ln8 : 1
		zext_ln11 : 1
		zext_ln11_1 : 1
		zext_ln11_2 : 1
		zext_ln11_3 : 1
		zext_ln11_4 : 1
		zext_ln11_5 : 1
		zext_ln11_6 : 1
		zext_ln11_7 : 1
		zext_ln11_8 : 1
		zext_ln11_9 : 1
		zext_ln11_10 : 1
		zext_ln11_11 : 1
		zext_ln11_12 : 1
		zext_ln11_13 : 1
		zext_ln11_14 : 1
		add_ln11 : 2
		zext_ln11_15 : 3
		add_ln11_1 : 2
		zext_ln11_16 : 3
		add_ln11_2 : 4
		add_ln11_3 : 2
		zext_ln11_18 : 3
		add_ln11_4 : 2
		zext_ln11_19 : 3
		add_ln11_5 : 4
		add_ln11_7 : 2
		zext_ln11_22 : 3
		add_ln11_8 : 2
		zext_ln11_23 : 3
		add_ln11_9 : 4
		add_ln11_10 : 2
		zext_ln11_25 : 3
		add_ln11_11 : 2
		zext_ln11_26 : 3
		add_ln11_12 : 4
		zext_ln8_1 : 1
		zext_ln11_29 : 1
		zext_ln11_30 : 1
		zext_ln11_31 : 1
		zext_ln11_32 : 1
		zext_ln11_33 : 1
		zext_ln11_34 : 1
		zext_ln11_35 : 1
		zext_ln11_36 : 1
		zext_ln11_37 : 1
		zext_ln11_38 : 1
		zext_ln11_39 : 1
		zext_ln11_40 : 1
		zext_ln11_41 : 1
		zext_ln11_42 : 1
		zext_ln11_43 : 1
		add_ln11_15 : 2
		zext_ln11_44 : 3
		add_ln11_16 : 2
		zext_ln11_45 : 3
		add_ln11_17 : 4
		add_ln11_18 : 2
		zext_ln11_47 : 3
		add_ln11_19 : 2
		zext_ln11_48 : 3
		add_ln11_20 : 4
		add_ln11_22 : 2
		zext_ln11_51 : 3
		add_ln11_23 : 2
		zext_ln11_52 : 3
		add_ln11_24 : 4
		add_ln11_25 : 2
		zext_ln11_54 : 3
		add_ln11_26 : 2
		zext_ln11_55 : 3
		add_ln11_27 : 4
		zext_ln8_2 : 1
		zext_ln11_58 : 1
		zext_ln11_59 : 1
		zext_ln11_60 : 1
		zext_ln11_61 : 1
		zext_ln11_62 : 1
		zext_ln11_63 : 1
		zext_ln11_64 : 1
		zext_ln11_65 : 1
		zext_ln11_66 : 1
		zext_ln11_67 : 1
		zext_ln11_68 : 1
		zext_ln11_69 : 1
		zext_ln11_70 : 1
		zext_ln11_71 : 1
		zext_ln11_72 : 1
		add_ln11_30 : 2
		zext_ln11_73 : 3
		add_ln11_31 : 2
		zext_ln11_74 : 3
		add_ln11_32 : 4
		add_ln11_33 : 2
		zext_ln11_76 : 3
		add_ln11_34 : 2
		zext_ln11_77 : 3
		add_ln11_35 : 4
		add_ln11_37 : 2
		zext_ln11_80 : 3
		add_ln11_38 : 2
		zext_ln11_81 : 3
		add_ln11_39 : 4
		add_ln11_40 : 2
		zext_ln11_83 : 3
		add_ln11_41 : 2
		zext_ln11_84 : 3
		add_ln11_42 : 4
		zext_ln8_3 : 1
		zext_ln11_87 : 1
		zext_ln11_88 : 1
		zext_ln11_89 : 1
		zext_ln11_90 : 1
		zext_ln11_91 : 1
		zext_ln11_92 : 1
		zext_ln11_93 : 1
		zext_ln11_94 : 1
		zext_ln11_95 : 1
		zext_ln11_96 : 1
		zext_ln11_97 : 1
		zext_ln11_98 : 1
		zext_ln11_99 : 1
		zext_ln11_100 : 1
		zext_ln11_101 : 1
		add_ln11_45 : 2
		zext_ln11_102 : 3
		add_ln11_46 : 2
		zext_ln11_103 : 3
		add_ln11_47 : 4
		add_ln11_48 : 2
		zext_ln11_105 : 3
		add_ln11_49 : 2
		zext_ln11_106 : 3
		add_ln11_50 : 4
		add_ln11_52 : 2
		zext_ln11_109 : 3
		add_ln11_53 : 2
		zext_ln11_110 : 3
		add_ln11_54 : 4
		add_ln11_55 : 2
		zext_ln11_112 : 3
		add_ln11_56 : 2
		zext_ln11_113 : 3
		add_ln11_57 : 4
	State 3
		add_ln11_6 : 1
		zext_ln11_21 : 2
		add_ln11_13 : 1
		zext_ln11_28 : 2
		cnt_1 : 3
		add_ln11_21 : 1
		zext_ln11_50 : 2
		add_ln11_28 : 1
		zext_ln11_57 : 2
		cnt_3 : 3
		add_ln11_36 : 1
		zext_ln11_79 : 2
		add_ln11_43 : 1
		zext_ln11_86 : 2
		cnt_5 : 3
		add_ln11_51 : 1
		zext_ln11_108 : 2
		add_ln11_58 : 1
		zext_ln11_115 : 2
		cnt_7 : 3
		zext_ln61 : 4
		zext_ln61_1 : 4
		zext_ln61_2 : 4
		zext_ln64 : 4
		add_ln64 : 5
		zext_ln64_1 : 6
		add_ln64_1 : 5
		zext_ln64_2 : 6
		add_ln64_2 : 7
	State 4
		dot : 1
		sext_ln142 : 2
		ys_addr : 1
		store_ln143 : 3
	State 5


============================================================
+ Verbose Summary: Datapath Resource usage 
============================================================

* Functional unit list:
|----------|---------------------------------------|---------|---------|
| Operation|            Functional Unit            |    FF   |   LUT   |
|----------|---------------------------------------|---------|---------|
|          |            add_ln139_fu_204           |    0    |    13   |
|          |            add_ln11_fu_466            |    0    |    10   |
|          |           add_ln11_1_fu_476           |    0    |    10   |
|          |           add_ln11_2_fu_486           |    0    |    10   |
|          |           add_ln11_3_fu_492           |    0    |    10   |
|          |           add_ln11_4_fu_502           |    0    |    10   |
|          |           add_ln11_5_fu_512           |    0    |    10   |
|          |           add_ln11_7_fu_518           |    0    |    10   |
|          |           add_ln11_8_fu_528           |    0    |    10   |
|          |           add_ln11_9_fu_538           |    0    |    10   |
|          |           add_ln11_10_fu_544          |    0    |    10   |
|          |           add_ln11_11_fu_554          |    0    |    10   |
|          |           add_ln11_12_fu_564          |    0    |    10   |
|          |           add_ln11_15_fu_769          |    0    |    10   |
|          |           add_ln11_16_fu_779          |    0    |    10   |
|          |           add_ln11_17_fu_789          |    0    |    10   |
|          |           add_ln11_18_fu_795          |    0    |    10   |
|          |           add_ln11_19_fu_805          |    0    |    10   |
|          |           add_ln11_20_fu_815          |    0    |    10   |
|          |           add_ln11_22_fu_821          |    0    |    10   |
|          |           add_ln11_23_fu_831          |    0    |    10   |
|          |           add_ln11_24_fu_841          |    0    |    10   |
|          |           add_ln11_25_fu_847          |    0    |    10   |
|          |           add_ln11_26_fu_857          |    0    |    10   |
|          |           add_ln11_27_fu_867          |    0    |    10   |
|          |          add_ln11_30_fu_1072          |    0    |    10   |
|          |          add_ln11_31_fu_1082          |    0    |    10   |
|          |          add_ln11_32_fu_1092          |    0    |    10   |
|          |          add_ln11_33_fu_1098          |    0    |    10   |
|          |          add_ln11_34_fu_1108          |    0    |    10   |
|          |          add_ln11_35_fu_1118          |    0    |    10   |
|          |          add_ln11_37_fu_1124          |    0    |    10   |
|    add   |          add_ln11_38_fu_1134          |    0    |    10   |
|          |          add_ln11_39_fu_1144          |    0    |    10   |
|          |          add_ln11_40_fu_1150          |    0    |    10   |
|          |          add_ln11_41_fu_1160          |    0    |    10   |
|          |          add_ln11_42_fu_1170          |    0    |    10   |
|          |          add_ln11_45_fu_1375          |    0    |    10   |
|          |          add_ln11_46_fu_1385          |    0    |    10   |
|          |          add_ln11_47_fu_1395          |    0    |    10   |
|          |          add_ln11_48_fu_1401          |    0    |    10   |
|          |          add_ln11_49_fu_1411          |    0    |    10   |
|          |          add_ln11_50_fu_1421          |    0    |    10   |
|          |          add_ln11_52_fu_1427          |    0    |    10   |
|          |          add_ln11_53_fu_1437          |    0    |    10   |
|          |          add_ln11_54_fu_1447          |    0    |    10   |
|          |          add_ln11_55_fu_1453          |    0    |    10   |
|          |          add_ln11_56_fu_1463          |    0    |    10   |
|          |          add_ln11_57_fu_1473          |    0    |    10   |
|          |           add_ln11_6_fu_1485          |    0    |    11   |
|          |          add_ln11_13_fu_1501          |    0    |    11   |
|          |             cnt_1_fu_1511             |    0    |    13   |
|          |          add_ln11_21_fu_1523          |    0    |    11   |
|          |          add_ln11_28_fu_1539          |    0    |    11   |
|          |             cnt_3_fu_1549             |    0    |    13   |
|          |          add_ln11_36_fu_1561          |    0    |    11   |
|          |          add_ln11_43_fu_1577          |    0    |    11   |
|          |             cnt_5_fu_1587             |    0    |    13   |
|          |          add_ln11_51_fu_1599          |    0    |    11   |
|          |          add_ln11_58_fu_1615          |    0    |    11   |
|          |             cnt_7_fu_1625             |    0    |    13   |
|          |            add_ln64_fu_1647           |    0    |    13   |
|          |           add_ln64_1_fu_1657          |    0    |    13   |
|          |           add_ln64_2_fu_1667          |    0    |    14   |
|          |              dot_fu_1684              |    0    |    15   |
|----------|---------------------------------------|---------|---------|
|          |            xor_ln60_fu_267            |    0    |    16   |
|          |              xnor_fu_272              |    0    |    16   |
|          |           xor_ln60_2_fu_570           |    0    |    16   |
|    xor   |             xnor_1_fu_575             |    0    |    16   |
|          |           xor_ln60_4_fu_873           |    0    |    16   |
|          |             xnor_2_fu_878             |    0    |    16   |
|          |           xor_ln60_6_fu_1176          |    0    |    16   |
|          |             xnor_3_fu_1181            |    0    |    16   |
|----------|---------------------------------------|---------|---------|
|   icmp   |           icmp_ln139_fu_198           |    0    |    13   |
|----------|---------------------------------------|---------|---------|
|          | p_0_0271_3110_reload_read_read_fu_104 |    0    |    0    |
|   read   | p_0_0271_2108_reload_read_read_fu_110 |    0    |    0    |
|          | p_0_0271_1106_reload_read_read_fu_116 |    0    |    0    |
|          |  p_0_0271104_reload_read_read_fu_122  |    0    |    0    |
|----------|---------------------------------------|---------|---------|
|          |             shl_ln2_fu_210            |    0    |    0    |
|          |            or_ln60_7_fu_223           |    0    |    0    |
|bitconcatenate|            or_ln60_8_fu_236           |    0    |    0    |
|          |            or_ln60_9_fu_249           |    0    |    0    |
|          |           shl_ln64_2_fu_1677          |    0    |    0    |
|----------|---------------------------------------|---------|---------|
|          |            zext_ln60_fu_218           |    0    |    0    |
|          |           zext_ln60_1_fu_231          |    0    |    0    |
|          |           zext_ln60_2_fu_244          |    0    |    0    |
|          |           zext_ln60_3_fu_257          |    0    |    0    |
|          |            zext_ln8_fu_282            |    0    |    0    |
|          |            zext_ln11_fu_294           |    0    |    0    |
|          |           zext_ln11_1_fu_306          |    0    |    0    |
|          |           zext_ln11_2_fu_318          |    0    |    0    |
|          |           zext_ln11_3_fu_330          |    0    |    0    |
|          |           zext_ln11_4_fu_342          |    0    |    0    |
|          |           zext_ln11_5_fu_354          |    0    |    0    |
|          |           zext_ln11_6_fu_366          |    0    |    0    |
|          |           zext_ln11_7_fu_378          |    0    |    0    |
|          |           zext_ln11_8_fu_390          |    0    |    0    |
|          |           zext_ln11_9_fu_402          |    0    |    0    |
|          |          zext_ln11_10_fu_414          |    0    |    0    |
|          |          zext_ln11_11_fu_426          |    0    |    0    |
|          |          zext_ln11_12_fu_438          |    0    |    0    |
|          |          zext_ln11_13_fu_450          |    0    |    0    |
|          |          zext_ln11_14_fu_462          |    0    |    0    |
|          |          zext_ln11_15_fu_472          |    0    |    0    |
|          |          zext_ln11_16_fu_482          |    0    |    0    |
|          |          zext_ln11_18_fu_498          |    0    |    0    |
|          |          zext_ln11_19_fu_508          |    0    |    0    |
|          |          zext_ln11_22_fu_524          |    0    |    0    |
|          |          zext_ln11_23_fu_534          |    0    |    0    |
|          |          zext_ln11_25_fu_550          |    0    |    0    |
|          |          zext_ln11_26_fu_560          |    0    |    0    |
|          |           zext_ln8_1_fu_585           |    0    |    0    |
|          |          zext_ln11_29_fu_597          |    0    |    0    |
|          |          zext_ln11_30_fu_609          |    0    |    0    |
|          |          zext_ln11_31_fu_621          |    0    |    0    |
|          |          zext_ln11_32_fu_633          |    0    |    0    |
|          |          zext_ln11_33_fu_645          |    0    |    0    |
|          |          zext_ln11_34_fu_657          |    0    |    0    |
|          |          zext_ln11_35_fu_669          |    0    |    0    |
|          |          zext_ln11_36_fu_681          |    0    |    0    |
|          |          zext_ln11_37_fu_693          |    0    |    0    |
|          |          zext_ln11_38_fu_705          |    0    |    0    |
|          |          zext_ln11_39_fu_717          |    0    |    0    |
|          |          zext_ln11_40_fu_729          |    0    |    0    |
|          |          zext_ln11_41_fu_741          |    0    |    0    |
|          |          zext_ln11_42_fu_753          |    0    |    0    |
|          |          zext_ln11_43_fu_765          |    0    |    0    |
|          |          zext_ln11_44_fu_775          |    0    |    0    |
|          |          zext_ln11_45_fu_785          |    0    |    0    |
|          |          zext_ln11_47_fu_801          |    0    |    0    |
|          |          zext_ln11_48_fu_811          |    0    |    0    |
|          |          zext_ln11_51_fu_827          |    0    |    0    |
|          |          zext_ln11_52_fu_837          |    0    |    0    |
|          |          zext_ln11_54_fu_853          |    0    |    0    |
|          |          zext_ln11_55_fu_863          |    0    |    0    |
|          |           zext_ln8_2_fu_888           |    0    |    0    |
|          |          zext_ln11_58_fu_900          |    0    |    0    |
|          |          zext_ln11_59_fu_912          |    0    |    0    |
|          |          zext_ln11_60_fu_924          |    0    |    0    |
|          |          zext_ln11_61_fu_936          |    0    |    0    |
|          |          zext_ln11_62_fu_948          |    0    |    0    |
|          |          zext_ln11_63_fu_960          |    0    |    0    |
|          |          zext_ln11_64_fu_972          |    0    |    0    |
|          |          zext_ln11_65_fu_984          |    0    |    0    |
|          |          zext_ln11_66_fu_996          |    0    |    0    |
|          |          zext_ln11_67_fu_1008         |    0    |    0    |
|          |          zext_ln11_68_fu_1020         |    0    |    0    |
|          |          zext_ln11_69_fu_1032         |    0    |    0    |
|   zext   |          zext_ln11_70_fu_1044         |    0    |    0    |
|          |          zext_ln11_71_fu_1056         |    0    |    0    |
|          |          zext_ln11_72_fu_1068         |    0    |    0    |
|          |          zext_ln11_73_fu_1078         |    0    |    0    |
|          |          zext_ln11_74_fu_1088         |    0    |    0    |
|          |          zext_ln11_76_fu_1104         |    0    |    0    |
|          |          zext_ln11_77_fu_1114         |    0    |    0    |
|          |          zext_ln11_80_fu_1130         |    0    |    0    |
|          |          zext_ln11_81_fu_1140         |    0    |    0    |
|          |          zext_ln11_83_fu_1156         |    0    |    0    |
|          |          zext_ln11_84_fu_1166         |    0    |    0    |
|          |           zext_ln8_3_fu_1191          |    0    |    0    |
|          |          zext_ln11_87_fu_1203         |    0    |    0    |
|          |          zext_ln11_88_fu_1215         |    0    |    0    |
|          |          zext_ln11_89_fu_1227         |    0    |    0    |
|          |          zext_ln11_90_fu_1239         |    0    |    0    |
|          |          zext_ln11_91_fu_1251         |    0    |    0    |
|          |          zext_ln11_92_fu_1263         |    0    |    0    |
|          |          zext_ln11_93_fu_1275         |    0    |    0    |
|          |          zext_ln11_94_fu_1287         |    0    |    0    |
|          |          zext_ln11_95_fu_1299         |    0    |    0    |
|          |          zext_ln11_96_fu_1311         |    0    |    0    |
|          |          zext_ln11_97_fu_1323         |    0    |    0    |
|          |          zext_ln11_98_fu_1335         |    0    |    0    |
|          |          zext_ln11_99_fu_1347         |    0    |    0    |
|          |         zext_ln11_100_fu_1359         |    0    |    0    |
|          |         zext_ln11_101_fu_1371         |    0    |    0    |
|          |         zext_ln11_102_fu_1381         |    0    |    0    |
|          |         zext_ln11_103_fu_1391         |    0    |    0    |
|          |         zext_ln11_105_fu_1407         |    0    |    0    |
|          |         zext_ln11_106_fu_1417         |    0    |    0    |
|          |         zext_ln11_109_fu_1433         |    0    |    0    |
|          |         zext_ln11_110_fu_1443         |    0    |    0    |
|          |         zext_ln11_112_fu_1459         |    0    |    0    |
|          |         zext_ln11_113_fu_1469         |    0    |    0    |
|          |          zext_ln11_17_fu_1479         |    0    |    0    |
|          |          zext_ln11_20_fu_1482         |    0    |    0    |
|          |          zext_ln11_21_fu_1491         |    0    |    0    |
|          |          zext_ln11_24_fu_1495         |    0    |    0    |
|          |          zext_ln11_27_fu_1498         |    0    |    0    |
|          |          zext_ln11_28_fu_1507         |    0    |    0    |
|          |          zext_ln11_46_fu_1517         |    0    |    0    |
|          |          zext_ln11_49_fu_1520         |    0    |    0    |
|          |          zext_ln11_50_fu_1529         |    0    |    0    |
|          |          zext_ln11_53_fu_1533         |    0    |    0    |
|          |          zext_ln11_56_fu_1536         |    0    |    0    |
|          |          zext_ln11_57_fu_1545         |    0    |    0    |
|          |          zext_ln11_75_fu_1555         |    0    |    0    |
|          |          zext_ln11_78_fu_1558         |    0    |    0    |
|          |          zext_ln11_79_fu_1567         |    0    |    0    |
|          |          zext_ln11_82_fu_1571         |    0    |    0    |
|          |          zext_ln11_85_fu_1574         |    0    |    0    |
|          |          zext_ln11_86_fu_1583         |    0    |    0    |
|          |         zext_ln11_104_fu_1593         |    0    |    0    |
|          |         zext_ln11_107_fu_1596         |    0    |    0    |
|          |         zext_ln11_108_fu_1605         |    0    |    0    |
|          |         zext_ln11_111_fu_1609         |    0    |    0    |
|          |         zext_ln11_114_fu_1612         |    0    |    0    |
|          |         zext_ln11_115_fu_1621         |    0    |    0    |
|          |           zext_ln61_fu_1631           |    0    |    0    |
|          |          zext_ln61_1_fu_1635          |    0    |    0    |
|          |          zext_ln61_2_fu_1639          |    0    |    0    |
|          |           zext_ln64_fu_1643           |    0    |    0    |
|          |          zext_ln64_1_fu_1653          |    0    |    0    |
|          |          zext_ln64_2_fu_1663          |    0    |    0    |
|          |           zext_ln139_fu_1673          |    0    |    0    |
|----------|---------------------------------------|---------|---------|
|          |               cnt_fu_278              |    0    |    0    |
|   trunc  |              cnt_2_fu_581             |    0    |    0    |
|          |              cnt_4_fu_884             |    0    |    0    |
|          |             cnt_6_fu_1187             |    0    |    0    |
|----------|---------------------------------------|---------|---------|
|          |               tmp_fu_286              |    0    |    0    |
|          |              tmp_1_fu_298             |    0    |    0    |
|          |              tmp_2_fu_310             |    0    |    0    |
|          |              tmp_3_fu_322             |    0    |    0    |
|          |              tmp_4_fu_334             |    0    |    0    |
|          |              tmp_5_fu_346             |    0    |    0    |
|          |              tmp_6_fu_358             |    0    |    0    |
|          |              tmp_7_fu_370             |    0    |    0    |
|          |              tmp_8_fu_382             |    0    |    0    |
|          |              tmp_9_fu_394             |    0    |    0    |
|          |             tmp_10_fu_406             |    0    |    0    |
|          |             tmp_11_fu_418             |    0    |    0    |
|          |             tmp_12_fu_430             |    0    |    0    |
|          |             tmp_13_fu_442             |    0    |    0    |
|          |             tmp_14_fu_454             |    0    |    0    |
|          |             tmp_15_fu_589             |    0    |    0    |
|          |             tmp_16_fu_601             |    0    |    0    |
|          |             tmp_17_fu_613             |    0    |    0    |
|          |             tmp_18_fu_625             |    0    |    0    |
|          |             tmp_19_fu_637             |    0    |    0    |
|          |             tmp_20_fu_649             |    0    |    0    |
|          |             tmp_21_fu_661             |    0    |    0    |
|          |             tmp_22_fu_673             |    0    |    0    |
|          |             tmp_23_fu_685             |    0    |    0    |
|          |             tmp_24_fu_697             |    0    |    0    |
|          |             tmp_25_fu_709             |    0    |    0    |
|          |             tmp_26_fu_721             |    0    |    0    |
|          |             tmp_27_fu_733             |    0    |    0    |
|          |             tmp_28_fu_745             |    0    |    0    |
| bitselect|             tmp_29_fu_757             |    0    |    0    |
|          |             tmp_30_fu_892             |    0    |    0    |
|          |             tmp_31_fu_904             |    0    |    0    |
|          |             tmp_32_fu_916             |    0    |    0    |
|          |             tmp_33_fu_928             |    0    |    0    |
|          |             tmp_34_fu_940             |    0    |    0    |
|          |             tmp_35_fu_952             |    0    |    0    |
|          |             tmp_36_fu_964             |    0    |    0    |
|          |             tmp_37_fu_976             |    0    |    0    |
|          |             tmp_38_fu_988             |    0    |    0    |
|          |             tmp_39_fu_1000            |    0    |    0    |
|          |             tmp_40_fu_1012            |    0    |    0    |
|          |             tmp_41_fu_1024            |    0    |    0    |
|          |             tmp_42_fu_1036            |    0    |    0    |
|          |             tmp_43_fu_1048            |    0    |    0    |
|          |             tmp_44_fu_1060            |    0    |    0    |
|          |             tmp_45_fu_1195            |    0    |    0    |
|          |             tmp_46_fu_1207            |    0    |    0    |
|          |             tmp_47_fu_1219            |    0    |    0    |
|          |             tmp_48_fu_1231            |    0    |    0    |
|          |             tmp_49_fu_1243            |    0    |    0    |
|          |             tmp_50_fu_1255            |    0    |    0    |
|          |             tmp_51_fu_1267            |    0    |    0    |
|          |             tmp_52_fu_1279            |    0    |    0    |
|          |             tmp_53_fu_1291            |    0    |    0    |
|          |             tmp_54_fu_1303            |    0    |    0    |
|          |             tmp_55_fu_1315            |    0    |    0    |
|          |             tmp_56_fu_1327            |    0    |    0    |
|          |             tmp_57_fu_1339            |    0    |    0    |
|          |             tmp_58_fu_1351            |    0    |    0    |
|          |             tmp_59_fu_1363            |    0    |    0    |
|----------|---------------------------------------|---------|---------|
|   sext   |           sext_ln142_fu_1690          |    0    |    0    |
|----------|---------------------------------------|---------|---------|
|   Total  |                                       |    0    |   829   |
|----------|---------------------------------------|---------|---------|

Memories:
N/A

* Register list:
+----------------------------------+--------+
|                                  |   FF   |
+----------------------------------+--------+
|       add_ln11_12_reg_1766       |    3   |
|       add_ln11_17_reg_1771       |    3   |
|       add_ln11_20_reg_1776       |    3   |
|       add_ln11_24_reg_1781       |    3   |
|       add_ln11_27_reg_1786       |    3   |
|        add_ln11_2_reg_1751       |    3   |
|       add_ln11_32_reg_1791       |    3   |
|       add_ln11_35_reg_1796       |    3   |
|       add_ln11_39_reg_1801       |    3   |
|       add_ln11_42_reg_1806       |    3   |
|       add_ln11_47_reg_1811       |    3   |
|       add_ln11_50_reg_1816       |    3   |
|       add_ln11_54_reg_1821       |    3   |
|       add_ln11_57_reg_1826       |    3   |
|        add_ln11_5_reg_1756       |    3   |
|        add_ln11_9_reg_1761       |    3   |
|        add_ln64_2_reg_1831       |    7   |
|        icmp_ln139_reg_1727       |    1   |
|           n_1_reg_1722           |    4   |
|            n_reg_1695            |    4   |
| p_0_0271104_reload_read_reg_1717 |   16   |
|p_0_0271_1106_reload_read_reg_1712|   16   |
|p_0_0271_2108_reload_read_reg_1707|   16   |
|p_0_0271_3110_reload_read_reg_1702|   16   |
|        sext_ln142_reg_1836       |   32   |
|        w3_addr_1_reg_1736        |    6   |
|        w3_addr_2_reg_1741        |    6   |
|        w3_addr_3_reg_1746        |    6   |
|         w3_addr_reg_1731         |    6   |
|         ys_addr_reg_1841         |    4   |
+----------------------------------+--------+
|               Total              |   188  |
+----------------------------------+--------+

* Multiplexer (MUX) list: 
|-------------------|------|------|------|--------||---------||---------||---------|
|        Comp       |  Pin | Size |  BW  | S x BW ||  Delay  ||    FF   ||   LUT   |
|-------------------|------|------|------|--------||---------||---------||---------|
| grp_access_fu_135 |  p0  |   2  |   6  |   12   ||    0    ||    9    |
| grp_access_fu_135 |  p2  |   2  |   0  |    0   ||    0    ||    9    |
| grp_access_fu_135 |  p5  |   2  |  16  |   32   ||    0    ||    9    |
| grp_access_fu_135 |  p8  |   2  |   6  |   12   ||    0    ||    9    |
| grp_access_fu_184 |  p0  |   2  |   4  |    8   ||    0    ||    9    |
| grp_access_fu_184 |  p1  |   2  |  32  |   64   ||    0    ||    9    |
|-------------------|------|------|------|--------||---------||---------||---------|
|       Total       |      |      |      |   128  ||  9.528  ||    0    ||    54   |
|-------------------|------|------|------|--------||---------||---------||---------|



* Summary:
+-----------+--------+--------+--------+
|           |  Delay |   FF   |   LUT  |
+-----------+--------+--------+--------+
|  Function |    -   |    0   |   829  |
|   Memory  |    -   |    -   |    -   |
|Multiplexer|    9   |    0   |   54   |
|  Register |    -   |   188  |    -   |
+-----------+--------+--------+--------+
|   Total   |    9   |   188  |   883  |
+-----------+--------+--------+--------+
