

================================================================
== Vitis HLS Report for 'bnn_Pipeline_VITIS_LOOP_24_1'
================================================================
* Date:           Mon Dec  8 16:26:32 2025

* Version:        2024.2 (Build 5238294 on Nov  8 2024)
* Project:        bnn.comp
* Solution:       hls (Vivado IP Flow Target)
* Product family: zynq
* Target device:  xc7z020-clg400-1


================================================================
== Performance Estimates
================================================================
+ Timing: 
    * Summary: 
    +--------+----------+----------+------------+
    |  Clock |  Target  | Estimated| Uncertainty|
    +--------+----------+----------+------------+
    |ap_clk  |  10.00 ns|  6.904 ns|     2.70 ns|
    +--------+----------+----------+------------+

+ Latency: 
    * Summary: 
    +---------+---------+----------+----------+-----+-----+------------------------------------------------+
    |  Latency (cycles) |  Latency (absolute) |  Interval |                    Pipeline                    |
    |   min   |   max   |    min   |    max   | min | max |                      Type                      |
    +---------+---------+----------+----------+-----+-----+------------------------------------------------+
    |       12|       12|  0.120 us|  0.120 us|    9|    9|  loop auto-rewind stp (delay=0 clock cycles(s))|
    +---------+---------+----------+----------+-----+-----+------------------------------------------------+

    + Detail: 
        * Instance: 
        N/A

        * Loop: 
        +-------------------+---------+---------+----------+-----------+-----------+------+----------+
        |                   |  Latency (cycles) | Iteration|  Initiation Interval  | Trip |          |
        |     Loop Name     |   min   |   max   |  Latency |  achieved |   target  | Count| Pipelined|
        +-------------------+---------+---------+----------+-----------+-----------+------+----------+
        |- VITIS_LOOP_24_1  |       10|       10|         4|          1|          1|     8|       yes|
        +-------------------+---------+---------+----------+-----------+-----------+------+----------+

============================================================
+ Verbose Summary: Synthesis Manager
============================================================
InlineROM: 1
ExposeGlobal: 0
============================================================
+ Verbose Summary: CDFG Model
============================================================
IsTopModel: 0
ResetActiveHigh: 1
IsCombinational: 0
IsDatapathOnly: 0
HasWiredReturn: 1
HasMFsm: 2
HasVarLatency: 1
IsPipeline: 0
IsRtlPipelined: 0
IsInstanceOverlapped: 0
IsDontTouch: 0
HasImplIP: 0
IsGatedGlobalClock: 0

+ Individual pipeline summary: 
  * Pipeline-0: initiation interval (II) = 1, depth = 4


============================================================
+ Verbose Summary: Schedule
============================================================
* Number of FSM states : 4
* Pipeline : 1
  Pipeline-0 : II = 1, D = 4, States = { 1 2 3 4 }
* Dataflow Pipeline: 0

* FSM state transitions: 
1 --> 2 
2 --> 3 
3 --> 4 
4 --> 

* FSM state operations: 

State 1 <SV = 0> <Delay = 4.91>
ST_1 : Operation 7 [1/1] (0.00ns)   --->   "%w = alloca i32 1" [bnn.cpp:24->bnn.cpp:102]   --->   Operation 7 'alloca' 'w' <Predicate = true> <Delay = 0.00>
ST_1 : Operation 8 [1/1] (1.58ns)   --->   "%store_ln24 = store i4 0, i4 %w" [bnn.cpp:24->bnn.cpp:102]   --->   Operation 8 'store' 'store_ln24' <Predicate = true> <Delay = 1.58>
ST_1 : Operation 9 [1/1] (0.00ns)   --->   "%br_ln0 = br void %VITIS_LOOP_27_2.i"   --->   Operation 9 'br' 'br_ln0' <Predicate = true> <Delay = 0.00>
ST_1 : Operation 10 [1/1] (0.00ns)   --->   "%w_2 = load i4 %w" [bnn.cpp:31->bnn.cpp:102]   --->   Operation 10 'load' 'w_2' <Predicate = true> <Delay = 0.00>
ST_1 : Operation 11 [1/1] (1.73ns)   --->   "%icmp_ln24 = icmp_eq  i4 %w_2, i4 8" [bnn.cpp:24->bnn.cpp:102]   --->   Operation 11 'icmp' 'icmp_ln24' <Predicate = true> <Delay = 1.73> <CoreInst = "Cmp">   --->   Core 9 'Cmp' <Latency = 0> <II = 1> <Delay = 1.73> <FuncUnit> <Opcode : 'seteq' 'setne' 'setle' 'setge' 'setlt' 'setgt'> <InPorts = 2> <OutPorts = 1>
ST_1 : Operation 12 [1/1] (0.00ns)   --->   "%speclooptripcount_ln0 = speclooptripcount void @_ssdm_op_SpecLoopTripCount, i64 8, i64 8, i64 8"   --->   Operation 12 'speclooptripcount' 'speclooptripcount_ln0' <Predicate = true> <Delay = 0.00>
ST_1 : Operation 13 [1/1] (1.73ns)   --->   "%add_ln24 = add i4 %w_2, i4 1" [bnn.cpp:24->bnn.cpp:102]   --->   Operation 13 'add' 'add_ln24' <Predicate = true> <Delay = 1.73> <CoreInst = "Adder">   --->   Core 1 'Adder' <Latency = 0> <II = 1> <Delay = 1.73> <FuncUnit> <Opcode : 'add' 'sub'> <InPorts = 2> <OutPorts = 1>
ST_1 : Operation 14 [1/1] (0.00ns)   --->   "%br_ln24 = br i1 %icmp_ln24, void %VITIS_LOOP_27_2.i.split, void %for.inc.i28.preheader.exitStub" [bnn.cpp:24->bnn.cpp:102]   --->   Operation 14 'br' 'br_ln24' <Predicate = true> <Delay = 0.00>
ST_1 : Operation 15 [1/1] (0.00ns)   --->   "%shl_ln31 = shl i4 %w_2, i4 1" [bnn.cpp:31->bnn.cpp:102]   --->   Operation 15 'shl' 'shl_ln31' <Predicate = (!icmp_ln24)> <Delay = 0.00>
ST_1 : Operation 16 [1/1] (0.00ns)   --->   "%zext_ln31 = zext i4 %shl_ln31" [bnn.cpp:31->bnn.cpp:102]   --->   Operation 16 'zext' 'zext_ln31' <Predicate = (!icmp_ln24)> <Delay = 0.00>
ST_1 : Operation 17 [1/1] (0.00ns)   --->   "%l1_bits_addr = getelementptr i1 %l1_bits, i64 0, i64 %zext_ln31" [bnn.cpp:31->bnn.cpp:102]   --->   Operation 17 'getelementptr' 'l1_bits_addr' <Predicate = (!icmp_ln24)> <Delay = 0.00>
ST_1 : Operation 18 [2/2] (2.32ns)   --->   "%word = load i4 %l1_bits_addr" [bnn.cpp:31->bnn.cpp:102]   --->   Operation 18 'load' 'word' <Predicate = (!icmp_ln24)> <Delay = 2.32> <CoreInst = "RAM">   --->   Core 81 'RAM' <Latency = 1> <II = 1> <Delay = 2.32> <Storage> <Opcode : 'load' 'store'> <Ports = 2> <Width = 1> <Depth = 16> <RAM>
ST_1 : Operation 19 [1/1] (0.00ns)   --->   "%l1_bits_1_addr = getelementptr i1 %l1_bits_1, i64 0, i64 %zext_ln31" [bnn.cpp:31->bnn.cpp:102]   --->   Operation 19 'getelementptr' 'l1_bits_1_addr' <Predicate = (!icmp_ln24)> <Delay = 0.00>
ST_1 : Operation 20 [2/2] (2.32ns)   --->   "%l1_bits_1_load = load i4 %l1_bits_1_addr" [bnn.cpp:31->bnn.cpp:102]   --->   Operation 20 'load' 'l1_bits_1_load' <Predicate = (!icmp_ln24)> <Delay = 2.32> <CoreInst = "RAM">   --->   Core 81 'RAM' <Latency = 1> <II = 1> <Delay = 2.32> <Storage> <Opcode : 'load' 'store'> <Ports = 2> <Width = 1> <Depth = 16> <RAM>
ST_1 : Operation 21 [1/1] (0.00ns)   --->   "%l1_bits_2_addr = getelementptr i1 %l1_bits_2, i64 0, i64 %zext_ln31" [bnn.cpp:31->bnn.cpp:102]   --->   Operation 21 'getelementptr' 'l1_bits_2_addr' <Predicate = (!icmp_ln24)> <Delay = 0.00>
ST_1 : Operation 22 [2/2] (2.32ns)   --->   "%l1_bits_2_load = load i4 %l1_bits_2_addr" [bnn.cpp:31->bnn.cpp:102]   --->   Operation 22 'load' 'l1_bits_2_load' <Predicate = (!icmp_ln24)> <Delay = 2.32> <CoreInst = "RAM">   --->   Core 81 'RAM' <Latency = 1> <II = 1> <Delay = 2.32> <Storage> <Opcode : 'load' 'store'> <Ports = 2> <Width = 1> <Depth = 16> <RAM>
ST_1 : Operation 23 [1/1] (0.00ns)   --->   "%l1_bits_3_addr = getelementptr i1 %l1_bits_3, i64 0, i64 %zext_ln31" [bnn.cpp:31->bnn.cpp:102]   --->   Operation 23 'getelementptr' 'l1_bits_3_addr' <Predicate = (!icmp_ln24)> <Delay = 0.00>
ST_1 : Operation 24 [2/2] (2.32ns)   --->   "%l1_bits_3_load = load i4 %l1_bits_3_addr" [bnn.cpp:31->bnn.cpp:102]   --->   Operation 24 'load' 'l1_bits_3_load' <Predicate = (!icmp_ln24)> <Delay = 2.32> <CoreInst = "RAM">   --->   Core 81 'RAM' <Latency = 1> <II = 1> <Delay = 2.32> <Storage> <Opcode : 'load' 'store'> <Ports = 2> <Width = 1> <Depth = 16> <RAM>
ST_1 : Operation 25 [1/1] (0.00ns)   --->   "%l1_bits_4_addr = getelementptr i1 %l1_bits_4, i64 0, i64 %zext_ln31" [bnn.cpp:31->bnn.cpp:102]   --->   Operation 25 'getelementptr' 'l1_bits_4_addr' <Predicate = (!icmp_ln24)> <Delay = 0.00>
ST_1 : Operation 26 [2/2] (2.32ns)   --->   "%l1_bits_4_load = load i4 %l1_bits_4_addr" [bnn.cpp:31->bnn.cpp:102]   --->   Operation 26 'load' 'l1_bits_4_load' <Predicate = (!icmp_ln24)> <Delay = 2.32> <CoreInst = "RAM">   --->   Core 81 'RAM' <Latency = 1> <II = 1> <Delay = 2.32> <Storage> <Opcode : 'load' 'store'> <Ports = 2> <Width = 1> <Depth = 16> <RAM>
ST_1 : Operation 27 [1/1] (0.00ns)   --->   "%l1_bits_5_addr = getelementptr i1 %l1_bits_5, i64 0, i64 %zext_ln31" [bnn.cpp:31->bnn.cpp:102]   --->   Operation 27 'getelementptr' 'l1_bits_5_addr' <Predicate = (!icmp_ln24)> <Delay = 0.00>
ST_1 : Operation 28 [2/2] (2.32ns)   --->   "%l1_bits_5_load = load i4 %l1_bits_5_addr" [bnn.cpp:31->bnn.cpp:102]   --->   Operation 28 'load' 'l1_bits_5_load' <Predicate = (!icmp_ln24)> <Delay = 2.32> <CoreInst = "RAM">   --->   Core 81 'RAM' <Latency = 1> <II = 1> <Delay = 2.32> <Storage> <Opcode : 'load' 'store'> <Ports = 2> <Width = 1> <Depth = 16> <RAM>
ST_1 : Operation 29 [1/1] (1.58ns)   --->   "%store_ln24 = store i4 %add_ln24, i4 %w" [bnn.cpp:24->bnn.cpp:102]   --->   Operation 29 'store' 'store_ln24' <Predicate = (!icmp_ln24)> <Delay = 1.58>

State 2 <SV = 1> <Delay = 5.31>
ST_2 : Operation 30 [1/1] (0.00ns)   --->   "%trunc_ln31 = trunc i4 %w_2" [bnn.cpp:31->bnn.cpp:102]   --->   Operation 30 'trunc' 'trunc_ln31' <Predicate = true> <Delay = 0.00>
ST_2 : Operation 31 [1/2] ( I:2.32ns O:2.32ns )   --->   "%word = load i4 %l1_bits_addr" [bnn.cpp:31->bnn.cpp:102]   --->   Operation 31 'load' 'word' <Predicate = true> <Delay = 2.32> <CoreInst = "RAM">   --->   Core 81 'RAM' <Latency = 1> <II = 1> <Delay = 2.32> <Storage> <Opcode : 'load' 'store'> <Ports = 2> <Width = 1> <Depth = 16> <RAM>
ST_2 : Operation 32 [1/1] (0.00ns)   --->   "%word_1 = bitconcatenate i2 @_ssdm_op_BitConcatenate.i2.i1.i1, i1 %word, i1 0" [bnn.cpp:30->bnn.cpp:102]   --->   Operation 32 'bitconcatenate' 'word_1' <Predicate = true> <Delay = 0.00>
ST_2 : Operation 33 [1/2] ( I:2.32ns O:2.32ns )   --->   "%l1_bits_1_load = load i4 %l1_bits_1_addr" [bnn.cpp:31->bnn.cpp:102]   --->   Operation 33 'load' 'l1_bits_1_load' <Predicate = true> <Delay = 2.32> <CoreInst = "RAM">   --->   Core 81 'RAM' <Latency = 1> <II = 1> <Delay = 2.32> <Storage> <Opcode : 'load' 'store'> <Ports = 2> <Width = 1> <Depth = 16> <RAM>
ST_2 : Operation 34 [1/1] (0.00ns)   --->   "%or_ln = bitconcatenate i2 @_ssdm_op_BitConcatenate.i2.i1.i1, i1 %word, i1 1" [bnn.cpp:32->bnn.cpp:102]   --->   Operation 34 'bitconcatenate' 'or_ln' <Predicate = true> <Delay = 0.00>
ST_2 : Operation 35 [1/1] (0.99ns)   --->   "%select_ln31 = select i1 %l1_bits_1_load, i2 %or_ln, i2 %word_1" [bnn.cpp:31->bnn.cpp:102]   --->   Operation 35 'select' 'select_ln31' <Predicate = true> <Delay = 0.99> <CoreInst = "Sel">   --->   Core 73 'Sel' <Latency = 0> <II = 1> <Delay = 0.99> <FuncUnit> <Opcode : 'select'> <InPorts = 3> <OutPorts = 1>
ST_2 : Operation 36 [1/1] (0.00ns)   --->   "%word_2 = bitconcatenate i3 @_ssdm_op_BitConcatenate.i3.i2.i1, i2 %select_ln31, i1 0" [bnn.cpp:30->bnn.cpp:102]   --->   Operation 36 'bitconcatenate' 'word_2' <Predicate = true> <Delay = 0.00>
ST_2 : Operation 37 [1/2] ( I:2.32ns O:2.32ns )   --->   "%l1_bits_2_load = load i4 %l1_bits_2_addr" [bnn.cpp:31->bnn.cpp:102]   --->   Operation 37 'load' 'l1_bits_2_load' <Predicate = true> <Delay = 2.32> <CoreInst = "RAM">   --->   Core 81 'RAM' <Latency = 1> <II = 1> <Delay = 2.32> <Storage> <Opcode : 'load' 'store'> <Ports = 2> <Width = 1> <Depth = 16> <RAM>
ST_2 : Operation 38 [1/1] (0.00ns)   --->   "%or_ln32_1 = bitconcatenate i3 @_ssdm_op_BitConcatenate.i3.i2.i1, i2 %select_ln31, i1 1" [bnn.cpp:32->bnn.cpp:102]   --->   Operation 38 'bitconcatenate' 'or_ln32_1' <Predicate = true> <Delay = 0.00>
ST_2 : Operation 39 [1/1] (0.98ns)   --->   "%select_ln31_1 = select i1 %l1_bits_2_load, i3 %or_ln32_1, i3 %word_2" [bnn.cpp:31->bnn.cpp:102]   --->   Operation 39 'select' 'select_ln31_1' <Predicate = true> <Delay = 0.98> <CoreInst = "Sel">   --->   Core 73 'Sel' <Latency = 0> <II = 1> <Delay = 0.98> <FuncUnit> <Opcode : 'select'> <InPorts = 3> <OutPorts = 1>
ST_2 : Operation 40 [1/1] (0.00ns)   --->   "%word_3 = bitconcatenate i4 @_ssdm_op_BitConcatenate.i4.i3.i1, i3 %select_ln31_1, i1 0" [bnn.cpp:30->bnn.cpp:102]   --->   Operation 40 'bitconcatenate' 'word_3' <Predicate = true> <Delay = 0.00>
ST_2 : Operation 41 [1/2] ( I:2.32ns O:2.32ns )   --->   "%l1_bits_3_load = load i4 %l1_bits_3_addr" [bnn.cpp:31->bnn.cpp:102]   --->   Operation 41 'load' 'l1_bits_3_load' <Predicate = true> <Delay = 2.32> <CoreInst = "RAM">   --->   Core 81 'RAM' <Latency = 1> <II = 1> <Delay = 2.32> <Storage> <Opcode : 'load' 'store'> <Ports = 2> <Width = 1> <Depth = 16> <RAM>
ST_2 : Operation 42 [1/1] (0.00ns)   --->   "%or_ln32_2 = bitconcatenate i4 @_ssdm_op_BitConcatenate.i4.i3.i1, i3 %select_ln31_1, i1 1" [bnn.cpp:32->bnn.cpp:102]   --->   Operation 42 'bitconcatenate' 'or_ln32_2' <Predicate = true> <Delay = 0.00>
ST_2 : Operation 43 [1/1] (1.02ns)   --->   "%select_ln31_2 = select i1 %l1_bits_3_load, i4 %or_ln32_2, i4 %word_3" [bnn.cpp:31->bnn.cpp:102]   --->   Operation 43 'select' 'select_ln31_2' <Predicate = true> <Delay = 1.02> <CoreInst = "Sel">   --->   Core 73 'Sel' <Latency = 0> <II = 1> <Delay = 1.02> <FuncUnit> <Opcode : 'select'> <InPorts = 3> <OutPorts = 1>
ST_2 : Operation 44 [1/2] ( I:2.32ns O:2.32ns )   --->   "%l1_bits_4_load = load i4 %l1_bits_4_addr" [bnn.cpp:31->bnn.cpp:102]   --->   Operation 44 'load' 'l1_bits_4_load' <Predicate = true> <Delay = 2.32> <CoreInst = "RAM">   --->   Core 81 'RAM' <Latency = 1> <II = 1> <Delay = 2.32> <Storage> <Opcode : 'load' 'store'> <Ports = 2> <Width = 1> <Depth = 16> <RAM>
ST_2 : Operation 45 [1/2] ( I:2.32ns O:2.32ns )   --->   "%l1_bits_5_load = load i4 %l1_bits_5_addr" [bnn.cpp:31->bnn.cpp:102]   --->   Operation 45 'load' 'l1_bits_5_load' <Predicate = true> <Delay = 2.32> <CoreInst = "RAM">   --->   Core 81 'RAM' <Latency = 1> <II = 1> <Delay = 2.32> <Storage> <Opcode : 'load' 'store'> <Ports = 2> <Width = 1> <Depth = 16> <RAM>
ST_2 : Operation 46 [1/1] (0.00ns)   --->   "%l1_bits_6_addr = getelementptr i1 %l1_bits_6, i64 0, i64 %zext_ln31" [bnn.cpp:31->bnn.cpp:102]   --->   Operation 46 'getelementptr' 'l1_bits_6_addr' <Predicate = true> <Delay = 0.00>
ST_2 : Operation 47 [2/2] (2.32ns)   --->   "%l1_bits_6_load = load i4 %l1_bits_6_addr" [bnn.cpp:31->bnn.cpp:102]   --->   Operation 47 'load' 'l1_bits_6_load' <Predicate = true> <Delay = 2.32> <CoreInst = "RAM">   --->   Core 81 'RAM' <Latency = 1> <II = 1> <Delay = 2.32> <Storage> <Opcode : 'load' 'store'> <Ports = 2> <Width = 1> <Depth = 16> <RAM>
ST_2 : Operation 48 [1/1] (0.00ns)   --->   "%l1_bits_7_addr = getelementptr i1 %l1_bits_7, i64 0, i64 %zext_ln31" [bnn.cpp:31->bnn.cpp:102]   --->   Operation 48 'getelementptr' 'l1_bits_7_addr' <Predicate = true> <Delay = 0.00>
ST_2 : Operation 49 [2/2] (2.32ns)   --->   "%l1_bits_7_load = load i4 %l1_bits_7_addr" [bnn.cpp:31->bnn.cpp:102]   --->   Operation 49 'load' 'l1_bits_7_load' <Predicate = true> <Delay = 2.32> <CoreInst = "RAM">   --->   Core 81 'RAM' <Latency = 1> <II = 1> <Delay = 2.32> <Storage> <Opcode : 'load' 'store'> <Ports = 2> <Width = 1> <Depth = 16> <RAM>
ST_2 : Operation 50 [1/1] (0.00ns)   --->   "%or_ln1 = bitconcatenate i4 @_ssdm_op_BitConcatenate.i4.i3.i1, i3 %trunc_ln31, i1 1" [bnn.cpp:30->bnn.cpp:102]   --->   Operation 50 'bitconcatenate' 'or_ln1' <Predicate = true> <Delay = 0.00>
ST_2 : Operation 51 [1/1] (0.00ns)   --->   "%zext_ln30 = zext i4 %or_ln1" [bnn.cpp:30->bnn.cpp:102]   --->   Operation 51 'zext' 'zext_ln30' <Predicate = true> <Delay = 0.00>
ST_2 : Operation 52 [1/1] (0.00ns)   --->   "%l1_bits_addr_1 = getelementptr i1 %l1_bits, i64 0, i64 %zext_ln30" [bnn.cpp:31->bnn.cpp:102]   --->   Operation 52 'getelementptr' 'l1_bits_addr_1' <Predicate = true> <Delay = 0.00>
ST_2 : Operation 53 [2/2] (2.32ns)   --->   "%l1_bits_load = load i4 %l1_bits_addr_1" [bnn.cpp:31->bnn.cpp:102]   --->   Operation 53 'load' 'l1_bits_load' <Predicate = true> <Delay = 2.32> <CoreInst = "RAM">   --->   Core 81 'RAM' <Latency = 1> <II = 1> <Delay = 2.32> <Storage> <Opcode : 'load' 'store'> <Ports = 2> <Width = 1> <Depth = 16> <RAM>
ST_2 : Operation 54 [1/1] (0.00ns)   --->   "%l1_bits_1_addr_1 = getelementptr i1 %l1_bits_1, i64 0, i64 %zext_ln30" [bnn.cpp:31->bnn.cpp:102]   --->   Operation 54 'getelementptr' 'l1_bits_1_addr_1' <Predicate = true> <Delay = 0.00>
ST_2 : Operation 55 [2/2] (2.32ns)   --->   "%l1_bits_1_load_1 = load i4 %l1_bits_1_addr_1" [bnn.cpp:31->bnn.cpp:102]   --->   Operation 55 'load' 'l1_bits_1_load_1' <Predicate = true> <Delay = 2.32> <CoreInst = "RAM">   --->   Core 81 'RAM' <Latency = 1> <II = 1> <Delay = 2.32> <Storage> <Opcode : 'load' 'store'> <Ports = 2> <Width = 1> <Depth = 16> <RAM>
ST_2 : Operation 56 [1/1] (0.00ns)   --->   "%l1_bits_2_addr_1 = getelementptr i1 %l1_bits_2, i64 0, i64 %zext_ln30" [bnn.cpp:31->bnn.cpp:102]   --->   Operation 56 'getelementptr' 'l1_bits_2_addr_1' <Predicate = true> <Delay = 0.00>
ST_2 : Operation 57 [2/2] (2.32ns)   --->   "%l1_bits_2_load_1 = load i4 %l1_bits_2_addr_1" [bnn.cpp:31->bnn.cpp:102]   --->   Operation 57 'load' 'l1_bits_2_load_1' <Predicate = true> <Delay = 2.32> <CoreInst = "RAM">   --->   Core 81 'RAM' <Latency = 1> <II = 1> <Delay = 2.32> <Storage> <Opcode : 'load' 'store'> <Ports = 2> <Width = 1> <Depth = 16> <RAM>
ST_2 : Operation 58 [1/1] (0.00ns)   --->   "%l1_bits_3_addr_1 = getelementptr i1 %l1_bits_3, i64 0, i64 %zext_ln30" [bnn.cpp:31->bnn.cpp:102]   --->   Operation 58 'getelementptr' 'l1_bits_3_addr_1' <Predicate = true> <Delay = 0.00>
ST_2 : Operation 59 [2/2] (2.32ns)   --->   "%l1_bits_3_load_1 = load i4 %l1_bits_3_addr_1" [bnn.cpp:31->bnn.cpp:102]   --->   Operation 59 'load' 'l1_bits_3_load_1' <Predicate = true> <Delay = 2.32> <CoreInst = "RAM">   --->   Core 81 'RAM' <Latency = 1> <II = 1> <Delay = 2.32> <Storage> <Opcode : 'load' 'store'> <Ports = 2> <Width = 1> <Depth = 16> <RAM>
ST_2 : Operation 60 [1/1] (0.00ns)   --->   "%l1_bits_4_addr_1 = getelementptr i1 %l1_bits_4, i64 0, i64 %zext_ln30" [bnn.cpp:31->bnn.cpp:102]   --->   Operation 60 'getelementptr' 'l1_bits_4_addr_1' <Predicate = true> <Delay = 0.00>
ST_2 : Operation 61 [2/2] (2.32ns)   --->   "%l1_bits_4_load_1 = load i4 %l1_bits_4_addr_1" [bnn.cpp:31->bnn.cpp:102]   --->   Operation 61 'load' 'l1_bits_4_load_1' <Predicate = true> <Delay = 2.32> <CoreInst = "RAM">   --->   Core 81 'RAM' <Latency = 1> <II = 1> <Delay = 2.32> <Storage> <Opcode : 'load' 'store'> <Ports = 2> <Width = 1> <Depth = 16> <RAM>

State 3 <SV = 2> <Delay = 6.29>
ST_3 : Operation 62 [1/1] (0.00ns)   --->   "%word_4 = bitconcatenate i5 @_ssdm_op_BitConcatenate.i5.i4.i1, i4 %select_ln31_2, i1 0" [bnn.cpp:30->bnn.cpp:102]   --->   Operation 62 'bitconcatenate' 'word_4' <Predicate = (!l1_bits_4_load)> <Delay = 0.00>
ST_3 : Operation 63 [1/1] (0.00ns)   --->   "%or_ln32_3 = bitconcatenate i5 @_ssdm_op_BitConcatenate.i5.i4.i1, i4 %select_ln31_2, i1 1" [bnn.cpp:32->bnn.cpp:102]   --->   Operation 63 'bitconcatenate' 'or_ln32_3' <Predicate = (l1_bits_4_load)> <Delay = 0.00>
ST_3 : Operation 64 [1/1] (1.21ns)   --->   "%select_ln31_3 = select i1 %l1_bits_4_load, i5 %or_ln32_3, i5 %word_4" [bnn.cpp:31->bnn.cpp:102]   --->   Operation 64 'select' 'select_ln31_3' <Predicate = true> <Delay = 1.21> <CoreInst = "Sel">   --->   Core 73 'Sel' <Latency = 0> <II = 1> <Delay = 1.21> <FuncUnit> <Opcode : 'select'> <InPorts = 3> <OutPorts = 1>
ST_3 : Operation 65 [1/1] (0.00ns)   --->   "%word_5 = bitconcatenate i6 @_ssdm_op_BitConcatenate.i6.i5.i1, i5 %select_ln31_3, i1 0" [bnn.cpp:30->bnn.cpp:102]   --->   Operation 65 'bitconcatenate' 'word_5' <Predicate = (!l1_bits_5_load)> <Delay = 0.00>
ST_3 : Operation 66 [1/1] (0.00ns)   --->   "%or_ln32_4 = bitconcatenate i6 @_ssdm_op_BitConcatenate.i6.i5.i1, i5 %select_ln31_3, i1 1" [bnn.cpp:32->bnn.cpp:102]   --->   Operation 66 'bitconcatenate' 'or_ln32_4' <Predicate = (l1_bits_5_load)> <Delay = 0.00>
ST_3 : Operation 67 [1/1] (1.18ns)   --->   "%select_ln31_4 = select i1 %l1_bits_5_load, i6 %or_ln32_4, i6 %word_5" [bnn.cpp:31->bnn.cpp:102]   --->   Operation 67 'select' 'select_ln31_4' <Predicate = true> <Delay = 1.18> <CoreInst = "Sel">   --->   Core 73 'Sel' <Latency = 0> <II = 1> <Delay = 1.18> <FuncUnit> <Opcode : 'select'> <InPorts = 3> <OutPorts = 1>
ST_3 : Operation 68 [1/1] (0.00ns)   --->   "%word_6 = bitconcatenate i7 @_ssdm_op_BitConcatenate.i7.i6.i1, i6 %select_ln31_4, i1 0" [bnn.cpp:30->bnn.cpp:102]   --->   Operation 68 'bitconcatenate' 'word_6' <Predicate = true> <Delay = 0.00>
ST_3 : Operation 69 [1/2] ( I:2.32ns O:2.32ns )   --->   "%l1_bits_6_load = load i4 %l1_bits_6_addr" [bnn.cpp:31->bnn.cpp:102]   --->   Operation 69 'load' 'l1_bits_6_load' <Predicate = true> <Delay = 2.32> <CoreInst = "RAM">   --->   Core 81 'RAM' <Latency = 1> <II = 1> <Delay = 2.32> <Storage> <Opcode : 'load' 'store'> <Ports = 2> <Width = 1> <Depth = 16> <RAM>
ST_3 : Operation 70 [1/1] (0.00ns)   --->   "%or_ln32_5 = bitconcatenate i7 @_ssdm_op_BitConcatenate.i7.i6.i1, i6 %select_ln31_4, i1 1" [bnn.cpp:32->bnn.cpp:102]   --->   Operation 70 'bitconcatenate' 'or_ln32_5' <Predicate = true> <Delay = 0.00>
ST_3 : Operation 71 [1/1] (0.99ns)   --->   "%select_ln31_5 = select i1 %l1_bits_6_load, i7 %or_ln32_5, i7 %word_6" [bnn.cpp:31->bnn.cpp:102]   --->   Operation 71 'select' 'select_ln31_5' <Predicate = true> <Delay = 0.99> <CoreInst = "Sel">   --->   Core 73 'Sel' <Latency = 0> <II = 1> <Delay = 0.99> <FuncUnit> <Opcode : 'select'> <InPorts = 3> <OutPorts = 1>
ST_3 : Operation 72 [1/1] (0.00ns)   --->   "%word_7 = bitconcatenate i8 @_ssdm_op_BitConcatenate.i8.i7.i1, i7 %select_ln31_5, i1 0" [bnn.cpp:30->bnn.cpp:102]   --->   Operation 72 'bitconcatenate' 'word_7' <Predicate = true> <Delay = 0.00>
ST_3 : Operation 73 [1/2] ( I:2.32ns O:2.32ns )   --->   "%l1_bits_7_load = load i4 %l1_bits_7_addr" [bnn.cpp:31->bnn.cpp:102]   --->   Operation 73 'load' 'l1_bits_7_load' <Predicate = true> <Delay = 2.32> <CoreInst = "RAM">   --->   Core 81 'RAM' <Latency = 1> <II = 1> <Delay = 2.32> <Storage> <Opcode : 'load' 'store'> <Ports = 2> <Width = 1> <Depth = 16> <RAM>
ST_3 : Operation 74 [1/1] (0.00ns)   --->   "%or_ln32_6 = bitconcatenate i8 @_ssdm_op_BitConcatenate.i8.i7.i1, i7 %select_ln31_5, i1 1" [bnn.cpp:32->bnn.cpp:102]   --->   Operation 74 'bitconcatenate' 'or_ln32_6' <Predicate = true> <Delay = 0.00>
ST_3 : Operation 75 [1/1] (1.24ns)   --->   "%select_ln31_6 = select i1 %l1_bits_7_load, i8 %or_ln32_6, i8 %word_7" [bnn.cpp:31->bnn.cpp:102]   --->   Operation 75 'select' 'select_ln31_6' <Predicate = true> <Delay = 1.24> <CoreInst = "Sel">   --->   Core 73 'Sel' <Latency = 0> <II = 1> <Delay = 1.24> <FuncUnit> <Opcode : 'select'> <InPorts = 3> <OutPorts = 1>
ST_3 : Operation 76 [1/1] (0.00ns)   --->   "%word_8 = bitconcatenate i9 @_ssdm_op_BitConcatenate.i9.i8.i1, i8 %select_ln31_6, i1 0" [bnn.cpp:30->bnn.cpp:102]   --->   Operation 76 'bitconcatenate' 'word_8' <Predicate = true> <Delay = 0.00>
ST_3 : Operation 77 [1/2] ( I:2.32ns O:2.32ns )   --->   "%l1_bits_load = load i4 %l1_bits_addr_1" [bnn.cpp:31->bnn.cpp:102]   --->   Operation 77 'load' 'l1_bits_load' <Predicate = true> <Delay = 2.32> <CoreInst = "RAM">   --->   Core 81 'RAM' <Latency = 1> <II = 1> <Delay = 2.32> <Storage> <Opcode : 'load' 'store'> <Ports = 2> <Width = 1> <Depth = 16> <RAM>
ST_3 : Operation 78 [1/1] (0.00ns)   --->   "%or_ln32_7 = bitconcatenate i9 @_ssdm_op_BitConcatenate.i9.i8.i1, i8 %select_ln31_6, i1 1" [bnn.cpp:32->bnn.cpp:102]   --->   Operation 78 'bitconcatenate' 'or_ln32_7' <Predicate = true> <Delay = 0.00>
ST_3 : Operation 79 [1/1] (0.96ns)   --->   "%select_ln31_7 = select i1 %l1_bits_load, i9 %or_ln32_7, i9 %word_8" [bnn.cpp:31->bnn.cpp:102]   --->   Operation 79 'select' 'select_ln31_7' <Predicate = true> <Delay = 0.96> <CoreInst = "Sel">   --->   Core 73 'Sel' <Latency = 0> <II = 1> <Delay = 0.96> <FuncUnit> <Opcode : 'select'> <InPorts = 3> <OutPorts = 1>
ST_3 : Operation 80 [1/1] (0.00ns)   --->   "%word_9 = bitconcatenate i10 @_ssdm_op_BitConcatenate.i10.i9.i1, i9 %select_ln31_7, i1 0" [bnn.cpp:30->bnn.cpp:102]   --->   Operation 80 'bitconcatenate' 'word_9' <Predicate = true> <Delay = 0.00>
ST_3 : Operation 81 [1/2] ( I:2.32ns O:2.32ns )   --->   "%l1_bits_1_load_1 = load i4 %l1_bits_1_addr_1" [bnn.cpp:31->bnn.cpp:102]   --->   Operation 81 'load' 'l1_bits_1_load_1' <Predicate = true> <Delay = 2.32> <CoreInst = "RAM">   --->   Core 81 'RAM' <Latency = 1> <II = 1> <Delay = 2.32> <Storage> <Opcode : 'load' 'store'> <Ports = 2> <Width = 1> <Depth = 16> <RAM>
ST_3 : Operation 82 [1/1] (0.00ns)   --->   "%or_ln32_8 = bitconcatenate i10 @_ssdm_op_BitConcatenate.i10.i9.i1, i9 %select_ln31_7, i1 1" [bnn.cpp:32->bnn.cpp:102]   --->   Operation 82 'bitconcatenate' 'or_ln32_8' <Predicate = true> <Delay = 0.00>
ST_3 : Operation 83 [1/1] (0.68ns)   --->   "%select_ln31_8 = select i1 %l1_bits_1_load_1, i10 %or_ln32_8, i10 %word_9" [bnn.cpp:31->bnn.cpp:102]   --->   Operation 83 'select' 'select_ln31_8' <Predicate = true> <Delay = 0.68> <CoreInst = "Sel">   --->   Core 73 'Sel' <Latency = 0> <II = 1> <Delay = 0.68> <FuncUnit> <Opcode : 'select'> <InPorts = 3> <OutPorts = 1>
ST_3 : Operation 84 [1/2] ( I:2.32ns O:2.32ns )   --->   "%l1_bits_2_load_1 = load i4 %l1_bits_2_addr_1" [bnn.cpp:31->bnn.cpp:102]   --->   Operation 84 'load' 'l1_bits_2_load_1' <Predicate = true> <Delay = 2.32> <CoreInst = "RAM">   --->   Core 81 'RAM' <Latency = 1> <II = 1> <Delay = 2.32> <Storage> <Opcode : 'load' 'store'> <Ports = 2> <Width = 1> <Depth = 16> <RAM>
ST_3 : Operation 85 [1/2] ( I:2.32ns O:2.32ns )   --->   "%l1_bits_3_load_1 = load i4 %l1_bits_3_addr_1" [bnn.cpp:31->bnn.cpp:102]   --->   Operation 85 'load' 'l1_bits_3_load_1' <Predicate = true> <Delay = 2.32> <CoreInst = "RAM">   --->   Core 81 'RAM' <Latency = 1> <II = 1> <Delay = 2.32> <Storage> <Opcode : 'load' 'store'> <Ports = 2> <Width = 1> <Depth = 16> <RAM>
ST_3 : Operation 86 [1/2] ( I:2.32ns O:2.32ns )   --->   "%l1_bits_4_load_1 = load i4 %l1_bits_4_addr_1" [bnn.cpp:31->bnn.cpp:102]   --->   Operation 86 'load' 'l1_bits_4_load_1' <Predicate = true> <Delay = 2.32> <CoreInst = "RAM">   --->   Core 81 'RAM' <Latency = 1> <II = 1> <Delay = 2.32> <Storage> <Opcode : 'load' 'store'> <Ports = 2> <Width = 1> <Depth = 16> <RAM>
ST_3 : Operation 87 [1/1] (0.00ns)   --->   "%l1_bits_5_addr_1 = getelementptr i1 %l1_bits_5, i64 0, i64 %zext_ln30" [bnn.cpp:31->bnn.cpp:102]   --->   Operation 87 'getelementptr' 'l1_bits_5_addr_1' <Predicate = true> <Delay = 0.00>
ST_3 : Operation 88 [2/2] (2.32ns)   --->   "%l1_bits_5_load_1 = load i4 %l1_bits_5_addr_1" [bnn.cpp:31->bnn.cpp:102]   --->   Operation 88 'load' 'l1_bits_5_load_1' <Predicate = true> <Delay = 2.32> <CoreInst = "RAM">   --->   Core 81 'RAM' <Latency = 1> <II = 1> <Delay = 2.32> <Storage> <Opcode : 'load' 'store'> <Ports = 2> <Width = 1> <Depth = 16> <RAM>
ST_3 : Operation 89 [1/1] (0.00ns)   --->   "%l1_bits_6_addr_1 = getelementptr i1 %l1_bits_6, i64 0, i64 %zext_ln30" [bnn.cpp:31->bnn.cpp:102]   --->   Operation 89 'getelementptr' 'l1_bits_6_addr_1' <Predicate = true> <Delay = 0.00>
ST_3 : Operation 90 [2/2] (2.32ns)   --->   "%l1_bits_6_load_1 = load i4 %l1_bits_6_addr_1" [bnn.cpp:31->bnn.cpp:102]   --->   Operation 90 'load' 'l1_bits_6_load_1' <Predicate = true> <Delay = 2.32> <CoreInst = "RAM">   --->   Core 81 'RAM' <Latency = 1> <II = 1> <Delay = 2.32> <Storage> <Opcode : 'load' 'store'> <Ports = 2> <Width = 1> <Depth = 16> <RAM>
ST_3 : Operation 91 [1/1] (0.00ns)   --->   "%l1_bits_7_addr_1 = getelementptr i1 %l1_bits_7, i64 0, i64 %zext_ln30" [bnn.cpp:31->bnn.cpp:102]   --->   Operation 91 'getelementptr' 'l1_bits_7_addr_1' <Predicate = true> <Delay = 0.00>
ST_3 : Operation 92 [2/2] (2.32ns)   --->   "%l1_bits_7_load_1 = load i4 %l1_bits_7_addr_1" [bnn.cpp:31->bnn.cpp:102]   --->   Operation 92 'load' 'l1_bits_7_load_1' <Predicate = true> <Delay = 2.32> <CoreInst = "RAM">   --->   Core 81 'RAM' <Latency = 1> <II = 1> <Delay = 2.32> <Storage> <Opcode : 'load' 'store'> <Ports = 2> <Width = 1> <Depth = 16> <RAM>
ST_3 : Operation 120 [1/1] (1.58ns)   --->   "%ret_ln0 = ret"   --->   Operation 120 'ret' 'ret_ln0' <Predicate = (icmp_ln24)> <Delay = 1.58>

State 4 <SV = 3> <Delay = 6.90>
ST_4 : Operation 93 [1/1] (0.00ns)   --->   "%zext_ln24 = zext i4 %w_2" [bnn.cpp:24->bnn.cpp:102]   --->   Operation 93 'zext' 'zext_ln24' <Predicate = true> <Delay = 0.00>
ST_4 : Operation 94 [1/1] (0.00ns)   --->   "%specpipeline_ln24 = specpipeline void @_ssdm_op_SpecPipeline, i32 4294967295, i32 0, i32 0, i32 0, void @empty_0" [bnn.cpp:24->bnn.cpp:102]   --->   Operation 94 'specpipeline' 'specpipeline_ln24' <Predicate = true> <Delay = 0.00>
ST_4 : Operation 95 [1/1] (0.00ns)   --->   "%specloopname_ln24 = specloopname void @_ssdm_op_SpecLoopName, void @empty_3" [bnn.cpp:24->bnn.cpp:102]   --->   Operation 95 'specloopname' 'specloopname_ln24' <Predicate = true> <Delay = 0.00>
ST_4 : Operation 96 [1/1] (0.00ns)   --->   "%word_18 = bitconcatenate i11 @_ssdm_op_BitConcatenate.i11.i10.i1, i10 %select_ln31_8, i1 0" [bnn.cpp:30->bnn.cpp:102]   --->   Operation 96 'bitconcatenate' 'word_18' <Predicate = (!l1_bits_2_load_1)> <Delay = 0.00>
ST_4 : Operation 97 [1/1] (0.00ns)   --->   "%or_ln32_9 = bitconcatenate i11 @_ssdm_op_BitConcatenate.i11.i10.i1, i10 %select_ln31_8, i1 1" [bnn.cpp:32->bnn.cpp:102]   --->   Operation 97 'bitconcatenate' 'or_ln32_9' <Predicate = (l1_bits_2_load_1)> <Delay = 0.00>
ST_4 : Operation 98 [1/1] (0.69ns)   --->   "%select_ln31_9 = select i1 %l1_bits_2_load_1, i11 %or_ln32_9, i11 %word_18" [bnn.cpp:31->bnn.cpp:102]   --->   Operation 98 'select' 'select_ln31_9' <Predicate = true> <Delay = 0.69> <CoreInst = "Sel">   --->   Core 73 'Sel' <Latency = 0> <II = 1> <Delay = 0.69> <FuncUnit> <Opcode : 'select'> <InPorts = 3> <OutPorts = 1>
ST_4 : Operation 99 [1/1] (0.00ns)   --->   "%word_19 = bitconcatenate i12 @_ssdm_op_BitConcatenate.i12.i11.i1, i11 %select_ln31_9, i1 0" [bnn.cpp:30->bnn.cpp:102]   --->   Operation 99 'bitconcatenate' 'word_19' <Predicate = (!l1_bits_3_load_1)> <Delay = 0.00>
ST_4 : Operation 100 [1/1] (0.00ns)   --->   "%or_ln32_s = bitconcatenate i12 @_ssdm_op_BitConcatenate.i12.i11.i1, i11 %select_ln31_9, i1 1" [bnn.cpp:32->bnn.cpp:102]   --->   Operation 100 'bitconcatenate' 'or_ln32_s' <Predicate = (l1_bits_3_load_1)> <Delay = 0.00>
ST_4 : Operation 101 [1/1] (0.69ns)   --->   "%select_ln31_10 = select i1 %l1_bits_3_load_1, i12 %or_ln32_s, i12 %word_19" [bnn.cpp:31->bnn.cpp:102]   --->   Operation 101 'select' 'select_ln31_10' <Predicate = true> <Delay = 0.69> <CoreInst = "Sel">   --->   Core 73 'Sel' <Latency = 0> <II = 1> <Delay = 0.69> <FuncUnit> <Opcode : 'select'> <InPorts = 3> <OutPorts = 1>
ST_4 : Operation 102 [1/1] (0.00ns)   --->   "%word_20 = bitconcatenate i13 @_ssdm_op_BitConcatenate.i13.i12.i1, i12 %select_ln31_10, i1 0" [bnn.cpp:30->bnn.cpp:102]   --->   Operation 102 'bitconcatenate' 'word_20' <Predicate = (!l1_bits_4_load_1)> <Delay = 0.00>
ST_4 : Operation 103 [1/1] (0.00ns)   --->   "%or_ln32_10 = bitconcatenate i13 @_ssdm_op_BitConcatenate.i13.i12.i1, i12 %select_ln31_10, i1 1" [bnn.cpp:32->bnn.cpp:102]   --->   Operation 103 'bitconcatenate' 'or_ln32_10' <Predicate = (l1_bits_4_load_1)> <Delay = 0.00>
ST_4 : Operation 104 [1/1] (0.69ns)   --->   "%select_ln31_11 = select i1 %l1_bits_4_load_1, i13 %or_ln32_10, i13 %word_20" [bnn.cpp:31->bnn.cpp:102]   --->   Operation 104 'select' 'select_ln31_11' <Predicate = true> <Delay = 0.69> <CoreInst = "Sel">   --->   Core 73 'Sel' <Latency = 0> <II = 1> <Delay = 0.69> <FuncUnit> <Opcode : 'select'> <InPorts = 3> <OutPorts = 1>
ST_4 : Operation 105 [1/1] (0.00ns)   --->   "%word_21 = bitconcatenate i14 @_ssdm_op_BitConcatenate.i14.i13.i1, i13 %select_ln31_11, i1 0" [bnn.cpp:30->bnn.cpp:102]   --->   Operation 105 'bitconcatenate' 'word_21' <Predicate = true> <Delay = 0.00>
ST_4 : Operation 106 [1/2] ( I:2.32ns O:2.32ns )   --->   "%l1_bits_5_load_1 = load i4 %l1_bits_5_addr_1" [bnn.cpp:31->bnn.cpp:102]   --->   Operation 106 'load' 'l1_bits_5_load_1' <Predicate = true> <Delay = 2.32> <CoreInst = "RAM">   --->   Core 81 'RAM' <Latency = 1> <II = 1> <Delay = 2.32> <Storage> <Opcode : 'load' 'store'> <Ports = 2> <Width = 1> <Depth = 16> <RAM>
ST_4 : Operation 107 [1/1] (0.00ns)   --->   "%or_ln32_11 = bitconcatenate i14 @_ssdm_op_BitConcatenate.i14.i13.i1, i13 %select_ln31_11, i1 1" [bnn.cpp:32->bnn.cpp:102]   --->   Operation 107 'bitconcatenate' 'or_ln32_11' <Predicate = true> <Delay = 0.00>
ST_4 : Operation 108 [1/1] (0.70ns)   --->   "%select_ln31_12 = select i1 %l1_bits_5_load_1, i14 %or_ln32_11, i14 %word_21" [bnn.cpp:31->bnn.cpp:102]   --->   Operation 108 'select' 'select_ln31_12' <Predicate = true> <Delay = 0.70> <CoreInst = "Sel">   --->   Core 73 'Sel' <Latency = 0> <II = 1> <Delay = 0.70> <FuncUnit> <Opcode : 'select'> <InPorts = 3> <OutPorts = 1>
ST_4 : Operation 109 [1/1] (0.00ns)   --->   "%word_22 = bitconcatenate i15 @_ssdm_op_BitConcatenate.i15.i14.i1, i14 %select_ln31_12, i1 0" [bnn.cpp:30->bnn.cpp:102]   --->   Operation 109 'bitconcatenate' 'word_22' <Predicate = true> <Delay = 0.00>
ST_4 : Operation 110 [1/2] ( I:2.32ns O:2.32ns )   --->   "%l1_bits_6_load_1 = load i4 %l1_bits_6_addr_1" [bnn.cpp:31->bnn.cpp:102]   --->   Operation 110 'load' 'l1_bits_6_load_1' <Predicate = true> <Delay = 2.32> <CoreInst = "RAM">   --->   Core 81 'RAM' <Latency = 1> <II = 1> <Delay = 2.32> <Storage> <Opcode : 'load' 'store'> <Ports = 2> <Width = 1> <Depth = 16> <RAM>
ST_4 : Operation 111 [1/1] (0.00ns)   --->   "%or_ln32_12 = bitconcatenate i15 @_ssdm_op_BitConcatenate.i15.i14.i1, i14 %select_ln31_12, i1 1" [bnn.cpp:32->bnn.cpp:102]   --->   Operation 111 'bitconcatenate' 'or_ln32_12' <Predicate = true> <Delay = 0.00>
ST_4 : Operation 112 [1/1] (0.75ns)   --->   "%select_ln31_13 = select i1 %l1_bits_6_load_1, i15 %or_ln32_12, i15 %word_22" [bnn.cpp:31->bnn.cpp:102]   --->   Operation 112 'select' 'select_ln31_13' <Predicate = true> <Delay = 0.75> <CoreInst = "Sel">   --->   Core 73 'Sel' <Latency = 0> <II = 1> <Delay = 0.75> <FuncUnit> <Opcode : 'select'> <InPorts = 3> <OutPorts = 1>
ST_4 : Operation 113 [1/1] (0.00ns)   --->   "%word_23 = bitconcatenate i16 @_ssdm_op_BitConcatenate.i16.i15.i1, i15 %select_ln31_13, i1 0" [bnn.cpp:30->bnn.cpp:102]   --->   Operation 113 'bitconcatenate' 'word_23' <Predicate = true> <Delay = 0.00>
ST_4 : Operation 114 [1/2] ( I:2.32ns O:2.32ns )   --->   "%l1_bits_7_load_1 = load i4 %l1_bits_7_addr_1" [bnn.cpp:31->bnn.cpp:102]   --->   Operation 114 'load' 'l1_bits_7_load_1' <Predicate = true> <Delay = 2.32> <CoreInst = "RAM">   --->   Core 81 'RAM' <Latency = 1> <II = 1> <Delay = 2.32> <Storage> <Opcode : 'load' 'store'> <Ports = 2> <Width = 1> <Depth = 16> <RAM>
ST_4 : Operation 115 [1/1] (0.00ns)   --->   "%or_ln32_13 = bitconcatenate i16 @_ssdm_op_BitConcatenate.i16.i15.i1, i15 %select_ln31_13, i1 1" [bnn.cpp:32->bnn.cpp:102]   --->   Operation 115 'bitconcatenate' 'or_ln32_13' <Predicate = true> <Delay = 0.00>
ST_4 : Operation 116 [1/1] (0.80ns)   --->   "%word_24 = select i1 %l1_bits_7_load_1, i16 %or_ln32_13, i16 %word_23" [bnn.cpp:31->bnn.cpp:102]   --->   Operation 116 'select' 'word_24' <Predicate = true> <Delay = 0.80> <CoreInst = "Sel">   --->   Core 73 'Sel' <Latency = 0> <II = 1> <Delay = 0.80> <FuncUnit> <Opcode : 'select'> <InPorts = 3> <OutPorts = 1>
ST_4 : Operation 117 [1/1] (0.00ns)   --->   "%l1_packed_addr = getelementptr i16 %l1_packed, i64 0, i64 %zext_ln24" [bnn.cpp:35->bnn.cpp:102]   --->   Operation 117 'getelementptr' 'l1_packed_addr' <Predicate = true> <Delay = 0.00>
ST_4 : Operation 118 [1/1] ( I:2.32ns O:2.32ns )   --->   "%store_ln35 = store i16 %word_24, i3 %l1_packed_addr" [bnn.cpp:35->bnn.cpp:102]   --->   Operation 118 'store' 'store_ln35' <Predicate = true> <Delay = 2.32> <CoreInst = "RAM">   --->   Core 81 'RAM' <Latency = 1> <II = 1> <Delay = 2.32> <Storage> <Opcode : 'load' 'store'> <Ports = 2> <Width = 16> <Depth = 8> <RAM>
ST_4 : Operation 119 [1/1] (0.00ns)   --->   "%br_ln24 = br void %VITIS_LOOP_27_2.i" [bnn.cpp:24->bnn.cpp:102]   --->   Operation 119 'br' 'br_ln24' <Predicate = true> <Delay = 0.00>


============================================================
+ Verbose Summary: Binding
============================================================
STG Binding: 
---------------- STG Properties BEGIN ----------------
- Is combinational: 0
- Is one-state seq: 0
- Is datapath-only: 0
- Is pipelined: 0
- Is top level: 0
Port [ Return ] is wired: 1; IO mode=ap_ctrl_hs:ce=0
Port [ l1_bits]:  wired=1; compound=1; hidden=0; nouse=0; global=0; static=0; extern=0; dir=0; type=1; pingpong=0; private_global=0; MemPort=[11]; IO mode=ap_memory:ce=0
Port [ l1_bits_1]:  wired=1; compound=1; hidden=0; nouse=0; global=0; static=0; extern=0; dir=0; type=1; pingpong=0; private_global=0; MemPort=[11]; IO mode=ap_memory:ce=0
Port [ l1_bits_2]:  wired=1; compound=1; hidden=0; nouse=0; global=0; static=0; extern=0; dir=0; type=1; pingpong=0; private_global=0; MemPort=[11]; IO mode=ap_memory:ce=0
Port [ l1_bits_3]:  wired=1; compound=1; hidden=0; nouse=0; global=0; static=0; extern=0; dir=0; type=1; pingpong=0; private_global=0; MemPort=[11]; IO mode=ap_memory:ce=0
Port [ l1_bits_4]:  wired=1; compound=1; hidden=0; nouse=0; global=0; static=0; extern=0; dir=0; type=1; pingpong=0; private_global=0; MemPort=[11]; IO mode=ap_memory:ce=0
Port [ l1_bits_5]:  wired=1; compound=1; hidden=0; nouse=0; global=0; static=0; extern=0; dir=0; type=1; pingpong=0; private_global=0; MemPort=[11]; IO mode=ap_memory:ce=0
Port [ l1_bits_6]:  wired=1; compound=1; hidden=0; nouse=0; global=0; static=0; extern=0; dir=0; type=1; pingpong=0; private_global=0; MemPort=[11]; IO mode=ap_memory:ce=0
Port [ l1_bits_7]:  wired=1; compound=1; hidden=0; nouse=0; global=0; static=0; extern=0; dir=0; type=1; pingpong=0; private_global=0; MemPort=[11]; IO mode=ap_memory:ce=0
Port [ l1_packed]:  wired=1; compound=1; hidden=0; nouse=0; global=0; static=0; extern=0; dir=1; type=1; pingpong=0; private_global=0; MemPort=[03]; IO mode=ap_memory:ce=0
---------------- STG Properties END ------------------

---------------- Datapath Model BEGIN ----------------

<LifeTime>
<method=bitvector/>
w                     (alloca           ) [ 01000]
store_ln24            (store            ) [ 00000]
br_ln0                (br               ) [ 00000]
w_2                   (load             ) [ 01111]
icmp_ln24             (icmp             ) [ 01110]
speclooptripcount_ln0 (speclooptripcount) [ 00000]
add_ln24              (add              ) [ 00000]
br_ln24               (br               ) [ 00000]
shl_ln31              (shl              ) [ 00000]
zext_ln31             (zext             ) [ 01100]
l1_bits_addr          (getelementptr    ) [ 01100]
l1_bits_1_addr        (getelementptr    ) [ 01100]
l1_bits_2_addr        (getelementptr    ) [ 01100]
l1_bits_3_addr        (getelementptr    ) [ 01100]
l1_bits_4_addr        (getelementptr    ) [ 01100]
l1_bits_5_addr        (getelementptr    ) [ 01100]
store_ln24            (store            ) [ 00000]
trunc_ln31            (trunc            ) [ 00000]
word                  (load             ) [ 00000]
word_1                (bitconcatenate   ) [ 00000]
l1_bits_1_load        (load             ) [ 00000]
or_ln                 (bitconcatenate   ) [ 00000]
select_ln31           (select           ) [ 00000]
word_2                (bitconcatenate   ) [ 00000]
l1_bits_2_load        (load             ) [ 00000]
or_ln32_1             (bitconcatenate   ) [ 00000]
select_ln31_1         (select           ) [ 00000]
word_3                (bitconcatenate   ) [ 00000]
l1_bits_3_load        (load             ) [ 00000]
or_ln32_2             (bitconcatenate   ) [ 00000]
select_ln31_2         (select           ) [ 01010]
l1_bits_4_load        (load             ) [ 01010]
l1_bits_5_load        (load             ) [ 01010]
l1_bits_6_addr        (getelementptr    ) [ 01010]
l1_bits_7_addr        (getelementptr    ) [ 01010]
or_ln1                (bitconcatenate   ) [ 00000]
zext_ln30             (zext             ) [ 01010]
l1_bits_addr_1        (getelementptr    ) [ 01010]
l1_bits_1_addr_1      (getelementptr    ) [ 01010]
l1_bits_2_addr_1      (getelementptr    ) [ 01010]
l1_bits_3_addr_1      (getelementptr    ) [ 01010]
l1_bits_4_addr_1      (getelementptr    ) [ 01010]
word_4                (bitconcatenate   ) [ 00000]
or_ln32_3             (bitconcatenate   ) [ 00000]
select_ln31_3         (select           ) [ 00000]
word_5                (bitconcatenate   ) [ 00000]
or_ln32_4             (bitconcatenate   ) [ 00000]
select_ln31_4         (select           ) [ 00000]
word_6                (bitconcatenate   ) [ 00000]
l1_bits_6_load        (load             ) [ 00000]
or_ln32_5             (bitconcatenate   ) [ 00000]
select_ln31_5         (select           ) [ 00000]
word_7                (bitconcatenate   ) [ 00000]
l1_bits_7_load        (load             ) [ 00000]
or_ln32_6             (bitconcatenate   ) [ 00000]
select_ln31_6         (select           ) [ 00000]
word_8                (bitconcatenate   ) [ 00000]
l1_bits_load          (load             ) [ 00000]
or_ln32_7             (bitconcatenate   ) [ 00000]
select_ln31_7         (select           ) [ 00000]
word_9                (bitconcatenate   ) [ 00000]
l1_bits_1_load_1      (load             ) [ 00000]
or_ln32_8             (bitconcatenate   ) [ 00000]
select_ln31_8         (select           ) [ 01001]
l1_bits_2_load_1      (load             ) [ 01001]
l1_bits_3_load_1      (load             ) [ 01001]
l1_bits_4_load_1      (load             ) [ 01001]
l1_bits_5_addr_1      (getelementptr    ) [ 01001]
l1_bits_6_addr_1      (getelementptr    ) [ 01001]
l1_bits_7_addr_1      (getelementptr    ) [ 01001]
zext_ln24             (zext             ) [ 00000]
specpipeline_ln24     (specpipeline     ) [ 00000]
specloopname_ln24     (specloopname     ) [ 00000]
word_18               (bitconcatenate   ) [ 00000]
or_ln32_9             (bitconcatenate   ) [ 00000]
select_ln31_9         (select           ) [ 00000]
word_19               (bitconcatenate   ) [ 00000]
or_ln32_s             (bitconcatenate   ) [ 00000]
select_ln31_10        (select           ) [ 00000]
word_20               (bitconcatenate   ) [ 00000]
or_ln32_10            (bitconcatenate   ) [ 00000]
select_ln31_11        (select           ) [ 00000]
word_21               (bitconcatenate   ) [ 00000]
l1_bits_5_load_1      (load             ) [ 00000]
or_ln32_11            (bitconcatenate   ) [ 00000]
select_ln31_12        (select           ) [ 00000]
word_22               (bitconcatenate   ) [ 00000]
l1_bits_6_load_1      (load             ) [ 00000]
or_ln32_12            (bitconcatenate   ) [ 00000]
select_ln31_13        (select           ) [ 00000]
word_23               (bitconcatenate   ) [ 00000]
l1_bits_7_load_1      (load             ) [ 00000]
or_ln32_13            (bitconcatenate   ) [ 00000]
word_24               (select           ) [ 00000]
l1_packed_addr        (getelementptr    ) [ 00000]
store_ln35            (store            ) [ 00000]
br_ln24               (br               ) [ 00000]
ret_ln0               (ret              ) [ 00000]
</LifeTime>

<model>

<comp_list>
<comp id="0" class="1000" name="l1_bits">
<pin_list>
<pin id="1" dir="1" index="0" bw="1" slack="0"/>
</pin_list>
<bind>
<StgValue><ssdm name="l1_bits"/><MemPortTyVec>1 1 </MemPortTyVec>
</StgValue>
</bind>
</comp>

<comp id="2" class="1000" name="l1_bits_1">
<pin_list>
<pin id="3" dir="1" index="0" bw="1" slack="0"/>
</pin_list>
<bind>
<StgValue><ssdm name="l1_bits_1"/><MemPortTyVec>1 1 </MemPortTyVec>
</StgValue>
</bind>
</comp>

<comp id="4" class="1000" name="l1_bits_2">
<pin_list>
<pin id="5" dir="1" index="0" bw="1" slack="0"/>
</pin_list>
<bind>
<StgValue><ssdm name="l1_bits_2"/><MemPortTyVec>1 1 </MemPortTyVec>
</StgValue>
</bind>
</comp>

<comp id="6" class="1000" name="l1_bits_3">
<pin_list>
<pin id="7" dir="1" index="0" bw="1" slack="0"/>
</pin_list>
<bind>
<StgValue><ssdm name="l1_bits_3"/><MemPortTyVec>1 1 </MemPortTyVec>
</StgValue>
</bind>
</comp>

<comp id="8" class="1000" name="l1_bits_4">
<pin_list>
<pin id="9" dir="1" index="0" bw="1" slack="0"/>
</pin_list>
<bind>
<StgValue><ssdm name="l1_bits_4"/><MemPortTyVec>1 1 </MemPortTyVec>
</StgValue>
</bind>
</comp>

<comp id="10" class="1000" name="l1_bits_5">
<pin_list>
<pin id="11" dir="1" index="0" bw="1" slack="0"/>
</pin_list>
<bind>
<StgValue><ssdm name="l1_bits_5"/><MemPortTyVec>1 1 </MemPortTyVec>
</StgValue>
</bind>
</comp>

<comp id="12" class="1000" name="l1_bits_6">
<pin_list>
<pin id="13" dir="1" index="0" bw="1" slack="0"/>
</pin_list>
<bind>
<StgValue><ssdm name="l1_bits_6"/><MemPortTyVec>1 1 </MemPortTyVec>
</StgValue>
</bind>
</comp>

<comp id="14" class="1000" name="l1_bits_7">
<pin_list>
<pin id="15" dir="1" index="0" bw="1" slack="0"/>
</pin_list>
<bind>
<StgValue><ssdm name="l1_bits_7"/><MemPortTyVec>1 1 </MemPortTyVec>
</StgValue>
</bind>
</comp>

<comp id="16" class="1000" name="l1_packed">
<pin_list>
<pin id="17" dir="1" index="0" bw="1" slack="0"/>
</pin_list>
<bind>
<StgValue><ssdm name="l1_packed"/><MemPortTyVec>0 3 </MemPortTyVec>
</StgValue>
</bind>
</comp>

<comp id="18" class="1001" name="const_18">
<pin_list>
<pin id="19" dir="1" index="0" bw="1" slack="0"/>
</pin_list>
<bind>
<StgValue><ssdm name=""/></StgValue>
</bind>
</comp>

<comp id="20" class="1001" name="const_20">
<pin_list>
<pin id="21" dir="1" index="0" bw="1" slack="0"/>
</pin_list>
<bind>
<StgValue><ssdm name=""/></StgValue>
</bind>
</comp>

<comp id="22" class="1001" name="const_22">
<pin_list>
<pin id="23" dir="1" index="0" bw="1" slack="0"/>
</pin_list>
<bind>
<StgValue><ssdm name=""/></StgValue>
</bind>
</comp>

<comp id="24" class="1001" name="const_24">
<pin_list>
<pin id="25" dir="1" index="0" bw="1" slack="2147483647"/>
</pin_list>
<bind>
<StgValue><ssdm name="_ssdm_op_SpecLoopTripCount"/></StgValue>
</bind>
</comp>

<comp id="26" class="1001" name="const_26">
<pin_list>
<pin id="27" dir="1" index="0" bw="1" slack="2147483647"/>
</pin_list>
<bind>
<StgValue><ssdm name=""/></StgValue>
</bind>
</comp>

<comp id="28" class="1001" name="const_28">
<pin_list>
<pin id="29" dir="1" index="0" bw="1" slack="0"/>
</pin_list>
<bind>
<StgValue><ssdm name=""/></StgValue>
</bind>
</comp>

<comp id="30" class="1001" name="const_30">
<pin_list>
<pin id="31" dir="1" index="0" bw="1" slack="0"/>
</pin_list>
<bind>
<StgValue><ssdm name=""/></StgValue>
</bind>
</comp>

<comp id="32" class="1001" name="const_32">
<pin_list>
<pin id="33" dir="1" index="0" bw="1" slack="0"/>
</pin_list>
<bind>
<StgValue><ssdm name="_ssdm_op_BitConcatenate.i2.i1.i1"/></StgValue>
</bind>
</comp>

<comp id="34" class="1001" name="const_34">
<pin_list>
<pin id="35" dir="1" index="0" bw="1" slack="0"/>
</pin_list>
<bind>
<StgValue><ssdm name=""/></StgValue>
</bind>
</comp>

<comp id="36" class="1001" name="const_36">
<pin_list>
<pin id="37" dir="1" index="0" bw="1" slack="0"/>
</pin_list>
<bind>
<StgValue><ssdm name=""/></StgValue>
</bind>
</comp>

<comp id="38" class="1001" name="const_38">
<pin_list>
<pin id="39" dir="1" index="0" bw="1" slack="0"/>
</pin_list>
<bind>
<StgValue><ssdm name="_ssdm_op_BitConcatenate.i3.i2.i1"/></StgValue>
</bind>
</comp>

<comp id="40" class="1001" name="const_40">
<pin_list>
<pin id="41" dir="1" index="0" bw="1" slack="0"/>
</pin_list>
<bind>
<StgValue><ssdm name="_ssdm_op_BitConcatenate.i4.i3.i1"/></StgValue>
</bind>
</comp>

<comp id="42" class="1001" name="const_42">
<pin_list>
<pin id="43" dir="1" index="0" bw="1" slack="0"/>
</pin_list>
<bind>
<StgValue><ssdm name="_ssdm_op_BitConcatenate.i5.i4.i1"/></StgValue>
</bind>
</comp>

<comp id="44" class="1001" name="const_44">
<pin_list>
<pin id="45" dir="1" index="0" bw="1" slack="0"/>
</pin_list>
<bind>
<StgValue><ssdm name="_ssdm_op_BitConcatenate.i6.i5.i1"/></StgValue>
</bind>
</comp>

<comp id="46" class="1001" name="const_46">
<pin_list>
<pin id="47" dir="1" index="0" bw="1" slack="0"/>
</pin_list>
<bind>
<StgValue><ssdm name="_ssdm_op_BitConcatenate.i7.i6.i1"/></StgValue>
</bind>
</comp>

<comp id="48" class="1001" name="const_48">
<pin_list>
<pin id="49" dir="1" index="0" bw="1" slack="0"/>
</pin_list>
<bind>
<StgValue><ssdm name="_ssdm_op_BitConcatenate.i8.i7.i1"/></StgValue>
</bind>
</comp>

<comp id="50" class="1001" name="const_50">
<pin_list>
<pin id="51" dir="1" index="0" bw="1" slack="0"/>
</pin_list>
<bind>
<StgValue><ssdm name="_ssdm_op_BitConcatenate.i9.i8.i1"/></StgValue>
</bind>
</comp>

<comp id="52" class="1001" name="const_52">
<pin_list>
<pin id="53" dir="1" index="0" bw="1" slack="0"/>
</pin_list>
<bind>
<StgValue><ssdm name="_ssdm_op_BitConcatenate.i10.i9.i1"/></StgValue>
</bind>
</comp>

<comp id="54" class="1001" name="const_54">
<pin_list>
<pin id="55" dir="1" index="0" bw="1" slack="2147483647"/>
</pin_list>
<bind>
<StgValue><ssdm name="_ssdm_op_SpecPipeline"/></StgValue>
</bind>
</comp>

<comp id="56" class="1001" name="const_56">
<pin_list>
<pin id="57" dir="1" index="0" bw="1" slack="2147483647"/>
</pin_list>
<bind>
<StgValue><ssdm name=""/></StgValue>
</bind>
</comp>

<comp id="58" class="1001" name="const_58">
<pin_list>
<pin id="59" dir="1" index="0" bw="1" slack="2147483647"/>
</pin_list>
<bind>
<StgValue><ssdm name=""/></StgValue>
</bind>
</comp>

<comp id="60" class="1001" name="const_60">
<pin_list>
<pin id="61" dir="1" index="0" bw="1" slack="2147483647"/>
</pin_list>
<bind>
<StgValue><ssdm name="empty_0"/></StgValue>
</bind>
</comp>

<comp id="62" class="1001" name="const_62">
<pin_list>
<pin id="63" dir="1" index="0" bw="1" slack="2147483647"/>
</pin_list>
<bind>
<StgValue><ssdm name="_ssdm_op_SpecLoopName"/></StgValue>
</bind>
</comp>

<comp id="64" class="1001" name="const_64">
<pin_list>
<pin id="65" dir="1" index="0" bw="1" slack="2147483647"/>
</pin_list>
<bind>
<StgValue><ssdm name="empty_3"/></StgValue>
</bind>
</comp>

<comp id="66" class="1001" name="const_66">
<pin_list>
<pin id="67" dir="1" index="0" bw="1" slack="0"/>
</pin_list>
<bind>
<StgValue><ssdm name="_ssdm_op_BitConcatenate.i11.i10.i1"/></StgValue>
</bind>
</comp>

<comp id="68" class="1001" name="const_68">
<pin_list>
<pin id="69" dir="1" index="0" bw="1" slack="0"/>
</pin_list>
<bind>
<StgValue><ssdm name="_ssdm_op_BitConcatenate.i12.i11.i1"/></StgValue>
</bind>
</comp>

<comp id="70" class="1001" name="const_70">
<pin_list>
<pin id="71" dir="1" index="0" bw="1" slack="0"/>
</pin_list>
<bind>
<StgValue><ssdm name="_ssdm_op_BitConcatenate.i13.i12.i1"/></StgValue>
</bind>
</comp>

<comp id="72" class="1001" name="const_72">
<pin_list>
<pin id="73" dir="1" index="0" bw="1" slack="0"/>
</pin_list>
<bind>
<StgValue><ssdm name="_ssdm_op_BitConcatenate.i14.i13.i1"/></StgValue>
</bind>
</comp>

<comp id="74" class="1001" name="const_74">
<pin_list>
<pin id="75" dir="1" index="0" bw="1" slack="0"/>
</pin_list>
<bind>
<StgValue><ssdm name="_ssdm_op_BitConcatenate.i15.i14.i1"/></StgValue>
</bind>
</comp>

<comp id="76" class="1001" name="const_76">
<pin_list>
<pin id="77" dir="1" index="0" bw="1" slack="0"/>
</pin_list>
<bind>
<StgValue><ssdm name="_ssdm_op_BitConcatenate.i16.i15.i1"/></StgValue>
</bind>
</comp>

<comp id="78" class="1004" name="w_fu_78">
<pin_list>
<pin id="79" dir="0" index="0" bw="1" slack="0"/>
<pin id="80" dir="1" index="1" bw="4" slack="0"/>
</pin_list>
<bind>
<opcode="alloca(26) " fcode="alloca"/>
<opset="w/1 "/>
</bind>
</comp>

<comp id="82" class="1004" name="l1_bits_addr_gep_fu_82">
<pin_list>
<pin id="83" dir="0" index="0" bw="1" slack="0"/>
<pin id="84" dir="0" index="1" bw="1" slack="0"/>
<pin id="85" dir="0" index="2" bw="4" slack="0"/>
<pin id="86" dir="1" index="3" bw="4" slack="0"/>
</pin_list>
<bind>
<opcode="getelementptr(29) " fcode="getelementptr"/>
<opset="l1_bits_addr/1 "/>
</bind>
</comp>

<comp id="89" class="1004" name="grp_access_fu_89">
<pin_list>
<pin id="90" dir="0" index="0" bw="4" slack="0"/>
<pin id="91" dir="0" index="1" bw="1" slack="2147483647"/>
<pin id="92" dir="0" index="2" bw="0" slack="0"/>
<pin id="94" dir="0" index="4" bw="4" slack="2147483647"/>
<pin id="95" dir="0" index="5" bw="1" slack="2147483647"/>
<pin id="96" dir="0" index="6" bw="0" slack="2147483647"/>
<pin id="93" dir="1" index="3" bw="1" slack="0"/>
<pin id="97" dir="1" index="7" bw="1" slack="0"/>
</pin_list>
<bind>
<opcode="load(27) " fcode="load"/>
<opset="word/1 l1_bits_load/2 "/>
</bind>
</comp>

<comp id="99" class="1004" name="l1_bits_1_addr_gep_fu_99">
<pin_list>
<pin id="100" dir="0" index="0" bw="1" slack="0"/>
<pin id="101" dir="0" index="1" bw="1" slack="0"/>
<pin id="102" dir="0" index="2" bw="4" slack="0"/>
<pin id="103" dir="1" index="3" bw="4" slack="0"/>
</pin_list>
<bind>
<opcode="getelementptr(29) " fcode="getelementptr"/>
<opset="l1_bits_1_addr/1 "/>
</bind>
</comp>

<comp id="106" class="1004" name="grp_access_fu_106">
<pin_list>
<pin id="107" dir="0" index="0" bw="4" slack="0"/>
<pin id="108" dir="0" index="1" bw="1" slack="2147483647"/>
<pin id="109" dir="0" index="2" bw="0" slack="0"/>
<pin id="111" dir="0" index="4" bw="4" slack="2147483647"/>
<pin id="112" dir="0" index="5" bw="1" slack="2147483647"/>
<pin id="113" dir="0" index="6" bw="0" slack="2147483647"/>
<pin id="110" dir="1" index="3" bw="1" slack="0"/>
<pin id="114" dir="1" index="7" bw="1" slack="0"/>
</pin_list>
<bind>
<opcode="load(27) " fcode="load"/>
<opset="l1_bits_1_load/1 l1_bits_1_load_1/2 "/>
</bind>
</comp>

<comp id="116" class="1004" name="l1_bits_2_addr_gep_fu_116">
<pin_list>
<pin id="117" dir="0" index="0" bw="1" slack="0"/>
<pin id="118" dir="0" index="1" bw="1" slack="0"/>
<pin id="119" dir="0" index="2" bw="4" slack="0"/>
<pin id="120" dir="1" index="3" bw="4" slack="0"/>
</pin_list>
<bind>
<opcode="getelementptr(29) " fcode="getelementptr"/>
<opset="l1_bits_2_addr/1 "/>
</bind>
</comp>

<comp id="123" class="1004" name="grp_access_fu_123">
<pin_list>
<pin id="124" dir="0" index="0" bw="4" slack="0"/>
<pin id="125" dir="0" index="1" bw="1" slack="2147483647"/>
<pin id="126" dir="0" index="2" bw="0" slack="0"/>
<pin id="128" dir="0" index="4" bw="4" slack="2147483647"/>
<pin id="129" dir="0" index="5" bw="1" slack="2147483647"/>
<pin id="130" dir="0" index="6" bw="0" slack="2147483647"/>
<pin id="127" dir="1" index="3" bw="1" slack="1"/>
<pin id="131" dir="1" index="7" bw="1" slack="0"/>
</pin_list>
<bind>
<opcode="load(27) " fcode="load"/>
<opset="l1_bits_2_load/1 l1_bits_2_load_1/2 "/>
</bind>
</comp>

<comp id="133" class="1004" name="l1_bits_3_addr_gep_fu_133">
<pin_list>
<pin id="134" dir="0" index="0" bw="1" slack="0"/>
<pin id="135" dir="0" index="1" bw="1" slack="0"/>
<pin id="136" dir="0" index="2" bw="4" slack="0"/>
<pin id="137" dir="1" index="3" bw="4" slack="0"/>
</pin_list>
<bind>
<opcode="getelementptr(29) " fcode="getelementptr"/>
<opset="l1_bits_3_addr/1 "/>
</bind>
</comp>

<comp id="140" class="1004" name="grp_access_fu_140">
<pin_list>
<pin id="141" dir="0" index="0" bw="4" slack="0"/>
<pin id="142" dir="0" index="1" bw="1" slack="2147483647"/>
<pin id="143" dir="0" index="2" bw="0" slack="0"/>
<pin id="145" dir="0" index="4" bw="4" slack="2147483647"/>
<pin id="146" dir="0" index="5" bw="1" slack="2147483647"/>
<pin id="147" dir="0" index="6" bw="0" slack="2147483647"/>
<pin id="144" dir="1" index="3" bw="1" slack="1"/>
<pin id="148" dir="1" index="7" bw="1" slack="0"/>
</pin_list>
<bind>
<opcode="load(27) " fcode="load"/>
<opset="l1_bits_3_load/1 l1_bits_3_load_1/2 "/>
</bind>
</comp>

<comp id="150" class="1004" name="l1_bits_4_addr_gep_fu_150">
<pin_list>
<pin id="151" dir="0" index="0" bw="1" slack="0"/>
<pin id="152" dir="0" index="1" bw="1" slack="0"/>
<pin id="153" dir="0" index="2" bw="4" slack="0"/>
<pin id="154" dir="1" index="3" bw="4" slack="0"/>
</pin_list>
<bind>
<opcode="getelementptr(29) " fcode="getelementptr"/>
<opset="l1_bits_4_addr/1 "/>
</bind>
</comp>

<comp id="157" class="1004" name="grp_access_fu_157">
<pin_list>
<pin id="158" dir="0" index="0" bw="4" slack="0"/>
<pin id="159" dir="0" index="1" bw="1" slack="2147483647"/>
<pin id="160" dir="0" index="2" bw="0" slack="0"/>
<pin id="162" dir="0" index="4" bw="4" slack="2147483647"/>
<pin id="163" dir="0" index="5" bw="1" slack="2147483647"/>
<pin id="164" dir="0" index="6" bw="0" slack="2147483647"/>
<pin id="161" dir="1" index="3" bw="1" slack="1"/>
<pin id="165" dir="1" index="7" bw="1" slack="1"/>
</pin_list>
<bind>
<opcode="load(27) " fcode="load"/>
<opset="l1_bits_4_load/1 l1_bits_4_load_1/2 "/>
</bind>
</comp>

<comp id="167" class="1004" name="l1_bits_5_addr_gep_fu_167">
<pin_list>
<pin id="168" dir="0" index="0" bw="1" slack="0"/>
<pin id="169" dir="0" index="1" bw="1" slack="0"/>
<pin id="170" dir="0" index="2" bw="4" slack="0"/>
<pin id="171" dir="1" index="3" bw="4" slack="0"/>
</pin_list>
<bind>
<opcode="getelementptr(29) " fcode="getelementptr"/>
<opset="l1_bits_5_addr/1 "/>
</bind>
</comp>

<comp id="174" class="1004" name="grp_access_fu_174">
<pin_list>
<pin id="175" dir="0" index="0" bw="4" slack="0"/>
<pin id="176" dir="0" index="1" bw="1" slack="2147483647"/>
<pin id="177" dir="0" index="2" bw="0" slack="0"/>
<pin id="179" dir="0" index="4" bw="4" slack="2147483647"/>
<pin id="180" dir="0" index="5" bw="1" slack="2147483647"/>
<pin id="181" dir="0" index="6" bw="0" slack="2147483647"/>
<pin id="178" dir="1" index="3" bw="1" slack="0"/>
<pin id="182" dir="1" index="7" bw="1" slack="1"/>
</pin_list>
<bind>
<opcode="load(27) " fcode="load"/>
<opset="l1_bits_5_load/1 l1_bits_5_load_1/3 "/>
</bind>
</comp>

<comp id="184" class="1004" name="l1_bits_6_addr_gep_fu_184">
<pin_list>
<pin id="185" dir="0" index="0" bw="1" slack="0"/>
<pin id="186" dir="0" index="1" bw="1" slack="0"/>
<pin id="187" dir="0" index="2" bw="4" slack="1"/>
<pin id="188" dir="1" index="3" bw="4" slack="0"/>
</pin_list>
<bind>
<opcode="getelementptr(29) " fcode="getelementptr"/>
<opset="l1_bits_6_addr/2 "/>
</bind>
</comp>

<comp id="191" class="1004" name="grp_access_fu_191">
<pin_list>
<pin id="192" dir="0" index="0" bw="4" slack="0"/>
<pin id="193" dir="0" index="1" bw="1" slack="2147483647"/>
<pin id="194" dir="0" index="2" bw="0" slack="0"/>
<pin id="196" dir="0" index="4" bw="4" slack="2147483647"/>
<pin id="197" dir="0" index="5" bw="1" slack="2147483647"/>
<pin id="198" dir="0" index="6" bw="0" slack="2147483647"/>
<pin id="195" dir="1" index="3" bw="1" slack="0"/>
<pin id="199" dir="1" index="7" bw="1" slack="0"/>
</pin_list>
<bind>
<opcode="load(27) " fcode="load"/>
<opset="l1_bits_6_load/2 l1_bits_6_load_1/3 "/>
</bind>
</comp>

<comp id="201" class="1004" name="l1_bits_7_addr_gep_fu_201">
<pin_list>
<pin id="202" dir="0" index="0" bw="1" slack="0"/>
<pin id="203" dir="0" index="1" bw="1" slack="0"/>
<pin id="204" dir="0" index="2" bw="4" slack="1"/>
<pin id="205" dir="1" index="3" bw="4" slack="0"/>
</pin_list>
<bind>
<opcode="getelementptr(29) " fcode="getelementptr"/>
<opset="l1_bits_7_addr/2 "/>
</bind>
</comp>

<comp id="208" class="1004" name="grp_access_fu_208">
<pin_list>
<pin id="209" dir="0" index="0" bw="4" slack="0"/>
<pin id="210" dir="0" index="1" bw="1" slack="2147483647"/>
<pin id="211" dir="0" index="2" bw="0" slack="0"/>
<pin id="213" dir="0" index="4" bw="4" slack="2147483647"/>
<pin id="214" dir="0" index="5" bw="1" slack="2147483647"/>
<pin id="215" dir="0" index="6" bw="0" slack="2147483647"/>
<pin id="212" dir="1" index="3" bw="1" slack="0"/>
<pin id="216" dir="1" index="7" bw="1" slack="0"/>
</pin_list>
<bind>
<opcode="load(27) " fcode="load"/>
<opset="l1_bits_7_load/2 l1_bits_7_load_1/3 "/>
</bind>
</comp>

<comp id="218" class="1004" name="l1_bits_addr_1_gep_fu_218">
<pin_list>
<pin id="219" dir="0" index="0" bw="1" slack="0"/>
<pin id="220" dir="0" index="1" bw="1" slack="0"/>
<pin id="221" dir="0" index="2" bw="4" slack="0"/>
<pin id="222" dir="1" index="3" bw="4" slack="0"/>
</pin_list>
<bind>
<opcode="getelementptr(29) " fcode="getelementptr"/>
<opset="l1_bits_addr_1/2 "/>
</bind>
</comp>

<comp id="226" class="1004" name="l1_bits_1_addr_1_gep_fu_226">
<pin_list>
<pin id="227" dir="0" index="0" bw="1" slack="0"/>
<pin id="228" dir="0" index="1" bw="1" slack="0"/>
<pin id="229" dir="0" index="2" bw="4" slack="0"/>
<pin id="230" dir="1" index="3" bw="4" slack="0"/>
</pin_list>
<bind>
<opcode="getelementptr(29) " fcode="getelementptr"/>
<opset="l1_bits_1_addr_1/2 "/>
</bind>
</comp>

<comp id="234" class="1004" name="l1_bits_2_addr_1_gep_fu_234">
<pin_list>
<pin id="235" dir="0" index="0" bw="1" slack="0"/>
<pin id="236" dir="0" index="1" bw="1" slack="0"/>
<pin id="237" dir="0" index="2" bw="4" slack="0"/>
<pin id="238" dir="1" index="3" bw="4" slack="0"/>
</pin_list>
<bind>
<opcode="getelementptr(29) " fcode="getelementptr"/>
<opset="l1_bits_2_addr_1/2 "/>
</bind>
</comp>

<comp id="242" class="1004" name="l1_bits_3_addr_1_gep_fu_242">
<pin_list>
<pin id="243" dir="0" index="0" bw="1" slack="0"/>
<pin id="244" dir="0" index="1" bw="1" slack="0"/>
<pin id="245" dir="0" index="2" bw="4" slack="0"/>
<pin id="246" dir="1" index="3" bw="4" slack="0"/>
</pin_list>
<bind>
<opcode="getelementptr(29) " fcode="getelementptr"/>
<opset="l1_bits_3_addr_1/2 "/>
</bind>
</comp>

<comp id="250" class="1004" name="l1_bits_4_addr_1_gep_fu_250">
<pin_list>
<pin id="251" dir="0" index="0" bw="1" slack="0"/>
<pin id="252" dir="0" index="1" bw="1" slack="0"/>
<pin id="253" dir="0" index="2" bw="4" slack="0"/>
<pin id="254" dir="1" index="3" bw="4" slack="0"/>
</pin_list>
<bind>
<opcode="getelementptr(29) " fcode="getelementptr"/>
<opset="l1_bits_4_addr_1/2 "/>
</bind>
</comp>

<comp id="258" class="1004" name="l1_bits_5_addr_1_gep_fu_258">
<pin_list>
<pin id="259" dir="0" index="0" bw="1" slack="0"/>
<pin id="260" dir="0" index="1" bw="1" slack="0"/>
<pin id="261" dir="0" index="2" bw="4" slack="1"/>
<pin id="262" dir="1" index="3" bw="4" slack="0"/>
</pin_list>
<bind>
<opcode="getelementptr(29) " fcode="getelementptr"/>
<opset="l1_bits_5_addr_1/3 "/>
</bind>
</comp>

<comp id="266" class="1004" name="l1_bits_6_addr_1_gep_fu_266">
<pin_list>
<pin id="267" dir="0" index="0" bw="1" slack="0"/>
<pin id="268" dir="0" index="1" bw="1" slack="0"/>
<pin id="269" dir="0" index="2" bw="4" slack="1"/>
<pin id="270" dir="1" index="3" bw="4" slack="0"/>
</pin_list>
<bind>
<opcode="getelementptr(29) " fcode="getelementptr"/>
<opset="l1_bits_6_addr_1/3 "/>
</bind>
</comp>

<comp id="274" class="1004" name="l1_bits_7_addr_1_gep_fu_274">
<pin_list>
<pin id="275" dir="0" index="0" bw="1" slack="0"/>
<pin id="276" dir="0" index="1" bw="1" slack="0"/>
<pin id="277" dir="0" index="2" bw="4" slack="1"/>
<pin id="278" dir="1" index="3" bw="4" slack="0"/>
</pin_list>
<bind>
<opcode="getelementptr(29) " fcode="getelementptr"/>
<opset="l1_bits_7_addr_1/3 "/>
</bind>
</comp>

<comp id="282" class="1004" name="l1_packed_addr_gep_fu_282">
<pin_list>
<pin id="283" dir="0" index="0" bw="16" slack="0"/>
<pin id="284" dir="0" index="1" bw="1" slack="0"/>
<pin id="285" dir="0" index="2" bw="4" slack="0"/>
<pin id="286" dir="1" index="3" bw="3" slack="0"/>
</pin_list>
<bind>
<opcode="getelementptr(29) " fcode="getelementptr"/>
<opset="l1_packed_addr/4 "/>
</bind>
</comp>

<comp id="289" class="1004" name="store_ln35_access_fu_289">
<pin_list>
<pin id="290" dir="0" index="0" bw="3" slack="0"/>
<pin id="291" dir="0" index="1" bw="16" slack="0"/>
<pin id="292" dir="0" index="2" bw="0" slack="2147483647"/>
<pin id="293" dir="1" index="3" bw="16" slack="2147483647"/>
</pin_list>
<bind>
<opcode="store(28) " fcode="store"/>
<opset="store_ln35/4 "/>
</bind>
</comp>

<comp id="295" class="1004" name="store_ln24_store_fu_295">
<pin_list>
<pin id="296" dir="0" index="0" bw="1" slack="0"/>
<pin id="297" dir="0" index="1" bw="4" slack="0"/>
<pin id="298" dir="1" index="2" bw="0" slack="2147483647"/>
</pin_list>
<bind>
<opcode="store(28) " fcode="store"/>
<opset="store_ln24/1 "/>
</bind>
</comp>

<comp id="300" class="1004" name="w_2_load_fu_300">
<pin_list>
<pin id="301" dir="0" index="0" bw="4" slack="0"/>
<pin id="302" dir="1" index="1" bw="4" slack="0"/>
</pin_list>
<bind>
<opcode="load(27) " fcode="load"/>
<opset="w_2/1 "/>
</bind>
</comp>

<comp id="303" class="1004" name="icmp_ln24_fu_303">
<pin_list>
<pin id="304" dir="0" index="0" bw="4" slack="0"/>
<pin id="305" dir="0" index="1" bw="4" slack="0"/>
<pin id="306" dir="1" index="2" bw="1" slack="2"/>
</pin_list>
<bind>
<opcode="icmp(45) " fcode="icmp"/>
<opset="icmp_ln24/1 "/>
</bind>
</comp>

<comp id="309" class="1004" name="add_ln24_fu_309">
<pin_list>
<pin id="310" dir="0" index="0" bw="4" slack="0"/>
<pin id="311" dir="0" index="1" bw="1" slack="0"/>
<pin id="312" dir="1" index="2" bw="4" slack="0"/>
</pin_list>
<bind>
<opcode="add(8) " fcode="add"/>
<opset="add_ln24/1 "/>
</bind>
</comp>

<comp id="315" class="1004" name="shl_ln31_fu_315">
<pin_list>
<pin id="316" dir="0" index="0" bw="4" slack="0"/>
<pin id="317" dir="0" index="1" bw="1" slack="0"/>
<pin id="318" dir="1" index="2" bw="4" slack="0"/>
</pin_list>
<bind>
<opcode="shl(20) " fcode="shl"/>
<opset="shl_ln31/1 "/>
</bind>
</comp>

<comp id="321" class="1004" name="zext_ln31_fu_321">
<pin_list>
<pin id="322" dir="0" index="0" bw="4" slack="0"/>
<pin id="323" dir="1" index="1" bw="64" slack="0"/>
</pin_list>
<bind>
<opcode="zext(34) " fcode="zext"/>
<opset="zext_ln31/1 "/>
</bind>
</comp>

<comp id="331" class="1004" name="store_ln24_store_fu_331">
<pin_list>
<pin id="332" dir="0" index="0" bw="4" slack="0"/>
<pin id="333" dir="0" index="1" bw="4" slack="0"/>
<pin id="334" dir="1" index="2" bw="0" slack="2147483647"/>
</pin_list>
<bind>
<opcode="store(28) " fcode="store"/>
<opset="store_ln24/1 "/>
</bind>
</comp>

<comp id="336" class="1004" name="trunc_ln31_fu_336">
<pin_list>
<pin id="337" dir="0" index="0" bw="4" slack="1"/>
<pin id="338" dir="1" index="1" bw="3" slack="0"/>
</pin_list>
<bind>
<opcode="trunc(33) " fcode="trunc"/>
<opset="trunc_ln31/2 "/>
</bind>
</comp>

<comp id="339" class="1004" name="word_1_fu_339">
<pin_list>
<pin id="340" dir="0" index="0" bw="2" slack="0"/>
<pin id="341" dir="0" index="1" bw="1" slack="0"/>
<pin id="342" dir="0" index="2" bw="1" slack="0"/>
<pin id="343" dir="1" index="3" bw="2" slack="0"/>
</pin_list>
<bind>
<opcode="bitconcatenate(1004) " fcode="bitconcatenate"/>
<opset="word_1/2 "/>
</bind>
</comp>

<comp id="347" class="1004" name="or_ln_fu_347">
<pin_list>
<pin id="348" dir="0" index="0" bw="2" slack="0"/>
<pin id="349" dir="0" index="1" bw="1" slack="0"/>
<pin id="350" dir="0" index="2" bw="1" slack="0"/>
<pin id="351" dir="1" index="3" bw="2" slack="0"/>
</pin_list>
<bind>
<opcode="bitconcatenate(1004) " fcode="bitconcatenate"/>
<opset="or_ln/2 "/>
</bind>
</comp>

<comp id="355" class="1004" name="select_ln31_fu_355">
<pin_list>
<pin id="356" dir="0" index="0" bw="1" slack="0"/>
<pin id="357" dir="0" index="1" bw="2" slack="0"/>
<pin id="358" dir="0" index="2" bw="2" slack="0"/>
<pin id="359" dir="1" index="3" bw="2" slack="0"/>
</pin_list>
<bind>
<opcode="select(49) " fcode="select"/>
<opset="select_ln31/2 "/>
</bind>
</comp>

<comp id="363" class="1004" name="word_2_fu_363">
<pin_list>
<pin id="364" dir="0" index="0" bw="3" slack="0"/>
<pin id="365" dir="0" index="1" bw="2" slack="0"/>
<pin id="366" dir="0" index="2" bw="1" slack="0"/>
<pin id="367" dir="1" index="3" bw="3" slack="0"/>
</pin_list>
<bind>
<opcode="bitconcatenate(1004) " fcode="bitconcatenate"/>
<opset="word_2/2 "/>
</bind>
</comp>

<comp id="371" class="1004" name="or_ln32_1_fu_371">
<pin_list>
<pin id="372" dir="0" index="0" bw="3" slack="0"/>
<pin id="373" dir="0" index="1" bw="2" slack="0"/>
<pin id="374" dir="0" index="2" bw="1" slack="0"/>
<pin id="375" dir="1" index="3" bw="3" slack="0"/>
</pin_list>
<bind>
<opcode="bitconcatenate(1004) " fcode="bitconcatenate"/>
<opset="or_ln32_1/2 "/>
</bind>
</comp>

<comp id="379" class="1004" name="select_ln31_1_fu_379">
<pin_list>
<pin id="380" dir="0" index="0" bw="1" slack="0"/>
<pin id="381" dir="0" index="1" bw="3" slack="0"/>
<pin id="382" dir="0" index="2" bw="3" slack="0"/>
<pin id="383" dir="1" index="3" bw="3" slack="0"/>
</pin_list>
<bind>
<opcode="select(49) " fcode="select"/>
<opset="select_ln31_1/2 "/>
</bind>
</comp>

<comp id="387" class="1004" name="word_3_fu_387">
<pin_list>
<pin id="388" dir="0" index="0" bw="4" slack="0"/>
<pin id="389" dir="0" index="1" bw="3" slack="0"/>
<pin id="390" dir="0" index="2" bw="1" slack="0"/>
<pin id="391" dir="1" index="3" bw="4" slack="0"/>
</pin_list>
<bind>
<opcode="bitconcatenate(1004) " fcode="bitconcatenate"/>
<opset="word_3/2 "/>
</bind>
</comp>

<comp id="395" class="1004" name="or_ln32_2_fu_395">
<pin_list>
<pin id="396" dir="0" index="0" bw="4" slack="0"/>
<pin id="397" dir="0" index="1" bw="3" slack="0"/>
<pin id="398" dir="0" index="2" bw="1" slack="0"/>
<pin id="399" dir="1" index="3" bw="4" slack="0"/>
</pin_list>
<bind>
<opcode="bitconcatenate(1004) " fcode="bitconcatenate"/>
<opset="or_ln32_2/2 "/>
</bind>
</comp>

<comp id="403" class="1004" name="select_ln31_2_fu_403">
<pin_list>
<pin id="404" dir="0" index="0" bw="1" slack="0"/>
<pin id="405" dir="0" index="1" bw="4" slack="0"/>
<pin id="406" dir="0" index="2" bw="4" slack="0"/>
<pin id="407" dir="1" index="3" bw="4" slack="1"/>
</pin_list>
<bind>
<opcode="select(49) " fcode="select"/>
<opset="select_ln31_2/2 "/>
</bind>
</comp>

<comp id="411" class="1004" name="or_ln1_fu_411">
<pin_list>
<pin id="412" dir="0" index="0" bw="4" slack="0"/>
<pin id="413" dir="0" index="1" bw="3" slack="0"/>
<pin id="414" dir="0" index="2" bw="1" slack="0"/>
<pin id="415" dir="1" index="3" bw="4" slack="0"/>
</pin_list>
<bind>
<opcode="bitconcatenate(1004) " fcode="bitconcatenate"/>
<opset="or_ln1/2 "/>
</bind>
</comp>

<comp id="419" class="1004" name="zext_ln30_fu_419">
<pin_list>
<pin id="420" dir="0" index="0" bw="4" slack="0"/>
<pin id="421" dir="1" index="1" bw="64" slack="0"/>
</pin_list>
<bind>
<opcode="zext(34) " fcode="zext"/>
<opset="zext_ln30/2 "/>
</bind>
</comp>

<comp id="428" class="1004" name="word_4_fu_428">
<pin_list>
<pin id="429" dir="0" index="0" bw="5" slack="0"/>
<pin id="430" dir="0" index="1" bw="4" slack="1"/>
<pin id="431" dir="0" index="2" bw="1" slack="0"/>
<pin id="432" dir="1" index="3" bw="5" slack="0"/>
</pin_list>
<bind>
<opcode="bitconcatenate(1004) " fcode="bitconcatenate"/>
<opset="word_4/3 "/>
</bind>
</comp>

<comp id="435" class="1004" name="or_ln32_3_fu_435">
<pin_list>
<pin id="436" dir="0" index="0" bw="5" slack="0"/>
<pin id="437" dir="0" index="1" bw="4" slack="1"/>
<pin id="438" dir="0" index="2" bw="1" slack="0"/>
<pin id="439" dir="1" index="3" bw="5" slack="0"/>
</pin_list>
<bind>
<opcode="bitconcatenate(1004) " fcode="bitconcatenate"/>
<opset="or_ln32_3/3 "/>
</bind>
</comp>

<comp id="442" class="1004" name="select_ln31_3_fu_442">
<pin_list>
<pin id="443" dir="0" index="0" bw="1" slack="1"/>
<pin id="444" dir="0" index="1" bw="5" slack="0"/>
<pin id="445" dir="0" index="2" bw="5" slack="0"/>
<pin id="446" dir="1" index="3" bw="5" slack="0"/>
</pin_list>
<bind>
<opcode="select(49) " fcode="select"/>
<opset="select_ln31_3/3 "/>
</bind>
</comp>

<comp id="449" class="1004" name="word_5_fu_449">
<pin_list>
<pin id="450" dir="0" index="0" bw="6" slack="0"/>
<pin id="451" dir="0" index="1" bw="5" slack="0"/>
<pin id="452" dir="0" index="2" bw="1" slack="0"/>
<pin id="453" dir="1" index="3" bw="6" slack="0"/>
</pin_list>
<bind>
<opcode="bitconcatenate(1004) " fcode="bitconcatenate"/>
<opset="word_5/3 "/>
</bind>
</comp>

<comp id="457" class="1004" name="or_ln32_4_fu_457">
<pin_list>
<pin id="458" dir="0" index="0" bw="6" slack="0"/>
<pin id="459" dir="0" index="1" bw="5" slack="0"/>
<pin id="460" dir="0" index="2" bw="1" slack="0"/>
<pin id="461" dir="1" index="3" bw="6" slack="0"/>
</pin_list>
<bind>
<opcode="bitconcatenate(1004) " fcode="bitconcatenate"/>
<opset="or_ln32_4/3 "/>
</bind>
</comp>

<comp id="465" class="1004" name="select_ln31_4_fu_465">
<pin_list>
<pin id="466" dir="0" index="0" bw="1" slack="1"/>
<pin id="467" dir="0" index="1" bw="6" slack="0"/>
<pin id="468" dir="0" index="2" bw="6" slack="0"/>
<pin id="469" dir="1" index="3" bw="6" slack="0"/>
</pin_list>
<bind>
<opcode="select(49) " fcode="select"/>
<opset="select_ln31_4/3 "/>
</bind>
</comp>

<comp id="472" class="1004" name="word_6_fu_472">
<pin_list>
<pin id="473" dir="0" index="0" bw="7" slack="0"/>
<pin id="474" dir="0" index="1" bw="6" slack="0"/>
<pin id="475" dir="0" index="2" bw="1" slack="0"/>
<pin id="476" dir="1" index="3" bw="7" slack="0"/>
</pin_list>
<bind>
<opcode="bitconcatenate(1004) " fcode="bitconcatenate"/>
<opset="word_6/3 "/>
</bind>
</comp>

<comp id="480" class="1004" name="or_ln32_5_fu_480">
<pin_list>
<pin id="481" dir="0" index="0" bw="7" slack="0"/>
<pin id="482" dir="0" index="1" bw="6" slack="0"/>
<pin id="483" dir="0" index="2" bw="1" slack="0"/>
<pin id="484" dir="1" index="3" bw="7" slack="0"/>
</pin_list>
<bind>
<opcode="bitconcatenate(1004) " fcode="bitconcatenate"/>
<opset="or_ln32_5/3 "/>
</bind>
</comp>

<comp id="488" class="1004" name="select_ln31_5_fu_488">
<pin_list>
<pin id="489" dir="0" index="0" bw="1" slack="0"/>
<pin id="490" dir="0" index="1" bw="7" slack="0"/>
<pin id="491" dir="0" index="2" bw="7" slack="0"/>
<pin id="492" dir="1" index="3" bw="7" slack="0"/>
</pin_list>
<bind>
<opcode="select(49) " fcode="select"/>
<opset="select_ln31_5/3 "/>
</bind>
</comp>

<comp id="496" class="1004" name="word_7_fu_496">
<pin_list>
<pin id="497" dir="0" index="0" bw="8" slack="0"/>
<pin id="498" dir="0" index="1" bw="7" slack="0"/>
<pin id="499" dir="0" index="2" bw="1" slack="0"/>
<pin id="500" dir="1" index="3" bw="8" slack="0"/>
</pin_list>
<bind>
<opcode="bitconcatenate(1004) " fcode="bitconcatenate"/>
<opset="word_7/3 "/>
</bind>
</comp>

<comp id="504" class="1004" name="or_ln32_6_fu_504">
<pin_list>
<pin id="505" dir="0" index="0" bw="8" slack="0"/>
<pin id="506" dir="0" index="1" bw="7" slack="0"/>
<pin id="507" dir="0" index="2" bw="1" slack="0"/>
<pin id="508" dir="1" index="3" bw="8" slack="0"/>
</pin_list>
<bind>
<opcode="bitconcatenate(1004) " fcode="bitconcatenate"/>
<opset="or_ln32_6/3 "/>
</bind>
</comp>

<comp id="512" class="1004" name="select_ln31_6_fu_512">
<pin_list>
<pin id="513" dir="0" index="0" bw="1" slack="0"/>
<pin id="514" dir="0" index="1" bw="8" slack="0"/>
<pin id="515" dir="0" index="2" bw="8" slack="0"/>
<pin id="516" dir="1" index="3" bw="8" slack="0"/>
</pin_list>
<bind>
<opcode="select(49) " fcode="select"/>
<opset="select_ln31_6/3 "/>
</bind>
</comp>

<comp id="520" class="1004" name="word_8_fu_520">
<pin_list>
<pin id="521" dir="0" index="0" bw="9" slack="0"/>
<pin id="522" dir="0" index="1" bw="8" slack="0"/>
<pin id="523" dir="0" index="2" bw="1" slack="0"/>
<pin id="524" dir="1" index="3" bw="9" slack="0"/>
</pin_list>
<bind>
<opcode="bitconcatenate(1004) " fcode="bitconcatenate"/>
<opset="word_8/3 "/>
</bind>
</comp>

<comp id="528" class="1004" name="or_ln32_7_fu_528">
<pin_list>
<pin id="529" dir="0" index="0" bw="9" slack="0"/>
<pin id="530" dir="0" index="1" bw="8" slack="0"/>
<pin id="531" dir="0" index="2" bw="1" slack="0"/>
<pin id="532" dir="1" index="3" bw="9" slack="0"/>
</pin_list>
<bind>
<opcode="bitconcatenate(1004) " fcode="bitconcatenate"/>
<opset="or_ln32_7/3 "/>
</bind>
</comp>

<comp id="536" class="1004" name="select_ln31_7_fu_536">
<pin_list>
<pin id="537" dir="0" index="0" bw="1" slack="0"/>
<pin id="538" dir="0" index="1" bw="9" slack="0"/>
<pin id="539" dir="0" index="2" bw="9" slack="0"/>
<pin id="540" dir="1" index="3" bw="9" slack="0"/>
</pin_list>
<bind>
<opcode="select(49) " fcode="select"/>
<opset="select_ln31_7/3 "/>
</bind>
</comp>

<comp id="544" class="1004" name="word_9_fu_544">
<pin_list>
<pin id="545" dir="0" index="0" bw="10" slack="0"/>
<pin id="546" dir="0" index="1" bw="9" slack="0"/>
<pin id="547" dir="0" index="2" bw="1" slack="0"/>
<pin id="548" dir="1" index="3" bw="10" slack="0"/>
</pin_list>
<bind>
<opcode="bitconcatenate(1004) " fcode="bitconcatenate"/>
<opset="word_9/3 "/>
</bind>
</comp>

<comp id="552" class="1004" name="or_ln32_8_fu_552">
<pin_list>
<pin id="553" dir="0" index="0" bw="10" slack="0"/>
<pin id="554" dir="0" index="1" bw="9" slack="0"/>
<pin id="555" dir="0" index="2" bw="1" slack="0"/>
<pin id="556" dir="1" index="3" bw="10" slack="0"/>
</pin_list>
<bind>
<opcode="bitconcatenate(1004) " fcode="bitconcatenate"/>
<opset="or_ln32_8/3 "/>
</bind>
</comp>

<comp id="560" class="1004" name="select_ln31_8_fu_560">
<pin_list>
<pin id="561" dir="0" index="0" bw="1" slack="0"/>
<pin id="562" dir="0" index="1" bw="10" slack="0"/>
<pin id="563" dir="0" index="2" bw="10" slack="0"/>
<pin id="564" dir="1" index="3" bw="10" slack="1"/>
</pin_list>
<bind>
<opcode="select(49) " fcode="select"/>
<opset="select_ln31_8/3 "/>
</bind>
</comp>

<comp id="568" class="1004" name="zext_ln24_fu_568">
<pin_list>
<pin id="569" dir="0" index="0" bw="4" slack="3"/>
<pin id="570" dir="1" index="1" bw="64" slack="0"/>
</pin_list>
<bind>
<opcode="zext(34) " fcode="zext"/>
<opset="zext_ln24/4 "/>
</bind>
</comp>

<comp id="572" class="1004" name="word_18_fu_572">
<pin_list>
<pin id="573" dir="0" index="0" bw="11" slack="0"/>
<pin id="574" dir="0" index="1" bw="10" slack="1"/>
<pin id="575" dir="0" index="2" bw="1" slack="0"/>
<pin id="576" dir="1" index="3" bw="11" slack="0"/>
</pin_list>
<bind>
<opcode="bitconcatenate(1004) " fcode="bitconcatenate"/>
<opset="word_18/4 "/>
</bind>
</comp>

<comp id="579" class="1004" name="or_ln32_9_fu_579">
<pin_list>
<pin id="580" dir="0" index="0" bw="11" slack="0"/>
<pin id="581" dir="0" index="1" bw="10" slack="1"/>
<pin id="582" dir="0" index="2" bw="1" slack="0"/>
<pin id="583" dir="1" index="3" bw="11" slack="0"/>
</pin_list>
<bind>
<opcode="bitconcatenate(1004) " fcode="bitconcatenate"/>
<opset="or_ln32_9/4 "/>
</bind>
</comp>

<comp id="586" class="1004" name="select_ln31_9_fu_586">
<pin_list>
<pin id="587" dir="0" index="0" bw="1" slack="1"/>
<pin id="588" dir="0" index="1" bw="11" slack="0"/>
<pin id="589" dir="0" index="2" bw="11" slack="0"/>
<pin id="590" dir="1" index="3" bw="11" slack="0"/>
</pin_list>
<bind>
<opcode="select(49) " fcode="select"/>
<opset="select_ln31_9/4 "/>
</bind>
</comp>

<comp id="593" class="1004" name="word_19_fu_593">
<pin_list>
<pin id="594" dir="0" index="0" bw="12" slack="0"/>
<pin id="595" dir="0" index="1" bw="11" slack="0"/>
<pin id="596" dir="0" index="2" bw="1" slack="0"/>
<pin id="597" dir="1" index="3" bw="12" slack="0"/>
</pin_list>
<bind>
<opcode="bitconcatenate(1004) " fcode="bitconcatenate"/>
<opset="word_19/4 "/>
</bind>
</comp>

<comp id="601" class="1004" name="or_ln32_s_fu_601">
<pin_list>
<pin id="602" dir="0" index="0" bw="12" slack="0"/>
<pin id="603" dir="0" index="1" bw="11" slack="0"/>
<pin id="604" dir="0" index="2" bw="1" slack="0"/>
<pin id="605" dir="1" index="3" bw="12" slack="0"/>
</pin_list>
<bind>
<opcode="bitconcatenate(1004) " fcode="bitconcatenate"/>
<opset="or_ln32_s/4 "/>
</bind>
</comp>

<comp id="609" class="1004" name="select_ln31_10_fu_609">
<pin_list>
<pin id="610" dir="0" index="0" bw="1" slack="1"/>
<pin id="611" dir="0" index="1" bw="12" slack="0"/>
<pin id="612" dir="0" index="2" bw="12" slack="0"/>
<pin id="613" dir="1" index="3" bw="12" slack="0"/>
</pin_list>
<bind>
<opcode="select(49) " fcode="select"/>
<opset="select_ln31_10/4 "/>
</bind>
</comp>

<comp id="616" class="1004" name="word_20_fu_616">
<pin_list>
<pin id="617" dir="0" index="0" bw="13" slack="0"/>
<pin id="618" dir="0" index="1" bw="12" slack="0"/>
<pin id="619" dir="0" index="2" bw="1" slack="0"/>
<pin id="620" dir="1" index="3" bw="13" slack="0"/>
</pin_list>
<bind>
<opcode="bitconcatenate(1004) " fcode="bitconcatenate"/>
<opset="word_20/4 "/>
</bind>
</comp>

<comp id="624" class="1004" name="or_ln32_10_fu_624">
<pin_list>
<pin id="625" dir="0" index="0" bw="13" slack="0"/>
<pin id="626" dir="0" index="1" bw="12" slack="0"/>
<pin id="627" dir="0" index="2" bw="1" slack="0"/>
<pin id="628" dir="1" index="3" bw="13" slack="0"/>
</pin_list>
<bind>
<opcode="bitconcatenate(1004) " fcode="bitconcatenate"/>
<opset="or_ln32_10/4 "/>
</bind>
</comp>

<comp id="632" class="1004" name="select_ln31_11_fu_632">
<pin_list>
<pin id="633" dir="0" index="0" bw="1" slack="1"/>
<pin id="634" dir="0" index="1" bw="13" slack="0"/>
<pin id="635" dir="0" index="2" bw="13" slack="0"/>
<pin id="636" dir="1" index="3" bw="13" slack="0"/>
</pin_list>
<bind>
<opcode="select(49) " fcode="select"/>
<opset="select_ln31_11/4 "/>
</bind>
</comp>

<comp id="639" class="1004" name="word_21_fu_639">
<pin_list>
<pin id="640" dir="0" index="0" bw="14" slack="0"/>
<pin id="641" dir="0" index="1" bw="13" slack="0"/>
<pin id="642" dir="0" index="2" bw="1" slack="0"/>
<pin id="643" dir="1" index="3" bw="14" slack="0"/>
</pin_list>
<bind>
<opcode="bitconcatenate(1004) " fcode="bitconcatenate"/>
<opset="word_21/4 "/>
</bind>
</comp>

<comp id="647" class="1004" name="or_ln32_11_fu_647">
<pin_list>
<pin id="648" dir="0" index="0" bw="14" slack="0"/>
<pin id="649" dir="0" index="1" bw="13" slack="0"/>
<pin id="650" dir="0" index="2" bw="1" slack="0"/>
<pin id="651" dir="1" index="3" bw="14" slack="0"/>
</pin_list>
<bind>
<opcode="bitconcatenate(1004) " fcode="bitconcatenate"/>
<opset="or_ln32_11/4 "/>
</bind>
</comp>

<comp id="655" class="1004" name="select_ln31_12_fu_655">
<pin_list>
<pin id="656" dir="0" index="0" bw="1" slack="0"/>
<pin id="657" dir="0" index="1" bw="14" slack="0"/>
<pin id="658" dir="0" index="2" bw="14" slack="0"/>
<pin id="659" dir="1" index="3" bw="14" slack="0"/>
</pin_list>
<bind>
<opcode="select(49) " fcode="select"/>
<opset="select_ln31_12/4 "/>
</bind>
</comp>

<comp id="663" class="1004" name="word_22_fu_663">
<pin_list>
<pin id="664" dir="0" index="0" bw="15" slack="0"/>
<pin id="665" dir="0" index="1" bw="14" slack="0"/>
<pin id="666" dir="0" index="2" bw="1" slack="0"/>
<pin id="667" dir="1" index="3" bw="15" slack="0"/>
</pin_list>
<bind>
<opcode="bitconcatenate(1004) " fcode="bitconcatenate"/>
<opset="word_22/4 "/>
</bind>
</comp>

<comp id="671" class="1004" name="or_ln32_12_fu_671">
<pin_list>
<pin id="672" dir="0" index="0" bw="15" slack="0"/>
<pin id="673" dir="0" index="1" bw="14" slack="0"/>
<pin id="674" dir="0" index="2" bw="1" slack="0"/>
<pin id="675" dir="1" index="3" bw="15" slack="0"/>
</pin_list>
<bind>
<opcode="bitconcatenate(1004) " fcode="bitconcatenate"/>
<opset="or_ln32_12/4 "/>
</bind>
</comp>

<comp id="679" class="1004" name="select_ln31_13_fu_679">
<pin_list>
<pin id="680" dir="0" index="0" bw="1" slack="0"/>
<pin id="681" dir="0" index="1" bw="15" slack="0"/>
<pin id="682" dir="0" index="2" bw="15" slack="0"/>
<pin id="683" dir="1" index="3" bw="15" slack="0"/>
</pin_list>
<bind>
<opcode="select(49) " fcode="select"/>
<opset="select_ln31_13/4 "/>
</bind>
</comp>

<comp id="687" class="1004" name="word_23_fu_687">
<pin_list>
<pin id="688" dir="0" index="0" bw="16" slack="0"/>
<pin id="689" dir="0" index="1" bw="15" slack="0"/>
<pin id="690" dir="0" index="2" bw="1" slack="0"/>
<pin id="691" dir="1" index="3" bw="16" slack="0"/>
</pin_list>
<bind>
<opcode="bitconcatenate(1004) " fcode="bitconcatenate"/>
<opset="word_23/4 "/>
</bind>
</comp>

<comp id="695" class="1004" name="or_ln32_13_fu_695">
<pin_list>
<pin id="696" dir="0" index="0" bw="16" slack="0"/>
<pin id="697" dir="0" index="1" bw="15" slack="0"/>
<pin id="698" dir="0" index="2" bw="1" slack="0"/>
<pin id="699" dir="1" index="3" bw="16" slack="0"/>
</pin_list>
<bind>
<opcode="bitconcatenate(1004) " fcode="bitconcatenate"/>
<opset="or_ln32_13/4 "/>
</bind>
</comp>

<comp id="703" class="1004" name="word_24_fu_703">
<pin_list>
<pin id="704" dir="0" index="0" bw="1" slack="0"/>
<pin id="705" dir="0" index="1" bw="16" slack="0"/>
<pin id="706" dir="0" index="2" bw="16" slack="0"/>
<pin id="707" dir="1" index="3" bw="16" slack="0"/>
</pin_list>
<bind>
<opcode="select(49) " fcode="select"/>
<opset="word_24/4 "/>
</bind>
</comp>

<comp id="712" class="1005" name="w_reg_712">
<pin_list>
<pin id="713" dir="0" index="0" bw="4" slack="0"/>
<pin id="714" dir="1" index="1" bw="4" slack="0"/>
</pin_list>
<bind>
<opset="w "/>
</bind>
</comp>

<comp id="719" class="1005" name="w_2_reg_719">
<pin_list>
<pin id="720" dir="0" index="0" bw="4" slack="1"/>
<pin id="721" dir="1" index="1" bw="4" slack="1"/>
</pin_list>
<bind>
<opset="w_2 "/>
</bind>
</comp>

<comp id="725" class="1005" name="icmp_ln24_reg_725">
<pin_list>
<pin id="726" dir="0" index="0" bw="1" slack="2"/>
<pin id="727" dir="1" index="1" bw="1" slack="2147483647"/>
</pin_list>
<bind>
<opset="icmp_ln24 "/>
</bind>
</comp>

<comp id="729" class="1005" name="zext_ln31_reg_729">
<pin_list>
<pin id="730" dir="0" index="0" bw="64" slack="1"/>
<pin id="731" dir="1" index="1" bw="64" slack="1"/>
</pin_list>
<bind>
<opset="zext_ln31 "/>
</bind>
</comp>

<comp id="735" class="1005" name="l1_bits_addr_reg_735">
<pin_list>
<pin id="736" dir="0" index="0" bw="4" slack="1"/>
<pin id="737" dir="1" index="1" bw="4" slack="1"/>
</pin_list>
<bind>
<opset="l1_bits_addr "/>
</bind>
</comp>

<comp id="740" class="1005" name="l1_bits_1_addr_reg_740">
<pin_list>
<pin id="741" dir="0" index="0" bw="4" slack="1"/>
<pin id="742" dir="1" index="1" bw="4" slack="1"/>
</pin_list>
<bind>
<opset="l1_bits_1_addr "/>
</bind>
</comp>

<comp id="745" class="1005" name="l1_bits_2_addr_reg_745">
<pin_list>
<pin id="746" dir="0" index="0" bw="4" slack="1"/>
<pin id="747" dir="1" index="1" bw="4" slack="1"/>
</pin_list>
<bind>
<opset="l1_bits_2_addr "/>
</bind>
</comp>

<comp id="750" class="1005" name="l1_bits_3_addr_reg_750">
<pin_list>
<pin id="751" dir="0" index="0" bw="4" slack="1"/>
<pin id="752" dir="1" index="1" bw="4" slack="1"/>
</pin_list>
<bind>
<opset="l1_bits_3_addr "/>
</bind>
</comp>

<comp id="755" class="1005" name="l1_bits_4_addr_reg_755">
<pin_list>
<pin id="756" dir="0" index="0" bw="4" slack="1"/>
<pin id="757" dir="1" index="1" bw="4" slack="1"/>
</pin_list>
<bind>
<opset="l1_bits_4_addr "/>
</bind>
</comp>

<comp id="760" class="1005" name="l1_bits_5_addr_reg_760">
<pin_list>
<pin id="761" dir="0" index="0" bw="4" slack="1"/>
<pin id="762" dir="1" index="1" bw="4" slack="1"/>
</pin_list>
<bind>
<opset="l1_bits_5_addr "/>
</bind>
</comp>

<comp id="765" class="1005" name="select_ln31_2_reg_765">
<pin_list>
<pin id="766" dir="0" index="0" bw="4" slack="1"/>
<pin id="767" dir="1" index="1" bw="4" slack="1"/>
</pin_list>
<bind>
<opset="select_ln31_2 "/>
</bind>
</comp>

<comp id="771" class="1005" name="l1_bits_4_load_reg_771">
<pin_list>
<pin id="772" dir="0" index="0" bw="1" slack="1"/>
<pin id="773" dir="1" index="1" bw="1" slack="1"/>
</pin_list>
<bind>
<opset="l1_bits_4_load "/>
</bind>
</comp>

<comp id="776" class="1005" name="l1_bits_5_load_reg_776">
<pin_list>
<pin id="777" dir="0" index="0" bw="1" slack="1"/>
<pin id="778" dir="1" index="1" bw="1" slack="1"/>
</pin_list>
<bind>
<opset="l1_bits_5_load "/>
</bind>
</comp>

<comp id="781" class="1005" name="l1_bits_6_addr_reg_781">
<pin_list>
<pin id="782" dir="0" index="0" bw="4" slack="1"/>
<pin id="783" dir="1" index="1" bw="4" slack="1"/>
</pin_list>
<bind>
<opset="l1_bits_6_addr "/>
</bind>
</comp>

<comp id="786" class="1005" name="l1_bits_7_addr_reg_786">
<pin_list>
<pin id="787" dir="0" index="0" bw="4" slack="1"/>
<pin id="788" dir="1" index="1" bw="4" slack="1"/>
</pin_list>
<bind>
<opset="l1_bits_7_addr "/>
</bind>
</comp>

<comp id="791" class="1005" name="zext_ln30_reg_791">
<pin_list>
<pin id="792" dir="0" index="0" bw="64" slack="1"/>
<pin id="793" dir="1" index="1" bw="64" slack="1"/>
</pin_list>
<bind>
<opset="zext_ln30 "/>
</bind>
</comp>

<comp id="798" class="1005" name="l1_bits_addr_1_reg_798">
<pin_list>
<pin id="799" dir="0" index="0" bw="4" slack="1"/>
<pin id="800" dir="1" index="1" bw="4" slack="1"/>
</pin_list>
<bind>
<opset="l1_bits_addr_1 "/>
</bind>
</comp>

<comp id="803" class="1005" name="l1_bits_1_addr_1_reg_803">
<pin_list>
<pin id="804" dir="0" index="0" bw="4" slack="1"/>
<pin id="805" dir="1" index="1" bw="4" slack="1"/>
</pin_list>
<bind>
<opset="l1_bits_1_addr_1 "/>
</bind>
</comp>

<comp id="808" class="1005" name="l1_bits_2_addr_1_reg_808">
<pin_list>
<pin id="809" dir="0" index="0" bw="4" slack="1"/>
<pin id="810" dir="1" index="1" bw="4" slack="1"/>
</pin_list>
<bind>
<opset="l1_bits_2_addr_1 "/>
</bind>
</comp>

<comp id="813" class="1005" name="l1_bits_3_addr_1_reg_813">
<pin_list>
<pin id="814" dir="0" index="0" bw="4" slack="1"/>
<pin id="815" dir="1" index="1" bw="4" slack="1"/>
</pin_list>
<bind>
<opset="l1_bits_3_addr_1 "/>
</bind>
</comp>

<comp id="818" class="1005" name="l1_bits_4_addr_1_reg_818">
<pin_list>
<pin id="819" dir="0" index="0" bw="4" slack="1"/>
<pin id="820" dir="1" index="1" bw="4" slack="1"/>
</pin_list>
<bind>
<opset="l1_bits_4_addr_1 "/>
</bind>
</comp>

<comp id="823" class="1005" name="select_ln31_8_reg_823">
<pin_list>
<pin id="824" dir="0" index="0" bw="10" slack="1"/>
<pin id="825" dir="1" index="1" bw="10" slack="1"/>
</pin_list>
<bind>
<opset="select_ln31_8 "/>
</bind>
</comp>

<comp id="829" class="1005" name="l1_bits_2_load_1_reg_829">
<pin_list>
<pin id="830" dir="0" index="0" bw="1" slack="1"/>
<pin id="831" dir="1" index="1" bw="1" slack="1"/>
</pin_list>
<bind>
<opset="l1_bits_2_load_1 "/>
</bind>
</comp>

<comp id="834" class="1005" name="l1_bits_3_load_1_reg_834">
<pin_list>
<pin id="835" dir="0" index="0" bw="1" slack="1"/>
<pin id="836" dir="1" index="1" bw="1" slack="1"/>
</pin_list>
<bind>
<opset="l1_bits_3_load_1 "/>
</bind>
</comp>

<comp id="839" class="1005" name="l1_bits_4_load_1_reg_839">
<pin_list>
<pin id="840" dir="0" index="0" bw="1" slack="1"/>
<pin id="841" dir="1" index="1" bw="1" slack="1"/>
</pin_list>
<bind>
<opset="l1_bits_4_load_1 "/>
</bind>
</comp>

<comp id="844" class="1005" name="l1_bits_5_addr_1_reg_844">
<pin_list>
<pin id="845" dir="0" index="0" bw="4" slack="1"/>
<pin id="846" dir="1" index="1" bw="4" slack="1"/>
</pin_list>
<bind>
<opset="l1_bits_5_addr_1 "/>
</bind>
</comp>

<comp id="849" class="1005" name="l1_bits_6_addr_1_reg_849">
<pin_list>
<pin id="850" dir="0" index="0" bw="4" slack="1"/>
<pin id="851" dir="1" index="1" bw="4" slack="1"/>
</pin_list>
<bind>
<opset="l1_bits_6_addr_1 "/>
</bind>
</comp>

<comp id="854" class="1005" name="l1_bits_7_addr_1_reg_854">
<pin_list>
<pin id="855" dir="0" index="0" bw="4" slack="1"/>
<pin id="856" dir="1" index="1" bw="4" slack="1"/>
</pin_list>
<bind>
<opset="l1_bits_7_addr_1 "/>
</bind>
</comp>

</comp_list>

<net_list>
<net id="81"><net_src comp="18" pin="0"/><net_sink comp="78" pin=0"/></net>

<net id="87"><net_src comp="0" pin="0"/><net_sink comp="82" pin=0"/></net>

<net id="88"><net_src comp="30" pin="0"/><net_sink comp="82" pin=1"/></net>

<net id="98"><net_src comp="82" pin="3"/><net_sink comp="89" pin=2"/></net>

<net id="104"><net_src comp="2" pin="0"/><net_sink comp="99" pin=0"/></net>

<net id="105"><net_src comp="30" pin="0"/><net_sink comp="99" pin=1"/></net>

<net id="115"><net_src comp="99" pin="3"/><net_sink comp="106" pin=2"/></net>

<net id="121"><net_src comp="4" pin="0"/><net_sink comp="116" pin=0"/></net>

<net id="122"><net_src comp="30" pin="0"/><net_sink comp="116" pin=1"/></net>

<net id="132"><net_src comp="116" pin="3"/><net_sink comp="123" pin=2"/></net>

<net id="138"><net_src comp="6" pin="0"/><net_sink comp="133" pin=0"/></net>

<net id="139"><net_src comp="30" pin="0"/><net_sink comp="133" pin=1"/></net>

<net id="149"><net_src comp="133" pin="3"/><net_sink comp="140" pin=2"/></net>

<net id="155"><net_src comp="8" pin="0"/><net_sink comp="150" pin=0"/></net>

<net id="156"><net_src comp="30" pin="0"/><net_sink comp="150" pin=1"/></net>

<net id="166"><net_src comp="150" pin="3"/><net_sink comp="157" pin=2"/></net>

<net id="172"><net_src comp="10" pin="0"/><net_sink comp="167" pin=0"/></net>

<net id="173"><net_src comp="30" pin="0"/><net_sink comp="167" pin=1"/></net>

<net id="183"><net_src comp="167" pin="3"/><net_sink comp="174" pin=2"/></net>

<net id="189"><net_src comp="12" pin="0"/><net_sink comp="184" pin=0"/></net>

<net id="190"><net_src comp="30" pin="0"/><net_sink comp="184" pin=1"/></net>

<net id="200"><net_src comp="184" pin="3"/><net_sink comp="191" pin=2"/></net>

<net id="206"><net_src comp="14" pin="0"/><net_sink comp="201" pin=0"/></net>

<net id="207"><net_src comp="30" pin="0"/><net_sink comp="201" pin=1"/></net>

<net id="217"><net_src comp="201" pin="3"/><net_sink comp="208" pin=2"/></net>

<net id="223"><net_src comp="0" pin="0"/><net_sink comp="218" pin=0"/></net>

<net id="224"><net_src comp="30" pin="0"/><net_sink comp="218" pin=1"/></net>

<net id="225"><net_src comp="218" pin="3"/><net_sink comp="89" pin=0"/></net>

<net id="231"><net_src comp="2" pin="0"/><net_sink comp="226" pin=0"/></net>

<net id="232"><net_src comp="30" pin="0"/><net_sink comp="226" pin=1"/></net>

<net id="233"><net_src comp="226" pin="3"/><net_sink comp="106" pin=0"/></net>

<net id="239"><net_src comp="4" pin="0"/><net_sink comp="234" pin=0"/></net>

<net id="240"><net_src comp="30" pin="0"/><net_sink comp="234" pin=1"/></net>

<net id="241"><net_src comp="234" pin="3"/><net_sink comp="123" pin=0"/></net>

<net id="247"><net_src comp="6" pin="0"/><net_sink comp="242" pin=0"/></net>

<net id="248"><net_src comp="30" pin="0"/><net_sink comp="242" pin=1"/></net>

<net id="249"><net_src comp="242" pin="3"/><net_sink comp="140" pin=0"/></net>

<net id="255"><net_src comp="8" pin="0"/><net_sink comp="250" pin=0"/></net>

<net id="256"><net_src comp="30" pin="0"/><net_sink comp="250" pin=1"/></net>

<net id="257"><net_src comp="250" pin="3"/><net_sink comp="157" pin=0"/></net>

<net id="263"><net_src comp="10" pin="0"/><net_sink comp="258" pin=0"/></net>

<net id="264"><net_src comp="30" pin="0"/><net_sink comp="258" pin=1"/></net>

<net id="265"><net_src comp="258" pin="3"/><net_sink comp="174" pin=0"/></net>

<net id="271"><net_src comp="12" pin="0"/><net_sink comp="266" pin=0"/></net>

<net id="272"><net_src comp="30" pin="0"/><net_sink comp="266" pin=1"/></net>

<net id="273"><net_src comp="266" pin="3"/><net_sink comp="191" pin=0"/></net>

<net id="279"><net_src comp="14" pin="0"/><net_sink comp="274" pin=0"/></net>

<net id="280"><net_src comp="30" pin="0"/><net_sink comp="274" pin=1"/></net>

<net id="281"><net_src comp="274" pin="3"/><net_sink comp="208" pin=0"/></net>

<net id="287"><net_src comp="16" pin="0"/><net_sink comp="282" pin=0"/></net>

<net id="288"><net_src comp="30" pin="0"/><net_sink comp="282" pin=1"/></net>

<net id="294"><net_src comp="282" pin="3"/><net_sink comp="289" pin=0"/></net>

<net id="299"><net_src comp="20" pin="0"/><net_sink comp="295" pin=0"/></net>

<net id="307"><net_src comp="300" pin="1"/><net_sink comp="303" pin=0"/></net>

<net id="308"><net_src comp="22" pin="0"/><net_sink comp="303" pin=1"/></net>

<net id="313"><net_src comp="300" pin="1"/><net_sink comp="309" pin=0"/></net>

<net id="314"><net_src comp="28" pin="0"/><net_sink comp="309" pin=1"/></net>

<net id="319"><net_src comp="300" pin="1"/><net_sink comp="315" pin=0"/></net>

<net id="320"><net_src comp="28" pin="0"/><net_sink comp="315" pin=1"/></net>

<net id="324"><net_src comp="315" pin="2"/><net_sink comp="321" pin=0"/></net>

<net id="325"><net_src comp="321" pin="1"/><net_sink comp="82" pin=2"/></net>

<net id="326"><net_src comp="321" pin="1"/><net_sink comp="99" pin=2"/></net>

<net id="327"><net_src comp="321" pin="1"/><net_sink comp="116" pin=2"/></net>

<net id="328"><net_src comp="321" pin="1"/><net_sink comp="133" pin=2"/></net>

<net id="329"><net_src comp="321" pin="1"/><net_sink comp="150" pin=2"/></net>

<net id="330"><net_src comp="321" pin="1"/><net_sink comp="167" pin=2"/></net>

<net id="335"><net_src comp="309" pin="2"/><net_sink comp="331" pin=0"/></net>

<net id="344"><net_src comp="32" pin="0"/><net_sink comp="339" pin=0"/></net>

<net id="345"><net_src comp="89" pin="7"/><net_sink comp="339" pin=1"/></net>

<net id="346"><net_src comp="34" pin="0"/><net_sink comp="339" pin=2"/></net>

<net id="352"><net_src comp="32" pin="0"/><net_sink comp="347" pin=0"/></net>

<net id="353"><net_src comp="89" pin="7"/><net_sink comp="347" pin=1"/></net>

<net id="354"><net_src comp="36" pin="0"/><net_sink comp="347" pin=2"/></net>

<net id="360"><net_src comp="106" pin="7"/><net_sink comp="355" pin=0"/></net>

<net id="361"><net_src comp="347" pin="3"/><net_sink comp="355" pin=1"/></net>

<net id="362"><net_src comp="339" pin="3"/><net_sink comp="355" pin=2"/></net>

<net id="368"><net_src comp="38" pin="0"/><net_sink comp="363" pin=0"/></net>

<net id="369"><net_src comp="355" pin="3"/><net_sink comp="363" pin=1"/></net>

<net id="370"><net_src comp="34" pin="0"/><net_sink comp="363" pin=2"/></net>

<net id="376"><net_src comp="38" pin="0"/><net_sink comp="371" pin=0"/></net>

<net id="377"><net_src comp="355" pin="3"/><net_sink comp="371" pin=1"/></net>

<net id="378"><net_src comp="36" pin="0"/><net_sink comp="371" pin=2"/></net>

<net id="384"><net_src comp="123" pin="7"/><net_sink comp="379" pin=0"/></net>

<net id="385"><net_src comp="371" pin="3"/><net_sink comp="379" pin=1"/></net>

<net id="386"><net_src comp="363" pin="3"/><net_sink comp="379" pin=2"/></net>

<net id="392"><net_src comp="40" pin="0"/><net_sink comp="387" pin=0"/></net>

<net id="393"><net_src comp="379" pin="3"/><net_sink comp="387" pin=1"/></net>

<net id="394"><net_src comp="34" pin="0"/><net_sink comp="387" pin=2"/></net>

<net id="400"><net_src comp="40" pin="0"/><net_sink comp="395" pin=0"/></net>

<net id="401"><net_src comp="379" pin="3"/><net_sink comp="395" pin=1"/></net>

<net id="402"><net_src comp="36" pin="0"/><net_sink comp="395" pin=2"/></net>

<net id="408"><net_src comp="140" pin="7"/><net_sink comp="403" pin=0"/></net>

<net id="409"><net_src comp="395" pin="3"/><net_sink comp="403" pin=1"/></net>

<net id="410"><net_src comp="387" pin="3"/><net_sink comp="403" pin=2"/></net>

<net id="416"><net_src comp="40" pin="0"/><net_sink comp="411" pin=0"/></net>

<net id="417"><net_src comp="336" pin="1"/><net_sink comp="411" pin=1"/></net>

<net id="418"><net_src comp="36" pin="0"/><net_sink comp="411" pin=2"/></net>

<net id="422"><net_src comp="411" pin="3"/><net_sink comp="419" pin=0"/></net>

<net id="423"><net_src comp="419" pin="1"/><net_sink comp="218" pin=2"/></net>

<net id="424"><net_src comp="419" pin="1"/><net_sink comp="226" pin=2"/></net>

<net id="425"><net_src comp="419" pin="1"/><net_sink comp="234" pin=2"/></net>

<net id="426"><net_src comp="419" pin="1"/><net_sink comp="242" pin=2"/></net>

<net id="427"><net_src comp="419" pin="1"/><net_sink comp="250" pin=2"/></net>

<net id="433"><net_src comp="42" pin="0"/><net_sink comp="428" pin=0"/></net>

<net id="434"><net_src comp="34" pin="0"/><net_sink comp="428" pin=2"/></net>

<net id="440"><net_src comp="42" pin="0"/><net_sink comp="435" pin=0"/></net>

<net id="441"><net_src comp="36" pin="0"/><net_sink comp="435" pin=2"/></net>

<net id="447"><net_src comp="435" pin="3"/><net_sink comp="442" pin=1"/></net>

<net id="448"><net_src comp="428" pin="3"/><net_sink comp="442" pin=2"/></net>

<net id="454"><net_src comp="44" pin="0"/><net_sink comp="449" pin=0"/></net>

<net id="455"><net_src comp="442" pin="3"/><net_sink comp="449" pin=1"/></net>

<net id="456"><net_src comp="34" pin="0"/><net_sink comp="449" pin=2"/></net>

<net id="462"><net_src comp="44" pin="0"/><net_sink comp="457" pin=0"/></net>

<net id="463"><net_src comp="442" pin="3"/><net_sink comp="457" pin=1"/></net>

<net id="464"><net_src comp="36" pin="0"/><net_sink comp="457" pin=2"/></net>

<net id="470"><net_src comp="457" pin="3"/><net_sink comp="465" pin=1"/></net>

<net id="471"><net_src comp="449" pin="3"/><net_sink comp="465" pin=2"/></net>

<net id="477"><net_src comp="46" pin="0"/><net_sink comp="472" pin=0"/></net>

<net id="478"><net_src comp="465" pin="3"/><net_sink comp="472" pin=1"/></net>

<net id="479"><net_src comp="34" pin="0"/><net_sink comp="472" pin=2"/></net>

<net id="485"><net_src comp="46" pin="0"/><net_sink comp="480" pin=0"/></net>

<net id="486"><net_src comp="465" pin="3"/><net_sink comp="480" pin=1"/></net>

<net id="487"><net_src comp="36" pin="0"/><net_sink comp="480" pin=2"/></net>

<net id="493"><net_src comp="191" pin="7"/><net_sink comp="488" pin=0"/></net>

<net id="494"><net_src comp="480" pin="3"/><net_sink comp="488" pin=1"/></net>

<net id="495"><net_src comp="472" pin="3"/><net_sink comp="488" pin=2"/></net>

<net id="501"><net_src comp="48" pin="0"/><net_sink comp="496" pin=0"/></net>

<net id="502"><net_src comp="488" pin="3"/><net_sink comp="496" pin=1"/></net>

<net id="503"><net_src comp="34" pin="0"/><net_sink comp="496" pin=2"/></net>

<net id="509"><net_src comp="48" pin="0"/><net_sink comp="504" pin=0"/></net>

<net id="510"><net_src comp="488" pin="3"/><net_sink comp="504" pin=1"/></net>

<net id="511"><net_src comp="36" pin="0"/><net_sink comp="504" pin=2"/></net>

<net id="517"><net_src comp="208" pin="7"/><net_sink comp="512" pin=0"/></net>

<net id="518"><net_src comp="504" pin="3"/><net_sink comp="512" pin=1"/></net>

<net id="519"><net_src comp="496" pin="3"/><net_sink comp="512" pin=2"/></net>

<net id="525"><net_src comp="50" pin="0"/><net_sink comp="520" pin=0"/></net>

<net id="526"><net_src comp="512" pin="3"/><net_sink comp="520" pin=1"/></net>

<net id="527"><net_src comp="34" pin="0"/><net_sink comp="520" pin=2"/></net>

<net id="533"><net_src comp="50" pin="0"/><net_sink comp="528" pin=0"/></net>

<net id="534"><net_src comp="512" pin="3"/><net_sink comp="528" pin=1"/></net>

<net id="535"><net_src comp="36" pin="0"/><net_sink comp="528" pin=2"/></net>

<net id="541"><net_src comp="89" pin="3"/><net_sink comp="536" pin=0"/></net>

<net id="542"><net_src comp="528" pin="3"/><net_sink comp="536" pin=1"/></net>

<net id="543"><net_src comp="520" pin="3"/><net_sink comp="536" pin=2"/></net>

<net id="549"><net_src comp="52" pin="0"/><net_sink comp="544" pin=0"/></net>

<net id="550"><net_src comp="536" pin="3"/><net_sink comp="544" pin=1"/></net>

<net id="551"><net_src comp="34" pin="0"/><net_sink comp="544" pin=2"/></net>

<net id="557"><net_src comp="52" pin="0"/><net_sink comp="552" pin=0"/></net>

<net id="558"><net_src comp="536" pin="3"/><net_sink comp="552" pin=1"/></net>

<net id="559"><net_src comp="36" pin="0"/><net_sink comp="552" pin=2"/></net>

<net id="565"><net_src comp="106" pin="3"/><net_sink comp="560" pin=0"/></net>

<net id="566"><net_src comp="552" pin="3"/><net_sink comp="560" pin=1"/></net>

<net id="567"><net_src comp="544" pin="3"/><net_sink comp="560" pin=2"/></net>

<net id="571"><net_src comp="568" pin="1"/><net_sink comp="282" pin=2"/></net>

<net id="577"><net_src comp="66" pin="0"/><net_sink comp="572" pin=0"/></net>

<net id="578"><net_src comp="34" pin="0"/><net_sink comp="572" pin=2"/></net>

<net id="584"><net_src comp="66" pin="0"/><net_sink comp="579" pin=0"/></net>

<net id="585"><net_src comp="36" pin="0"/><net_sink comp="579" pin=2"/></net>

<net id="591"><net_src comp="579" pin="3"/><net_sink comp="586" pin=1"/></net>

<net id="592"><net_src comp="572" pin="3"/><net_sink comp="586" pin=2"/></net>

<net id="598"><net_src comp="68" pin="0"/><net_sink comp="593" pin=0"/></net>

<net id="599"><net_src comp="586" pin="3"/><net_sink comp="593" pin=1"/></net>

<net id="600"><net_src comp="34" pin="0"/><net_sink comp="593" pin=2"/></net>

<net id="606"><net_src comp="68" pin="0"/><net_sink comp="601" pin=0"/></net>

<net id="607"><net_src comp="586" pin="3"/><net_sink comp="601" pin=1"/></net>

<net id="608"><net_src comp="36" pin="0"/><net_sink comp="601" pin=2"/></net>

<net id="614"><net_src comp="601" pin="3"/><net_sink comp="609" pin=1"/></net>

<net id="615"><net_src comp="593" pin="3"/><net_sink comp="609" pin=2"/></net>

<net id="621"><net_src comp="70" pin="0"/><net_sink comp="616" pin=0"/></net>

<net id="622"><net_src comp="609" pin="3"/><net_sink comp="616" pin=1"/></net>

<net id="623"><net_src comp="34" pin="0"/><net_sink comp="616" pin=2"/></net>

<net id="629"><net_src comp="70" pin="0"/><net_sink comp="624" pin=0"/></net>

<net id="630"><net_src comp="609" pin="3"/><net_sink comp="624" pin=1"/></net>

<net id="631"><net_src comp="36" pin="0"/><net_sink comp="624" pin=2"/></net>

<net id="637"><net_src comp="624" pin="3"/><net_sink comp="632" pin=1"/></net>

<net id="638"><net_src comp="616" pin="3"/><net_sink comp="632" pin=2"/></net>

<net id="644"><net_src comp="72" pin="0"/><net_sink comp="639" pin=0"/></net>

<net id="645"><net_src comp="632" pin="3"/><net_sink comp="639" pin=1"/></net>

<net id="646"><net_src comp="34" pin="0"/><net_sink comp="639" pin=2"/></net>

<net id="652"><net_src comp="72" pin="0"/><net_sink comp="647" pin=0"/></net>

<net id="653"><net_src comp="632" pin="3"/><net_sink comp="647" pin=1"/></net>

<net id="654"><net_src comp="36" pin="0"/><net_sink comp="647" pin=2"/></net>

<net id="660"><net_src comp="174" pin="3"/><net_sink comp="655" pin=0"/></net>

<net id="661"><net_src comp="647" pin="3"/><net_sink comp="655" pin=1"/></net>

<net id="662"><net_src comp="639" pin="3"/><net_sink comp="655" pin=2"/></net>

<net id="668"><net_src comp="74" pin="0"/><net_sink comp="663" pin=0"/></net>

<net id="669"><net_src comp="655" pin="3"/><net_sink comp="663" pin=1"/></net>

<net id="670"><net_src comp="34" pin="0"/><net_sink comp="663" pin=2"/></net>

<net id="676"><net_src comp="74" pin="0"/><net_sink comp="671" pin=0"/></net>

<net id="677"><net_src comp="655" pin="3"/><net_sink comp="671" pin=1"/></net>

<net id="678"><net_src comp="36" pin="0"/><net_sink comp="671" pin=2"/></net>

<net id="684"><net_src comp="191" pin="3"/><net_sink comp="679" pin=0"/></net>

<net id="685"><net_src comp="671" pin="3"/><net_sink comp="679" pin=1"/></net>

<net id="686"><net_src comp="663" pin="3"/><net_sink comp="679" pin=2"/></net>

<net id="692"><net_src comp="76" pin="0"/><net_sink comp="687" pin=0"/></net>

<net id="693"><net_src comp="679" pin="3"/><net_sink comp="687" pin=1"/></net>

<net id="694"><net_src comp="34" pin="0"/><net_sink comp="687" pin=2"/></net>

<net id="700"><net_src comp="76" pin="0"/><net_sink comp="695" pin=0"/></net>

<net id="701"><net_src comp="679" pin="3"/><net_sink comp="695" pin=1"/></net>

<net id="702"><net_src comp="36" pin="0"/><net_sink comp="695" pin=2"/></net>

<net id="708"><net_src comp="208" pin="3"/><net_sink comp="703" pin=0"/></net>

<net id="709"><net_src comp="695" pin="3"/><net_sink comp="703" pin=1"/></net>

<net id="710"><net_src comp="687" pin="3"/><net_sink comp="703" pin=2"/></net>

<net id="711"><net_src comp="703" pin="3"/><net_sink comp="289" pin=1"/></net>

<net id="715"><net_src comp="78" pin="1"/><net_sink comp="712" pin=0"/></net>

<net id="716"><net_src comp="712" pin="1"/><net_sink comp="295" pin=1"/></net>

<net id="717"><net_src comp="712" pin="1"/><net_sink comp="300" pin=0"/></net>

<net id="718"><net_src comp="712" pin="1"/><net_sink comp="331" pin=1"/></net>

<net id="722"><net_src comp="300" pin="1"/><net_sink comp="719" pin=0"/></net>

<net id="723"><net_src comp="719" pin="1"/><net_sink comp="336" pin=0"/></net>

<net id="724"><net_src comp="719" pin="1"/><net_sink comp="568" pin=0"/></net>

<net id="728"><net_src comp="303" pin="2"/><net_sink comp="725" pin=0"/></net>

<net id="732"><net_src comp="321" pin="1"/><net_sink comp="729" pin=0"/></net>

<net id="733"><net_src comp="729" pin="1"/><net_sink comp="184" pin=2"/></net>

<net id="734"><net_src comp="729" pin="1"/><net_sink comp="201" pin=2"/></net>

<net id="738"><net_src comp="82" pin="3"/><net_sink comp="735" pin=0"/></net>

<net id="739"><net_src comp="735" pin="1"/><net_sink comp="89" pin=2"/></net>

<net id="743"><net_src comp="99" pin="3"/><net_sink comp="740" pin=0"/></net>

<net id="744"><net_src comp="740" pin="1"/><net_sink comp="106" pin=2"/></net>

<net id="748"><net_src comp="116" pin="3"/><net_sink comp="745" pin=0"/></net>

<net id="749"><net_src comp="745" pin="1"/><net_sink comp="123" pin=2"/></net>

<net id="753"><net_src comp="133" pin="3"/><net_sink comp="750" pin=0"/></net>

<net id="754"><net_src comp="750" pin="1"/><net_sink comp="140" pin=2"/></net>

<net id="758"><net_src comp="150" pin="3"/><net_sink comp="755" pin=0"/></net>

<net id="759"><net_src comp="755" pin="1"/><net_sink comp="157" pin=2"/></net>

<net id="763"><net_src comp="167" pin="3"/><net_sink comp="760" pin=0"/></net>

<net id="764"><net_src comp="760" pin="1"/><net_sink comp="174" pin=2"/></net>

<net id="768"><net_src comp="403" pin="3"/><net_sink comp="765" pin=0"/></net>

<net id="769"><net_src comp="765" pin="1"/><net_sink comp="428" pin=1"/></net>

<net id="770"><net_src comp="765" pin="1"/><net_sink comp="435" pin=1"/></net>

<net id="774"><net_src comp="157" pin="7"/><net_sink comp="771" pin=0"/></net>

<net id="775"><net_src comp="771" pin="1"/><net_sink comp="442" pin=0"/></net>

<net id="779"><net_src comp="174" pin="7"/><net_sink comp="776" pin=0"/></net>

<net id="780"><net_src comp="776" pin="1"/><net_sink comp="465" pin=0"/></net>

<net id="784"><net_src comp="184" pin="3"/><net_sink comp="781" pin=0"/></net>

<net id="785"><net_src comp="781" pin="1"/><net_sink comp="191" pin=2"/></net>

<net id="789"><net_src comp="201" pin="3"/><net_sink comp="786" pin=0"/></net>

<net id="790"><net_src comp="786" pin="1"/><net_sink comp="208" pin=2"/></net>

<net id="794"><net_src comp="419" pin="1"/><net_sink comp="791" pin=0"/></net>

<net id="795"><net_src comp="791" pin="1"/><net_sink comp="258" pin=2"/></net>

<net id="796"><net_src comp="791" pin="1"/><net_sink comp="266" pin=2"/></net>

<net id="797"><net_src comp="791" pin="1"/><net_sink comp="274" pin=2"/></net>

<net id="801"><net_src comp="218" pin="3"/><net_sink comp="798" pin=0"/></net>

<net id="802"><net_src comp="798" pin="1"/><net_sink comp="89" pin=0"/></net>

<net id="806"><net_src comp="226" pin="3"/><net_sink comp="803" pin=0"/></net>

<net id="807"><net_src comp="803" pin="1"/><net_sink comp="106" pin=0"/></net>

<net id="811"><net_src comp="234" pin="3"/><net_sink comp="808" pin=0"/></net>

<net id="812"><net_src comp="808" pin="1"/><net_sink comp="123" pin=0"/></net>

<net id="816"><net_src comp="242" pin="3"/><net_sink comp="813" pin=0"/></net>

<net id="817"><net_src comp="813" pin="1"/><net_sink comp="140" pin=0"/></net>

<net id="821"><net_src comp="250" pin="3"/><net_sink comp="818" pin=0"/></net>

<net id="822"><net_src comp="818" pin="1"/><net_sink comp="157" pin=0"/></net>

<net id="826"><net_src comp="560" pin="3"/><net_sink comp="823" pin=0"/></net>

<net id="827"><net_src comp="823" pin="1"/><net_sink comp="572" pin=1"/></net>

<net id="828"><net_src comp="823" pin="1"/><net_sink comp="579" pin=1"/></net>

<net id="832"><net_src comp="123" pin="3"/><net_sink comp="829" pin=0"/></net>

<net id="833"><net_src comp="829" pin="1"/><net_sink comp="586" pin=0"/></net>

<net id="837"><net_src comp="140" pin="3"/><net_sink comp="834" pin=0"/></net>

<net id="838"><net_src comp="834" pin="1"/><net_sink comp="609" pin=0"/></net>

<net id="842"><net_src comp="157" pin="3"/><net_sink comp="839" pin=0"/></net>

<net id="843"><net_src comp="839" pin="1"/><net_sink comp="632" pin=0"/></net>

<net id="847"><net_src comp="258" pin="3"/><net_sink comp="844" pin=0"/></net>

<net id="848"><net_src comp="844" pin="1"/><net_sink comp="174" pin=0"/></net>

<net id="852"><net_src comp="266" pin="3"/><net_sink comp="849" pin=0"/></net>

<net id="853"><net_src comp="849" pin="1"/><net_sink comp="191" pin=0"/></net>

<net id="857"><net_src comp="274" pin="3"/><net_sink comp="854" pin=0"/></net>

<net id="858"><net_src comp="854" pin="1"/><net_sink comp="208" pin=0"/></net>

</net_list>

</model> 
---------------- Datapath Model END ------------------

* FSMD analyzer results:
  - Output states:
	Port: l1_packed | {4 }
 - Input state : 
	Port: bnn_Pipeline_VITIS_LOOP_24_1 : l1_bits | {1 2 3 }
	Port: bnn_Pipeline_VITIS_LOOP_24_1 : l1_bits_1 | {1 2 3 }
	Port: bnn_Pipeline_VITIS_LOOP_24_1 : l1_bits_2 | {1 2 3 }
	Port: bnn_Pipeline_VITIS_LOOP_24_1 : l1_bits_3 | {1 2 3 }
	Port: bnn_Pipeline_VITIS_LOOP_24_1 : l1_bits_4 | {1 2 3 }
	Port: bnn_Pipeline_VITIS_LOOP_24_1 : l1_bits_5 | {1 2 3 4 }
	Port: bnn_Pipeline_VITIS_LOOP_24_1 : l1_bits_6 | {2 3 4 }
	Port: bnn_Pipeline_VITIS_LOOP_24_1 : l1_bits_7 | {2 3 4 }
  - Chain level:
	State 1
		store_ln24 : 1
		w_2 : 1
		icmp_ln24 : 2
		add_ln24 : 2
		br_ln24 : 3
		shl_ln31 : 2
		zext_ln31 : 2
		l1_bits_addr : 3
		word : 4
		l1_bits_1_addr : 3
		l1_bits_1_load : 4
		l1_bits_2_addr : 3
		l1_bits_2_load : 4
		l1_bits_3_addr : 3
		l1_bits_3_load : 4
		l1_bits_4_addr : 3
		l1_bits_4_load : 4
		l1_bits_5_addr : 3
		l1_bits_5_load : 4
		store_ln24 : 3
	State 2
		word_1 : 1
		or_ln : 1
		select_ln31 : 2
		word_2 : 3
		or_ln32_1 : 3
		select_ln31_1 : 4
		word_3 : 5
		or_ln32_2 : 5
		select_ln31_2 : 6
		l1_bits_6_load : 1
		l1_bits_7_load : 1
		or_ln1 : 1
		zext_ln30 : 2
		l1_bits_addr_1 : 3
		l1_bits_load : 4
		l1_bits_1_addr_1 : 3
		l1_bits_1_load_1 : 4
		l1_bits_2_addr_1 : 3
		l1_bits_2_load_1 : 4
		l1_bits_3_addr_1 : 3
		l1_bits_3_load_1 : 4
		l1_bits_4_addr_1 : 3
		l1_bits_4_load_1 : 4
	State 3
		select_ln31_3 : 1
		word_5 : 2
		or_ln32_4 : 2
		select_ln31_4 : 3
		word_6 : 4
		or_ln32_5 : 4
		select_ln31_5 : 5
		word_7 : 6
		or_ln32_6 : 6
		select_ln31_6 : 7
		word_8 : 8
		or_ln32_7 : 8
		select_ln31_7 : 9
		word_9 : 10
		or_ln32_8 : 10
		select_ln31_8 : 11
		l1_bits_5_load_1 : 1
		l1_bits_6_load_1 : 1
		l1_bits_7_load_1 : 1
	State 4
		select_ln31_9 : 1
		word_19 : 2
		or_ln32_s : 2
		select_ln31_10 : 3
		word_20 : 4
		or_ln32_10 : 4
		select_ln31_11 : 5
		word_21 : 6
		or_ln32_11 : 6
		select_ln31_12 : 7
		word_22 : 8
		or_ln32_12 : 8
		select_ln31_13 : 9
		word_23 : 10
		or_ln32_13 : 10
		word_24 : 11
		l1_packed_addr : 1
		store_ln35 : 12


============================================================
+ Verbose Summary: Datapath Resource usage 
============================================================

* Functional unit list:
|----------|-----------------------|---------|---------|
| Operation|    Functional Unit    |    FF   |   LUT   |
|----------|-----------------------|---------|---------|
|          |   select_ln31_fu_355  |    0    |    2    |
|          |  select_ln31_1_fu_379 |    0    |    3    |
|          |  select_ln31_2_fu_403 |    0    |    4    |
|          |  select_ln31_3_fu_442 |    0    |    5    |
|          |  select_ln31_4_fu_465 |    0    |    6    |
|          |  select_ln31_5_fu_488 |    0    |    7    |
|          |  select_ln31_6_fu_512 |    0    |    8    |
|  select  |  select_ln31_7_fu_536 |    0    |    9    |
|          |  select_ln31_8_fu_560 |    0    |    10   |
|          |  select_ln31_9_fu_586 |    0    |    11   |
|          | select_ln31_10_fu_609 |    0    |    12   |
|          | select_ln31_11_fu_632 |    0    |    13   |
|          | select_ln31_12_fu_655 |    0    |    14   |
|          | select_ln31_13_fu_679 |    0    |    15   |
|          |     word_24_fu_703    |    0    |    16   |
|----------|-----------------------|---------|---------|
|   icmp   |    icmp_ln24_fu_303   |    0    |    13   |
|----------|-----------------------|---------|---------|
|    add   |    add_ln24_fu_309    |    0    |    13   |
|----------|-----------------------|---------|---------|
|    shl   |    shl_ln31_fu_315    |    0    |    0    |
|----------|-----------------------|---------|---------|
|          |    zext_ln31_fu_321   |    0    |    0    |
|   zext   |    zext_ln30_fu_419   |    0    |    0    |
|          |    zext_ln24_fu_568   |    0    |    0    |
|----------|-----------------------|---------|---------|
|   trunc  |   trunc_ln31_fu_336   |    0    |    0    |
|----------|-----------------------|---------|---------|
|          |     word_1_fu_339     |    0    |    0    |
|          |      or_ln_fu_347     |    0    |    0    |
|          |     word_2_fu_363     |    0    |    0    |
|          |    or_ln32_1_fu_371   |    0    |    0    |
|          |     word_3_fu_387     |    0    |    0    |
|          |    or_ln32_2_fu_395   |    0    |    0    |
|          |     or_ln1_fu_411     |    0    |    0    |
|          |     word_4_fu_428     |    0    |    0    |
|          |    or_ln32_3_fu_435   |    0    |    0    |
|          |     word_5_fu_449     |    0    |    0    |
|          |    or_ln32_4_fu_457   |    0    |    0    |
|          |     word_6_fu_472     |    0    |    0    |
|          |    or_ln32_5_fu_480   |    0    |    0    |
|          |     word_7_fu_496     |    0    |    0    |
|          |    or_ln32_6_fu_504   |    0    |    0    |
|bitconcatenate|     word_8_fu_520     |    0    |    0    |
|          |    or_ln32_7_fu_528   |    0    |    0    |
|          |     word_9_fu_544     |    0    |    0    |
|          |    or_ln32_8_fu_552   |    0    |    0    |
|          |     word_18_fu_572    |    0    |    0    |
|          |    or_ln32_9_fu_579   |    0    |    0    |
|          |     word_19_fu_593    |    0    |    0    |
|          |    or_ln32_s_fu_601   |    0    |    0    |
|          |     word_20_fu_616    |    0    |    0    |
|          |   or_ln32_10_fu_624   |    0    |    0    |
|          |     word_21_fu_639    |    0    |    0    |
|          |   or_ln32_11_fu_647   |    0    |    0    |
|          |     word_22_fu_663    |    0    |    0    |
|          |   or_ln32_12_fu_671   |    0    |    0    |
|          |     word_23_fu_687    |    0    |    0    |
|          |   or_ln32_13_fu_695   |    0    |    0    |
|----------|-----------------------|---------|---------|
|   Total  |                       |    0    |   161   |
|----------|-----------------------|---------|---------|

Memories:
N/A

* Register list:
+------------------------+--------+
|                        |   FF   |
+------------------------+--------+
|    icmp_ln24_reg_725   |    1   |
|l1_bits_1_addr_1_reg_803|    4   |
| l1_bits_1_addr_reg_740 |    4   |
|l1_bits_2_addr_1_reg_808|    4   |
| l1_bits_2_addr_reg_745 |    4   |
|l1_bits_2_load_1_reg_829|    1   |
|l1_bits_3_addr_1_reg_813|    4   |
| l1_bits_3_addr_reg_750 |    4   |
|l1_bits_3_load_1_reg_834|    1   |
|l1_bits_4_addr_1_reg_818|    4   |
| l1_bits_4_addr_reg_755 |    4   |
|l1_bits_4_load_1_reg_839|    1   |
| l1_bits_4_load_reg_771 |    1   |
|l1_bits_5_addr_1_reg_844|    4   |
| l1_bits_5_addr_reg_760 |    4   |
| l1_bits_5_load_reg_776 |    1   |
|l1_bits_6_addr_1_reg_849|    4   |
| l1_bits_6_addr_reg_781 |    4   |
|l1_bits_7_addr_1_reg_854|    4   |
| l1_bits_7_addr_reg_786 |    4   |
| l1_bits_addr_1_reg_798 |    4   |
|  l1_bits_addr_reg_735  |    4   |
|  select_ln31_2_reg_765 |    4   |
|  select_ln31_8_reg_823 |   10   |
|       w_2_reg_719      |    4   |
|        w_reg_712       |    4   |
|    zext_ln30_reg_791   |   64   |
|    zext_ln31_reg_729   |   64   |
+------------------------+--------+
|          Total         |   220  |
+------------------------+--------+

* Multiplexer (MUX) list: 
|-------------------|------|------|------|--------||---------||---------||---------|
|        Comp       |  Pin | Size |  BW  | S x BW ||  Delay  ||    FF   ||   LUT   |
|-------------------|------|------|------|--------||---------||---------||---------|
|  grp_access_fu_89 |  p0  |   2  |   4  |    8   ||    0    ||    9    |
|  grp_access_fu_89 |  p2  |   2  |   0  |    0   ||    0    ||    9    |
| grp_access_fu_106 |  p0  |   2  |   4  |    8   ||    0    ||    9    |
| grp_access_fu_106 |  p2  |   2  |   0  |    0   ||    0    ||    9    |
| grp_access_fu_123 |  p0  |   2  |   4  |    8   ||    0    ||    9    |
| grp_access_fu_123 |  p2  |   2  |   0  |    0   ||    0    ||    9    |
| grp_access_fu_140 |  p0  |   2  |   4  |    8   ||    0    ||    9    |
| grp_access_fu_140 |  p2  |   2  |   0  |    0   ||    0    ||    9    |
| grp_access_fu_157 |  p0  |   2  |   4  |    8   ||    0    ||    9    |
| grp_access_fu_157 |  p2  |   2  |   0  |    0   ||    0    ||    9    |
| grp_access_fu_174 |  p0  |   2  |   4  |    8   ||    0    ||    9    |
| grp_access_fu_174 |  p2  |   2  |   0  |    0   ||    0    ||    9    |
| grp_access_fu_191 |  p0  |   2  |   4  |    8   ||    0    ||    9    |
| grp_access_fu_191 |  p2  |   2  |   0  |    0   ||    0    ||    9    |
| grp_access_fu_208 |  p0  |   2  |   4  |    8   ||    0    ||    9    |
| grp_access_fu_208 |  p2  |   2  |   0  |    0   ||    0    ||    9    |
|-------------------|------|------|------|--------||---------||---------||---------|
|       Total       |      |      |      |   64   ||  25.408 ||    0    ||   144   |
|-------------------|------|------|------|--------||---------||---------||---------|



* Summary:
+-----------+--------+--------+--------+
|           |  Delay |   FF   |   LUT  |
+-----------+--------+--------+--------+
|  Function |    -   |    0   |   161  |
|   Memory  |    -   |    -   |    -   |
|Multiplexer|   25   |    0   |   144  |
|  Register |    -   |   220  |    -   |
+-----------+--------+--------+--------+
|   Total   |   25   |   220  |   305  |
+-----------+--------+--------+--------+
