

================================================================
== Vitis HLS Report for 'dft'
================================================================
* Date:           Tue Nov  4 15:33:46 2025

* Version:        2024.2 (Build 5238294 on Nov  8 2024)
* Project:        dft.comp
* Solution:       hls (Vivado IP Flow Target)
* Product family: zynq
* Target device:  xc7z020-clg400-1


================================================================
== Performance Estimates
================================================================
+ Timing: 
    * Summary: 
    +--------+----------+----------+------------+
    |  Clock |  Target  | Estimated| Uncertainty|
    +--------+----------+----------+------------+
    |ap_clk  |  10.00 ns|  7.256 ns|     2.70 ns|
    +--------+----------+----------+------------+

+ Latency: 
    * Summary: 
    +-----------+-----------+-----------+-----------+-----------+-----------+---------+
    |    Latency (cycles)   |   Latency (absolute)  |        Interval       | Pipeline|
    |    min    |    max    |    min    |    max    |    min    |    max    |   Type  |
    +-----------+-----------+-----------+-----------+-----------+-----------+---------+
    |  106962948|  113254404|  1.070 sec|  1.133 sec|  106962949|  113254405|       no|
    +-----------+-----------+-----------+-----------+-----------+-----------+---------+

    + Detail: 
        * Instance: 
        +-----------------------------------------+------------------------------+---------+---------+-----------+-----------+------+------+------------------------------------------------+
        |                                         |                              |  Latency (cycles) |   Latency (absolute)  |   Interval  |                    Pipeline                    |
        |                 Instance                |            Module            |   min   |   max   |    min    |    max    |  min |  max |                      Type                      |
        +-----------------------------------------+------------------------------+---------+---------+-----------+-----------+------+------+------------------------------------------------+
        |grp_dft_Pipeline_VITIS_LOOP_12_1_fu_142  |dft_Pipeline_VITIS_LOOP_12_1  |     1026|     1026|  10.260 us|  10.260 us|  1025|  1025|  loop auto-rewind stp (delay=0 clock cycles(s))|
        |grp_sin_or_cos_double_s_fu_150           |sin_or_cos_double_s           |       56|       62|   0.560 us|   0.620 us|    56|    62|                                              no|
        |grp_sin_or_cos_double_s_fu_169           |sin_or_cos_double_s           |       56|       62|   0.560 us|   0.620 us|    56|    62|                                              no|
        +-----------------------------------------+------------------------------+---------+---------+-----------+-----------+------+------+------------------------------------------------+

        * Loop: 
        +--------------------+-----------+-----------+-----------------+-----------+-----------+------+----------+
        |                    |    Latency (cycles)   |    Iteration    |  Initiation Interval  | Trip |          |
        |      Loop Name     |    min    |    max    |     Latency     |  achieved |   target  | Count| Pipelined|
        +--------------------+-----------+-----------+-----------------+-----------+-----------+------+----------+
        |- VITIS_LOOP_17_2   |  106961920|  113253376|  104455 ~ 110599|          -|          -|  1024|        no|
        | + VITIS_LOOP_18_3  |     104448|     110592|        102 ~ 108|          -|          -|  1024|        no|
        +--------------------+-----------+-----------+-----------------+-----------+-----------+------+----------+



================================================================
== Utilization Estimates
================================================================
* Summary: 
+-----------------+---------+-----+--------+-------+-----+
|       Name      | BRAM_18K| DSP |   FF   |  LUT  | URAM|
+-----------------+---------+-----+--------+-------+-----+
|DSP              |        -|    -|       -|      -|    -|
|Expression       |        -|    -|       0|     56|    -|
|FIFO             |        -|    -|       -|      -|    -|
|Instance         |       16|  197|   12461|  15429|    -|
|Memory           |        -|    -|       -|      -|    -|
|Multiplexer      |        -|    -|       0|    473|    -|
|Register         |        -|    -|     825|      -|    -|
+-----------------+---------+-----+--------+-------+-----+
|Total            |       16|  197|   13286|  15958|    0|
+-----------------+---------+-----+--------+-------+-----+
|Available        |      280|  220|  106400|  53200|    0|
+-----------------+---------+-----+--------+-------+-----+
|Utilization (%)  |        5|   89|      12|     29|    0|
+-----------------+---------+-----+--------+-------+-----+

+ Detail: 
    * Instance: 
    +-----------------------------------------+------------------------------------+---------+----+------+------+-----+
    |                 Instance                |               Module               | BRAM_18K| DSP|  FF  |  LUT | URAM|
    +-----------------------------------------+------------------------------------+---------+----+------+------+-----+
    |grp_dft_Pipeline_VITIS_LOOP_12_1_fu_142  |dft_Pipeline_VITIS_LOOP_12_1        |        0|   0|    13|    51|    0|
    |dmul_64ns_64ns_64_7_max_dsp_1_U74        |dmul_64ns_64ns_64_7_max_dsp_1       |        0|  11|   342|   586|    0|
    |fadd_32ns_32ns_32_5_full_dsp_1_U67       |fadd_32ns_32ns_32_5_full_dsp_1      |        0|   2|   205|   390|    0|
    |faddfsub_32ns_32ns_32_5_full_dsp_1_U66   |faddfsub_32ns_32ns_32_5_full_dsp_1  |        0|   2|   205|   390|    0|
    |fmul_32ns_32ns_32_4_max_dsp_1_U68        |fmul_32ns_32ns_32_4_max_dsp_1       |        0|   3|   143|   321|    0|
    |fmul_32ns_32ns_32_4_max_dsp_1_U69        |fmul_32ns_32ns_32_4_max_dsp_1       |        0|   3|   143|   321|    0|
    |fmul_32ns_32ns_32_4_max_dsp_1_U70        |fmul_32ns_32ns_32_4_max_dsp_1       |        0|   3|   143|   321|    0|
    |fmul_32ns_32ns_32_4_max_dsp_1_U71        |fmul_32ns_32ns_32_4_max_dsp_1       |        0|   3|   143|   321|    0|
    |fptrunc_64ns_32_2_no_dsp_1_U72           |fptrunc_64ns_32_2_no_dsp_1          |        0|   0|     0|     0|    0|
    |fptrunc_64ns_32_2_no_dsp_1_U73           |fptrunc_64ns_32_2_no_dsp_1          |        0|   0|     0|     0|    0|
    |grp_sin_or_cos_double_s_fu_150           |sin_or_cos_double_s                 |        8|  85|  5562|  6364|    0|
    |grp_sin_or_cos_double_s_fu_169           |sin_or_cos_double_s                 |        8|  85|  5562|  6364|    0|
    |sitodp_32ns_64_6_no_dsp_1_U75            |sitodp_32ns_64_6_no_dsp_1           |        0|   0|     0|     0|    0|
    +-----------------------------------------+------------------------------------+---------+----+------+------+-----+
    |Total                                    |                                    |       16| 197| 12461| 15429|    0|
    +-----------------------------------------+------------------------------------+---------+----+------+------+-----+

    * DSP: 
    N/A

    * Memory: 
    N/A

    * FIFO: 
    N/A

    * Expression: 
    +----------------------------------+----------+----+---+----+------------+------------+
    |           Variable Name          | Operation| DSP| FF| LUT| Bitwidth P0| Bitwidth P1|
    +----------------------------------+----------+----+---+----+------------+------------+
    |add_ln17_fu_258_p2                |         +|   0|  0|  12|          11|           1|
    |add_ln18_fu_292_p2                |         +|   0|  0|  12|          11|           1|
    |icmp_ln17_fu_252_p2               |      icmp|   0|  0|  12|          11|          12|
    |icmp_ln18_fu_286_p2               |      icmp|   0|  0|  12|          11|          12|
    |ap_block_state37_on_subcall_done  |        or|   0|  0|   2|           1|           1|
    |imag_op_we0                       |        or|   0|  0|   2|           1|           1|
    |real_op_we0                       |        or|   0|  0|   2|           1|           1|
    |xor_ln22_fu_322_p2                |       xor|   0|  0|   2|           1|           2|
    +----------------------------------+----------+----+---+----+------------+------------+
    |Total                             |          |   0|  0|  56|          48|          31|
    +----------------------------------+----------+----+---+----+------------+------------+

    * Multiplexer: 
    +------------------------+-----+-----------+-----+-----------+
    |          Name          | LUT | Input Size| Bits| Total Bits|
    +------------------------+-----+-----------+-----+-----------+
    |ap_NS_fsm               |  237|         55|    1|         55|
    |grp_fu_188_opcode       |   14|          3|    2|          6|
    |grp_fu_188_p0           |   14|          3|   32|         96|
    |grp_fu_188_p1           |   14|          3|   32|         96|
    |grp_fu_192_p0           |   14|          3|   32|         96|
    |grp_fu_192_p1           |   14|          3|   32|         96|
    |grp_fu_218_p0           |   14|          3|   64|        192|
    |grp_fu_218_p1           |   20|          4|   64|        256|
    |grp_fu_224_p0           |   14|          3|   32|         96|
    |i_3_reg_130             |    9|          2|   11|         22|
    |imag_op_address0        |    9|          2|   10|         20|
    |imag_op_address0_local  |   14|          3|   10|         30|
    |imag_op_ce0             |    9|          2|    1|          2|
    |imag_op_d0              |    9|          2|   32|         64|
    |imag_op_we0             |    9|          2|    1|          2|
    |j_fu_74                 |    9|          2|   11|         22|
    |real_op_address0        |    9|          2|   10|         20|
    |real_op_address0_local  |   14|          3|   10|         30|
    |real_op_ce0             |    9|          2|    1|          2|
    |real_op_d0              |    9|          2|   32|         64|
    |real_op_we0             |    9|          2|    1|          2|
    +------------------------+-----+-----------+-----+-----------+
    |Total                   |  473|        106|  421|       1269|
    +------------------------+-----+-----------+-----+-----------+

    * Register: 
    +------------------------------------------------------+----+----+-----+-----------+
    |                         Name                         | FF | LUT| Bits| Const Bits|
    +------------------------------------------------------+----+----+-----+-----------+
    |add_ln17_reg_382                                      |  11|   0|   11|          0|
    |add_ln18_reg_422                                      |  11|   0|   11|          0|
    |ap_CS_fsm                                             |  54|   0|   54|          0|
    |c_double_reg_437                                      |  64|   0|   64|          0|
    |conv1_reg_452                                         |  32|   0|   32|          0|
    |conv2_reg_458                                         |  32|   0|   32|          0|
    |conv9_reg_402                                         |  64|   0|   64|          0|
    |conv_reg_432                                          |  64|   0|   64|          0|
    |empty_36_reg_407                                      |  32|   0|   32|          0|
    |empty_37_reg_413                                      |  32|   0|   32|          0|
    |grp_dft_Pipeline_VITIS_LOOP_12_1_fu_142_ap_start_reg  |   1|   0|    1|          0|
    |grp_sin_or_cos_double_s_fu_150_ap_start_reg           |   1|   0|    1|          0|
    |grp_sin_or_cos_double_s_fu_169_ap_start_reg           |   1|   0|    1|          0|
    |i_3_reg_130                                           |  11|   0|   11|          0|
    |imag_op_addr_reg_489                                  |  10|   0|   10|          0|
    |imag_op_load_reg_499                                  |  32|   0|   32|          0|
    |j_fu_74                                               |  11|   0|   11|          0|
    |mul2_reg_464                                          |  32|   0|   32|          0|
    |mul3_reg_469                                          |  32|   0|   32|          0|
    |mul4_reg_474                                          |  32|   0|   32|          0|
    |mul5_reg_479                                          |  32|   0|   32|          0|
    |real_op_addr_reg_484                                  |  10|   0|   10|          0|
    |real_op_load_reg_494                                  |  32|   0|   32|          0|
    |reg_227                                               |  64|   0|   64|          0|
    |reg_234                                               |  32|   0|   32|          0|
    |reg_239                                               |  32|   0|   32|          0|
    |tmp_reg_442                                           |  64|   0|   64|          0|
    +------------------------------------------------------+----+----+-----+-----------+
    |Total                                                 | 825|   0|  825|          0|
    +------------------------------------------------------+----+----+-----+-----------+



================================================================
== Interface
================================================================
* Summary: 
+----------------------+-----+-----+------------+--------------+--------------+
|       RTL Ports      | Dir | Bits|  Protocol  | Source Object|    C Type    |
+----------------------+-----+-----+------------+--------------+--------------+
|ap_clk                |   in|    1|  ap_ctrl_hs|           dft|  return value|
|ap_rst                |   in|    1|  ap_ctrl_hs|           dft|  return value|
|ap_start              |   in|    1|  ap_ctrl_hs|           dft|  return value|
|ap_done               |  out|    1|  ap_ctrl_hs|           dft|  return value|
|ap_idle               |  out|    1|  ap_ctrl_hs|           dft|  return value|
|ap_ready              |  out|    1|  ap_ctrl_hs|           dft|  return value|
|real_sample_address0  |  out|   10|   ap_memory|   real_sample|         array|
|real_sample_ce0       |  out|    1|   ap_memory|   real_sample|         array|
|real_sample_q0        |   in|   32|   ap_memory|   real_sample|         array|
|imag_sample_address0  |  out|   10|   ap_memory|   imag_sample|         array|
|imag_sample_ce0       |  out|    1|   ap_memory|   imag_sample|         array|
|imag_sample_q0        |   in|   32|   ap_memory|   imag_sample|         array|
|real_op_address0      |  out|   10|   ap_memory|       real_op|         array|
|real_op_ce0           |  out|    1|   ap_memory|       real_op|         array|
|real_op_we0           |  out|    1|   ap_memory|       real_op|         array|
|real_op_d0            |  out|   32|   ap_memory|       real_op|         array|
|real_op_q0            |   in|   32|   ap_memory|       real_op|         array|
|imag_op_address0      |  out|   10|   ap_memory|       imag_op|         array|
|imag_op_ce0           |  out|    1|   ap_memory|       imag_op|         array|
|imag_op_we0           |  out|    1|   ap_memory|       imag_op|         array|
|imag_op_d0            |  out|   32|   ap_memory|       imag_op|         array|
|imag_op_q0            |   in|   32|   ap_memory|       imag_op|         array|
+----------------------+-----+-----+------------+--------------+--------------+

============================================================
+ Verbose Summary: Synthesis Manager
============================================================
InlineROM: 1
ExposeGlobal: 0
============================================================
+ Verbose Summary: CDFG Model
============================================================
IsTopModel: 1
ResetActiveHigh: 1
IsCombinational: 2
IsDatapathOnly: 2
HasWiredReturn: 1
HasMFsm: 0
HasVarLatency: 1
IsPipeline: 0
IsRtlPipelined: 0
IsInstanceOverlapped: 0
IsDontTouch: 0
HasImplIP: 0
IsGatedGlobalClock: 0


============================================================
+ Verbose Summary: Schedule
============================================================
* Number of FSM states : 54
* Pipeline : 0
* Dataflow Pipeline: 0

* FSM state transitions: 
1 --> 2 
2 --> 3 
3 --> 4 
4 --> 5 
5 --> 6 
6 --> 7 
7 --> 8 
8 --> 9 
9 --> 10 3 
10 --> 11 
11 --> 12 
12 --> 13 
13 --> 14 
14 --> 15 
15 --> 16 
16 --> 17 
17 --> 18 
18 --> 19 
19 --> 20 
20 --> 21 
21 --> 22 
22 --> 23 
23 --> 24 
24 --> 25 
25 --> 26 
26 --> 27 
27 --> 28 
28 --> 29 
29 --> 30 
30 --> 31 
31 --> 32 
32 --> 33 
33 --> 34 
34 --> 35 
35 --> 36 
36 --> 37 
37 --> 38 
38 --> 39 
39 --> 40 
40 --> 41 
41 --> 42 
42 --> 43 
43 --> 44 
44 --> 45 
45 --> 46 
46 --> 47 
47 --> 48 
48 --> 49 
49 --> 50 
50 --> 51 
51 --> 52 
52 --> 53 
53 --> 54 
54 --> 9 

* FSM state operations: 

State 1 <SV = 0> <Delay = 1.58>
ST_1 : Operation 55 [1/1] (0.00ns)   --->   "%j = alloca i32 1" [dft.cpp:7]   --->   Operation 55 'alloca' 'j' <Predicate = true> <Delay = 0.00>
ST_1 : Operation 56 [2/2] (0.00ns)   --->   "%call_ln0 = call void @dft_Pipeline_VITIS_LOOP_12_1, i32 %real_op, i32 %imag_op"   --->   Operation 56 'call' 'call_ln0' <Predicate = true> <Delay = 0.00> <CoreType = "Generic">   --->   Generic Core
ST_1 : Operation 57 [1/1] (1.58ns)   --->   "%store_ln7 = store i11 0, i11 %j" [dft.cpp:7]   --->   Operation 57 'store' 'store_ln7' <Predicate = true> <Delay = 1.58>

State 2 <SV = 1> <Delay = 4.81>
ST_2 : Operation 58 [1/1] (0.00ns)   --->   "%spectopmodule_ln5 = spectopmodule void @_ssdm_op_SpecTopModule, void @empty_1" [dft.cpp:5]   --->   Operation 58 'spectopmodule' 'spectopmodule_ln5' <Predicate = true> <Delay = 0.00>
ST_2 : Operation 59 [1/1] (0.00ns)   --->   "%specinterface_ln0 = specinterface void @_ssdm_op_SpecInterface, i32 %real_sample, void @empty, i32 0, i32 0, void @empty_0, i32 4294967295, i32 0, void @empty_0, void @empty_0, void @empty_0, i32 0, i32 0, i32 0, i32 0, void @empty_0, void @empty_0, i32 4294967295, i32 0, i32 0"   --->   Operation 59 'specinterface' 'specinterface_ln0' <Predicate = true> <Delay = 0.00>
ST_2 : Operation 60 [1/1] (0.00ns)   --->   "%specbitsmap_ln0 = specbitsmap void @_ssdm_op_SpecBitsMap, i32 %real_sample"   --->   Operation 60 'specbitsmap' 'specbitsmap_ln0' <Predicate = true> <Delay = 0.00>
ST_2 : Operation 61 [1/1] (0.00ns)   --->   "%specinterface_ln0 = specinterface void @_ssdm_op_SpecInterface, i32 %imag_sample, void @empty, i32 0, i32 0, void @empty_0, i32 4294967295, i32 0, void @empty_0, void @empty_0, void @empty_0, i32 0, i32 0, i32 0, i32 0, void @empty_0, void @empty_0, i32 4294967295, i32 0, i32 0"   --->   Operation 61 'specinterface' 'specinterface_ln0' <Predicate = true> <Delay = 0.00>
ST_2 : Operation 62 [1/1] (0.00ns)   --->   "%specbitsmap_ln0 = specbitsmap void @_ssdm_op_SpecBitsMap, i32 %imag_sample"   --->   Operation 62 'specbitsmap' 'specbitsmap_ln0' <Predicate = true> <Delay = 0.00>
ST_2 : Operation 63 [1/1] (0.00ns)   --->   "%specinterface_ln0 = specinterface void @_ssdm_op_SpecInterface, i32 %real_op, void @empty, i32 0, i32 0, void @empty_0, i32 4294967295, i32 0, void @empty_0, void @empty_0, void @empty_0, i32 0, i32 0, i32 0, i32 0, void @empty_0, void @empty_0, i32 4294967295, i32 0, i32 0"   --->   Operation 63 'specinterface' 'specinterface_ln0' <Predicate = true> <Delay = 0.00>
ST_2 : Operation 64 [1/1] (0.00ns)   --->   "%specbitsmap_ln0 = specbitsmap void @_ssdm_op_SpecBitsMap, i32 %real_op"   --->   Operation 64 'specbitsmap' 'specbitsmap_ln0' <Predicate = true> <Delay = 0.00>
ST_2 : Operation 65 [1/1] (0.00ns)   --->   "%specinterface_ln0 = specinterface void @_ssdm_op_SpecInterface, i32 %imag_op, void @empty, i32 0, i32 0, void @empty_0, i32 4294967295, i32 0, void @empty_0, void @empty_0, void @empty_0, i32 0, i32 0, i32 0, i32 0, void @empty_0, void @empty_0, i32 4294967295, i32 0, i32 0"   --->   Operation 65 'specinterface' 'specinterface_ln0' <Predicate = true> <Delay = 0.00>
ST_2 : Operation 66 [1/1] (0.00ns)   --->   "%specbitsmap_ln0 = specbitsmap void @_ssdm_op_SpecBitsMap, i32 %imag_op"   --->   Operation 66 'specbitsmap' 'specbitsmap_ln0' <Predicate = true> <Delay = 0.00>
ST_2 : Operation 67 [1/2] (4.81ns)   --->   "%call_ln0 = call void @dft_Pipeline_VITIS_LOOP_12_1, i32 %real_op, i32 %imag_op"   --->   Operation 67 'call' 'call_ln0' <Predicate = true> <Delay = 4.81> <CoreType = "Generic">   --->   Generic Core
ST_2 : Operation 68 [1/1] (0.00ns)   --->   "%br_ln17 = br void %VITIS_LOOP_18_3" [dft.cpp:17]   --->   Operation 68 'br' 'br_ln17' <Predicate = true> <Delay = 0.00>

State 3 <SV = 2> <Delay = 6.28>
ST_3 : Operation 69 [1/1] (0.00ns)   --->   "%j_1 = load i11 %j"   --->   Operation 69 'load' 'j_1' <Predicate = true> <Delay = 0.00>
ST_3 : Operation 70 [1/1] (1.63ns)   --->   "%icmp_ln17 = icmp_eq  i11 %j_1, i11 1024" [dft.cpp:17]   --->   Operation 70 'icmp' 'icmp_ln17' <Predicate = true> <Delay = 1.63> <CoreInst = "Cmp">   --->   Core 9 'Cmp' <Latency = 0> <II = 1> <Delay = 1.54> <FuncUnit> <Opcode : 'seteq' 'setne' 'setle' 'setge' 'setlt' 'setgt'> <InPorts = 2> <OutPorts = 1>
ST_3 : Operation 71 [1/1] (1.63ns)   --->   "%add_ln17 = add i11 %j_1, i11 1" [dft.cpp:17]   --->   Operation 71 'add' 'add_ln17' <Predicate = true> <Delay = 1.63> <CoreInst = "Adder">   --->   Core 1 'Adder' <Latency = 0> <II = 1> <Delay = 1.63> <FuncUnit> <Opcode : 'add' 'sub'> <InPorts = 2> <OutPorts = 1>
ST_3 : Operation 72 [1/1] (0.00ns)   --->   "%br_ln17 = br i1 %icmp_ln17, void %VITIS_LOOP_18_3.split, void %for.end40" [dft.cpp:17]   --->   Operation 72 'br' 'br_ln17' <Predicate = true> <Delay = 0.00>
ST_3 : Operation 73 [1/1] (0.00ns)   --->   "%empty = trunc i11 %j_1"   --->   Operation 73 'trunc' 'empty' <Predicate = (!icmp_ln17)> <Delay = 0.00>
ST_3 : Operation 74 [1/1] (0.00ns)   --->   "%j_cast_cast = zext i10 %empty"   --->   Operation 74 'zext' 'j_cast_cast' <Predicate = (!icmp_ln17)> <Delay = 0.00>
ST_3 : Operation 75 [6/6] (6.28ns)   --->   "%conv9 = sitodp i32 %j_cast_cast"   --->   Operation 75 'sitodp' 'conv9' <Predicate = (!icmp_ln17)> <Delay = 6.28> <CoreInst = "Int2Double">   --->   Core 66 'Int2Double' <Latency = 5> <II = 1> <Delay = 6.28> <FuncUnit> <Opcode : 'uitodp' 'sitodp'> <InPorts = 1> <OutPorts = 1>
ST_3 : Operation 76 [1/1] (0.00ns)   --->   "%ret_ln28 = ret" [dft.cpp:28]   --->   Operation 76 'ret' 'ret_ln28' <Predicate = (icmp_ln17)> <Delay = 0.00>

State 4 <SV = 3> <Delay = 6.28>
ST_4 : Operation 77 [5/6] (6.28ns)   --->   "%conv9 = sitodp i32 %j_cast_cast"   --->   Operation 77 'sitodp' 'conv9' <Predicate = true> <Delay = 6.28> <CoreInst = "Int2Double">   --->   Core 66 'Int2Double' <Latency = 5> <II = 1> <Delay = 6.28> <FuncUnit> <Opcode : 'uitodp' 'sitodp'> <InPorts = 1> <OutPorts = 1>

State 5 <SV = 4> <Delay = 6.28>
ST_5 : Operation 78 [4/6] (6.28ns)   --->   "%conv9 = sitodp i32 %j_cast_cast"   --->   Operation 78 'sitodp' 'conv9' <Predicate = true> <Delay = 6.28> <CoreInst = "Int2Double">   --->   Core 66 'Int2Double' <Latency = 5> <II = 1> <Delay = 6.28> <FuncUnit> <Opcode : 'uitodp' 'sitodp'> <InPorts = 1> <OutPorts = 1>

State 6 <SV = 5> <Delay = 6.28>
ST_6 : Operation 79 [3/6] (6.28ns)   --->   "%conv9 = sitodp i32 %j_cast_cast"   --->   Operation 79 'sitodp' 'conv9' <Predicate = true> <Delay = 6.28> <CoreInst = "Int2Double">   --->   Core 66 'Int2Double' <Latency = 5> <II = 1> <Delay = 6.28> <FuncUnit> <Opcode : 'uitodp' 'sitodp'> <InPorts = 1> <OutPorts = 1>

State 7 <SV = 6> <Delay = 6.28>
ST_7 : Operation 80 [1/1] (0.00ns)   --->   "%zext_ln17 = zext i11 %j_1" [dft.cpp:17]   --->   Operation 80 'zext' 'zext_ln17' <Predicate = true> <Delay = 0.00>
ST_7 : Operation 81 [2/6] (6.28ns)   --->   "%conv9 = sitodp i32 %j_cast_cast"   --->   Operation 81 'sitodp' 'conv9' <Predicate = true> <Delay = 6.28> <CoreInst = "Int2Double">   --->   Core 66 'Int2Double' <Latency = 5> <II = 1> <Delay = 6.28> <FuncUnit> <Opcode : 'uitodp' 'sitodp'> <InPorts = 1> <OutPorts = 1>
ST_7 : Operation 82 [1/1] (0.00ns)   --->   "%real_sample_addr = getelementptr i32 %real_sample, i64 0, i64 %zext_ln17" [dft.cpp:17]   --->   Operation 82 'getelementptr' 'real_sample_addr' <Predicate = true> <Delay = 0.00>
ST_7 : Operation 83 [2/2] (3.25ns)   --->   "%real_sample_load = load i10 %real_sample_addr" [dft.cpp:17]   --->   Operation 83 'load' 'real_sample_load' <Predicate = true> <Delay = 3.25> <CoreInst = "RAM">   --->   Core 81 'RAM' <Latency = 1> <II = 1> <Delay = 3.25> <Storage> <Opcode : 'load' 'store'> <Ports = 2> <Width = 32> <Depth = 1024> <RAM>
ST_7 : Operation 84 [1/1] (0.00ns)   --->   "%imag_sample_addr = getelementptr i32 %imag_sample, i64 0, i64 %zext_ln17" [dft.cpp:17]   --->   Operation 84 'getelementptr' 'imag_sample_addr' <Predicate = true> <Delay = 0.00>
ST_7 : Operation 85 [2/2] (3.25ns)   --->   "%imag_sample_load = load i10 %imag_sample_addr" [dft.cpp:17]   --->   Operation 85 'load' 'imag_sample_load' <Predicate = true> <Delay = 3.25> <CoreInst = "RAM">   --->   Core 81 'RAM' <Latency = 1> <II = 1> <Delay = 3.25> <Storage> <Opcode : 'load' 'store'> <Ports = 2> <Width = 32> <Depth = 1024> <RAM>

State 8 <SV = 7> <Delay = 6.28>
ST_8 : Operation 86 [1/1] (0.00ns)   --->   "%speclooptripcount_ln7 = speclooptripcount void @_ssdm_op_SpecLoopTripCount, i64 1024, i64 1024, i64 1024" [dft.cpp:7]   --->   Operation 86 'speclooptripcount' 'speclooptripcount_ln7' <Predicate = true> <Delay = 0.00>
ST_8 : Operation 87 [1/1] (0.00ns)   --->   "%specloopname_ln17 = specloopname void @_ssdm_op_SpecLoopName, void @empty_3" [dft.cpp:17]   --->   Operation 87 'specloopname' 'specloopname_ln17' <Predicate = true> <Delay = 0.00>
ST_8 : Operation 88 [1/6] (6.28ns)   --->   "%conv9 = sitodp i32 %j_cast_cast"   --->   Operation 88 'sitodp' 'conv9' <Predicate = true> <Delay = 6.28> <CoreInst = "Int2Double">   --->   Core 66 'Int2Double' <Latency = 5> <II = 1> <Delay = 6.28> <FuncUnit> <Opcode : 'uitodp' 'sitodp'> <InPorts = 1> <OutPorts = 1>
ST_8 : Operation 89 [1/2] ( I:3.25ns O:3.25ns )   --->   "%real_sample_load = load i10 %real_sample_addr" [dft.cpp:17]   --->   Operation 89 'load' 'real_sample_load' <Predicate = true> <Delay = 3.25> <CoreInst = "RAM">   --->   Core 81 'RAM' <Latency = 1> <II = 1> <Delay = 3.25> <Storage> <Opcode : 'load' 'store'> <Ports = 2> <Width = 32> <Depth = 1024> <RAM>
ST_8 : Operation 90 [1/1] (0.00ns)   --->   "%empty_36 = bitcast i32 %real_sample_load" [dft.cpp:17]   --->   Operation 90 'bitcast' 'empty_36' <Predicate = true> <Delay = 0.00>
ST_8 : Operation 91 [1/2] ( I:3.25ns O:3.25ns )   --->   "%imag_sample_load = load i10 %imag_sample_addr" [dft.cpp:17]   --->   Operation 91 'load' 'imag_sample_load' <Predicate = true> <Delay = 3.25> <CoreInst = "RAM">   --->   Core 81 'RAM' <Latency = 1> <II = 1> <Delay = 3.25> <Storage> <Opcode : 'load' 'store'> <Ports = 2> <Width = 32> <Depth = 1024> <RAM>
ST_8 : Operation 92 [1/1] (0.00ns)   --->   "%empty_37 = bitcast i32 %imag_sample_load" [dft.cpp:17]   --->   Operation 92 'bitcast' 'empty_37' <Predicate = true> <Delay = 0.00>
ST_8 : Operation 93 [1/1] (1.58ns)   --->   "%br_ln18 = br void %for.inc35" [dft.cpp:18]   --->   Operation 93 'br' 'br_ln18' <Predicate = true> <Delay = 1.58>

State 9 <SV = 8> <Delay = 6.28>
ST_9 : Operation 94 [1/1] (0.00ns)   --->   "%i_3 = phi i11 0, void %VITIS_LOOP_18_3.split, i11 %add_ln18, void %for.inc35.split" [dft.cpp:18]   --->   Operation 94 'phi' 'i_3' <Predicate = true> <Delay = 0.00>
ST_9 : Operation 95 [1/1] (1.63ns)   --->   "%icmp_ln18 = icmp_eq  i11 %i_3, i11 1024" [dft.cpp:18]   --->   Operation 95 'icmp' 'icmp_ln18' <Predicate = true> <Delay = 1.63> <CoreInst = "Cmp">   --->   Core 9 'Cmp' <Latency = 0> <II = 1> <Delay = 1.54> <FuncUnit> <Opcode : 'seteq' 'setne' 'setle' 'setge' 'setlt' 'setgt'> <InPorts = 2> <OutPorts = 1>
ST_9 : Operation 96 [1/1] (1.63ns)   --->   "%add_ln18 = add i11 %i_3, i11 1" [dft.cpp:18]   --->   Operation 96 'add' 'add_ln18' <Predicate = true> <Delay = 1.63> <CoreInst = "Adder">   --->   Core 1 'Adder' <Latency = 0> <II = 1> <Delay = 1.63> <FuncUnit> <Opcode : 'add' 'sub'> <InPorts = 2> <OutPorts = 1>
ST_9 : Operation 97 [1/1] (0.00ns)   --->   "%br_ln18 = br i1 %icmp_ln18, void %for.inc35.split, void %for.inc38" [dft.cpp:18]   --->   Operation 97 'br' 'br_ln18' <Predicate = true> <Delay = 0.00>
ST_9 : Operation 98 [1/1] (0.00ns)   --->   "%trunc_ln19 = trunc i11 %i_3" [dft.cpp:19]   --->   Operation 98 'trunc' 'trunc_ln19' <Predicate = (!icmp_ln18)> <Delay = 0.00>
ST_9 : Operation 99 [1/1] (0.00ns)   --->   "%zext_ln19 = zext i10 %trunc_ln19" [dft.cpp:19]   --->   Operation 99 'zext' 'zext_ln19' <Predicate = (!icmp_ln18)> <Delay = 0.00>
ST_9 : Operation 100 [6/6] (6.28ns)   --->   "%conv = sitodp i32 %zext_ln19" [dft.cpp:19]   --->   Operation 100 'sitodp' 'conv' <Predicate = (!icmp_ln18)> <Delay = 6.28> <CoreInst = "Int2Double">   --->   Core 66 'Int2Double' <Latency = 5> <II = 1> <Delay = 6.28> <FuncUnit> <Opcode : 'uitodp' 'sitodp'> <InPorts = 1> <OutPorts = 1>
ST_9 : Operation 101 [1/1] (1.58ns)   --->   "%store_ln7 = store i11 %add_ln17, i11 %j" [dft.cpp:7]   --->   Operation 101 'store' 'store_ln7' <Predicate = (icmp_ln18)> <Delay = 1.58>
ST_9 : Operation 102 [1/1] (0.00ns)   --->   "%br_ln17 = br void %VITIS_LOOP_18_3" [dft.cpp:17]   --->   Operation 102 'br' 'br_ln17' <Predicate = (icmp_ln18)> <Delay = 0.00>

State 10 <SV = 9> <Delay = 6.28>
ST_10 : Operation 103 [5/6] (6.28ns)   --->   "%conv = sitodp i32 %zext_ln19" [dft.cpp:19]   --->   Operation 103 'sitodp' 'conv' <Predicate = true> <Delay = 6.28> <CoreInst = "Int2Double">   --->   Core 66 'Int2Double' <Latency = 5> <II = 1> <Delay = 6.28> <FuncUnit> <Opcode : 'uitodp' 'sitodp'> <InPorts = 1> <OutPorts = 1>

State 11 <SV = 10> <Delay = 6.28>
ST_11 : Operation 104 [4/6] (6.28ns)   --->   "%conv = sitodp i32 %zext_ln19" [dft.cpp:19]   --->   Operation 104 'sitodp' 'conv' <Predicate = true> <Delay = 6.28> <CoreInst = "Int2Double">   --->   Core 66 'Int2Double' <Latency = 5> <II = 1> <Delay = 6.28> <FuncUnit> <Opcode : 'uitodp' 'sitodp'> <InPorts = 1> <OutPorts = 1>

State 12 <SV = 11> <Delay = 6.28>
ST_12 : Operation 105 [3/6] (6.28ns)   --->   "%conv = sitodp i32 %zext_ln19" [dft.cpp:19]   --->   Operation 105 'sitodp' 'conv' <Predicate = true> <Delay = 6.28> <CoreInst = "Int2Double">   --->   Core 66 'Int2Double' <Latency = 5> <II = 1> <Delay = 6.28> <FuncUnit> <Opcode : 'uitodp' 'sitodp'> <InPorts = 1> <OutPorts = 1>

State 13 <SV = 12> <Delay = 6.28>
ST_13 : Operation 106 [2/6] (6.28ns)   --->   "%conv = sitodp i32 %zext_ln19" [dft.cpp:19]   --->   Operation 106 'sitodp' 'conv' <Predicate = true> <Delay = 6.28> <CoreInst = "Int2Double">   --->   Core 66 'Int2Double' <Latency = 5> <II = 1> <Delay = 6.28> <FuncUnit> <Opcode : 'uitodp' 'sitodp'> <InPorts = 1> <OutPorts = 1>

State 14 <SV = 13> <Delay = 6.28>
ST_14 : Operation 107 [1/6] (6.28ns)   --->   "%conv = sitodp i32 %zext_ln19" [dft.cpp:19]   --->   Operation 107 'sitodp' 'conv' <Predicate = true> <Delay = 6.28> <CoreInst = "Int2Double">   --->   Core 66 'Int2Double' <Latency = 5> <II = 1> <Delay = 6.28> <FuncUnit> <Opcode : 'uitodp' 'sitodp'> <InPorts = 1> <OutPorts = 1>

State 15 <SV = 14> <Delay = 6.71>
ST_15 : Operation 108 [7/7] (6.71ns)   --->   "%mul = dmul i64 %conv, i64 6.28319" [dft.cpp:19]   --->   Operation 108 'dmul' 'mul' <Predicate = true> <Delay = 6.71> <CoreInst = "DMul_maxdsp">   --->   Core 49 'DMul_maxdsp' <Latency = 6> <II = 1> <Delay = 6.71> <FuncUnit> <Opcode : 'dmul'> <InPorts = 2> <OutPorts = 1>

State 16 <SV = 15> <Delay = 6.71>
ST_16 : Operation 109 [6/7] (6.71ns)   --->   "%mul = dmul i64 %conv, i64 6.28319" [dft.cpp:19]   --->   Operation 109 'dmul' 'mul' <Predicate = true> <Delay = 6.71> <CoreInst = "DMul_maxdsp">   --->   Core 49 'DMul_maxdsp' <Latency = 6> <II = 1> <Delay = 6.71> <FuncUnit> <Opcode : 'dmul'> <InPorts = 2> <OutPorts = 1>

State 17 <SV = 16> <Delay = 6.71>
ST_17 : Operation 110 [5/7] (6.71ns)   --->   "%mul = dmul i64 %conv, i64 6.28319" [dft.cpp:19]   --->   Operation 110 'dmul' 'mul' <Predicate = true> <Delay = 6.71> <CoreInst = "DMul_maxdsp">   --->   Core 49 'DMul_maxdsp' <Latency = 6> <II = 1> <Delay = 6.71> <FuncUnit> <Opcode : 'dmul'> <InPorts = 2> <OutPorts = 1>

State 18 <SV = 17> <Delay = 6.71>
ST_18 : Operation 111 [4/7] (6.71ns)   --->   "%mul = dmul i64 %conv, i64 6.28319" [dft.cpp:19]   --->   Operation 111 'dmul' 'mul' <Predicate = true> <Delay = 6.71> <CoreInst = "DMul_maxdsp">   --->   Core 49 'DMul_maxdsp' <Latency = 6> <II = 1> <Delay = 6.71> <FuncUnit> <Opcode : 'dmul'> <InPorts = 2> <OutPorts = 1>

State 19 <SV = 18> <Delay = 6.71>
ST_19 : Operation 112 [3/7] (6.71ns)   --->   "%mul = dmul i64 %conv, i64 6.28319" [dft.cpp:19]   --->   Operation 112 'dmul' 'mul' <Predicate = true> <Delay = 6.71> <CoreInst = "DMul_maxdsp">   --->   Core 49 'DMul_maxdsp' <Latency = 6> <II = 1> <Delay = 6.71> <FuncUnit> <Opcode : 'dmul'> <InPorts = 2> <OutPorts = 1>

State 20 <SV = 19> <Delay = 6.71>
ST_20 : Operation 113 [2/7] (6.71ns)   --->   "%mul = dmul i64 %conv, i64 6.28319" [dft.cpp:19]   --->   Operation 113 'dmul' 'mul' <Predicate = true> <Delay = 6.71> <CoreInst = "DMul_maxdsp">   --->   Core 49 'DMul_maxdsp' <Latency = 6> <II = 1> <Delay = 6.71> <FuncUnit> <Opcode : 'dmul'> <InPorts = 2> <OutPorts = 1>

State 21 <SV = 20> <Delay = 6.71>
ST_21 : Operation 114 [1/7] (6.71ns)   --->   "%mul = dmul i64 %conv, i64 6.28319" [dft.cpp:19]   --->   Operation 114 'dmul' 'mul' <Predicate = true> <Delay = 6.71> <CoreInst = "DMul_maxdsp">   --->   Core 49 'DMul_maxdsp' <Latency = 6> <II = 1> <Delay = 6.71> <FuncUnit> <Opcode : 'dmul'> <InPorts = 2> <OutPorts = 1>

State 22 <SV = 21> <Delay = 6.71>
ST_22 : Operation 115 [7/7] (6.71ns)   --->   "%mul1 = dmul i64 %mul, i64 %conv9" [dft.cpp:19]   --->   Operation 115 'dmul' 'mul1' <Predicate = true> <Delay = 6.71> <CoreInst = "DMul_maxdsp">   --->   Core 49 'DMul_maxdsp' <Latency = 6> <II = 1> <Delay = 6.71> <FuncUnit> <Opcode : 'dmul'> <InPorts = 2> <OutPorts = 1>

State 23 <SV = 22> <Delay = 6.71>
ST_23 : Operation 116 [6/7] (6.71ns)   --->   "%mul1 = dmul i64 %mul, i64 %conv9" [dft.cpp:19]   --->   Operation 116 'dmul' 'mul1' <Predicate = true> <Delay = 6.71> <CoreInst = "DMul_maxdsp">   --->   Core 49 'DMul_maxdsp' <Latency = 6> <II = 1> <Delay = 6.71> <FuncUnit> <Opcode : 'dmul'> <InPorts = 2> <OutPorts = 1>

State 24 <SV = 23> <Delay = 6.71>
ST_24 : Operation 117 [5/7] (6.71ns)   --->   "%mul1 = dmul i64 %mul, i64 %conv9" [dft.cpp:19]   --->   Operation 117 'dmul' 'mul1' <Predicate = true> <Delay = 6.71> <CoreInst = "DMul_maxdsp">   --->   Core 49 'DMul_maxdsp' <Latency = 6> <II = 1> <Delay = 6.71> <FuncUnit> <Opcode : 'dmul'> <InPorts = 2> <OutPorts = 1>

State 25 <SV = 24> <Delay = 6.71>
ST_25 : Operation 118 [4/7] (6.71ns)   --->   "%mul1 = dmul i64 %mul, i64 %conv9" [dft.cpp:19]   --->   Operation 118 'dmul' 'mul1' <Predicate = true> <Delay = 6.71> <CoreInst = "DMul_maxdsp">   --->   Core 49 'DMul_maxdsp' <Latency = 6> <II = 1> <Delay = 6.71> <FuncUnit> <Opcode : 'dmul'> <InPorts = 2> <OutPorts = 1>

State 26 <SV = 25> <Delay = 6.71>
ST_26 : Operation 119 [3/7] (6.71ns)   --->   "%mul1 = dmul i64 %mul, i64 %conv9" [dft.cpp:19]   --->   Operation 119 'dmul' 'mul1' <Predicate = true> <Delay = 6.71> <CoreInst = "DMul_maxdsp">   --->   Core 49 'DMul_maxdsp' <Latency = 6> <II = 1> <Delay = 6.71> <FuncUnit> <Opcode : 'dmul'> <InPorts = 2> <OutPorts = 1>

State 27 <SV = 26> <Delay = 6.71>
ST_27 : Operation 120 [2/7] (6.71ns)   --->   "%mul1 = dmul i64 %mul, i64 %conv9" [dft.cpp:19]   --->   Operation 120 'dmul' 'mul1' <Predicate = true> <Delay = 6.71> <CoreInst = "DMul_maxdsp">   --->   Core 49 'DMul_maxdsp' <Latency = 6> <II = 1> <Delay = 6.71> <FuncUnit> <Opcode : 'dmul'> <InPorts = 2> <OutPorts = 1>

State 28 <SV = 27> <Delay = 6.71>
ST_28 : Operation 121 [1/7] (6.71ns)   --->   "%mul1 = dmul i64 %mul, i64 %conv9" [dft.cpp:19]   --->   Operation 121 'dmul' 'mul1' <Predicate = true> <Delay = 6.71> <CoreInst = "DMul_maxdsp">   --->   Core 49 'DMul_maxdsp' <Latency = 6> <II = 1> <Delay = 6.71> <FuncUnit> <Opcode : 'dmul'> <InPorts = 2> <OutPorts = 1>

State 29 <SV = 28> <Delay = 6.71>
ST_29 : Operation 122 [7/7] (6.71ns)   --->   "%w_double = dmul i64 %mul1, i64 0.000976562" [dft.cpp:19]   --->   Operation 122 'dmul' 'w_double' <Predicate = true> <Delay = 6.71> <CoreInst = "DMul_maxdsp">   --->   Core 49 'DMul_maxdsp' <Latency = 6> <II = 1> <Delay = 6.71> <FuncUnit> <Opcode : 'dmul'> <InPorts = 2> <OutPorts = 1>

State 30 <SV = 29> <Delay = 6.71>
ST_30 : Operation 123 [6/7] (6.71ns)   --->   "%w_double = dmul i64 %mul1, i64 0.000976562" [dft.cpp:19]   --->   Operation 123 'dmul' 'w_double' <Predicate = true> <Delay = 6.71> <CoreInst = "DMul_maxdsp">   --->   Core 49 'DMul_maxdsp' <Latency = 6> <II = 1> <Delay = 6.71> <FuncUnit> <Opcode : 'dmul'> <InPorts = 2> <OutPorts = 1>

State 31 <SV = 30> <Delay = 6.71>
ST_31 : Operation 124 [5/7] (6.71ns)   --->   "%w_double = dmul i64 %mul1, i64 0.000976562" [dft.cpp:19]   --->   Operation 124 'dmul' 'w_double' <Predicate = true> <Delay = 6.71> <CoreInst = "DMul_maxdsp">   --->   Core 49 'DMul_maxdsp' <Latency = 6> <II = 1> <Delay = 6.71> <FuncUnit> <Opcode : 'dmul'> <InPorts = 2> <OutPorts = 1>

State 32 <SV = 31> <Delay = 6.71>
ST_32 : Operation 125 [4/7] (6.71ns)   --->   "%w_double = dmul i64 %mul1, i64 0.000976562" [dft.cpp:19]   --->   Operation 125 'dmul' 'w_double' <Predicate = true> <Delay = 6.71> <CoreInst = "DMul_maxdsp">   --->   Core 49 'DMul_maxdsp' <Latency = 6> <II = 1> <Delay = 6.71> <FuncUnit> <Opcode : 'dmul'> <InPorts = 2> <OutPorts = 1>

State 33 <SV = 32> <Delay = 6.71>
ST_33 : Operation 126 [3/7] (6.71ns)   --->   "%w_double = dmul i64 %mul1, i64 0.000976562" [dft.cpp:19]   --->   Operation 126 'dmul' 'w_double' <Predicate = true> <Delay = 6.71> <CoreInst = "DMul_maxdsp">   --->   Core 49 'DMul_maxdsp' <Latency = 6> <II = 1> <Delay = 6.71> <FuncUnit> <Opcode : 'dmul'> <InPorts = 2> <OutPorts = 1>

State 34 <SV = 33> <Delay = 6.71>
ST_34 : Operation 127 [2/7] (6.71ns)   --->   "%w_double = dmul i64 %mul1, i64 0.000976562" [dft.cpp:19]   --->   Operation 127 'dmul' 'w_double' <Predicate = true> <Delay = 6.71> <CoreInst = "DMul_maxdsp">   --->   Core 49 'DMul_maxdsp' <Latency = 6> <II = 1> <Delay = 6.71> <FuncUnit> <Opcode : 'dmul'> <InPorts = 2> <OutPorts = 1>

State 35 <SV = 34> <Delay = 6.71>
ST_35 : Operation 128 [1/7] (6.71ns)   --->   "%w_double = dmul i64 %mul1, i64 0.000976562" [dft.cpp:19]   --->   Operation 128 'dmul' 'w_double' <Predicate = true> <Delay = 6.71> <CoreInst = "DMul_maxdsp">   --->   Core 49 'DMul_maxdsp' <Latency = 6> <II = 1> <Delay = 6.71> <FuncUnit> <Opcode : 'dmul'> <InPorts = 2> <OutPorts = 1>

State 36 <SV = 35> <Delay = 5.58>
ST_36 : Operation 129 [2/2] (5.58ns)   --->   "%c_double = call i64 @sin_or_cos<double>, i64 %w_double, i1 1, i256 %ref_4oPi_table_256, i59 %fourth_order_double_sin_cos_K0, i52 %fourth_order_double_sin_cos_K1, i44 %fourth_order_double_sin_cos_K2, i33 %fourth_order_double_sin_cos_K3, i25 %fourth_order_double_sin_cos_K4" [/wrk/ci/prod/2024.2/hls_product/continuous/495/2024.2/src/shared/hls/clib/hlsmath/src/common/hls_hotbm_double.cpp:144->/wrk/ci/prod/2024.2/hls_product/continuous/495/2024.2/src/shared/hls/clib/hlsmath/src/c/sincosdouble.cpp:13->dft.cpp:21]   --->   Operation 129 'call' 'c_double' <Predicate = true> <Delay = 5.58> <CoreType = "Generic">   --->   Generic Core
ST_36 : Operation 130 [2/2] (5.58ns)   --->   "%tmp = call i64 @sin_or_cos<double>, i64 %w_double, i1 0, i256 %ref_4oPi_table_256, i59 %fourth_order_double_sin_cos_K0, i52 %fourth_order_double_sin_cos_K1, i44 %fourth_order_double_sin_cos_K2, i33 %fourth_order_double_sin_cos_K3, i25 %fourth_order_double_sin_cos_K4" [/wrk/ci/prod/2024.2/hls_product/continuous/495/2024.2/src/shared/hls/clib/hlsmath/src/common/hls_hotbm_double.cpp:140->/wrk/ci/prod/2024.2/hls_product/continuous/495/2024.2/src/shared/hls/clib/hlsmath/src/c/sincosdouble.cpp:8->dft.cpp:22]   --->   Operation 130 'call' 'tmp' <Predicate = true> <Delay = 5.58> <CoreType = "Generic">   --->   Generic Core

State 37 <SV = 36> <Delay = 6.16>
ST_37 : Operation 131 [1/2] (6.16ns)   --->   "%c_double = call i64 @sin_or_cos<double>, i64 %w_double, i1 1, i256 %ref_4oPi_table_256, i59 %fourth_order_double_sin_cos_K0, i52 %fourth_order_double_sin_cos_K1, i44 %fourth_order_double_sin_cos_K2, i33 %fourth_order_double_sin_cos_K3, i25 %fourth_order_double_sin_cos_K4" [/wrk/ci/prod/2024.2/hls_product/continuous/495/2024.2/src/shared/hls/clib/hlsmath/src/common/hls_hotbm_double.cpp:144->/wrk/ci/prod/2024.2/hls_product/continuous/495/2024.2/src/shared/hls/clib/hlsmath/src/c/sincosdouble.cpp:13->dft.cpp:21]   --->   Operation 131 'call' 'c_double' <Predicate = true> <Delay = 6.16> <CoreType = "Generic">   --->   Generic Core
ST_37 : Operation 132 [1/2] (6.16ns)   --->   "%tmp = call i64 @sin_or_cos<double>, i64 %w_double, i1 0, i256 %ref_4oPi_table_256, i59 %fourth_order_double_sin_cos_K0, i52 %fourth_order_double_sin_cos_K1, i44 %fourth_order_double_sin_cos_K2, i33 %fourth_order_double_sin_cos_K3, i25 %fourth_order_double_sin_cos_K4" [/wrk/ci/prod/2024.2/hls_product/continuous/495/2024.2/src/shared/hls/clib/hlsmath/src/common/hls_hotbm_double.cpp:140->/wrk/ci/prod/2024.2/hls_product/continuous/495/2024.2/src/shared/hls/clib/hlsmath/src/c/sincosdouble.cpp:8->dft.cpp:22]   --->   Operation 132 'call' 'tmp' <Predicate = true> <Delay = 6.16> <CoreType = "Generic">   --->   Generic Core

State 38 <SV = 37> <Delay = 6.18>
ST_38 : Operation 133 [1/1] (0.00ns)   --->   "%bitcast_ln22 = bitcast i64 %tmp" [dft.cpp:22]   --->   Operation 133 'bitcast' 'bitcast_ln22' <Predicate = true> <Delay = 0.00>
ST_38 : Operation 134 [1/1] (0.00ns)   --->   "%bit_sel = bitselect i1 @_ssdm_op_BitSelect.i1.i64.i64, i64 %bitcast_ln22, i64 63" [dft.cpp:22]   --->   Operation 134 'bitselect' 'bit_sel' <Predicate = true> <Delay = 0.00>
ST_38 : Operation 135 [1/1] (0.97ns)   --->   "%xor_ln22 = xor i1 %bit_sel, i1 1" [dft.cpp:22]   --->   Operation 135 'xor' 'xor_ln22' <Predicate = true> <Delay = 0.97> <CoreInst = "LogicGate">   --->   Core 74 'LogicGate' <Latency = 0> <II = 1> <Delay = 0.97> <FuncUnit> <Opcode : 'and' 'or' 'xor'> <InPorts = 2> <OutPorts = 1>
ST_38 : Operation 136 [1/1] (0.00ns)   --->   "%trunc_ln22 = trunc i64 %bitcast_ln22" [dft.cpp:22]   --->   Operation 136 'trunc' 'trunc_ln22' <Predicate = true> <Delay = 0.00>
ST_38 : Operation 137 [1/1] (0.00ns)   --->   "%xor_ln = bitconcatenate i64 @_ssdm_op_BitConcatenate.i64.i1.i63, i1 %xor_ln22, i63 %trunc_ln22" [dft.cpp:22]   --->   Operation 137 'bitconcatenate' 'xor_ln' <Predicate = true> <Delay = 0.00>
ST_38 : Operation 138 [1/1] (0.00ns)   --->   "%s_double = bitcast i64 %xor_ln" [dft.cpp:22]   --->   Operation 138 'bitcast' 's_double' <Predicate = true> <Delay = 0.00>
ST_38 : Operation 139 [2/2] (5.20ns)   --->   "%conv1 = fptrunc i64 %c_double" [dft.cpp:24]   --->   Operation 139 'fptrunc' 'conv1' <Predicate = true> <Delay = 5.20> <CoreInst = "Double2Float">   --->   Core 67 'Double2Float' <Latency = 1> <II = 1> <Delay = 5.20> <FuncUnit> <Opcode : 'fptrunc'> <InPorts = 1> <OutPorts = 1>
ST_38 : Operation 140 [2/2] (5.20ns)   --->   "%conv2 = fptrunc i64 %s_double" [dft.cpp:24]   --->   Operation 140 'fptrunc' 'conv2' <Predicate = true> <Delay = 5.20> <CoreInst = "Double2Float">   --->   Core 67 'Double2Float' <Latency = 1> <II = 1> <Delay = 5.20> <FuncUnit> <Opcode : 'fptrunc'> <InPorts = 1> <OutPorts = 1>

State 39 <SV = 38> <Delay = 5.20>
ST_39 : Operation 141 [1/2] (5.20ns)   --->   "%conv1 = fptrunc i64 %c_double" [dft.cpp:24]   --->   Operation 141 'fptrunc' 'conv1' <Predicate = true> <Delay = 5.20> <CoreInst = "Double2Float">   --->   Core 67 'Double2Float' <Latency = 1> <II = 1> <Delay = 5.20> <FuncUnit> <Opcode : 'fptrunc'> <InPorts = 1> <OutPorts = 1>
ST_39 : Operation 142 [1/2] (5.20ns)   --->   "%conv2 = fptrunc i64 %s_double" [dft.cpp:24]   --->   Operation 142 'fptrunc' 'conv2' <Predicate = true> <Delay = 5.20> <CoreInst = "Double2Float">   --->   Core 67 'Double2Float' <Latency = 1> <II = 1> <Delay = 5.20> <FuncUnit> <Opcode : 'fptrunc'> <InPorts = 1> <OutPorts = 1>

State 40 <SV = 39> <Delay = 5.70>
ST_40 : Operation 143 [4/4] (5.70ns)   --->   "%mul2 = fmul i32 %empty_36, i32 %conv1" [dft.cpp:24]   --->   Operation 143 'fmul' 'mul2' <Predicate = true> <Delay = 5.70> <CoreInst = "FMul_maxdsp">   --->   Core 30 'FMul_maxdsp' <Latency = 3> <II = 1> <Delay = 5.70> <FuncUnit> <Opcode : 'fmul'> <InPorts = 2> <OutPorts = 1>
ST_40 : Operation 144 [4/4] (5.70ns)   --->   "%mul3 = fmul i32 %empty_37, i32 %conv2" [dft.cpp:24]   --->   Operation 144 'fmul' 'mul3' <Predicate = true> <Delay = 5.70> <CoreInst = "FMul_maxdsp">   --->   Core 30 'FMul_maxdsp' <Latency = 3> <II = 1> <Delay = 5.70> <FuncUnit> <Opcode : 'fmul'> <InPorts = 2> <OutPorts = 1>
ST_40 : Operation 145 [4/4] (5.70ns)   --->   "%mul4 = fmul i32 %empty_36, i32 %conv2" [dft.cpp:25]   --->   Operation 145 'fmul' 'mul4' <Predicate = true> <Delay = 5.70> <CoreInst = "FMul_maxdsp">   --->   Core 30 'FMul_maxdsp' <Latency = 3> <II = 1> <Delay = 5.70> <FuncUnit> <Opcode : 'fmul'> <InPorts = 2> <OutPorts = 1>
ST_40 : Operation 146 [4/4] (5.70ns)   --->   "%mul5 = fmul i32 %empty_37, i32 %conv1" [dft.cpp:25]   --->   Operation 146 'fmul' 'mul5' <Predicate = true> <Delay = 5.70> <CoreInst = "FMul_maxdsp">   --->   Core 30 'FMul_maxdsp' <Latency = 3> <II = 1> <Delay = 5.70> <FuncUnit> <Opcode : 'fmul'> <InPorts = 2> <OutPorts = 1>

State 41 <SV = 40> <Delay = 5.70>
ST_41 : Operation 147 [3/4] (5.70ns)   --->   "%mul2 = fmul i32 %empty_36, i32 %conv1" [dft.cpp:24]   --->   Operation 147 'fmul' 'mul2' <Predicate = true> <Delay = 5.70> <CoreInst = "FMul_maxdsp">   --->   Core 30 'FMul_maxdsp' <Latency = 3> <II = 1> <Delay = 5.70> <FuncUnit> <Opcode : 'fmul'> <InPorts = 2> <OutPorts = 1>
ST_41 : Operation 148 [3/4] (5.70ns)   --->   "%mul3 = fmul i32 %empty_37, i32 %conv2" [dft.cpp:24]   --->   Operation 148 'fmul' 'mul3' <Predicate = true> <Delay = 5.70> <CoreInst = "FMul_maxdsp">   --->   Core 30 'FMul_maxdsp' <Latency = 3> <II = 1> <Delay = 5.70> <FuncUnit> <Opcode : 'fmul'> <InPorts = 2> <OutPorts = 1>
ST_41 : Operation 149 [3/4] (5.70ns)   --->   "%mul4 = fmul i32 %empty_36, i32 %conv2" [dft.cpp:25]   --->   Operation 149 'fmul' 'mul4' <Predicate = true> <Delay = 5.70> <CoreInst = "FMul_maxdsp">   --->   Core 30 'FMul_maxdsp' <Latency = 3> <II = 1> <Delay = 5.70> <FuncUnit> <Opcode : 'fmul'> <InPorts = 2> <OutPorts = 1>
ST_41 : Operation 150 [3/4] (5.70ns)   --->   "%mul5 = fmul i32 %empty_37, i32 %conv1" [dft.cpp:25]   --->   Operation 150 'fmul' 'mul5' <Predicate = true> <Delay = 5.70> <CoreInst = "FMul_maxdsp">   --->   Core 30 'FMul_maxdsp' <Latency = 3> <II = 1> <Delay = 5.70> <FuncUnit> <Opcode : 'fmul'> <InPorts = 2> <OutPorts = 1>

State 42 <SV = 41> <Delay = 5.70>
ST_42 : Operation 151 [2/4] (5.70ns)   --->   "%mul2 = fmul i32 %empty_36, i32 %conv1" [dft.cpp:24]   --->   Operation 151 'fmul' 'mul2' <Predicate = true> <Delay = 5.70> <CoreInst = "FMul_maxdsp">   --->   Core 30 'FMul_maxdsp' <Latency = 3> <II = 1> <Delay = 5.70> <FuncUnit> <Opcode : 'fmul'> <InPorts = 2> <OutPorts = 1>
ST_42 : Operation 152 [2/4] (5.70ns)   --->   "%mul3 = fmul i32 %empty_37, i32 %conv2" [dft.cpp:24]   --->   Operation 152 'fmul' 'mul3' <Predicate = true> <Delay = 5.70> <CoreInst = "FMul_maxdsp">   --->   Core 30 'FMul_maxdsp' <Latency = 3> <II = 1> <Delay = 5.70> <FuncUnit> <Opcode : 'fmul'> <InPorts = 2> <OutPorts = 1>
ST_42 : Operation 153 [2/4] (5.70ns)   --->   "%mul4 = fmul i32 %empty_36, i32 %conv2" [dft.cpp:25]   --->   Operation 153 'fmul' 'mul4' <Predicate = true> <Delay = 5.70> <CoreInst = "FMul_maxdsp">   --->   Core 30 'FMul_maxdsp' <Latency = 3> <II = 1> <Delay = 5.70> <FuncUnit> <Opcode : 'fmul'> <InPorts = 2> <OutPorts = 1>
ST_42 : Operation 154 [2/4] (5.70ns)   --->   "%mul5 = fmul i32 %empty_37, i32 %conv1" [dft.cpp:25]   --->   Operation 154 'fmul' 'mul5' <Predicate = true> <Delay = 5.70> <CoreInst = "FMul_maxdsp">   --->   Core 30 'FMul_maxdsp' <Latency = 3> <II = 1> <Delay = 5.70> <FuncUnit> <Opcode : 'fmul'> <InPorts = 2> <OutPorts = 1>

State 43 <SV = 42> <Delay = 5.70>
ST_43 : Operation 155 [1/4] (5.70ns)   --->   "%mul2 = fmul i32 %empty_36, i32 %conv1" [dft.cpp:24]   --->   Operation 155 'fmul' 'mul2' <Predicate = true> <Delay = 5.70> <CoreInst = "FMul_maxdsp">   --->   Core 30 'FMul_maxdsp' <Latency = 3> <II = 1> <Delay = 5.70> <FuncUnit> <Opcode : 'fmul'> <InPorts = 2> <OutPorts = 1>
ST_43 : Operation 156 [1/4] (5.70ns)   --->   "%mul3 = fmul i32 %empty_37, i32 %conv2" [dft.cpp:24]   --->   Operation 156 'fmul' 'mul3' <Predicate = true> <Delay = 5.70> <CoreInst = "FMul_maxdsp">   --->   Core 30 'FMul_maxdsp' <Latency = 3> <II = 1> <Delay = 5.70> <FuncUnit> <Opcode : 'fmul'> <InPorts = 2> <OutPorts = 1>
ST_43 : Operation 157 [1/4] (5.70ns)   --->   "%mul4 = fmul i32 %empty_36, i32 %conv2" [dft.cpp:25]   --->   Operation 157 'fmul' 'mul4' <Predicate = true> <Delay = 5.70> <CoreInst = "FMul_maxdsp">   --->   Core 30 'FMul_maxdsp' <Latency = 3> <II = 1> <Delay = 5.70> <FuncUnit> <Opcode : 'fmul'> <InPorts = 2> <OutPorts = 1>
ST_43 : Operation 158 [1/4] (5.70ns)   --->   "%mul5 = fmul i32 %empty_37, i32 %conv1" [dft.cpp:25]   --->   Operation 158 'fmul' 'mul5' <Predicate = true> <Delay = 5.70> <CoreInst = "FMul_maxdsp">   --->   Core 30 'FMul_maxdsp' <Latency = 3> <II = 1> <Delay = 5.70> <FuncUnit> <Opcode : 'fmul'> <InPorts = 2> <OutPorts = 1>

State 44 <SV = 43> <Delay = 7.25>
ST_44 : Operation 159 [5/5] (7.25ns)   --->   "%sub = fsub i32 %mul2, i32 %mul3" [dft.cpp:24]   --->   Operation 159 'fsub' 'sub' <Predicate = true> <Delay = 7.25> <CoreInst = "FAddSub_fulldsp">   --->   Core 18 'FAddSub_fulldsp' <Latency = 4> <II = 1> <Delay = 7.25> <FuncUnit> <Opcode : 'fadd' 'fsub'> <InPorts = 2> <OutPorts = 1>
ST_44 : Operation 160 [5/5] (7.25ns)   --->   "%add1 = fadd i32 %mul4, i32 %mul5" [dft.cpp:25]   --->   Operation 160 'fadd' 'add1' <Predicate = true> <Delay = 7.25> <CoreInst = "FAddSub_fulldsp">   --->   Core 18 'FAddSub_fulldsp' <Latency = 4> <II = 1> <Delay = 7.25> <FuncUnit> <Opcode : 'fadd' 'fsub'> <InPorts = 2> <OutPorts = 1>

State 45 <SV = 44> <Delay = 7.25>
ST_45 : Operation 161 [4/5] (7.25ns)   --->   "%sub = fsub i32 %mul2, i32 %mul3" [dft.cpp:24]   --->   Operation 161 'fsub' 'sub' <Predicate = true> <Delay = 7.25> <CoreInst = "FAddSub_fulldsp">   --->   Core 18 'FAddSub_fulldsp' <Latency = 4> <II = 1> <Delay = 7.25> <FuncUnit> <Opcode : 'fadd' 'fsub'> <InPorts = 2> <OutPorts = 1>
ST_45 : Operation 162 [4/5] (7.25ns)   --->   "%add1 = fadd i32 %mul4, i32 %mul5" [dft.cpp:25]   --->   Operation 162 'fadd' 'add1' <Predicate = true> <Delay = 7.25> <CoreInst = "FAddSub_fulldsp">   --->   Core 18 'FAddSub_fulldsp' <Latency = 4> <II = 1> <Delay = 7.25> <FuncUnit> <Opcode : 'fadd' 'fsub'> <InPorts = 2> <OutPorts = 1>

State 46 <SV = 45> <Delay = 7.25>
ST_46 : Operation 163 [3/5] (7.25ns)   --->   "%sub = fsub i32 %mul2, i32 %mul3" [dft.cpp:24]   --->   Operation 163 'fsub' 'sub' <Predicate = true> <Delay = 7.25> <CoreInst = "FAddSub_fulldsp">   --->   Core 18 'FAddSub_fulldsp' <Latency = 4> <II = 1> <Delay = 7.25> <FuncUnit> <Opcode : 'fadd' 'fsub'> <InPorts = 2> <OutPorts = 1>
ST_46 : Operation 164 [3/5] (7.25ns)   --->   "%add1 = fadd i32 %mul4, i32 %mul5" [dft.cpp:25]   --->   Operation 164 'fadd' 'add1' <Predicate = true> <Delay = 7.25> <CoreInst = "FAddSub_fulldsp">   --->   Core 18 'FAddSub_fulldsp' <Latency = 4> <II = 1> <Delay = 7.25> <FuncUnit> <Opcode : 'fadd' 'fsub'> <InPorts = 2> <OutPorts = 1>

State 47 <SV = 46> <Delay = 7.25>
ST_47 : Operation 165 [1/1] (0.00ns)   --->   "%zext_ln18 = zext i11 %i_3" [dft.cpp:18]   --->   Operation 165 'zext' 'zext_ln18' <Predicate = true> <Delay = 0.00>
ST_47 : Operation 166 [2/5] (7.25ns)   --->   "%sub = fsub i32 %mul2, i32 %mul3" [dft.cpp:24]   --->   Operation 166 'fsub' 'sub' <Predicate = true> <Delay = 7.25> <CoreInst = "FAddSub_fulldsp">   --->   Core 18 'FAddSub_fulldsp' <Latency = 4> <II = 1> <Delay = 7.25> <FuncUnit> <Opcode : 'fadd' 'fsub'> <InPorts = 2> <OutPorts = 1>
ST_47 : Operation 167 [1/1] (0.00ns)   --->   "%real_op_addr = getelementptr i32 %real_op, i64 0, i64 %zext_ln18" [dft.cpp:24]   --->   Operation 167 'getelementptr' 'real_op_addr' <Predicate = true> <Delay = 0.00>
ST_47 : Operation 168 [2/2] (3.25ns)   --->   "%real_op_load = load i10 %real_op_addr" [dft.cpp:24]   --->   Operation 168 'load' 'real_op_load' <Predicate = true> <Delay = 3.25> <CoreInst = "RAM">   --->   Core 81 'RAM' <Latency = 1> <II = 1> <Delay = 3.25> <Storage> <Opcode : 'load' 'store'> <Ports = 2> <Width = 32> <Depth = 1024> <RAM>
ST_47 : Operation 169 [2/5] (7.25ns)   --->   "%add1 = fadd i32 %mul4, i32 %mul5" [dft.cpp:25]   --->   Operation 169 'fadd' 'add1' <Predicate = true> <Delay = 7.25> <CoreInst = "FAddSub_fulldsp">   --->   Core 18 'FAddSub_fulldsp' <Latency = 4> <II = 1> <Delay = 7.25> <FuncUnit> <Opcode : 'fadd' 'fsub'> <InPorts = 2> <OutPorts = 1>
ST_47 : Operation 170 [1/1] (0.00ns)   --->   "%imag_op_addr = getelementptr i32 %imag_op, i64 0, i64 %zext_ln18" [dft.cpp:25]   --->   Operation 170 'getelementptr' 'imag_op_addr' <Predicate = true> <Delay = 0.00>
ST_47 : Operation 171 [2/2] (3.25ns)   --->   "%imag_op_load = load i10 %imag_op_addr" [dft.cpp:25]   --->   Operation 171 'load' 'imag_op_load' <Predicate = true> <Delay = 3.25> <CoreInst = "RAM">   --->   Core 81 'RAM' <Latency = 1> <II = 1> <Delay = 3.25> <Storage> <Opcode : 'load' 'store'> <Ports = 2> <Width = 32> <Depth = 1024> <RAM>

State 48 <SV = 47> <Delay = 7.25>
ST_48 : Operation 172 [1/5] (7.25ns)   --->   "%sub = fsub i32 %mul2, i32 %mul3" [dft.cpp:24]   --->   Operation 172 'fsub' 'sub' <Predicate = true> <Delay = 7.25> <CoreInst = "FAddSub_fulldsp">   --->   Core 18 'FAddSub_fulldsp' <Latency = 4> <II = 1> <Delay = 7.25> <FuncUnit> <Opcode : 'fadd' 'fsub'> <InPorts = 2> <OutPorts = 1>
ST_48 : Operation 173 [1/2] ( I:3.25ns O:3.25ns )   --->   "%real_op_load = load i10 %real_op_addr" [dft.cpp:24]   --->   Operation 173 'load' 'real_op_load' <Predicate = true> <Delay = 3.25> <CoreInst = "RAM">   --->   Core 81 'RAM' <Latency = 1> <II = 1> <Delay = 3.25> <Storage> <Opcode : 'load' 'store'> <Ports = 2> <Width = 32> <Depth = 1024> <RAM>
ST_48 : Operation 174 [1/5] (7.25ns)   --->   "%add1 = fadd i32 %mul4, i32 %mul5" [dft.cpp:25]   --->   Operation 174 'fadd' 'add1' <Predicate = true> <Delay = 7.25> <CoreInst = "FAddSub_fulldsp">   --->   Core 18 'FAddSub_fulldsp' <Latency = 4> <II = 1> <Delay = 7.25> <FuncUnit> <Opcode : 'fadd' 'fsub'> <InPorts = 2> <OutPorts = 1>
ST_48 : Operation 175 [1/2] ( I:3.25ns O:3.25ns )   --->   "%imag_op_load = load i10 %imag_op_addr" [dft.cpp:25]   --->   Operation 175 'load' 'imag_op_load' <Predicate = true> <Delay = 3.25> <CoreInst = "RAM">   --->   Core 81 'RAM' <Latency = 1> <II = 1> <Delay = 3.25> <Storage> <Opcode : 'load' 'store'> <Ports = 2> <Width = 32> <Depth = 1024> <RAM>

State 49 <SV = 48> <Delay = 7.25>
ST_49 : Operation 176 [1/1] (0.00ns)   --->   "%bitcast_ln24 = bitcast i32 %real_op_load" [dft.cpp:24]   --->   Operation 176 'bitcast' 'bitcast_ln24' <Predicate = true> <Delay = 0.00>
ST_49 : Operation 177 [5/5] (7.25ns)   --->   "%add = fadd i32 %bitcast_ln24, i32 %sub" [dft.cpp:24]   --->   Operation 177 'fadd' 'add' <Predicate = true> <Delay = 7.25> <CoreInst = "FAddSub_fulldsp">   --->   Core 18 'FAddSub_fulldsp' <Latency = 4> <II = 1> <Delay = 7.25> <FuncUnit> <Opcode : 'fadd' 'fsub'> <InPorts = 2> <OutPorts = 1>
ST_49 : Operation 178 [1/1] (0.00ns)   --->   "%bitcast_ln25 = bitcast i32 %imag_op_load" [dft.cpp:25]   --->   Operation 178 'bitcast' 'bitcast_ln25' <Predicate = true> <Delay = 0.00>
ST_49 : Operation 179 [5/5] (7.25ns)   --->   "%add2 = fadd i32 %bitcast_ln25, i32 %add1" [dft.cpp:25]   --->   Operation 179 'fadd' 'add2' <Predicate = true> <Delay = 7.25> <CoreInst = "FAddSub_fulldsp">   --->   Core 18 'FAddSub_fulldsp' <Latency = 4> <II = 1> <Delay = 7.25> <FuncUnit> <Opcode : 'fadd' 'fsub'> <InPorts = 2> <OutPorts = 1>

State 50 <SV = 49> <Delay = 7.25>
ST_50 : Operation 180 [4/5] (7.25ns)   --->   "%add = fadd i32 %bitcast_ln24, i32 %sub" [dft.cpp:24]   --->   Operation 180 'fadd' 'add' <Predicate = true> <Delay = 7.25> <CoreInst = "FAddSub_fulldsp">   --->   Core 18 'FAddSub_fulldsp' <Latency = 4> <II = 1> <Delay = 7.25> <FuncUnit> <Opcode : 'fadd' 'fsub'> <InPorts = 2> <OutPorts = 1>
ST_50 : Operation 181 [4/5] (7.25ns)   --->   "%add2 = fadd i32 %bitcast_ln25, i32 %add1" [dft.cpp:25]   --->   Operation 181 'fadd' 'add2' <Predicate = true> <Delay = 7.25> <CoreInst = "FAddSub_fulldsp">   --->   Core 18 'FAddSub_fulldsp' <Latency = 4> <II = 1> <Delay = 7.25> <FuncUnit> <Opcode : 'fadd' 'fsub'> <InPorts = 2> <OutPorts = 1>

State 51 <SV = 50> <Delay = 7.25>
ST_51 : Operation 182 [3/5] (7.25ns)   --->   "%add = fadd i32 %bitcast_ln24, i32 %sub" [dft.cpp:24]   --->   Operation 182 'fadd' 'add' <Predicate = true> <Delay = 7.25> <CoreInst = "FAddSub_fulldsp">   --->   Core 18 'FAddSub_fulldsp' <Latency = 4> <II = 1> <Delay = 7.25> <FuncUnit> <Opcode : 'fadd' 'fsub'> <InPorts = 2> <OutPorts = 1>
ST_51 : Operation 183 [3/5] (7.25ns)   --->   "%add2 = fadd i32 %bitcast_ln25, i32 %add1" [dft.cpp:25]   --->   Operation 183 'fadd' 'add2' <Predicate = true> <Delay = 7.25> <CoreInst = "FAddSub_fulldsp">   --->   Core 18 'FAddSub_fulldsp' <Latency = 4> <II = 1> <Delay = 7.25> <FuncUnit> <Opcode : 'fadd' 'fsub'> <InPorts = 2> <OutPorts = 1>

State 52 <SV = 51> <Delay = 7.25>
ST_52 : Operation 184 [2/5] (7.25ns)   --->   "%add = fadd i32 %bitcast_ln24, i32 %sub" [dft.cpp:24]   --->   Operation 184 'fadd' 'add' <Predicate = true> <Delay = 7.25> <CoreInst = "FAddSub_fulldsp">   --->   Core 18 'FAddSub_fulldsp' <Latency = 4> <II = 1> <Delay = 7.25> <FuncUnit> <Opcode : 'fadd' 'fsub'> <InPorts = 2> <OutPorts = 1>
ST_52 : Operation 185 [2/5] (7.25ns)   --->   "%add2 = fadd i32 %bitcast_ln25, i32 %add1" [dft.cpp:25]   --->   Operation 185 'fadd' 'add2' <Predicate = true> <Delay = 7.25> <CoreInst = "FAddSub_fulldsp">   --->   Core 18 'FAddSub_fulldsp' <Latency = 4> <II = 1> <Delay = 7.25> <FuncUnit> <Opcode : 'fadd' 'fsub'> <InPorts = 2> <OutPorts = 1>

State 53 <SV = 52> <Delay = 7.25>
ST_53 : Operation 186 [1/5] (7.25ns)   --->   "%add = fadd i32 %bitcast_ln24, i32 %sub" [dft.cpp:24]   --->   Operation 186 'fadd' 'add' <Predicate = true> <Delay = 7.25> <CoreInst = "FAddSub_fulldsp">   --->   Core 18 'FAddSub_fulldsp' <Latency = 4> <II = 1> <Delay = 7.25> <FuncUnit> <Opcode : 'fadd' 'fsub'> <InPorts = 2> <OutPorts = 1>
ST_53 : Operation 187 [1/5] (7.25ns)   --->   "%add2 = fadd i32 %bitcast_ln25, i32 %add1" [dft.cpp:25]   --->   Operation 187 'fadd' 'add2' <Predicate = true> <Delay = 7.25> <CoreInst = "FAddSub_fulldsp">   --->   Core 18 'FAddSub_fulldsp' <Latency = 4> <II = 1> <Delay = 7.25> <FuncUnit> <Opcode : 'fadd' 'fsub'> <InPorts = 2> <OutPorts = 1>

State 54 <SV = 53> <Delay = 3.25>
ST_54 : Operation 188 [1/1] (0.00ns)   --->   "%speclooptripcount_ln7 = speclooptripcount void @_ssdm_op_SpecLoopTripCount, i64 1024, i64 1024, i64 1024" [dft.cpp:7]   --->   Operation 188 'speclooptripcount' 'speclooptripcount_ln7' <Predicate = true> <Delay = 0.00>
ST_54 : Operation 189 [1/1] (0.00ns)   --->   "%specloopname_ln18 = specloopname void @_ssdm_op_SpecLoopName, void @empty_2" [dft.cpp:18]   --->   Operation 189 'specloopname' 'specloopname_ln18' <Predicate = true> <Delay = 0.00>
ST_54 : Operation 190 [1/1] (0.00ns)   --->   "%bitcast_ln24_1 = bitcast i32 %add" [dft.cpp:24]   --->   Operation 190 'bitcast' 'bitcast_ln24_1' <Predicate = true> <Delay = 0.00>
ST_54 : Operation 191 [1/1] ( I:3.25ns O:3.25ns )   --->   "%store_ln24 = store i32 %bitcast_ln24_1, i10 %real_op_addr" [dft.cpp:24]   --->   Operation 191 'store' 'store_ln24' <Predicate = true> <Delay = 3.25> <CoreInst = "RAM">   --->   Core 81 'RAM' <Latency = 1> <II = 1> <Delay = 3.25> <Storage> <Opcode : 'load' 'store'> <Ports = 2> <Width = 32> <Depth = 1024> <RAM>
ST_54 : Operation 192 [1/1] (0.00ns)   --->   "%bitcast_ln25_1 = bitcast i32 %add2" [dft.cpp:25]   --->   Operation 192 'bitcast' 'bitcast_ln25_1' <Predicate = true> <Delay = 0.00>
ST_54 : Operation 193 [1/1] ( I:3.25ns O:3.25ns )   --->   "%store_ln25 = store i32 %bitcast_ln25_1, i10 %imag_op_addr" [dft.cpp:25]   --->   Operation 193 'store' 'store_ln25' <Predicate = true> <Delay = 3.25> <CoreInst = "RAM">   --->   Core 81 'RAM' <Latency = 1> <II = 1> <Delay = 3.25> <Storage> <Opcode : 'load' 'store'> <Ports = 2> <Width = 32> <Depth = 1024> <RAM>
ST_54 : Operation 194 [1/1] (0.00ns)   --->   "%br_ln18 = br void %for.inc35" [dft.cpp:18]   --->   Operation 194 'br' 'br_ln18' <Predicate = true> <Delay = 0.00>


============================================================
+ Verbose Summary: Binding
============================================================
STG Binding: 
---------------- STG Properties BEGIN ----------------
- Is combinational: 0
- Is one-state seq: 0
- Is datapath-only: 0
- Is pipelined: 0
- Is top level: 1
Port [ Return ] is wired: 1; IO mode=ap_ctrl_hs:ce=0
Port [ real_sample]:  wired=1; compound=1; hidden=0; nouse=0; global=0; static=0; extern=0; dir=0; type=1; pingpong=0; private_global=0; MemPort=[13]; IO mode=ap_memory:ce=0
Port [ imag_sample]:  wired=1; compound=1; hidden=0; nouse=0; global=0; static=0; extern=0; dir=0; type=1; pingpong=0; private_global=0; MemPort=[13]; IO mode=ap_memory:ce=0
Port [ real_op]:  wired=1; compound=1; hidden=0; nouse=0; global=0; static=0; extern=0; dir=2; type=1; pingpong=0; private_global=0; MemPort=[23]; IO mode=ap_memory:ce=0
Port [ imag_op]:  wired=1; compound=1; hidden=0; nouse=0; global=0; static=0; extern=0; dir=2; type=1; pingpong=0; private_global=0; MemPort=[23]; IO mode=ap_memory:ce=0
Port [ ref_4oPi_table_256]:  wired=0; compound=1; hidden=1; nouse=1; global=1; static=1; extern=0; dir=0; type=1; pingpong=0; private_global=0; MemPort=[1]; IO mode=ap_memory:ce=0
Port [ fourth_order_double_sin_cos_K0]:  wired=0; compound=1; hidden=1; nouse=1; global=1; static=1; extern=0; dir=0; type=1; pingpong=0; private_global=0; MemPort=[1]; IO mode=ap_memory:ce=0
Port [ fourth_order_double_sin_cos_K1]:  wired=0; compound=1; hidden=1; nouse=1; global=1; static=1; extern=0; dir=0; type=1; pingpong=0; private_global=0; MemPort=[1]; IO mode=ap_memory:ce=0
Port [ fourth_order_double_sin_cos_K2]:  wired=0; compound=1; hidden=1; nouse=1; global=1; static=1; extern=0; dir=0; type=1; pingpong=0; private_global=0; MemPort=[1]; IO mode=ap_memory:ce=0
Port [ fourth_order_double_sin_cos_K3]:  wired=0; compound=1; hidden=1; nouse=1; global=1; static=1; extern=0; dir=0; type=1; pingpong=0; private_global=0; MemPort=[1]; IO mode=ap_memory:ce=0
Port [ fourth_order_double_sin_cos_K4]:  wired=0; compound=1; hidden=1; nouse=1; global=1; static=1; extern=0; dir=0; type=1; pingpong=0; private_global=0; MemPort=[1]; IO mode=ap_memory:ce=0
---------------- STG Properties END ------------------

---------------- Datapath Model BEGIN ----------------

<LifeTime>
<method=bitvector/>
j                     (alloca           ) [ 0111111111111111111111111111111111111111111111111111111]
store_ln7             (store            ) [ 0000000000000000000000000000000000000000000000000000000]
spectopmodule_ln5     (spectopmodule    ) [ 0000000000000000000000000000000000000000000000000000000]
specinterface_ln0     (specinterface    ) [ 0000000000000000000000000000000000000000000000000000000]
specbitsmap_ln0       (specbitsmap      ) [ 0000000000000000000000000000000000000000000000000000000]
specinterface_ln0     (specinterface    ) [ 0000000000000000000000000000000000000000000000000000000]
specbitsmap_ln0       (specbitsmap      ) [ 0000000000000000000000000000000000000000000000000000000]
specinterface_ln0     (specinterface    ) [ 0000000000000000000000000000000000000000000000000000000]
specbitsmap_ln0       (specbitsmap      ) [ 0000000000000000000000000000000000000000000000000000000]
specinterface_ln0     (specinterface    ) [ 0000000000000000000000000000000000000000000000000000000]
specbitsmap_ln0       (specbitsmap      ) [ 0000000000000000000000000000000000000000000000000000000]
call_ln0              (call             ) [ 0000000000000000000000000000000000000000000000000000000]
br_ln17               (br               ) [ 0000000000000000000000000000000000000000000000000000000]
j_1                   (load             ) [ 0000111100000000000000000000000000000000000000000000000]
icmp_ln17             (icmp             ) [ 0001111111111111111111111111111111111111111111111111111]
add_ln17              (add              ) [ 0000111111111111111111111111111111111111111111111111111]
br_ln17               (br               ) [ 0000000000000000000000000000000000000000000000000000000]
empty                 (trunc            ) [ 0000000000000000000000000000000000000000000000000000000]
j_cast_cast           (zext             ) [ 0000111110000000000000000000000000000000000000000000000]
ret_ln28              (ret              ) [ 0000000000000000000000000000000000000000000000000000000]
zext_ln17             (zext             ) [ 0000000000000000000000000000000000000000000000000000000]
real_sample_addr      (getelementptr    ) [ 0000000010000000000000000000000000000000000000000000000]
imag_sample_addr      (getelementptr    ) [ 0000000010000000000000000000000000000000000000000000000]
speclooptripcount_ln7 (speclooptripcount) [ 0000000000000000000000000000000000000000000000000000000]
specloopname_ln17     (specloopname     ) [ 0000000000000000000000000000000000000000000000000000000]
conv9                 (sitodp           ) [ 0000000001111111111111111111111111111111111111111111111]
real_sample_load      (load             ) [ 0000000000000000000000000000000000000000000000000000000]
empty_36              (bitcast          ) [ 0000000001111111111111111111111111111111111111111111111]
imag_sample_load      (load             ) [ 0000000000000000000000000000000000000000000000000000000]
empty_37              (bitcast          ) [ 0000000001111111111111111111111111111111111111111111111]
br_ln18               (br               ) [ 0001111111111111111111111111111111111111111111111111111]
i_3                   (phi              ) [ 0000000001111111111111111111111111111111111111110000000]
icmp_ln18             (icmp             ) [ 0001111111111111111111111111111111111111111111111111111]
add_ln18              (add              ) [ 0001111111111111111111111111111111111111111111111111111]
br_ln18               (br               ) [ 0000000000000000000000000000000000000000000000000000000]
trunc_ln19            (trunc            ) [ 0000000000000000000000000000000000000000000000000000000]
zext_ln19             (zext             ) [ 0000000000111110000000000000000000000000000000000000000]
store_ln7             (store            ) [ 0000000000000000000000000000000000000000000000000000000]
br_ln17               (br               ) [ 0000000000000000000000000000000000000000000000000000000]
conv                  (sitodp           ) [ 0000000000000001111111000000000000000000000000000000000]
mul                   (dmul             ) [ 0000000000000000000000111111100000000000000000000000000]
mul1                  (dmul             ) [ 0000000000000000000000000000011111110000000000000000000]
w_double              (dmul             ) [ 0000000000000000000000000000000000001100000000000000000]
c_double              (call             ) [ 0000000000000000000000000000000000000011000000000000000]
tmp                   (call             ) [ 0000000000000000000000000000000000000010000000000000000]
bitcast_ln22          (bitcast          ) [ 0000000000000000000000000000000000000000000000000000000]
bit_sel               (bitselect        ) [ 0000000000000000000000000000000000000000000000000000000]
xor_ln22              (xor              ) [ 0000000000000000000000000000000000000000000000000000000]
trunc_ln22            (trunc            ) [ 0000000000000000000000000000000000000000000000000000000]
xor_ln                (bitconcatenate   ) [ 0000000000000000000000000000000000000000000000000000000]
s_double              (bitcast          ) [ 0000000000000000000000000000000000000001000000000000000]
conv1                 (fptrunc          ) [ 0000000000000000000000000000000000000000111100000000000]
conv2                 (fptrunc          ) [ 0000000000000000000000000000000000000000111100000000000]
mul2                  (fmul             ) [ 0000000000000000000000000000000000000000000011111000000]
mul3                  (fmul             ) [ 0000000000000000000000000000000000000000000011111000000]
mul4                  (fmul             ) [ 0000000000000000000000000000000000000000000011111000000]
mul5                  (fmul             ) [ 0000000000000000000000000000000000000000000011111000000]
zext_ln18             (zext             ) [ 0000000000000000000000000000000000000000000000000000000]
real_op_addr          (getelementptr    ) [ 0000000000000000000000000000000000000000000000001111111]
imag_op_addr          (getelementptr    ) [ 0000000000000000000000000000000000000000000000001111111]
sub                   (fsub             ) [ 0000000000000000000000000000000000000000000000000111110]
real_op_load          (load             ) [ 0000000000000000000000000000000000000000000000000100000]
add1                  (fadd             ) [ 0000000000000000000000000000000000000000000000000111110]
imag_op_load          (load             ) [ 0000000000000000000000000000000000000000000000000100000]
bitcast_ln24          (bitcast          ) [ 0000000000000000000000000000000000000000000000000011110]
bitcast_ln25          (bitcast          ) [ 0000000000000000000000000000000000000000000000000011110]
add                   (fadd             ) [ 0000000000000000000000000000000000000000000000000000001]
add2                  (fadd             ) [ 0000000000000000000000000000000000000000000000000000001]
speclooptripcount_ln7 (speclooptripcount) [ 0000000000000000000000000000000000000000000000000000000]
specloopname_ln18     (specloopname     ) [ 0000000000000000000000000000000000000000000000000000000]
bitcast_ln24_1        (bitcast          ) [ 0000000000000000000000000000000000000000000000000000000]
store_ln24            (store            ) [ 0000000000000000000000000000000000000000000000000000000]
bitcast_ln25_1        (bitcast          ) [ 0000000000000000000000000000000000000000000000000000000]
store_ln25            (store            ) [ 0000000000000000000000000000000000000000000000000000000]
br_ln18               (br               ) [ 0001111111111111111111111111111111111111111111111111111]
</LifeTime>

<model>

<comp_list>
<comp id="0" class="1000" name="real_sample">
<pin_list>
<pin id="1" dir="1" index="0" bw="1" slack="0"/>
</pin_list>
<bind>
<StgValue><ssdm name="real_sample"/><MemPortTyVec>1 3 </MemPortTyVec>
</StgValue>
</bind>
</comp>

<comp id="2" class="1000" name="imag_sample">
<pin_list>
<pin id="3" dir="1" index="0" bw="1" slack="0"/>
</pin_list>
<bind>
<StgValue><ssdm name="imag_sample"/><MemPortTyVec>1 3 </MemPortTyVec>
</StgValue>
</bind>
</comp>

<comp id="4" class="1000" name="real_op">
<pin_list>
<pin id="5" dir="1" index="0" bw="1" slack="0"/>
</pin_list>
<bind>
<StgValue><ssdm name="real_op"/><MemPortTyVec>2 3 </MemPortTyVec>
</StgValue>
</bind>
</comp>

<comp id="6" class="1000" name="imag_op">
<pin_list>
<pin id="7" dir="1" index="0" bw="1" slack="0"/>
</pin_list>
<bind>
<StgValue><ssdm name="imag_op"/><MemPortTyVec>2 3 </MemPortTyVec>
</StgValue>
</bind>
</comp>

<comp id="8" class="1000" name="ref_4oPi_table_256">
<pin_list>
<pin id="9" dir="1" index="0" bw="1" slack="0"/>
</pin_list>
<bind>
<StgValue><ssdm name="ref_4oPi_table_256"/><MemPortTyVec>1 </MemPortTyVec>
</StgValue>
</bind>
</comp>

<comp id="10" class="1000" name="fourth_order_double_sin_cos_K0">
<pin_list>
<pin id="11" dir="1" index="0" bw="1" slack="0"/>
</pin_list>
<bind>
<StgValue><ssdm name="fourth_order_double_sin_cos_K0"/><MemPortTyVec>1 </MemPortTyVec>
</StgValue>
</bind>
</comp>

<comp id="12" class="1000" name="fourth_order_double_sin_cos_K1">
<pin_list>
<pin id="13" dir="1" index="0" bw="1" slack="0"/>
</pin_list>
<bind>
<StgValue><ssdm name="fourth_order_double_sin_cos_K1"/><MemPortTyVec>1 </MemPortTyVec>
</StgValue>
</bind>
</comp>

<comp id="14" class="1000" name="fourth_order_double_sin_cos_K2">
<pin_list>
<pin id="15" dir="1" index="0" bw="1" slack="0"/>
</pin_list>
<bind>
<StgValue><ssdm name="fourth_order_double_sin_cos_K2"/><MemPortTyVec>1 </MemPortTyVec>
</StgValue>
</bind>
</comp>

<comp id="16" class="1000" name="fourth_order_double_sin_cos_K3">
<pin_list>
<pin id="17" dir="1" index="0" bw="1" slack="0"/>
</pin_list>
<bind>
<StgValue><ssdm name="fourth_order_double_sin_cos_K3"/><MemPortTyVec>1 </MemPortTyVec>
</StgValue>
</bind>
</comp>

<comp id="18" class="1000" name="fourth_order_double_sin_cos_K4">
<pin_list>
<pin id="19" dir="1" index="0" bw="1" slack="0"/>
</pin_list>
<bind>
<StgValue><ssdm name="fourth_order_double_sin_cos_K4"/><MemPortTyVec>1 </MemPortTyVec>
</StgValue>
</bind>
</comp>

<comp id="20" class="1001" name="const_20">
<pin_list>
<pin id="21" dir="1" index="0" bw="1" slack="0"/>
</pin_list>
<bind>
<StgValue><ssdm name=""/></StgValue>
</bind>
</comp>

<comp id="22" class="1001" name="const_22">
<pin_list>
<pin id="23" dir="1" index="0" bw="1" slack="0"/>
</pin_list>
<bind>
<StgValue><ssdm name="dft_Pipeline_VITIS_LOOP_12_1"/></StgValue>
</bind>
</comp>

<comp id="24" class="1001" name="const_24">
<pin_list>
<pin id="25" dir="1" index="0" bw="1" slack="0"/>
</pin_list>
<bind>
<StgValue><ssdm name=""/></StgValue>
</bind>
</comp>

<comp id="26" class="1001" name="const_26">
<pin_list>
<pin id="27" dir="1" index="0" bw="1" slack="2147483647"/>
</pin_list>
<bind>
<StgValue><ssdm name="_ssdm_op_SpecTopModule"/></StgValue>
</bind>
</comp>

<comp id="28" class="1001" name="const_28">
<pin_list>
<pin id="29" dir="1" index="0" bw="1" slack="2147483647"/>
</pin_list>
<bind>
<StgValue><ssdm name="empty_1"/></StgValue>
</bind>
</comp>

<comp id="30" class="1001" name="const_30">
<pin_list>
<pin id="31" dir="1" index="0" bw="1" slack="2147483647"/>
</pin_list>
<bind>
<StgValue><ssdm name="_ssdm_op_SpecInterface"/></StgValue>
</bind>
</comp>

<comp id="32" class="1001" name="const_32">
<pin_list>
<pin id="33" dir="1" index="0" bw="1" slack="2147483647"/>
</pin_list>
<bind>
<StgValue><ssdm name="empty"/></StgValue>
</bind>
</comp>

<comp id="34" class="1001" name="const_34">
<pin_list>
<pin id="35" dir="1" index="0" bw="1" slack="2147483647"/>
</pin_list>
<bind>
<StgValue><ssdm name=""/></StgValue>
</bind>
</comp>

<comp id="36" class="1001" name="const_36">
<pin_list>
<pin id="37" dir="1" index="0" bw="1" slack="2147483647"/>
</pin_list>
<bind>
<StgValue><ssdm name="empty_0"/></StgValue>
</bind>
</comp>

<comp id="38" class="1001" name="const_38">
<pin_list>
<pin id="39" dir="1" index="0" bw="1" slack="2147483647"/>
</pin_list>
<bind>
<StgValue><ssdm name=""/></StgValue>
</bind>
</comp>

<comp id="40" class="1001" name="const_40">
<pin_list>
<pin id="41" dir="1" index="0" bw="1" slack="2147483647"/>
</pin_list>
<bind>
<StgValue><ssdm name="_ssdm_op_SpecBitsMap"/></StgValue>
</bind>
</comp>

<comp id="42" class="1001" name="const_42">
<pin_list>
<pin id="43" dir="1" index="0" bw="1" slack="0"/>
</pin_list>
<bind>
<StgValue><ssdm name=""/></StgValue>
</bind>
</comp>

<comp id="44" class="1001" name="const_44">
<pin_list>
<pin id="45" dir="1" index="0" bw="1" slack="0"/>
</pin_list>
<bind>
<StgValue><ssdm name=""/></StgValue>
</bind>
</comp>

<comp id="46" class="1001" name="const_46">
<pin_list>
<pin id="47" dir="1" index="0" bw="1" slack="0"/>
</pin_list>
<bind>
<StgValue><ssdm name=""/></StgValue>
</bind>
</comp>

<comp id="48" class="1001" name="const_48">
<pin_list>
<pin id="49" dir="1" index="0" bw="1" slack="2147483647"/>
</pin_list>
<bind>
<StgValue><ssdm name="_ssdm_op_SpecLoopTripCount"/></StgValue>
</bind>
</comp>

<comp id="50" class="1001" name="const_50">
<pin_list>
<pin id="51" dir="1" index="0" bw="1" slack="2147483647"/>
</pin_list>
<bind>
<StgValue><ssdm name=""/></StgValue>
</bind>
</comp>

<comp id="52" class="1001" name="const_52">
<pin_list>
<pin id="53" dir="1" index="0" bw="1" slack="2147483647"/>
</pin_list>
<bind>
<StgValue><ssdm name="_ssdm_op_SpecLoopName"/></StgValue>
</bind>
</comp>

<comp id="54" class="1001" name="const_54">
<pin_list>
<pin id="55" dir="1" index="0" bw="1" slack="2147483647"/>
</pin_list>
<bind>
<StgValue><ssdm name="empty_3"/></StgValue>
</bind>
</comp>

<comp id="56" class="1001" name="const_56">
<pin_list>
<pin id="57" dir="1" index="0" bw="1" slack="0"/>
</pin_list>
<bind>
<StgValue><ssdm name=""/></StgValue>
</bind>
</comp>

<comp id="58" class="1001" name="const_58">
<pin_list>
<pin id="59" dir="1" index="0" bw="1" slack="0"/>
</pin_list>
<bind>
<StgValue><ssdm name=""/></StgValue>
</bind>
</comp>

<comp id="60" class="1001" name="const_60">
<pin_list>
<pin id="61" dir="1" index="0" bw="1" slack="0"/>
</pin_list>
<bind>
<StgValue><ssdm name="sin_or_cos<double>"/></StgValue>
</bind>
</comp>

<comp id="62" class="1001" name="const_62">
<pin_list>
<pin id="63" dir="1" index="0" bw="1" slack="0"/>
</pin_list>
<bind>
<StgValue><ssdm name=""/></StgValue>
</bind>
</comp>

<comp id="64" class="1001" name="const_64">
<pin_list>
<pin id="65" dir="1" index="0" bw="1" slack="0"/>
</pin_list>
<bind>
<StgValue><ssdm name=""/></StgValue>
</bind>
</comp>

<comp id="66" class="1001" name="const_66">
<pin_list>
<pin id="67" dir="1" index="0" bw="1" slack="0"/>
</pin_list>
<bind>
<StgValue><ssdm name="_ssdm_op_BitSelect.i1.i64.i64"/></StgValue>
</bind>
</comp>

<comp id="68" class="1001" name="const_68">
<pin_list>
<pin id="69" dir="1" index="0" bw="1" slack="0"/>
</pin_list>
<bind>
<StgValue><ssdm name=""/></StgValue>
</bind>
</comp>

<comp id="70" class="1001" name="const_70">
<pin_list>
<pin id="71" dir="1" index="0" bw="1" slack="0"/>
</pin_list>
<bind>
<StgValue><ssdm name="_ssdm_op_BitConcatenate.i64.i1.i63"/></StgValue>
</bind>
</comp>

<comp id="72" class="1001" name="const_72">
<pin_list>
<pin id="73" dir="1" index="0" bw="1" slack="2147483647"/>
</pin_list>
<bind>
<StgValue><ssdm name="empty_2"/></StgValue>
</bind>
</comp>

<comp id="74" class="1004" name="j_fu_74">
<pin_list>
<pin id="75" dir="0" index="0" bw="1" slack="0"/>
<pin id="76" dir="1" index="1" bw="11" slack="0"/>
</pin_list>
<bind>
<opcode="alloca(26) " fcode="alloca"/>
<opset="j/1 "/>
</bind>
</comp>

<comp id="78" class="1004" name="real_sample_addr_gep_fu_78">
<pin_list>
<pin id="79" dir="0" index="0" bw="32" slack="0"/>
<pin id="80" dir="0" index="1" bw="1" slack="0"/>
<pin id="81" dir="0" index="2" bw="11" slack="0"/>
<pin id="82" dir="1" index="3" bw="10" slack="0"/>
</pin_list>
<bind>
<opcode="getelementptr(29) " fcode="getelementptr"/>
<opset="real_sample_addr/7 "/>
</bind>
</comp>

<comp id="85" class="1004" name="grp_access_fu_85">
<pin_list>
<pin id="86" dir="0" index="0" bw="10" slack="0"/>
<pin id="87" dir="0" index="1" bw="32" slack="2147483647"/>
<pin id="88" dir="0" index="2" bw="0" slack="2147483647"/>
<pin id="89" dir="1" index="3" bw="32" slack="0"/>
</pin_list>
<bind>
<opcode="load(27) " fcode="load"/>
<opset="real_sample_load/7 "/>
</bind>
</comp>

<comp id="91" class="1004" name="imag_sample_addr_gep_fu_91">
<pin_list>
<pin id="92" dir="0" index="0" bw="32" slack="0"/>
<pin id="93" dir="0" index="1" bw="1" slack="0"/>
<pin id="94" dir="0" index="2" bw="11" slack="0"/>
<pin id="95" dir="1" index="3" bw="10" slack="0"/>
</pin_list>
<bind>
<opcode="getelementptr(29) " fcode="getelementptr"/>
<opset="imag_sample_addr/7 "/>
</bind>
</comp>

<comp id="98" class="1004" name="grp_access_fu_98">
<pin_list>
<pin id="99" dir="0" index="0" bw="10" slack="0"/>
<pin id="100" dir="0" index="1" bw="32" slack="2147483647"/>
<pin id="101" dir="0" index="2" bw="0" slack="2147483647"/>
<pin id="102" dir="1" index="3" bw="32" slack="0"/>
</pin_list>
<bind>
<opcode="load(27) " fcode="load"/>
<opset="imag_sample_load/7 "/>
</bind>
</comp>

<comp id="104" class="1004" name="real_op_addr_gep_fu_104">
<pin_list>
<pin id="105" dir="0" index="0" bw="32" slack="0"/>
<pin id="106" dir="0" index="1" bw="1" slack="0"/>
<pin id="107" dir="0" index="2" bw="11" slack="0"/>
<pin id="108" dir="1" index="3" bw="10" slack="0"/>
</pin_list>
<bind>
<opcode="getelementptr(29) " fcode="getelementptr"/>
<opset="real_op_addr/47 "/>
</bind>
</comp>

<comp id="111" class="1004" name="grp_access_fu_111">
<pin_list>
<pin id="112" dir="0" index="0" bw="10" slack="0"/>
<pin id="113" dir="0" index="1" bw="32" slack="0"/>
<pin id="114" dir="0" index="2" bw="0" slack="2147483647"/>
<pin id="115" dir="1" index="3" bw="32" slack="1"/>
</pin_list>
<bind>
<opcode="load(27) store(28) " fcode="store"/>
<opset="real_op_load/47 store_ln24/54 "/>
</bind>
</comp>

<comp id="117" class="1004" name="imag_op_addr_gep_fu_117">
<pin_list>
<pin id="118" dir="0" index="0" bw="32" slack="0"/>
<pin id="119" dir="0" index="1" bw="1" slack="0"/>
<pin id="120" dir="0" index="2" bw="11" slack="0"/>
<pin id="121" dir="1" index="3" bw="10" slack="0"/>
</pin_list>
<bind>
<opcode="getelementptr(29) " fcode="getelementptr"/>
<opset="imag_op_addr/47 "/>
</bind>
</comp>

<comp id="124" class="1004" name="grp_access_fu_124">
<pin_list>
<pin id="125" dir="0" index="0" bw="10" slack="0"/>
<pin id="126" dir="0" index="1" bw="32" slack="0"/>
<pin id="127" dir="0" index="2" bw="0" slack="2147483647"/>
<pin id="128" dir="1" index="3" bw="32" slack="1"/>
</pin_list>
<bind>
<opcode="load(27) store(28) " fcode="store"/>
<opset="imag_op_load/47 store_ln25/54 "/>
</bind>
</comp>

<comp id="130" class="1005" name="i_3_reg_130">
<pin_list>
<pin id="131" dir="0" index="0" bw="11" slack="1"/>
<pin id="132" dir="1" index="1" bw="11" slack="1"/>
</pin_list>
<bind>
<opset="i_3 (phireg) "/>
</bind>
</comp>

<comp id="134" class="1004" name="i_3_phi_fu_134">
<pin_list>
<pin id="135" dir="0" index="0" bw="1" slack="1"/>
<pin id="136" dir="0" index="1" bw="0" slack="2147483647"/>
<pin id="137" dir="0" index="2" bw="11" slack="0"/>
<pin id="138" dir="0" index="3" bw="0" slack="2147483647"/>
<pin id="139" dir="1" index="4" bw="11" slack="0"/>
</pin_list>
<bind>
<opcode="phi(47) " fcode="phi"/>
<opset="i_3/9 "/>
</bind>
</comp>

<comp id="142" class="1004" name="grp_dft_Pipeline_VITIS_LOOP_12_1_fu_142">
<pin_list>
<pin id="143" dir="0" index="0" bw="0" slack="0"/>
<pin id="144" dir="0" index="1" bw="32" slack="0"/>
<pin id="145" dir="0" index="2" bw="32" slack="0"/>
<pin id="146" dir="1" index="3" bw="0" slack="2147483647"/>
</pin_list>
<bind>
<opcode="call(48) " fcode="call"/>
<opset="call_ln0/1 "/>
</bind>
</comp>

<comp id="150" class="1004" name="grp_sin_or_cos_double_s_fu_150">
<pin_list>
<pin id="151" dir="0" index="0" bw="64" slack="0"/>
<pin id="152" dir="0" index="1" bw="64" slack="1"/>
<pin id="153" dir="0" index="2" bw="1" slack="0"/>
<pin id="154" dir="0" index="3" bw="256" slack="0"/>
<pin id="155" dir="0" index="4" bw="59" slack="0"/>
<pin id="156" dir="0" index="5" bw="52" slack="0"/>
<pin id="157" dir="0" index="6" bw="44" slack="0"/>
<pin id="158" dir="0" index="7" bw="33" slack="0"/>
<pin id="159" dir="0" index="8" bw="25" slack="0"/>
<pin id="160" dir="1" index="9" bw="64" slack="1"/>
</pin_list>
<bind>
<opcode="call(48) " fcode="call"/>
<opset="c_double/36 "/>
</bind>
</comp>

<comp id="169" class="1004" name="grp_sin_or_cos_double_s_fu_169">
<pin_list>
<pin id="170" dir="0" index="0" bw="64" slack="0"/>
<pin id="171" dir="0" index="1" bw="64" slack="1"/>
<pin id="172" dir="0" index="2" bw="1" slack="0"/>
<pin id="173" dir="0" index="3" bw="256" slack="0"/>
<pin id="174" dir="0" index="4" bw="59" slack="0"/>
<pin id="175" dir="0" index="5" bw="52" slack="0"/>
<pin id="176" dir="0" index="6" bw="44" slack="0"/>
<pin id="177" dir="0" index="7" bw="33" slack="0"/>
<pin id="178" dir="0" index="8" bw="25" slack="0"/>
<pin id="179" dir="1" index="9" bw="64" slack="1"/>
</pin_list>
<bind>
<opcode="call(48) " fcode="call"/>
<opset="tmp/36 "/>
</bind>
</comp>

<comp id="188" class="1004" name="grp_fu_188">
<pin_list>
<pin id="189" dir="0" index="0" bw="32" slack="0"/>
<pin id="190" dir="0" index="1" bw="32" slack="1"/>
<pin id="191" dir="1" index="2" bw="32" slack="1"/>
</pin_list>
<bind>
<opcode="fadd(9) fsub(11) " fcode="fadd"/>
<opset="sub/44 add/49 "/>
</bind>
</comp>

<comp id="192" class="1004" name="grp_fu_192">
<pin_list>
<pin id="193" dir="0" index="0" bw="32" slack="0"/>
<pin id="194" dir="0" index="1" bw="32" slack="1"/>
<pin id="195" dir="1" index="2" bw="32" slack="1"/>
</pin_list>
<bind>
<opcode="fadd(9) " fcode="fadd"/>
<opset="add1/44 add2/49 "/>
</bind>
</comp>

<comp id="196" class="1004" name="grp_fu_196">
<pin_list>
<pin id="197" dir="0" index="0" bw="32" slack="32"/>
<pin id="198" dir="0" index="1" bw="32" slack="1"/>
<pin id="199" dir="1" index="2" bw="32" slack="1"/>
</pin_list>
<bind>
<opcode="fmul(13) " fcode="fmul"/>
<opset="mul2/40 "/>
</bind>
</comp>

<comp id="200" class="1004" name="grp_fu_200">
<pin_list>
<pin id="201" dir="0" index="0" bw="32" slack="32"/>
<pin id="202" dir="0" index="1" bw="32" slack="1"/>
<pin id="203" dir="1" index="2" bw="32" slack="1"/>
</pin_list>
<bind>
<opcode="fmul(13) " fcode="fmul"/>
<opset="mul3/40 "/>
</bind>
</comp>

<comp id="204" class="1004" name="grp_fu_204">
<pin_list>
<pin id="205" dir="0" index="0" bw="32" slack="32"/>
<pin id="206" dir="0" index="1" bw="32" slack="1"/>
<pin id="207" dir="1" index="2" bw="32" slack="1"/>
</pin_list>
<bind>
<opcode="fmul(13) " fcode="fmul"/>
<opset="mul4/40 "/>
</bind>
</comp>

<comp id="208" class="1004" name="grp_fu_208">
<pin_list>
<pin id="209" dir="0" index="0" bw="32" slack="32"/>
<pin id="210" dir="0" index="1" bw="32" slack="1"/>
<pin id="211" dir="1" index="2" bw="32" slack="1"/>
</pin_list>
<bind>
<opcode="fmul(13) " fcode="fmul"/>
<opset="mul5/40 "/>
</bind>
</comp>

<comp id="212" class="1004" name="grp_fu_212">
<pin_list>
<pin id="213" dir="0" index="0" bw="64" slack="1"/>
<pin id="214" dir="1" index="1" bw="32" slack="1"/>
</pin_list>
<bind>
<opcode="fptrunc(40) " fcode="fptrunc"/>
<opset="conv1/38 "/>
</bind>
</comp>

<comp id="215" class="1004" name="grp_fu_215">
<pin_list>
<pin id="216" dir="0" index="0" bw="64" slack="0"/>
<pin id="217" dir="1" index="1" bw="32" slack="1"/>
</pin_list>
<bind>
<opcode="fptrunc(40) " fcode="fptrunc"/>
<opset="conv2/38 "/>
</bind>
</comp>

<comp id="218" class="1004" name="grp_fu_218">
<pin_list>
<pin id="219" dir="0" index="0" bw="64" slack="1"/>
<pin id="220" dir="0" index="1" bw="64" slack="0"/>
<pin id="221" dir="1" index="2" bw="64" slack="1"/>
</pin_list>
<bind>
<opcode="dmul(510) " fcode="dmul"/>
<opset="mul/15 mul1/22 w_double/29 "/>
</bind>
</comp>

<comp id="224" class="1004" name="grp_fu_224">
<pin_list>
<pin id="225" dir="0" index="0" bw="10" slack="0"/>
<pin id="226" dir="1" index="1" bw="64" slack="1"/>
</pin_list>
<bind>
<opcode="sitodp(517) " fcode="sitodp"/>
<opset="conv9/3 conv/9 "/>
</bind>
</comp>

<comp id="227" class="1005" name="reg_227">
<pin_list>
<pin id="228" dir="0" index="0" bw="64" slack="1"/>
<pin id="229" dir="1" index="1" bw="64" slack="1"/>
</pin_list>
<bind>
<opset="mul mul1 w_double "/>
</bind>
</comp>

<comp id="234" class="1005" name="reg_234">
<pin_list>
<pin id="235" dir="0" index="0" bw="32" slack="1"/>
<pin id="236" dir="1" index="1" bw="32" slack="1"/>
</pin_list>
<bind>
<opset="sub add "/>
</bind>
</comp>

<comp id="239" class="1005" name="reg_239">
<pin_list>
<pin id="240" dir="0" index="0" bw="32" slack="1"/>
<pin id="241" dir="1" index="1" bw="32" slack="1"/>
</pin_list>
<bind>
<opset="add1 add2 "/>
</bind>
</comp>

<comp id="244" class="1004" name="store_ln7_store_fu_244">
<pin_list>
<pin id="245" dir="0" index="0" bw="1" slack="0"/>
<pin id="246" dir="0" index="1" bw="11" slack="0"/>
<pin id="247" dir="1" index="2" bw="0" slack="2147483647"/>
</pin_list>
<bind>
<opcode="store(28) " fcode="store"/>
<opset="store_ln7/1 "/>
</bind>
</comp>

<comp id="249" class="1004" name="j_1_load_fu_249">
<pin_list>
<pin id="250" dir="0" index="0" bw="11" slack="2"/>
<pin id="251" dir="1" index="1" bw="11" slack="0"/>
</pin_list>
<bind>
<opcode="load(27) " fcode="load"/>
<opset="j_1/3 "/>
</bind>
</comp>

<comp id="252" class="1004" name="icmp_ln17_fu_252">
<pin_list>
<pin id="253" dir="0" index="0" bw="11" slack="0"/>
<pin id="254" dir="0" index="1" bw="11" slack="0"/>
<pin id="255" dir="1" index="2" bw="1" slack="2147483647"/>
</pin_list>
<bind>
<opcode="icmp(45) " fcode="icmp"/>
<opset="icmp_ln17/3 "/>
</bind>
</comp>

<comp id="258" class="1004" name="add_ln17_fu_258">
<pin_list>
<pin id="259" dir="0" index="0" bw="11" slack="0"/>
<pin id="260" dir="0" index="1" bw="1" slack="0"/>
<pin id="261" dir="1" index="2" bw="11" slack="6"/>
</pin_list>
<bind>
<opcode="add(8) " fcode="add"/>
<opset="add_ln17/3 "/>
</bind>
</comp>

<comp id="264" class="1004" name="empty_fu_264">
<pin_list>
<pin id="265" dir="0" index="0" bw="11" slack="0"/>
<pin id="266" dir="1" index="1" bw="10" slack="0"/>
</pin_list>
<bind>
<opcode="trunc(33) " fcode="trunc"/>
<opset="empty/3 "/>
</bind>
</comp>

<comp id="268" class="1004" name="j_cast_cast_fu_268">
<pin_list>
<pin id="269" dir="0" index="0" bw="10" slack="0"/>
<pin id="270" dir="1" index="1" bw="32" slack="0"/>
</pin_list>
<bind>
<opcode="zext(34) " fcode="zext"/>
<opset="j_cast_cast/3 "/>
</bind>
</comp>

<comp id="273" class="1004" name="zext_ln17_fu_273">
<pin_list>
<pin id="274" dir="0" index="0" bw="11" slack="2147483647"/>
<pin id="275" dir="1" index="1" bw="64" slack="0"/>
</pin_list>
<bind>
<opcode="zext(34) " fcode="zext"/>
<opset="zext_ln17/7 "/>
</bind>
</comp>

<comp id="278" class="1004" name="empty_36_fu_278">
<pin_list>
<pin id="279" dir="0" index="0" bw="32" slack="0"/>
<pin id="280" dir="1" index="1" bw="32" slack="32"/>
</pin_list>
<bind>
<opcode="bitcast(44) " fcode="bitcast"/>
<opset="empty_36/8 "/>
</bind>
</comp>

<comp id="282" class="1004" name="empty_37_fu_282">
<pin_list>
<pin id="283" dir="0" index="0" bw="32" slack="0"/>
<pin id="284" dir="1" index="1" bw="32" slack="32"/>
</pin_list>
<bind>
<opcode="bitcast(44) " fcode="bitcast"/>
<opset="empty_37/8 "/>
</bind>
</comp>

<comp id="286" class="1004" name="icmp_ln18_fu_286">
<pin_list>
<pin id="287" dir="0" index="0" bw="11" slack="0"/>
<pin id="288" dir="0" index="1" bw="11" slack="0"/>
<pin id="289" dir="1" index="2" bw="1" slack="2147483647"/>
</pin_list>
<bind>
<opcode="icmp(45) " fcode="icmp"/>
<opset="icmp_ln18/9 "/>
</bind>
</comp>

<comp id="292" class="1004" name="add_ln18_fu_292">
<pin_list>
<pin id="293" dir="0" index="0" bw="11" slack="0"/>
<pin id="294" dir="0" index="1" bw="1" slack="0"/>
<pin id="295" dir="1" index="2" bw="11" slack="0"/>
</pin_list>
<bind>
<opcode="add(8) " fcode="add"/>
<opset="add_ln18/9 "/>
</bind>
</comp>

<comp id="298" class="1004" name="trunc_ln19_fu_298">
<pin_list>
<pin id="299" dir="0" index="0" bw="11" slack="0"/>
<pin id="300" dir="1" index="1" bw="10" slack="0"/>
</pin_list>
<bind>
<opcode="trunc(33) " fcode="trunc"/>
<opset="trunc_ln19/9 "/>
</bind>
</comp>

<comp id="302" class="1004" name="zext_ln19_fu_302">
<pin_list>
<pin id="303" dir="0" index="0" bw="10" slack="0"/>
<pin id="304" dir="1" index="1" bw="32" slack="0"/>
</pin_list>
<bind>
<opcode="zext(34) " fcode="zext"/>
<opset="zext_ln19/9 "/>
</bind>
</comp>

<comp id="307" class="1004" name="store_ln7_store_fu_307">
<pin_list>
<pin id="308" dir="0" index="0" bw="11" slack="6"/>
<pin id="309" dir="0" index="1" bw="11" slack="8"/>
<pin id="310" dir="1" index="2" bw="0" slack="2147483647"/>
</pin_list>
<bind>
<opcode="store(28) " fcode="store"/>
<opset="store_ln7/9 "/>
</bind>
</comp>

<comp id="311" class="1004" name="bitcast_ln22_fu_311">
<pin_list>
<pin id="312" dir="0" index="0" bw="64" slack="1"/>
<pin id="313" dir="1" index="1" bw="64" slack="0"/>
</pin_list>
<bind>
<opcode="bitcast(44) " fcode="bitcast"/>
<opset="bitcast_ln22/38 "/>
</bind>
</comp>

<comp id="314" class="1004" name="bit_sel_fu_314">
<pin_list>
<pin id="315" dir="0" index="0" bw="1" slack="0"/>
<pin id="316" dir="0" index="1" bw="64" slack="0"/>
<pin id="317" dir="0" index="2" bw="7" slack="0"/>
<pin id="318" dir="1" index="3" bw="1" slack="0"/>
</pin_list>
<bind>
<opcode="bitselect(1000) " fcode="bitselect"/>
<opset="bit_sel/38 "/>
</bind>
</comp>

<comp id="322" class="1004" name="xor_ln22_fu_322">
<pin_list>
<pin id="323" dir="0" index="0" bw="1" slack="0"/>
<pin id="324" dir="0" index="1" bw="1" slack="0"/>
<pin id="325" dir="1" index="2" bw="1" slack="0"/>
</pin_list>
<bind>
<opcode="xor(25) " fcode="xor"/>
<opset="xor_ln22/38 "/>
</bind>
</comp>

<comp id="328" class="1004" name="trunc_ln22_fu_328">
<pin_list>
<pin id="329" dir="0" index="0" bw="64" slack="0"/>
<pin id="330" dir="1" index="1" bw="63" slack="0"/>
</pin_list>
<bind>
<opcode="trunc(33) " fcode="trunc"/>
<opset="trunc_ln22/38 "/>
</bind>
</comp>

<comp id="332" class="1004" name="xor_ln_fu_332">
<pin_list>
<pin id="333" dir="0" index="0" bw="64" slack="0"/>
<pin id="334" dir="0" index="1" bw="1" slack="0"/>
<pin id="335" dir="0" index="2" bw="63" slack="0"/>
<pin id="336" dir="1" index="3" bw="64" slack="0"/>
</pin_list>
<bind>
<opcode="bitconcatenate(1004) " fcode="bitconcatenate"/>
<opset="xor_ln/38 "/>
</bind>
</comp>

<comp id="340" class="1004" name="s_double_fu_340">
<pin_list>
<pin id="341" dir="0" index="0" bw="64" slack="0"/>
<pin id="342" dir="1" index="1" bw="64" slack="0"/>
</pin_list>
<bind>
<opcode="bitcast(44) " fcode="bitcast"/>
<opset="s_double/38 "/>
</bind>
</comp>

<comp id="345" class="1004" name="zext_ln18_fu_345">
<pin_list>
<pin id="346" dir="0" index="0" bw="11" slack="38"/>
<pin id="347" dir="1" index="1" bw="64" slack="0"/>
</pin_list>
<bind>
<opcode="zext(34) " fcode="zext"/>
<opset="zext_ln18/47 "/>
</bind>
</comp>

<comp id="351" class="1004" name="bitcast_ln24_fu_351">
<pin_list>
<pin id="352" dir="0" index="0" bw="32" slack="1"/>
<pin id="353" dir="1" index="1" bw="32" slack="0"/>
</pin_list>
<bind>
<opcode="bitcast(44) " fcode="bitcast"/>
<opset="bitcast_ln24/49 "/>
</bind>
</comp>

<comp id="355" class="1004" name="bitcast_ln25_fu_355">
<pin_list>
<pin id="356" dir="0" index="0" bw="32" slack="1"/>
<pin id="357" dir="1" index="1" bw="32" slack="0"/>
</pin_list>
<bind>
<opcode="bitcast(44) " fcode="bitcast"/>
<opset="bitcast_ln25/49 "/>
</bind>
</comp>

<comp id="359" class="1004" name="bitcast_ln24_1_fu_359">
<pin_list>
<pin id="360" dir="0" index="0" bw="32" slack="1"/>
<pin id="361" dir="1" index="1" bw="32" slack="0"/>
</pin_list>
<bind>
<opcode="bitcast(44) " fcode="bitcast"/>
<opset="bitcast_ln24_1/54 "/>
</bind>
</comp>

<comp id="364" class="1004" name="bitcast_ln25_1_fu_364">
<pin_list>
<pin id="365" dir="0" index="0" bw="32" slack="1"/>
<pin id="366" dir="1" index="1" bw="32" slack="0"/>
</pin_list>
<bind>
<opcode="bitcast(44) " fcode="bitcast"/>
<opset="bitcast_ln25_1/54 "/>
</bind>
</comp>

<comp id="369" class="1005" name="j_reg_369">
<pin_list>
<pin id="370" dir="0" index="0" bw="11" slack="0"/>
<pin id="371" dir="1" index="1" bw="11" slack="0"/>
</pin_list>
<bind>
<opset="j "/>
</bind>
</comp>

<comp id="382" class="1005" name="add_ln17_reg_382">
<pin_list>
<pin id="383" dir="0" index="0" bw="11" slack="6"/>
<pin id="384" dir="1" index="1" bw="11" slack="6"/>
</pin_list>
<bind>
<opset="add_ln17 "/>
</bind>
</comp>

<comp id="387" class="1005" name="j_cast_cast_reg_387">
<pin_list>
<pin id="388" dir="0" index="0" bw="32" slack="1"/>
<pin id="389" dir="1" index="1" bw="32" slack="1"/>
</pin_list>
<bind>
<opset="j_cast_cast "/>
</bind>
</comp>

<comp id="392" class="1005" name="real_sample_addr_reg_392">
<pin_list>
<pin id="393" dir="0" index="0" bw="10" slack="1"/>
<pin id="394" dir="1" index="1" bw="10" slack="1"/>
</pin_list>
<bind>
<opset="real_sample_addr "/>
</bind>
</comp>

<comp id="397" class="1005" name="imag_sample_addr_reg_397">
<pin_list>
<pin id="398" dir="0" index="0" bw="10" slack="1"/>
<pin id="399" dir="1" index="1" bw="10" slack="1"/>
</pin_list>
<bind>
<opset="imag_sample_addr "/>
</bind>
</comp>

<comp id="402" class="1005" name="conv9_reg_402">
<pin_list>
<pin id="403" dir="0" index="0" bw="64" slack="14"/>
<pin id="404" dir="1" index="1" bw="64" slack="14"/>
</pin_list>
<bind>
<opset="conv9 "/>
</bind>
</comp>

<comp id="407" class="1005" name="empty_36_reg_407">
<pin_list>
<pin id="408" dir="0" index="0" bw="32" slack="32"/>
<pin id="409" dir="1" index="1" bw="32" slack="32"/>
</pin_list>
<bind>
<opset="empty_36 "/>
</bind>
</comp>

<comp id="413" class="1005" name="empty_37_reg_413">
<pin_list>
<pin id="414" dir="0" index="0" bw="32" slack="32"/>
<pin id="415" dir="1" index="1" bw="32" slack="32"/>
</pin_list>
<bind>
<opset="empty_37 "/>
</bind>
</comp>

<comp id="422" class="1005" name="add_ln18_reg_422">
<pin_list>
<pin id="423" dir="0" index="0" bw="11" slack="0"/>
<pin id="424" dir="1" index="1" bw="11" slack="0"/>
</pin_list>
<bind>
<opset="add_ln18 "/>
</bind>
</comp>

<comp id="427" class="1005" name="zext_ln19_reg_427">
<pin_list>
<pin id="428" dir="0" index="0" bw="32" slack="1"/>
<pin id="429" dir="1" index="1" bw="32" slack="1"/>
</pin_list>
<bind>
<opset="zext_ln19 "/>
</bind>
</comp>

<comp id="432" class="1005" name="conv_reg_432">
<pin_list>
<pin id="433" dir="0" index="0" bw="64" slack="1"/>
<pin id="434" dir="1" index="1" bw="64" slack="1"/>
</pin_list>
<bind>
<opset="conv "/>
</bind>
</comp>

<comp id="437" class="1005" name="c_double_reg_437">
<pin_list>
<pin id="438" dir="0" index="0" bw="64" slack="1"/>
<pin id="439" dir="1" index="1" bw="64" slack="1"/>
</pin_list>
<bind>
<opset="c_double "/>
</bind>
</comp>

<comp id="442" class="1005" name="tmp_reg_442">
<pin_list>
<pin id="443" dir="0" index="0" bw="64" slack="1"/>
<pin id="444" dir="1" index="1" bw="64" slack="1"/>
</pin_list>
<bind>
<opset="tmp "/>
</bind>
</comp>

<comp id="447" class="1005" name="s_double_reg_447">
<pin_list>
<pin id="448" dir="0" index="0" bw="64" slack="1"/>
<pin id="449" dir="1" index="1" bw="64" slack="1"/>
</pin_list>
<bind>
<opset="s_double "/>
</bind>
</comp>

<comp id="452" class="1005" name="conv1_reg_452">
<pin_list>
<pin id="453" dir="0" index="0" bw="32" slack="1"/>
<pin id="454" dir="1" index="1" bw="32" slack="1"/>
</pin_list>
<bind>
<opset="conv1 "/>
</bind>
</comp>

<comp id="458" class="1005" name="conv2_reg_458">
<pin_list>
<pin id="459" dir="0" index="0" bw="32" slack="1"/>
<pin id="460" dir="1" index="1" bw="32" slack="1"/>
</pin_list>
<bind>
<opset="conv2 "/>
</bind>
</comp>

<comp id="464" class="1005" name="mul2_reg_464">
<pin_list>
<pin id="465" dir="0" index="0" bw="32" slack="1"/>
<pin id="466" dir="1" index="1" bw="32" slack="1"/>
</pin_list>
<bind>
<opset="mul2 "/>
</bind>
</comp>

<comp id="469" class="1005" name="mul3_reg_469">
<pin_list>
<pin id="470" dir="0" index="0" bw="32" slack="1"/>
<pin id="471" dir="1" index="1" bw="32" slack="1"/>
</pin_list>
<bind>
<opset="mul3 "/>
</bind>
</comp>

<comp id="474" class="1005" name="mul4_reg_474">
<pin_list>
<pin id="475" dir="0" index="0" bw="32" slack="1"/>
<pin id="476" dir="1" index="1" bw="32" slack="1"/>
</pin_list>
<bind>
<opset="mul4 "/>
</bind>
</comp>

<comp id="479" class="1005" name="mul5_reg_479">
<pin_list>
<pin id="480" dir="0" index="0" bw="32" slack="1"/>
<pin id="481" dir="1" index="1" bw="32" slack="1"/>
</pin_list>
<bind>
<opset="mul5 "/>
</bind>
</comp>

<comp id="484" class="1005" name="real_op_addr_reg_484">
<pin_list>
<pin id="485" dir="0" index="0" bw="10" slack="1"/>
<pin id="486" dir="1" index="1" bw="10" slack="1"/>
</pin_list>
<bind>
<opset="real_op_addr "/>
</bind>
</comp>

<comp id="489" class="1005" name="imag_op_addr_reg_489">
<pin_list>
<pin id="490" dir="0" index="0" bw="10" slack="1"/>
<pin id="491" dir="1" index="1" bw="10" slack="1"/>
</pin_list>
<bind>
<opset="imag_op_addr "/>
</bind>
</comp>

<comp id="494" class="1005" name="real_op_load_reg_494">
<pin_list>
<pin id="495" dir="0" index="0" bw="32" slack="1"/>
<pin id="496" dir="1" index="1" bw="32" slack="1"/>
</pin_list>
<bind>
<opset="real_op_load "/>
</bind>
</comp>

<comp id="499" class="1005" name="imag_op_load_reg_499">
<pin_list>
<pin id="500" dir="0" index="0" bw="32" slack="1"/>
<pin id="501" dir="1" index="1" bw="32" slack="1"/>
</pin_list>
<bind>
<opset="imag_op_load "/>
</bind>
</comp>

<comp id="504" class="1005" name="bitcast_ln24_reg_504">
<pin_list>
<pin id="505" dir="0" index="0" bw="32" slack="1"/>
<pin id="506" dir="1" index="1" bw="32" slack="1"/>
</pin_list>
<bind>
<opset="bitcast_ln24 "/>
</bind>
</comp>

<comp id="509" class="1005" name="bitcast_ln25_reg_509">
<pin_list>
<pin id="510" dir="0" index="0" bw="32" slack="1"/>
<pin id="511" dir="1" index="1" bw="32" slack="1"/>
</pin_list>
<bind>
<opset="bitcast_ln25 "/>
</bind>
</comp>

</comp_list>

<net_list>
<net id="77"><net_src comp="20" pin="0"/><net_sink comp="74" pin=0"/></net>

<net id="83"><net_src comp="0" pin="0"/><net_sink comp="78" pin=0"/></net>

<net id="84"><net_src comp="46" pin="0"/><net_sink comp="78" pin=1"/></net>

<net id="90"><net_src comp="78" pin="3"/><net_sink comp="85" pin=0"/></net>

<net id="96"><net_src comp="2" pin="0"/><net_sink comp="91" pin=0"/></net>

<net id="97"><net_src comp="46" pin="0"/><net_sink comp="91" pin=1"/></net>

<net id="103"><net_src comp="91" pin="3"/><net_sink comp="98" pin=0"/></net>

<net id="109"><net_src comp="4" pin="0"/><net_sink comp="104" pin=0"/></net>

<net id="110"><net_src comp="46" pin="0"/><net_sink comp="104" pin=1"/></net>

<net id="116"><net_src comp="104" pin="3"/><net_sink comp="111" pin=0"/></net>

<net id="122"><net_src comp="6" pin="0"/><net_sink comp="117" pin=0"/></net>

<net id="123"><net_src comp="46" pin="0"/><net_sink comp="117" pin=1"/></net>

<net id="129"><net_src comp="117" pin="3"/><net_sink comp="124" pin=0"/></net>

<net id="133"><net_src comp="24" pin="0"/><net_sink comp="130" pin=0"/></net>

<net id="140"><net_src comp="130" pin="1"/><net_sink comp="134" pin=0"/></net>

<net id="141"><net_src comp="134" pin="4"/><net_sink comp="130" pin=0"/></net>

<net id="147"><net_src comp="22" pin="0"/><net_sink comp="142" pin=0"/></net>

<net id="148"><net_src comp="4" pin="0"/><net_sink comp="142" pin=1"/></net>

<net id="149"><net_src comp="6" pin="0"/><net_sink comp="142" pin=2"/></net>

<net id="161"><net_src comp="60" pin="0"/><net_sink comp="150" pin=0"/></net>

<net id="162"><net_src comp="62" pin="0"/><net_sink comp="150" pin=2"/></net>

<net id="163"><net_src comp="8" pin="0"/><net_sink comp="150" pin=3"/></net>

<net id="164"><net_src comp="10" pin="0"/><net_sink comp="150" pin=4"/></net>

<net id="165"><net_src comp="12" pin="0"/><net_sink comp="150" pin=5"/></net>

<net id="166"><net_src comp="14" pin="0"/><net_sink comp="150" pin=6"/></net>

<net id="167"><net_src comp="16" pin="0"/><net_sink comp="150" pin=7"/></net>

<net id="168"><net_src comp="18" pin="0"/><net_sink comp="150" pin=8"/></net>

<net id="180"><net_src comp="60" pin="0"/><net_sink comp="169" pin=0"/></net>

<net id="181"><net_src comp="64" pin="0"/><net_sink comp="169" pin=2"/></net>

<net id="182"><net_src comp="8" pin="0"/><net_sink comp="169" pin=3"/></net>

<net id="183"><net_src comp="10" pin="0"/><net_sink comp="169" pin=4"/></net>

<net id="184"><net_src comp="12" pin="0"/><net_sink comp="169" pin=5"/></net>

<net id="185"><net_src comp="14" pin="0"/><net_sink comp="169" pin=6"/></net>

<net id="186"><net_src comp="16" pin="0"/><net_sink comp="169" pin=7"/></net>

<net id="187"><net_src comp="18" pin="0"/><net_sink comp="169" pin=8"/></net>

<net id="222"><net_src comp="56" pin="0"/><net_sink comp="218" pin=1"/></net>

<net id="223"><net_src comp="58" pin="0"/><net_sink comp="218" pin=1"/></net>

<net id="230"><net_src comp="218" pin="2"/><net_sink comp="227" pin=0"/></net>

<net id="231"><net_src comp="227" pin="1"/><net_sink comp="218" pin=0"/></net>

<net id="232"><net_src comp="227" pin="1"/><net_sink comp="150" pin=1"/></net>

<net id="233"><net_src comp="227" pin="1"/><net_sink comp="169" pin=1"/></net>

<net id="237"><net_src comp="188" pin="2"/><net_sink comp="234" pin=0"/></net>

<net id="238"><net_src comp="234" pin="1"/><net_sink comp="188" pin=1"/></net>

<net id="242"><net_src comp="192" pin="2"/><net_sink comp="239" pin=0"/></net>

<net id="243"><net_src comp="239" pin="1"/><net_sink comp="192" pin=1"/></net>

<net id="248"><net_src comp="24" pin="0"/><net_sink comp="244" pin=0"/></net>

<net id="256"><net_src comp="249" pin="1"/><net_sink comp="252" pin=0"/></net>

<net id="257"><net_src comp="42" pin="0"/><net_sink comp="252" pin=1"/></net>

<net id="262"><net_src comp="249" pin="1"/><net_sink comp="258" pin=0"/></net>

<net id="263"><net_src comp="44" pin="0"/><net_sink comp="258" pin=1"/></net>

<net id="267"><net_src comp="249" pin="1"/><net_sink comp="264" pin=0"/></net>

<net id="271"><net_src comp="264" pin="1"/><net_sink comp="268" pin=0"/></net>

<net id="272"><net_src comp="268" pin="1"/><net_sink comp="224" pin=0"/></net>

<net id="276"><net_src comp="273" pin="1"/><net_sink comp="78" pin=2"/></net>

<net id="277"><net_src comp="273" pin="1"/><net_sink comp="91" pin=2"/></net>

<net id="281"><net_src comp="85" pin="3"/><net_sink comp="278" pin=0"/></net>

<net id="285"><net_src comp="98" pin="3"/><net_sink comp="282" pin=0"/></net>

<net id="290"><net_src comp="134" pin="4"/><net_sink comp="286" pin=0"/></net>

<net id="291"><net_src comp="42" pin="0"/><net_sink comp="286" pin=1"/></net>

<net id="296"><net_src comp="134" pin="4"/><net_sink comp="292" pin=0"/></net>

<net id="297"><net_src comp="44" pin="0"/><net_sink comp="292" pin=1"/></net>

<net id="301"><net_src comp="134" pin="4"/><net_sink comp="298" pin=0"/></net>

<net id="305"><net_src comp="298" pin="1"/><net_sink comp="302" pin=0"/></net>

<net id="306"><net_src comp="302" pin="1"/><net_sink comp="224" pin=0"/></net>

<net id="319"><net_src comp="66" pin="0"/><net_sink comp="314" pin=0"/></net>

<net id="320"><net_src comp="311" pin="1"/><net_sink comp="314" pin=1"/></net>

<net id="321"><net_src comp="68" pin="0"/><net_sink comp="314" pin=2"/></net>

<net id="326"><net_src comp="314" pin="3"/><net_sink comp="322" pin=0"/></net>

<net id="327"><net_src comp="62" pin="0"/><net_sink comp="322" pin=1"/></net>

<net id="331"><net_src comp="311" pin="1"/><net_sink comp="328" pin=0"/></net>

<net id="337"><net_src comp="70" pin="0"/><net_sink comp="332" pin=0"/></net>

<net id="338"><net_src comp="322" pin="2"/><net_sink comp="332" pin=1"/></net>

<net id="339"><net_src comp="328" pin="1"/><net_sink comp="332" pin=2"/></net>

<net id="343"><net_src comp="332" pin="3"/><net_sink comp="340" pin=0"/></net>

<net id="344"><net_src comp="340" pin="1"/><net_sink comp="215" pin=0"/></net>

<net id="348"><net_src comp="130" pin="1"/><net_sink comp="345" pin=0"/></net>

<net id="349"><net_src comp="345" pin="1"/><net_sink comp="104" pin=2"/></net>

<net id="350"><net_src comp="345" pin="1"/><net_sink comp="117" pin=2"/></net>

<net id="354"><net_src comp="351" pin="1"/><net_sink comp="188" pin=0"/></net>

<net id="358"><net_src comp="355" pin="1"/><net_sink comp="192" pin=0"/></net>

<net id="362"><net_src comp="234" pin="1"/><net_sink comp="359" pin=0"/></net>

<net id="363"><net_src comp="359" pin="1"/><net_sink comp="111" pin=1"/></net>

<net id="367"><net_src comp="239" pin="1"/><net_sink comp="364" pin=0"/></net>

<net id="368"><net_src comp="364" pin="1"/><net_sink comp="124" pin=1"/></net>

<net id="372"><net_src comp="74" pin="1"/><net_sink comp="369" pin=0"/></net>

<net id="373"><net_src comp="369" pin="1"/><net_sink comp="244" pin=1"/></net>

<net id="374"><net_src comp="369" pin="1"/><net_sink comp="249" pin=0"/></net>

<net id="375"><net_src comp="369" pin="1"/><net_sink comp="307" pin=1"/></net>

<net id="385"><net_src comp="258" pin="2"/><net_sink comp="382" pin=0"/></net>

<net id="386"><net_src comp="382" pin="1"/><net_sink comp="307" pin=0"/></net>

<net id="390"><net_src comp="268" pin="1"/><net_sink comp="387" pin=0"/></net>

<net id="391"><net_src comp="387" pin="1"/><net_sink comp="224" pin=0"/></net>

<net id="395"><net_src comp="78" pin="3"/><net_sink comp="392" pin=0"/></net>

<net id="396"><net_src comp="392" pin="1"/><net_sink comp="85" pin=0"/></net>

<net id="400"><net_src comp="91" pin="3"/><net_sink comp="397" pin=0"/></net>

<net id="401"><net_src comp="397" pin="1"/><net_sink comp="98" pin=0"/></net>

<net id="405"><net_src comp="224" pin="1"/><net_sink comp="402" pin=0"/></net>

<net id="406"><net_src comp="402" pin="1"/><net_sink comp="218" pin=1"/></net>

<net id="410"><net_src comp="278" pin="1"/><net_sink comp="407" pin=0"/></net>

<net id="411"><net_src comp="407" pin="1"/><net_sink comp="196" pin=0"/></net>

<net id="412"><net_src comp="407" pin="1"/><net_sink comp="204" pin=0"/></net>

<net id="416"><net_src comp="282" pin="1"/><net_sink comp="413" pin=0"/></net>

<net id="417"><net_src comp="413" pin="1"/><net_sink comp="200" pin=0"/></net>

<net id="418"><net_src comp="413" pin="1"/><net_sink comp="208" pin=0"/></net>

<net id="425"><net_src comp="292" pin="2"/><net_sink comp="422" pin=0"/></net>

<net id="426"><net_src comp="422" pin="1"/><net_sink comp="134" pin=2"/></net>

<net id="430"><net_src comp="302" pin="1"/><net_sink comp="427" pin=0"/></net>

<net id="431"><net_src comp="427" pin="1"/><net_sink comp="224" pin=0"/></net>

<net id="435"><net_src comp="224" pin="1"/><net_sink comp="432" pin=0"/></net>

<net id="436"><net_src comp="432" pin="1"/><net_sink comp="218" pin=0"/></net>

<net id="440"><net_src comp="150" pin="9"/><net_sink comp="437" pin=0"/></net>

<net id="441"><net_src comp="437" pin="1"/><net_sink comp="212" pin=0"/></net>

<net id="445"><net_src comp="169" pin="9"/><net_sink comp="442" pin=0"/></net>

<net id="446"><net_src comp="442" pin="1"/><net_sink comp="311" pin=0"/></net>

<net id="450"><net_src comp="340" pin="1"/><net_sink comp="447" pin=0"/></net>

<net id="451"><net_src comp="447" pin="1"/><net_sink comp="215" pin=0"/></net>

<net id="455"><net_src comp="212" pin="1"/><net_sink comp="452" pin=0"/></net>

<net id="456"><net_src comp="452" pin="1"/><net_sink comp="196" pin=1"/></net>

<net id="457"><net_src comp="452" pin="1"/><net_sink comp="208" pin=1"/></net>

<net id="461"><net_src comp="215" pin="1"/><net_sink comp="458" pin=0"/></net>

<net id="462"><net_src comp="458" pin="1"/><net_sink comp="200" pin=1"/></net>

<net id="463"><net_src comp="458" pin="1"/><net_sink comp="204" pin=1"/></net>

<net id="467"><net_src comp="196" pin="2"/><net_sink comp="464" pin=0"/></net>

<net id="468"><net_src comp="464" pin="1"/><net_sink comp="188" pin=0"/></net>

<net id="472"><net_src comp="200" pin="2"/><net_sink comp="469" pin=0"/></net>

<net id="473"><net_src comp="469" pin="1"/><net_sink comp="188" pin=1"/></net>

<net id="477"><net_src comp="204" pin="2"/><net_sink comp="474" pin=0"/></net>

<net id="478"><net_src comp="474" pin="1"/><net_sink comp="192" pin=0"/></net>

<net id="482"><net_src comp="208" pin="2"/><net_sink comp="479" pin=0"/></net>

<net id="483"><net_src comp="479" pin="1"/><net_sink comp="192" pin=1"/></net>

<net id="487"><net_src comp="104" pin="3"/><net_sink comp="484" pin=0"/></net>

<net id="488"><net_src comp="484" pin="1"/><net_sink comp="111" pin=0"/></net>

<net id="492"><net_src comp="117" pin="3"/><net_sink comp="489" pin=0"/></net>

<net id="493"><net_src comp="489" pin="1"/><net_sink comp="124" pin=0"/></net>

<net id="497"><net_src comp="111" pin="3"/><net_sink comp="494" pin=0"/></net>

<net id="498"><net_src comp="494" pin="1"/><net_sink comp="351" pin=0"/></net>

<net id="502"><net_src comp="124" pin="3"/><net_sink comp="499" pin=0"/></net>

<net id="503"><net_src comp="499" pin="1"/><net_sink comp="355" pin=0"/></net>

<net id="507"><net_src comp="351" pin="1"/><net_sink comp="504" pin=0"/></net>

<net id="508"><net_src comp="504" pin="1"/><net_sink comp="188" pin=0"/></net>

<net id="512"><net_src comp="355" pin="1"/><net_sink comp="509" pin=0"/></net>

<net id="513"><net_src comp="509" pin="1"/><net_sink comp="192" pin=0"/></net>

</net_list>

</model> 
---------------- Datapath Model END ------------------

* FSMD analyzer results:
  - Output states:
	Port: real_op | {1 2 54 }
	Port: imag_op | {1 2 54 }
 - Input state : 
	Port: dft : real_sample | {7 8 }
	Port: dft : imag_sample | {7 8 }
	Port: dft : real_op | {47 48 }
	Port: dft : imag_op | {47 48 }
	Port: dft : ref_4oPi_table_256 | {36 37 }
	Port: dft : fourth_order_double_sin_cos_K0 | {36 37 }
	Port: dft : fourth_order_double_sin_cos_K1 | {36 37 }
	Port: dft : fourth_order_double_sin_cos_K2 | {36 37 }
	Port: dft : fourth_order_double_sin_cos_K3 | {36 37 }
	Port: dft : fourth_order_double_sin_cos_K4 | {36 37 }
  - Chain level:
	State 1
		store_ln7 : 1
	State 2
	State 3
		icmp_ln17 : 1
		add_ln17 : 1
		br_ln17 : 2
		empty : 1
		j_cast_cast : 2
		conv9 : 3
	State 4
	State 5
	State 6
	State 7
		real_sample_addr : 1
		real_sample_load : 2
		imag_sample_addr : 1
		imag_sample_load : 2
	State 8
		empty_36 : 1
		empty_37 : 1
	State 9
		icmp_ln18 : 1
		add_ln18 : 1
		br_ln18 : 2
		trunc_ln19 : 1
		zext_ln19 : 2
		conv : 3
	State 10
	State 11
	State 12
	State 13
	State 14
	State 15
	State 16
	State 17
	State 18
	State 19
	State 20
	State 21
	State 22
	State 23
	State 24
	State 25
	State 26
	State 27
	State 28
	State 29
	State 30
	State 31
	State 32
	State 33
	State 34
	State 35
	State 36
	State 37
	State 38
		bit_sel : 1
		xor_ln22 : 2
		trunc_ln22 : 1
		xor_ln : 2
		s_double : 3
		conv2 : 4
	State 39
	State 40
	State 41
	State 42
	State 43
	State 44
	State 45
	State 46
	State 47
		real_op_addr : 1
		real_op_load : 2
		imag_op_addr : 1
		imag_op_load : 2
	State 48
	State 49
		add : 1
		add2 : 1
	State 50
	State 51
	State 52
	State 53
	State 54
		store_ln24 : 1
		store_ln25 : 1


============================================================
+ Verbose Summary: Datapath Resource usage 
============================================================

* Functional unit list:
|----------|-----------------------------------------|---------|---------|---------|---------|
| Operation|             Functional Unit             |   DSP   |  Delay  |    FF   |   LUT   |
|----------|-----------------------------------------|---------|---------|---------|---------|
|          | grp_dft_Pipeline_VITIS_LOOP_12_1_fu_142 |    0    |    0    |    11   |    24   |
|   call   |      grp_sin_or_cos_double_s_fu_150     |    85   | 35.1746 |   6973  |   5382  |
|          |      grp_sin_or_cos_double_s_fu_169     |    85   | 35.1746 |   6973  |   5382  |
|----------|-----------------------------------------|---------|---------|---------|---------|
|          |                grp_fu_196               |    3    |    0    |   143   |   321   |
|   fmul   |                grp_fu_200               |    3    |    0    |   143   |   321   |
|          |                grp_fu_204               |    3    |    0    |   143   |   321   |
|          |                grp_fu_208               |    3    |    0    |   143   |   321   |
|----------|-----------------------------------------|---------|---------|---------|---------|
|   fadd   |                grp_fu_188               |    2    |    0    |   205   |   390   |
|          |                grp_fu_192               |    2    |    0    |   205   |   390   |
|----------|-----------------------------------------|---------|---------|---------|---------|
|   dmul   |                grp_fu_218               |    11   |    0    |   342   |   586   |
|----------|-----------------------------------------|---------|---------|---------|---------|
|   icmp   |             icmp_ln17_fu_252            |    0    |    0    |    0    |    12   |
|          |             icmp_ln18_fu_286            |    0    |    0    |    0    |    12   |
|----------|-----------------------------------------|---------|---------|---------|---------|
|    add   |             add_ln17_fu_258             |    0    |    0    |    0    |    12   |
|          |             add_ln18_fu_292             |    0    |    0    |    0    |    12   |
|----------|-----------------------------------------|---------|---------|---------|---------|
|    xor   |             xor_ln22_fu_322             |    0    |    0    |    0    |    2    |
|----------|-----------------------------------------|---------|---------|---------|---------|
|  fptrunc |                grp_fu_212               |    0    |    0    |    0    |    0    |
|          |                grp_fu_215               |    0    |    0    |    0    |    0    |
|----------|-----------------------------------------|---------|---------|---------|---------|
|  sitodp  |                grp_fu_224               |    0    |    0    |    0    |    0    |
|----------|-----------------------------------------|---------|---------|---------|---------|
|          |               empty_fu_264              |    0    |    0    |    0    |    0    |
|   trunc  |            trunc_ln19_fu_298            |    0    |    0    |    0    |    0    |
|          |            trunc_ln22_fu_328            |    0    |    0    |    0    |    0    |
|----------|-----------------------------------------|---------|---------|---------|---------|
|          |            j_cast_cast_fu_268           |    0    |    0    |    0    |    0    |
|   zext   |             zext_ln17_fu_273            |    0    |    0    |    0    |    0    |
|          |             zext_ln19_fu_302            |    0    |    0    |    0    |    0    |
|          |             zext_ln18_fu_345            |    0    |    0    |    0    |    0    |
|----------|-----------------------------------------|---------|---------|---------|---------|
| bitselect|              bit_sel_fu_314             |    0    |    0    |    0    |    0    |
|----------|-----------------------------------------|---------|---------|---------|---------|
|bitconcatenate|              xor_ln_fu_332              |    0    |    0    |    0    |    0    |
|----------|-----------------------------------------|---------|---------|---------|---------|
|   Total  |                                         |   197   | 70.3492 |  15281  |  13488  |
|----------|-----------------------------------------|---------|---------|---------|---------|

Memories:
+------------------------------+--------+--------+--------+
|                              |  BRAM  |   FF   |   LUT  |
+------------------------------+--------+--------+--------+
|fourth_order_double_sin_cos_K0|    -   |   59   |   236  |
|fourth_order_double_sin_cos_K1|    -   |   52   |   208  |
|fourth_order_double_sin_cos_K2|    -   |   44   |   176  |
|fourth_order_double_sin_cos_K3|    -   |   33   |   132  |
|fourth_order_double_sin_cos_K4|    -   |   25   |   100  |
|      ref_4oPi_table_256      |    8   |    0   |    0   |
+------------------------------+--------+--------+--------+
|             Total            |    8   |   213  |   852  |
+------------------------------+--------+--------+--------+

* Register list:
+------------------------+--------+
|                        |   FF   |
+------------------------+--------+
|    add_ln17_reg_382    |   11   |
|    add_ln18_reg_422    |   11   |
|  bitcast_ln24_reg_504  |   32   |
|  bitcast_ln25_reg_509  |   32   |
|    c_double_reg_437    |   64   |
|      conv1_reg_452     |   32   |
|      conv2_reg_458     |   32   |
|      conv9_reg_402     |   64   |
|      conv_reg_432      |   64   |
|    empty_36_reg_407    |   32   |
|    empty_37_reg_413    |   32   |
|       i_3_reg_130      |   11   |
|  imag_op_addr_reg_489  |   10   |
|  imag_op_load_reg_499  |   32   |
|imag_sample_addr_reg_397|   10   |
|   j_cast_cast_reg_387  |   32   |
|        j_reg_369       |   11   |
|      mul2_reg_464      |   32   |
|      mul3_reg_469      |   32   |
|      mul4_reg_474      |   32   |
|      mul5_reg_479      |   32   |
|  real_op_addr_reg_484  |   10   |
|  real_op_load_reg_494  |   32   |
|real_sample_addr_reg_392|   10   |
|         reg_227        |   64   |
|         reg_234        |   32   |
|         reg_239        |   32   |
|    s_double_reg_447    |   64   |
|       tmp_reg_442      |   64   |
|    zext_ln19_reg_427   |   32   |
+------------------------+--------+
|          Total         |   980  |
+------------------------+--------+

* Multiplexer (MUX) list: 
|-------------------|------|------|------|--------||---------||---------||---------|
|        Comp       |  Pin | Size |  BW  | S x BW ||  Delay  ||    FF   ||   LUT   |
|-------------------|------|------|------|--------||---------||---------||---------|
|  grp_access_fu_85 |  p0  |   2  |  10  |   20   ||    0    ||    9    |
|  grp_access_fu_98 |  p0  |   2  |  10  |   20   ||    0    ||    9    |
| grp_access_fu_111 |  p0  |   2  |  10  |   20   ||    0    ||    9    |
| grp_access_fu_124 |  p0  |   2  |  10  |   20   ||    0    ||    9    |
|    i_3_reg_130    |  p0  |   2  |  11  |   22   ||    0    ||    9    |
|     grp_fu_188    |  p0  |   3  |  32  |   96   ||    0    ||    14   |
|     grp_fu_188    |  p1  |   2  |  32  |   64   ||    0    ||    9    |
|     grp_fu_192    |  p0  |   3  |  32  |   96   ||    0    ||    14   |
|     grp_fu_192    |  p1  |   2  |  32  |   64   ||    0    ||    9    |
|     grp_fu_215    |  p0  |   2  |  64  |   128  ||    0    ||    9    |
|     grp_fu_218    |  p0  |   2  |  64  |   128  ||    0    ||    9    |
|     grp_fu_218    |  p1  |   3  |  64  |   192  ||    0    ||    9    |
|     grp_fu_224    |  p0  |   4  |  10  |   40   ||    0    ||    20   |
|-------------------|------|------|------|--------||---------||---------||---------|
|       Total       |      |      |      |   910  || 21.2405 ||    0    ||   138   |
|-------------------|------|------|------|--------||---------||---------||---------|



* Summary:
+-----------+--------+--------+--------+--------+--------+
|           |  BRAM  |   DSP  |  Delay |   FF   |   LUT  |
+-----------+--------+--------+--------+--------+--------+
|  Function |    -   |   197  |   70   |  15281 |  13488 |
|   Memory  |    8   |    -   |    -   |   213  |   852  |
|Multiplexer|    -   |    -   |   21   |    0   |   138  |
|  Register |    -   |    -   |    -   |   980  |    -   |
+-----------+--------+--------+--------+--------+--------+
|   Total   |    8   |   197  |   91   |  16474 |  14478 |
+-----------+--------+--------+--------+--------+--------+
