

================================================================
== Vitis HLS Report for 'dft_Pipeline_VITIS_LOOP_24_21'
================================================================
* Date:           Tue Nov  4 16:06:49 2025

* Version:        2024.2 (Build 5238294 on Nov  8 2024)
* Project:        dft.comp
* Solution:       hls (Vivado IP Flow Target)
* Product family: zynq
* Target device:  xc7z020-clg400-1


================================================================
== Performance Estimates
================================================================
+ Timing: 
    * Summary: 
    +--------+----------+----------+------------+
    |  Clock |  Target  | Estimated| Uncertainty|
    +--------+----------+----------+------------+
    |ap_clk  |  10.00 ns|  9.305 ns|     2.70 ns|
    +--------+----------+----------+------------+

+ Latency: 
    * Summary: 
    +---------+---------+-----------+-----------+------+------+------------------------------------------------+
    |  Latency (cycles) |   Latency (absolute)  |   Interval  |                    Pipeline                    |
    |   min   |   max   |    min    |    max    |  min |  max |                      Type                      |
    +---------+---------+-----------+-----------+------+------+------------------------------------------------+
    |     5264|     5264|  52.640 us|  52.640 us|  5263|  5263|  loop auto-rewind stp (delay=0 clock cycles(s))|
    +---------+---------+-----------+-----------+------+------+------------------------------------------------+

    + Detail: 
        * Instance: 
        N/A

        * Loop: 
        +-------------------+---------+---------+----------+-----------+-----------+------+----------+
        |                   |  Latency (cycles) | Iteration|  Initiation Interval  | Trip |          |
        |     Loop Name     |   min   |   max   |  Latency |  achieved |   target  | Count| Pipelined|
        +-------------------+---------+---------+----------+-----------+-----------+------+----------+
        |- VITIS_LOOP_24_2  |     5262|     5262|        56|         41|          1|   128|       yes|
        +-------------------+---------+---------+----------+-----------+-----------+------+----------+



================================================================
== Utilization Estimates
================================================================
* Summary: 
+-----------------+---------+-----+--------+-------+-----+
|       Name      | BRAM_18K| DSP |   FF   |  LUT  | URAM|
+-----------------+---------+-----+--------+-------+-----+
|DSP              |        -|    -|       -|      -|    -|
|Expression       |        -|    -|       0|    105|    -|
|FIFO             |        -|    -|       -|      -|    -|
|Instance         |        -|    0|       0|    735|    -|
|Memory           |        -|    -|       -|      -|    -|
|Multiplexer      |        -|    -|       0|   1468|    -|
|Register         |        -|    -|    1584|      -|    -|
+-----------------+---------+-----+--------+-------+-----+
|Total            |        0|    0|    1584|   2308|    0|
+-----------------+---------+-----+--------+-------+-----+
|Available        |      280|  220|  106400|  53200|    0|
+-----------------+---------+-----+--------+-------+-----+
|Utilization (%)  |        0|    0|       1|      4|    0|
+-----------------+---------+-----+--------+-------+-----+

+ Detail: 
    * Instance: 
    +---------------------------+-----------------------+---------+----+---+----+-----+
    |          Instance         |         Module        | BRAM_18K| DSP| FF| LUT| URAM|
    +---------------------------+-----------------------+---------+----+---+----+-----+
    |mul_10s_10s_10_1_1_U47     |mul_10s_10s_10_1_1     |        0|   0|  0|  63|    0|
    |sparsemux_17_3_32_1_1_U48  |sparsemux_17_3_32_1_1  |        0|   0|  0|  42|    0|
    |sparsemux_17_3_32_1_1_U49  |sparsemux_17_3_32_1_1  |        0|   0|  0|  42|    0|
    |sparsemux_17_3_32_1_1_U50  |sparsemux_17_3_32_1_1  |        0|   0|  0|  42|    0|
    |sparsemux_17_3_32_1_1_U51  |sparsemux_17_3_32_1_1  |        0|   0|  0|  42|    0|
    |sparsemux_17_3_32_1_1_U52  |sparsemux_17_3_32_1_1  |        0|   0|  0|  42|    0|
    |sparsemux_17_3_32_1_1_U53  |sparsemux_17_3_32_1_1  |        0|   0|  0|  42|    0|
    |sparsemux_17_3_32_1_1_U54  |sparsemux_17_3_32_1_1  |        0|   0|  0|  42|    0|
    |sparsemux_17_3_32_1_1_U55  |sparsemux_17_3_32_1_1  |        0|   0|  0|  42|    0|
    |sparsemux_17_3_32_1_1_U56  |sparsemux_17_3_32_1_1  |        0|   0|  0|  42|    0|
    |sparsemux_17_3_32_1_1_U57  |sparsemux_17_3_32_1_1  |        0|   0|  0|  42|    0|
    |sparsemux_17_3_32_1_1_U58  |sparsemux_17_3_32_1_1  |        0|   0|  0|  42|    0|
    |sparsemux_17_3_32_1_1_U59  |sparsemux_17_3_32_1_1  |        0|   0|  0|  42|    0|
    |sparsemux_17_3_32_1_1_U60  |sparsemux_17_3_32_1_1  |        0|   0|  0|  42|    0|
    |sparsemux_17_3_32_1_1_U61  |sparsemux_17_3_32_1_1  |        0|   0|  0|  42|    0|
    |sparsemux_17_3_32_1_1_U62  |sparsemux_17_3_32_1_1  |        0|   0|  0|  42|    0|
    |sparsemux_17_3_32_1_1_U63  |sparsemux_17_3_32_1_1  |        0|   0|  0|  42|    0|
    +---------------------------+-----------------------+---------+----+---+----+-----+
    |Total                      |                       |        0|   0|  0| 735|    0|
    +---------------------------+-----------------------+---------+----+---+----+-----+

    * DSP: 
    N/A

    * Memory: 
    N/A

    * FIFO: 
    N/A

    * Expression: 
    +---------------------+----------+----+---+----+------------+------------+
    |    Variable Name    | Operation| DSP| FF| LUT| Bitwidth P0| Bitwidth P1|
    +---------------------+----------+----+---+----+------------+------------+
    |add_ln24_fu_3089_p2  |         +|   0|  0|  12|          11|           4|
    |idx_46_fu_1821_p2    |         +|   0|  0|  13|          10|          10|
    |idx_47_fu_2399_p2    |         +|   0|  0|  13|          10|          10|
    |idx_48_fu_2747_p2    |         +|   0|  0|  13|          10|          10|
    |idx_49_fu_3041_p2    |         +|   0|  0|  13|          10|          10|
    |idx_50_fu_3051_p2    |         +|   0|  0|  13|          10|          10|
    |idx_51_fu_3061_p2    |         +|   0|  0|  13|          10|          10|
    |idx_52_fu_3071_p2    |         +|   0|  0|  13|          10|          10|
    |ap_enable_pp0        |       xor|   0|  0|   2|           1|           2|
    +---------------------+----------+----+---+----+------------+------------+
    |Total                |          |   0|  0| 105|          82|          76|
    +---------------------+----------+----+---+----+------------+------------+

    * Multiplexer: 
    +---------------------------------------+-----+-----------+-----+-----------+
    |                  Name                 | LUT | Input Size| Bits| Total Bits|
    +---------------------------------------+-----+-----------+-----+-----------+
    |add274_1_fu_136                        |    9|          2|   32|         64|
    |add3_1_fu_132                          |    9|          2|   32|         64|
    |ap_NS_fsm                              |  185|         42|    1|         42|
    |ap_done_int                            |    9|          2|    1|          2|
    |ap_enable_reg_pp0_iter0                |    9|          2|    1|          2|
    |ap_enable_reg_pp0_iter0_reg            |    9|          2|    1|          2|
    |ap_enable_reg_pp0_iter1                |    9|          2|    1|          2|
    |ap_sig_allocacmp_j                     |    9|          2|   11|         22|
    |cos_coefficients_table_address0_local  |   48|          9|   10|         90|
    |grp_fu_1470_opcode                     |   14|          3|    2|          6|
    |grp_fu_1470_p0                         |   42|          8|   32|        256|
    |grp_fu_1470_p1                         |   59|         11|   32|        352|
    |grp_fu_1474_opcode                     |   14|          3|    2|          6|
    |grp_fu_1474_p0                         |   20|          4|   32|        128|
    |grp_fu_1474_p1                         |   20|          4|   32|        128|
    |grp_fu_1478_p0                         |   81|         17|   32|        544|
    |grp_fu_1478_p1                         |   65|         15|   32|        480|
    |imag_sample_0_address0_local           |   25|          5|    7|         35|
    |imag_sample_0_address1_local           |   25|          5|    7|         35|
    |imag_sample_1_address0_local           |   25|          5|    7|         35|
    |imag_sample_1_address1_local           |   25|          5|    7|         35|
    |imag_sample_2_address0_local           |   25|          5|    7|         35|
    |imag_sample_2_address1_local           |   25|          5|    7|         35|
    |imag_sample_3_address0_local           |   25|          5|    7|         35|
    |imag_sample_3_address1_local           |   25|          5|    7|         35|
    |imag_sample_4_address0_local           |   25|          5|    7|         35|
    |imag_sample_4_address1_local           |   25|          5|    7|         35|
    |imag_sample_5_address0_local           |   25|          5|    7|         35|
    |imag_sample_5_address1_local           |   25|          5|    7|         35|
    |imag_sample_6_address0_local           |   25|          5|    7|         35|
    |imag_sample_6_address1_local           |   25|          5|    7|         35|
    |imag_sample_7_address0_local           |   25|          5|    7|         35|
    |imag_sample_7_address1_local           |   25|          5|    7|         35|
    |j_1_fu_140                             |    9|          2|   11|         22|
    |real_sample_0_address0_local           |   25|          5|    7|         35|
    |real_sample_0_address1_local           |   25|          5|    7|         35|
    |real_sample_1_address0_local           |   25|          5|    7|         35|
    |real_sample_1_address1_local           |   25|          5|    7|         35|
    |real_sample_2_address0_local           |   25|          5|    7|         35|
    |real_sample_2_address1_local           |   25|          5|    7|         35|
    |real_sample_3_address0_local           |   25|          5|    7|         35|
    |real_sample_3_address1_local           |   25|          5|    7|         35|
    |real_sample_4_address0_local           |   25|          5|    7|         35|
    |real_sample_4_address1_local           |   25|          5|    7|         35|
    |real_sample_5_address0_local           |   25|          5|    7|         35|
    |real_sample_5_address1_local           |   25|          5|    7|         35|
    |real_sample_6_address0_local           |   25|          5|    7|         35|
    |real_sample_6_address1_local           |   25|          5|    7|         35|
    |real_sample_7_address0_local           |   25|          5|    7|         35|
    |real_sample_7_address1_local           |   25|          5|    7|         35|
    |sin_coefficients_table_address0_local  |   48|          9|   10|         90|
    +---------------------------------------+-----+-----------+-----+-----------+
    |Total                                  | 1468|        301|  531|       3422|
    +---------------------------------------+-----+-----------+-----+-----------+

    * Register: 
    +-----------------------------+----+----+-----+-----------+
    |             Name            | FF | LUT| Bits| Const Bits|
    +-----------------------------+----+----+-----+-----------+
    |add274_1_fu_136              |  32|   0|   32|          0|
    |add3_1_fu_132                |  32|   0|   32|          0|
    |ap_CS_fsm                    |  41|   0|   41|          0|
    |ap_done_reg                  |   1|   0|    1|          0|
    |ap_enable_reg_pp0_iter0_reg  |   1|   0|    1|          0|
    |ap_enable_reg_pp0_iter1      |   1|   0|    1|          0|
    |c_46_reg_3738                |  32|   0|   32|          0|
    |c_47_reg_3943                |  32|   0|   32|          0|
    |c_48_reg_3988                |  32|   0|   32|          0|
    |c_49_reg_4013                |  32|   0|   32|          0|
    |c_50_reg_4038                |  32|   0|   32|          0|
    |c_51_reg_4063                |  32|   0|   32|          0|
    |idx_46_reg_3366              |  10|   0|   10|          0|
    |idx_47_reg_3748              |  10|   0|   10|          0|
    |idx_48_reg_3953              |  10|   0|   10|          0|
    |idx_49_reg_3998              |  10|   0|   10|          0|
    |idx_50_reg_4023              |  10|   0|   10|          0|
    |idx_52_reg_4058              |  10|   0|   10|          0|
    |idx_reg_3164                 |  10|   0|   10|          0|
    |j_1_fu_140                   |  11|   0|   11|          0|
    |j_reg_3151                   |  11|   0|   11|          0|
    |reg_1482                     |  32|   0|   32|          0|
    |reg_1487                     |  32|   0|   32|          0|
    |reg_1492                     |  32|   0|   32|          0|
    |reg_1498                     |  32|   0|   32|          0|
    |reg_1504                     |  32|   0|   32|          0|
    |reg_1510                     |  32|   0|   32|          0|
    |reg_1516                     |  32|   0|   32|          0|
    |reg_1522                     |  32|   0|   32|          0|
    |reg_1528                     |  32|   0|   32|          0|
    |reg_1534                     |  32|   0|   32|          0|
    |reg_1540                     |  32|   0|   32|          0|
    |reg_1545                     |  32|   0|   32|          0|
    |reg_1550                     |  32|   0|   32|          0|
    |reg_1555                     |  32|   0|   32|          0|
    |reg_1560                     |  32|   0|   32|          0|
    |s_46_reg_3743                |  32|   0|   32|          0|
    |s_47_reg_3948                |  32|   0|   32|          0|
    |s_48_reg_3993                |  32|   0|   32|          0|
    |s_49_reg_4018                |  32|   0|   32|          0|
    |s_50_reg_4043                |  32|   0|   32|          0|
    |s_52_reg_4078                |  32|   0|   32|          0|
    |tmp_15_reg_3356              |  32|   0|   32|          0|
    |tmp_16_reg_3361              |  32|   0|   32|          0|
    |tmp_17_reg_3372              |  32|   0|   32|          0|
    |tmp_18_reg_3377              |  32|   0|   32|          0|
    |tmp_19_reg_3552              |  32|   0|   32|          0|
    |tmp_20_reg_3557              |  32|   0|   32|          0|
    |tmp_21_reg_3562              |  32|   0|   32|          0|
    |tmp_22_reg_3567              |  32|   0|   32|          0|
    |tmp_23_reg_3763              |  32|   0|   32|          0|
    |tmp_24_reg_3768              |  32|   0|   32|          0|
    |tmp_25_reg_3773              |  32|   0|   32|          0|
    |tmp_26_reg_3778              |  32|   0|   32|          0|
    |tmp_27_reg_3968              |  32|   0|   32|          0|
    |tmp_28_reg_3973              |  32|   0|   32|          0|
    |tmp_29_reg_3978              |  32|   0|   32|          0|
    |tmp_30_reg_3983              |  32|   0|   32|          0|
    |tmp_79_reg_3572              |   4|   0|    4|          0|
    |tmp_reg_3160                 |   1|   0|    1|          0|
    |trunc_ln13_2_reg_3330        |   3|   0|    3|          0|
    +-----------------------------+----+----+-----+-----------+
    |Total                        |1584|   0| 1584|          0|
    +-----------------------------+----+----+-----+-----------+



================================================================
== Interface
================================================================
* Summary: 
+---------------------------------+-----+-----+------------+-------------------------------+--------------+
|            RTL Ports            | Dir | Bits|  Protocol  |         Source Object         |    C Type    |
+---------------------------------+-----+-----+------------+-------------------------------+--------------+
|ap_clk                           |   in|    1|  ap_ctrl_hs|  dft_Pipeline_VITIS_LOOP_24_21|  return value|
|ap_rst                           |   in|    1|  ap_ctrl_hs|  dft_Pipeline_VITIS_LOOP_24_21|  return value|
|ap_start                         |   in|    1|  ap_ctrl_hs|  dft_Pipeline_VITIS_LOOP_24_21|  return value|
|ap_done                          |  out|    1|  ap_ctrl_hs|  dft_Pipeline_VITIS_LOOP_24_21|  return value|
|ap_idle                          |  out|    1|  ap_ctrl_hs|  dft_Pipeline_VITIS_LOOP_24_21|  return value|
|ap_ready                         |  out|    1|  ap_ctrl_hs|  dft_Pipeline_VITIS_LOOP_24_21|  return value|
|grp_fu_2504_p_din0               |  out|   32|  ap_ctrl_hs|  dft_Pipeline_VITIS_LOOP_24_21|  return value|
|grp_fu_2504_p_din1               |  out|   32|  ap_ctrl_hs|  dft_Pipeline_VITIS_LOOP_24_21|  return value|
|grp_fu_2504_p_opcode             |  out|    2|  ap_ctrl_hs|  dft_Pipeline_VITIS_LOOP_24_21|  return value|
|grp_fu_2504_p_dout0              |   in|   32|  ap_ctrl_hs|  dft_Pipeline_VITIS_LOOP_24_21|  return value|
|grp_fu_2504_p_ce                 |  out|    1|  ap_ctrl_hs|  dft_Pipeline_VITIS_LOOP_24_21|  return value|
|grp_fu_2508_p_din0               |  out|   32|  ap_ctrl_hs|  dft_Pipeline_VITIS_LOOP_24_21|  return value|
|grp_fu_2508_p_din1               |  out|   32|  ap_ctrl_hs|  dft_Pipeline_VITIS_LOOP_24_21|  return value|
|grp_fu_2508_p_opcode             |  out|    2|  ap_ctrl_hs|  dft_Pipeline_VITIS_LOOP_24_21|  return value|
|grp_fu_2508_p_dout0              |   in|   32|  ap_ctrl_hs|  dft_Pipeline_VITIS_LOOP_24_21|  return value|
|grp_fu_2508_p_ce                 |  out|    1|  ap_ctrl_hs|  dft_Pipeline_VITIS_LOOP_24_21|  return value|
|grp_fu_2512_p_din0               |  out|   32|  ap_ctrl_hs|  dft_Pipeline_VITIS_LOOP_24_21|  return value|
|grp_fu_2512_p_din1               |  out|   32|  ap_ctrl_hs|  dft_Pipeline_VITIS_LOOP_24_21|  return value|
|grp_fu_2512_p_dout0              |   in|   32|  ap_ctrl_hs|  dft_Pipeline_VITIS_LOOP_24_21|  return value|
|grp_fu_2512_p_ce                 |  out|    1|  ap_ctrl_hs|  dft_Pipeline_VITIS_LOOP_24_21|  return value|
|or_ln1                           |   in|   10|     ap_none|                         or_ln1|        scalar|
|real_sample_0_address0           |  out|    7|   ap_memory|                  real_sample_0|         array|
|real_sample_0_ce0                |  out|    1|   ap_memory|                  real_sample_0|         array|
|real_sample_0_q0                 |   in|   32|   ap_memory|                  real_sample_0|         array|
|real_sample_0_address1           |  out|    7|   ap_memory|                  real_sample_0|         array|
|real_sample_0_ce1                |  out|    1|   ap_memory|                  real_sample_0|         array|
|real_sample_0_q1                 |   in|   32|   ap_memory|                  real_sample_0|         array|
|real_sample_1_address0           |  out|    7|   ap_memory|                  real_sample_1|         array|
|real_sample_1_ce0                |  out|    1|   ap_memory|                  real_sample_1|         array|
|real_sample_1_q0                 |   in|   32|   ap_memory|                  real_sample_1|         array|
|real_sample_1_address1           |  out|    7|   ap_memory|                  real_sample_1|         array|
|real_sample_1_ce1                |  out|    1|   ap_memory|                  real_sample_1|         array|
|real_sample_1_q1                 |   in|   32|   ap_memory|                  real_sample_1|         array|
|real_sample_2_address0           |  out|    7|   ap_memory|                  real_sample_2|         array|
|real_sample_2_ce0                |  out|    1|   ap_memory|                  real_sample_2|         array|
|real_sample_2_q0                 |   in|   32|   ap_memory|                  real_sample_2|         array|
|real_sample_2_address1           |  out|    7|   ap_memory|                  real_sample_2|         array|
|real_sample_2_ce1                |  out|    1|   ap_memory|                  real_sample_2|         array|
|real_sample_2_q1                 |   in|   32|   ap_memory|                  real_sample_2|         array|
|real_sample_3_address0           |  out|    7|   ap_memory|                  real_sample_3|         array|
|real_sample_3_ce0                |  out|    1|   ap_memory|                  real_sample_3|         array|
|real_sample_3_q0                 |   in|   32|   ap_memory|                  real_sample_3|         array|
|real_sample_3_address1           |  out|    7|   ap_memory|                  real_sample_3|         array|
|real_sample_3_ce1                |  out|    1|   ap_memory|                  real_sample_3|         array|
|real_sample_3_q1                 |   in|   32|   ap_memory|                  real_sample_3|         array|
|real_sample_4_address0           |  out|    7|   ap_memory|                  real_sample_4|         array|
|real_sample_4_ce0                |  out|    1|   ap_memory|                  real_sample_4|         array|
|real_sample_4_q0                 |   in|   32|   ap_memory|                  real_sample_4|         array|
|real_sample_4_address1           |  out|    7|   ap_memory|                  real_sample_4|         array|
|real_sample_4_ce1                |  out|    1|   ap_memory|                  real_sample_4|         array|
|real_sample_4_q1                 |   in|   32|   ap_memory|                  real_sample_4|         array|
|real_sample_5_address0           |  out|    7|   ap_memory|                  real_sample_5|         array|
|real_sample_5_ce0                |  out|    1|   ap_memory|                  real_sample_5|         array|
|real_sample_5_q0                 |   in|   32|   ap_memory|                  real_sample_5|         array|
|real_sample_5_address1           |  out|    7|   ap_memory|                  real_sample_5|         array|
|real_sample_5_ce1                |  out|    1|   ap_memory|                  real_sample_5|         array|
|real_sample_5_q1                 |   in|   32|   ap_memory|                  real_sample_5|         array|
|real_sample_6_address0           |  out|    7|   ap_memory|                  real_sample_6|         array|
|real_sample_6_ce0                |  out|    1|   ap_memory|                  real_sample_6|         array|
|real_sample_6_q0                 |   in|   32|   ap_memory|                  real_sample_6|         array|
|real_sample_6_address1           |  out|    7|   ap_memory|                  real_sample_6|         array|
|real_sample_6_ce1                |  out|    1|   ap_memory|                  real_sample_6|         array|
|real_sample_6_q1                 |   in|   32|   ap_memory|                  real_sample_6|         array|
|real_sample_7_address0           |  out|    7|   ap_memory|                  real_sample_7|         array|
|real_sample_7_ce0                |  out|    1|   ap_memory|                  real_sample_7|         array|
|real_sample_7_q0                 |   in|   32|   ap_memory|                  real_sample_7|         array|
|real_sample_7_address1           |  out|    7|   ap_memory|                  real_sample_7|         array|
|real_sample_7_ce1                |  out|    1|   ap_memory|                  real_sample_7|         array|
|real_sample_7_q1                 |   in|   32|   ap_memory|                  real_sample_7|         array|
|imag_sample_0_address0           |  out|    7|   ap_memory|                  imag_sample_0|         array|
|imag_sample_0_ce0                |  out|    1|   ap_memory|                  imag_sample_0|         array|
|imag_sample_0_q0                 |   in|   32|   ap_memory|                  imag_sample_0|         array|
|imag_sample_0_address1           |  out|    7|   ap_memory|                  imag_sample_0|         array|
|imag_sample_0_ce1                |  out|    1|   ap_memory|                  imag_sample_0|         array|
|imag_sample_0_q1                 |   in|   32|   ap_memory|                  imag_sample_0|         array|
|imag_sample_1_address0           |  out|    7|   ap_memory|                  imag_sample_1|         array|
|imag_sample_1_ce0                |  out|    1|   ap_memory|                  imag_sample_1|         array|
|imag_sample_1_q0                 |   in|   32|   ap_memory|                  imag_sample_1|         array|
|imag_sample_1_address1           |  out|    7|   ap_memory|                  imag_sample_1|         array|
|imag_sample_1_ce1                |  out|    1|   ap_memory|                  imag_sample_1|         array|
|imag_sample_1_q1                 |   in|   32|   ap_memory|                  imag_sample_1|         array|
|imag_sample_2_address0           |  out|    7|   ap_memory|                  imag_sample_2|         array|
|imag_sample_2_ce0                |  out|    1|   ap_memory|                  imag_sample_2|         array|
|imag_sample_2_q0                 |   in|   32|   ap_memory|                  imag_sample_2|         array|
|imag_sample_2_address1           |  out|    7|   ap_memory|                  imag_sample_2|         array|
|imag_sample_2_ce1                |  out|    1|   ap_memory|                  imag_sample_2|         array|
|imag_sample_2_q1                 |   in|   32|   ap_memory|                  imag_sample_2|         array|
|imag_sample_3_address0           |  out|    7|   ap_memory|                  imag_sample_3|         array|
|imag_sample_3_ce0                |  out|    1|   ap_memory|                  imag_sample_3|         array|
|imag_sample_3_q0                 |   in|   32|   ap_memory|                  imag_sample_3|         array|
|imag_sample_3_address1           |  out|    7|   ap_memory|                  imag_sample_3|         array|
|imag_sample_3_ce1                |  out|    1|   ap_memory|                  imag_sample_3|         array|
|imag_sample_3_q1                 |   in|   32|   ap_memory|                  imag_sample_3|         array|
|imag_sample_4_address0           |  out|    7|   ap_memory|                  imag_sample_4|         array|
|imag_sample_4_ce0                |  out|    1|   ap_memory|                  imag_sample_4|         array|
|imag_sample_4_q0                 |   in|   32|   ap_memory|                  imag_sample_4|         array|
|imag_sample_4_address1           |  out|    7|   ap_memory|                  imag_sample_4|         array|
|imag_sample_4_ce1                |  out|    1|   ap_memory|                  imag_sample_4|         array|
|imag_sample_4_q1                 |   in|   32|   ap_memory|                  imag_sample_4|         array|
|imag_sample_5_address0           |  out|    7|   ap_memory|                  imag_sample_5|         array|
|imag_sample_5_ce0                |  out|    1|   ap_memory|                  imag_sample_5|         array|
|imag_sample_5_q0                 |   in|   32|   ap_memory|                  imag_sample_5|         array|
|imag_sample_5_address1           |  out|    7|   ap_memory|                  imag_sample_5|         array|
|imag_sample_5_ce1                |  out|    1|   ap_memory|                  imag_sample_5|         array|
|imag_sample_5_q1                 |   in|   32|   ap_memory|                  imag_sample_5|         array|
|imag_sample_6_address0           |  out|    7|   ap_memory|                  imag_sample_6|         array|
|imag_sample_6_ce0                |  out|    1|   ap_memory|                  imag_sample_6|         array|
|imag_sample_6_q0                 |   in|   32|   ap_memory|                  imag_sample_6|         array|
|imag_sample_6_address1           |  out|    7|   ap_memory|                  imag_sample_6|         array|
|imag_sample_6_ce1                |  out|    1|   ap_memory|                  imag_sample_6|         array|
|imag_sample_6_q1                 |   in|   32|   ap_memory|                  imag_sample_6|         array|
|imag_sample_7_address0           |  out|    7|   ap_memory|                  imag_sample_7|         array|
|imag_sample_7_ce0                |  out|    1|   ap_memory|                  imag_sample_7|         array|
|imag_sample_7_q0                 |   in|   32|   ap_memory|                  imag_sample_7|         array|
|imag_sample_7_address1           |  out|    7|   ap_memory|                  imag_sample_7|         array|
|imag_sample_7_ce1                |  out|    1|   ap_memory|                  imag_sample_7|         array|
|imag_sample_7_q1                 |   in|   32|   ap_memory|                  imag_sample_7|         array|
|add274_1_out                     |  out|   32|      ap_vld|                   add274_1_out|       pointer|
|add274_1_out_ap_vld              |  out|    1|      ap_vld|                   add274_1_out|       pointer|
|add3_1_out                       |  out|   32|      ap_vld|                     add3_1_out|       pointer|
|add3_1_out_ap_vld                |  out|    1|      ap_vld|                     add3_1_out|       pointer|
|cos_coefficients_table_address0  |  out|   10|   ap_memory|         cos_coefficients_table|         array|
|cos_coefficients_table_ce0       |  out|    1|   ap_memory|         cos_coefficients_table|         array|
|cos_coefficients_table_q0        |   in|   32|   ap_memory|         cos_coefficients_table|         array|
|sin_coefficients_table_address0  |  out|   10|   ap_memory|         sin_coefficients_table|         array|
|sin_coefficients_table_ce0       |  out|    1|   ap_memory|         sin_coefficients_table|         array|
|sin_coefficients_table_q0        |   in|   32|   ap_memory|         sin_coefficients_table|         array|
+---------------------------------+-----+-----+------------+-------------------------------+--------------+

============================================================
+ Verbose Summary: Synthesis Manager
============================================================
InlineROM: 1
ExposeGlobal: 0
============================================================
+ Verbose Summary: CDFG Model
============================================================
IsTopModel: 0
ResetActiveHigh: 1
IsCombinational: 2
IsDatapathOnly: 2
HasWiredReturn: 1
HasMFsm: 2
HasVarLatency: 1
IsPipeline: 0
IsRtlPipelined: 0
IsInstanceOverlapped: 0
IsDontTouch: 0
HasImplIP: 0
IsGatedGlobalClock: 0

+ Individual pipeline summary: 
  * Pipeline-0: initiation interval (II) = 41, depth = 56


============================================================
+ Verbose Summary: Schedule
============================================================
* Number of FSM states : 56
* Pipeline : 1
  Pipeline-0 : II = 41, D = 56, States = { 1 2 3 4 5 6 7 8 9 10 11 12 13 14 15 16 17 18 19 20 21 22 23 24 25 26 27 28 29 30 31 32 33 34 35 36 37 38 39 40 41 42 43 44 45 46 47 48 49 50 51 52 53 54 55 56 }
* Dataflow Pipeline: 0

* FSM state transitions: 
1 --> 2 
2 --> 3 
3 --> 4 
4 --> 5 
5 --> 6 
6 --> 7 
7 --> 8 
8 --> 9 
9 --> 10 
10 --> 11 
11 --> 12 
12 --> 13 
13 --> 14 
14 --> 15 
15 --> 16 
16 --> 17 
17 --> 18 
18 --> 19 
19 --> 20 
20 --> 21 
21 --> 22 
22 --> 23 
23 --> 24 
24 --> 25 
25 --> 26 
26 --> 27 
27 --> 28 
28 --> 29 
29 --> 30 
30 --> 31 
31 --> 32 
32 --> 33 
33 --> 34 
34 --> 35 
35 --> 36 
36 --> 37 
37 --> 38 
38 --> 39 
39 --> 40 
40 --> 41 
41 --> 42 
42 --> 43 
43 --> 44 
44 --> 45 
45 --> 46 
46 --> 47 
47 --> 48 
48 --> 49 
49 --> 50 
50 --> 51 
51 --> 52 
52 --> 53 
53 --> 54 
54 --> 55 
55 --> 56 
56 --> 

* FSM state operations: 

State 1 <SV = 0> <Delay = 6.10>
ST_1 : Operation 59 [1/1] (0.00ns)   --->   "%add3_1 = alloca i32 1"   --->   Operation 59 'alloca' 'add3_1' <Predicate = true> <Delay = 0.00>
ST_1 : Operation 60 [1/1] (0.00ns)   --->   "%add274_1 = alloca i32 1"   --->   Operation 60 'alloca' 'add274_1' <Predicate = true> <Delay = 0.00>
ST_1 : Operation 61 [1/1] (0.00ns)   --->   "%j_1 = alloca i32 1" [dft.cpp:13]   --->   Operation 61 'alloca' 'j_1' <Predicate = true> <Delay = 0.00>
ST_1 : Operation 62 [1/1] (0.00ns)   --->   "%specinterface_ln0 = specinterface void @_ssdm_op_SpecInterface, i32 %imag_sample_7, void @empty, i32 0, i32 0, void @empty_0, i32 4294967295, i32 0, void @empty_0, void @empty_0, void @empty_0, i32 0, i32 0, i32 0, i32 0, void @empty_0, void @empty_0, i32 4294967295, i32 0, i32 0"   --->   Operation 62 'specinterface' 'specinterface_ln0' <Predicate = true> <Delay = 0.00>
ST_1 : Operation 63 [1/1] (0.00ns)   --->   "%specinterface_ln0 = specinterface void @_ssdm_op_SpecInterface, i32 %imag_sample_6, void @empty, i32 0, i32 0, void @empty_0, i32 4294967295, i32 0, void @empty_0, void @empty_0, void @empty_0, i32 0, i32 0, i32 0, i32 0, void @empty_0, void @empty_0, i32 4294967295, i32 0, i32 0"   --->   Operation 63 'specinterface' 'specinterface_ln0' <Predicate = true> <Delay = 0.00>
ST_1 : Operation 64 [1/1] (0.00ns)   --->   "%specinterface_ln0 = specinterface void @_ssdm_op_SpecInterface, i32 %imag_sample_5, void @empty, i32 0, i32 0, void @empty_0, i32 4294967295, i32 0, void @empty_0, void @empty_0, void @empty_0, i32 0, i32 0, i32 0, i32 0, void @empty_0, void @empty_0, i32 4294967295, i32 0, i32 0"   --->   Operation 64 'specinterface' 'specinterface_ln0' <Predicate = true> <Delay = 0.00>
ST_1 : Operation 65 [1/1] (0.00ns)   --->   "%specinterface_ln0 = specinterface void @_ssdm_op_SpecInterface, i32 %imag_sample_4, void @empty, i32 0, i32 0, void @empty_0, i32 4294967295, i32 0, void @empty_0, void @empty_0, void @empty_0, i32 0, i32 0, i32 0, i32 0, void @empty_0, void @empty_0, i32 4294967295, i32 0, i32 0"   --->   Operation 65 'specinterface' 'specinterface_ln0' <Predicate = true> <Delay = 0.00>
ST_1 : Operation 66 [1/1] (0.00ns)   --->   "%specinterface_ln0 = specinterface void @_ssdm_op_SpecInterface, i32 %imag_sample_3, void @empty, i32 0, i32 0, void @empty_0, i32 4294967295, i32 0, void @empty_0, void @empty_0, void @empty_0, i32 0, i32 0, i32 0, i32 0, void @empty_0, void @empty_0, i32 4294967295, i32 0, i32 0"   --->   Operation 66 'specinterface' 'specinterface_ln0' <Predicate = true> <Delay = 0.00>
ST_1 : Operation 67 [1/1] (0.00ns)   --->   "%specinterface_ln0 = specinterface void @_ssdm_op_SpecInterface, i32 %imag_sample_2, void @empty, i32 0, i32 0, void @empty_0, i32 4294967295, i32 0, void @empty_0, void @empty_0, void @empty_0, i32 0, i32 0, i32 0, i32 0, void @empty_0, void @empty_0, i32 4294967295, i32 0, i32 0"   --->   Operation 67 'specinterface' 'specinterface_ln0' <Predicate = true> <Delay = 0.00>
ST_1 : Operation 68 [1/1] (0.00ns)   --->   "%specinterface_ln0 = specinterface void @_ssdm_op_SpecInterface, i32 %imag_sample_1, void @empty, i32 0, i32 0, void @empty_0, i32 4294967295, i32 0, void @empty_0, void @empty_0, void @empty_0, i32 0, i32 0, i32 0, i32 0, void @empty_0, void @empty_0, i32 4294967295, i32 0, i32 0"   --->   Operation 68 'specinterface' 'specinterface_ln0' <Predicate = true> <Delay = 0.00>
ST_1 : Operation 69 [1/1] (0.00ns)   --->   "%specinterface_ln0 = specinterface void @_ssdm_op_SpecInterface, i32 %imag_sample_0, void @empty, i32 0, i32 0, void @empty_0, i32 4294967295, i32 0, void @empty_0, void @empty_0, void @empty_0, i32 0, i32 0, i32 0, i32 0, void @empty_0, void @empty_0, i32 4294967295, i32 0, i32 0"   --->   Operation 69 'specinterface' 'specinterface_ln0' <Predicate = true> <Delay = 0.00>
ST_1 : Operation 70 [1/1] (0.00ns)   --->   "%specinterface_ln0 = specinterface void @_ssdm_op_SpecInterface, i32 %real_sample_7, void @empty, i32 0, i32 0, void @empty_0, i32 4294967295, i32 0, void @empty_0, void @empty_0, void @empty_0, i32 0, i32 0, i32 0, i32 0, void @empty_0, void @empty_0, i32 4294967295, i32 0, i32 0"   --->   Operation 70 'specinterface' 'specinterface_ln0' <Predicate = true> <Delay = 0.00>
ST_1 : Operation 71 [1/1] (0.00ns)   --->   "%specinterface_ln0 = specinterface void @_ssdm_op_SpecInterface, i32 %real_sample_6, void @empty, i32 0, i32 0, void @empty_0, i32 4294967295, i32 0, void @empty_0, void @empty_0, void @empty_0, i32 0, i32 0, i32 0, i32 0, void @empty_0, void @empty_0, i32 4294967295, i32 0, i32 0"   --->   Operation 71 'specinterface' 'specinterface_ln0' <Predicate = true> <Delay = 0.00>
ST_1 : Operation 72 [1/1] (0.00ns)   --->   "%specinterface_ln0 = specinterface void @_ssdm_op_SpecInterface, i32 %real_sample_5, void @empty, i32 0, i32 0, void @empty_0, i32 4294967295, i32 0, void @empty_0, void @empty_0, void @empty_0, i32 0, i32 0, i32 0, i32 0, void @empty_0, void @empty_0, i32 4294967295, i32 0, i32 0"   --->   Operation 72 'specinterface' 'specinterface_ln0' <Predicate = true> <Delay = 0.00>
ST_1 : Operation 73 [1/1] (0.00ns)   --->   "%specinterface_ln0 = specinterface void @_ssdm_op_SpecInterface, i32 %real_sample_4, void @empty, i32 0, i32 0, void @empty_0, i32 4294967295, i32 0, void @empty_0, void @empty_0, void @empty_0, i32 0, i32 0, i32 0, i32 0, void @empty_0, void @empty_0, i32 4294967295, i32 0, i32 0"   --->   Operation 73 'specinterface' 'specinterface_ln0' <Predicate = true> <Delay = 0.00>
ST_1 : Operation 74 [1/1] (0.00ns)   --->   "%specinterface_ln0 = specinterface void @_ssdm_op_SpecInterface, i32 %real_sample_3, void @empty, i32 0, i32 0, void @empty_0, i32 4294967295, i32 0, void @empty_0, void @empty_0, void @empty_0, i32 0, i32 0, i32 0, i32 0, void @empty_0, void @empty_0, i32 4294967295, i32 0, i32 0"   --->   Operation 74 'specinterface' 'specinterface_ln0' <Predicate = true> <Delay = 0.00>
ST_1 : Operation 75 [1/1] (0.00ns)   --->   "%specinterface_ln0 = specinterface void @_ssdm_op_SpecInterface, i32 %real_sample_2, void @empty, i32 0, i32 0, void @empty_0, i32 4294967295, i32 0, void @empty_0, void @empty_0, void @empty_0, i32 0, i32 0, i32 0, i32 0, void @empty_0, void @empty_0, i32 4294967295, i32 0, i32 0"   --->   Operation 75 'specinterface' 'specinterface_ln0' <Predicate = true> <Delay = 0.00>
ST_1 : Operation 76 [1/1] (0.00ns)   --->   "%specinterface_ln0 = specinterface void @_ssdm_op_SpecInterface, i32 %real_sample_1, void @empty, i32 0, i32 0, void @empty_0, i32 4294967295, i32 0, void @empty_0, void @empty_0, void @empty_0, i32 0, i32 0, i32 0, i32 0, void @empty_0, void @empty_0, i32 4294967295, i32 0, i32 0"   --->   Operation 76 'specinterface' 'specinterface_ln0' <Predicate = true> <Delay = 0.00>
ST_1 : Operation 77 [1/1] (0.00ns)   --->   "%specinterface_ln0 = specinterface void @_ssdm_op_SpecInterface, i32 %real_sample_0, void @empty, i32 0, i32 0, void @empty_0, i32 4294967295, i32 0, void @empty_0, void @empty_0, void @empty_0, i32 0, i32 0, i32 0, i32 0, void @empty_0, void @empty_0, i32 4294967295, i32 0, i32 0"   --->   Operation 77 'specinterface' 'specinterface_ln0' <Predicate = true> <Delay = 0.00>
ST_1 : Operation 78 [1/1] (0.00ns)   --->   "%or_ln1_read = read i10 @_ssdm_op_Read.ap_auto.i10, i10 %or_ln1"   --->   Operation 78 'read' 'or_ln1_read' <Predicate = true> <Delay = 0.00>
ST_1 : Operation 79 [1/1] (1.58ns)   --->   "%store_ln13 = store i11 0, i11 %j_1" [dft.cpp:13]   --->   Operation 79 'store' 'store_ln13' <Predicate = true> <Delay = 1.58>
ST_1 : Operation 80 [1/1] (1.58ns)   --->   "%store_ln0 = store i32 0, i32 %add274_1"   --->   Operation 80 'store' 'store_ln0' <Predicate = true> <Delay = 1.58>
ST_1 : Operation 81 [1/1] (1.58ns)   --->   "%store_ln0 = store i32 0, i32 %add3_1"   --->   Operation 81 'store' 'store_ln0' <Predicate = true> <Delay = 1.58>
ST_1 : Operation 82 [1/1] (0.00ns)   --->   "%br_ln0 = br void %for.inc.1"   --->   Operation 82 'br' 'br_ln0' <Predicate = true> <Delay = 0.00>
ST_1 : Operation 83 [1/1] (0.00ns)   --->   "%j = load i11 %j_1" [dft.cpp:24]   --->   Operation 83 'load' 'j' <Predicate = true> <Delay = 0.00>
ST_1 : Operation 84 [1/1] (0.00ns)   --->   "%tmp = bitselect i1 @_ssdm_op_BitSelect.i1.i11.i32, i11 %j, i32 10" [dft.cpp:24]   --->   Operation 84 'bitselect' 'tmp' <Predicate = true> <Delay = 0.00>
ST_1 : Operation 85 [1/1] (0.00ns)   --->   "%br_ln24 = br i1 %tmp, void %for.inc.1.split, void %for.inc29.1.exitStub" [dft.cpp:24]   --->   Operation 85 'br' 'br_ln24' <Predicate = true> <Delay = 0.00>
ST_1 : Operation 86 [1/1] (0.00ns)   --->   "%trunc_ln26 = trunc i11 %j" [dft.cpp:26]   --->   Operation 86 'trunc' 'trunc_ln26' <Predicate = (!tmp)> <Delay = 0.00>
ST_1 : Operation 87 [1/1] (0.00ns)   --->   "%trunc_ln24 = trunc i11 %j" [dft.cpp:24]   --->   Operation 87 'trunc' 'trunc_ln24' <Predicate = (!tmp)> <Delay = 0.00>
ST_1 : Operation 88 [1/1] (0.00ns)   --->   "%zext_ln13 = zext i7 %trunc_ln24" [dft.cpp:13]   --->   Operation 88 'zext' 'zext_ln13' <Predicate = (!tmp)> <Delay = 0.00>
ST_1 : Operation 89 [1/1] (4.52ns)   --->   "%idx = mul i10 %trunc_ln26, i10 %or_ln1_read" [dft.cpp:26]   --->   Operation 89 'mul' 'idx' <Predicate = (!tmp)> <Delay = 4.52> <CoreInst = "Multiplier">   --->   Core 3 'Multiplier' <Latency = 0> <II = 1> <Delay = 4.52> <FuncUnit> <Opcode : 'mul'> <InPorts = 2> <OutPorts = 1>
ST_1 : Operation 90 [1/1] (0.00ns)   --->   "%real_sample_0_addr_8 = getelementptr i32 %real_sample_0, i64 0, i64 %zext_ln13" [dft.cpp:29]   --->   Operation 90 'getelementptr' 'real_sample_0_addr_8' <Predicate = (!tmp)> <Delay = 0.00>
ST_1 : Operation 91 [2/2] (3.25ns)   --->   "%real_sample_0_load_8 = load i7 %real_sample_0_addr_8" [dft.cpp:29]   --->   Operation 91 'load' 'real_sample_0_load_8' <Predicate = (!tmp)> <Delay = 3.25> <CoreInst = "RAM">   --->   Core 81 'RAM' <Latency = 1> <II = 1> <Delay = 3.25> <Storage> <Opcode : 'load' 'store'> <Ports = 2> <Width = 32> <Depth = 128> <RAM>
ST_1 : Operation 92 [1/1] (0.00ns)   --->   "%real_sample_1_addr_8 = getelementptr i32 %real_sample_1, i64 0, i64 %zext_ln13" [dft.cpp:29]   --->   Operation 92 'getelementptr' 'real_sample_1_addr_8' <Predicate = (!tmp)> <Delay = 0.00>
ST_1 : Operation 93 [2/2] (3.25ns)   --->   "%real_sample_1_load_8 = load i7 %real_sample_1_addr_8" [dft.cpp:29]   --->   Operation 93 'load' 'real_sample_1_load_8' <Predicate = (!tmp)> <Delay = 3.25> <CoreInst = "RAM">   --->   Core 81 'RAM' <Latency = 1> <II = 1> <Delay = 3.25> <Storage> <Opcode : 'load' 'store'> <Ports = 2> <Width = 32> <Depth = 128> <RAM>
ST_1 : Operation 94 [1/1] (0.00ns)   --->   "%real_sample_2_addr_8 = getelementptr i32 %real_sample_2, i64 0, i64 %zext_ln13" [dft.cpp:29]   --->   Operation 94 'getelementptr' 'real_sample_2_addr_8' <Predicate = (!tmp)> <Delay = 0.00>
ST_1 : Operation 95 [2/2] (3.25ns)   --->   "%real_sample_2_load_8 = load i7 %real_sample_2_addr_8" [dft.cpp:29]   --->   Operation 95 'load' 'real_sample_2_load_8' <Predicate = (!tmp)> <Delay = 3.25> <CoreInst = "RAM">   --->   Core 81 'RAM' <Latency = 1> <II = 1> <Delay = 3.25> <Storage> <Opcode : 'load' 'store'> <Ports = 2> <Width = 32> <Depth = 128> <RAM>
ST_1 : Operation 96 [1/1] (0.00ns)   --->   "%real_sample_3_addr_8 = getelementptr i32 %real_sample_3, i64 0, i64 %zext_ln13" [dft.cpp:29]   --->   Operation 96 'getelementptr' 'real_sample_3_addr_8' <Predicate = (!tmp)> <Delay = 0.00>
ST_1 : Operation 97 [2/2] (3.25ns)   --->   "%real_sample_3_load_8 = load i7 %real_sample_3_addr_8" [dft.cpp:29]   --->   Operation 97 'load' 'real_sample_3_load_8' <Predicate = (!tmp)> <Delay = 3.25> <CoreInst = "RAM">   --->   Core 81 'RAM' <Latency = 1> <II = 1> <Delay = 3.25> <Storage> <Opcode : 'load' 'store'> <Ports = 2> <Width = 32> <Depth = 128> <RAM>
ST_1 : Operation 98 [1/1] (0.00ns)   --->   "%real_sample_4_addr_8 = getelementptr i32 %real_sample_4, i64 0, i64 %zext_ln13" [dft.cpp:29]   --->   Operation 98 'getelementptr' 'real_sample_4_addr_8' <Predicate = (!tmp)> <Delay = 0.00>
ST_1 : Operation 99 [2/2] (3.25ns)   --->   "%real_sample_4_load_8 = load i7 %real_sample_4_addr_8" [dft.cpp:29]   --->   Operation 99 'load' 'real_sample_4_load_8' <Predicate = (!tmp)> <Delay = 3.25> <CoreInst = "RAM">   --->   Core 81 'RAM' <Latency = 1> <II = 1> <Delay = 3.25> <Storage> <Opcode : 'load' 'store'> <Ports = 2> <Width = 32> <Depth = 128> <RAM>
ST_1 : Operation 100 [1/1] (0.00ns)   --->   "%real_sample_5_addr_8 = getelementptr i32 %real_sample_5, i64 0, i64 %zext_ln13" [dft.cpp:29]   --->   Operation 100 'getelementptr' 'real_sample_5_addr_8' <Predicate = (!tmp)> <Delay = 0.00>
ST_1 : Operation 101 [2/2] (3.25ns)   --->   "%real_sample_5_load_8 = load i7 %real_sample_5_addr_8" [dft.cpp:29]   --->   Operation 101 'load' 'real_sample_5_load_8' <Predicate = (!tmp)> <Delay = 3.25> <CoreInst = "RAM">   --->   Core 81 'RAM' <Latency = 1> <II = 1> <Delay = 3.25> <Storage> <Opcode : 'load' 'store'> <Ports = 2> <Width = 32> <Depth = 128> <RAM>
ST_1 : Operation 102 [1/1] (0.00ns)   --->   "%real_sample_6_addr_8 = getelementptr i32 %real_sample_6, i64 0, i64 %zext_ln13" [dft.cpp:29]   --->   Operation 102 'getelementptr' 'real_sample_6_addr_8' <Predicate = (!tmp)> <Delay = 0.00>
ST_1 : Operation 103 [2/2] (3.25ns)   --->   "%real_sample_6_load_8 = load i7 %real_sample_6_addr_8" [dft.cpp:29]   --->   Operation 103 'load' 'real_sample_6_load_8' <Predicate = (!tmp)> <Delay = 3.25> <CoreInst = "RAM">   --->   Core 81 'RAM' <Latency = 1> <II = 1> <Delay = 3.25> <Storage> <Opcode : 'load' 'store'> <Ports = 2> <Width = 32> <Depth = 128> <RAM>
ST_1 : Operation 104 [1/1] (0.00ns)   --->   "%real_sample_7_addr_8 = getelementptr i32 %real_sample_7, i64 0, i64 %zext_ln13" [dft.cpp:29]   --->   Operation 104 'getelementptr' 'real_sample_7_addr_8' <Predicate = (!tmp)> <Delay = 0.00>
ST_1 : Operation 105 [2/2] (3.25ns)   --->   "%real_sample_7_load_8 = load i7 %real_sample_7_addr_8" [dft.cpp:29]   --->   Operation 105 'load' 'real_sample_7_load_8' <Predicate = (!tmp)> <Delay = 3.25> <CoreInst = "RAM">   --->   Core 81 'RAM' <Latency = 1> <II = 1> <Delay = 3.25> <Storage> <Opcode : 'load' 'store'> <Ports = 2> <Width = 32> <Depth = 128> <RAM>
ST_1 : Operation 106 [1/1] (0.00ns)   --->   "%imag_sample_0_addr_8 = getelementptr i32 %imag_sample_0, i64 0, i64 %zext_ln13" [dft.cpp:29]   --->   Operation 106 'getelementptr' 'imag_sample_0_addr_8' <Predicate = (!tmp)> <Delay = 0.00>
ST_1 : Operation 107 [2/2] (3.25ns)   --->   "%imag_sample_0_load_8 = load i7 %imag_sample_0_addr_8" [dft.cpp:29]   --->   Operation 107 'load' 'imag_sample_0_load_8' <Predicate = (!tmp)> <Delay = 3.25> <CoreInst = "RAM">   --->   Core 81 'RAM' <Latency = 1> <II = 1> <Delay = 3.25> <Storage> <Opcode : 'load' 'store'> <Ports = 2> <Width = 32> <Depth = 128> <RAM>
ST_1 : Operation 108 [1/1] (0.00ns)   --->   "%imag_sample_1_addr_8 = getelementptr i32 %imag_sample_1, i64 0, i64 %zext_ln13" [dft.cpp:29]   --->   Operation 108 'getelementptr' 'imag_sample_1_addr_8' <Predicate = (!tmp)> <Delay = 0.00>
ST_1 : Operation 109 [2/2] (3.25ns)   --->   "%imag_sample_1_load_8 = load i7 %imag_sample_1_addr_8" [dft.cpp:29]   --->   Operation 109 'load' 'imag_sample_1_load_8' <Predicate = (!tmp)> <Delay = 3.25> <CoreInst = "RAM">   --->   Core 81 'RAM' <Latency = 1> <II = 1> <Delay = 3.25> <Storage> <Opcode : 'load' 'store'> <Ports = 2> <Width = 32> <Depth = 128> <RAM>
ST_1 : Operation 110 [1/1] (0.00ns)   --->   "%imag_sample_2_addr_8 = getelementptr i32 %imag_sample_2, i64 0, i64 %zext_ln13" [dft.cpp:29]   --->   Operation 110 'getelementptr' 'imag_sample_2_addr_8' <Predicate = (!tmp)> <Delay = 0.00>
ST_1 : Operation 111 [2/2] (3.25ns)   --->   "%imag_sample_2_load_8 = load i7 %imag_sample_2_addr_8" [dft.cpp:29]   --->   Operation 111 'load' 'imag_sample_2_load_8' <Predicate = (!tmp)> <Delay = 3.25> <CoreInst = "RAM">   --->   Core 81 'RAM' <Latency = 1> <II = 1> <Delay = 3.25> <Storage> <Opcode : 'load' 'store'> <Ports = 2> <Width = 32> <Depth = 128> <RAM>
ST_1 : Operation 112 [1/1] (0.00ns)   --->   "%imag_sample_3_addr_8 = getelementptr i32 %imag_sample_3, i64 0, i64 %zext_ln13" [dft.cpp:29]   --->   Operation 112 'getelementptr' 'imag_sample_3_addr_8' <Predicate = (!tmp)> <Delay = 0.00>
ST_1 : Operation 113 [2/2] (3.25ns)   --->   "%imag_sample_3_load_8 = load i7 %imag_sample_3_addr_8" [dft.cpp:29]   --->   Operation 113 'load' 'imag_sample_3_load_8' <Predicate = (!tmp)> <Delay = 3.25> <CoreInst = "RAM">   --->   Core 81 'RAM' <Latency = 1> <II = 1> <Delay = 3.25> <Storage> <Opcode : 'load' 'store'> <Ports = 2> <Width = 32> <Depth = 128> <RAM>
ST_1 : Operation 114 [1/1] (0.00ns)   --->   "%imag_sample_4_addr_8 = getelementptr i32 %imag_sample_4, i64 0, i64 %zext_ln13" [dft.cpp:29]   --->   Operation 114 'getelementptr' 'imag_sample_4_addr_8' <Predicate = (!tmp)> <Delay = 0.00>
ST_1 : Operation 115 [2/2] (3.25ns)   --->   "%imag_sample_4_load_8 = load i7 %imag_sample_4_addr_8" [dft.cpp:29]   --->   Operation 115 'load' 'imag_sample_4_load_8' <Predicate = (!tmp)> <Delay = 3.25> <CoreInst = "RAM">   --->   Core 81 'RAM' <Latency = 1> <II = 1> <Delay = 3.25> <Storage> <Opcode : 'load' 'store'> <Ports = 2> <Width = 32> <Depth = 128> <RAM>
ST_1 : Operation 116 [1/1] (0.00ns)   --->   "%imag_sample_5_addr_8 = getelementptr i32 %imag_sample_5, i64 0, i64 %zext_ln13" [dft.cpp:29]   --->   Operation 116 'getelementptr' 'imag_sample_5_addr_8' <Predicate = (!tmp)> <Delay = 0.00>
ST_1 : Operation 117 [2/2] (3.25ns)   --->   "%imag_sample_5_load_8 = load i7 %imag_sample_5_addr_8" [dft.cpp:29]   --->   Operation 117 'load' 'imag_sample_5_load_8' <Predicate = (!tmp)> <Delay = 3.25> <CoreInst = "RAM">   --->   Core 81 'RAM' <Latency = 1> <II = 1> <Delay = 3.25> <Storage> <Opcode : 'load' 'store'> <Ports = 2> <Width = 32> <Depth = 128> <RAM>
ST_1 : Operation 118 [1/1] (0.00ns)   --->   "%imag_sample_6_addr_8 = getelementptr i32 %imag_sample_6, i64 0, i64 %zext_ln13" [dft.cpp:29]   --->   Operation 118 'getelementptr' 'imag_sample_6_addr_8' <Predicate = (!tmp)> <Delay = 0.00>
ST_1 : Operation 119 [2/2] (3.25ns)   --->   "%imag_sample_6_load_8 = load i7 %imag_sample_6_addr_8" [dft.cpp:29]   --->   Operation 119 'load' 'imag_sample_6_load_8' <Predicate = (!tmp)> <Delay = 3.25> <CoreInst = "RAM">   --->   Core 81 'RAM' <Latency = 1> <II = 1> <Delay = 3.25> <Storage> <Opcode : 'load' 'store'> <Ports = 2> <Width = 32> <Depth = 128> <RAM>
ST_1 : Operation 120 [1/1] (0.00ns)   --->   "%imag_sample_7_addr_8 = getelementptr i32 %imag_sample_7, i64 0, i64 %zext_ln13" [dft.cpp:29]   --->   Operation 120 'getelementptr' 'imag_sample_7_addr_8' <Predicate = (!tmp)> <Delay = 0.00>
ST_1 : Operation 121 [2/2] (3.25ns)   --->   "%imag_sample_7_load_8 = load i7 %imag_sample_7_addr_8" [dft.cpp:29]   --->   Operation 121 'load' 'imag_sample_7_load_8' <Predicate = (!tmp)> <Delay = 3.25> <CoreInst = "RAM">   --->   Core 81 'RAM' <Latency = 1> <II = 1> <Delay = 3.25> <Storage> <Opcode : 'load' 'store'> <Ports = 2> <Width = 32> <Depth = 128> <RAM>
ST_1 : Operation 122 [1/1] (0.00ns)   --->   "%tmp_s = partselect i6 @_ssdm_op_PartSelect.i6.i11.i32.i32, i11 %j, i32 1, i32 6" [dft.cpp:26]   --->   Operation 122 'partselect' 'tmp_s' <Predicate = (!tmp)> <Delay = 0.00>
ST_1 : Operation 123 [1/1] (0.00ns)   --->   "%or_ln26_7 = bitconcatenate i7 @_ssdm_op_BitConcatenate.i7.i6.i1, i6 %tmp_s, i1 1" [dft.cpp:26]   --->   Operation 123 'bitconcatenate' 'or_ln26_7' <Predicate = (!tmp)> <Delay = 0.00>
ST_1 : Operation 124 [1/1] (0.00ns)   --->   "%zext_ln26_7 = zext i7 %or_ln26_7" [dft.cpp:26]   --->   Operation 124 'zext' 'zext_ln26_7' <Predicate = (!tmp)> <Delay = 0.00>
ST_1 : Operation 125 [1/1] (0.00ns)   --->   "%real_sample_0_addr_9 = getelementptr i32 %real_sample_0, i64 0, i64 %zext_ln26_7" [dft.cpp:29]   --->   Operation 125 'getelementptr' 'real_sample_0_addr_9' <Predicate = (!tmp)> <Delay = 0.00>
ST_1 : Operation 126 [2/2] (3.25ns)   --->   "%real_sample_0_load_9 = load i7 %real_sample_0_addr_9" [dft.cpp:29]   --->   Operation 126 'load' 'real_sample_0_load_9' <Predicate = (!tmp)> <Delay = 3.25> <CoreInst = "RAM">   --->   Core 81 'RAM' <Latency = 1> <II = 1> <Delay = 3.25> <Storage> <Opcode : 'load' 'store'> <Ports = 2> <Width = 32> <Depth = 128> <RAM>
ST_1 : Operation 127 [1/1] (0.00ns)   --->   "%real_sample_1_addr_9 = getelementptr i32 %real_sample_1, i64 0, i64 %zext_ln26_7" [dft.cpp:29]   --->   Operation 127 'getelementptr' 'real_sample_1_addr_9' <Predicate = (!tmp)> <Delay = 0.00>
ST_1 : Operation 128 [2/2] (3.25ns)   --->   "%real_sample_1_load_9 = load i7 %real_sample_1_addr_9" [dft.cpp:29]   --->   Operation 128 'load' 'real_sample_1_load_9' <Predicate = (!tmp)> <Delay = 3.25> <CoreInst = "RAM">   --->   Core 81 'RAM' <Latency = 1> <II = 1> <Delay = 3.25> <Storage> <Opcode : 'load' 'store'> <Ports = 2> <Width = 32> <Depth = 128> <RAM>
ST_1 : Operation 129 [1/1] (0.00ns)   --->   "%real_sample_2_addr_9 = getelementptr i32 %real_sample_2, i64 0, i64 %zext_ln26_7" [dft.cpp:29]   --->   Operation 129 'getelementptr' 'real_sample_2_addr_9' <Predicate = (!tmp)> <Delay = 0.00>
ST_1 : Operation 130 [2/2] (3.25ns)   --->   "%real_sample_2_load_9 = load i7 %real_sample_2_addr_9" [dft.cpp:29]   --->   Operation 130 'load' 'real_sample_2_load_9' <Predicate = (!tmp)> <Delay = 3.25> <CoreInst = "RAM">   --->   Core 81 'RAM' <Latency = 1> <II = 1> <Delay = 3.25> <Storage> <Opcode : 'load' 'store'> <Ports = 2> <Width = 32> <Depth = 128> <RAM>
ST_1 : Operation 131 [1/1] (0.00ns)   --->   "%real_sample_3_addr_9 = getelementptr i32 %real_sample_3, i64 0, i64 %zext_ln26_7" [dft.cpp:29]   --->   Operation 131 'getelementptr' 'real_sample_3_addr_9' <Predicate = (!tmp)> <Delay = 0.00>
ST_1 : Operation 132 [2/2] (3.25ns)   --->   "%real_sample_3_load_9 = load i7 %real_sample_3_addr_9" [dft.cpp:29]   --->   Operation 132 'load' 'real_sample_3_load_9' <Predicate = (!tmp)> <Delay = 3.25> <CoreInst = "RAM">   --->   Core 81 'RAM' <Latency = 1> <II = 1> <Delay = 3.25> <Storage> <Opcode : 'load' 'store'> <Ports = 2> <Width = 32> <Depth = 128> <RAM>
ST_1 : Operation 133 [1/1] (0.00ns)   --->   "%real_sample_4_addr_9 = getelementptr i32 %real_sample_4, i64 0, i64 %zext_ln26_7" [dft.cpp:29]   --->   Operation 133 'getelementptr' 'real_sample_4_addr_9' <Predicate = (!tmp)> <Delay = 0.00>
ST_1 : Operation 134 [2/2] (3.25ns)   --->   "%real_sample_4_load_9 = load i7 %real_sample_4_addr_9" [dft.cpp:29]   --->   Operation 134 'load' 'real_sample_4_load_9' <Predicate = (!tmp)> <Delay = 3.25> <CoreInst = "RAM">   --->   Core 81 'RAM' <Latency = 1> <II = 1> <Delay = 3.25> <Storage> <Opcode : 'load' 'store'> <Ports = 2> <Width = 32> <Depth = 128> <RAM>
ST_1 : Operation 135 [1/1] (0.00ns)   --->   "%real_sample_5_addr_9 = getelementptr i32 %real_sample_5, i64 0, i64 %zext_ln26_7" [dft.cpp:29]   --->   Operation 135 'getelementptr' 'real_sample_5_addr_9' <Predicate = (!tmp)> <Delay = 0.00>
ST_1 : Operation 136 [2/2] (3.25ns)   --->   "%real_sample_5_load_9 = load i7 %real_sample_5_addr_9" [dft.cpp:29]   --->   Operation 136 'load' 'real_sample_5_load_9' <Predicate = (!tmp)> <Delay = 3.25> <CoreInst = "RAM">   --->   Core 81 'RAM' <Latency = 1> <II = 1> <Delay = 3.25> <Storage> <Opcode : 'load' 'store'> <Ports = 2> <Width = 32> <Depth = 128> <RAM>
ST_1 : Operation 137 [1/1] (0.00ns)   --->   "%real_sample_6_addr_9 = getelementptr i32 %real_sample_6, i64 0, i64 %zext_ln26_7" [dft.cpp:29]   --->   Operation 137 'getelementptr' 'real_sample_6_addr_9' <Predicate = (!tmp)> <Delay = 0.00>
ST_1 : Operation 138 [2/2] (3.25ns)   --->   "%real_sample_6_load_9 = load i7 %real_sample_6_addr_9" [dft.cpp:29]   --->   Operation 138 'load' 'real_sample_6_load_9' <Predicate = (!tmp)> <Delay = 3.25> <CoreInst = "RAM">   --->   Core 81 'RAM' <Latency = 1> <II = 1> <Delay = 3.25> <Storage> <Opcode : 'load' 'store'> <Ports = 2> <Width = 32> <Depth = 128> <RAM>
ST_1 : Operation 139 [1/1] (0.00ns)   --->   "%real_sample_7_addr_9 = getelementptr i32 %real_sample_7, i64 0, i64 %zext_ln26_7" [dft.cpp:29]   --->   Operation 139 'getelementptr' 'real_sample_7_addr_9' <Predicate = (!tmp)> <Delay = 0.00>
ST_1 : Operation 140 [2/2] (3.25ns)   --->   "%real_sample_7_load_9 = load i7 %real_sample_7_addr_9" [dft.cpp:29]   --->   Operation 140 'load' 'real_sample_7_load_9' <Predicate = (!tmp)> <Delay = 3.25> <CoreInst = "RAM">   --->   Core 81 'RAM' <Latency = 1> <II = 1> <Delay = 3.25> <Storage> <Opcode : 'load' 'store'> <Ports = 2> <Width = 32> <Depth = 128> <RAM>
ST_1 : Operation 141 [1/1] (0.00ns)   --->   "%imag_sample_0_addr_9 = getelementptr i32 %imag_sample_0, i64 0, i64 %zext_ln26_7" [dft.cpp:29]   --->   Operation 141 'getelementptr' 'imag_sample_0_addr_9' <Predicate = (!tmp)> <Delay = 0.00>
ST_1 : Operation 142 [2/2] (3.25ns)   --->   "%imag_sample_0_load_9 = load i7 %imag_sample_0_addr_9" [dft.cpp:29]   --->   Operation 142 'load' 'imag_sample_0_load_9' <Predicate = (!tmp)> <Delay = 3.25> <CoreInst = "RAM">   --->   Core 81 'RAM' <Latency = 1> <II = 1> <Delay = 3.25> <Storage> <Opcode : 'load' 'store'> <Ports = 2> <Width = 32> <Depth = 128> <RAM>
ST_1 : Operation 143 [1/1] (0.00ns)   --->   "%imag_sample_1_addr_9 = getelementptr i32 %imag_sample_1, i64 0, i64 %zext_ln26_7" [dft.cpp:29]   --->   Operation 143 'getelementptr' 'imag_sample_1_addr_9' <Predicate = (!tmp)> <Delay = 0.00>
ST_1 : Operation 144 [2/2] (3.25ns)   --->   "%imag_sample_1_load_9 = load i7 %imag_sample_1_addr_9" [dft.cpp:29]   --->   Operation 144 'load' 'imag_sample_1_load_9' <Predicate = (!tmp)> <Delay = 3.25> <CoreInst = "RAM">   --->   Core 81 'RAM' <Latency = 1> <II = 1> <Delay = 3.25> <Storage> <Opcode : 'load' 'store'> <Ports = 2> <Width = 32> <Depth = 128> <RAM>
ST_1 : Operation 145 [1/1] (0.00ns)   --->   "%imag_sample_2_addr_9 = getelementptr i32 %imag_sample_2, i64 0, i64 %zext_ln26_7" [dft.cpp:29]   --->   Operation 145 'getelementptr' 'imag_sample_2_addr_9' <Predicate = (!tmp)> <Delay = 0.00>
ST_1 : Operation 146 [2/2] (3.25ns)   --->   "%imag_sample_2_load_9 = load i7 %imag_sample_2_addr_9" [dft.cpp:29]   --->   Operation 146 'load' 'imag_sample_2_load_9' <Predicate = (!tmp)> <Delay = 3.25> <CoreInst = "RAM">   --->   Core 81 'RAM' <Latency = 1> <II = 1> <Delay = 3.25> <Storage> <Opcode : 'load' 'store'> <Ports = 2> <Width = 32> <Depth = 128> <RAM>
ST_1 : Operation 147 [1/1] (0.00ns)   --->   "%imag_sample_3_addr_9 = getelementptr i32 %imag_sample_3, i64 0, i64 %zext_ln26_7" [dft.cpp:29]   --->   Operation 147 'getelementptr' 'imag_sample_3_addr_9' <Predicate = (!tmp)> <Delay = 0.00>
ST_1 : Operation 148 [2/2] (3.25ns)   --->   "%imag_sample_3_load_9 = load i7 %imag_sample_3_addr_9" [dft.cpp:29]   --->   Operation 148 'load' 'imag_sample_3_load_9' <Predicate = (!tmp)> <Delay = 3.25> <CoreInst = "RAM">   --->   Core 81 'RAM' <Latency = 1> <II = 1> <Delay = 3.25> <Storage> <Opcode : 'load' 'store'> <Ports = 2> <Width = 32> <Depth = 128> <RAM>
ST_1 : Operation 149 [1/1] (0.00ns)   --->   "%imag_sample_4_addr_9 = getelementptr i32 %imag_sample_4, i64 0, i64 %zext_ln26_7" [dft.cpp:29]   --->   Operation 149 'getelementptr' 'imag_sample_4_addr_9' <Predicate = (!tmp)> <Delay = 0.00>
ST_1 : Operation 150 [2/2] (3.25ns)   --->   "%imag_sample_4_load_9 = load i7 %imag_sample_4_addr_9" [dft.cpp:29]   --->   Operation 150 'load' 'imag_sample_4_load_9' <Predicate = (!tmp)> <Delay = 3.25> <CoreInst = "RAM">   --->   Core 81 'RAM' <Latency = 1> <II = 1> <Delay = 3.25> <Storage> <Opcode : 'load' 'store'> <Ports = 2> <Width = 32> <Depth = 128> <RAM>
ST_1 : Operation 151 [1/1] (0.00ns)   --->   "%imag_sample_5_addr_9 = getelementptr i32 %imag_sample_5, i64 0, i64 %zext_ln26_7" [dft.cpp:29]   --->   Operation 151 'getelementptr' 'imag_sample_5_addr_9' <Predicate = (!tmp)> <Delay = 0.00>
ST_1 : Operation 152 [2/2] (3.25ns)   --->   "%imag_sample_5_load_9 = load i7 %imag_sample_5_addr_9" [dft.cpp:29]   --->   Operation 152 'load' 'imag_sample_5_load_9' <Predicate = (!tmp)> <Delay = 3.25> <CoreInst = "RAM">   --->   Core 81 'RAM' <Latency = 1> <II = 1> <Delay = 3.25> <Storage> <Opcode : 'load' 'store'> <Ports = 2> <Width = 32> <Depth = 128> <RAM>
ST_1 : Operation 153 [1/1] (0.00ns)   --->   "%imag_sample_6_addr_9 = getelementptr i32 %imag_sample_6, i64 0, i64 %zext_ln26_7" [dft.cpp:29]   --->   Operation 153 'getelementptr' 'imag_sample_6_addr_9' <Predicate = (!tmp)> <Delay = 0.00>
ST_1 : Operation 154 [2/2] (3.25ns)   --->   "%imag_sample_6_load_9 = load i7 %imag_sample_6_addr_9" [dft.cpp:29]   --->   Operation 154 'load' 'imag_sample_6_load_9' <Predicate = (!tmp)> <Delay = 3.25> <CoreInst = "RAM">   --->   Core 81 'RAM' <Latency = 1> <II = 1> <Delay = 3.25> <Storage> <Opcode : 'load' 'store'> <Ports = 2> <Width = 32> <Depth = 128> <RAM>
ST_1 : Operation 155 [1/1] (0.00ns)   --->   "%imag_sample_7_addr_9 = getelementptr i32 %imag_sample_7, i64 0, i64 %zext_ln26_7" [dft.cpp:29]   --->   Operation 155 'getelementptr' 'imag_sample_7_addr_9' <Predicate = (!tmp)> <Delay = 0.00>
ST_1 : Operation 156 [2/2] (3.25ns)   --->   "%imag_sample_7_load_9 = load i7 %imag_sample_7_addr_9" [dft.cpp:29]   --->   Operation 156 'load' 'imag_sample_7_load_9' <Predicate = (!tmp)> <Delay = 3.25> <CoreInst = "RAM">   --->   Core 81 'RAM' <Latency = 1> <II = 1> <Delay = 3.25> <Storage> <Opcode : 'load' 'store'> <Ports = 2> <Width = 32> <Depth = 128> <RAM>

State 2 <SV = 1> <Delay = 5.55>
ST_2 : Operation 157 [1/1] (0.00ns)   --->   "%trunc_ln13_2 = partselect i3 @_ssdm_op_PartSelect.i3.i11.i32.i32, i11 %j, i32 7, i32 9" [dft.cpp:13]   --->   Operation 157 'partselect' 'trunc_ln13_2' <Predicate = (!tmp)> <Delay = 0.00>
ST_2 : Operation 158 [1/1] (0.00ns)   --->   "%zext_ln27_8 = zext i10 %idx" [dft.cpp:27]   --->   Operation 158 'zext' 'zext_ln27_8' <Predicate = (!tmp)> <Delay = 0.00>
ST_2 : Operation 159 [1/1] (0.00ns)   --->   "%cos_coefficients_table_addr_8 = getelementptr i32 %cos_coefficients_table, i64 0, i64 %zext_ln27_8" [dft.cpp:27]   --->   Operation 159 'getelementptr' 'cos_coefficients_table_addr_8' <Predicate = (!tmp)> <Delay = 0.00>
ST_2 : Operation 160 [2/2] (3.25ns)   --->   "%c = load i10 %cos_coefficients_table_addr_8" [dft.cpp:27]   --->   Operation 160 'load' 'c' <Predicate = (!tmp)> <Delay = 3.25> <CoreInst = "ROM">   --->   Core 94 'ROM' <Latency = 1> <II = 1> <Delay = 3.25> <Storage> <Opcode : 'load'> <Ports = 0> <Width = 32> <Depth = 1024> <ROM>
ST_2 : Operation 161 [1/1] (0.00ns)   --->   "%sin_coefficients_table_addr_8 = getelementptr i32 %sin_coefficients_table, i64 0, i64 %zext_ln27_8" [dft.cpp:28]   --->   Operation 161 'getelementptr' 'sin_coefficients_table_addr_8' <Predicate = (!tmp)> <Delay = 0.00>
ST_2 : Operation 162 [2/2] (3.25ns)   --->   "%s = load i10 %sin_coefficients_table_addr_8" [dft.cpp:28]   --->   Operation 162 'load' 's' <Predicate = (!tmp)> <Delay = 3.25> <CoreInst = "ROM">   --->   Core 94 'ROM' <Latency = 1> <II = 1> <Delay = 3.25> <Storage> <Opcode : 'load'> <Ports = 0> <Width = 32> <Depth = 1024> <ROM>
ST_2 : Operation 163 [1/2] ( I:3.25ns O:3.25ns )   --->   "%real_sample_0_load_8 = load i7 %real_sample_0_addr_8" [dft.cpp:29]   --->   Operation 163 'load' 'real_sample_0_load_8' <Predicate = (!tmp)> <Delay = 3.25> <CoreInst = "RAM">   --->   Core 81 'RAM' <Latency = 1> <II = 1> <Delay = 3.25> <Storage> <Opcode : 'load' 'store'> <Ports = 2> <Width = 32> <Depth = 128> <RAM>
ST_2 : Operation 164 [1/1] (0.00ns)   --->   "%bitcast_ln29_129 = bitcast i32 %real_sample_0_load_8" [dft.cpp:29]   --->   Operation 164 'bitcast' 'bitcast_ln29_129' <Predicate = (!tmp)> <Delay = 0.00>
ST_2 : Operation 165 [1/2] ( I:3.25ns O:3.25ns )   --->   "%real_sample_1_load_8 = load i7 %real_sample_1_addr_8" [dft.cpp:29]   --->   Operation 165 'load' 'real_sample_1_load_8' <Predicate = (!tmp)> <Delay = 3.25> <CoreInst = "RAM">   --->   Core 81 'RAM' <Latency = 1> <II = 1> <Delay = 3.25> <Storage> <Opcode : 'load' 'store'> <Ports = 2> <Width = 32> <Depth = 128> <RAM>
ST_2 : Operation 166 [1/1] (0.00ns)   --->   "%bitcast_ln29_130 = bitcast i32 %real_sample_1_load_8" [dft.cpp:29]   --->   Operation 166 'bitcast' 'bitcast_ln29_130' <Predicate = (!tmp)> <Delay = 0.00>
ST_2 : Operation 167 [1/2] ( I:3.25ns O:3.25ns )   --->   "%real_sample_2_load_8 = load i7 %real_sample_2_addr_8" [dft.cpp:29]   --->   Operation 167 'load' 'real_sample_2_load_8' <Predicate = (!tmp)> <Delay = 3.25> <CoreInst = "RAM">   --->   Core 81 'RAM' <Latency = 1> <II = 1> <Delay = 3.25> <Storage> <Opcode : 'load' 'store'> <Ports = 2> <Width = 32> <Depth = 128> <RAM>
ST_2 : Operation 168 [1/1] (0.00ns)   --->   "%bitcast_ln29_131 = bitcast i32 %real_sample_2_load_8" [dft.cpp:29]   --->   Operation 168 'bitcast' 'bitcast_ln29_131' <Predicate = (!tmp)> <Delay = 0.00>
ST_2 : Operation 169 [1/2] ( I:3.25ns O:3.25ns )   --->   "%real_sample_3_load_8 = load i7 %real_sample_3_addr_8" [dft.cpp:29]   --->   Operation 169 'load' 'real_sample_3_load_8' <Predicate = (!tmp)> <Delay = 3.25> <CoreInst = "RAM">   --->   Core 81 'RAM' <Latency = 1> <II = 1> <Delay = 3.25> <Storage> <Opcode : 'load' 'store'> <Ports = 2> <Width = 32> <Depth = 128> <RAM>
ST_2 : Operation 170 [1/1] (0.00ns)   --->   "%bitcast_ln29_132 = bitcast i32 %real_sample_3_load_8" [dft.cpp:29]   --->   Operation 170 'bitcast' 'bitcast_ln29_132' <Predicate = (!tmp)> <Delay = 0.00>
ST_2 : Operation 171 [1/2] ( I:3.25ns O:3.25ns )   --->   "%real_sample_4_load_8 = load i7 %real_sample_4_addr_8" [dft.cpp:29]   --->   Operation 171 'load' 'real_sample_4_load_8' <Predicate = (!tmp)> <Delay = 3.25> <CoreInst = "RAM">   --->   Core 81 'RAM' <Latency = 1> <II = 1> <Delay = 3.25> <Storage> <Opcode : 'load' 'store'> <Ports = 2> <Width = 32> <Depth = 128> <RAM>
ST_2 : Operation 172 [1/1] (0.00ns)   --->   "%bitcast_ln29_133 = bitcast i32 %real_sample_4_load_8" [dft.cpp:29]   --->   Operation 172 'bitcast' 'bitcast_ln29_133' <Predicate = (!tmp)> <Delay = 0.00>
ST_2 : Operation 173 [1/2] ( I:3.25ns O:3.25ns )   --->   "%real_sample_5_load_8 = load i7 %real_sample_5_addr_8" [dft.cpp:29]   --->   Operation 173 'load' 'real_sample_5_load_8' <Predicate = (!tmp)> <Delay = 3.25> <CoreInst = "RAM">   --->   Core 81 'RAM' <Latency = 1> <II = 1> <Delay = 3.25> <Storage> <Opcode : 'load' 'store'> <Ports = 2> <Width = 32> <Depth = 128> <RAM>
ST_2 : Operation 174 [1/1] (0.00ns)   --->   "%bitcast_ln29_134 = bitcast i32 %real_sample_5_load_8" [dft.cpp:29]   --->   Operation 174 'bitcast' 'bitcast_ln29_134' <Predicate = (!tmp)> <Delay = 0.00>
ST_2 : Operation 175 [1/2] ( I:3.25ns O:3.25ns )   --->   "%real_sample_6_load_8 = load i7 %real_sample_6_addr_8" [dft.cpp:29]   --->   Operation 175 'load' 'real_sample_6_load_8' <Predicate = (!tmp)> <Delay = 3.25> <CoreInst = "RAM">   --->   Core 81 'RAM' <Latency = 1> <II = 1> <Delay = 3.25> <Storage> <Opcode : 'load' 'store'> <Ports = 2> <Width = 32> <Depth = 128> <RAM>
ST_2 : Operation 176 [1/1] (0.00ns)   --->   "%bitcast_ln29_135 = bitcast i32 %real_sample_6_load_8" [dft.cpp:29]   --->   Operation 176 'bitcast' 'bitcast_ln29_135' <Predicate = (!tmp)> <Delay = 0.00>
ST_2 : Operation 177 [1/2] ( I:3.25ns O:3.25ns )   --->   "%real_sample_7_load_8 = load i7 %real_sample_7_addr_8" [dft.cpp:29]   --->   Operation 177 'load' 'real_sample_7_load_8' <Predicate = (!tmp)> <Delay = 3.25> <CoreInst = "RAM">   --->   Core 81 'RAM' <Latency = 1> <II = 1> <Delay = 3.25> <Storage> <Opcode : 'load' 'store'> <Ports = 2> <Width = 32> <Depth = 128> <RAM>
ST_2 : Operation 178 [1/1] (0.00ns)   --->   "%bitcast_ln29_136 = bitcast i32 %real_sample_7_load_8" [dft.cpp:29]   --->   Operation 178 'bitcast' 'bitcast_ln29_136' <Predicate = (!tmp)> <Delay = 0.00>
ST_2 : Operation 179 [1/1] (2.30ns)   --->   "%tmp_15 = sparsemux i32 @_ssdm_op_SparseMux.ap_auto.8float.float.i3, i3 0, i32 %bitcast_ln29_129, i3 1, i32 %bitcast_ln29_130, i3 2, i32 %bitcast_ln29_131, i3 3, i32 %bitcast_ln29_132, i3 4, i32 %bitcast_ln29_133, i3 5, i32 %bitcast_ln29_134, i3 6, i32 %bitcast_ln29_135, i3 7, i32 %bitcast_ln29_136, i32 <undef>, i3 %trunc_ln13_2" [dft.cpp:29]   --->   Operation 179 'sparsemux' 'tmp_15' <Predicate = (!tmp)> <Delay = 2.30> <CoreInst = "BinarySparseMux_DontCare">   --->   Core 137 'BinarySparseMux_DontCare' <Latency = 0> <II = 1> <Delay = 2.30> <FuncUnit> <Opcode : 'sparsemux'> <InPorts = 2> <OutPorts = 1>
ST_2 : Operation 180 [1/2] ( I:3.25ns O:3.25ns )   --->   "%imag_sample_0_load_8 = load i7 %imag_sample_0_addr_8" [dft.cpp:29]   --->   Operation 180 'load' 'imag_sample_0_load_8' <Predicate = (!tmp)> <Delay = 3.25> <CoreInst = "RAM">   --->   Core 81 'RAM' <Latency = 1> <II = 1> <Delay = 3.25> <Storage> <Opcode : 'load' 'store'> <Ports = 2> <Width = 32> <Depth = 128> <RAM>
ST_2 : Operation 181 [1/1] (0.00ns)   --->   "%bitcast_ln29_137 = bitcast i32 %imag_sample_0_load_8" [dft.cpp:29]   --->   Operation 181 'bitcast' 'bitcast_ln29_137' <Predicate = (!tmp)> <Delay = 0.00>
ST_2 : Operation 182 [1/2] ( I:3.25ns O:3.25ns )   --->   "%imag_sample_1_load_8 = load i7 %imag_sample_1_addr_8" [dft.cpp:29]   --->   Operation 182 'load' 'imag_sample_1_load_8' <Predicate = (!tmp)> <Delay = 3.25> <CoreInst = "RAM">   --->   Core 81 'RAM' <Latency = 1> <II = 1> <Delay = 3.25> <Storage> <Opcode : 'load' 'store'> <Ports = 2> <Width = 32> <Depth = 128> <RAM>
ST_2 : Operation 183 [1/1] (0.00ns)   --->   "%bitcast_ln29_138 = bitcast i32 %imag_sample_1_load_8" [dft.cpp:29]   --->   Operation 183 'bitcast' 'bitcast_ln29_138' <Predicate = (!tmp)> <Delay = 0.00>
ST_2 : Operation 184 [1/2] ( I:3.25ns O:3.25ns )   --->   "%imag_sample_2_load_8 = load i7 %imag_sample_2_addr_8" [dft.cpp:29]   --->   Operation 184 'load' 'imag_sample_2_load_8' <Predicate = (!tmp)> <Delay = 3.25> <CoreInst = "RAM">   --->   Core 81 'RAM' <Latency = 1> <II = 1> <Delay = 3.25> <Storage> <Opcode : 'load' 'store'> <Ports = 2> <Width = 32> <Depth = 128> <RAM>
ST_2 : Operation 185 [1/1] (0.00ns)   --->   "%bitcast_ln29_139 = bitcast i32 %imag_sample_2_load_8" [dft.cpp:29]   --->   Operation 185 'bitcast' 'bitcast_ln29_139' <Predicate = (!tmp)> <Delay = 0.00>
ST_2 : Operation 186 [1/2] ( I:3.25ns O:3.25ns )   --->   "%imag_sample_3_load_8 = load i7 %imag_sample_3_addr_8" [dft.cpp:29]   --->   Operation 186 'load' 'imag_sample_3_load_8' <Predicate = (!tmp)> <Delay = 3.25> <CoreInst = "RAM">   --->   Core 81 'RAM' <Latency = 1> <II = 1> <Delay = 3.25> <Storage> <Opcode : 'load' 'store'> <Ports = 2> <Width = 32> <Depth = 128> <RAM>
ST_2 : Operation 187 [1/1] (0.00ns)   --->   "%bitcast_ln29_140 = bitcast i32 %imag_sample_3_load_8" [dft.cpp:29]   --->   Operation 187 'bitcast' 'bitcast_ln29_140' <Predicate = (!tmp)> <Delay = 0.00>
ST_2 : Operation 188 [1/2] ( I:3.25ns O:3.25ns )   --->   "%imag_sample_4_load_8 = load i7 %imag_sample_4_addr_8" [dft.cpp:29]   --->   Operation 188 'load' 'imag_sample_4_load_8' <Predicate = (!tmp)> <Delay = 3.25> <CoreInst = "RAM">   --->   Core 81 'RAM' <Latency = 1> <II = 1> <Delay = 3.25> <Storage> <Opcode : 'load' 'store'> <Ports = 2> <Width = 32> <Depth = 128> <RAM>
ST_2 : Operation 189 [1/1] (0.00ns)   --->   "%bitcast_ln29_141 = bitcast i32 %imag_sample_4_load_8" [dft.cpp:29]   --->   Operation 189 'bitcast' 'bitcast_ln29_141' <Predicate = (!tmp)> <Delay = 0.00>
ST_2 : Operation 190 [1/2] ( I:3.25ns O:3.25ns )   --->   "%imag_sample_5_load_8 = load i7 %imag_sample_5_addr_8" [dft.cpp:29]   --->   Operation 190 'load' 'imag_sample_5_load_8' <Predicate = (!tmp)> <Delay = 3.25> <CoreInst = "RAM">   --->   Core 81 'RAM' <Latency = 1> <II = 1> <Delay = 3.25> <Storage> <Opcode : 'load' 'store'> <Ports = 2> <Width = 32> <Depth = 128> <RAM>
ST_2 : Operation 191 [1/1] (0.00ns)   --->   "%bitcast_ln29_142 = bitcast i32 %imag_sample_5_load_8" [dft.cpp:29]   --->   Operation 191 'bitcast' 'bitcast_ln29_142' <Predicate = (!tmp)> <Delay = 0.00>
ST_2 : Operation 192 [1/2] ( I:3.25ns O:3.25ns )   --->   "%imag_sample_6_load_8 = load i7 %imag_sample_6_addr_8" [dft.cpp:29]   --->   Operation 192 'load' 'imag_sample_6_load_8' <Predicate = (!tmp)> <Delay = 3.25> <CoreInst = "RAM">   --->   Core 81 'RAM' <Latency = 1> <II = 1> <Delay = 3.25> <Storage> <Opcode : 'load' 'store'> <Ports = 2> <Width = 32> <Depth = 128> <RAM>
ST_2 : Operation 193 [1/1] (0.00ns)   --->   "%bitcast_ln29_143 = bitcast i32 %imag_sample_6_load_8" [dft.cpp:29]   --->   Operation 193 'bitcast' 'bitcast_ln29_143' <Predicate = (!tmp)> <Delay = 0.00>
ST_2 : Operation 194 [1/2] ( I:3.25ns O:3.25ns )   --->   "%imag_sample_7_load_8 = load i7 %imag_sample_7_addr_8" [dft.cpp:29]   --->   Operation 194 'load' 'imag_sample_7_load_8' <Predicate = (!tmp)> <Delay = 3.25> <CoreInst = "RAM">   --->   Core 81 'RAM' <Latency = 1> <II = 1> <Delay = 3.25> <Storage> <Opcode : 'load' 'store'> <Ports = 2> <Width = 32> <Depth = 128> <RAM>
ST_2 : Operation 195 [1/1] (0.00ns)   --->   "%bitcast_ln29_144 = bitcast i32 %imag_sample_7_load_8" [dft.cpp:29]   --->   Operation 195 'bitcast' 'bitcast_ln29_144' <Predicate = (!tmp)> <Delay = 0.00>
ST_2 : Operation 196 [1/1] (2.30ns)   --->   "%tmp_16 = sparsemux i32 @_ssdm_op_SparseMux.ap_auto.8float.float.i3, i3 0, i32 %bitcast_ln29_137, i3 1, i32 %bitcast_ln29_138, i3 2, i32 %bitcast_ln29_139, i3 3, i32 %bitcast_ln29_140, i3 4, i32 %bitcast_ln29_141, i3 5, i32 %bitcast_ln29_142, i3 6, i32 %bitcast_ln29_143, i3 7, i32 %bitcast_ln29_144, i32 <undef>, i3 %trunc_ln13_2" [dft.cpp:29]   --->   Operation 196 'sparsemux' 'tmp_16' <Predicate = (!tmp)> <Delay = 2.30> <CoreInst = "BinarySparseMux_DontCare">   --->   Core 137 'BinarySparseMux_DontCare' <Latency = 0> <II = 1> <Delay = 2.30> <FuncUnit> <Opcode : 'sparsemux'> <InPorts = 2> <OutPorts = 1>
ST_2 : Operation 197 [1/1] (1.73ns)   --->   "%idx_46 = add i10 %idx, i10 %or_ln1_read" [dft.cpp:26]   --->   Operation 197 'add' 'idx_46' <Predicate = (!tmp)> <Delay = 1.73> <CoreInst = "Adder">   --->   Core 1 'Adder' <Latency = 0> <II = 1> <Delay = 1.73> <FuncUnit> <Opcode : 'add' 'sub'> <InPorts = 2> <OutPorts = 1>
ST_2 : Operation 198 [1/2] ( I:3.25ns O:3.25ns )   --->   "%real_sample_0_load_9 = load i7 %real_sample_0_addr_9" [dft.cpp:29]   --->   Operation 198 'load' 'real_sample_0_load_9' <Predicate = (!tmp)> <Delay = 3.25> <CoreInst = "RAM">   --->   Core 81 'RAM' <Latency = 1> <II = 1> <Delay = 3.25> <Storage> <Opcode : 'load' 'store'> <Ports = 2> <Width = 32> <Depth = 128> <RAM>
ST_2 : Operation 199 [1/1] (0.00ns)   --->   "%bitcast_ln29_145 = bitcast i32 %real_sample_0_load_9" [dft.cpp:29]   --->   Operation 199 'bitcast' 'bitcast_ln29_145' <Predicate = (!tmp)> <Delay = 0.00>
ST_2 : Operation 200 [1/2] ( I:3.25ns O:3.25ns )   --->   "%real_sample_1_load_9 = load i7 %real_sample_1_addr_9" [dft.cpp:29]   --->   Operation 200 'load' 'real_sample_1_load_9' <Predicate = (!tmp)> <Delay = 3.25> <CoreInst = "RAM">   --->   Core 81 'RAM' <Latency = 1> <II = 1> <Delay = 3.25> <Storage> <Opcode : 'load' 'store'> <Ports = 2> <Width = 32> <Depth = 128> <RAM>
ST_2 : Operation 201 [1/1] (0.00ns)   --->   "%bitcast_ln29_146 = bitcast i32 %real_sample_1_load_9" [dft.cpp:29]   --->   Operation 201 'bitcast' 'bitcast_ln29_146' <Predicate = (!tmp)> <Delay = 0.00>
ST_2 : Operation 202 [1/2] ( I:3.25ns O:3.25ns )   --->   "%real_sample_2_load_9 = load i7 %real_sample_2_addr_9" [dft.cpp:29]   --->   Operation 202 'load' 'real_sample_2_load_9' <Predicate = (!tmp)> <Delay = 3.25> <CoreInst = "RAM">   --->   Core 81 'RAM' <Latency = 1> <II = 1> <Delay = 3.25> <Storage> <Opcode : 'load' 'store'> <Ports = 2> <Width = 32> <Depth = 128> <RAM>
ST_2 : Operation 203 [1/1] (0.00ns)   --->   "%bitcast_ln29_147 = bitcast i32 %real_sample_2_load_9" [dft.cpp:29]   --->   Operation 203 'bitcast' 'bitcast_ln29_147' <Predicate = (!tmp)> <Delay = 0.00>
ST_2 : Operation 204 [1/2] ( I:3.25ns O:3.25ns )   --->   "%real_sample_3_load_9 = load i7 %real_sample_3_addr_9" [dft.cpp:29]   --->   Operation 204 'load' 'real_sample_3_load_9' <Predicate = (!tmp)> <Delay = 3.25> <CoreInst = "RAM">   --->   Core 81 'RAM' <Latency = 1> <II = 1> <Delay = 3.25> <Storage> <Opcode : 'load' 'store'> <Ports = 2> <Width = 32> <Depth = 128> <RAM>
ST_2 : Operation 205 [1/1] (0.00ns)   --->   "%bitcast_ln29_148 = bitcast i32 %real_sample_3_load_9" [dft.cpp:29]   --->   Operation 205 'bitcast' 'bitcast_ln29_148' <Predicate = (!tmp)> <Delay = 0.00>
ST_2 : Operation 206 [1/2] ( I:3.25ns O:3.25ns )   --->   "%real_sample_4_load_9 = load i7 %real_sample_4_addr_9" [dft.cpp:29]   --->   Operation 206 'load' 'real_sample_4_load_9' <Predicate = (!tmp)> <Delay = 3.25> <CoreInst = "RAM">   --->   Core 81 'RAM' <Latency = 1> <II = 1> <Delay = 3.25> <Storage> <Opcode : 'load' 'store'> <Ports = 2> <Width = 32> <Depth = 128> <RAM>
ST_2 : Operation 207 [1/1] (0.00ns)   --->   "%bitcast_ln29_149 = bitcast i32 %real_sample_4_load_9" [dft.cpp:29]   --->   Operation 207 'bitcast' 'bitcast_ln29_149' <Predicate = (!tmp)> <Delay = 0.00>
ST_2 : Operation 208 [1/2] ( I:3.25ns O:3.25ns )   --->   "%real_sample_5_load_9 = load i7 %real_sample_5_addr_9" [dft.cpp:29]   --->   Operation 208 'load' 'real_sample_5_load_9' <Predicate = (!tmp)> <Delay = 3.25> <CoreInst = "RAM">   --->   Core 81 'RAM' <Latency = 1> <II = 1> <Delay = 3.25> <Storage> <Opcode : 'load' 'store'> <Ports = 2> <Width = 32> <Depth = 128> <RAM>
ST_2 : Operation 209 [1/1] (0.00ns)   --->   "%bitcast_ln29_150 = bitcast i32 %real_sample_5_load_9" [dft.cpp:29]   --->   Operation 209 'bitcast' 'bitcast_ln29_150' <Predicate = (!tmp)> <Delay = 0.00>
ST_2 : Operation 210 [1/2] ( I:3.25ns O:3.25ns )   --->   "%real_sample_6_load_9 = load i7 %real_sample_6_addr_9" [dft.cpp:29]   --->   Operation 210 'load' 'real_sample_6_load_9' <Predicate = (!tmp)> <Delay = 3.25> <CoreInst = "RAM">   --->   Core 81 'RAM' <Latency = 1> <II = 1> <Delay = 3.25> <Storage> <Opcode : 'load' 'store'> <Ports = 2> <Width = 32> <Depth = 128> <RAM>
ST_2 : Operation 211 [1/1] (0.00ns)   --->   "%bitcast_ln29_151 = bitcast i32 %real_sample_6_load_9" [dft.cpp:29]   --->   Operation 211 'bitcast' 'bitcast_ln29_151' <Predicate = (!tmp)> <Delay = 0.00>
ST_2 : Operation 212 [1/2] ( I:3.25ns O:3.25ns )   --->   "%real_sample_7_load_9 = load i7 %real_sample_7_addr_9" [dft.cpp:29]   --->   Operation 212 'load' 'real_sample_7_load_9' <Predicate = (!tmp)> <Delay = 3.25> <CoreInst = "RAM">   --->   Core 81 'RAM' <Latency = 1> <II = 1> <Delay = 3.25> <Storage> <Opcode : 'load' 'store'> <Ports = 2> <Width = 32> <Depth = 128> <RAM>
ST_2 : Operation 213 [1/1] (0.00ns)   --->   "%bitcast_ln29_152 = bitcast i32 %real_sample_7_load_9" [dft.cpp:29]   --->   Operation 213 'bitcast' 'bitcast_ln29_152' <Predicate = (!tmp)> <Delay = 0.00>
ST_2 : Operation 214 [1/1] (2.30ns)   --->   "%tmp_17 = sparsemux i32 @_ssdm_op_SparseMux.ap_auto.8float.float.i3, i3 0, i32 %bitcast_ln29_145, i3 1, i32 %bitcast_ln29_146, i3 2, i32 %bitcast_ln29_147, i3 3, i32 %bitcast_ln29_148, i3 4, i32 %bitcast_ln29_149, i3 5, i32 %bitcast_ln29_150, i3 6, i32 %bitcast_ln29_151, i3 7, i32 %bitcast_ln29_152, i32 <undef>, i3 %trunc_ln13_2" [dft.cpp:29]   --->   Operation 214 'sparsemux' 'tmp_17' <Predicate = (!tmp)> <Delay = 2.30> <CoreInst = "BinarySparseMux_DontCare">   --->   Core 137 'BinarySparseMux_DontCare' <Latency = 0> <II = 1> <Delay = 2.30> <FuncUnit> <Opcode : 'sparsemux'> <InPorts = 2> <OutPorts = 1>
ST_2 : Operation 215 [1/2] ( I:3.25ns O:3.25ns )   --->   "%imag_sample_0_load_9 = load i7 %imag_sample_0_addr_9" [dft.cpp:29]   --->   Operation 215 'load' 'imag_sample_0_load_9' <Predicate = (!tmp)> <Delay = 3.25> <CoreInst = "RAM">   --->   Core 81 'RAM' <Latency = 1> <II = 1> <Delay = 3.25> <Storage> <Opcode : 'load' 'store'> <Ports = 2> <Width = 32> <Depth = 128> <RAM>
ST_2 : Operation 216 [1/1] (0.00ns)   --->   "%bitcast_ln29_153 = bitcast i32 %imag_sample_0_load_9" [dft.cpp:29]   --->   Operation 216 'bitcast' 'bitcast_ln29_153' <Predicate = (!tmp)> <Delay = 0.00>
ST_2 : Operation 217 [1/2] ( I:3.25ns O:3.25ns )   --->   "%imag_sample_1_load_9 = load i7 %imag_sample_1_addr_9" [dft.cpp:29]   --->   Operation 217 'load' 'imag_sample_1_load_9' <Predicate = (!tmp)> <Delay = 3.25> <CoreInst = "RAM">   --->   Core 81 'RAM' <Latency = 1> <II = 1> <Delay = 3.25> <Storage> <Opcode : 'load' 'store'> <Ports = 2> <Width = 32> <Depth = 128> <RAM>
ST_2 : Operation 218 [1/1] (0.00ns)   --->   "%bitcast_ln29_154 = bitcast i32 %imag_sample_1_load_9" [dft.cpp:29]   --->   Operation 218 'bitcast' 'bitcast_ln29_154' <Predicate = (!tmp)> <Delay = 0.00>
ST_2 : Operation 219 [1/2] ( I:3.25ns O:3.25ns )   --->   "%imag_sample_2_load_9 = load i7 %imag_sample_2_addr_9" [dft.cpp:29]   --->   Operation 219 'load' 'imag_sample_2_load_9' <Predicate = (!tmp)> <Delay = 3.25> <CoreInst = "RAM">   --->   Core 81 'RAM' <Latency = 1> <II = 1> <Delay = 3.25> <Storage> <Opcode : 'load' 'store'> <Ports = 2> <Width = 32> <Depth = 128> <RAM>
ST_2 : Operation 220 [1/1] (0.00ns)   --->   "%bitcast_ln29_155 = bitcast i32 %imag_sample_2_load_9" [dft.cpp:29]   --->   Operation 220 'bitcast' 'bitcast_ln29_155' <Predicate = (!tmp)> <Delay = 0.00>
ST_2 : Operation 221 [1/2] ( I:3.25ns O:3.25ns )   --->   "%imag_sample_3_load_9 = load i7 %imag_sample_3_addr_9" [dft.cpp:29]   --->   Operation 221 'load' 'imag_sample_3_load_9' <Predicate = (!tmp)> <Delay = 3.25> <CoreInst = "RAM">   --->   Core 81 'RAM' <Latency = 1> <II = 1> <Delay = 3.25> <Storage> <Opcode : 'load' 'store'> <Ports = 2> <Width = 32> <Depth = 128> <RAM>
ST_2 : Operation 222 [1/1] (0.00ns)   --->   "%bitcast_ln29_156 = bitcast i32 %imag_sample_3_load_9" [dft.cpp:29]   --->   Operation 222 'bitcast' 'bitcast_ln29_156' <Predicate = (!tmp)> <Delay = 0.00>
ST_2 : Operation 223 [1/2] ( I:3.25ns O:3.25ns )   --->   "%imag_sample_4_load_9 = load i7 %imag_sample_4_addr_9" [dft.cpp:29]   --->   Operation 223 'load' 'imag_sample_4_load_9' <Predicate = (!tmp)> <Delay = 3.25> <CoreInst = "RAM">   --->   Core 81 'RAM' <Latency = 1> <II = 1> <Delay = 3.25> <Storage> <Opcode : 'load' 'store'> <Ports = 2> <Width = 32> <Depth = 128> <RAM>
ST_2 : Operation 224 [1/1] (0.00ns)   --->   "%bitcast_ln29_157 = bitcast i32 %imag_sample_4_load_9" [dft.cpp:29]   --->   Operation 224 'bitcast' 'bitcast_ln29_157' <Predicate = (!tmp)> <Delay = 0.00>
ST_2 : Operation 225 [1/2] ( I:3.25ns O:3.25ns )   --->   "%imag_sample_5_load_9 = load i7 %imag_sample_5_addr_9" [dft.cpp:29]   --->   Operation 225 'load' 'imag_sample_5_load_9' <Predicate = (!tmp)> <Delay = 3.25> <CoreInst = "RAM">   --->   Core 81 'RAM' <Latency = 1> <II = 1> <Delay = 3.25> <Storage> <Opcode : 'load' 'store'> <Ports = 2> <Width = 32> <Depth = 128> <RAM>
ST_2 : Operation 226 [1/1] (0.00ns)   --->   "%bitcast_ln29_158 = bitcast i32 %imag_sample_5_load_9" [dft.cpp:29]   --->   Operation 226 'bitcast' 'bitcast_ln29_158' <Predicate = (!tmp)> <Delay = 0.00>
ST_2 : Operation 227 [1/2] ( I:3.25ns O:3.25ns )   --->   "%imag_sample_6_load_9 = load i7 %imag_sample_6_addr_9" [dft.cpp:29]   --->   Operation 227 'load' 'imag_sample_6_load_9' <Predicate = (!tmp)> <Delay = 3.25> <CoreInst = "RAM">   --->   Core 81 'RAM' <Latency = 1> <II = 1> <Delay = 3.25> <Storage> <Opcode : 'load' 'store'> <Ports = 2> <Width = 32> <Depth = 128> <RAM>
ST_2 : Operation 228 [1/1] (0.00ns)   --->   "%bitcast_ln29_159 = bitcast i32 %imag_sample_6_load_9" [dft.cpp:29]   --->   Operation 228 'bitcast' 'bitcast_ln29_159' <Predicate = (!tmp)> <Delay = 0.00>
ST_2 : Operation 229 [1/2] ( I:3.25ns O:3.25ns )   --->   "%imag_sample_7_load_9 = load i7 %imag_sample_7_addr_9" [dft.cpp:29]   --->   Operation 229 'load' 'imag_sample_7_load_9' <Predicate = (!tmp)> <Delay = 3.25> <CoreInst = "RAM">   --->   Core 81 'RAM' <Latency = 1> <II = 1> <Delay = 3.25> <Storage> <Opcode : 'load' 'store'> <Ports = 2> <Width = 32> <Depth = 128> <RAM>
ST_2 : Operation 230 [1/1] (0.00ns)   --->   "%bitcast_ln29_160 = bitcast i32 %imag_sample_7_load_9" [dft.cpp:29]   --->   Operation 230 'bitcast' 'bitcast_ln29_160' <Predicate = (!tmp)> <Delay = 0.00>
ST_2 : Operation 231 [1/1] (2.30ns)   --->   "%tmp_18 = sparsemux i32 @_ssdm_op_SparseMux.ap_auto.8float.float.i3, i3 0, i32 %bitcast_ln29_153, i3 1, i32 %bitcast_ln29_154, i3 2, i32 %bitcast_ln29_155, i3 3, i32 %bitcast_ln29_156, i3 4, i32 %bitcast_ln29_157, i3 5, i32 %bitcast_ln29_158, i3 6, i32 %bitcast_ln29_159, i3 7, i32 %bitcast_ln29_160, i32 <undef>, i3 %trunc_ln13_2" [dft.cpp:29]   --->   Operation 231 'sparsemux' 'tmp_18' <Predicate = (!tmp)> <Delay = 2.30> <CoreInst = "BinarySparseMux_DontCare">   --->   Core 137 'BinarySparseMux_DontCare' <Latency = 0> <II = 1> <Delay = 2.30> <FuncUnit> <Opcode : 'sparsemux'> <InPorts = 2> <OutPorts = 1>
ST_2 : Operation 232 [1/1] (0.00ns)   --->   "%tmp_78 = partselect i5 @_ssdm_op_PartSelect.i5.i11.i32.i32, i11 %j, i32 2, i32 6" [dft.cpp:26]   --->   Operation 232 'partselect' 'tmp_78' <Predicate = (!tmp)> <Delay = 0.00>
ST_2 : Operation 233 [1/1] (0.00ns)   --->   "%or_ln26_8 = bitconcatenate i7 @_ssdm_op_BitConcatenate.i7.i5.i2, i5 %tmp_78, i2 2" [dft.cpp:26]   --->   Operation 233 'bitconcatenate' 'or_ln26_8' <Predicate = (!tmp)> <Delay = 0.00>
ST_2 : Operation 234 [1/1] (0.00ns)   --->   "%zext_ln26_8 = zext i7 %or_ln26_8" [dft.cpp:26]   --->   Operation 234 'zext' 'zext_ln26_8' <Predicate = (!tmp)> <Delay = 0.00>
ST_2 : Operation 235 [1/1] (0.00ns)   --->   "%real_sample_0_addr_10 = getelementptr i32 %real_sample_0, i64 0, i64 %zext_ln26_8" [dft.cpp:29]   --->   Operation 235 'getelementptr' 'real_sample_0_addr_10' <Predicate = (!tmp)> <Delay = 0.00>
ST_2 : Operation 236 [2/2] (3.25ns)   --->   "%real_sample_0_load_10 = load i7 %real_sample_0_addr_10" [dft.cpp:29]   --->   Operation 236 'load' 'real_sample_0_load_10' <Predicate = (!tmp)> <Delay = 3.25> <CoreInst = "RAM">   --->   Core 81 'RAM' <Latency = 1> <II = 1> <Delay = 3.25> <Storage> <Opcode : 'load' 'store'> <Ports = 2> <Width = 32> <Depth = 128> <RAM>
ST_2 : Operation 237 [1/1] (0.00ns)   --->   "%real_sample_1_addr_10 = getelementptr i32 %real_sample_1, i64 0, i64 %zext_ln26_8" [dft.cpp:29]   --->   Operation 237 'getelementptr' 'real_sample_1_addr_10' <Predicate = (!tmp)> <Delay = 0.00>
ST_2 : Operation 238 [2/2] (3.25ns)   --->   "%real_sample_1_load_10 = load i7 %real_sample_1_addr_10" [dft.cpp:29]   --->   Operation 238 'load' 'real_sample_1_load_10' <Predicate = (!tmp)> <Delay = 3.25> <CoreInst = "RAM">   --->   Core 81 'RAM' <Latency = 1> <II = 1> <Delay = 3.25> <Storage> <Opcode : 'load' 'store'> <Ports = 2> <Width = 32> <Depth = 128> <RAM>
ST_2 : Operation 239 [1/1] (0.00ns)   --->   "%real_sample_2_addr_10 = getelementptr i32 %real_sample_2, i64 0, i64 %zext_ln26_8" [dft.cpp:29]   --->   Operation 239 'getelementptr' 'real_sample_2_addr_10' <Predicate = (!tmp)> <Delay = 0.00>
ST_2 : Operation 240 [2/2] (3.25ns)   --->   "%real_sample_2_load_10 = load i7 %real_sample_2_addr_10" [dft.cpp:29]   --->   Operation 240 'load' 'real_sample_2_load_10' <Predicate = (!tmp)> <Delay = 3.25> <CoreInst = "RAM">   --->   Core 81 'RAM' <Latency = 1> <II = 1> <Delay = 3.25> <Storage> <Opcode : 'load' 'store'> <Ports = 2> <Width = 32> <Depth = 128> <RAM>
ST_2 : Operation 241 [1/1] (0.00ns)   --->   "%real_sample_3_addr_10 = getelementptr i32 %real_sample_3, i64 0, i64 %zext_ln26_8" [dft.cpp:29]   --->   Operation 241 'getelementptr' 'real_sample_3_addr_10' <Predicate = (!tmp)> <Delay = 0.00>
ST_2 : Operation 242 [2/2] (3.25ns)   --->   "%real_sample_3_load_10 = load i7 %real_sample_3_addr_10" [dft.cpp:29]   --->   Operation 242 'load' 'real_sample_3_load_10' <Predicate = (!tmp)> <Delay = 3.25> <CoreInst = "RAM">   --->   Core 81 'RAM' <Latency = 1> <II = 1> <Delay = 3.25> <Storage> <Opcode : 'load' 'store'> <Ports = 2> <Width = 32> <Depth = 128> <RAM>
ST_2 : Operation 243 [1/1] (0.00ns)   --->   "%real_sample_4_addr_10 = getelementptr i32 %real_sample_4, i64 0, i64 %zext_ln26_8" [dft.cpp:29]   --->   Operation 243 'getelementptr' 'real_sample_4_addr_10' <Predicate = (!tmp)> <Delay = 0.00>
ST_2 : Operation 244 [2/2] (3.25ns)   --->   "%real_sample_4_load_10 = load i7 %real_sample_4_addr_10" [dft.cpp:29]   --->   Operation 244 'load' 'real_sample_4_load_10' <Predicate = (!tmp)> <Delay = 3.25> <CoreInst = "RAM">   --->   Core 81 'RAM' <Latency = 1> <II = 1> <Delay = 3.25> <Storage> <Opcode : 'load' 'store'> <Ports = 2> <Width = 32> <Depth = 128> <RAM>
ST_2 : Operation 245 [1/1] (0.00ns)   --->   "%real_sample_5_addr_10 = getelementptr i32 %real_sample_5, i64 0, i64 %zext_ln26_8" [dft.cpp:29]   --->   Operation 245 'getelementptr' 'real_sample_5_addr_10' <Predicate = (!tmp)> <Delay = 0.00>
ST_2 : Operation 246 [2/2] (3.25ns)   --->   "%real_sample_5_load_10 = load i7 %real_sample_5_addr_10" [dft.cpp:29]   --->   Operation 246 'load' 'real_sample_5_load_10' <Predicate = (!tmp)> <Delay = 3.25> <CoreInst = "RAM">   --->   Core 81 'RAM' <Latency = 1> <II = 1> <Delay = 3.25> <Storage> <Opcode : 'load' 'store'> <Ports = 2> <Width = 32> <Depth = 128> <RAM>
ST_2 : Operation 247 [1/1] (0.00ns)   --->   "%real_sample_6_addr_10 = getelementptr i32 %real_sample_6, i64 0, i64 %zext_ln26_8" [dft.cpp:29]   --->   Operation 247 'getelementptr' 'real_sample_6_addr_10' <Predicate = (!tmp)> <Delay = 0.00>
ST_2 : Operation 248 [2/2] (3.25ns)   --->   "%real_sample_6_load_10 = load i7 %real_sample_6_addr_10" [dft.cpp:29]   --->   Operation 248 'load' 'real_sample_6_load_10' <Predicate = (!tmp)> <Delay = 3.25> <CoreInst = "RAM">   --->   Core 81 'RAM' <Latency = 1> <II = 1> <Delay = 3.25> <Storage> <Opcode : 'load' 'store'> <Ports = 2> <Width = 32> <Depth = 128> <RAM>
ST_2 : Operation 249 [1/1] (0.00ns)   --->   "%real_sample_7_addr_10 = getelementptr i32 %real_sample_7, i64 0, i64 %zext_ln26_8" [dft.cpp:29]   --->   Operation 249 'getelementptr' 'real_sample_7_addr_10' <Predicate = (!tmp)> <Delay = 0.00>
ST_2 : Operation 250 [2/2] (3.25ns)   --->   "%real_sample_7_load_10 = load i7 %real_sample_7_addr_10" [dft.cpp:29]   --->   Operation 250 'load' 'real_sample_7_load_10' <Predicate = (!tmp)> <Delay = 3.25> <CoreInst = "RAM">   --->   Core 81 'RAM' <Latency = 1> <II = 1> <Delay = 3.25> <Storage> <Opcode : 'load' 'store'> <Ports = 2> <Width = 32> <Depth = 128> <RAM>
ST_2 : Operation 251 [1/1] (0.00ns)   --->   "%imag_sample_0_addr_10 = getelementptr i32 %imag_sample_0, i64 0, i64 %zext_ln26_8" [dft.cpp:29]   --->   Operation 251 'getelementptr' 'imag_sample_0_addr_10' <Predicate = (!tmp)> <Delay = 0.00>
ST_2 : Operation 252 [2/2] (3.25ns)   --->   "%imag_sample_0_load_10 = load i7 %imag_sample_0_addr_10" [dft.cpp:29]   --->   Operation 252 'load' 'imag_sample_0_load_10' <Predicate = (!tmp)> <Delay = 3.25> <CoreInst = "RAM">   --->   Core 81 'RAM' <Latency = 1> <II = 1> <Delay = 3.25> <Storage> <Opcode : 'load' 'store'> <Ports = 2> <Width = 32> <Depth = 128> <RAM>
ST_2 : Operation 253 [1/1] (0.00ns)   --->   "%imag_sample_1_addr_10 = getelementptr i32 %imag_sample_1, i64 0, i64 %zext_ln26_8" [dft.cpp:29]   --->   Operation 253 'getelementptr' 'imag_sample_1_addr_10' <Predicate = (!tmp)> <Delay = 0.00>
ST_2 : Operation 254 [2/2] (3.25ns)   --->   "%imag_sample_1_load_10 = load i7 %imag_sample_1_addr_10" [dft.cpp:29]   --->   Operation 254 'load' 'imag_sample_1_load_10' <Predicate = (!tmp)> <Delay = 3.25> <CoreInst = "RAM">   --->   Core 81 'RAM' <Latency = 1> <II = 1> <Delay = 3.25> <Storage> <Opcode : 'load' 'store'> <Ports = 2> <Width = 32> <Depth = 128> <RAM>
ST_2 : Operation 255 [1/1] (0.00ns)   --->   "%imag_sample_2_addr_10 = getelementptr i32 %imag_sample_2, i64 0, i64 %zext_ln26_8" [dft.cpp:29]   --->   Operation 255 'getelementptr' 'imag_sample_2_addr_10' <Predicate = (!tmp)> <Delay = 0.00>
ST_2 : Operation 256 [2/2] (3.25ns)   --->   "%imag_sample_2_load_10 = load i7 %imag_sample_2_addr_10" [dft.cpp:29]   --->   Operation 256 'load' 'imag_sample_2_load_10' <Predicate = (!tmp)> <Delay = 3.25> <CoreInst = "RAM">   --->   Core 81 'RAM' <Latency = 1> <II = 1> <Delay = 3.25> <Storage> <Opcode : 'load' 'store'> <Ports = 2> <Width = 32> <Depth = 128> <RAM>
ST_2 : Operation 257 [1/1] (0.00ns)   --->   "%imag_sample_3_addr_10 = getelementptr i32 %imag_sample_3, i64 0, i64 %zext_ln26_8" [dft.cpp:29]   --->   Operation 257 'getelementptr' 'imag_sample_3_addr_10' <Predicate = (!tmp)> <Delay = 0.00>
ST_2 : Operation 258 [2/2] (3.25ns)   --->   "%imag_sample_3_load_10 = load i7 %imag_sample_3_addr_10" [dft.cpp:29]   --->   Operation 258 'load' 'imag_sample_3_load_10' <Predicate = (!tmp)> <Delay = 3.25> <CoreInst = "RAM">   --->   Core 81 'RAM' <Latency = 1> <II = 1> <Delay = 3.25> <Storage> <Opcode : 'load' 'store'> <Ports = 2> <Width = 32> <Depth = 128> <RAM>
ST_2 : Operation 259 [1/1] (0.00ns)   --->   "%imag_sample_4_addr_10 = getelementptr i32 %imag_sample_4, i64 0, i64 %zext_ln26_8" [dft.cpp:29]   --->   Operation 259 'getelementptr' 'imag_sample_4_addr_10' <Predicate = (!tmp)> <Delay = 0.00>
ST_2 : Operation 260 [2/2] (3.25ns)   --->   "%imag_sample_4_load_10 = load i7 %imag_sample_4_addr_10" [dft.cpp:29]   --->   Operation 260 'load' 'imag_sample_4_load_10' <Predicate = (!tmp)> <Delay = 3.25> <CoreInst = "RAM">   --->   Core 81 'RAM' <Latency = 1> <II = 1> <Delay = 3.25> <Storage> <Opcode : 'load' 'store'> <Ports = 2> <Width = 32> <Depth = 128> <RAM>
ST_2 : Operation 261 [1/1] (0.00ns)   --->   "%imag_sample_5_addr_10 = getelementptr i32 %imag_sample_5, i64 0, i64 %zext_ln26_8" [dft.cpp:29]   --->   Operation 261 'getelementptr' 'imag_sample_5_addr_10' <Predicate = (!tmp)> <Delay = 0.00>
ST_2 : Operation 262 [2/2] (3.25ns)   --->   "%imag_sample_5_load_10 = load i7 %imag_sample_5_addr_10" [dft.cpp:29]   --->   Operation 262 'load' 'imag_sample_5_load_10' <Predicate = (!tmp)> <Delay = 3.25> <CoreInst = "RAM">   --->   Core 81 'RAM' <Latency = 1> <II = 1> <Delay = 3.25> <Storage> <Opcode : 'load' 'store'> <Ports = 2> <Width = 32> <Depth = 128> <RAM>
ST_2 : Operation 263 [1/1] (0.00ns)   --->   "%imag_sample_6_addr_10 = getelementptr i32 %imag_sample_6, i64 0, i64 %zext_ln26_8" [dft.cpp:29]   --->   Operation 263 'getelementptr' 'imag_sample_6_addr_10' <Predicate = (!tmp)> <Delay = 0.00>
ST_2 : Operation 264 [2/2] (3.25ns)   --->   "%imag_sample_6_load_10 = load i7 %imag_sample_6_addr_10" [dft.cpp:29]   --->   Operation 264 'load' 'imag_sample_6_load_10' <Predicate = (!tmp)> <Delay = 3.25> <CoreInst = "RAM">   --->   Core 81 'RAM' <Latency = 1> <II = 1> <Delay = 3.25> <Storage> <Opcode : 'load' 'store'> <Ports = 2> <Width = 32> <Depth = 128> <RAM>
ST_2 : Operation 265 [1/1] (0.00ns)   --->   "%imag_sample_7_addr_10 = getelementptr i32 %imag_sample_7, i64 0, i64 %zext_ln26_8" [dft.cpp:29]   --->   Operation 265 'getelementptr' 'imag_sample_7_addr_10' <Predicate = (!tmp)> <Delay = 0.00>
ST_2 : Operation 266 [2/2] (3.25ns)   --->   "%imag_sample_7_load_10 = load i7 %imag_sample_7_addr_10" [dft.cpp:29]   --->   Operation 266 'load' 'imag_sample_7_load_10' <Predicate = (!tmp)> <Delay = 3.25> <CoreInst = "RAM">   --->   Core 81 'RAM' <Latency = 1> <II = 1> <Delay = 3.25> <Storage> <Opcode : 'load' 'store'> <Ports = 2> <Width = 32> <Depth = 128> <RAM>
ST_2 : Operation 267 [1/1] (0.00ns)   --->   "%or_ln26_9 = bitconcatenate i7 @_ssdm_op_BitConcatenate.i7.i5.i2, i5 %tmp_78, i2 3" [dft.cpp:26]   --->   Operation 267 'bitconcatenate' 'or_ln26_9' <Predicate = (!tmp)> <Delay = 0.00>
ST_2 : Operation 268 [1/1] (0.00ns)   --->   "%zext_ln26_9 = zext i7 %or_ln26_9" [dft.cpp:26]   --->   Operation 268 'zext' 'zext_ln26_9' <Predicate = (!tmp)> <Delay = 0.00>
ST_2 : Operation 269 [1/1] (0.00ns)   --->   "%real_sample_0_addr_11 = getelementptr i32 %real_sample_0, i64 0, i64 %zext_ln26_9" [dft.cpp:29]   --->   Operation 269 'getelementptr' 'real_sample_0_addr_11' <Predicate = (!tmp)> <Delay = 0.00>
ST_2 : Operation 270 [2/2] (3.25ns)   --->   "%real_sample_0_load_11 = load i7 %real_sample_0_addr_11" [dft.cpp:29]   --->   Operation 270 'load' 'real_sample_0_load_11' <Predicate = (!tmp)> <Delay = 3.25> <CoreInst = "RAM">   --->   Core 81 'RAM' <Latency = 1> <II = 1> <Delay = 3.25> <Storage> <Opcode : 'load' 'store'> <Ports = 2> <Width = 32> <Depth = 128> <RAM>
ST_2 : Operation 271 [1/1] (0.00ns)   --->   "%real_sample_1_addr_11 = getelementptr i32 %real_sample_1, i64 0, i64 %zext_ln26_9" [dft.cpp:29]   --->   Operation 271 'getelementptr' 'real_sample_1_addr_11' <Predicate = (!tmp)> <Delay = 0.00>
ST_2 : Operation 272 [2/2] (3.25ns)   --->   "%real_sample_1_load_11 = load i7 %real_sample_1_addr_11" [dft.cpp:29]   --->   Operation 272 'load' 'real_sample_1_load_11' <Predicate = (!tmp)> <Delay = 3.25> <CoreInst = "RAM">   --->   Core 81 'RAM' <Latency = 1> <II = 1> <Delay = 3.25> <Storage> <Opcode : 'load' 'store'> <Ports = 2> <Width = 32> <Depth = 128> <RAM>
ST_2 : Operation 273 [1/1] (0.00ns)   --->   "%real_sample_2_addr_11 = getelementptr i32 %real_sample_2, i64 0, i64 %zext_ln26_9" [dft.cpp:29]   --->   Operation 273 'getelementptr' 'real_sample_2_addr_11' <Predicate = (!tmp)> <Delay = 0.00>
ST_2 : Operation 274 [2/2] (3.25ns)   --->   "%real_sample_2_load_11 = load i7 %real_sample_2_addr_11" [dft.cpp:29]   --->   Operation 274 'load' 'real_sample_2_load_11' <Predicate = (!tmp)> <Delay = 3.25> <CoreInst = "RAM">   --->   Core 81 'RAM' <Latency = 1> <II = 1> <Delay = 3.25> <Storage> <Opcode : 'load' 'store'> <Ports = 2> <Width = 32> <Depth = 128> <RAM>
ST_2 : Operation 275 [1/1] (0.00ns)   --->   "%real_sample_3_addr_11 = getelementptr i32 %real_sample_3, i64 0, i64 %zext_ln26_9" [dft.cpp:29]   --->   Operation 275 'getelementptr' 'real_sample_3_addr_11' <Predicate = (!tmp)> <Delay = 0.00>
ST_2 : Operation 276 [2/2] (3.25ns)   --->   "%real_sample_3_load_11 = load i7 %real_sample_3_addr_11" [dft.cpp:29]   --->   Operation 276 'load' 'real_sample_3_load_11' <Predicate = (!tmp)> <Delay = 3.25> <CoreInst = "RAM">   --->   Core 81 'RAM' <Latency = 1> <II = 1> <Delay = 3.25> <Storage> <Opcode : 'load' 'store'> <Ports = 2> <Width = 32> <Depth = 128> <RAM>
ST_2 : Operation 277 [1/1] (0.00ns)   --->   "%real_sample_4_addr_11 = getelementptr i32 %real_sample_4, i64 0, i64 %zext_ln26_9" [dft.cpp:29]   --->   Operation 277 'getelementptr' 'real_sample_4_addr_11' <Predicate = (!tmp)> <Delay = 0.00>
ST_2 : Operation 278 [2/2] (3.25ns)   --->   "%real_sample_4_load_11 = load i7 %real_sample_4_addr_11" [dft.cpp:29]   --->   Operation 278 'load' 'real_sample_4_load_11' <Predicate = (!tmp)> <Delay = 3.25> <CoreInst = "RAM">   --->   Core 81 'RAM' <Latency = 1> <II = 1> <Delay = 3.25> <Storage> <Opcode : 'load' 'store'> <Ports = 2> <Width = 32> <Depth = 128> <RAM>
ST_2 : Operation 279 [1/1] (0.00ns)   --->   "%real_sample_5_addr_11 = getelementptr i32 %real_sample_5, i64 0, i64 %zext_ln26_9" [dft.cpp:29]   --->   Operation 279 'getelementptr' 'real_sample_5_addr_11' <Predicate = (!tmp)> <Delay = 0.00>
ST_2 : Operation 280 [2/2] (3.25ns)   --->   "%real_sample_5_load_11 = load i7 %real_sample_5_addr_11" [dft.cpp:29]   --->   Operation 280 'load' 'real_sample_5_load_11' <Predicate = (!tmp)> <Delay = 3.25> <CoreInst = "RAM">   --->   Core 81 'RAM' <Latency = 1> <II = 1> <Delay = 3.25> <Storage> <Opcode : 'load' 'store'> <Ports = 2> <Width = 32> <Depth = 128> <RAM>
ST_2 : Operation 281 [1/1] (0.00ns)   --->   "%real_sample_6_addr_11 = getelementptr i32 %real_sample_6, i64 0, i64 %zext_ln26_9" [dft.cpp:29]   --->   Operation 281 'getelementptr' 'real_sample_6_addr_11' <Predicate = (!tmp)> <Delay = 0.00>
ST_2 : Operation 282 [2/2] (3.25ns)   --->   "%real_sample_6_load_11 = load i7 %real_sample_6_addr_11" [dft.cpp:29]   --->   Operation 282 'load' 'real_sample_6_load_11' <Predicate = (!tmp)> <Delay = 3.25> <CoreInst = "RAM">   --->   Core 81 'RAM' <Latency = 1> <II = 1> <Delay = 3.25> <Storage> <Opcode : 'load' 'store'> <Ports = 2> <Width = 32> <Depth = 128> <RAM>
ST_2 : Operation 283 [1/1] (0.00ns)   --->   "%real_sample_7_addr_11 = getelementptr i32 %real_sample_7, i64 0, i64 %zext_ln26_9" [dft.cpp:29]   --->   Operation 283 'getelementptr' 'real_sample_7_addr_11' <Predicate = (!tmp)> <Delay = 0.00>
ST_2 : Operation 284 [2/2] (3.25ns)   --->   "%real_sample_7_load_11 = load i7 %real_sample_7_addr_11" [dft.cpp:29]   --->   Operation 284 'load' 'real_sample_7_load_11' <Predicate = (!tmp)> <Delay = 3.25> <CoreInst = "RAM">   --->   Core 81 'RAM' <Latency = 1> <II = 1> <Delay = 3.25> <Storage> <Opcode : 'load' 'store'> <Ports = 2> <Width = 32> <Depth = 128> <RAM>
ST_2 : Operation 285 [1/1] (0.00ns)   --->   "%imag_sample_0_addr_11 = getelementptr i32 %imag_sample_0, i64 0, i64 %zext_ln26_9" [dft.cpp:29]   --->   Operation 285 'getelementptr' 'imag_sample_0_addr_11' <Predicate = (!tmp)> <Delay = 0.00>
ST_2 : Operation 286 [2/2] (3.25ns)   --->   "%imag_sample_0_load_11 = load i7 %imag_sample_0_addr_11" [dft.cpp:29]   --->   Operation 286 'load' 'imag_sample_0_load_11' <Predicate = (!tmp)> <Delay = 3.25> <CoreInst = "RAM">   --->   Core 81 'RAM' <Latency = 1> <II = 1> <Delay = 3.25> <Storage> <Opcode : 'load' 'store'> <Ports = 2> <Width = 32> <Depth = 128> <RAM>
ST_2 : Operation 287 [1/1] (0.00ns)   --->   "%imag_sample_1_addr_11 = getelementptr i32 %imag_sample_1, i64 0, i64 %zext_ln26_9" [dft.cpp:29]   --->   Operation 287 'getelementptr' 'imag_sample_1_addr_11' <Predicate = (!tmp)> <Delay = 0.00>
ST_2 : Operation 288 [2/2] (3.25ns)   --->   "%imag_sample_1_load_11 = load i7 %imag_sample_1_addr_11" [dft.cpp:29]   --->   Operation 288 'load' 'imag_sample_1_load_11' <Predicate = (!tmp)> <Delay = 3.25> <CoreInst = "RAM">   --->   Core 81 'RAM' <Latency = 1> <II = 1> <Delay = 3.25> <Storage> <Opcode : 'load' 'store'> <Ports = 2> <Width = 32> <Depth = 128> <RAM>
ST_2 : Operation 289 [1/1] (0.00ns)   --->   "%imag_sample_2_addr_11 = getelementptr i32 %imag_sample_2, i64 0, i64 %zext_ln26_9" [dft.cpp:29]   --->   Operation 289 'getelementptr' 'imag_sample_2_addr_11' <Predicate = (!tmp)> <Delay = 0.00>
ST_2 : Operation 290 [2/2] (3.25ns)   --->   "%imag_sample_2_load_11 = load i7 %imag_sample_2_addr_11" [dft.cpp:29]   --->   Operation 290 'load' 'imag_sample_2_load_11' <Predicate = (!tmp)> <Delay = 3.25> <CoreInst = "RAM">   --->   Core 81 'RAM' <Latency = 1> <II = 1> <Delay = 3.25> <Storage> <Opcode : 'load' 'store'> <Ports = 2> <Width = 32> <Depth = 128> <RAM>
ST_2 : Operation 291 [1/1] (0.00ns)   --->   "%imag_sample_3_addr_11 = getelementptr i32 %imag_sample_3, i64 0, i64 %zext_ln26_9" [dft.cpp:29]   --->   Operation 291 'getelementptr' 'imag_sample_3_addr_11' <Predicate = (!tmp)> <Delay = 0.00>
ST_2 : Operation 292 [2/2] (3.25ns)   --->   "%imag_sample_3_load_11 = load i7 %imag_sample_3_addr_11" [dft.cpp:29]   --->   Operation 292 'load' 'imag_sample_3_load_11' <Predicate = (!tmp)> <Delay = 3.25> <CoreInst = "RAM">   --->   Core 81 'RAM' <Latency = 1> <II = 1> <Delay = 3.25> <Storage> <Opcode : 'load' 'store'> <Ports = 2> <Width = 32> <Depth = 128> <RAM>
ST_2 : Operation 293 [1/1] (0.00ns)   --->   "%imag_sample_4_addr_11 = getelementptr i32 %imag_sample_4, i64 0, i64 %zext_ln26_9" [dft.cpp:29]   --->   Operation 293 'getelementptr' 'imag_sample_4_addr_11' <Predicate = (!tmp)> <Delay = 0.00>
ST_2 : Operation 294 [2/2] (3.25ns)   --->   "%imag_sample_4_load_11 = load i7 %imag_sample_4_addr_11" [dft.cpp:29]   --->   Operation 294 'load' 'imag_sample_4_load_11' <Predicate = (!tmp)> <Delay = 3.25> <CoreInst = "RAM">   --->   Core 81 'RAM' <Latency = 1> <II = 1> <Delay = 3.25> <Storage> <Opcode : 'load' 'store'> <Ports = 2> <Width = 32> <Depth = 128> <RAM>
ST_2 : Operation 295 [1/1] (0.00ns)   --->   "%imag_sample_5_addr_11 = getelementptr i32 %imag_sample_5, i64 0, i64 %zext_ln26_9" [dft.cpp:29]   --->   Operation 295 'getelementptr' 'imag_sample_5_addr_11' <Predicate = (!tmp)> <Delay = 0.00>
ST_2 : Operation 296 [2/2] (3.25ns)   --->   "%imag_sample_5_load_11 = load i7 %imag_sample_5_addr_11" [dft.cpp:29]   --->   Operation 296 'load' 'imag_sample_5_load_11' <Predicate = (!tmp)> <Delay = 3.25> <CoreInst = "RAM">   --->   Core 81 'RAM' <Latency = 1> <II = 1> <Delay = 3.25> <Storage> <Opcode : 'load' 'store'> <Ports = 2> <Width = 32> <Depth = 128> <RAM>
ST_2 : Operation 297 [1/1] (0.00ns)   --->   "%imag_sample_6_addr_11 = getelementptr i32 %imag_sample_6, i64 0, i64 %zext_ln26_9" [dft.cpp:29]   --->   Operation 297 'getelementptr' 'imag_sample_6_addr_11' <Predicate = (!tmp)> <Delay = 0.00>
ST_2 : Operation 298 [2/2] (3.25ns)   --->   "%imag_sample_6_load_11 = load i7 %imag_sample_6_addr_11" [dft.cpp:29]   --->   Operation 298 'load' 'imag_sample_6_load_11' <Predicate = (!tmp)> <Delay = 3.25> <CoreInst = "RAM">   --->   Core 81 'RAM' <Latency = 1> <II = 1> <Delay = 3.25> <Storage> <Opcode : 'load' 'store'> <Ports = 2> <Width = 32> <Depth = 128> <RAM>
ST_2 : Operation 299 [1/1] (0.00ns)   --->   "%imag_sample_7_addr_11 = getelementptr i32 %imag_sample_7, i64 0, i64 %zext_ln26_9" [dft.cpp:29]   --->   Operation 299 'getelementptr' 'imag_sample_7_addr_11' <Predicate = (!tmp)> <Delay = 0.00>
ST_2 : Operation 300 [2/2] (3.25ns)   --->   "%imag_sample_7_load_11 = load i7 %imag_sample_7_addr_11" [dft.cpp:29]   --->   Operation 300 'load' 'imag_sample_7_load_11' <Predicate = (!tmp)> <Delay = 3.25> <CoreInst = "RAM">   --->   Core 81 'RAM' <Latency = 1> <II = 1> <Delay = 3.25> <Storage> <Opcode : 'load' 'store'> <Ports = 2> <Width = 32> <Depth = 128> <RAM>

State 3 <SV = 2> <Delay = 5.55>
ST_3 : Operation 301 [1/2] ( I:3.25ns O:3.25ns )   --->   "%c = load i10 %cos_coefficients_table_addr_8" [dft.cpp:27]   --->   Operation 301 'load' 'c' <Predicate = (!tmp)> <Delay = 3.25> <CoreInst = "ROM">   --->   Core 94 'ROM' <Latency = 1> <II = 1> <Delay = 3.25> <Storage> <Opcode : 'load'> <Ports = 0> <Width = 32> <Depth = 1024> <ROM>
ST_3 : Operation 302 [1/2] ( I:3.25ns O:3.25ns )   --->   "%s = load i10 %sin_coefficients_table_addr_8" [dft.cpp:28]   --->   Operation 302 'load' 's' <Predicate = (!tmp)> <Delay = 3.25> <CoreInst = "ROM">   --->   Core 94 'ROM' <Latency = 1> <II = 1> <Delay = 3.25> <Storage> <Opcode : 'load'> <Ports = 0> <Width = 32> <Depth = 1024> <ROM>
ST_3 : Operation 303 [1/1] (0.00ns)   --->   "%zext_ln27_9 = zext i10 %idx_46" [dft.cpp:27]   --->   Operation 303 'zext' 'zext_ln27_9' <Predicate = (!tmp)> <Delay = 0.00>
ST_3 : Operation 304 [1/1] (0.00ns)   --->   "%cos_coefficients_table_addr_9 = getelementptr i32 %cos_coefficients_table, i64 0, i64 %zext_ln27_9" [dft.cpp:27]   --->   Operation 304 'getelementptr' 'cos_coefficients_table_addr_9' <Predicate = (!tmp)> <Delay = 0.00>
ST_3 : Operation 305 [2/2] (3.25ns)   --->   "%c_46 = load i10 %cos_coefficients_table_addr_9" [dft.cpp:27]   --->   Operation 305 'load' 'c_46' <Predicate = (!tmp)> <Delay = 3.25> <CoreInst = "ROM">   --->   Core 94 'ROM' <Latency = 1> <II = 1> <Delay = 3.25> <Storage> <Opcode : 'load'> <Ports = 0> <Width = 32> <Depth = 1024> <ROM>
ST_3 : Operation 306 [1/1] (0.00ns)   --->   "%sin_coefficients_table_addr_9 = getelementptr i32 %sin_coefficients_table, i64 0, i64 %zext_ln27_9" [dft.cpp:28]   --->   Operation 306 'getelementptr' 'sin_coefficients_table_addr_9' <Predicate = (!tmp)> <Delay = 0.00>
ST_3 : Operation 307 [2/2] (3.25ns)   --->   "%s_46 = load i10 %sin_coefficients_table_addr_9" [dft.cpp:28]   --->   Operation 307 'load' 's_46' <Predicate = (!tmp)> <Delay = 3.25> <CoreInst = "ROM">   --->   Core 94 'ROM' <Latency = 1> <II = 1> <Delay = 3.25> <Storage> <Opcode : 'load'> <Ports = 0> <Width = 32> <Depth = 1024> <ROM>
ST_3 : Operation 308 [1/2] ( I:3.25ns O:3.25ns )   --->   "%real_sample_0_load_10 = load i7 %real_sample_0_addr_10" [dft.cpp:29]   --->   Operation 308 'load' 'real_sample_0_load_10' <Predicate = (!tmp)> <Delay = 3.25> <CoreInst = "RAM">   --->   Core 81 'RAM' <Latency = 1> <II = 1> <Delay = 3.25> <Storage> <Opcode : 'load' 'store'> <Ports = 2> <Width = 32> <Depth = 128> <RAM>
ST_3 : Operation 309 [1/1] (0.00ns)   --->   "%bitcast_ln29_161 = bitcast i32 %real_sample_0_load_10" [dft.cpp:29]   --->   Operation 309 'bitcast' 'bitcast_ln29_161' <Predicate = (!tmp & trunc_ln13_2 == 0)> <Delay = 0.00>
ST_3 : Operation 310 [1/2] ( I:3.25ns O:3.25ns )   --->   "%real_sample_1_load_10 = load i7 %real_sample_1_addr_10" [dft.cpp:29]   --->   Operation 310 'load' 'real_sample_1_load_10' <Predicate = (!tmp)> <Delay = 3.25> <CoreInst = "RAM">   --->   Core 81 'RAM' <Latency = 1> <II = 1> <Delay = 3.25> <Storage> <Opcode : 'load' 'store'> <Ports = 2> <Width = 32> <Depth = 128> <RAM>
ST_3 : Operation 311 [1/1] (0.00ns)   --->   "%bitcast_ln29_162 = bitcast i32 %real_sample_1_load_10" [dft.cpp:29]   --->   Operation 311 'bitcast' 'bitcast_ln29_162' <Predicate = (!tmp & trunc_ln13_2 == 1)> <Delay = 0.00>
ST_3 : Operation 312 [1/2] ( I:3.25ns O:3.25ns )   --->   "%real_sample_2_load_10 = load i7 %real_sample_2_addr_10" [dft.cpp:29]   --->   Operation 312 'load' 'real_sample_2_load_10' <Predicate = (!tmp)> <Delay = 3.25> <CoreInst = "RAM">   --->   Core 81 'RAM' <Latency = 1> <II = 1> <Delay = 3.25> <Storage> <Opcode : 'load' 'store'> <Ports = 2> <Width = 32> <Depth = 128> <RAM>
ST_3 : Operation 313 [1/1] (0.00ns)   --->   "%bitcast_ln29_163 = bitcast i32 %real_sample_2_load_10" [dft.cpp:29]   --->   Operation 313 'bitcast' 'bitcast_ln29_163' <Predicate = (!tmp & trunc_ln13_2 == 2)> <Delay = 0.00>
ST_3 : Operation 314 [1/2] ( I:3.25ns O:3.25ns )   --->   "%real_sample_3_load_10 = load i7 %real_sample_3_addr_10" [dft.cpp:29]   --->   Operation 314 'load' 'real_sample_3_load_10' <Predicate = (!tmp)> <Delay = 3.25> <CoreInst = "RAM">   --->   Core 81 'RAM' <Latency = 1> <II = 1> <Delay = 3.25> <Storage> <Opcode : 'load' 'store'> <Ports = 2> <Width = 32> <Depth = 128> <RAM>
ST_3 : Operation 315 [1/1] (0.00ns)   --->   "%bitcast_ln29_164 = bitcast i32 %real_sample_3_load_10" [dft.cpp:29]   --->   Operation 315 'bitcast' 'bitcast_ln29_164' <Predicate = (!tmp & trunc_ln13_2 == 3)> <Delay = 0.00>
ST_3 : Operation 316 [1/2] ( I:3.25ns O:3.25ns )   --->   "%real_sample_4_load_10 = load i7 %real_sample_4_addr_10" [dft.cpp:29]   --->   Operation 316 'load' 'real_sample_4_load_10' <Predicate = (!tmp)> <Delay = 3.25> <CoreInst = "RAM">   --->   Core 81 'RAM' <Latency = 1> <II = 1> <Delay = 3.25> <Storage> <Opcode : 'load' 'store'> <Ports = 2> <Width = 32> <Depth = 128> <RAM>
ST_3 : Operation 317 [1/1] (0.00ns)   --->   "%bitcast_ln29_165 = bitcast i32 %real_sample_4_load_10" [dft.cpp:29]   --->   Operation 317 'bitcast' 'bitcast_ln29_165' <Predicate = (!tmp & trunc_ln13_2 == 4)> <Delay = 0.00>
ST_3 : Operation 318 [1/2] ( I:3.25ns O:3.25ns )   --->   "%real_sample_5_load_10 = load i7 %real_sample_5_addr_10" [dft.cpp:29]   --->   Operation 318 'load' 'real_sample_5_load_10' <Predicate = (!tmp)> <Delay = 3.25> <CoreInst = "RAM">   --->   Core 81 'RAM' <Latency = 1> <II = 1> <Delay = 3.25> <Storage> <Opcode : 'load' 'store'> <Ports = 2> <Width = 32> <Depth = 128> <RAM>
ST_3 : Operation 319 [1/1] (0.00ns)   --->   "%bitcast_ln29_166 = bitcast i32 %real_sample_5_load_10" [dft.cpp:29]   --->   Operation 319 'bitcast' 'bitcast_ln29_166' <Predicate = (!tmp & trunc_ln13_2 == 5)> <Delay = 0.00>
ST_3 : Operation 320 [1/2] ( I:3.25ns O:3.25ns )   --->   "%real_sample_6_load_10 = load i7 %real_sample_6_addr_10" [dft.cpp:29]   --->   Operation 320 'load' 'real_sample_6_load_10' <Predicate = (!tmp)> <Delay = 3.25> <CoreInst = "RAM">   --->   Core 81 'RAM' <Latency = 1> <II = 1> <Delay = 3.25> <Storage> <Opcode : 'load' 'store'> <Ports = 2> <Width = 32> <Depth = 128> <RAM>
ST_3 : Operation 321 [1/1] (0.00ns)   --->   "%bitcast_ln29_167 = bitcast i32 %real_sample_6_load_10" [dft.cpp:29]   --->   Operation 321 'bitcast' 'bitcast_ln29_167' <Predicate = (!tmp & trunc_ln13_2 == 6)> <Delay = 0.00>
ST_3 : Operation 322 [1/2] ( I:3.25ns O:3.25ns )   --->   "%real_sample_7_load_10 = load i7 %real_sample_7_addr_10" [dft.cpp:29]   --->   Operation 322 'load' 'real_sample_7_load_10' <Predicate = (!tmp)> <Delay = 3.25> <CoreInst = "RAM">   --->   Core 81 'RAM' <Latency = 1> <II = 1> <Delay = 3.25> <Storage> <Opcode : 'load' 'store'> <Ports = 2> <Width = 32> <Depth = 128> <RAM>
ST_3 : Operation 323 [1/1] (0.00ns)   --->   "%bitcast_ln29_168 = bitcast i32 %real_sample_7_load_10" [dft.cpp:29]   --->   Operation 323 'bitcast' 'bitcast_ln29_168' <Predicate = (!tmp & trunc_ln13_2 == 7)> <Delay = 0.00>
ST_3 : Operation 324 [1/1] (2.30ns)   --->   "%tmp_19 = sparsemux i32 @_ssdm_op_SparseMux.ap_auto.8float.float.i3, i3 0, i32 %bitcast_ln29_161, i3 1, i32 %bitcast_ln29_162, i3 2, i32 %bitcast_ln29_163, i3 3, i32 %bitcast_ln29_164, i3 4, i32 %bitcast_ln29_165, i3 5, i32 %bitcast_ln29_166, i3 6, i32 %bitcast_ln29_167, i3 7, i32 %bitcast_ln29_168, i32 <undef>, i3 %trunc_ln13_2" [dft.cpp:29]   --->   Operation 324 'sparsemux' 'tmp_19' <Predicate = (!tmp)> <Delay = 2.30> <CoreInst = "BinarySparseMux_DontCare">   --->   Core 137 'BinarySparseMux_DontCare' <Latency = 0> <II = 1> <Delay = 2.30> <FuncUnit> <Opcode : 'sparsemux'> <InPorts = 2> <OutPorts = 1>
ST_3 : Operation 325 [1/2] ( I:3.25ns O:3.25ns )   --->   "%imag_sample_0_load_10 = load i7 %imag_sample_0_addr_10" [dft.cpp:29]   --->   Operation 325 'load' 'imag_sample_0_load_10' <Predicate = (!tmp)> <Delay = 3.25> <CoreInst = "RAM">   --->   Core 81 'RAM' <Latency = 1> <II = 1> <Delay = 3.25> <Storage> <Opcode : 'load' 'store'> <Ports = 2> <Width = 32> <Depth = 128> <RAM>
ST_3 : Operation 326 [1/1] (0.00ns)   --->   "%bitcast_ln29_169 = bitcast i32 %imag_sample_0_load_10" [dft.cpp:29]   --->   Operation 326 'bitcast' 'bitcast_ln29_169' <Predicate = (!tmp & trunc_ln13_2 == 0)> <Delay = 0.00>
ST_3 : Operation 327 [1/2] ( I:3.25ns O:3.25ns )   --->   "%imag_sample_1_load_10 = load i7 %imag_sample_1_addr_10" [dft.cpp:29]   --->   Operation 327 'load' 'imag_sample_1_load_10' <Predicate = (!tmp)> <Delay = 3.25> <CoreInst = "RAM">   --->   Core 81 'RAM' <Latency = 1> <II = 1> <Delay = 3.25> <Storage> <Opcode : 'load' 'store'> <Ports = 2> <Width = 32> <Depth = 128> <RAM>
ST_3 : Operation 328 [1/1] (0.00ns)   --->   "%bitcast_ln29_170 = bitcast i32 %imag_sample_1_load_10" [dft.cpp:29]   --->   Operation 328 'bitcast' 'bitcast_ln29_170' <Predicate = (!tmp & trunc_ln13_2 == 1)> <Delay = 0.00>
ST_3 : Operation 329 [1/2] ( I:3.25ns O:3.25ns )   --->   "%imag_sample_2_load_10 = load i7 %imag_sample_2_addr_10" [dft.cpp:29]   --->   Operation 329 'load' 'imag_sample_2_load_10' <Predicate = (!tmp)> <Delay = 3.25> <CoreInst = "RAM">   --->   Core 81 'RAM' <Latency = 1> <II = 1> <Delay = 3.25> <Storage> <Opcode : 'load' 'store'> <Ports = 2> <Width = 32> <Depth = 128> <RAM>
ST_3 : Operation 330 [1/1] (0.00ns)   --->   "%bitcast_ln29_171 = bitcast i32 %imag_sample_2_load_10" [dft.cpp:29]   --->   Operation 330 'bitcast' 'bitcast_ln29_171' <Predicate = (!tmp & trunc_ln13_2 == 2)> <Delay = 0.00>
ST_3 : Operation 331 [1/2] ( I:3.25ns O:3.25ns )   --->   "%imag_sample_3_load_10 = load i7 %imag_sample_3_addr_10" [dft.cpp:29]   --->   Operation 331 'load' 'imag_sample_3_load_10' <Predicate = (!tmp)> <Delay = 3.25> <CoreInst = "RAM">   --->   Core 81 'RAM' <Latency = 1> <II = 1> <Delay = 3.25> <Storage> <Opcode : 'load' 'store'> <Ports = 2> <Width = 32> <Depth = 128> <RAM>
ST_3 : Operation 332 [1/1] (0.00ns)   --->   "%bitcast_ln29_172 = bitcast i32 %imag_sample_3_load_10" [dft.cpp:29]   --->   Operation 332 'bitcast' 'bitcast_ln29_172' <Predicate = (!tmp & trunc_ln13_2 == 3)> <Delay = 0.00>
ST_3 : Operation 333 [1/2] ( I:3.25ns O:3.25ns )   --->   "%imag_sample_4_load_10 = load i7 %imag_sample_4_addr_10" [dft.cpp:29]   --->   Operation 333 'load' 'imag_sample_4_load_10' <Predicate = (!tmp)> <Delay = 3.25> <CoreInst = "RAM">   --->   Core 81 'RAM' <Latency = 1> <II = 1> <Delay = 3.25> <Storage> <Opcode : 'load' 'store'> <Ports = 2> <Width = 32> <Depth = 128> <RAM>
ST_3 : Operation 334 [1/1] (0.00ns)   --->   "%bitcast_ln29_173 = bitcast i32 %imag_sample_4_load_10" [dft.cpp:29]   --->   Operation 334 'bitcast' 'bitcast_ln29_173' <Predicate = (!tmp & trunc_ln13_2 == 4)> <Delay = 0.00>
ST_3 : Operation 335 [1/2] ( I:3.25ns O:3.25ns )   --->   "%imag_sample_5_load_10 = load i7 %imag_sample_5_addr_10" [dft.cpp:29]   --->   Operation 335 'load' 'imag_sample_5_load_10' <Predicate = (!tmp)> <Delay = 3.25> <CoreInst = "RAM">   --->   Core 81 'RAM' <Latency = 1> <II = 1> <Delay = 3.25> <Storage> <Opcode : 'load' 'store'> <Ports = 2> <Width = 32> <Depth = 128> <RAM>
ST_3 : Operation 336 [1/1] (0.00ns)   --->   "%bitcast_ln29_174 = bitcast i32 %imag_sample_5_load_10" [dft.cpp:29]   --->   Operation 336 'bitcast' 'bitcast_ln29_174' <Predicate = (!tmp & trunc_ln13_2 == 5)> <Delay = 0.00>
ST_3 : Operation 337 [1/2] ( I:3.25ns O:3.25ns )   --->   "%imag_sample_6_load_10 = load i7 %imag_sample_6_addr_10" [dft.cpp:29]   --->   Operation 337 'load' 'imag_sample_6_load_10' <Predicate = (!tmp)> <Delay = 3.25> <CoreInst = "RAM">   --->   Core 81 'RAM' <Latency = 1> <II = 1> <Delay = 3.25> <Storage> <Opcode : 'load' 'store'> <Ports = 2> <Width = 32> <Depth = 128> <RAM>
ST_3 : Operation 338 [1/1] (0.00ns)   --->   "%bitcast_ln29_175 = bitcast i32 %imag_sample_6_load_10" [dft.cpp:29]   --->   Operation 338 'bitcast' 'bitcast_ln29_175' <Predicate = (!tmp & trunc_ln13_2 == 6)> <Delay = 0.00>
ST_3 : Operation 339 [1/2] ( I:3.25ns O:3.25ns )   --->   "%imag_sample_7_load_10 = load i7 %imag_sample_7_addr_10" [dft.cpp:29]   --->   Operation 339 'load' 'imag_sample_7_load_10' <Predicate = (!tmp)> <Delay = 3.25> <CoreInst = "RAM">   --->   Core 81 'RAM' <Latency = 1> <II = 1> <Delay = 3.25> <Storage> <Opcode : 'load' 'store'> <Ports = 2> <Width = 32> <Depth = 128> <RAM>
ST_3 : Operation 340 [1/1] (0.00ns)   --->   "%bitcast_ln29_176 = bitcast i32 %imag_sample_7_load_10" [dft.cpp:29]   --->   Operation 340 'bitcast' 'bitcast_ln29_176' <Predicate = (!tmp & trunc_ln13_2 == 7)> <Delay = 0.00>
ST_3 : Operation 341 [1/1] (2.30ns)   --->   "%tmp_20 = sparsemux i32 @_ssdm_op_SparseMux.ap_auto.8float.float.i3, i3 0, i32 %bitcast_ln29_169, i3 1, i32 %bitcast_ln29_170, i3 2, i32 %bitcast_ln29_171, i3 3, i32 %bitcast_ln29_172, i3 4, i32 %bitcast_ln29_173, i3 5, i32 %bitcast_ln29_174, i3 6, i32 %bitcast_ln29_175, i3 7, i32 %bitcast_ln29_176, i32 <undef>, i3 %trunc_ln13_2" [dft.cpp:29]   --->   Operation 341 'sparsemux' 'tmp_20' <Predicate = (!tmp)> <Delay = 2.30> <CoreInst = "BinarySparseMux_DontCare">   --->   Core 137 'BinarySparseMux_DontCare' <Latency = 0> <II = 1> <Delay = 2.30> <FuncUnit> <Opcode : 'sparsemux'> <InPorts = 2> <OutPorts = 1>
ST_3 : Operation 342 [1/2] ( I:3.25ns O:3.25ns )   --->   "%real_sample_0_load_11 = load i7 %real_sample_0_addr_11" [dft.cpp:29]   --->   Operation 342 'load' 'real_sample_0_load_11' <Predicate = (!tmp)> <Delay = 3.25> <CoreInst = "RAM">   --->   Core 81 'RAM' <Latency = 1> <II = 1> <Delay = 3.25> <Storage> <Opcode : 'load' 'store'> <Ports = 2> <Width = 32> <Depth = 128> <RAM>
ST_3 : Operation 343 [1/1] (0.00ns)   --->   "%bitcast_ln29_177 = bitcast i32 %real_sample_0_load_11" [dft.cpp:29]   --->   Operation 343 'bitcast' 'bitcast_ln29_177' <Predicate = (!tmp & trunc_ln13_2 == 0)> <Delay = 0.00>
ST_3 : Operation 344 [1/2] ( I:3.25ns O:3.25ns )   --->   "%real_sample_1_load_11 = load i7 %real_sample_1_addr_11" [dft.cpp:29]   --->   Operation 344 'load' 'real_sample_1_load_11' <Predicate = (!tmp)> <Delay = 3.25> <CoreInst = "RAM">   --->   Core 81 'RAM' <Latency = 1> <II = 1> <Delay = 3.25> <Storage> <Opcode : 'load' 'store'> <Ports = 2> <Width = 32> <Depth = 128> <RAM>
ST_3 : Operation 345 [1/1] (0.00ns)   --->   "%bitcast_ln29_178 = bitcast i32 %real_sample_1_load_11" [dft.cpp:29]   --->   Operation 345 'bitcast' 'bitcast_ln29_178' <Predicate = (!tmp & trunc_ln13_2 == 1)> <Delay = 0.00>
ST_3 : Operation 346 [1/2] ( I:3.25ns O:3.25ns )   --->   "%real_sample_2_load_11 = load i7 %real_sample_2_addr_11" [dft.cpp:29]   --->   Operation 346 'load' 'real_sample_2_load_11' <Predicate = (!tmp)> <Delay = 3.25> <CoreInst = "RAM">   --->   Core 81 'RAM' <Latency = 1> <II = 1> <Delay = 3.25> <Storage> <Opcode : 'load' 'store'> <Ports = 2> <Width = 32> <Depth = 128> <RAM>
ST_3 : Operation 347 [1/1] (0.00ns)   --->   "%bitcast_ln29_179 = bitcast i32 %real_sample_2_load_11" [dft.cpp:29]   --->   Operation 347 'bitcast' 'bitcast_ln29_179' <Predicate = (!tmp & trunc_ln13_2 == 2)> <Delay = 0.00>
ST_3 : Operation 348 [1/2] ( I:3.25ns O:3.25ns )   --->   "%real_sample_3_load_11 = load i7 %real_sample_3_addr_11" [dft.cpp:29]   --->   Operation 348 'load' 'real_sample_3_load_11' <Predicate = (!tmp)> <Delay = 3.25> <CoreInst = "RAM">   --->   Core 81 'RAM' <Latency = 1> <II = 1> <Delay = 3.25> <Storage> <Opcode : 'load' 'store'> <Ports = 2> <Width = 32> <Depth = 128> <RAM>
ST_3 : Operation 349 [1/1] (0.00ns)   --->   "%bitcast_ln29_180 = bitcast i32 %real_sample_3_load_11" [dft.cpp:29]   --->   Operation 349 'bitcast' 'bitcast_ln29_180' <Predicate = (!tmp & trunc_ln13_2 == 3)> <Delay = 0.00>
ST_3 : Operation 350 [1/2] ( I:3.25ns O:3.25ns )   --->   "%real_sample_4_load_11 = load i7 %real_sample_4_addr_11" [dft.cpp:29]   --->   Operation 350 'load' 'real_sample_4_load_11' <Predicate = (!tmp)> <Delay = 3.25> <CoreInst = "RAM">   --->   Core 81 'RAM' <Latency = 1> <II = 1> <Delay = 3.25> <Storage> <Opcode : 'load' 'store'> <Ports = 2> <Width = 32> <Depth = 128> <RAM>
ST_3 : Operation 351 [1/1] (0.00ns)   --->   "%bitcast_ln29_181 = bitcast i32 %real_sample_4_load_11" [dft.cpp:29]   --->   Operation 351 'bitcast' 'bitcast_ln29_181' <Predicate = (!tmp & trunc_ln13_2 == 4)> <Delay = 0.00>
ST_3 : Operation 352 [1/2] ( I:3.25ns O:3.25ns )   --->   "%real_sample_5_load_11 = load i7 %real_sample_5_addr_11" [dft.cpp:29]   --->   Operation 352 'load' 'real_sample_5_load_11' <Predicate = (!tmp)> <Delay = 3.25> <CoreInst = "RAM">   --->   Core 81 'RAM' <Latency = 1> <II = 1> <Delay = 3.25> <Storage> <Opcode : 'load' 'store'> <Ports = 2> <Width = 32> <Depth = 128> <RAM>
ST_3 : Operation 353 [1/1] (0.00ns)   --->   "%bitcast_ln29_182 = bitcast i32 %real_sample_5_load_11" [dft.cpp:29]   --->   Operation 353 'bitcast' 'bitcast_ln29_182' <Predicate = (!tmp & trunc_ln13_2 == 5)> <Delay = 0.00>
ST_3 : Operation 354 [1/2] ( I:3.25ns O:3.25ns )   --->   "%real_sample_6_load_11 = load i7 %real_sample_6_addr_11" [dft.cpp:29]   --->   Operation 354 'load' 'real_sample_6_load_11' <Predicate = (!tmp)> <Delay = 3.25> <CoreInst = "RAM">   --->   Core 81 'RAM' <Latency = 1> <II = 1> <Delay = 3.25> <Storage> <Opcode : 'load' 'store'> <Ports = 2> <Width = 32> <Depth = 128> <RAM>
ST_3 : Operation 355 [1/1] (0.00ns)   --->   "%bitcast_ln29_183 = bitcast i32 %real_sample_6_load_11" [dft.cpp:29]   --->   Operation 355 'bitcast' 'bitcast_ln29_183' <Predicate = (!tmp & trunc_ln13_2 == 6)> <Delay = 0.00>
ST_3 : Operation 356 [1/2] ( I:3.25ns O:3.25ns )   --->   "%real_sample_7_load_11 = load i7 %real_sample_7_addr_11" [dft.cpp:29]   --->   Operation 356 'load' 'real_sample_7_load_11' <Predicate = (!tmp)> <Delay = 3.25> <CoreInst = "RAM">   --->   Core 81 'RAM' <Latency = 1> <II = 1> <Delay = 3.25> <Storage> <Opcode : 'load' 'store'> <Ports = 2> <Width = 32> <Depth = 128> <RAM>
ST_3 : Operation 357 [1/1] (0.00ns)   --->   "%bitcast_ln29_184 = bitcast i32 %real_sample_7_load_11" [dft.cpp:29]   --->   Operation 357 'bitcast' 'bitcast_ln29_184' <Predicate = (!tmp & trunc_ln13_2 == 7)> <Delay = 0.00>
ST_3 : Operation 358 [1/1] (2.30ns)   --->   "%tmp_21 = sparsemux i32 @_ssdm_op_SparseMux.ap_auto.8float.float.i3, i3 0, i32 %bitcast_ln29_177, i3 1, i32 %bitcast_ln29_178, i3 2, i32 %bitcast_ln29_179, i3 3, i32 %bitcast_ln29_180, i3 4, i32 %bitcast_ln29_181, i3 5, i32 %bitcast_ln29_182, i3 6, i32 %bitcast_ln29_183, i3 7, i32 %bitcast_ln29_184, i32 <undef>, i3 %trunc_ln13_2" [dft.cpp:29]   --->   Operation 358 'sparsemux' 'tmp_21' <Predicate = (!tmp)> <Delay = 2.30> <CoreInst = "BinarySparseMux_DontCare">   --->   Core 137 'BinarySparseMux_DontCare' <Latency = 0> <II = 1> <Delay = 2.30> <FuncUnit> <Opcode : 'sparsemux'> <InPorts = 2> <OutPorts = 1>
ST_3 : Operation 359 [1/2] ( I:3.25ns O:3.25ns )   --->   "%imag_sample_0_load_11 = load i7 %imag_sample_0_addr_11" [dft.cpp:29]   --->   Operation 359 'load' 'imag_sample_0_load_11' <Predicate = (!tmp)> <Delay = 3.25> <CoreInst = "RAM">   --->   Core 81 'RAM' <Latency = 1> <II = 1> <Delay = 3.25> <Storage> <Opcode : 'load' 'store'> <Ports = 2> <Width = 32> <Depth = 128> <RAM>
ST_3 : Operation 360 [1/1] (0.00ns)   --->   "%bitcast_ln29_185 = bitcast i32 %imag_sample_0_load_11" [dft.cpp:29]   --->   Operation 360 'bitcast' 'bitcast_ln29_185' <Predicate = (!tmp & trunc_ln13_2 == 0)> <Delay = 0.00>
ST_3 : Operation 361 [1/2] ( I:3.25ns O:3.25ns )   --->   "%imag_sample_1_load_11 = load i7 %imag_sample_1_addr_11" [dft.cpp:29]   --->   Operation 361 'load' 'imag_sample_1_load_11' <Predicate = (!tmp)> <Delay = 3.25> <CoreInst = "RAM">   --->   Core 81 'RAM' <Latency = 1> <II = 1> <Delay = 3.25> <Storage> <Opcode : 'load' 'store'> <Ports = 2> <Width = 32> <Depth = 128> <RAM>
ST_3 : Operation 362 [1/1] (0.00ns)   --->   "%bitcast_ln29_186 = bitcast i32 %imag_sample_1_load_11" [dft.cpp:29]   --->   Operation 362 'bitcast' 'bitcast_ln29_186' <Predicate = (!tmp & trunc_ln13_2 == 1)> <Delay = 0.00>
ST_3 : Operation 363 [1/2] ( I:3.25ns O:3.25ns )   --->   "%imag_sample_2_load_11 = load i7 %imag_sample_2_addr_11" [dft.cpp:29]   --->   Operation 363 'load' 'imag_sample_2_load_11' <Predicate = (!tmp)> <Delay = 3.25> <CoreInst = "RAM">   --->   Core 81 'RAM' <Latency = 1> <II = 1> <Delay = 3.25> <Storage> <Opcode : 'load' 'store'> <Ports = 2> <Width = 32> <Depth = 128> <RAM>
ST_3 : Operation 364 [1/1] (0.00ns)   --->   "%bitcast_ln29_187 = bitcast i32 %imag_sample_2_load_11" [dft.cpp:29]   --->   Operation 364 'bitcast' 'bitcast_ln29_187' <Predicate = (!tmp & trunc_ln13_2 == 2)> <Delay = 0.00>
ST_3 : Operation 365 [1/2] ( I:3.25ns O:3.25ns )   --->   "%imag_sample_3_load_11 = load i7 %imag_sample_3_addr_11" [dft.cpp:29]   --->   Operation 365 'load' 'imag_sample_3_load_11' <Predicate = (!tmp)> <Delay = 3.25> <CoreInst = "RAM">   --->   Core 81 'RAM' <Latency = 1> <II = 1> <Delay = 3.25> <Storage> <Opcode : 'load' 'store'> <Ports = 2> <Width = 32> <Depth = 128> <RAM>
ST_3 : Operation 366 [1/1] (0.00ns)   --->   "%bitcast_ln29_188 = bitcast i32 %imag_sample_3_load_11" [dft.cpp:29]   --->   Operation 366 'bitcast' 'bitcast_ln29_188' <Predicate = (!tmp & trunc_ln13_2 == 3)> <Delay = 0.00>
ST_3 : Operation 367 [1/2] ( I:3.25ns O:3.25ns )   --->   "%imag_sample_4_load_11 = load i7 %imag_sample_4_addr_11" [dft.cpp:29]   --->   Operation 367 'load' 'imag_sample_4_load_11' <Predicate = (!tmp)> <Delay = 3.25> <CoreInst = "RAM">   --->   Core 81 'RAM' <Latency = 1> <II = 1> <Delay = 3.25> <Storage> <Opcode : 'load' 'store'> <Ports = 2> <Width = 32> <Depth = 128> <RAM>
ST_3 : Operation 368 [1/1] (0.00ns)   --->   "%bitcast_ln29_189 = bitcast i32 %imag_sample_4_load_11" [dft.cpp:29]   --->   Operation 368 'bitcast' 'bitcast_ln29_189' <Predicate = (!tmp & trunc_ln13_2 == 4)> <Delay = 0.00>
ST_3 : Operation 369 [1/2] ( I:3.25ns O:3.25ns )   --->   "%imag_sample_5_load_11 = load i7 %imag_sample_5_addr_11" [dft.cpp:29]   --->   Operation 369 'load' 'imag_sample_5_load_11' <Predicate = (!tmp)> <Delay = 3.25> <CoreInst = "RAM">   --->   Core 81 'RAM' <Latency = 1> <II = 1> <Delay = 3.25> <Storage> <Opcode : 'load' 'store'> <Ports = 2> <Width = 32> <Depth = 128> <RAM>
ST_3 : Operation 370 [1/1] (0.00ns)   --->   "%bitcast_ln29_190 = bitcast i32 %imag_sample_5_load_11" [dft.cpp:29]   --->   Operation 370 'bitcast' 'bitcast_ln29_190' <Predicate = (!tmp & trunc_ln13_2 == 5)> <Delay = 0.00>
ST_3 : Operation 371 [1/2] ( I:3.25ns O:3.25ns )   --->   "%imag_sample_6_load_11 = load i7 %imag_sample_6_addr_11" [dft.cpp:29]   --->   Operation 371 'load' 'imag_sample_6_load_11' <Predicate = (!tmp)> <Delay = 3.25> <CoreInst = "RAM">   --->   Core 81 'RAM' <Latency = 1> <II = 1> <Delay = 3.25> <Storage> <Opcode : 'load' 'store'> <Ports = 2> <Width = 32> <Depth = 128> <RAM>
ST_3 : Operation 372 [1/1] (0.00ns)   --->   "%bitcast_ln29_191 = bitcast i32 %imag_sample_6_load_11" [dft.cpp:29]   --->   Operation 372 'bitcast' 'bitcast_ln29_191' <Predicate = (!tmp & trunc_ln13_2 == 6)> <Delay = 0.00>
ST_3 : Operation 373 [1/2] ( I:3.25ns O:3.25ns )   --->   "%imag_sample_7_load_11 = load i7 %imag_sample_7_addr_11" [dft.cpp:29]   --->   Operation 373 'load' 'imag_sample_7_load_11' <Predicate = (!tmp)> <Delay = 3.25> <CoreInst = "RAM">   --->   Core 81 'RAM' <Latency = 1> <II = 1> <Delay = 3.25> <Storage> <Opcode : 'load' 'store'> <Ports = 2> <Width = 32> <Depth = 128> <RAM>
ST_3 : Operation 374 [1/1] (0.00ns)   --->   "%bitcast_ln29_192 = bitcast i32 %imag_sample_7_load_11" [dft.cpp:29]   --->   Operation 374 'bitcast' 'bitcast_ln29_192' <Predicate = (!tmp & trunc_ln13_2 == 7)> <Delay = 0.00>
ST_3 : Operation 375 [1/1] (2.30ns)   --->   "%tmp_22 = sparsemux i32 @_ssdm_op_SparseMux.ap_auto.8float.float.i3, i3 0, i32 %bitcast_ln29_185, i3 1, i32 %bitcast_ln29_186, i3 2, i32 %bitcast_ln29_187, i3 3, i32 %bitcast_ln29_188, i3 4, i32 %bitcast_ln29_189, i3 5, i32 %bitcast_ln29_190, i3 6, i32 %bitcast_ln29_191, i3 7, i32 %bitcast_ln29_192, i32 <undef>, i3 %trunc_ln13_2" [dft.cpp:29]   --->   Operation 375 'sparsemux' 'tmp_22' <Predicate = (!tmp)> <Delay = 2.30> <CoreInst = "BinarySparseMux_DontCare">   --->   Core 137 'BinarySparseMux_DontCare' <Latency = 0> <II = 1> <Delay = 2.30> <FuncUnit> <Opcode : 'sparsemux'> <InPorts = 2> <OutPorts = 1>
ST_3 : Operation 376 [1/1] (0.00ns)   --->   "%tmp_79 = partselect i4 @_ssdm_op_PartSelect.i4.i11.i32.i32, i11 %j, i32 3, i32 6" [dft.cpp:26]   --->   Operation 376 'partselect' 'tmp_79' <Predicate = (!tmp)> <Delay = 0.00>
ST_3 : Operation 377 [1/1] (0.00ns)   --->   "%or_ln26_s = bitconcatenate i7 @_ssdm_op_BitConcatenate.i7.i4.i3, i4 %tmp_79, i3 4" [dft.cpp:26]   --->   Operation 377 'bitconcatenate' 'or_ln26_s' <Predicate = (!tmp)> <Delay = 0.00>
ST_3 : Operation 378 [1/1] (0.00ns)   --->   "%zext_ln26_10 = zext i7 %or_ln26_s" [dft.cpp:26]   --->   Operation 378 'zext' 'zext_ln26_10' <Predicate = (!tmp)> <Delay = 0.00>
ST_3 : Operation 379 [1/1] (0.00ns)   --->   "%real_sample_0_addr_12 = getelementptr i32 %real_sample_0, i64 0, i64 %zext_ln26_10" [dft.cpp:29]   --->   Operation 379 'getelementptr' 'real_sample_0_addr_12' <Predicate = (!tmp & trunc_ln13_2 == 0)> <Delay = 0.00>
ST_3 : Operation 380 [2/2] (3.25ns)   --->   "%real_sample_0_load_12 = load i7 %real_sample_0_addr_12" [dft.cpp:29]   --->   Operation 380 'load' 'real_sample_0_load_12' <Predicate = (!tmp & trunc_ln13_2 == 0)> <Delay = 3.25> <CoreInst = "RAM">   --->   Core 81 'RAM' <Latency = 1> <II = 1> <Delay = 3.25> <Storage> <Opcode : 'load' 'store'> <Ports = 2> <Width = 32> <Depth = 128> <RAM>
ST_3 : Operation 381 [1/1] (0.00ns)   --->   "%real_sample_1_addr_12 = getelementptr i32 %real_sample_1, i64 0, i64 %zext_ln26_10" [dft.cpp:29]   --->   Operation 381 'getelementptr' 'real_sample_1_addr_12' <Predicate = (!tmp & trunc_ln13_2 == 1)> <Delay = 0.00>
ST_3 : Operation 382 [2/2] (3.25ns)   --->   "%real_sample_1_load_12 = load i7 %real_sample_1_addr_12" [dft.cpp:29]   --->   Operation 382 'load' 'real_sample_1_load_12' <Predicate = (!tmp & trunc_ln13_2 == 1)> <Delay = 3.25> <CoreInst = "RAM">   --->   Core 81 'RAM' <Latency = 1> <II = 1> <Delay = 3.25> <Storage> <Opcode : 'load' 'store'> <Ports = 2> <Width = 32> <Depth = 128> <RAM>
ST_3 : Operation 383 [1/1] (0.00ns)   --->   "%real_sample_2_addr_12 = getelementptr i32 %real_sample_2, i64 0, i64 %zext_ln26_10" [dft.cpp:29]   --->   Operation 383 'getelementptr' 'real_sample_2_addr_12' <Predicate = (!tmp & trunc_ln13_2 == 2)> <Delay = 0.00>
ST_3 : Operation 384 [2/2] (3.25ns)   --->   "%real_sample_2_load_12 = load i7 %real_sample_2_addr_12" [dft.cpp:29]   --->   Operation 384 'load' 'real_sample_2_load_12' <Predicate = (!tmp & trunc_ln13_2 == 2)> <Delay = 3.25> <CoreInst = "RAM">   --->   Core 81 'RAM' <Latency = 1> <II = 1> <Delay = 3.25> <Storage> <Opcode : 'load' 'store'> <Ports = 2> <Width = 32> <Depth = 128> <RAM>
ST_3 : Operation 385 [1/1] (0.00ns)   --->   "%real_sample_3_addr_12 = getelementptr i32 %real_sample_3, i64 0, i64 %zext_ln26_10" [dft.cpp:29]   --->   Operation 385 'getelementptr' 'real_sample_3_addr_12' <Predicate = (!tmp & trunc_ln13_2 == 3)> <Delay = 0.00>
ST_3 : Operation 386 [2/2] (3.25ns)   --->   "%real_sample_3_load_12 = load i7 %real_sample_3_addr_12" [dft.cpp:29]   --->   Operation 386 'load' 'real_sample_3_load_12' <Predicate = (!tmp & trunc_ln13_2 == 3)> <Delay = 3.25> <CoreInst = "RAM">   --->   Core 81 'RAM' <Latency = 1> <II = 1> <Delay = 3.25> <Storage> <Opcode : 'load' 'store'> <Ports = 2> <Width = 32> <Depth = 128> <RAM>
ST_3 : Operation 387 [1/1] (0.00ns)   --->   "%real_sample_4_addr_12 = getelementptr i32 %real_sample_4, i64 0, i64 %zext_ln26_10" [dft.cpp:29]   --->   Operation 387 'getelementptr' 'real_sample_4_addr_12' <Predicate = (!tmp & trunc_ln13_2 == 4)> <Delay = 0.00>
ST_3 : Operation 388 [2/2] (3.25ns)   --->   "%real_sample_4_load_12 = load i7 %real_sample_4_addr_12" [dft.cpp:29]   --->   Operation 388 'load' 'real_sample_4_load_12' <Predicate = (!tmp & trunc_ln13_2 == 4)> <Delay = 3.25> <CoreInst = "RAM">   --->   Core 81 'RAM' <Latency = 1> <II = 1> <Delay = 3.25> <Storage> <Opcode : 'load' 'store'> <Ports = 2> <Width = 32> <Depth = 128> <RAM>
ST_3 : Operation 389 [1/1] (0.00ns)   --->   "%real_sample_5_addr_12 = getelementptr i32 %real_sample_5, i64 0, i64 %zext_ln26_10" [dft.cpp:29]   --->   Operation 389 'getelementptr' 'real_sample_5_addr_12' <Predicate = (!tmp & trunc_ln13_2 == 5)> <Delay = 0.00>
ST_3 : Operation 390 [2/2] (3.25ns)   --->   "%real_sample_5_load_12 = load i7 %real_sample_5_addr_12" [dft.cpp:29]   --->   Operation 390 'load' 'real_sample_5_load_12' <Predicate = (!tmp & trunc_ln13_2 == 5)> <Delay = 3.25> <CoreInst = "RAM">   --->   Core 81 'RAM' <Latency = 1> <II = 1> <Delay = 3.25> <Storage> <Opcode : 'load' 'store'> <Ports = 2> <Width = 32> <Depth = 128> <RAM>
ST_3 : Operation 391 [1/1] (0.00ns)   --->   "%real_sample_6_addr_12 = getelementptr i32 %real_sample_6, i64 0, i64 %zext_ln26_10" [dft.cpp:29]   --->   Operation 391 'getelementptr' 'real_sample_6_addr_12' <Predicate = (!tmp & trunc_ln13_2 == 6)> <Delay = 0.00>
ST_3 : Operation 392 [2/2] (3.25ns)   --->   "%real_sample_6_load_12 = load i7 %real_sample_6_addr_12" [dft.cpp:29]   --->   Operation 392 'load' 'real_sample_6_load_12' <Predicate = (!tmp & trunc_ln13_2 == 6)> <Delay = 3.25> <CoreInst = "RAM">   --->   Core 81 'RAM' <Latency = 1> <II = 1> <Delay = 3.25> <Storage> <Opcode : 'load' 'store'> <Ports = 2> <Width = 32> <Depth = 128> <RAM>
ST_3 : Operation 393 [1/1] (0.00ns)   --->   "%real_sample_7_addr_12 = getelementptr i32 %real_sample_7, i64 0, i64 %zext_ln26_10" [dft.cpp:29]   --->   Operation 393 'getelementptr' 'real_sample_7_addr_12' <Predicate = (!tmp & trunc_ln13_2 == 7)> <Delay = 0.00>
ST_3 : Operation 394 [2/2] (3.25ns)   --->   "%real_sample_7_load_12 = load i7 %real_sample_7_addr_12" [dft.cpp:29]   --->   Operation 394 'load' 'real_sample_7_load_12' <Predicate = (!tmp & trunc_ln13_2 == 7)> <Delay = 3.25> <CoreInst = "RAM">   --->   Core 81 'RAM' <Latency = 1> <II = 1> <Delay = 3.25> <Storage> <Opcode : 'load' 'store'> <Ports = 2> <Width = 32> <Depth = 128> <RAM>
ST_3 : Operation 395 [1/1] (0.00ns)   --->   "%imag_sample_0_addr_12 = getelementptr i32 %imag_sample_0, i64 0, i64 %zext_ln26_10" [dft.cpp:29]   --->   Operation 395 'getelementptr' 'imag_sample_0_addr_12' <Predicate = (!tmp & trunc_ln13_2 == 0)> <Delay = 0.00>
ST_3 : Operation 396 [2/2] (3.25ns)   --->   "%imag_sample_0_load_12 = load i7 %imag_sample_0_addr_12" [dft.cpp:29]   --->   Operation 396 'load' 'imag_sample_0_load_12' <Predicate = (!tmp & trunc_ln13_2 == 0)> <Delay = 3.25> <CoreInst = "RAM">   --->   Core 81 'RAM' <Latency = 1> <II = 1> <Delay = 3.25> <Storage> <Opcode : 'load' 'store'> <Ports = 2> <Width = 32> <Depth = 128> <RAM>
ST_3 : Operation 397 [1/1] (0.00ns)   --->   "%imag_sample_1_addr_12 = getelementptr i32 %imag_sample_1, i64 0, i64 %zext_ln26_10" [dft.cpp:29]   --->   Operation 397 'getelementptr' 'imag_sample_1_addr_12' <Predicate = (!tmp & trunc_ln13_2 == 1)> <Delay = 0.00>
ST_3 : Operation 398 [2/2] (3.25ns)   --->   "%imag_sample_1_load_12 = load i7 %imag_sample_1_addr_12" [dft.cpp:29]   --->   Operation 398 'load' 'imag_sample_1_load_12' <Predicate = (!tmp & trunc_ln13_2 == 1)> <Delay = 3.25> <CoreInst = "RAM">   --->   Core 81 'RAM' <Latency = 1> <II = 1> <Delay = 3.25> <Storage> <Opcode : 'load' 'store'> <Ports = 2> <Width = 32> <Depth = 128> <RAM>
ST_3 : Operation 399 [1/1] (0.00ns)   --->   "%imag_sample_2_addr_12 = getelementptr i32 %imag_sample_2, i64 0, i64 %zext_ln26_10" [dft.cpp:29]   --->   Operation 399 'getelementptr' 'imag_sample_2_addr_12' <Predicate = (!tmp & trunc_ln13_2 == 2)> <Delay = 0.00>
ST_3 : Operation 400 [2/2] (3.25ns)   --->   "%imag_sample_2_load_12 = load i7 %imag_sample_2_addr_12" [dft.cpp:29]   --->   Operation 400 'load' 'imag_sample_2_load_12' <Predicate = (!tmp & trunc_ln13_2 == 2)> <Delay = 3.25> <CoreInst = "RAM">   --->   Core 81 'RAM' <Latency = 1> <II = 1> <Delay = 3.25> <Storage> <Opcode : 'load' 'store'> <Ports = 2> <Width = 32> <Depth = 128> <RAM>
ST_3 : Operation 401 [1/1] (0.00ns)   --->   "%imag_sample_3_addr_12 = getelementptr i32 %imag_sample_3, i64 0, i64 %zext_ln26_10" [dft.cpp:29]   --->   Operation 401 'getelementptr' 'imag_sample_3_addr_12' <Predicate = (!tmp & trunc_ln13_2 == 3)> <Delay = 0.00>
ST_3 : Operation 402 [2/2] (3.25ns)   --->   "%imag_sample_3_load_12 = load i7 %imag_sample_3_addr_12" [dft.cpp:29]   --->   Operation 402 'load' 'imag_sample_3_load_12' <Predicate = (!tmp & trunc_ln13_2 == 3)> <Delay = 3.25> <CoreInst = "RAM">   --->   Core 81 'RAM' <Latency = 1> <II = 1> <Delay = 3.25> <Storage> <Opcode : 'load' 'store'> <Ports = 2> <Width = 32> <Depth = 128> <RAM>
ST_3 : Operation 403 [1/1] (0.00ns)   --->   "%imag_sample_4_addr_12 = getelementptr i32 %imag_sample_4, i64 0, i64 %zext_ln26_10" [dft.cpp:29]   --->   Operation 403 'getelementptr' 'imag_sample_4_addr_12' <Predicate = (!tmp & trunc_ln13_2 == 4)> <Delay = 0.00>
ST_3 : Operation 404 [2/2] (3.25ns)   --->   "%imag_sample_4_load_12 = load i7 %imag_sample_4_addr_12" [dft.cpp:29]   --->   Operation 404 'load' 'imag_sample_4_load_12' <Predicate = (!tmp & trunc_ln13_2 == 4)> <Delay = 3.25> <CoreInst = "RAM">   --->   Core 81 'RAM' <Latency = 1> <II = 1> <Delay = 3.25> <Storage> <Opcode : 'load' 'store'> <Ports = 2> <Width = 32> <Depth = 128> <RAM>
ST_3 : Operation 405 [1/1] (0.00ns)   --->   "%imag_sample_5_addr_12 = getelementptr i32 %imag_sample_5, i64 0, i64 %zext_ln26_10" [dft.cpp:29]   --->   Operation 405 'getelementptr' 'imag_sample_5_addr_12' <Predicate = (!tmp & trunc_ln13_2 == 5)> <Delay = 0.00>
ST_3 : Operation 406 [2/2] (3.25ns)   --->   "%imag_sample_5_load_12 = load i7 %imag_sample_5_addr_12" [dft.cpp:29]   --->   Operation 406 'load' 'imag_sample_5_load_12' <Predicate = (!tmp & trunc_ln13_2 == 5)> <Delay = 3.25> <CoreInst = "RAM">   --->   Core 81 'RAM' <Latency = 1> <II = 1> <Delay = 3.25> <Storage> <Opcode : 'load' 'store'> <Ports = 2> <Width = 32> <Depth = 128> <RAM>
ST_3 : Operation 407 [1/1] (0.00ns)   --->   "%imag_sample_6_addr_12 = getelementptr i32 %imag_sample_6, i64 0, i64 %zext_ln26_10" [dft.cpp:29]   --->   Operation 407 'getelementptr' 'imag_sample_6_addr_12' <Predicate = (!tmp & trunc_ln13_2 == 6)> <Delay = 0.00>
ST_3 : Operation 408 [2/2] (3.25ns)   --->   "%imag_sample_6_load_12 = load i7 %imag_sample_6_addr_12" [dft.cpp:29]   --->   Operation 408 'load' 'imag_sample_6_load_12' <Predicate = (!tmp & trunc_ln13_2 == 6)> <Delay = 3.25> <CoreInst = "RAM">   --->   Core 81 'RAM' <Latency = 1> <II = 1> <Delay = 3.25> <Storage> <Opcode : 'load' 'store'> <Ports = 2> <Width = 32> <Depth = 128> <RAM>
ST_3 : Operation 409 [1/1] (0.00ns)   --->   "%imag_sample_7_addr_12 = getelementptr i32 %imag_sample_7, i64 0, i64 %zext_ln26_10" [dft.cpp:29]   --->   Operation 409 'getelementptr' 'imag_sample_7_addr_12' <Predicate = (!tmp & trunc_ln13_2 == 7)> <Delay = 0.00>
ST_3 : Operation 410 [2/2] (3.25ns)   --->   "%imag_sample_7_load_12 = load i7 %imag_sample_7_addr_12" [dft.cpp:29]   --->   Operation 410 'load' 'imag_sample_7_load_12' <Predicate = (!tmp & trunc_ln13_2 == 7)> <Delay = 3.25> <CoreInst = "RAM">   --->   Core 81 'RAM' <Latency = 1> <II = 1> <Delay = 3.25> <Storage> <Opcode : 'load' 'store'> <Ports = 2> <Width = 32> <Depth = 128> <RAM>
ST_3 : Operation 411 [1/1] (0.00ns)   --->   "%tmp_31 = bitselect i1 @_ssdm_op_BitSelect.i1.i11.i32, i11 %j, i32 1" [dft.cpp:26]   --->   Operation 411 'bitselect' 'tmp_31' <Predicate = (!tmp)> <Delay = 0.00>
ST_3 : Operation 412 [1/1] (0.00ns)   --->   "%or_ln26_10 = bitconcatenate i7 @_ssdm_op_BitConcatenate.i7.i4.i1.i1.i1, i4 %tmp_79, i1 1, i1 %tmp_31, i1 1" [dft.cpp:26]   --->   Operation 412 'bitconcatenate' 'or_ln26_10' <Predicate = (!tmp)> <Delay = 0.00>
ST_3 : Operation 413 [1/1] (0.00ns)   --->   "%zext_ln26_11 = zext i7 %or_ln26_10" [dft.cpp:26]   --->   Operation 413 'zext' 'zext_ln26_11' <Predicate = (!tmp)> <Delay = 0.00>
ST_3 : Operation 414 [1/1] (0.00ns)   --->   "%real_sample_0_addr_13 = getelementptr i32 %real_sample_0, i64 0, i64 %zext_ln26_11" [dft.cpp:29]   --->   Operation 414 'getelementptr' 'real_sample_0_addr_13' <Predicate = (!tmp & trunc_ln13_2 == 0)> <Delay = 0.00>
ST_3 : Operation 415 [2/2] (3.25ns)   --->   "%real_sample_0_load_13 = load i7 %real_sample_0_addr_13" [dft.cpp:29]   --->   Operation 415 'load' 'real_sample_0_load_13' <Predicate = (!tmp & trunc_ln13_2 == 0)> <Delay = 3.25> <CoreInst = "RAM">   --->   Core 81 'RAM' <Latency = 1> <II = 1> <Delay = 3.25> <Storage> <Opcode : 'load' 'store'> <Ports = 2> <Width = 32> <Depth = 128> <RAM>
ST_3 : Operation 416 [1/1] (0.00ns)   --->   "%real_sample_1_addr_13 = getelementptr i32 %real_sample_1, i64 0, i64 %zext_ln26_11" [dft.cpp:29]   --->   Operation 416 'getelementptr' 'real_sample_1_addr_13' <Predicate = (!tmp & trunc_ln13_2 == 1)> <Delay = 0.00>
ST_3 : Operation 417 [2/2] (3.25ns)   --->   "%real_sample_1_load_13 = load i7 %real_sample_1_addr_13" [dft.cpp:29]   --->   Operation 417 'load' 'real_sample_1_load_13' <Predicate = (!tmp & trunc_ln13_2 == 1)> <Delay = 3.25> <CoreInst = "RAM">   --->   Core 81 'RAM' <Latency = 1> <II = 1> <Delay = 3.25> <Storage> <Opcode : 'load' 'store'> <Ports = 2> <Width = 32> <Depth = 128> <RAM>
ST_3 : Operation 418 [1/1] (0.00ns)   --->   "%real_sample_2_addr_13 = getelementptr i32 %real_sample_2, i64 0, i64 %zext_ln26_11" [dft.cpp:29]   --->   Operation 418 'getelementptr' 'real_sample_2_addr_13' <Predicate = (!tmp & trunc_ln13_2 == 2)> <Delay = 0.00>
ST_3 : Operation 419 [2/2] (3.25ns)   --->   "%real_sample_2_load_13 = load i7 %real_sample_2_addr_13" [dft.cpp:29]   --->   Operation 419 'load' 'real_sample_2_load_13' <Predicate = (!tmp & trunc_ln13_2 == 2)> <Delay = 3.25> <CoreInst = "RAM">   --->   Core 81 'RAM' <Latency = 1> <II = 1> <Delay = 3.25> <Storage> <Opcode : 'load' 'store'> <Ports = 2> <Width = 32> <Depth = 128> <RAM>
ST_3 : Operation 420 [1/1] (0.00ns)   --->   "%real_sample_3_addr_13 = getelementptr i32 %real_sample_3, i64 0, i64 %zext_ln26_11" [dft.cpp:29]   --->   Operation 420 'getelementptr' 'real_sample_3_addr_13' <Predicate = (!tmp & trunc_ln13_2 == 3)> <Delay = 0.00>
ST_3 : Operation 421 [2/2] (3.25ns)   --->   "%real_sample_3_load_13 = load i7 %real_sample_3_addr_13" [dft.cpp:29]   --->   Operation 421 'load' 'real_sample_3_load_13' <Predicate = (!tmp & trunc_ln13_2 == 3)> <Delay = 3.25> <CoreInst = "RAM">   --->   Core 81 'RAM' <Latency = 1> <II = 1> <Delay = 3.25> <Storage> <Opcode : 'load' 'store'> <Ports = 2> <Width = 32> <Depth = 128> <RAM>
ST_3 : Operation 422 [1/1] (0.00ns)   --->   "%real_sample_4_addr_13 = getelementptr i32 %real_sample_4, i64 0, i64 %zext_ln26_11" [dft.cpp:29]   --->   Operation 422 'getelementptr' 'real_sample_4_addr_13' <Predicate = (!tmp & trunc_ln13_2 == 4)> <Delay = 0.00>
ST_3 : Operation 423 [2/2] (3.25ns)   --->   "%real_sample_4_load_13 = load i7 %real_sample_4_addr_13" [dft.cpp:29]   --->   Operation 423 'load' 'real_sample_4_load_13' <Predicate = (!tmp & trunc_ln13_2 == 4)> <Delay = 3.25> <CoreInst = "RAM">   --->   Core 81 'RAM' <Latency = 1> <II = 1> <Delay = 3.25> <Storage> <Opcode : 'load' 'store'> <Ports = 2> <Width = 32> <Depth = 128> <RAM>
ST_3 : Operation 424 [1/1] (0.00ns)   --->   "%real_sample_5_addr_13 = getelementptr i32 %real_sample_5, i64 0, i64 %zext_ln26_11" [dft.cpp:29]   --->   Operation 424 'getelementptr' 'real_sample_5_addr_13' <Predicate = (!tmp & trunc_ln13_2 == 5)> <Delay = 0.00>
ST_3 : Operation 425 [2/2] (3.25ns)   --->   "%real_sample_5_load_13 = load i7 %real_sample_5_addr_13" [dft.cpp:29]   --->   Operation 425 'load' 'real_sample_5_load_13' <Predicate = (!tmp & trunc_ln13_2 == 5)> <Delay = 3.25> <CoreInst = "RAM">   --->   Core 81 'RAM' <Latency = 1> <II = 1> <Delay = 3.25> <Storage> <Opcode : 'load' 'store'> <Ports = 2> <Width = 32> <Depth = 128> <RAM>
ST_3 : Operation 426 [1/1] (0.00ns)   --->   "%real_sample_6_addr_13 = getelementptr i32 %real_sample_6, i64 0, i64 %zext_ln26_11" [dft.cpp:29]   --->   Operation 426 'getelementptr' 'real_sample_6_addr_13' <Predicate = (!tmp & trunc_ln13_2 == 6)> <Delay = 0.00>
ST_3 : Operation 427 [2/2] (3.25ns)   --->   "%real_sample_6_load_13 = load i7 %real_sample_6_addr_13" [dft.cpp:29]   --->   Operation 427 'load' 'real_sample_6_load_13' <Predicate = (!tmp & trunc_ln13_2 == 6)> <Delay = 3.25> <CoreInst = "RAM">   --->   Core 81 'RAM' <Latency = 1> <II = 1> <Delay = 3.25> <Storage> <Opcode : 'load' 'store'> <Ports = 2> <Width = 32> <Depth = 128> <RAM>
ST_3 : Operation 428 [1/1] (0.00ns)   --->   "%real_sample_7_addr_13 = getelementptr i32 %real_sample_7, i64 0, i64 %zext_ln26_11" [dft.cpp:29]   --->   Operation 428 'getelementptr' 'real_sample_7_addr_13' <Predicate = (!tmp & trunc_ln13_2 == 7)> <Delay = 0.00>
ST_3 : Operation 429 [2/2] (3.25ns)   --->   "%real_sample_7_load_13 = load i7 %real_sample_7_addr_13" [dft.cpp:29]   --->   Operation 429 'load' 'real_sample_7_load_13' <Predicate = (!tmp & trunc_ln13_2 == 7)> <Delay = 3.25> <CoreInst = "RAM">   --->   Core 81 'RAM' <Latency = 1> <II = 1> <Delay = 3.25> <Storage> <Opcode : 'load' 'store'> <Ports = 2> <Width = 32> <Depth = 128> <RAM>
ST_3 : Operation 430 [1/1] (0.00ns)   --->   "%imag_sample_0_addr_13 = getelementptr i32 %imag_sample_0, i64 0, i64 %zext_ln26_11" [dft.cpp:29]   --->   Operation 430 'getelementptr' 'imag_sample_0_addr_13' <Predicate = (!tmp & trunc_ln13_2 == 0)> <Delay = 0.00>
ST_3 : Operation 431 [2/2] (3.25ns)   --->   "%imag_sample_0_load_13 = load i7 %imag_sample_0_addr_13" [dft.cpp:29]   --->   Operation 431 'load' 'imag_sample_0_load_13' <Predicate = (!tmp & trunc_ln13_2 == 0)> <Delay = 3.25> <CoreInst = "RAM">   --->   Core 81 'RAM' <Latency = 1> <II = 1> <Delay = 3.25> <Storage> <Opcode : 'load' 'store'> <Ports = 2> <Width = 32> <Depth = 128> <RAM>
ST_3 : Operation 432 [1/1] (0.00ns)   --->   "%imag_sample_1_addr_13 = getelementptr i32 %imag_sample_1, i64 0, i64 %zext_ln26_11" [dft.cpp:29]   --->   Operation 432 'getelementptr' 'imag_sample_1_addr_13' <Predicate = (!tmp & trunc_ln13_2 == 1)> <Delay = 0.00>
ST_3 : Operation 433 [2/2] (3.25ns)   --->   "%imag_sample_1_load_13 = load i7 %imag_sample_1_addr_13" [dft.cpp:29]   --->   Operation 433 'load' 'imag_sample_1_load_13' <Predicate = (!tmp & trunc_ln13_2 == 1)> <Delay = 3.25> <CoreInst = "RAM">   --->   Core 81 'RAM' <Latency = 1> <II = 1> <Delay = 3.25> <Storage> <Opcode : 'load' 'store'> <Ports = 2> <Width = 32> <Depth = 128> <RAM>
ST_3 : Operation 434 [1/1] (0.00ns)   --->   "%imag_sample_2_addr_13 = getelementptr i32 %imag_sample_2, i64 0, i64 %zext_ln26_11" [dft.cpp:29]   --->   Operation 434 'getelementptr' 'imag_sample_2_addr_13' <Predicate = (!tmp & trunc_ln13_2 == 2)> <Delay = 0.00>
ST_3 : Operation 435 [2/2] (3.25ns)   --->   "%imag_sample_2_load_13 = load i7 %imag_sample_2_addr_13" [dft.cpp:29]   --->   Operation 435 'load' 'imag_sample_2_load_13' <Predicate = (!tmp & trunc_ln13_2 == 2)> <Delay = 3.25> <CoreInst = "RAM">   --->   Core 81 'RAM' <Latency = 1> <II = 1> <Delay = 3.25> <Storage> <Opcode : 'load' 'store'> <Ports = 2> <Width = 32> <Depth = 128> <RAM>
ST_3 : Operation 436 [1/1] (0.00ns)   --->   "%imag_sample_3_addr_13 = getelementptr i32 %imag_sample_3, i64 0, i64 %zext_ln26_11" [dft.cpp:29]   --->   Operation 436 'getelementptr' 'imag_sample_3_addr_13' <Predicate = (!tmp & trunc_ln13_2 == 3)> <Delay = 0.00>
ST_3 : Operation 437 [2/2] (3.25ns)   --->   "%imag_sample_3_load_13 = load i7 %imag_sample_3_addr_13" [dft.cpp:29]   --->   Operation 437 'load' 'imag_sample_3_load_13' <Predicate = (!tmp & trunc_ln13_2 == 3)> <Delay = 3.25> <CoreInst = "RAM">   --->   Core 81 'RAM' <Latency = 1> <II = 1> <Delay = 3.25> <Storage> <Opcode : 'load' 'store'> <Ports = 2> <Width = 32> <Depth = 128> <RAM>
ST_3 : Operation 438 [1/1] (0.00ns)   --->   "%imag_sample_4_addr_13 = getelementptr i32 %imag_sample_4, i64 0, i64 %zext_ln26_11" [dft.cpp:29]   --->   Operation 438 'getelementptr' 'imag_sample_4_addr_13' <Predicate = (!tmp & trunc_ln13_2 == 4)> <Delay = 0.00>
ST_3 : Operation 439 [2/2] (3.25ns)   --->   "%imag_sample_4_load_13 = load i7 %imag_sample_4_addr_13" [dft.cpp:29]   --->   Operation 439 'load' 'imag_sample_4_load_13' <Predicate = (!tmp & trunc_ln13_2 == 4)> <Delay = 3.25> <CoreInst = "RAM">   --->   Core 81 'RAM' <Latency = 1> <II = 1> <Delay = 3.25> <Storage> <Opcode : 'load' 'store'> <Ports = 2> <Width = 32> <Depth = 128> <RAM>
ST_3 : Operation 440 [1/1] (0.00ns)   --->   "%imag_sample_5_addr_13 = getelementptr i32 %imag_sample_5, i64 0, i64 %zext_ln26_11" [dft.cpp:29]   --->   Operation 440 'getelementptr' 'imag_sample_5_addr_13' <Predicate = (!tmp & trunc_ln13_2 == 5)> <Delay = 0.00>
ST_3 : Operation 441 [2/2] (3.25ns)   --->   "%imag_sample_5_load_13 = load i7 %imag_sample_5_addr_13" [dft.cpp:29]   --->   Operation 441 'load' 'imag_sample_5_load_13' <Predicate = (!tmp & trunc_ln13_2 == 5)> <Delay = 3.25> <CoreInst = "RAM">   --->   Core 81 'RAM' <Latency = 1> <II = 1> <Delay = 3.25> <Storage> <Opcode : 'load' 'store'> <Ports = 2> <Width = 32> <Depth = 128> <RAM>
ST_3 : Operation 442 [1/1] (0.00ns)   --->   "%imag_sample_6_addr_13 = getelementptr i32 %imag_sample_6, i64 0, i64 %zext_ln26_11" [dft.cpp:29]   --->   Operation 442 'getelementptr' 'imag_sample_6_addr_13' <Predicate = (!tmp & trunc_ln13_2 == 6)> <Delay = 0.00>
ST_3 : Operation 443 [2/2] (3.25ns)   --->   "%imag_sample_6_load_13 = load i7 %imag_sample_6_addr_13" [dft.cpp:29]   --->   Operation 443 'load' 'imag_sample_6_load_13' <Predicate = (!tmp & trunc_ln13_2 == 6)> <Delay = 3.25> <CoreInst = "RAM">   --->   Core 81 'RAM' <Latency = 1> <II = 1> <Delay = 3.25> <Storage> <Opcode : 'load' 'store'> <Ports = 2> <Width = 32> <Depth = 128> <RAM>
ST_3 : Operation 444 [1/1] (0.00ns)   --->   "%imag_sample_7_addr_13 = getelementptr i32 %imag_sample_7, i64 0, i64 %zext_ln26_11" [dft.cpp:29]   --->   Operation 444 'getelementptr' 'imag_sample_7_addr_13' <Predicate = (!tmp & trunc_ln13_2 == 7)> <Delay = 0.00>
ST_3 : Operation 445 [2/2] (3.25ns)   --->   "%imag_sample_7_load_13 = load i7 %imag_sample_7_addr_13" [dft.cpp:29]   --->   Operation 445 'load' 'imag_sample_7_load_13' <Predicate = (!tmp & trunc_ln13_2 == 7)> <Delay = 3.25> <CoreInst = "RAM">   --->   Core 81 'RAM' <Latency = 1> <II = 1> <Delay = 3.25> <Storage> <Opcode : 'load' 'store'> <Ports = 2> <Width = 32> <Depth = 128> <RAM>

State 4 <SV = 3> <Delay = 6.79>
ST_4 : Operation 446 [4/4] (6.79ns)   --->   "%mul12_1 = fmul i32 %tmp_15, i32 %c" [dft.cpp:29]   --->   Operation 446 'fmul' 'mul12_1' <Predicate = (!tmp)> <Delay = 6.79> <CoreInst = "FMul_maxdsp">   --->   Core 30 'FMul_maxdsp' <Latency = 3> <II = 1> <Delay = 5.70> <FuncUnit> <Opcode : 'fmul'> <InPorts = 2> <OutPorts = 1>
ST_4 : Operation 447 [1/2] ( I:3.25ns O:3.25ns )   --->   "%c_46 = load i10 %cos_coefficients_table_addr_9" [dft.cpp:27]   --->   Operation 447 'load' 'c_46' <Predicate = (!tmp)> <Delay = 3.25> <CoreInst = "ROM">   --->   Core 94 'ROM' <Latency = 1> <II = 1> <Delay = 3.25> <Storage> <Opcode : 'load'> <Ports = 0> <Width = 32> <Depth = 1024> <ROM>
ST_4 : Operation 448 [1/2] ( I:3.25ns O:3.25ns )   --->   "%s_46 = load i10 %sin_coefficients_table_addr_9" [dft.cpp:28]   --->   Operation 448 'load' 's_46' <Predicate = (!tmp)> <Delay = 3.25> <CoreInst = "ROM">   --->   Core 94 'ROM' <Latency = 1> <II = 1> <Delay = 3.25> <Storage> <Opcode : 'load'> <Ports = 0> <Width = 32> <Depth = 1024> <ROM>
ST_4 : Operation 449 [1/1] (1.73ns)   --->   "%idx_47 = add i10 %idx_46, i10 %or_ln1_read" [dft.cpp:26]   --->   Operation 449 'add' 'idx_47' <Predicate = (!tmp)> <Delay = 1.73> <CoreInst = "Adder">   --->   Core 1 'Adder' <Latency = 0> <II = 1> <Delay = 1.73> <FuncUnit> <Opcode : 'add' 'sub'> <InPorts = 2> <OutPorts = 1>
ST_4 : Operation 450 [1/1] (0.00ns)   --->   "%zext_ln27_10 = zext i10 %idx_47" [dft.cpp:27]   --->   Operation 450 'zext' 'zext_ln27_10' <Predicate = (!tmp)> <Delay = 0.00>
ST_4 : Operation 451 [1/1] (0.00ns)   --->   "%cos_coefficients_table_addr_10 = getelementptr i32 %cos_coefficients_table, i64 0, i64 %zext_ln27_10" [dft.cpp:27]   --->   Operation 451 'getelementptr' 'cos_coefficients_table_addr_10' <Predicate = (!tmp)> <Delay = 0.00>
ST_4 : Operation 452 [2/2] (3.25ns)   --->   "%c_47 = load i10 %cos_coefficients_table_addr_10" [dft.cpp:27]   --->   Operation 452 'load' 'c_47' <Predicate = (!tmp)> <Delay = 3.25> <CoreInst = "ROM">   --->   Core 94 'ROM' <Latency = 1> <II = 1> <Delay = 3.25> <Storage> <Opcode : 'load'> <Ports = 0> <Width = 32> <Depth = 1024> <ROM>
ST_4 : Operation 453 [1/1] (0.00ns)   --->   "%sin_coefficients_table_addr_10 = getelementptr i32 %sin_coefficients_table, i64 0, i64 %zext_ln27_10" [dft.cpp:28]   --->   Operation 453 'getelementptr' 'sin_coefficients_table_addr_10' <Predicate = (!tmp)> <Delay = 0.00>
ST_4 : Operation 454 [2/2] (3.25ns)   --->   "%s_47 = load i10 %sin_coefficients_table_addr_10" [dft.cpp:28]   --->   Operation 454 'load' 's_47' <Predicate = (!tmp)> <Delay = 3.25> <CoreInst = "ROM">   --->   Core 94 'ROM' <Latency = 1> <II = 1> <Delay = 3.25> <Storage> <Opcode : 'load'> <Ports = 0> <Width = 32> <Depth = 1024> <ROM>
ST_4 : Operation 455 [1/2] ( I:3.25ns O:3.25ns )   --->   "%real_sample_0_load_12 = load i7 %real_sample_0_addr_12" [dft.cpp:29]   --->   Operation 455 'load' 'real_sample_0_load_12' <Predicate = (!tmp & trunc_ln13_2 == 0)> <Delay = 3.25> <CoreInst = "RAM">   --->   Core 81 'RAM' <Latency = 1> <II = 1> <Delay = 3.25> <Storage> <Opcode : 'load' 'store'> <Ports = 2> <Width = 32> <Depth = 128> <RAM>
ST_4 : Operation 456 [1/1] (0.00ns)   --->   "%bitcast_ln29_193 = bitcast i32 %real_sample_0_load_12" [dft.cpp:29]   --->   Operation 456 'bitcast' 'bitcast_ln29_193' <Predicate = (!tmp & trunc_ln13_2 == 0)> <Delay = 0.00>
ST_4 : Operation 457 [1/2] ( I:3.25ns O:3.25ns )   --->   "%real_sample_1_load_12 = load i7 %real_sample_1_addr_12" [dft.cpp:29]   --->   Operation 457 'load' 'real_sample_1_load_12' <Predicate = (!tmp & trunc_ln13_2 == 1)> <Delay = 3.25> <CoreInst = "RAM">   --->   Core 81 'RAM' <Latency = 1> <II = 1> <Delay = 3.25> <Storage> <Opcode : 'load' 'store'> <Ports = 2> <Width = 32> <Depth = 128> <RAM>
ST_4 : Operation 458 [1/1] (0.00ns)   --->   "%bitcast_ln29_194 = bitcast i32 %real_sample_1_load_12" [dft.cpp:29]   --->   Operation 458 'bitcast' 'bitcast_ln29_194' <Predicate = (!tmp & trunc_ln13_2 == 1)> <Delay = 0.00>
ST_4 : Operation 459 [1/2] ( I:3.25ns O:3.25ns )   --->   "%real_sample_2_load_12 = load i7 %real_sample_2_addr_12" [dft.cpp:29]   --->   Operation 459 'load' 'real_sample_2_load_12' <Predicate = (!tmp & trunc_ln13_2 == 2)> <Delay = 3.25> <CoreInst = "RAM">   --->   Core 81 'RAM' <Latency = 1> <II = 1> <Delay = 3.25> <Storage> <Opcode : 'load' 'store'> <Ports = 2> <Width = 32> <Depth = 128> <RAM>
ST_4 : Operation 460 [1/1] (0.00ns)   --->   "%bitcast_ln29_195 = bitcast i32 %real_sample_2_load_12" [dft.cpp:29]   --->   Operation 460 'bitcast' 'bitcast_ln29_195' <Predicate = (!tmp & trunc_ln13_2 == 2)> <Delay = 0.00>
ST_4 : Operation 461 [1/2] ( I:3.25ns O:3.25ns )   --->   "%real_sample_3_load_12 = load i7 %real_sample_3_addr_12" [dft.cpp:29]   --->   Operation 461 'load' 'real_sample_3_load_12' <Predicate = (!tmp & trunc_ln13_2 == 3)> <Delay = 3.25> <CoreInst = "RAM">   --->   Core 81 'RAM' <Latency = 1> <II = 1> <Delay = 3.25> <Storage> <Opcode : 'load' 'store'> <Ports = 2> <Width = 32> <Depth = 128> <RAM>
ST_4 : Operation 462 [1/1] (0.00ns)   --->   "%bitcast_ln29_196 = bitcast i32 %real_sample_3_load_12" [dft.cpp:29]   --->   Operation 462 'bitcast' 'bitcast_ln29_196' <Predicate = (!tmp & trunc_ln13_2 == 3)> <Delay = 0.00>
ST_4 : Operation 463 [1/2] ( I:3.25ns O:3.25ns )   --->   "%real_sample_4_load_12 = load i7 %real_sample_4_addr_12" [dft.cpp:29]   --->   Operation 463 'load' 'real_sample_4_load_12' <Predicate = (!tmp & trunc_ln13_2 == 4)> <Delay = 3.25> <CoreInst = "RAM">   --->   Core 81 'RAM' <Latency = 1> <II = 1> <Delay = 3.25> <Storage> <Opcode : 'load' 'store'> <Ports = 2> <Width = 32> <Depth = 128> <RAM>
ST_4 : Operation 464 [1/1] (0.00ns)   --->   "%bitcast_ln29_197 = bitcast i32 %real_sample_4_load_12" [dft.cpp:29]   --->   Operation 464 'bitcast' 'bitcast_ln29_197' <Predicate = (!tmp & trunc_ln13_2 == 4)> <Delay = 0.00>
ST_4 : Operation 465 [1/2] ( I:3.25ns O:3.25ns )   --->   "%real_sample_5_load_12 = load i7 %real_sample_5_addr_12" [dft.cpp:29]   --->   Operation 465 'load' 'real_sample_5_load_12' <Predicate = (!tmp & trunc_ln13_2 == 5)> <Delay = 3.25> <CoreInst = "RAM">   --->   Core 81 'RAM' <Latency = 1> <II = 1> <Delay = 3.25> <Storage> <Opcode : 'load' 'store'> <Ports = 2> <Width = 32> <Depth = 128> <RAM>
ST_4 : Operation 466 [1/1] (0.00ns)   --->   "%bitcast_ln29_198 = bitcast i32 %real_sample_5_load_12" [dft.cpp:29]   --->   Operation 466 'bitcast' 'bitcast_ln29_198' <Predicate = (!tmp & trunc_ln13_2 == 5)> <Delay = 0.00>
ST_4 : Operation 467 [1/2] ( I:3.25ns O:3.25ns )   --->   "%real_sample_6_load_12 = load i7 %real_sample_6_addr_12" [dft.cpp:29]   --->   Operation 467 'load' 'real_sample_6_load_12' <Predicate = (!tmp & trunc_ln13_2 == 6)> <Delay = 3.25> <CoreInst = "RAM">   --->   Core 81 'RAM' <Latency = 1> <II = 1> <Delay = 3.25> <Storage> <Opcode : 'load' 'store'> <Ports = 2> <Width = 32> <Depth = 128> <RAM>
ST_4 : Operation 468 [1/1] (0.00ns)   --->   "%bitcast_ln29_199 = bitcast i32 %real_sample_6_load_12" [dft.cpp:29]   --->   Operation 468 'bitcast' 'bitcast_ln29_199' <Predicate = (!tmp & trunc_ln13_2 == 6)> <Delay = 0.00>
ST_4 : Operation 469 [1/2] ( I:3.25ns O:3.25ns )   --->   "%real_sample_7_load_12 = load i7 %real_sample_7_addr_12" [dft.cpp:29]   --->   Operation 469 'load' 'real_sample_7_load_12' <Predicate = (!tmp & trunc_ln13_2 == 7)> <Delay = 3.25> <CoreInst = "RAM">   --->   Core 81 'RAM' <Latency = 1> <II = 1> <Delay = 3.25> <Storage> <Opcode : 'load' 'store'> <Ports = 2> <Width = 32> <Depth = 128> <RAM>
ST_4 : Operation 470 [1/1] (0.00ns)   --->   "%bitcast_ln29_200 = bitcast i32 %real_sample_7_load_12" [dft.cpp:29]   --->   Operation 470 'bitcast' 'bitcast_ln29_200' <Predicate = (!tmp & trunc_ln13_2 == 7)> <Delay = 0.00>
ST_4 : Operation 471 [1/1] (2.30ns)   --->   "%tmp_23 = sparsemux i32 @_ssdm_op_SparseMux.ap_auto.8float.float.i3, i3 0, i32 %bitcast_ln29_193, i3 1, i32 %bitcast_ln29_194, i3 2, i32 %bitcast_ln29_195, i3 3, i32 %bitcast_ln29_196, i3 4, i32 %bitcast_ln29_197, i3 5, i32 %bitcast_ln29_198, i3 6, i32 %bitcast_ln29_199, i3 7, i32 %bitcast_ln29_200, i32 <undef>, i3 %trunc_ln13_2" [dft.cpp:29]   --->   Operation 471 'sparsemux' 'tmp_23' <Predicate = (!tmp)> <Delay = 2.30> <CoreInst = "BinarySparseMux_DontCare">   --->   Core 137 'BinarySparseMux_DontCare' <Latency = 0> <II = 1> <Delay = 2.30> <FuncUnit> <Opcode : 'sparsemux'> <InPorts = 2> <OutPorts = 1>
ST_4 : Operation 472 [1/2] ( I:3.25ns O:3.25ns )   --->   "%imag_sample_0_load_12 = load i7 %imag_sample_0_addr_12" [dft.cpp:29]   --->   Operation 472 'load' 'imag_sample_0_load_12' <Predicate = (!tmp & trunc_ln13_2 == 0)> <Delay = 3.25> <CoreInst = "RAM">   --->   Core 81 'RAM' <Latency = 1> <II = 1> <Delay = 3.25> <Storage> <Opcode : 'load' 'store'> <Ports = 2> <Width = 32> <Depth = 128> <RAM>
ST_4 : Operation 473 [1/1] (0.00ns)   --->   "%bitcast_ln29_201 = bitcast i32 %imag_sample_0_load_12" [dft.cpp:29]   --->   Operation 473 'bitcast' 'bitcast_ln29_201' <Predicate = (!tmp & trunc_ln13_2 == 0)> <Delay = 0.00>
ST_4 : Operation 474 [1/2] ( I:3.25ns O:3.25ns )   --->   "%imag_sample_1_load_12 = load i7 %imag_sample_1_addr_12" [dft.cpp:29]   --->   Operation 474 'load' 'imag_sample_1_load_12' <Predicate = (!tmp & trunc_ln13_2 == 1)> <Delay = 3.25> <CoreInst = "RAM">   --->   Core 81 'RAM' <Latency = 1> <II = 1> <Delay = 3.25> <Storage> <Opcode : 'load' 'store'> <Ports = 2> <Width = 32> <Depth = 128> <RAM>
ST_4 : Operation 475 [1/1] (0.00ns)   --->   "%bitcast_ln29_202 = bitcast i32 %imag_sample_1_load_12" [dft.cpp:29]   --->   Operation 475 'bitcast' 'bitcast_ln29_202' <Predicate = (!tmp & trunc_ln13_2 == 1)> <Delay = 0.00>
ST_4 : Operation 476 [1/2] ( I:3.25ns O:3.25ns )   --->   "%imag_sample_2_load_12 = load i7 %imag_sample_2_addr_12" [dft.cpp:29]   --->   Operation 476 'load' 'imag_sample_2_load_12' <Predicate = (!tmp & trunc_ln13_2 == 2)> <Delay = 3.25> <CoreInst = "RAM">   --->   Core 81 'RAM' <Latency = 1> <II = 1> <Delay = 3.25> <Storage> <Opcode : 'load' 'store'> <Ports = 2> <Width = 32> <Depth = 128> <RAM>
ST_4 : Operation 477 [1/1] (0.00ns)   --->   "%bitcast_ln29_203 = bitcast i32 %imag_sample_2_load_12" [dft.cpp:29]   --->   Operation 477 'bitcast' 'bitcast_ln29_203' <Predicate = (!tmp & trunc_ln13_2 == 2)> <Delay = 0.00>
ST_4 : Operation 478 [1/2] ( I:3.25ns O:3.25ns )   --->   "%imag_sample_3_load_12 = load i7 %imag_sample_3_addr_12" [dft.cpp:29]   --->   Operation 478 'load' 'imag_sample_3_load_12' <Predicate = (!tmp & trunc_ln13_2 == 3)> <Delay = 3.25> <CoreInst = "RAM">   --->   Core 81 'RAM' <Latency = 1> <II = 1> <Delay = 3.25> <Storage> <Opcode : 'load' 'store'> <Ports = 2> <Width = 32> <Depth = 128> <RAM>
ST_4 : Operation 479 [1/1] (0.00ns)   --->   "%bitcast_ln29_204 = bitcast i32 %imag_sample_3_load_12" [dft.cpp:29]   --->   Operation 479 'bitcast' 'bitcast_ln29_204' <Predicate = (!tmp & trunc_ln13_2 == 3)> <Delay = 0.00>
ST_4 : Operation 480 [1/2] ( I:3.25ns O:3.25ns )   --->   "%imag_sample_4_load_12 = load i7 %imag_sample_4_addr_12" [dft.cpp:29]   --->   Operation 480 'load' 'imag_sample_4_load_12' <Predicate = (!tmp & trunc_ln13_2 == 4)> <Delay = 3.25> <CoreInst = "RAM">   --->   Core 81 'RAM' <Latency = 1> <II = 1> <Delay = 3.25> <Storage> <Opcode : 'load' 'store'> <Ports = 2> <Width = 32> <Depth = 128> <RAM>
ST_4 : Operation 481 [1/1] (0.00ns)   --->   "%bitcast_ln29_205 = bitcast i32 %imag_sample_4_load_12" [dft.cpp:29]   --->   Operation 481 'bitcast' 'bitcast_ln29_205' <Predicate = (!tmp & trunc_ln13_2 == 4)> <Delay = 0.00>
ST_4 : Operation 482 [1/2] ( I:3.25ns O:3.25ns )   --->   "%imag_sample_5_load_12 = load i7 %imag_sample_5_addr_12" [dft.cpp:29]   --->   Operation 482 'load' 'imag_sample_5_load_12' <Predicate = (!tmp & trunc_ln13_2 == 5)> <Delay = 3.25> <CoreInst = "RAM">   --->   Core 81 'RAM' <Latency = 1> <II = 1> <Delay = 3.25> <Storage> <Opcode : 'load' 'store'> <Ports = 2> <Width = 32> <Depth = 128> <RAM>
ST_4 : Operation 483 [1/1] (0.00ns)   --->   "%bitcast_ln29_206 = bitcast i32 %imag_sample_5_load_12" [dft.cpp:29]   --->   Operation 483 'bitcast' 'bitcast_ln29_206' <Predicate = (!tmp & trunc_ln13_2 == 5)> <Delay = 0.00>
ST_4 : Operation 484 [1/2] ( I:3.25ns O:3.25ns )   --->   "%imag_sample_6_load_12 = load i7 %imag_sample_6_addr_12" [dft.cpp:29]   --->   Operation 484 'load' 'imag_sample_6_load_12' <Predicate = (!tmp & trunc_ln13_2 == 6)> <Delay = 3.25> <CoreInst = "RAM">   --->   Core 81 'RAM' <Latency = 1> <II = 1> <Delay = 3.25> <Storage> <Opcode : 'load' 'store'> <Ports = 2> <Width = 32> <Depth = 128> <RAM>
ST_4 : Operation 485 [1/1] (0.00ns)   --->   "%bitcast_ln29_207 = bitcast i32 %imag_sample_6_load_12" [dft.cpp:29]   --->   Operation 485 'bitcast' 'bitcast_ln29_207' <Predicate = (!tmp & trunc_ln13_2 == 6)> <Delay = 0.00>
ST_4 : Operation 486 [1/2] ( I:3.25ns O:3.25ns )   --->   "%imag_sample_7_load_12 = load i7 %imag_sample_7_addr_12" [dft.cpp:29]   --->   Operation 486 'load' 'imag_sample_7_load_12' <Predicate = (!tmp & trunc_ln13_2 == 7)> <Delay = 3.25> <CoreInst = "RAM">   --->   Core 81 'RAM' <Latency = 1> <II = 1> <Delay = 3.25> <Storage> <Opcode : 'load' 'store'> <Ports = 2> <Width = 32> <Depth = 128> <RAM>
ST_4 : Operation 487 [1/1] (0.00ns)   --->   "%bitcast_ln29_208 = bitcast i32 %imag_sample_7_load_12" [dft.cpp:29]   --->   Operation 487 'bitcast' 'bitcast_ln29_208' <Predicate = (!tmp & trunc_ln13_2 == 7)> <Delay = 0.00>
ST_4 : Operation 488 [1/1] (2.30ns)   --->   "%tmp_24 = sparsemux i32 @_ssdm_op_SparseMux.ap_auto.8float.float.i3, i3 0, i32 %bitcast_ln29_201, i3 1, i32 %bitcast_ln29_202, i3 2, i32 %bitcast_ln29_203, i3 3, i32 %bitcast_ln29_204, i3 4, i32 %bitcast_ln29_205, i3 5, i32 %bitcast_ln29_206, i3 6, i32 %bitcast_ln29_207, i3 7, i32 %bitcast_ln29_208, i32 <undef>, i3 %trunc_ln13_2" [dft.cpp:29]   --->   Operation 488 'sparsemux' 'tmp_24' <Predicate = (!tmp)> <Delay = 2.30> <CoreInst = "BinarySparseMux_DontCare">   --->   Core 137 'BinarySparseMux_DontCare' <Latency = 0> <II = 1> <Delay = 2.30> <FuncUnit> <Opcode : 'sparsemux'> <InPorts = 2> <OutPorts = 1>
ST_4 : Operation 489 [1/2] ( I:3.25ns O:3.25ns )   --->   "%real_sample_0_load_13 = load i7 %real_sample_0_addr_13" [dft.cpp:29]   --->   Operation 489 'load' 'real_sample_0_load_13' <Predicate = (!tmp & trunc_ln13_2 == 0)> <Delay = 3.25> <CoreInst = "RAM">   --->   Core 81 'RAM' <Latency = 1> <II = 1> <Delay = 3.25> <Storage> <Opcode : 'load' 'store'> <Ports = 2> <Width = 32> <Depth = 128> <RAM>
ST_4 : Operation 490 [1/1] (0.00ns)   --->   "%bitcast_ln29_209 = bitcast i32 %real_sample_0_load_13" [dft.cpp:29]   --->   Operation 490 'bitcast' 'bitcast_ln29_209' <Predicate = (!tmp & trunc_ln13_2 == 0)> <Delay = 0.00>
ST_4 : Operation 491 [1/2] ( I:3.25ns O:3.25ns )   --->   "%real_sample_1_load_13 = load i7 %real_sample_1_addr_13" [dft.cpp:29]   --->   Operation 491 'load' 'real_sample_1_load_13' <Predicate = (!tmp & trunc_ln13_2 == 1)> <Delay = 3.25> <CoreInst = "RAM">   --->   Core 81 'RAM' <Latency = 1> <II = 1> <Delay = 3.25> <Storage> <Opcode : 'load' 'store'> <Ports = 2> <Width = 32> <Depth = 128> <RAM>
ST_4 : Operation 492 [1/1] (0.00ns)   --->   "%bitcast_ln29_210 = bitcast i32 %real_sample_1_load_13" [dft.cpp:29]   --->   Operation 492 'bitcast' 'bitcast_ln29_210' <Predicate = (!tmp & trunc_ln13_2 == 1)> <Delay = 0.00>
ST_4 : Operation 493 [1/2] ( I:3.25ns O:3.25ns )   --->   "%real_sample_2_load_13 = load i7 %real_sample_2_addr_13" [dft.cpp:29]   --->   Operation 493 'load' 'real_sample_2_load_13' <Predicate = (!tmp & trunc_ln13_2 == 2)> <Delay = 3.25> <CoreInst = "RAM">   --->   Core 81 'RAM' <Latency = 1> <II = 1> <Delay = 3.25> <Storage> <Opcode : 'load' 'store'> <Ports = 2> <Width = 32> <Depth = 128> <RAM>
ST_4 : Operation 494 [1/1] (0.00ns)   --->   "%bitcast_ln29_211 = bitcast i32 %real_sample_2_load_13" [dft.cpp:29]   --->   Operation 494 'bitcast' 'bitcast_ln29_211' <Predicate = (!tmp & trunc_ln13_2 == 2)> <Delay = 0.00>
ST_4 : Operation 495 [1/2] ( I:3.25ns O:3.25ns )   --->   "%real_sample_3_load_13 = load i7 %real_sample_3_addr_13" [dft.cpp:29]   --->   Operation 495 'load' 'real_sample_3_load_13' <Predicate = (!tmp & trunc_ln13_2 == 3)> <Delay = 3.25> <CoreInst = "RAM">   --->   Core 81 'RAM' <Latency = 1> <II = 1> <Delay = 3.25> <Storage> <Opcode : 'load' 'store'> <Ports = 2> <Width = 32> <Depth = 128> <RAM>
ST_4 : Operation 496 [1/1] (0.00ns)   --->   "%bitcast_ln29_212 = bitcast i32 %real_sample_3_load_13" [dft.cpp:29]   --->   Operation 496 'bitcast' 'bitcast_ln29_212' <Predicate = (!tmp & trunc_ln13_2 == 3)> <Delay = 0.00>
ST_4 : Operation 497 [1/2] ( I:3.25ns O:3.25ns )   --->   "%real_sample_4_load_13 = load i7 %real_sample_4_addr_13" [dft.cpp:29]   --->   Operation 497 'load' 'real_sample_4_load_13' <Predicate = (!tmp & trunc_ln13_2 == 4)> <Delay = 3.25> <CoreInst = "RAM">   --->   Core 81 'RAM' <Latency = 1> <II = 1> <Delay = 3.25> <Storage> <Opcode : 'load' 'store'> <Ports = 2> <Width = 32> <Depth = 128> <RAM>
ST_4 : Operation 498 [1/1] (0.00ns)   --->   "%bitcast_ln29_213 = bitcast i32 %real_sample_4_load_13" [dft.cpp:29]   --->   Operation 498 'bitcast' 'bitcast_ln29_213' <Predicate = (!tmp & trunc_ln13_2 == 4)> <Delay = 0.00>
ST_4 : Operation 499 [1/2] ( I:3.25ns O:3.25ns )   --->   "%real_sample_5_load_13 = load i7 %real_sample_5_addr_13" [dft.cpp:29]   --->   Operation 499 'load' 'real_sample_5_load_13' <Predicate = (!tmp & trunc_ln13_2 == 5)> <Delay = 3.25> <CoreInst = "RAM">   --->   Core 81 'RAM' <Latency = 1> <II = 1> <Delay = 3.25> <Storage> <Opcode : 'load' 'store'> <Ports = 2> <Width = 32> <Depth = 128> <RAM>
ST_4 : Operation 500 [1/1] (0.00ns)   --->   "%bitcast_ln29_214 = bitcast i32 %real_sample_5_load_13" [dft.cpp:29]   --->   Operation 500 'bitcast' 'bitcast_ln29_214' <Predicate = (!tmp & trunc_ln13_2 == 5)> <Delay = 0.00>
ST_4 : Operation 501 [1/2] ( I:3.25ns O:3.25ns )   --->   "%real_sample_6_load_13 = load i7 %real_sample_6_addr_13" [dft.cpp:29]   --->   Operation 501 'load' 'real_sample_6_load_13' <Predicate = (!tmp & trunc_ln13_2 == 6)> <Delay = 3.25> <CoreInst = "RAM">   --->   Core 81 'RAM' <Latency = 1> <II = 1> <Delay = 3.25> <Storage> <Opcode : 'load' 'store'> <Ports = 2> <Width = 32> <Depth = 128> <RAM>
ST_4 : Operation 502 [1/1] (0.00ns)   --->   "%bitcast_ln29_215 = bitcast i32 %real_sample_6_load_13" [dft.cpp:29]   --->   Operation 502 'bitcast' 'bitcast_ln29_215' <Predicate = (!tmp & trunc_ln13_2 == 6)> <Delay = 0.00>
ST_4 : Operation 503 [1/2] ( I:3.25ns O:3.25ns )   --->   "%real_sample_7_load_13 = load i7 %real_sample_7_addr_13" [dft.cpp:29]   --->   Operation 503 'load' 'real_sample_7_load_13' <Predicate = (!tmp & trunc_ln13_2 == 7)> <Delay = 3.25> <CoreInst = "RAM">   --->   Core 81 'RAM' <Latency = 1> <II = 1> <Delay = 3.25> <Storage> <Opcode : 'load' 'store'> <Ports = 2> <Width = 32> <Depth = 128> <RAM>
ST_4 : Operation 504 [1/1] (0.00ns)   --->   "%bitcast_ln29_216 = bitcast i32 %real_sample_7_load_13" [dft.cpp:29]   --->   Operation 504 'bitcast' 'bitcast_ln29_216' <Predicate = (!tmp & trunc_ln13_2 == 7)> <Delay = 0.00>
ST_4 : Operation 505 [1/1] (2.30ns)   --->   "%tmp_25 = sparsemux i32 @_ssdm_op_SparseMux.ap_auto.8float.float.i3, i3 0, i32 %bitcast_ln29_209, i3 1, i32 %bitcast_ln29_210, i3 2, i32 %bitcast_ln29_211, i3 3, i32 %bitcast_ln29_212, i3 4, i32 %bitcast_ln29_213, i3 5, i32 %bitcast_ln29_214, i3 6, i32 %bitcast_ln29_215, i3 7, i32 %bitcast_ln29_216, i32 <undef>, i3 %trunc_ln13_2" [dft.cpp:29]   --->   Operation 505 'sparsemux' 'tmp_25' <Predicate = (!tmp)> <Delay = 2.30> <CoreInst = "BinarySparseMux_DontCare">   --->   Core 137 'BinarySparseMux_DontCare' <Latency = 0> <II = 1> <Delay = 2.30> <FuncUnit> <Opcode : 'sparsemux'> <InPorts = 2> <OutPorts = 1>
ST_4 : Operation 506 [1/2] ( I:3.25ns O:3.25ns )   --->   "%imag_sample_0_load_13 = load i7 %imag_sample_0_addr_13" [dft.cpp:29]   --->   Operation 506 'load' 'imag_sample_0_load_13' <Predicate = (!tmp & trunc_ln13_2 == 0)> <Delay = 3.25> <CoreInst = "RAM">   --->   Core 81 'RAM' <Latency = 1> <II = 1> <Delay = 3.25> <Storage> <Opcode : 'load' 'store'> <Ports = 2> <Width = 32> <Depth = 128> <RAM>
ST_4 : Operation 507 [1/1] (0.00ns)   --->   "%bitcast_ln29_217 = bitcast i32 %imag_sample_0_load_13" [dft.cpp:29]   --->   Operation 507 'bitcast' 'bitcast_ln29_217' <Predicate = (!tmp & trunc_ln13_2 == 0)> <Delay = 0.00>
ST_4 : Operation 508 [1/2] ( I:3.25ns O:3.25ns )   --->   "%imag_sample_1_load_13 = load i7 %imag_sample_1_addr_13" [dft.cpp:29]   --->   Operation 508 'load' 'imag_sample_1_load_13' <Predicate = (!tmp & trunc_ln13_2 == 1)> <Delay = 3.25> <CoreInst = "RAM">   --->   Core 81 'RAM' <Latency = 1> <II = 1> <Delay = 3.25> <Storage> <Opcode : 'load' 'store'> <Ports = 2> <Width = 32> <Depth = 128> <RAM>
ST_4 : Operation 509 [1/1] (0.00ns)   --->   "%bitcast_ln29_218 = bitcast i32 %imag_sample_1_load_13" [dft.cpp:29]   --->   Operation 509 'bitcast' 'bitcast_ln29_218' <Predicate = (!tmp & trunc_ln13_2 == 1)> <Delay = 0.00>
ST_4 : Operation 510 [1/2] ( I:3.25ns O:3.25ns )   --->   "%imag_sample_2_load_13 = load i7 %imag_sample_2_addr_13" [dft.cpp:29]   --->   Operation 510 'load' 'imag_sample_2_load_13' <Predicate = (!tmp & trunc_ln13_2 == 2)> <Delay = 3.25> <CoreInst = "RAM">   --->   Core 81 'RAM' <Latency = 1> <II = 1> <Delay = 3.25> <Storage> <Opcode : 'load' 'store'> <Ports = 2> <Width = 32> <Depth = 128> <RAM>
ST_4 : Operation 511 [1/1] (0.00ns)   --->   "%bitcast_ln29_219 = bitcast i32 %imag_sample_2_load_13" [dft.cpp:29]   --->   Operation 511 'bitcast' 'bitcast_ln29_219' <Predicate = (!tmp & trunc_ln13_2 == 2)> <Delay = 0.00>
ST_4 : Operation 512 [1/2] ( I:3.25ns O:3.25ns )   --->   "%imag_sample_3_load_13 = load i7 %imag_sample_3_addr_13" [dft.cpp:29]   --->   Operation 512 'load' 'imag_sample_3_load_13' <Predicate = (!tmp & trunc_ln13_2 == 3)> <Delay = 3.25> <CoreInst = "RAM">   --->   Core 81 'RAM' <Latency = 1> <II = 1> <Delay = 3.25> <Storage> <Opcode : 'load' 'store'> <Ports = 2> <Width = 32> <Depth = 128> <RAM>
ST_4 : Operation 513 [1/1] (0.00ns)   --->   "%bitcast_ln29_220 = bitcast i32 %imag_sample_3_load_13" [dft.cpp:29]   --->   Operation 513 'bitcast' 'bitcast_ln29_220' <Predicate = (!tmp & trunc_ln13_2 == 3)> <Delay = 0.00>
ST_4 : Operation 514 [1/2] ( I:3.25ns O:3.25ns )   --->   "%imag_sample_4_load_13 = load i7 %imag_sample_4_addr_13" [dft.cpp:29]   --->   Operation 514 'load' 'imag_sample_4_load_13' <Predicate = (!tmp & trunc_ln13_2 == 4)> <Delay = 3.25> <CoreInst = "RAM">   --->   Core 81 'RAM' <Latency = 1> <II = 1> <Delay = 3.25> <Storage> <Opcode : 'load' 'store'> <Ports = 2> <Width = 32> <Depth = 128> <RAM>
ST_4 : Operation 515 [1/1] (0.00ns)   --->   "%bitcast_ln29_221 = bitcast i32 %imag_sample_4_load_13" [dft.cpp:29]   --->   Operation 515 'bitcast' 'bitcast_ln29_221' <Predicate = (!tmp & trunc_ln13_2 == 4)> <Delay = 0.00>
ST_4 : Operation 516 [1/2] ( I:3.25ns O:3.25ns )   --->   "%imag_sample_5_load_13 = load i7 %imag_sample_5_addr_13" [dft.cpp:29]   --->   Operation 516 'load' 'imag_sample_5_load_13' <Predicate = (!tmp & trunc_ln13_2 == 5)> <Delay = 3.25> <CoreInst = "RAM">   --->   Core 81 'RAM' <Latency = 1> <II = 1> <Delay = 3.25> <Storage> <Opcode : 'load' 'store'> <Ports = 2> <Width = 32> <Depth = 128> <RAM>
ST_4 : Operation 517 [1/1] (0.00ns)   --->   "%bitcast_ln29_222 = bitcast i32 %imag_sample_5_load_13" [dft.cpp:29]   --->   Operation 517 'bitcast' 'bitcast_ln29_222' <Predicate = (!tmp & trunc_ln13_2 == 5)> <Delay = 0.00>
ST_4 : Operation 518 [1/2] ( I:3.25ns O:3.25ns )   --->   "%imag_sample_6_load_13 = load i7 %imag_sample_6_addr_13" [dft.cpp:29]   --->   Operation 518 'load' 'imag_sample_6_load_13' <Predicate = (!tmp & trunc_ln13_2 == 6)> <Delay = 3.25> <CoreInst = "RAM">   --->   Core 81 'RAM' <Latency = 1> <II = 1> <Delay = 3.25> <Storage> <Opcode : 'load' 'store'> <Ports = 2> <Width = 32> <Depth = 128> <RAM>
ST_4 : Operation 519 [1/1] (0.00ns)   --->   "%bitcast_ln29_223 = bitcast i32 %imag_sample_6_load_13" [dft.cpp:29]   --->   Operation 519 'bitcast' 'bitcast_ln29_223' <Predicate = (!tmp & trunc_ln13_2 == 6)> <Delay = 0.00>
ST_4 : Operation 520 [1/2] ( I:3.25ns O:3.25ns )   --->   "%imag_sample_7_load_13 = load i7 %imag_sample_7_addr_13" [dft.cpp:29]   --->   Operation 520 'load' 'imag_sample_7_load_13' <Predicate = (!tmp & trunc_ln13_2 == 7)> <Delay = 3.25> <CoreInst = "RAM">   --->   Core 81 'RAM' <Latency = 1> <II = 1> <Delay = 3.25> <Storage> <Opcode : 'load' 'store'> <Ports = 2> <Width = 32> <Depth = 128> <RAM>
ST_4 : Operation 521 [1/1] (0.00ns)   --->   "%bitcast_ln29_224 = bitcast i32 %imag_sample_7_load_13" [dft.cpp:29]   --->   Operation 521 'bitcast' 'bitcast_ln29_224' <Predicate = (!tmp & trunc_ln13_2 == 7)> <Delay = 0.00>
ST_4 : Operation 522 [1/1] (2.30ns)   --->   "%tmp_26 = sparsemux i32 @_ssdm_op_SparseMux.ap_auto.8float.float.i3, i3 0, i32 %bitcast_ln29_217, i3 1, i32 %bitcast_ln29_218, i3 2, i32 %bitcast_ln29_219, i3 3, i32 %bitcast_ln29_220, i3 4, i32 %bitcast_ln29_221, i3 5, i32 %bitcast_ln29_222, i3 6, i32 %bitcast_ln29_223, i3 7, i32 %bitcast_ln29_224, i32 <undef>, i3 %trunc_ln13_2" [dft.cpp:29]   --->   Operation 522 'sparsemux' 'tmp_26' <Predicate = (!tmp)> <Delay = 2.30> <CoreInst = "BinarySparseMux_DontCare">   --->   Core 137 'BinarySparseMux_DontCare' <Latency = 0> <II = 1> <Delay = 2.30> <FuncUnit> <Opcode : 'sparsemux'> <InPorts = 2> <OutPorts = 1>
ST_4 : Operation 523 [1/1] (0.00ns)   --->   "%or_ln26_11 = bitconcatenate i7 @_ssdm_op_BitConcatenate.i7.i4.i3, i4 %tmp_79, i3 6" [dft.cpp:26]   --->   Operation 523 'bitconcatenate' 'or_ln26_11' <Predicate = (!tmp)> <Delay = 0.00>
ST_4 : Operation 524 [1/1] (0.00ns)   --->   "%zext_ln26_12 = zext i7 %or_ln26_11" [dft.cpp:26]   --->   Operation 524 'zext' 'zext_ln26_12' <Predicate = (!tmp)> <Delay = 0.00>
ST_4 : Operation 525 [1/1] (0.00ns)   --->   "%real_sample_0_addr_14 = getelementptr i32 %real_sample_0, i64 0, i64 %zext_ln26_12" [dft.cpp:29]   --->   Operation 525 'getelementptr' 'real_sample_0_addr_14' <Predicate = (!tmp & trunc_ln13_2 == 0)> <Delay = 0.00>
ST_4 : Operation 526 [2/2] (3.25ns)   --->   "%real_sample_0_load_14 = load i7 %real_sample_0_addr_14" [dft.cpp:29]   --->   Operation 526 'load' 'real_sample_0_load_14' <Predicate = (!tmp & trunc_ln13_2 == 0)> <Delay = 3.25> <CoreInst = "RAM">   --->   Core 81 'RAM' <Latency = 1> <II = 1> <Delay = 3.25> <Storage> <Opcode : 'load' 'store'> <Ports = 2> <Width = 32> <Depth = 128> <RAM>
ST_4 : Operation 527 [1/1] (0.00ns)   --->   "%real_sample_1_addr_14 = getelementptr i32 %real_sample_1, i64 0, i64 %zext_ln26_12" [dft.cpp:29]   --->   Operation 527 'getelementptr' 'real_sample_1_addr_14' <Predicate = (!tmp & trunc_ln13_2 == 1)> <Delay = 0.00>
ST_4 : Operation 528 [2/2] (3.25ns)   --->   "%real_sample_1_load_14 = load i7 %real_sample_1_addr_14" [dft.cpp:29]   --->   Operation 528 'load' 'real_sample_1_load_14' <Predicate = (!tmp & trunc_ln13_2 == 1)> <Delay = 3.25> <CoreInst = "RAM">   --->   Core 81 'RAM' <Latency = 1> <II = 1> <Delay = 3.25> <Storage> <Opcode : 'load' 'store'> <Ports = 2> <Width = 32> <Depth = 128> <RAM>
ST_4 : Operation 529 [1/1] (0.00ns)   --->   "%real_sample_2_addr_14 = getelementptr i32 %real_sample_2, i64 0, i64 %zext_ln26_12" [dft.cpp:29]   --->   Operation 529 'getelementptr' 'real_sample_2_addr_14' <Predicate = (!tmp & trunc_ln13_2 == 2)> <Delay = 0.00>
ST_4 : Operation 530 [2/2] (3.25ns)   --->   "%real_sample_2_load_14 = load i7 %real_sample_2_addr_14" [dft.cpp:29]   --->   Operation 530 'load' 'real_sample_2_load_14' <Predicate = (!tmp & trunc_ln13_2 == 2)> <Delay = 3.25> <CoreInst = "RAM">   --->   Core 81 'RAM' <Latency = 1> <II = 1> <Delay = 3.25> <Storage> <Opcode : 'load' 'store'> <Ports = 2> <Width = 32> <Depth = 128> <RAM>
ST_4 : Operation 531 [1/1] (0.00ns)   --->   "%real_sample_3_addr_14 = getelementptr i32 %real_sample_3, i64 0, i64 %zext_ln26_12" [dft.cpp:29]   --->   Operation 531 'getelementptr' 'real_sample_3_addr_14' <Predicate = (!tmp & trunc_ln13_2 == 3)> <Delay = 0.00>
ST_4 : Operation 532 [2/2] (3.25ns)   --->   "%real_sample_3_load_14 = load i7 %real_sample_3_addr_14" [dft.cpp:29]   --->   Operation 532 'load' 'real_sample_3_load_14' <Predicate = (!tmp & trunc_ln13_2 == 3)> <Delay = 3.25> <CoreInst = "RAM">   --->   Core 81 'RAM' <Latency = 1> <II = 1> <Delay = 3.25> <Storage> <Opcode : 'load' 'store'> <Ports = 2> <Width = 32> <Depth = 128> <RAM>
ST_4 : Operation 533 [1/1] (0.00ns)   --->   "%real_sample_4_addr_14 = getelementptr i32 %real_sample_4, i64 0, i64 %zext_ln26_12" [dft.cpp:29]   --->   Operation 533 'getelementptr' 'real_sample_4_addr_14' <Predicate = (!tmp & trunc_ln13_2 == 4)> <Delay = 0.00>
ST_4 : Operation 534 [2/2] (3.25ns)   --->   "%real_sample_4_load_14 = load i7 %real_sample_4_addr_14" [dft.cpp:29]   --->   Operation 534 'load' 'real_sample_4_load_14' <Predicate = (!tmp & trunc_ln13_2 == 4)> <Delay = 3.25> <CoreInst = "RAM">   --->   Core 81 'RAM' <Latency = 1> <II = 1> <Delay = 3.25> <Storage> <Opcode : 'load' 'store'> <Ports = 2> <Width = 32> <Depth = 128> <RAM>
ST_4 : Operation 535 [1/1] (0.00ns)   --->   "%real_sample_5_addr_14 = getelementptr i32 %real_sample_5, i64 0, i64 %zext_ln26_12" [dft.cpp:29]   --->   Operation 535 'getelementptr' 'real_sample_5_addr_14' <Predicate = (!tmp & trunc_ln13_2 == 5)> <Delay = 0.00>
ST_4 : Operation 536 [2/2] (3.25ns)   --->   "%real_sample_5_load_14 = load i7 %real_sample_5_addr_14" [dft.cpp:29]   --->   Operation 536 'load' 'real_sample_5_load_14' <Predicate = (!tmp & trunc_ln13_2 == 5)> <Delay = 3.25> <CoreInst = "RAM">   --->   Core 81 'RAM' <Latency = 1> <II = 1> <Delay = 3.25> <Storage> <Opcode : 'load' 'store'> <Ports = 2> <Width = 32> <Depth = 128> <RAM>
ST_4 : Operation 537 [1/1] (0.00ns)   --->   "%real_sample_6_addr_14 = getelementptr i32 %real_sample_6, i64 0, i64 %zext_ln26_12" [dft.cpp:29]   --->   Operation 537 'getelementptr' 'real_sample_6_addr_14' <Predicate = (!tmp & trunc_ln13_2 == 6)> <Delay = 0.00>
ST_4 : Operation 538 [2/2] (3.25ns)   --->   "%real_sample_6_load_14 = load i7 %real_sample_6_addr_14" [dft.cpp:29]   --->   Operation 538 'load' 'real_sample_6_load_14' <Predicate = (!tmp & trunc_ln13_2 == 6)> <Delay = 3.25> <CoreInst = "RAM">   --->   Core 81 'RAM' <Latency = 1> <II = 1> <Delay = 3.25> <Storage> <Opcode : 'load' 'store'> <Ports = 2> <Width = 32> <Depth = 128> <RAM>
ST_4 : Operation 539 [1/1] (0.00ns)   --->   "%real_sample_7_addr_14 = getelementptr i32 %real_sample_7, i64 0, i64 %zext_ln26_12" [dft.cpp:29]   --->   Operation 539 'getelementptr' 'real_sample_7_addr_14' <Predicate = (!tmp & trunc_ln13_2 == 7)> <Delay = 0.00>
ST_4 : Operation 540 [2/2] (3.25ns)   --->   "%real_sample_7_load_14 = load i7 %real_sample_7_addr_14" [dft.cpp:29]   --->   Operation 540 'load' 'real_sample_7_load_14' <Predicate = (!tmp & trunc_ln13_2 == 7)> <Delay = 3.25> <CoreInst = "RAM">   --->   Core 81 'RAM' <Latency = 1> <II = 1> <Delay = 3.25> <Storage> <Opcode : 'load' 'store'> <Ports = 2> <Width = 32> <Depth = 128> <RAM>
ST_4 : Operation 541 [1/1] (0.00ns)   --->   "%imag_sample_0_addr_14 = getelementptr i32 %imag_sample_0, i64 0, i64 %zext_ln26_12" [dft.cpp:29]   --->   Operation 541 'getelementptr' 'imag_sample_0_addr_14' <Predicate = (!tmp & trunc_ln13_2 == 0)> <Delay = 0.00>
ST_4 : Operation 542 [2/2] (3.25ns)   --->   "%imag_sample_0_load_14 = load i7 %imag_sample_0_addr_14" [dft.cpp:29]   --->   Operation 542 'load' 'imag_sample_0_load_14' <Predicate = (!tmp & trunc_ln13_2 == 0)> <Delay = 3.25> <CoreInst = "RAM">   --->   Core 81 'RAM' <Latency = 1> <II = 1> <Delay = 3.25> <Storage> <Opcode : 'load' 'store'> <Ports = 2> <Width = 32> <Depth = 128> <RAM>
ST_4 : Operation 543 [1/1] (0.00ns)   --->   "%imag_sample_1_addr_14 = getelementptr i32 %imag_sample_1, i64 0, i64 %zext_ln26_12" [dft.cpp:29]   --->   Operation 543 'getelementptr' 'imag_sample_1_addr_14' <Predicate = (!tmp & trunc_ln13_2 == 1)> <Delay = 0.00>
ST_4 : Operation 544 [2/2] (3.25ns)   --->   "%imag_sample_1_load_14 = load i7 %imag_sample_1_addr_14" [dft.cpp:29]   --->   Operation 544 'load' 'imag_sample_1_load_14' <Predicate = (!tmp & trunc_ln13_2 == 1)> <Delay = 3.25> <CoreInst = "RAM">   --->   Core 81 'RAM' <Latency = 1> <II = 1> <Delay = 3.25> <Storage> <Opcode : 'load' 'store'> <Ports = 2> <Width = 32> <Depth = 128> <RAM>
ST_4 : Operation 545 [1/1] (0.00ns)   --->   "%imag_sample_2_addr_14 = getelementptr i32 %imag_sample_2, i64 0, i64 %zext_ln26_12" [dft.cpp:29]   --->   Operation 545 'getelementptr' 'imag_sample_2_addr_14' <Predicate = (!tmp & trunc_ln13_2 == 2)> <Delay = 0.00>
ST_4 : Operation 546 [2/2] (3.25ns)   --->   "%imag_sample_2_load_14 = load i7 %imag_sample_2_addr_14" [dft.cpp:29]   --->   Operation 546 'load' 'imag_sample_2_load_14' <Predicate = (!tmp & trunc_ln13_2 == 2)> <Delay = 3.25> <CoreInst = "RAM">   --->   Core 81 'RAM' <Latency = 1> <II = 1> <Delay = 3.25> <Storage> <Opcode : 'load' 'store'> <Ports = 2> <Width = 32> <Depth = 128> <RAM>
ST_4 : Operation 547 [1/1] (0.00ns)   --->   "%imag_sample_3_addr_14 = getelementptr i32 %imag_sample_3, i64 0, i64 %zext_ln26_12" [dft.cpp:29]   --->   Operation 547 'getelementptr' 'imag_sample_3_addr_14' <Predicate = (!tmp & trunc_ln13_2 == 3)> <Delay = 0.00>
ST_4 : Operation 548 [2/2] (3.25ns)   --->   "%imag_sample_3_load_14 = load i7 %imag_sample_3_addr_14" [dft.cpp:29]   --->   Operation 548 'load' 'imag_sample_3_load_14' <Predicate = (!tmp & trunc_ln13_2 == 3)> <Delay = 3.25> <CoreInst = "RAM">   --->   Core 81 'RAM' <Latency = 1> <II = 1> <Delay = 3.25> <Storage> <Opcode : 'load' 'store'> <Ports = 2> <Width = 32> <Depth = 128> <RAM>
ST_4 : Operation 549 [1/1] (0.00ns)   --->   "%imag_sample_4_addr_14 = getelementptr i32 %imag_sample_4, i64 0, i64 %zext_ln26_12" [dft.cpp:29]   --->   Operation 549 'getelementptr' 'imag_sample_4_addr_14' <Predicate = (!tmp & trunc_ln13_2 == 4)> <Delay = 0.00>
ST_4 : Operation 550 [2/2] (3.25ns)   --->   "%imag_sample_4_load_14 = load i7 %imag_sample_4_addr_14" [dft.cpp:29]   --->   Operation 550 'load' 'imag_sample_4_load_14' <Predicate = (!tmp & trunc_ln13_2 == 4)> <Delay = 3.25> <CoreInst = "RAM">   --->   Core 81 'RAM' <Latency = 1> <II = 1> <Delay = 3.25> <Storage> <Opcode : 'load' 'store'> <Ports = 2> <Width = 32> <Depth = 128> <RAM>
ST_4 : Operation 551 [1/1] (0.00ns)   --->   "%imag_sample_5_addr_14 = getelementptr i32 %imag_sample_5, i64 0, i64 %zext_ln26_12" [dft.cpp:29]   --->   Operation 551 'getelementptr' 'imag_sample_5_addr_14' <Predicate = (!tmp & trunc_ln13_2 == 5)> <Delay = 0.00>
ST_4 : Operation 552 [2/2] (3.25ns)   --->   "%imag_sample_5_load_14 = load i7 %imag_sample_5_addr_14" [dft.cpp:29]   --->   Operation 552 'load' 'imag_sample_5_load_14' <Predicate = (!tmp & trunc_ln13_2 == 5)> <Delay = 3.25> <CoreInst = "RAM">   --->   Core 81 'RAM' <Latency = 1> <II = 1> <Delay = 3.25> <Storage> <Opcode : 'load' 'store'> <Ports = 2> <Width = 32> <Depth = 128> <RAM>
ST_4 : Operation 553 [1/1] (0.00ns)   --->   "%imag_sample_6_addr_14 = getelementptr i32 %imag_sample_6, i64 0, i64 %zext_ln26_12" [dft.cpp:29]   --->   Operation 553 'getelementptr' 'imag_sample_6_addr_14' <Predicate = (!tmp & trunc_ln13_2 == 6)> <Delay = 0.00>
ST_4 : Operation 554 [2/2] (3.25ns)   --->   "%imag_sample_6_load_14 = load i7 %imag_sample_6_addr_14" [dft.cpp:29]   --->   Operation 554 'load' 'imag_sample_6_load_14' <Predicate = (!tmp & trunc_ln13_2 == 6)> <Delay = 3.25> <CoreInst = "RAM">   --->   Core 81 'RAM' <Latency = 1> <II = 1> <Delay = 3.25> <Storage> <Opcode : 'load' 'store'> <Ports = 2> <Width = 32> <Depth = 128> <RAM>
ST_4 : Operation 555 [1/1] (0.00ns)   --->   "%imag_sample_7_addr_14 = getelementptr i32 %imag_sample_7, i64 0, i64 %zext_ln26_12" [dft.cpp:29]   --->   Operation 555 'getelementptr' 'imag_sample_7_addr_14' <Predicate = (!tmp & trunc_ln13_2 == 7)> <Delay = 0.00>
ST_4 : Operation 556 [2/2] (3.25ns)   --->   "%imag_sample_7_load_14 = load i7 %imag_sample_7_addr_14" [dft.cpp:29]   --->   Operation 556 'load' 'imag_sample_7_load_14' <Predicate = (!tmp & trunc_ln13_2 == 7)> <Delay = 3.25> <CoreInst = "RAM">   --->   Core 81 'RAM' <Latency = 1> <II = 1> <Delay = 3.25> <Storage> <Opcode : 'load' 'store'> <Ports = 2> <Width = 32> <Depth = 128> <RAM>
ST_4 : Operation 557 [1/1] (0.00ns)   --->   "%or_ln26_12 = bitconcatenate i7 @_ssdm_op_BitConcatenate.i7.i4.i3, i4 %tmp_79, i3 7" [dft.cpp:26]   --->   Operation 557 'bitconcatenate' 'or_ln26_12' <Predicate = (!tmp)> <Delay = 0.00>
ST_4 : Operation 558 [1/1] (0.00ns)   --->   "%zext_ln26_13 = zext i7 %or_ln26_12" [dft.cpp:26]   --->   Operation 558 'zext' 'zext_ln26_13' <Predicate = (!tmp)> <Delay = 0.00>
ST_4 : Operation 559 [1/1] (0.00ns)   --->   "%real_sample_0_addr_15 = getelementptr i32 %real_sample_0, i64 0, i64 %zext_ln26_13" [dft.cpp:29]   --->   Operation 559 'getelementptr' 'real_sample_0_addr_15' <Predicate = (!tmp & trunc_ln13_2 == 0)> <Delay = 0.00>
ST_4 : Operation 560 [2/2] (3.25ns)   --->   "%real_sample_0_load_15 = load i7 %real_sample_0_addr_15" [dft.cpp:29]   --->   Operation 560 'load' 'real_sample_0_load_15' <Predicate = (!tmp & trunc_ln13_2 == 0)> <Delay = 3.25> <CoreInst = "RAM">   --->   Core 81 'RAM' <Latency = 1> <II = 1> <Delay = 3.25> <Storage> <Opcode : 'load' 'store'> <Ports = 2> <Width = 32> <Depth = 128> <RAM>
ST_4 : Operation 561 [1/1] (0.00ns)   --->   "%real_sample_1_addr_15 = getelementptr i32 %real_sample_1, i64 0, i64 %zext_ln26_13" [dft.cpp:29]   --->   Operation 561 'getelementptr' 'real_sample_1_addr_15' <Predicate = (!tmp & trunc_ln13_2 == 1)> <Delay = 0.00>
ST_4 : Operation 562 [2/2] (3.25ns)   --->   "%real_sample_1_load_15 = load i7 %real_sample_1_addr_15" [dft.cpp:29]   --->   Operation 562 'load' 'real_sample_1_load_15' <Predicate = (!tmp & trunc_ln13_2 == 1)> <Delay = 3.25> <CoreInst = "RAM">   --->   Core 81 'RAM' <Latency = 1> <II = 1> <Delay = 3.25> <Storage> <Opcode : 'load' 'store'> <Ports = 2> <Width = 32> <Depth = 128> <RAM>
ST_4 : Operation 563 [1/1] (0.00ns)   --->   "%real_sample_2_addr_15 = getelementptr i32 %real_sample_2, i64 0, i64 %zext_ln26_13" [dft.cpp:29]   --->   Operation 563 'getelementptr' 'real_sample_2_addr_15' <Predicate = (!tmp & trunc_ln13_2 == 2)> <Delay = 0.00>
ST_4 : Operation 564 [2/2] (3.25ns)   --->   "%real_sample_2_load_15 = load i7 %real_sample_2_addr_15" [dft.cpp:29]   --->   Operation 564 'load' 'real_sample_2_load_15' <Predicate = (!tmp & trunc_ln13_2 == 2)> <Delay = 3.25> <CoreInst = "RAM">   --->   Core 81 'RAM' <Latency = 1> <II = 1> <Delay = 3.25> <Storage> <Opcode : 'load' 'store'> <Ports = 2> <Width = 32> <Depth = 128> <RAM>
ST_4 : Operation 565 [1/1] (0.00ns)   --->   "%real_sample_3_addr_15 = getelementptr i32 %real_sample_3, i64 0, i64 %zext_ln26_13" [dft.cpp:29]   --->   Operation 565 'getelementptr' 'real_sample_3_addr_15' <Predicate = (!tmp & trunc_ln13_2 == 3)> <Delay = 0.00>
ST_4 : Operation 566 [2/2] (3.25ns)   --->   "%real_sample_3_load_15 = load i7 %real_sample_3_addr_15" [dft.cpp:29]   --->   Operation 566 'load' 'real_sample_3_load_15' <Predicate = (!tmp & trunc_ln13_2 == 3)> <Delay = 3.25> <CoreInst = "RAM">   --->   Core 81 'RAM' <Latency = 1> <II = 1> <Delay = 3.25> <Storage> <Opcode : 'load' 'store'> <Ports = 2> <Width = 32> <Depth = 128> <RAM>
ST_4 : Operation 567 [1/1] (0.00ns)   --->   "%real_sample_4_addr_15 = getelementptr i32 %real_sample_4, i64 0, i64 %zext_ln26_13" [dft.cpp:29]   --->   Operation 567 'getelementptr' 'real_sample_4_addr_15' <Predicate = (!tmp & trunc_ln13_2 == 4)> <Delay = 0.00>
ST_4 : Operation 568 [2/2] (3.25ns)   --->   "%real_sample_4_load_15 = load i7 %real_sample_4_addr_15" [dft.cpp:29]   --->   Operation 568 'load' 'real_sample_4_load_15' <Predicate = (!tmp & trunc_ln13_2 == 4)> <Delay = 3.25> <CoreInst = "RAM">   --->   Core 81 'RAM' <Latency = 1> <II = 1> <Delay = 3.25> <Storage> <Opcode : 'load' 'store'> <Ports = 2> <Width = 32> <Depth = 128> <RAM>
ST_4 : Operation 569 [1/1] (0.00ns)   --->   "%real_sample_5_addr_15 = getelementptr i32 %real_sample_5, i64 0, i64 %zext_ln26_13" [dft.cpp:29]   --->   Operation 569 'getelementptr' 'real_sample_5_addr_15' <Predicate = (!tmp & trunc_ln13_2 == 5)> <Delay = 0.00>
ST_4 : Operation 570 [2/2] (3.25ns)   --->   "%real_sample_5_load_15 = load i7 %real_sample_5_addr_15" [dft.cpp:29]   --->   Operation 570 'load' 'real_sample_5_load_15' <Predicate = (!tmp & trunc_ln13_2 == 5)> <Delay = 3.25> <CoreInst = "RAM">   --->   Core 81 'RAM' <Latency = 1> <II = 1> <Delay = 3.25> <Storage> <Opcode : 'load' 'store'> <Ports = 2> <Width = 32> <Depth = 128> <RAM>
ST_4 : Operation 571 [1/1] (0.00ns)   --->   "%real_sample_6_addr_15 = getelementptr i32 %real_sample_6, i64 0, i64 %zext_ln26_13" [dft.cpp:29]   --->   Operation 571 'getelementptr' 'real_sample_6_addr_15' <Predicate = (!tmp & trunc_ln13_2 == 6)> <Delay = 0.00>
ST_4 : Operation 572 [2/2] (3.25ns)   --->   "%real_sample_6_load_15 = load i7 %real_sample_6_addr_15" [dft.cpp:29]   --->   Operation 572 'load' 'real_sample_6_load_15' <Predicate = (!tmp & trunc_ln13_2 == 6)> <Delay = 3.25> <CoreInst = "RAM">   --->   Core 81 'RAM' <Latency = 1> <II = 1> <Delay = 3.25> <Storage> <Opcode : 'load' 'store'> <Ports = 2> <Width = 32> <Depth = 128> <RAM>
ST_4 : Operation 573 [1/1] (0.00ns)   --->   "%real_sample_7_addr_15 = getelementptr i32 %real_sample_7, i64 0, i64 %zext_ln26_13" [dft.cpp:29]   --->   Operation 573 'getelementptr' 'real_sample_7_addr_15' <Predicate = (!tmp & trunc_ln13_2 == 7)> <Delay = 0.00>
ST_4 : Operation 574 [2/2] (3.25ns)   --->   "%real_sample_7_load_15 = load i7 %real_sample_7_addr_15" [dft.cpp:29]   --->   Operation 574 'load' 'real_sample_7_load_15' <Predicate = (!tmp & trunc_ln13_2 == 7)> <Delay = 3.25> <CoreInst = "RAM">   --->   Core 81 'RAM' <Latency = 1> <II = 1> <Delay = 3.25> <Storage> <Opcode : 'load' 'store'> <Ports = 2> <Width = 32> <Depth = 128> <RAM>
ST_4 : Operation 575 [1/1] (0.00ns)   --->   "%imag_sample_0_addr_15 = getelementptr i32 %imag_sample_0, i64 0, i64 %zext_ln26_13" [dft.cpp:29]   --->   Operation 575 'getelementptr' 'imag_sample_0_addr_15' <Predicate = (!tmp & trunc_ln13_2 == 0)> <Delay = 0.00>
ST_4 : Operation 576 [2/2] (3.25ns)   --->   "%imag_sample_0_load_15 = load i7 %imag_sample_0_addr_15" [dft.cpp:29]   --->   Operation 576 'load' 'imag_sample_0_load_15' <Predicate = (!tmp & trunc_ln13_2 == 0)> <Delay = 3.25> <CoreInst = "RAM">   --->   Core 81 'RAM' <Latency = 1> <II = 1> <Delay = 3.25> <Storage> <Opcode : 'load' 'store'> <Ports = 2> <Width = 32> <Depth = 128> <RAM>
ST_4 : Operation 577 [1/1] (0.00ns)   --->   "%imag_sample_1_addr_15 = getelementptr i32 %imag_sample_1, i64 0, i64 %zext_ln26_13" [dft.cpp:29]   --->   Operation 577 'getelementptr' 'imag_sample_1_addr_15' <Predicate = (!tmp & trunc_ln13_2 == 1)> <Delay = 0.00>
ST_4 : Operation 578 [2/2] (3.25ns)   --->   "%imag_sample_1_load_15 = load i7 %imag_sample_1_addr_15" [dft.cpp:29]   --->   Operation 578 'load' 'imag_sample_1_load_15' <Predicate = (!tmp & trunc_ln13_2 == 1)> <Delay = 3.25> <CoreInst = "RAM">   --->   Core 81 'RAM' <Latency = 1> <II = 1> <Delay = 3.25> <Storage> <Opcode : 'load' 'store'> <Ports = 2> <Width = 32> <Depth = 128> <RAM>
ST_4 : Operation 579 [1/1] (0.00ns)   --->   "%imag_sample_2_addr_15 = getelementptr i32 %imag_sample_2, i64 0, i64 %zext_ln26_13" [dft.cpp:29]   --->   Operation 579 'getelementptr' 'imag_sample_2_addr_15' <Predicate = (!tmp & trunc_ln13_2 == 2)> <Delay = 0.00>
ST_4 : Operation 580 [2/2] (3.25ns)   --->   "%imag_sample_2_load_15 = load i7 %imag_sample_2_addr_15" [dft.cpp:29]   --->   Operation 580 'load' 'imag_sample_2_load_15' <Predicate = (!tmp & trunc_ln13_2 == 2)> <Delay = 3.25> <CoreInst = "RAM">   --->   Core 81 'RAM' <Latency = 1> <II = 1> <Delay = 3.25> <Storage> <Opcode : 'load' 'store'> <Ports = 2> <Width = 32> <Depth = 128> <RAM>
ST_4 : Operation 581 [1/1] (0.00ns)   --->   "%imag_sample_3_addr_15 = getelementptr i32 %imag_sample_3, i64 0, i64 %zext_ln26_13" [dft.cpp:29]   --->   Operation 581 'getelementptr' 'imag_sample_3_addr_15' <Predicate = (!tmp & trunc_ln13_2 == 3)> <Delay = 0.00>
ST_4 : Operation 582 [2/2] (3.25ns)   --->   "%imag_sample_3_load_15 = load i7 %imag_sample_3_addr_15" [dft.cpp:29]   --->   Operation 582 'load' 'imag_sample_3_load_15' <Predicate = (!tmp & trunc_ln13_2 == 3)> <Delay = 3.25> <CoreInst = "RAM">   --->   Core 81 'RAM' <Latency = 1> <II = 1> <Delay = 3.25> <Storage> <Opcode : 'load' 'store'> <Ports = 2> <Width = 32> <Depth = 128> <RAM>
ST_4 : Operation 583 [1/1] (0.00ns)   --->   "%imag_sample_4_addr_15 = getelementptr i32 %imag_sample_4, i64 0, i64 %zext_ln26_13" [dft.cpp:29]   --->   Operation 583 'getelementptr' 'imag_sample_4_addr_15' <Predicate = (!tmp & trunc_ln13_2 == 4)> <Delay = 0.00>
ST_4 : Operation 584 [2/2] (3.25ns)   --->   "%imag_sample_4_load_15 = load i7 %imag_sample_4_addr_15" [dft.cpp:29]   --->   Operation 584 'load' 'imag_sample_4_load_15' <Predicate = (!tmp & trunc_ln13_2 == 4)> <Delay = 3.25> <CoreInst = "RAM">   --->   Core 81 'RAM' <Latency = 1> <II = 1> <Delay = 3.25> <Storage> <Opcode : 'load' 'store'> <Ports = 2> <Width = 32> <Depth = 128> <RAM>
ST_4 : Operation 585 [1/1] (0.00ns)   --->   "%imag_sample_5_addr_15 = getelementptr i32 %imag_sample_5, i64 0, i64 %zext_ln26_13" [dft.cpp:29]   --->   Operation 585 'getelementptr' 'imag_sample_5_addr_15' <Predicate = (!tmp & trunc_ln13_2 == 5)> <Delay = 0.00>
ST_4 : Operation 586 [2/2] (3.25ns)   --->   "%imag_sample_5_load_15 = load i7 %imag_sample_5_addr_15" [dft.cpp:29]   --->   Operation 586 'load' 'imag_sample_5_load_15' <Predicate = (!tmp & trunc_ln13_2 == 5)> <Delay = 3.25> <CoreInst = "RAM">   --->   Core 81 'RAM' <Latency = 1> <II = 1> <Delay = 3.25> <Storage> <Opcode : 'load' 'store'> <Ports = 2> <Width = 32> <Depth = 128> <RAM>
ST_4 : Operation 587 [1/1] (0.00ns)   --->   "%imag_sample_6_addr_15 = getelementptr i32 %imag_sample_6, i64 0, i64 %zext_ln26_13" [dft.cpp:29]   --->   Operation 587 'getelementptr' 'imag_sample_6_addr_15' <Predicate = (!tmp & trunc_ln13_2 == 6)> <Delay = 0.00>
ST_4 : Operation 588 [2/2] (3.25ns)   --->   "%imag_sample_6_load_15 = load i7 %imag_sample_6_addr_15" [dft.cpp:29]   --->   Operation 588 'load' 'imag_sample_6_load_15' <Predicate = (!tmp & trunc_ln13_2 == 6)> <Delay = 3.25> <CoreInst = "RAM">   --->   Core 81 'RAM' <Latency = 1> <II = 1> <Delay = 3.25> <Storage> <Opcode : 'load' 'store'> <Ports = 2> <Width = 32> <Depth = 128> <RAM>
ST_4 : Operation 589 [1/1] (0.00ns)   --->   "%imag_sample_7_addr_15 = getelementptr i32 %imag_sample_7, i64 0, i64 %zext_ln26_13" [dft.cpp:29]   --->   Operation 589 'getelementptr' 'imag_sample_7_addr_15' <Predicate = (!tmp & trunc_ln13_2 == 7)> <Delay = 0.00>
ST_4 : Operation 590 [2/2] (3.25ns)   --->   "%imag_sample_7_load_15 = load i7 %imag_sample_7_addr_15" [dft.cpp:29]   --->   Operation 590 'load' 'imag_sample_7_load_15' <Predicate = (!tmp & trunc_ln13_2 == 7)> <Delay = 3.25> <CoreInst = "RAM">   --->   Core 81 'RAM' <Latency = 1> <II = 1> <Delay = 3.25> <Storage> <Opcode : 'load' 'store'> <Ports = 2> <Width = 32> <Depth = 128> <RAM>

State 5 <SV = 4> <Delay = 6.79>
ST_5 : Operation 591 [3/4] (5.70ns)   --->   "%mul12_1 = fmul i32 %tmp_15, i32 %c" [dft.cpp:29]   --->   Operation 591 'fmul' 'mul12_1' <Predicate = (!tmp)> <Delay = 5.70> <CoreInst = "FMul_maxdsp">   --->   Core 30 'FMul_maxdsp' <Latency = 3> <II = 1> <Delay = 5.70> <FuncUnit> <Opcode : 'fmul'> <InPorts = 2> <OutPorts = 1>
ST_5 : Operation 592 [4/4] (6.79ns)   --->   "%mul15_1 = fmul i32 %tmp_16, i32 %s" [dft.cpp:29]   --->   Operation 592 'fmul' 'mul15_1' <Predicate = (!tmp)> <Delay = 6.79> <CoreInst = "FMul_maxdsp">   --->   Core 30 'FMul_maxdsp' <Latency = 3> <II = 1> <Delay = 5.70> <FuncUnit> <Opcode : 'fmul'> <InPorts = 2> <OutPorts = 1>
ST_5 : Operation 593 [1/2] ( I:3.25ns O:3.25ns )   --->   "%c_47 = load i10 %cos_coefficients_table_addr_10" [dft.cpp:27]   --->   Operation 593 'load' 'c_47' <Predicate = (!tmp)> <Delay = 3.25> <CoreInst = "ROM">   --->   Core 94 'ROM' <Latency = 1> <II = 1> <Delay = 3.25> <Storage> <Opcode : 'load'> <Ports = 0> <Width = 32> <Depth = 1024> <ROM>
ST_5 : Operation 594 [1/2] ( I:3.25ns O:3.25ns )   --->   "%s_47 = load i10 %sin_coefficients_table_addr_10" [dft.cpp:28]   --->   Operation 594 'load' 's_47' <Predicate = (!tmp)> <Delay = 3.25> <CoreInst = "ROM">   --->   Core 94 'ROM' <Latency = 1> <II = 1> <Delay = 3.25> <Storage> <Opcode : 'load'> <Ports = 0> <Width = 32> <Depth = 1024> <ROM>
ST_5 : Operation 595 [1/1] (1.73ns)   --->   "%idx_48 = add i10 %idx_47, i10 %or_ln1_read" [dft.cpp:26]   --->   Operation 595 'add' 'idx_48' <Predicate = (!tmp)> <Delay = 1.73> <CoreInst = "Adder">   --->   Core 1 'Adder' <Latency = 0> <II = 1> <Delay = 1.73> <FuncUnit> <Opcode : 'add' 'sub'> <InPorts = 2> <OutPorts = 1>
ST_5 : Operation 596 [1/1] (0.00ns)   --->   "%zext_ln27_11 = zext i10 %idx_48" [dft.cpp:27]   --->   Operation 596 'zext' 'zext_ln27_11' <Predicate = (!tmp)> <Delay = 0.00>
ST_5 : Operation 597 [1/1] (0.00ns)   --->   "%cos_coefficients_table_addr_11 = getelementptr i32 %cos_coefficients_table, i64 0, i64 %zext_ln27_11" [dft.cpp:27]   --->   Operation 597 'getelementptr' 'cos_coefficients_table_addr_11' <Predicate = (!tmp)> <Delay = 0.00>
ST_5 : Operation 598 [2/2] (3.25ns)   --->   "%c_48 = load i10 %cos_coefficients_table_addr_11" [dft.cpp:27]   --->   Operation 598 'load' 'c_48' <Predicate = (!tmp)> <Delay = 3.25> <CoreInst = "ROM">   --->   Core 94 'ROM' <Latency = 1> <II = 1> <Delay = 3.25> <Storage> <Opcode : 'load'> <Ports = 0> <Width = 32> <Depth = 1024> <ROM>
ST_5 : Operation 599 [1/1] (0.00ns)   --->   "%sin_coefficients_table_addr_11 = getelementptr i32 %sin_coefficients_table, i64 0, i64 %zext_ln27_11" [dft.cpp:28]   --->   Operation 599 'getelementptr' 'sin_coefficients_table_addr_11' <Predicate = (!tmp)> <Delay = 0.00>
ST_5 : Operation 600 [2/2] (3.25ns)   --->   "%s_48 = load i10 %sin_coefficients_table_addr_11" [dft.cpp:28]   --->   Operation 600 'load' 's_48' <Predicate = (!tmp)> <Delay = 3.25> <CoreInst = "ROM">   --->   Core 94 'ROM' <Latency = 1> <II = 1> <Delay = 3.25> <Storage> <Opcode : 'load'> <Ports = 0> <Width = 32> <Depth = 1024> <ROM>
ST_5 : Operation 601 [1/2] ( I:3.25ns O:3.25ns )   --->   "%real_sample_0_load_14 = load i7 %real_sample_0_addr_14" [dft.cpp:29]   --->   Operation 601 'load' 'real_sample_0_load_14' <Predicate = (!tmp & trunc_ln13_2 == 0)> <Delay = 3.25> <CoreInst = "RAM">   --->   Core 81 'RAM' <Latency = 1> <II = 1> <Delay = 3.25> <Storage> <Opcode : 'load' 'store'> <Ports = 2> <Width = 32> <Depth = 128> <RAM>
ST_5 : Operation 602 [1/1] (0.00ns)   --->   "%bitcast_ln29_225 = bitcast i32 %real_sample_0_load_14" [dft.cpp:29]   --->   Operation 602 'bitcast' 'bitcast_ln29_225' <Predicate = (!tmp & trunc_ln13_2 == 0)> <Delay = 0.00>
ST_5 : Operation 603 [1/2] ( I:3.25ns O:3.25ns )   --->   "%real_sample_1_load_14 = load i7 %real_sample_1_addr_14" [dft.cpp:29]   --->   Operation 603 'load' 'real_sample_1_load_14' <Predicate = (!tmp & trunc_ln13_2 == 1)> <Delay = 3.25> <CoreInst = "RAM">   --->   Core 81 'RAM' <Latency = 1> <II = 1> <Delay = 3.25> <Storage> <Opcode : 'load' 'store'> <Ports = 2> <Width = 32> <Depth = 128> <RAM>
ST_5 : Operation 604 [1/1] (0.00ns)   --->   "%bitcast_ln29_226 = bitcast i32 %real_sample_1_load_14" [dft.cpp:29]   --->   Operation 604 'bitcast' 'bitcast_ln29_226' <Predicate = (!tmp & trunc_ln13_2 == 1)> <Delay = 0.00>
ST_5 : Operation 605 [1/2] ( I:3.25ns O:3.25ns )   --->   "%real_sample_2_load_14 = load i7 %real_sample_2_addr_14" [dft.cpp:29]   --->   Operation 605 'load' 'real_sample_2_load_14' <Predicate = (!tmp & trunc_ln13_2 == 2)> <Delay = 3.25> <CoreInst = "RAM">   --->   Core 81 'RAM' <Latency = 1> <II = 1> <Delay = 3.25> <Storage> <Opcode : 'load' 'store'> <Ports = 2> <Width = 32> <Depth = 128> <RAM>
ST_5 : Operation 606 [1/1] (0.00ns)   --->   "%bitcast_ln29_227 = bitcast i32 %real_sample_2_load_14" [dft.cpp:29]   --->   Operation 606 'bitcast' 'bitcast_ln29_227' <Predicate = (!tmp & trunc_ln13_2 == 2)> <Delay = 0.00>
ST_5 : Operation 607 [1/2] ( I:3.25ns O:3.25ns )   --->   "%real_sample_3_load_14 = load i7 %real_sample_3_addr_14" [dft.cpp:29]   --->   Operation 607 'load' 'real_sample_3_load_14' <Predicate = (!tmp & trunc_ln13_2 == 3)> <Delay = 3.25> <CoreInst = "RAM">   --->   Core 81 'RAM' <Latency = 1> <II = 1> <Delay = 3.25> <Storage> <Opcode : 'load' 'store'> <Ports = 2> <Width = 32> <Depth = 128> <RAM>
ST_5 : Operation 608 [1/1] (0.00ns)   --->   "%bitcast_ln29_228 = bitcast i32 %real_sample_3_load_14" [dft.cpp:29]   --->   Operation 608 'bitcast' 'bitcast_ln29_228' <Predicate = (!tmp & trunc_ln13_2 == 3)> <Delay = 0.00>
ST_5 : Operation 609 [1/2] ( I:3.25ns O:3.25ns )   --->   "%real_sample_4_load_14 = load i7 %real_sample_4_addr_14" [dft.cpp:29]   --->   Operation 609 'load' 'real_sample_4_load_14' <Predicate = (!tmp & trunc_ln13_2 == 4)> <Delay = 3.25> <CoreInst = "RAM">   --->   Core 81 'RAM' <Latency = 1> <II = 1> <Delay = 3.25> <Storage> <Opcode : 'load' 'store'> <Ports = 2> <Width = 32> <Depth = 128> <RAM>
ST_5 : Operation 610 [1/1] (0.00ns)   --->   "%bitcast_ln29_229 = bitcast i32 %real_sample_4_load_14" [dft.cpp:29]   --->   Operation 610 'bitcast' 'bitcast_ln29_229' <Predicate = (!tmp & trunc_ln13_2 == 4)> <Delay = 0.00>
ST_5 : Operation 611 [1/2] ( I:3.25ns O:3.25ns )   --->   "%real_sample_5_load_14 = load i7 %real_sample_5_addr_14" [dft.cpp:29]   --->   Operation 611 'load' 'real_sample_5_load_14' <Predicate = (!tmp & trunc_ln13_2 == 5)> <Delay = 3.25> <CoreInst = "RAM">   --->   Core 81 'RAM' <Latency = 1> <II = 1> <Delay = 3.25> <Storage> <Opcode : 'load' 'store'> <Ports = 2> <Width = 32> <Depth = 128> <RAM>
ST_5 : Operation 612 [1/1] (0.00ns)   --->   "%bitcast_ln29_230 = bitcast i32 %real_sample_5_load_14" [dft.cpp:29]   --->   Operation 612 'bitcast' 'bitcast_ln29_230' <Predicate = (!tmp & trunc_ln13_2 == 5)> <Delay = 0.00>
ST_5 : Operation 613 [1/2] ( I:3.25ns O:3.25ns )   --->   "%real_sample_6_load_14 = load i7 %real_sample_6_addr_14" [dft.cpp:29]   --->   Operation 613 'load' 'real_sample_6_load_14' <Predicate = (!tmp & trunc_ln13_2 == 6)> <Delay = 3.25> <CoreInst = "RAM">   --->   Core 81 'RAM' <Latency = 1> <II = 1> <Delay = 3.25> <Storage> <Opcode : 'load' 'store'> <Ports = 2> <Width = 32> <Depth = 128> <RAM>
ST_5 : Operation 614 [1/1] (0.00ns)   --->   "%bitcast_ln29_231 = bitcast i32 %real_sample_6_load_14" [dft.cpp:29]   --->   Operation 614 'bitcast' 'bitcast_ln29_231' <Predicate = (!tmp & trunc_ln13_2 == 6)> <Delay = 0.00>
ST_5 : Operation 615 [1/2] ( I:3.25ns O:3.25ns )   --->   "%real_sample_7_load_14 = load i7 %real_sample_7_addr_14" [dft.cpp:29]   --->   Operation 615 'load' 'real_sample_7_load_14' <Predicate = (!tmp & trunc_ln13_2 == 7)> <Delay = 3.25> <CoreInst = "RAM">   --->   Core 81 'RAM' <Latency = 1> <II = 1> <Delay = 3.25> <Storage> <Opcode : 'load' 'store'> <Ports = 2> <Width = 32> <Depth = 128> <RAM>
ST_5 : Operation 616 [1/1] (0.00ns)   --->   "%bitcast_ln29_232 = bitcast i32 %real_sample_7_load_14" [dft.cpp:29]   --->   Operation 616 'bitcast' 'bitcast_ln29_232' <Predicate = (!tmp & trunc_ln13_2 == 7)> <Delay = 0.00>
ST_5 : Operation 617 [1/1] (2.30ns)   --->   "%tmp_27 = sparsemux i32 @_ssdm_op_SparseMux.ap_auto.8float.float.i3, i3 0, i32 %bitcast_ln29_225, i3 1, i32 %bitcast_ln29_226, i3 2, i32 %bitcast_ln29_227, i3 3, i32 %bitcast_ln29_228, i3 4, i32 %bitcast_ln29_229, i3 5, i32 %bitcast_ln29_230, i3 6, i32 %bitcast_ln29_231, i3 7, i32 %bitcast_ln29_232, i32 <undef>, i3 %trunc_ln13_2" [dft.cpp:29]   --->   Operation 617 'sparsemux' 'tmp_27' <Predicate = (!tmp)> <Delay = 2.30> <CoreInst = "BinarySparseMux_DontCare">   --->   Core 137 'BinarySparseMux_DontCare' <Latency = 0> <II = 1> <Delay = 2.30> <FuncUnit> <Opcode : 'sparsemux'> <InPorts = 2> <OutPorts = 1>
ST_5 : Operation 618 [1/2] ( I:3.25ns O:3.25ns )   --->   "%imag_sample_0_load_14 = load i7 %imag_sample_0_addr_14" [dft.cpp:29]   --->   Operation 618 'load' 'imag_sample_0_load_14' <Predicate = (!tmp & trunc_ln13_2 == 0)> <Delay = 3.25> <CoreInst = "RAM">   --->   Core 81 'RAM' <Latency = 1> <II = 1> <Delay = 3.25> <Storage> <Opcode : 'load' 'store'> <Ports = 2> <Width = 32> <Depth = 128> <RAM>
ST_5 : Operation 619 [1/1] (0.00ns)   --->   "%bitcast_ln29_233 = bitcast i32 %imag_sample_0_load_14" [dft.cpp:29]   --->   Operation 619 'bitcast' 'bitcast_ln29_233' <Predicate = (!tmp & trunc_ln13_2 == 0)> <Delay = 0.00>
ST_5 : Operation 620 [1/2] ( I:3.25ns O:3.25ns )   --->   "%imag_sample_1_load_14 = load i7 %imag_sample_1_addr_14" [dft.cpp:29]   --->   Operation 620 'load' 'imag_sample_1_load_14' <Predicate = (!tmp & trunc_ln13_2 == 1)> <Delay = 3.25> <CoreInst = "RAM">   --->   Core 81 'RAM' <Latency = 1> <II = 1> <Delay = 3.25> <Storage> <Opcode : 'load' 'store'> <Ports = 2> <Width = 32> <Depth = 128> <RAM>
ST_5 : Operation 621 [1/1] (0.00ns)   --->   "%bitcast_ln29_234 = bitcast i32 %imag_sample_1_load_14" [dft.cpp:29]   --->   Operation 621 'bitcast' 'bitcast_ln29_234' <Predicate = (!tmp & trunc_ln13_2 == 1)> <Delay = 0.00>
ST_5 : Operation 622 [1/2] ( I:3.25ns O:3.25ns )   --->   "%imag_sample_2_load_14 = load i7 %imag_sample_2_addr_14" [dft.cpp:29]   --->   Operation 622 'load' 'imag_sample_2_load_14' <Predicate = (!tmp & trunc_ln13_2 == 2)> <Delay = 3.25> <CoreInst = "RAM">   --->   Core 81 'RAM' <Latency = 1> <II = 1> <Delay = 3.25> <Storage> <Opcode : 'load' 'store'> <Ports = 2> <Width = 32> <Depth = 128> <RAM>
ST_5 : Operation 623 [1/1] (0.00ns)   --->   "%bitcast_ln29_235 = bitcast i32 %imag_sample_2_load_14" [dft.cpp:29]   --->   Operation 623 'bitcast' 'bitcast_ln29_235' <Predicate = (!tmp & trunc_ln13_2 == 2)> <Delay = 0.00>
ST_5 : Operation 624 [1/2] ( I:3.25ns O:3.25ns )   --->   "%imag_sample_3_load_14 = load i7 %imag_sample_3_addr_14" [dft.cpp:29]   --->   Operation 624 'load' 'imag_sample_3_load_14' <Predicate = (!tmp & trunc_ln13_2 == 3)> <Delay = 3.25> <CoreInst = "RAM">   --->   Core 81 'RAM' <Latency = 1> <II = 1> <Delay = 3.25> <Storage> <Opcode : 'load' 'store'> <Ports = 2> <Width = 32> <Depth = 128> <RAM>
ST_5 : Operation 625 [1/1] (0.00ns)   --->   "%bitcast_ln29_236 = bitcast i32 %imag_sample_3_load_14" [dft.cpp:29]   --->   Operation 625 'bitcast' 'bitcast_ln29_236' <Predicate = (!tmp & trunc_ln13_2 == 3)> <Delay = 0.00>
ST_5 : Operation 626 [1/2] ( I:3.25ns O:3.25ns )   --->   "%imag_sample_4_load_14 = load i7 %imag_sample_4_addr_14" [dft.cpp:29]   --->   Operation 626 'load' 'imag_sample_4_load_14' <Predicate = (!tmp & trunc_ln13_2 == 4)> <Delay = 3.25> <CoreInst = "RAM">   --->   Core 81 'RAM' <Latency = 1> <II = 1> <Delay = 3.25> <Storage> <Opcode : 'load' 'store'> <Ports = 2> <Width = 32> <Depth = 128> <RAM>
ST_5 : Operation 627 [1/1] (0.00ns)   --->   "%bitcast_ln29_237 = bitcast i32 %imag_sample_4_load_14" [dft.cpp:29]   --->   Operation 627 'bitcast' 'bitcast_ln29_237' <Predicate = (!tmp & trunc_ln13_2 == 4)> <Delay = 0.00>
ST_5 : Operation 628 [1/2] ( I:3.25ns O:3.25ns )   --->   "%imag_sample_5_load_14 = load i7 %imag_sample_5_addr_14" [dft.cpp:29]   --->   Operation 628 'load' 'imag_sample_5_load_14' <Predicate = (!tmp & trunc_ln13_2 == 5)> <Delay = 3.25> <CoreInst = "RAM">   --->   Core 81 'RAM' <Latency = 1> <II = 1> <Delay = 3.25> <Storage> <Opcode : 'load' 'store'> <Ports = 2> <Width = 32> <Depth = 128> <RAM>
ST_5 : Operation 629 [1/1] (0.00ns)   --->   "%bitcast_ln29_238 = bitcast i32 %imag_sample_5_load_14" [dft.cpp:29]   --->   Operation 629 'bitcast' 'bitcast_ln29_238' <Predicate = (!tmp & trunc_ln13_2 == 5)> <Delay = 0.00>
ST_5 : Operation 630 [1/2] ( I:3.25ns O:3.25ns )   --->   "%imag_sample_6_load_14 = load i7 %imag_sample_6_addr_14" [dft.cpp:29]   --->   Operation 630 'load' 'imag_sample_6_load_14' <Predicate = (!tmp & trunc_ln13_2 == 6)> <Delay = 3.25> <CoreInst = "RAM">   --->   Core 81 'RAM' <Latency = 1> <II = 1> <Delay = 3.25> <Storage> <Opcode : 'load' 'store'> <Ports = 2> <Width = 32> <Depth = 128> <RAM>
ST_5 : Operation 631 [1/1] (0.00ns)   --->   "%bitcast_ln29_239 = bitcast i32 %imag_sample_6_load_14" [dft.cpp:29]   --->   Operation 631 'bitcast' 'bitcast_ln29_239' <Predicate = (!tmp & trunc_ln13_2 == 6)> <Delay = 0.00>
ST_5 : Operation 632 [1/2] ( I:3.25ns O:3.25ns )   --->   "%imag_sample_7_load_14 = load i7 %imag_sample_7_addr_14" [dft.cpp:29]   --->   Operation 632 'load' 'imag_sample_7_load_14' <Predicate = (!tmp & trunc_ln13_2 == 7)> <Delay = 3.25> <CoreInst = "RAM">   --->   Core 81 'RAM' <Latency = 1> <II = 1> <Delay = 3.25> <Storage> <Opcode : 'load' 'store'> <Ports = 2> <Width = 32> <Depth = 128> <RAM>
ST_5 : Operation 633 [1/1] (0.00ns)   --->   "%bitcast_ln29_240 = bitcast i32 %imag_sample_7_load_14" [dft.cpp:29]   --->   Operation 633 'bitcast' 'bitcast_ln29_240' <Predicate = (!tmp & trunc_ln13_2 == 7)> <Delay = 0.00>
ST_5 : Operation 634 [1/1] (2.30ns)   --->   "%tmp_28 = sparsemux i32 @_ssdm_op_SparseMux.ap_auto.8float.float.i3, i3 0, i32 %bitcast_ln29_233, i3 1, i32 %bitcast_ln29_234, i3 2, i32 %bitcast_ln29_235, i3 3, i32 %bitcast_ln29_236, i3 4, i32 %bitcast_ln29_237, i3 5, i32 %bitcast_ln29_238, i3 6, i32 %bitcast_ln29_239, i3 7, i32 %bitcast_ln29_240, i32 <undef>, i3 %trunc_ln13_2" [dft.cpp:29]   --->   Operation 634 'sparsemux' 'tmp_28' <Predicate = (!tmp)> <Delay = 2.30> <CoreInst = "BinarySparseMux_DontCare">   --->   Core 137 'BinarySparseMux_DontCare' <Latency = 0> <II = 1> <Delay = 2.30> <FuncUnit> <Opcode : 'sparsemux'> <InPorts = 2> <OutPorts = 1>
ST_5 : Operation 635 [1/2] ( I:3.25ns O:3.25ns )   --->   "%real_sample_0_load_15 = load i7 %real_sample_0_addr_15" [dft.cpp:29]   --->   Operation 635 'load' 'real_sample_0_load_15' <Predicate = (!tmp & trunc_ln13_2 == 0)> <Delay = 3.25> <CoreInst = "RAM">   --->   Core 81 'RAM' <Latency = 1> <II = 1> <Delay = 3.25> <Storage> <Opcode : 'load' 'store'> <Ports = 2> <Width = 32> <Depth = 128> <RAM>
ST_5 : Operation 636 [1/1] (0.00ns)   --->   "%bitcast_ln29_241 = bitcast i32 %real_sample_0_load_15" [dft.cpp:29]   --->   Operation 636 'bitcast' 'bitcast_ln29_241' <Predicate = (!tmp & trunc_ln13_2 == 0)> <Delay = 0.00>
ST_5 : Operation 637 [1/2] ( I:3.25ns O:3.25ns )   --->   "%real_sample_1_load_15 = load i7 %real_sample_1_addr_15" [dft.cpp:29]   --->   Operation 637 'load' 'real_sample_1_load_15' <Predicate = (!tmp & trunc_ln13_2 == 1)> <Delay = 3.25> <CoreInst = "RAM">   --->   Core 81 'RAM' <Latency = 1> <II = 1> <Delay = 3.25> <Storage> <Opcode : 'load' 'store'> <Ports = 2> <Width = 32> <Depth = 128> <RAM>
ST_5 : Operation 638 [1/1] (0.00ns)   --->   "%bitcast_ln29_242 = bitcast i32 %real_sample_1_load_15" [dft.cpp:29]   --->   Operation 638 'bitcast' 'bitcast_ln29_242' <Predicate = (!tmp & trunc_ln13_2 == 1)> <Delay = 0.00>
ST_5 : Operation 639 [1/2] ( I:3.25ns O:3.25ns )   --->   "%real_sample_2_load_15 = load i7 %real_sample_2_addr_15" [dft.cpp:29]   --->   Operation 639 'load' 'real_sample_2_load_15' <Predicate = (!tmp & trunc_ln13_2 == 2)> <Delay = 3.25> <CoreInst = "RAM">   --->   Core 81 'RAM' <Latency = 1> <II = 1> <Delay = 3.25> <Storage> <Opcode : 'load' 'store'> <Ports = 2> <Width = 32> <Depth = 128> <RAM>
ST_5 : Operation 640 [1/1] (0.00ns)   --->   "%bitcast_ln29_243 = bitcast i32 %real_sample_2_load_15" [dft.cpp:29]   --->   Operation 640 'bitcast' 'bitcast_ln29_243' <Predicate = (!tmp & trunc_ln13_2 == 2)> <Delay = 0.00>
ST_5 : Operation 641 [1/2] ( I:3.25ns O:3.25ns )   --->   "%real_sample_3_load_15 = load i7 %real_sample_3_addr_15" [dft.cpp:29]   --->   Operation 641 'load' 'real_sample_3_load_15' <Predicate = (!tmp & trunc_ln13_2 == 3)> <Delay = 3.25> <CoreInst = "RAM">   --->   Core 81 'RAM' <Latency = 1> <II = 1> <Delay = 3.25> <Storage> <Opcode : 'load' 'store'> <Ports = 2> <Width = 32> <Depth = 128> <RAM>
ST_5 : Operation 642 [1/1] (0.00ns)   --->   "%bitcast_ln29_244 = bitcast i32 %real_sample_3_load_15" [dft.cpp:29]   --->   Operation 642 'bitcast' 'bitcast_ln29_244' <Predicate = (!tmp & trunc_ln13_2 == 3)> <Delay = 0.00>
ST_5 : Operation 643 [1/2] ( I:3.25ns O:3.25ns )   --->   "%real_sample_4_load_15 = load i7 %real_sample_4_addr_15" [dft.cpp:29]   --->   Operation 643 'load' 'real_sample_4_load_15' <Predicate = (!tmp & trunc_ln13_2 == 4)> <Delay = 3.25> <CoreInst = "RAM">   --->   Core 81 'RAM' <Latency = 1> <II = 1> <Delay = 3.25> <Storage> <Opcode : 'load' 'store'> <Ports = 2> <Width = 32> <Depth = 128> <RAM>
ST_5 : Operation 644 [1/1] (0.00ns)   --->   "%bitcast_ln29_245 = bitcast i32 %real_sample_4_load_15" [dft.cpp:29]   --->   Operation 644 'bitcast' 'bitcast_ln29_245' <Predicate = (!tmp & trunc_ln13_2 == 4)> <Delay = 0.00>
ST_5 : Operation 645 [1/2] ( I:3.25ns O:3.25ns )   --->   "%real_sample_5_load_15 = load i7 %real_sample_5_addr_15" [dft.cpp:29]   --->   Operation 645 'load' 'real_sample_5_load_15' <Predicate = (!tmp & trunc_ln13_2 == 5)> <Delay = 3.25> <CoreInst = "RAM">   --->   Core 81 'RAM' <Latency = 1> <II = 1> <Delay = 3.25> <Storage> <Opcode : 'load' 'store'> <Ports = 2> <Width = 32> <Depth = 128> <RAM>
ST_5 : Operation 646 [1/1] (0.00ns)   --->   "%bitcast_ln29_246 = bitcast i32 %real_sample_5_load_15" [dft.cpp:29]   --->   Operation 646 'bitcast' 'bitcast_ln29_246' <Predicate = (!tmp & trunc_ln13_2 == 5)> <Delay = 0.00>
ST_5 : Operation 647 [1/2] ( I:3.25ns O:3.25ns )   --->   "%real_sample_6_load_15 = load i7 %real_sample_6_addr_15" [dft.cpp:29]   --->   Operation 647 'load' 'real_sample_6_load_15' <Predicate = (!tmp & trunc_ln13_2 == 6)> <Delay = 3.25> <CoreInst = "RAM">   --->   Core 81 'RAM' <Latency = 1> <II = 1> <Delay = 3.25> <Storage> <Opcode : 'load' 'store'> <Ports = 2> <Width = 32> <Depth = 128> <RAM>
ST_5 : Operation 648 [1/1] (0.00ns)   --->   "%bitcast_ln29_247 = bitcast i32 %real_sample_6_load_15" [dft.cpp:29]   --->   Operation 648 'bitcast' 'bitcast_ln29_247' <Predicate = (!tmp & trunc_ln13_2 == 6)> <Delay = 0.00>
ST_5 : Operation 649 [1/2] ( I:3.25ns O:3.25ns )   --->   "%real_sample_7_load_15 = load i7 %real_sample_7_addr_15" [dft.cpp:29]   --->   Operation 649 'load' 'real_sample_7_load_15' <Predicate = (!tmp & trunc_ln13_2 == 7)> <Delay = 3.25> <CoreInst = "RAM">   --->   Core 81 'RAM' <Latency = 1> <II = 1> <Delay = 3.25> <Storage> <Opcode : 'load' 'store'> <Ports = 2> <Width = 32> <Depth = 128> <RAM>
ST_5 : Operation 650 [1/1] (0.00ns)   --->   "%bitcast_ln29_248 = bitcast i32 %real_sample_7_load_15" [dft.cpp:29]   --->   Operation 650 'bitcast' 'bitcast_ln29_248' <Predicate = (!tmp & trunc_ln13_2 == 7)> <Delay = 0.00>
ST_5 : Operation 651 [1/1] (2.30ns)   --->   "%tmp_29 = sparsemux i32 @_ssdm_op_SparseMux.ap_auto.8float.float.i3, i3 0, i32 %bitcast_ln29_241, i3 1, i32 %bitcast_ln29_242, i3 2, i32 %bitcast_ln29_243, i3 3, i32 %bitcast_ln29_244, i3 4, i32 %bitcast_ln29_245, i3 5, i32 %bitcast_ln29_246, i3 6, i32 %bitcast_ln29_247, i3 7, i32 %bitcast_ln29_248, i32 <undef>, i3 %trunc_ln13_2" [dft.cpp:29]   --->   Operation 651 'sparsemux' 'tmp_29' <Predicate = (!tmp)> <Delay = 2.30> <CoreInst = "BinarySparseMux_DontCare">   --->   Core 137 'BinarySparseMux_DontCare' <Latency = 0> <II = 1> <Delay = 2.30> <FuncUnit> <Opcode : 'sparsemux'> <InPorts = 2> <OutPorts = 1>
ST_5 : Operation 652 [1/2] ( I:3.25ns O:3.25ns )   --->   "%imag_sample_0_load_15 = load i7 %imag_sample_0_addr_15" [dft.cpp:29]   --->   Operation 652 'load' 'imag_sample_0_load_15' <Predicate = (!tmp & trunc_ln13_2 == 0)> <Delay = 3.25> <CoreInst = "RAM">   --->   Core 81 'RAM' <Latency = 1> <II = 1> <Delay = 3.25> <Storage> <Opcode : 'load' 'store'> <Ports = 2> <Width = 32> <Depth = 128> <RAM>
ST_5 : Operation 653 [1/1] (0.00ns)   --->   "%bitcast_ln29_249 = bitcast i32 %imag_sample_0_load_15" [dft.cpp:29]   --->   Operation 653 'bitcast' 'bitcast_ln29_249' <Predicate = (!tmp & trunc_ln13_2 == 0)> <Delay = 0.00>
ST_5 : Operation 654 [1/2] ( I:3.25ns O:3.25ns )   --->   "%imag_sample_1_load_15 = load i7 %imag_sample_1_addr_15" [dft.cpp:29]   --->   Operation 654 'load' 'imag_sample_1_load_15' <Predicate = (!tmp & trunc_ln13_2 == 1)> <Delay = 3.25> <CoreInst = "RAM">   --->   Core 81 'RAM' <Latency = 1> <II = 1> <Delay = 3.25> <Storage> <Opcode : 'load' 'store'> <Ports = 2> <Width = 32> <Depth = 128> <RAM>
ST_5 : Operation 655 [1/1] (0.00ns)   --->   "%bitcast_ln29_250 = bitcast i32 %imag_sample_1_load_15" [dft.cpp:29]   --->   Operation 655 'bitcast' 'bitcast_ln29_250' <Predicate = (!tmp & trunc_ln13_2 == 1)> <Delay = 0.00>
ST_5 : Operation 656 [1/2] ( I:3.25ns O:3.25ns )   --->   "%imag_sample_2_load_15 = load i7 %imag_sample_2_addr_15" [dft.cpp:29]   --->   Operation 656 'load' 'imag_sample_2_load_15' <Predicate = (!tmp & trunc_ln13_2 == 2)> <Delay = 3.25> <CoreInst = "RAM">   --->   Core 81 'RAM' <Latency = 1> <II = 1> <Delay = 3.25> <Storage> <Opcode : 'load' 'store'> <Ports = 2> <Width = 32> <Depth = 128> <RAM>
ST_5 : Operation 657 [1/1] (0.00ns)   --->   "%bitcast_ln29_251 = bitcast i32 %imag_sample_2_load_15" [dft.cpp:29]   --->   Operation 657 'bitcast' 'bitcast_ln29_251' <Predicate = (!tmp & trunc_ln13_2 == 2)> <Delay = 0.00>
ST_5 : Operation 658 [1/2] ( I:3.25ns O:3.25ns )   --->   "%imag_sample_3_load_15 = load i7 %imag_sample_3_addr_15" [dft.cpp:29]   --->   Operation 658 'load' 'imag_sample_3_load_15' <Predicate = (!tmp & trunc_ln13_2 == 3)> <Delay = 3.25> <CoreInst = "RAM">   --->   Core 81 'RAM' <Latency = 1> <II = 1> <Delay = 3.25> <Storage> <Opcode : 'load' 'store'> <Ports = 2> <Width = 32> <Depth = 128> <RAM>
ST_5 : Operation 659 [1/1] (0.00ns)   --->   "%bitcast_ln29_252 = bitcast i32 %imag_sample_3_load_15" [dft.cpp:29]   --->   Operation 659 'bitcast' 'bitcast_ln29_252' <Predicate = (!tmp & trunc_ln13_2 == 3)> <Delay = 0.00>
ST_5 : Operation 660 [1/2] ( I:3.25ns O:3.25ns )   --->   "%imag_sample_4_load_15 = load i7 %imag_sample_4_addr_15" [dft.cpp:29]   --->   Operation 660 'load' 'imag_sample_4_load_15' <Predicate = (!tmp & trunc_ln13_2 == 4)> <Delay = 3.25> <CoreInst = "RAM">   --->   Core 81 'RAM' <Latency = 1> <II = 1> <Delay = 3.25> <Storage> <Opcode : 'load' 'store'> <Ports = 2> <Width = 32> <Depth = 128> <RAM>
ST_5 : Operation 661 [1/1] (0.00ns)   --->   "%bitcast_ln29_253 = bitcast i32 %imag_sample_4_load_15" [dft.cpp:29]   --->   Operation 661 'bitcast' 'bitcast_ln29_253' <Predicate = (!tmp & trunc_ln13_2 == 4)> <Delay = 0.00>
ST_5 : Operation 662 [1/2] ( I:3.25ns O:3.25ns )   --->   "%imag_sample_5_load_15 = load i7 %imag_sample_5_addr_15" [dft.cpp:29]   --->   Operation 662 'load' 'imag_sample_5_load_15' <Predicate = (!tmp & trunc_ln13_2 == 5)> <Delay = 3.25> <CoreInst = "RAM">   --->   Core 81 'RAM' <Latency = 1> <II = 1> <Delay = 3.25> <Storage> <Opcode : 'load' 'store'> <Ports = 2> <Width = 32> <Depth = 128> <RAM>
ST_5 : Operation 663 [1/1] (0.00ns)   --->   "%bitcast_ln29_254 = bitcast i32 %imag_sample_5_load_15" [dft.cpp:29]   --->   Operation 663 'bitcast' 'bitcast_ln29_254' <Predicate = (!tmp & trunc_ln13_2 == 5)> <Delay = 0.00>
ST_5 : Operation 664 [1/2] ( I:3.25ns O:3.25ns )   --->   "%imag_sample_6_load_15 = load i7 %imag_sample_6_addr_15" [dft.cpp:29]   --->   Operation 664 'load' 'imag_sample_6_load_15' <Predicate = (!tmp & trunc_ln13_2 == 6)> <Delay = 3.25> <CoreInst = "RAM">   --->   Core 81 'RAM' <Latency = 1> <II = 1> <Delay = 3.25> <Storage> <Opcode : 'load' 'store'> <Ports = 2> <Width = 32> <Depth = 128> <RAM>
ST_5 : Operation 665 [1/1] (0.00ns)   --->   "%bitcast_ln29_255 = bitcast i32 %imag_sample_6_load_15" [dft.cpp:29]   --->   Operation 665 'bitcast' 'bitcast_ln29_255' <Predicate = (!tmp & trunc_ln13_2 == 6)> <Delay = 0.00>
ST_5 : Operation 666 [1/2] ( I:3.25ns O:3.25ns )   --->   "%imag_sample_7_load_15 = load i7 %imag_sample_7_addr_15" [dft.cpp:29]   --->   Operation 666 'load' 'imag_sample_7_load_15' <Predicate = (!tmp & trunc_ln13_2 == 7)> <Delay = 3.25> <CoreInst = "RAM">   --->   Core 81 'RAM' <Latency = 1> <II = 1> <Delay = 3.25> <Storage> <Opcode : 'load' 'store'> <Ports = 2> <Width = 32> <Depth = 128> <RAM>
ST_5 : Operation 667 [1/1] (0.00ns)   --->   "%bitcast_ln29_256 = bitcast i32 %imag_sample_7_load_15" [dft.cpp:29]   --->   Operation 667 'bitcast' 'bitcast_ln29_256' <Predicate = (!tmp & trunc_ln13_2 == 7)> <Delay = 0.00>
ST_5 : Operation 668 [1/1] (2.30ns)   --->   "%tmp_30 = sparsemux i32 @_ssdm_op_SparseMux.ap_auto.8float.float.i3, i3 0, i32 %bitcast_ln29_249, i3 1, i32 %bitcast_ln29_250, i3 2, i32 %bitcast_ln29_251, i3 3, i32 %bitcast_ln29_252, i3 4, i32 %bitcast_ln29_253, i3 5, i32 %bitcast_ln29_254, i3 6, i32 %bitcast_ln29_255, i3 7, i32 %bitcast_ln29_256, i32 <undef>, i3 %trunc_ln13_2" [dft.cpp:29]   --->   Operation 668 'sparsemux' 'tmp_30' <Predicate = (!tmp)> <Delay = 2.30> <CoreInst = "BinarySparseMux_DontCare">   --->   Core 137 'BinarySparseMux_DontCare' <Latency = 0> <II = 1> <Delay = 2.30> <FuncUnit> <Opcode : 'sparsemux'> <InPorts = 2> <OutPorts = 1>

State 6 <SV = 5> <Delay = 6.79>
ST_6 : Operation 669 [2/4] (5.70ns)   --->   "%mul12_1 = fmul i32 %tmp_15, i32 %c" [dft.cpp:29]   --->   Operation 669 'fmul' 'mul12_1' <Predicate = (!tmp)> <Delay = 5.70> <CoreInst = "FMul_maxdsp">   --->   Core 30 'FMul_maxdsp' <Latency = 3> <II = 1> <Delay = 5.70> <FuncUnit> <Opcode : 'fmul'> <InPorts = 2> <OutPorts = 1>
ST_6 : Operation 670 [3/4] (5.70ns)   --->   "%mul15_1 = fmul i32 %tmp_16, i32 %s" [dft.cpp:29]   --->   Operation 670 'fmul' 'mul15_1' <Predicate = (!tmp)> <Delay = 5.70> <CoreInst = "FMul_maxdsp">   --->   Core 30 'FMul_maxdsp' <Latency = 3> <II = 1> <Delay = 5.70> <FuncUnit> <Opcode : 'fmul'> <InPorts = 2> <OutPorts = 1>
ST_6 : Operation 671 [4/4] (6.79ns)   --->   "%mul20_1 = fmul i32 %tmp_15, i32 %s" [dft.cpp:30]   --->   Operation 671 'fmul' 'mul20_1' <Predicate = (!tmp)> <Delay = 6.79> <CoreInst = "FMul_maxdsp">   --->   Core 30 'FMul_maxdsp' <Latency = 3> <II = 1> <Delay = 5.70> <FuncUnit> <Opcode : 'fmul'> <InPorts = 2> <OutPorts = 1>
ST_6 : Operation 672 [1/2] ( I:3.25ns O:3.25ns )   --->   "%c_48 = load i10 %cos_coefficients_table_addr_11" [dft.cpp:27]   --->   Operation 672 'load' 'c_48' <Predicate = (!tmp)> <Delay = 3.25> <CoreInst = "ROM">   --->   Core 94 'ROM' <Latency = 1> <II = 1> <Delay = 3.25> <Storage> <Opcode : 'load'> <Ports = 0> <Width = 32> <Depth = 1024> <ROM>
ST_6 : Operation 673 [1/2] ( I:3.25ns O:3.25ns )   --->   "%s_48 = load i10 %sin_coefficients_table_addr_11" [dft.cpp:28]   --->   Operation 673 'load' 's_48' <Predicate = (!tmp)> <Delay = 3.25> <CoreInst = "ROM">   --->   Core 94 'ROM' <Latency = 1> <II = 1> <Delay = 3.25> <Storage> <Opcode : 'load'> <Ports = 0> <Width = 32> <Depth = 1024> <ROM>
ST_6 : Operation 674 [1/1] (1.73ns)   --->   "%idx_49 = add i10 %idx_48, i10 %or_ln1_read" [dft.cpp:26]   --->   Operation 674 'add' 'idx_49' <Predicate = (!tmp)> <Delay = 1.73> <CoreInst = "Adder">   --->   Core 1 'Adder' <Latency = 0> <II = 1> <Delay = 1.73> <FuncUnit> <Opcode : 'add' 'sub'> <InPorts = 2> <OutPorts = 1>
ST_6 : Operation 675 [1/1] (0.00ns)   --->   "%zext_ln27_12 = zext i10 %idx_49" [dft.cpp:27]   --->   Operation 675 'zext' 'zext_ln27_12' <Predicate = (!tmp)> <Delay = 0.00>
ST_6 : Operation 676 [1/1] (0.00ns)   --->   "%cos_coefficients_table_addr_12 = getelementptr i32 %cos_coefficients_table, i64 0, i64 %zext_ln27_12" [dft.cpp:27]   --->   Operation 676 'getelementptr' 'cos_coefficients_table_addr_12' <Predicate = (!tmp)> <Delay = 0.00>
ST_6 : Operation 677 [2/2] (3.25ns)   --->   "%c_49 = load i10 %cos_coefficients_table_addr_12" [dft.cpp:27]   --->   Operation 677 'load' 'c_49' <Predicate = (!tmp)> <Delay = 3.25> <CoreInst = "ROM">   --->   Core 94 'ROM' <Latency = 1> <II = 1> <Delay = 3.25> <Storage> <Opcode : 'load'> <Ports = 0> <Width = 32> <Depth = 1024> <ROM>
ST_6 : Operation 678 [1/1] (0.00ns)   --->   "%sin_coefficients_table_addr_12 = getelementptr i32 %sin_coefficients_table, i64 0, i64 %zext_ln27_12" [dft.cpp:28]   --->   Operation 678 'getelementptr' 'sin_coefficients_table_addr_12' <Predicate = (!tmp)> <Delay = 0.00>
ST_6 : Operation 679 [2/2] (3.25ns)   --->   "%s_49 = load i10 %sin_coefficients_table_addr_12" [dft.cpp:28]   --->   Operation 679 'load' 's_49' <Predicate = (!tmp)> <Delay = 3.25> <CoreInst = "ROM">   --->   Core 94 'ROM' <Latency = 1> <II = 1> <Delay = 3.25> <Storage> <Opcode : 'load'> <Ports = 0> <Width = 32> <Depth = 1024> <ROM>

State 7 <SV = 6> <Delay = 6.79>
ST_7 : Operation 680 [1/4] (5.70ns)   --->   "%mul12_1 = fmul i32 %tmp_15, i32 %c" [dft.cpp:29]   --->   Operation 680 'fmul' 'mul12_1' <Predicate = (!tmp)> <Delay = 5.70> <CoreInst = "FMul_maxdsp">   --->   Core 30 'FMul_maxdsp' <Latency = 3> <II = 1> <Delay = 5.70> <FuncUnit> <Opcode : 'fmul'> <InPorts = 2> <OutPorts = 1>
ST_7 : Operation 681 [2/4] (5.70ns)   --->   "%mul15_1 = fmul i32 %tmp_16, i32 %s" [dft.cpp:29]   --->   Operation 681 'fmul' 'mul15_1' <Predicate = (!tmp)> <Delay = 5.70> <CoreInst = "FMul_maxdsp">   --->   Core 30 'FMul_maxdsp' <Latency = 3> <II = 1> <Delay = 5.70> <FuncUnit> <Opcode : 'fmul'> <InPorts = 2> <OutPorts = 1>
ST_7 : Operation 682 [3/4] (5.70ns)   --->   "%mul20_1 = fmul i32 %tmp_15, i32 %s" [dft.cpp:30]   --->   Operation 682 'fmul' 'mul20_1' <Predicate = (!tmp)> <Delay = 5.70> <CoreInst = "FMul_maxdsp">   --->   Core 30 'FMul_maxdsp' <Latency = 3> <II = 1> <Delay = 5.70> <FuncUnit> <Opcode : 'fmul'> <InPorts = 2> <OutPorts = 1>
ST_7 : Operation 683 [4/4] (6.79ns)   --->   "%mul23_1 = fmul i32 %tmp_16, i32 %c" [dft.cpp:30]   --->   Operation 683 'fmul' 'mul23_1' <Predicate = (!tmp)> <Delay = 6.79> <CoreInst = "FMul_maxdsp">   --->   Core 30 'FMul_maxdsp' <Latency = 3> <II = 1> <Delay = 5.70> <FuncUnit> <Opcode : 'fmul'> <InPorts = 2> <OutPorts = 1>
ST_7 : Operation 684 [1/2] ( I:3.25ns O:3.25ns )   --->   "%c_49 = load i10 %cos_coefficients_table_addr_12" [dft.cpp:27]   --->   Operation 684 'load' 'c_49' <Predicate = (!tmp)> <Delay = 3.25> <CoreInst = "ROM">   --->   Core 94 'ROM' <Latency = 1> <II = 1> <Delay = 3.25> <Storage> <Opcode : 'load'> <Ports = 0> <Width = 32> <Depth = 1024> <ROM>
ST_7 : Operation 685 [1/2] ( I:3.25ns O:3.25ns )   --->   "%s_49 = load i10 %sin_coefficients_table_addr_12" [dft.cpp:28]   --->   Operation 685 'load' 's_49' <Predicate = (!tmp)> <Delay = 3.25> <CoreInst = "ROM">   --->   Core 94 'ROM' <Latency = 1> <II = 1> <Delay = 3.25> <Storage> <Opcode : 'load'> <Ports = 0> <Width = 32> <Depth = 1024> <ROM>
ST_7 : Operation 686 [1/1] (1.73ns)   --->   "%idx_50 = add i10 %idx_49, i10 %or_ln1_read" [dft.cpp:26]   --->   Operation 686 'add' 'idx_50' <Predicate = (!tmp)> <Delay = 1.73> <CoreInst = "Adder">   --->   Core 1 'Adder' <Latency = 0> <II = 1> <Delay = 1.73> <FuncUnit> <Opcode : 'add' 'sub'> <InPorts = 2> <OutPorts = 1>
ST_7 : Operation 687 [1/1] (0.00ns)   --->   "%zext_ln27_13 = zext i10 %idx_50" [dft.cpp:27]   --->   Operation 687 'zext' 'zext_ln27_13' <Predicate = (!tmp)> <Delay = 0.00>
ST_7 : Operation 688 [1/1] (0.00ns)   --->   "%cos_coefficients_table_addr_13 = getelementptr i32 %cos_coefficients_table, i64 0, i64 %zext_ln27_13" [dft.cpp:27]   --->   Operation 688 'getelementptr' 'cos_coefficients_table_addr_13' <Predicate = (!tmp)> <Delay = 0.00>
ST_7 : Operation 689 [2/2] (3.25ns)   --->   "%c_50 = load i10 %cos_coefficients_table_addr_13" [dft.cpp:27]   --->   Operation 689 'load' 'c_50' <Predicate = (!tmp)> <Delay = 3.25> <CoreInst = "ROM">   --->   Core 94 'ROM' <Latency = 1> <II = 1> <Delay = 3.25> <Storage> <Opcode : 'load'> <Ports = 0> <Width = 32> <Depth = 1024> <ROM>
ST_7 : Operation 690 [1/1] (0.00ns)   --->   "%sin_coefficients_table_addr_13 = getelementptr i32 %sin_coefficients_table, i64 0, i64 %zext_ln27_13" [dft.cpp:28]   --->   Operation 690 'getelementptr' 'sin_coefficients_table_addr_13' <Predicate = (!tmp)> <Delay = 0.00>
ST_7 : Operation 691 [2/2] (3.25ns)   --->   "%s_50 = load i10 %sin_coefficients_table_addr_13" [dft.cpp:28]   --->   Operation 691 'load' 's_50' <Predicate = (!tmp)> <Delay = 3.25> <CoreInst = "ROM">   --->   Core 94 'ROM' <Latency = 1> <II = 1> <Delay = 3.25> <Storage> <Opcode : 'load'> <Ports = 0> <Width = 32> <Depth = 1024> <ROM>

State 8 <SV = 7> <Delay = 6.79>
ST_8 : Operation 692 [1/4] (5.70ns)   --->   "%mul15_1 = fmul i32 %tmp_16, i32 %s" [dft.cpp:29]   --->   Operation 692 'fmul' 'mul15_1' <Predicate = (!tmp)> <Delay = 5.70> <CoreInst = "FMul_maxdsp">   --->   Core 30 'FMul_maxdsp' <Latency = 3> <II = 1> <Delay = 5.70> <FuncUnit> <Opcode : 'fmul'> <InPorts = 2> <OutPorts = 1>
ST_8 : Operation 693 [2/4] (5.70ns)   --->   "%mul20_1 = fmul i32 %tmp_15, i32 %s" [dft.cpp:30]   --->   Operation 693 'fmul' 'mul20_1' <Predicate = (!tmp)> <Delay = 5.70> <CoreInst = "FMul_maxdsp">   --->   Core 30 'FMul_maxdsp' <Latency = 3> <II = 1> <Delay = 5.70> <FuncUnit> <Opcode : 'fmul'> <InPorts = 2> <OutPorts = 1>
ST_8 : Operation 694 [3/4] (5.70ns)   --->   "%mul23_1 = fmul i32 %tmp_16, i32 %c" [dft.cpp:30]   --->   Operation 694 'fmul' 'mul23_1' <Predicate = (!tmp)> <Delay = 5.70> <CoreInst = "FMul_maxdsp">   --->   Core 30 'FMul_maxdsp' <Latency = 3> <II = 1> <Delay = 5.70> <FuncUnit> <Opcode : 'fmul'> <InPorts = 2> <OutPorts = 1>
ST_8 : Operation 695 [4/4] (6.79ns)   --->   "%mul12_1_1 = fmul i32 %tmp_17, i32 %c_46" [dft.cpp:29]   --->   Operation 695 'fmul' 'mul12_1_1' <Predicate = (!tmp)> <Delay = 6.79> <CoreInst = "FMul_maxdsp">   --->   Core 30 'FMul_maxdsp' <Latency = 3> <II = 1> <Delay = 5.70> <FuncUnit> <Opcode : 'fmul'> <InPorts = 2> <OutPorts = 1>
ST_8 : Operation 696 [1/2] ( I:3.25ns O:3.25ns )   --->   "%c_50 = load i10 %cos_coefficients_table_addr_13" [dft.cpp:27]   --->   Operation 696 'load' 'c_50' <Predicate = (!tmp)> <Delay = 3.25> <CoreInst = "ROM">   --->   Core 94 'ROM' <Latency = 1> <II = 1> <Delay = 3.25> <Storage> <Opcode : 'load'> <Ports = 0> <Width = 32> <Depth = 1024> <ROM>
ST_8 : Operation 697 [1/2] ( I:3.25ns O:3.25ns )   --->   "%s_50 = load i10 %sin_coefficients_table_addr_13" [dft.cpp:28]   --->   Operation 697 'load' 's_50' <Predicate = (!tmp)> <Delay = 3.25> <CoreInst = "ROM">   --->   Core 94 'ROM' <Latency = 1> <II = 1> <Delay = 3.25> <Storage> <Opcode : 'load'> <Ports = 0> <Width = 32> <Depth = 1024> <ROM>
ST_8 : Operation 698 [1/1] (1.73ns)   --->   "%idx_51 = add i10 %idx_50, i10 %or_ln1_read" [dft.cpp:26]   --->   Operation 698 'add' 'idx_51' <Predicate = (!tmp)> <Delay = 1.73> <CoreInst = "Adder">   --->   Core 1 'Adder' <Latency = 0> <II = 1> <Delay = 1.73> <FuncUnit> <Opcode : 'add' 'sub'> <InPorts = 2> <OutPorts = 1>
ST_8 : Operation 699 [1/1] (0.00ns)   --->   "%zext_ln27_14 = zext i10 %idx_51" [dft.cpp:27]   --->   Operation 699 'zext' 'zext_ln27_14' <Predicate = (!tmp)> <Delay = 0.00>
ST_8 : Operation 700 [1/1] (0.00ns)   --->   "%cos_coefficients_table_addr_14 = getelementptr i32 %cos_coefficients_table, i64 0, i64 %zext_ln27_14" [dft.cpp:27]   --->   Operation 700 'getelementptr' 'cos_coefficients_table_addr_14' <Predicate = (!tmp)> <Delay = 0.00>
ST_8 : Operation 701 [2/2] (3.25ns)   --->   "%c_51 = load i10 %cos_coefficients_table_addr_14" [dft.cpp:27]   --->   Operation 701 'load' 'c_51' <Predicate = (!tmp)> <Delay = 3.25> <CoreInst = "ROM">   --->   Core 94 'ROM' <Latency = 1> <II = 1> <Delay = 3.25> <Storage> <Opcode : 'load'> <Ports = 0> <Width = 32> <Depth = 1024> <ROM>
ST_8 : Operation 702 [1/1] (0.00ns)   --->   "%sin_coefficients_table_addr_14 = getelementptr i32 %sin_coefficients_table, i64 0, i64 %zext_ln27_14" [dft.cpp:28]   --->   Operation 702 'getelementptr' 'sin_coefficients_table_addr_14' <Predicate = (!tmp)> <Delay = 0.00>
ST_8 : Operation 703 [2/2] (3.25ns)   --->   "%s_51 = load i10 %sin_coefficients_table_addr_14" [dft.cpp:28]   --->   Operation 703 'load' 's_51' <Predicate = (!tmp)> <Delay = 3.25> <CoreInst = "ROM">   --->   Core 94 'ROM' <Latency = 1> <II = 1> <Delay = 3.25> <Storage> <Opcode : 'load'> <Ports = 0> <Width = 32> <Depth = 1024> <ROM>
ST_8 : Operation 704 [1/1] (1.73ns)   --->   "%idx_52 = add i10 %idx_51, i10 %or_ln1_read" [dft.cpp:26]   --->   Operation 704 'add' 'idx_52' <Predicate = (!tmp)> <Delay = 1.73> <CoreInst = "Adder">   --->   Core 1 'Adder' <Latency = 0> <II = 1> <Delay = 1.73> <FuncUnit> <Opcode : 'add' 'sub'> <InPorts = 2> <OutPorts = 1>

State 9 <SV = 8> <Delay = 9.30>
ST_9 : Operation 705 [5/5] (9.30ns)   --->   "%sub_1 = fsub i32 %mul12_1, i32 %mul15_1" [dft.cpp:29]   --->   Operation 705 'fsub' 'sub_1' <Predicate = (!tmp)> <Delay = 9.30> <CoreInst = "FAddSub_fulldsp">   --->   Core 18 'FAddSub_fulldsp' <Latency = 4> <II = 1> <Delay = 7.25> <FuncUnit> <Opcode : 'fadd' 'fsub'> <InPorts = 2> <OutPorts = 1>
ST_9 : Operation 706 [1/4] (5.70ns)   --->   "%mul20_1 = fmul i32 %tmp_15, i32 %s" [dft.cpp:30]   --->   Operation 706 'fmul' 'mul20_1' <Predicate = (!tmp)> <Delay = 5.70> <CoreInst = "FMul_maxdsp">   --->   Core 30 'FMul_maxdsp' <Latency = 3> <II = 1> <Delay = 5.70> <FuncUnit> <Opcode : 'fmul'> <InPorts = 2> <OutPorts = 1>
ST_9 : Operation 707 [2/4] (5.70ns)   --->   "%mul23_1 = fmul i32 %tmp_16, i32 %c" [dft.cpp:30]   --->   Operation 707 'fmul' 'mul23_1' <Predicate = (!tmp)> <Delay = 5.70> <CoreInst = "FMul_maxdsp">   --->   Core 30 'FMul_maxdsp' <Latency = 3> <II = 1> <Delay = 5.70> <FuncUnit> <Opcode : 'fmul'> <InPorts = 2> <OutPorts = 1>
ST_9 : Operation 708 [3/4] (5.70ns)   --->   "%mul12_1_1 = fmul i32 %tmp_17, i32 %c_46" [dft.cpp:29]   --->   Operation 708 'fmul' 'mul12_1_1' <Predicate = (!tmp)> <Delay = 5.70> <CoreInst = "FMul_maxdsp">   --->   Core 30 'FMul_maxdsp' <Latency = 3> <II = 1> <Delay = 5.70> <FuncUnit> <Opcode : 'fmul'> <InPorts = 2> <OutPorts = 1>
ST_9 : Operation 709 [4/4] (6.79ns)   --->   "%mul15_1_1 = fmul i32 %tmp_18, i32 %s_46" [dft.cpp:29]   --->   Operation 709 'fmul' 'mul15_1_1' <Predicate = (!tmp)> <Delay = 6.79> <CoreInst = "FMul_maxdsp">   --->   Core 30 'FMul_maxdsp' <Latency = 3> <II = 1> <Delay = 5.70> <FuncUnit> <Opcode : 'fmul'> <InPorts = 2> <OutPorts = 1>
ST_9 : Operation 710 [1/2] ( I:3.25ns O:3.25ns )   --->   "%c_51 = load i10 %cos_coefficients_table_addr_14" [dft.cpp:27]   --->   Operation 710 'load' 'c_51' <Predicate = (!tmp)> <Delay = 3.25> <CoreInst = "ROM">   --->   Core 94 'ROM' <Latency = 1> <II = 1> <Delay = 3.25> <Storage> <Opcode : 'load'> <Ports = 0> <Width = 32> <Depth = 1024> <ROM>
ST_9 : Operation 711 [1/2] ( I:3.25ns O:3.25ns )   --->   "%s_51 = load i10 %sin_coefficients_table_addr_14" [dft.cpp:28]   --->   Operation 711 'load' 's_51' <Predicate = (!tmp)> <Delay = 3.25> <CoreInst = "ROM">   --->   Core 94 'ROM' <Latency = 1> <II = 1> <Delay = 3.25> <Storage> <Opcode : 'load'> <Ports = 0> <Width = 32> <Depth = 1024> <ROM>
ST_9 : Operation 712 [1/1] (0.00ns)   --->   "%zext_ln27_15 = zext i10 %idx_52" [dft.cpp:27]   --->   Operation 712 'zext' 'zext_ln27_15' <Predicate = (!tmp)> <Delay = 0.00>
ST_9 : Operation 713 [1/1] (0.00ns)   --->   "%cos_coefficients_table_addr_15 = getelementptr i32 %cos_coefficients_table, i64 0, i64 %zext_ln27_15" [dft.cpp:27]   --->   Operation 713 'getelementptr' 'cos_coefficients_table_addr_15' <Predicate = (!tmp)> <Delay = 0.00>
ST_9 : Operation 714 [2/2] (3.25ns)   --->   "%c_52 = load i10 %cos_coefficients_table_addr_15" [dft.cpp:27]   --->   Operation 714 'load' 'c_52' <Predicate = (!tmp)> <Delay = 3.25> <CoreInst = "ROM">   --->   Core 94 'ROM' <Latency = 1> <II = 1> <Delay = 3.25> <Storage> <Opcode : 'load'> <Ports = 0> <Width = 32> <Depth = 1024> <ROM>
ST_9 : Operation 715 [1/1] (0.00ns)   --->   "%sin_coefficients_table_addr_15 = getelementptr i32 %sin_coefficients_table, i64 0, i64 %zext_ln27_15" [dft.cpp:28]   --->   Operation 715 'getelementptr' 'sin_coefficients_table_addr_15' <Predicate = (!tmp)> <Delay = 0.00>
ST_9 : Operation 716 [2/2] (3.25ns)   --->   "%s_52 = load i10 %sin_coefficients_table_addr_15" [dft.cpp:28]   --->   Operation 716 'load' 's_52' <Predicate = (!tmp)> <Delay = 3.25> <CoreInst = "ROM">   --->   Core 94 'ROM' <Latency = 1> <II = 1> <Delay = 3.25> <Storage> <Opcode : 'load'> <Ports = 0> <Width = 32> <Depth = 1024> <ROM>

State 10 <SV = 9> <Delay = 7.25>
ST_10 : Operation 717 [4/5] (7.25ns)   --->   "%sub_1 = fsub i32 %mul12_1, i32 %mul15_1" [dft.cpp:29]   --->   Operation 717 'fsub' 'sub_1' <Predicate = (!tmp)> <Delay = 7.25> <CoreInst = "FAddSub_fulldsp">   --->   Core 18 'FAddSub_fulldsp' <Latency = 4> <II = 1> <Delay = 7.25> <FuncUnit> <Opcode : 'fadd' 'fsub'> <InPorts = 2> <OutPorts = 1>
ST_10 : Operation 718 [1/4] (5.70ns)   --->   "%mul23_1 = fmul i32 %tmp_16, i32 %c" [dft.cpp:30]   --->   Operation 718 'fmul' 'mul23_1' <Predicate = (!tmp)> <Delay = 5.70> <CoreInst = "FMul_maxdsp">   --->   Core 30 'FMul_maxdsp' <Latency = 3> <II = 1> <Delay = 5.70> <FuncUnit> <Opcode : 'fmul'> <InPorts = 2> <OutPorts = 1>
ST_10 : Operation 719 [2/4] (5.70ns)   --->   "%mul12_1_1 = fmul i32 %tmp_17, i32 %c_46" [dft.cpp:29]   --->   Operation 719 'fmul' 'mul12_1_1' <Predicate = (!tmp)> <Delay = 5.70> <CoreInst = "FMul_maxdsp">   --->   Core 30 'FMul_maxdsp' <Latency = 3> <II = 1> <Delay = 5.70> <FuncUnit> <Opcode : 'fmul'> <InPorts = 2> <OutPorts = 1>
ST_10 : Operation 720 [3/4] (5.70ns)   --->   "%mul15_1_1 = fmul i32 %tmp_18, i32 %s_46" [dft.cpp:29]   --->   Operation 720 'fmul' 'mul15_1_1' <Predicate = (!tmp)> <Delay = 5.70> <CoreInst = "FMul_maxdsp">   --->   Core 30 'FMul_maxdsp' <Latency = 3> <II = 1> <Delay = 5.70> <FuncUnit> <Opcode : 'fmul'> <InPorts = 2> <OutPorts = 1>
ST_10 : Operation 721 [4/4] (6.79ns)   --->   "%mul20_1_1 = fmul i32 %tmp_17, i32 %s_46" [dft.cpp:30]   --->   Operation 721 'fmul' 'mul20_1_1' <Predicate = (!tmp)> <Delay = 6.79> <CoreInst = "FMul_maxdsp">   --->   Core 30 'FMul_maxdsp' <Latency = 3> <II = 1> <Delay = 5.70> <FuncUnit> <Opcode : 'fmul'> <InPorts = 2> <OutPorts = 1>
ST_10 : Operation 722 [1/2] ( I:3.25ns O:3.25ns )   --->   "%c_52 = load i10 %cos_coefficients_table_addr_15" [dft.cpp:27]   --->   Operation 722 'load' 'c_52' <Predicate = (!tmp)> <Delay = 3.25> <CoreInst = "ROM">   --->   Core 94 'ROM' <Latency = 1> <II = 1> <Delay = 3.25> <Storage> <Opcode : 'load'> <Ports = 0> <Width = 32> <Depth = 1024> <ROM>
ST_10 : Operation 723 [1/2] ( I:3.25ns O:3.25ns )   --->   "%s_52 = load i10 %sin_coefficients_table_addr_15" [dft.cpp:28]   --->   Operation 723 'load' 's_52' <Predicate = (!tmp)> <Delay = 3.25> <CoreInst = "ROM">   --->   Core 94 'ROM' <Latency = 1> <II = 1> <Delay = 3.25> <Storage> <Opcode : 'load'> <Ports = 0> <Width = 32> <Depth = 1024> <ROM>

State 11 <SV = 10> <Delay = 9.30>
ST_11 : Operation 724 [3/5] (7.25ns)   --->   "%sub_1 = fsub i32 %mul12_1, i32 %mul15_1" [dft.cpp:29]   --->   Operation 724 'fsub' 'sub_1' <Predicate = (!tmp)> <Delay = 7.25> <CoreInst = "FAddSub_fulldsp">   --->   Core 18 'FAddSub_fulldsp' <Latency = 4> <II = 1> <Delay = 7.25> <FuncUnit> <Opcode : 'fadd' 'fsub'> <InPorts = 2> <OutPorts = 1>
ST_11 : Operation 725 [5/5] (9.30ns)   --->   "%add24_1 = fadd i32 %mul20_1, i32 %mul23_1" [dft.cpp:30]   --->   Operation 725 'fadd' 'add24_1' <Predicate = (!tmp)> <Delay = 9.30> <CoreInst = "FAddSub_fulldsp">   --->   Core 18 'FAddSub_fulldsp' <Latency = 4> <II = 1> <Delay = 7.25> <FuncUnit> <Opcode : 'fadd' 'fsub'> <InPorts = 2> <OutPorts = 1>
ST_11 : Operation 726 [1/4] (5.70ns)   --->   "%mul12_1_1 = fmul i32 %tmp_17, i32 %c_46" [dft.cpp:29]   --->   Operation 726 'fmul' 'mul12_1_1' <Predicate = (!tmp)> <Delay = 5.70> <CoreInst = "FMul_maxdsp">   --->   Core 30 'FMul_maxdsp' <Latency = 3> <II = 1> <Delay = 5.70> <FuncUnit> <Opcode : 'fmul'> <InPorts = 2> <OutPorts = 1>
ST_11 : Operation 727 [2/4] (5.70ns)   --->   "%mul15_1_1 = fmul i32 %tmp_18, i32 %s_46" [dft.cpp:29]   --->   Operation 727 'fmul' 'mul15_1_1' <Predicate = (!tmp)> <Delay = 5.70> <CoreInst = "FMul_maxdsp">   --->   Core 30 'FMul_maxdsp' <Latency = 3> <II = 1> <Delay = 5.70> <FuncUnit> <Opcode : 'fmul'> <InPorts = 2> <OutPorts = 1>
ST_11 : Operation 728 [3/4] (5.70ns)   --->   "%mul20_1_1 = fmul i32 %tmp_17, i32 %s_46" [dft.cpp:30]   --->   Operation 728 'fmul' 'mul20_1_1' <Predicate = (!tmp)> <Delay = 5.70> <CoreInst = "FMul_maxdsp">   --->   Core 30 'FMul_maxdsp' <Latency = 3> <II = 1> <Delay = 5.70> <FuncUnit> <Opcode : 'fmul'> <InPorts = 2> <OutPorts = 1>
ST_11 : Operation 729 [4/4] (6.79ns)   --->   "%mul23_1_1 = fmul i32 %tmp_18, i32 %c_46" [dft.cpp:30]   --->   Operation 729 'fmul' 'mul23_1_1' <Predicate = (!tmp)> <Delay = 6.79> <CoreInst = "FMul_maxdsp">   --->   Core 30 'FMul_maxdsp' <Latency = 3> <II = 1> <Delay = 5.70> <FuncUnit> <Opcode : 'fmul'> <InPorts = 2> <OutPorts = 1>

State 12 <SV = 11> <Delay = 7.25>
ST_12 : Operation 730 [2/5] (7.25ns)   --->   "%sub_1 = fsub i32 %mul12_1, i32 %mul15_1" [dft.cpp:29]   --->   Operation 730 'fsub' 'sub_1' <Predicate = (!tmp)> <Delay = 7.25> <CoreInst = "FAddSub_fulldsp">   --->   Core 18 'FAddSub_fulldsp' <Latency = 4> <II = 1> <Delay = 7.25> <FuncUnit> <Opcode : 'fadd' 'fsub'> <InPorts = 2> <OutPorts = 1>
ST_12 : Operation 731 [4/5] (7.25ns)   --->   "%add24_1 = fadd i32 %mul20_1, i32 %mul23_1" [dft.cpp:30]   --->   Operation 731 'fadd' 'add24_1' <Predicate = (!tmp)> <Delay = 7.25> <CoreInst = "FAddSub_fulldsp">   --->   Core 18 'FAddSub_fulldsp' <Latency = 4> <II = 1> <Delay = 7.25> <FuncUnit> <Opcode : 'fadd' 'fsub'> <InPorts = 2> <OutPorts = 1>
ST_12 : Operation 732 [1/4] (5.70ns)   --->   "%mul15_1_1 = fmul i32 %tmp_18, i32 %s_46" [dft.cpp:29]   --->   Operation 732 'fmul' 'mul15_1_1' <Predicate = (!tmp)> <Delay = 5.70> <CoreInst = "FMul_maxdsp">   --->   Core 30 'FMul_maxdsp' <Latency = 3> <II = 1> <Delay = 5.70> <FuncUnit> <Opcode : 'fmul'> <InPorts = 2> <OutPorts = 1>
ST_12 : Operation 733 [2/4] (5.70ns)   --->   "%mul20_1_1 = fmul i32 %tmp_17, i32 %s_46" [dft.cpp:30]   --->   Operation 733 'fmul' 'mul20_1_1' <Predicate = (!tmp)> <Delay = 5.70> <CoreInst = "FMul_maxdsp">   --->   Core 30 'FMul_maxdsp' <Latency = 3> <II = 1> <Delay = 5.70> <FuncUnit> <Opcode : 'fmul'> <InPorts = 2> <OutPorts = 1>
ST_12 : Operation 734 [3/4] (5.70ns)   --->   "%mul23_1_1 = fmul i32 %tmp_18, i32 %c_46" [dft.cpp:30]   --->   Operation 734 'fmul' 'mul23_1_1' <Predicate = (!tmp)> <Delay = 5.70> <CoreInst = "FMul_maxdsp">   --->   Core 30 'FMul_maxdsp' <Latency = 3> <II = 1> <Delay = 5.70> <FuncUnit> <Opcode : 'fmul'> <InPorts = 2> <OutPorts = 1>
ST_12 : Operation 735 [4/4] (6.79ns)   --->   "%mul12_1_2 = fmul i32 %tmp_19, i32 %c_47" [dft.cpp:29]   --->   Operation 735 'fmul' 'mul12_1_2' <Predicate = (!tmp)> <Delay = 6.79> <CoreInst = "FMul_maxdsp">   --->   Core 30 'FMul_maxdsp' <Latency = 3> <II = 1> <Delay = 5.70> <FuncUnit> <Opcode : 'fmul'> <InPorts = 2> <OutPorts = 1>

State 13 <SV = 12> <Delay = 9.30>
ST_13 : Operation 736 [1/5] (7.25ns)   --->   "%sub_1 = fsub i32 %mul12_1, i32 %mul15_1" [dft.cpp:29]   --->   Operation 736 'fsub' 'sub_1' <Predicate = (!tmp)> <Delay = 7.25> <CoreInst = "FAddSub_fulldsp">   --->   Core 18 'FAddSub_fulldsp' <Latency = 4> <II = 1> <Delay = 7.25> <FuncUnit> <Opcode : 'fadd' 'fsub'> <InPorts = 2> <OutPorts = 1>
ST_13 : Operation 737 [3/5] (7.25ns)   --->   "%add24_1 = fadd i32 %mul20_1, i32 %mul23_1" [dft.cpp:30]   --->   Operation 737 'fadd' 'add24_1' <Predicate = (!tmp)> <Delay = 7.25> <CoreInst = "FAddSub_fulldsp">   --->   Core 18 'FAddSub_fulldsp' <Latency = 4> <II = 1> <Delay = 7.25> <FuncUnit> <Opcode : 'fadd' 'fsub'> <InPorts = 2> <OutPorts = 1>
ST_13 : Operation 738 [5/5] (9.30ns)   --->   "%sub_1_1 = fsub i32 %mul12_1_1, i32 %mul15_1_1" [dft.cpp:29]   --->   Operation 738 'fsub' 'sub_1_1' <Predicate = (!tmp)> <Delay = 9.30> <CoreInst = "FAddSub_fulldsp">   --->   Core 18 'FAddSub_fulldsp' <Latency = 4> <II = 1> <Delay = 7.25> <FuncUnit> <Opcode : 'fadd' 'fsub'> <InPorts = 2> <OutPorts = 1>
ST_13 : Operation 739 [1/4] (5.70ns)   --->   "%mul20_1_1 = fmul i32 %tmp_17, i32 %s_46" [dft.cpp:30]   --->   Operation 739 'fmul' 'mul20_1_1' <Predicate = (!tmp)> <Delay = 5.70> <CoreInst = "FMul_maxdsp">   --->   Core 30 'FMul_maxdsp' <Latency = 3> <II = 1> <Delay = 5.70> <FuncUnit> <Opcode : 'fmul'> <InPorts = 2> <OutPorts = 1>
ST_13 : Operation 740 [2/4] (5.70ns)   --->   "%mul23_1_1 = fmul i32 %tmp_18, i32 %c_46" [dft.cpp:30]   --->   Operation 740 'fmul' 'mul23_1_1' <Predicate = (!tmp)> <Delay = 5.70> <CoreInst = "FMul_maxdsp">   --->   Core 30 'FMul_maxdsp' <Latency = 3> <II = 1> <Delay = 5.70> <FuncUnit> <Opcode : 'fmul'> <InPorts = 2> <OutPorts = 1>
ST_13 : Operation 741 [3/4] (5.70ns)   --->   "%mul12_1_2 = fmul i32 %tmp_19, i32 %c_47" [dft.cpp:29]   --->   Operation 741 'fmul' 'mul12_1_2' <Predicate = (!tmp)> <Delay = 5.70> <CoreInst = "FMul_maxdsp">   --->   Core 30 'FMul_maxdsp' <Latency = 3> <II = 1> <Delay = 5.70> <FuncUnit> <Opcode : 'fmul'> <InPorts = 2> <OutPorts = 1>
ST_13 : Operation 742 [4/4] (6.79ns)   --->   "%mul15_1_2 = fmul i32 %tmp_20, i32 %s_47" [dft.cpp:29]   --->   Operation 742 'fmul' 'mul15_1_2' <Predicate = (!tmp)> <Delay = 6.79> <CoreInst = "FMul_maxdsp">   --->   Core 30 'FMul_maxdsp' <Latency = 3> <II = 1> <Delay = 5.70> <FuncUnit> <Opcode : 'fmul'> <InPorts = 2> <OutPorts = 1>

State 14 <SV = 13> <Delay = 9.30>
ST_14 : Operation 743 [1/1] (0.00ns)   --->   "%add3_1_load = load i32 %add3_1" [dft.cpp:29]   --->   Operation 743 'load' 'add3_1_load' <Predicate = (!tmp)> <Delay = 0.00>
ST_14 : Operation 744 [5/5] (9.30ns)   --->   "%add_1 = fadd i32 %add3_1_load, i32 %sub_1" [dft.cpp:29]   --->   Operation 744 'fadd' 'add_1' <Predicate = (!tmp)> <Delay = 9.30> <CoreInst = "FAddSub_fulldsp">   --->   Core 18 'FAddSub_fulldsp' <Latency = 4> <II = 1> <Delay = 7.25> <FuncUnit> <Opcode : 'fadd' 'fsub'> <InPorts = 2> <OutPorts = 1>
ST_14 : Operation 745 [2/5] (7.25ns)   --->   "%add24_1 = fadd i32 %mul20_1, i32 %mul23_1" [dft.cpp:30]   --->   Operation 745 'fadd' 'add24_1' <Predicate = (!tmp)> <Delay = 7.25> <CoreInst = "FAddSub_fulldsp">   --->   Core 18 'FAddSub_fulldsp' <Latency = 4> <II = 1> <Delay = 7.25> <FuncUnit> <Opcode : 'fadd' 'fsub'> <InPorts = 2> <OutPorts = 1>
ST_14 : Operation 746 [4/5] (7.25ns)   --->   "%sub_1_1 = fsub i32 %mul12_1_1, i32 %mul15_1_1" [dft.cpp:29]   --->   Operation 746 'fsub' 'sub_1_1' <Predicate = (!tmp)> <Delay = 7.25> <CoreInst = "FAddSub_fulldsp">   --->   Core 18 'FAddSub_fulldsp' <Latency = 4> <II = 1> <Delay = 7.25> <FuncUnit> <Opcode : 'fadd' 'fsub'> <InPorts = 2> <OutPorts = 1>
ST_14 : Operation 747 [1/4] (5.70ns)   --->   "%mul23_1_1 = fmul i32 %tmp_18, i32 %c_46" [dft.cpp:30]   --->   Operation 747 'fmul' 'mul23_1_1' <Predicate = (!tmp)> <Delay = 5.70> <CoreInst = "FMul_maxdsp">   --->   Core 30 'FMul_maxdsp' <Latency = 3> <II = 1> <Delay = 5.70> <FuncUnit> <Opcode : 'fmul'> <InPorts = 2> <OutPorts = 1>
ST_14 : Operation 748 [2/4] (5.70ns)   --->   "%mul12_1_2 = fmul i32 %tmp_19, i32 %c_47" [dft.cpp:29]   --->   Operation 748 'fmul' 'mul12_1_2' <Predicate = (!tmp)> <Delay = 5.70> <CoreInst = "FMul_maxdsp">   --->   Core 30 'FMul_maxdsp' <Latency = 3> <II = 1> <Delay = 5.70> <FuncUnit> <Opcode : 'fmul'> <InPorts = 2> <OutPorts = 1>
ST_14 : Operation 749 [3/4] (5.70ns)   --->   "%mul15_1_2 = fmul i32 %tmp_20, i32 %s_47" [dft.cpp:29]   --->   Operation 749 'fmul' 'mul15_1_2' <Predicate = (!tmp)> <Delay = 5.70> <CoreInst = "FMul_maxdsp">   --->   Core 30 'FMul_maxdsp' <Latency = 3> <II = 1> <Delay = 5.70> <FuncUnit> <Opcode : 'fmul'> <InPorts = 2> <OutPorts = 1>
ST_14 : Operation 750 [4/4] (6.79ns)   --->   "%mul20_1_2 = fmul i32 %tmp_19, i32 %s_47" [dft.cpp:30]   --->   Operation 750 'fmul' 'mul20_1_2' <Predicate = (!tmp)> <Delay = 6.79> <CoreInst = "FMul_maxdsp">   --->   Core 30 'FMul_maxdsp' <Latency = 3> <II = 1> <Delay = 5.70> <FuncUnit> <Opcode : 'fmul'> <InPorts = 2> <OutPorts = 1>

State 15 <SV = 14> <Delay = 9.30>
ST_15 : Operation 751 [4/5] (7.25ns)   --->   "%add_1 = fadd i32 %add3_1_load, i32 %sub_1" [dft.cpp:29]   --->   Operation 751 'fadd' 'add_1' <Predicate = (!tmp)> <Delay = 7.25> <CoreInst = "FAddSub_fulldsp">   --->   Core 18 'FAddSub_fulldsp' <Latency = 4> <II = 1> <Delay = 7.25> <FuncUnit> <Opcode : 'fadd' 'fsub'> <InPorts = 2> <OutPorts = 1>
ST_15 : Operation 752 [1/5] (7.25ns)   --->   "%add24_1 = fadd i32 %mul20_1, i32 %mul23_1" [dft.cpp:30]   --->   Operation 752 'fadd' 'add24_1' <Predicate = (!tmp)> <Delay = 7.25> <CoreInst = "FAddSub_fulldsp">   --->   Core 18 'FAddSub_fulldsp' <Latency = 4> <II = 1> <Delay = 7.25> <FuncUnit> <Opcode : 'fadd' 'fsub'> <InPorts = 2> <OutPorts = 1>
ST_15 : Operation 753 [3/5] (7.25ns)   --->   "%sub_1_1 = fsub i32 %mul12_1_1, i32 %mul15_1_1" [dft.cpp:29]   --->   Operation 753 'fsub' 'sub_1_1' <Predicate = (!tmp)> <Delay = 7.25> <CoreInst = "FAddSub_fulldsp">   --->   Core 18 'FAddSub_fulldsp' <Latency = 4> <II = 1> <Delay = 7.25> <FuncUnit> <Opcode : 'fadd' 'fsub'> <InPorts = 2> <OutPorts = 1>
ST_15 : Operation 754 [5/5] (9.30ns)   --->   "%add24_1_1 = fadd i32 %mul20_1_1, i32 %mul23_1_1" [dft.cpp:30]   --->   Operation 754 'fadd' 'add24_1_1' <Predicate = (!tmp)> <Delay = 9.30> <CoreInst = "FAddSub_fulldsp">   --->   Core 18 'FAddSub_fulldsp' <Latency = 4> <II = 1> <Delay = 7.25> <FuncUnit> <Opcode : 'fadd' 'fsub'> <InPorts = 2> <OutPorts = 1>
ST_15 : Operation 755 [1/4] (5.70ns)   --->   "%mul12_1_2 = fmul i32 %tmp_19, i32 %c_47" [dft.cpp:29]   --->   Operation 755 'fmul' 'mul12_1_2' <Predicate = (!tmp)> <Delay = 5.70> <CoreInst = "FMul_maxdsp">   --->   Core 30 'FMul_maxdsp' <Latency = 3> <II = 1> <Delay = 5.70> <FuncUnit> <Opcode : 'fmul'> <InPorts = 2> <OutPorts = 1>
ST_15 : Operation 756 [2/4] (5.70ns)   --->   "%mul15_1_2 = fmul i32 %tmp_20, i32 %s_47" [dft.cpp:29]   --->   Operation 756 'fmul' 'mul15_1_2' <Predicate = (!tmp)> <Delay = 5.70> <CoreInst = "FMul_maxdsp">   --->   Core 30 'FMul_maxdsp' <Latency = 3> <II = 1> <Delay = 5.70> <FuncUnit> <Opcode : 'fmul'> <InPorts = 2> <OutPorts = 1>
ST_15 : Operation 757 [3/4] (5.70ns)   --->   "%mul20_1_2 = fmul i32 %tmp_19, i32 %s_47" [dft.cpp:30]   --->   Operation 757 'fmul' 'mul20_1_2' <Predicate = (!tmp)> <Delay = 5.70> <CoreInst = "FMul_maxdsp">   --->   Core 30 'FMul_maxdsp' <Latency = 3> <II = 1> <Delay = 5.70> <FuncUnit> <Opcode : 'fmul'> <InPorts = 2> <OutPorts = 1>
ST_15 : Operation 758 [4/4] (6.79ns)   --->   "%mul23_1_2 = fmul i32 %tmp_20, i32 %c_47" [dft.cpp:30]   --->   Operation 758 'fmul' 'mul23_1_2' <Predicate = (!tmp)> <Delay = 6.79> <CoreInst = "FMul_maxdsp">   --->   Core 30 'FMul_maxdsp' <Latency = 3> <II = 1> <Delay = 5.70> <FuncUnit> <Opcode : 'fmul'> <InPorts = 2> <OutPorts = 1>
ST_15 : Operation 998 [1/1] (0.00ns)   --->   "%add3_1_load_1 = load i32 %add3_1"   --->   Operation 998 'load' 'add3_1_load_1' <Predicate = (tmp)> <Delay = 0.00>
ST_15 : Operation 999 [1/1] (0.00ns)   --->   "%add274_1_load_1 = load i32 %add274_1"   --->   Operation 999 'load' 'add274_1_load_1' <Predicate = (tmp)> <Delay = 0.00>
ST_15 : Operation 1000 [1/1] (0.00ns)   --->   "%write_ln0 = write void @_ssdm_op_Write.ap_auto.floatP0A, i32 %add274_1_out, i32 %add274_1_load_1"   --->   Operation 1000 'write' 'write_ln0' <Predicate = (tmp)> <Delay = 0.00>
ST_15 : Operation 1001 [1/1] (0.00ns)   --->   "%write_ln0 = write void @_ssdm_op_Write.ap_auto.floatP0A, i32 %add3_1_out, i32 %add3_1_load_1"   --->   Operation 1001 'write' 'write_ln0' <Predicate = (tmp)> <Delay = 0.00>
ST_15 : Operation 1002 [1/1] (1.58ns)   --->   "%ret_ln0 = ret"   --->   Operation 1002 'ret' 'ret_ln0' <Predicate = (tmp)> <Delay = 1.58>

State 16 <SV = 15> <Delay = 9.30>
ST_16 : Operation 759 [1/1] (0.00ns)   --->   "%add274_1_load = load i32 %add274_1" [dft.cpp:30]   --->   Operation 759 'load' 'add274_1_load' <Predicate = (!tmp)> <Delay = 0.00>
ST_16 : Operation 760 [3/5] (7.25ns)   --->   "%add_1 = fadd i32 %add3_1_load, i32 %sub_1" [dft.cpp:29]   --->   Operation 760 'fadd' 'add_1' <Predicate = (!tmp)> <Delay = 7.25> <CoreInst = "FAddSub_fulldsp">   --->   Core 18 'FAddSub_fulldsp' <Latency = 4> <II = 1> <Delay = 7.25> <FuncUnit> <Opcode : 'fadd' 'fsub'> <InPorts = 2> <OutPorts = 1>
ST_16 : Operation 761 [5/5] (9.30ns)   --->   "%add27_1 = fadd i32 %add274_1_load, i32 %add24_1" [dft.cpp:30]   --->   Operation 761 'fadd' 'add27_1' <Predicate = (!tmp)> <Delay = 9.30> <CoreInst = "FAddSub_fulldsp">   --->   Core 18 'FAddSub_fulldsp' <Latency = 4> <II = 1> <Delay = 7.25> <FuncUnit> <Opcode : 'fadd' 'fsub'> <InPorts = 2> <OutPorts = 1>
ST_16 : Operation 762 [2/5] (7.25ns)   --->   "%sub_1_1 = fsub i32 %mul12_1_1, i32 %mul15_1_1" [dft.cpp:29]   --->   Operation 762 'fsub' 'sub_1_1' <Predicate = (!tmp)> <Delay = 7.25> <CoreInst = "FAddSub_fulldsp">   --->   Core 18 'FAddSub_fulldsp' <Latency = 4> <II = 1> <Delay = 7.25> <FuncUnit> <Opcode : 'fadd' 'fsub'> <InPorts = 2> <OutPorts = 1>
ST_16 : Operation 763 [4/5] (7.25ns)   --->   "%add24_1_1 = fadd i32 %mul20_1_1, i32 %mul23_1_1" [dft.cpp:30]   --->   Operation 763 'fadd' 'add24_1_1' <Predicate = (!tmp)> <Delay = 7.25> <CoreInst = "FAddSub_fulldsp">   --->   Core 18 'FAddSub_fulldsp' <Latency = 4> <II = 1> <Delay = 7.25> <FuncUnit> <Opcode : 'fadd' 'fsub'> <InPorts = 2> <OutPorts = 1>
ST_16 : Operation 764 [1/4] (5.70ns)   --->   "%mul15_1_2 = fmul i32 %tmp_20, i32 %s_47" [dft.cpp:29]   --->   Operation 764 'fmul' 'mul15_1_2' <Predicate = (!tmp)> <Delay = 5.70> <CoreInst = "FMul_maxdsp">   --->   Core 30 'FMul_maxdsp' <Latency = 3> <II = 1> <Delay = 5.70> <FuncUnit> <Opcode : 'fmul'> <InPorts = 2> <OutPorts = 1>
ST_16 : Operation 765 [2/4] (5.70ns)   --->   "%mul20_1_2 = fmul i32 %tmp_19, i32 %s_47" [dft.cpp:30]   --->   Operation 765 'fmul' 'mul20_1_2' <Predicate = (!tmp)> <Delay = 5.70> <CoreInst = "FMul_maxdsp">   --->   Core 30 'FMul_maxdsp' <Latency = 3> <II = 1> <Delay = 5.70> <FuncUnit> <Opcode : 'fmul'> <InPorts = 2> <OutPorts = 1>
ST_16 : Operation 766 [3/4] (5.70ns)   --->   "%mul23_1_2 = fmul i32 %tmp_20, i32 %c_47" [dft.cpp:30]   --->   Operation 766 'fmul' 'mul23_1_2' <Predicate = (!tmp)> <Delay = 5.70> <CoreInst = "FMul_maxdsp">   --->   Core 30 'FMul_maxdsp' <Latency = 3> <II = 1> <Delay = 5.70> <FuncUnit> <Opcode : 'fmul'> <InPorts = 2> <OutPorts = 1>
ST_16 : Operation 767 [4/4] (6.79ns)   --->   "%mul12_1_3 = fmul i32 %tmp_21, i32 %c_48" [dft.cpp:29]   --->   Operation 767 'fmul' 'mul12_1_3' <Predicate = (!tmp)> <Delay = 6.79> <CoreInst = "FMul_maxdsp">   --->   Core 30 'FMul_maxdsp' <Latency = 3> <II = 1> <Delay = 5.70> <FuncUnit> <Opcode : 'fmul'> <InPorts = 2> <OutPorts = 1>

State 17 <SV = 16> <Delay = 9.30>
ST_17 : Operation 768 [2/5] (7.25ns)   --->   "%add_1 = fadd i32 %add3_1_load, i32 %sub_1" [dft.cpp:29]   --->   Operation 768 'fadd' 'add_1' <Predicate = (!tmp)> <Delay = 7.25> <CoreInst = "FAddSub_fulldsp">   --->   Core 18 'FAddSub_fulldsp' <Latency = 4> <II = 1> <Delay = 7.25> <FuncUnit> <Opcode : 'fadd' 'fsub'> <InPorts = 2> <OutPorts = 1>
ST_17 : Operation 769 [4/5] (7.25ns)   --->   "%add27_1 = fadd i32 %add274_1_load, i32 %add24_1" [dft.cpp:30]   --->   Operation 769 'fadd' 'add27_1' <Predicate = (!tmp)> <Delay = 7.25> <CoreInst = "FAddSub_fulldsp">   --->   Core 18 'FAddSub_fulldsp' <Latency = 4> <II = 1> <Delay = 7.25> <FuncUnit> <Opcode : 'fadd' 'fsub'> <InPorts = 2> <OutPorts = 1>
ST_17 : Operation 770 [1/5] (7.25ns)   --->   "%sub_1_1 = fsub i32 %mul12_1_1, i32 %mul15_1_1" [dft.cpp:29]   --->   Operation 770 'fsub' 'sub_1_1' <Predicate = (!tmp)> <Delay = 7.25> <CoreInst = "FAddSub_fulldsp">   --->   Core 18 'FAddSub_fulldsp' <Latency = 4> <II = 1> <Delay = 7.25> <FuncUnit> <Opcode : 'fadd' 'fsub'> <InPorts = 2> <OutPorts = 1>
ST_17 : Operation 771 [3/5] (7.25ns)   --->   "%add24_1_1 = fadd i32 %mul20_1_1, i32 %mul23_1_1" [dft.cpp:30]   --->   Operation 771 'fadd' 'add24_1_1' <Predicate = (!tmp)> <Delay = 7.25> <CoreInst = "FAddSub_fulldsp">   --->   Core 18 'FAddSub_fulldsp' <Latency = 4> <II = 1> <Delay = 7.25> <FuncUnit> <Opcode : 'fadd' 'fsub'> <InPorts = 2> <OutPorts = 1>
ST_17 : Operation 772 [5/5] (9.30ns)   --->   "%sub_1_2 = fsub i32 %mul12_1_2, i32 %mul15_1_2" [dft.cpp:29]   --->   Operation 772 'fsub' 'sub_1_2' <Predicate = (!tmp)> <Delay = 9.30> <CoreInst = "FAddSub_fulldsp">   --->   Core 18 'FAddSub_fulldsp' <Latency = 4> <II = 1> <Delay = 7.25> <FuncUnit> <Opcode : 'fadd' 'fsub'> <InPorts = 2> <OutPorts = 1>
ST_17 : Operation 773 [1/4] (5.70ns)   --->   "%mul20_1_2 = fmul i32 %tmp_19, i32 %s_47" [dft.cpp:30]   --->   Operation 773 'fmul' 'mul20_1_2' <Predicate = (!tmp)> <Delay = 5.70> <CoreInst = "FMul_maxdsp">   --->   Core 30 'FMul_maxdsp' <Latency = 3> <II = 1> <Delay = 5.70> <FuncUnit> <Opcode : 'fmul'> <InPorts = 2> <OutPorts = 1>
ST_17 : Operation 774 [2/4] (5.70ns)   --->   "%mul23_1_2 = fmul i32 %tmp_20, i32 %c_47" [dft.cpp:30]   --->   Operation 774 'fmul' 'mul23_1_2' <Predicate = (!tmp)> <Delay = 5.70> <CoreInst = "FMul_maxdsp">   --->   Core 30 'FMul_maxdsp' <Latency = 3> <II = 1> <Delay = 5.70> <FuncUnit> <Opcode : 'fmul'> <InPorts = 2> <OutPorts = 1>
ST_17 : Operation 775 [3/4] (5.70ns)   --->   "%mul12_1_3 = fmul i32 %tmp_21, i32 %c_48" [dft.cpp:29]   --->   Operation 775 'fmul' 'mul12_1_3' <Predicate = (!tmp)> <Delay = 5.70> <CoreInst = "FMul_maxdsp">   --->   Core 30 'FMul_maxdsp' <Latency = 3> <II = 1> <Delay = 5.70> <FuncUnit> <Opcode : 'fmul'> <InPorts = 2> <OutPorts = 1>
ST_17 : Operation 776 [4/4] (6.79ns)   --->   "%mul15_1_3 = fmul i32 %tmp_22, i32 %s_48" [dft.cpp:29]   --->   Operation 776 'fmul' 'mul15_1_3' <Predicate = (!tmp)> <Delay = 6.79> <CoreInst = "FMul_maxdsp">   --->   Core 30 'FMul_maxdsp' <Latency = 3> <II = 1> <Delay = 5.70> <FuncUnit> <Opcode : 'fmul'> <InPorts = 2> <OutPorts = 1>

State 18 <SV = 17> <Delay = 7.25>
ST_18 : Operation 777 [1/5] (7.25ns)   --->   "%add_1 = fadd i32 %add3_1_load, i32 %sub_1" [dft.cpp:29]   --->   Operation 777 'fadd' 'add_1' <Predicate = (!tmp)> <Delay = 7.25> <CoreInst = "FAddSub_fulldsp">   --->   Core 18 'FAddSub_fulldsp' <Latency = 4> <II = 1> <Delay = 7.25> <FuncUnit> <Opcode : 'fadd' 'fsub'> <InPorts = 2> <OutPorts = 1>
ST_18 : Operation 778 [3/5] (7.25ns)   --->   "%add27_1 = fadd i32 %add274_1_load, i32 %add24_1" [dft.cpp:30]   --->   Operation 778 'fadd' 'add27_1' <Predicate = (!tmp)> <Delay = 7.25> <CoreInst = "FAddSub_fulldsp">   --->   Core 18 'FAddSub_fulldsp' <Latency = 4> <II = 1> <Delay = 7.25> <FuncUnit> <Opcode : 'fadd' 'fsub'> <InPorts = 2> <OutPorts = 1>
ST_18 : Operation 779 [2/5] (7.25ns)   --->   "%add24_1_1 = fadd i32 %mul20_1_1, i32 %mul23_1_1" [dft.cpp:30]   --->   Operation 779 'fadd' 'add24_1_1' <Predicate = (!tmp)> <Delay = 7.25> <CoreInst = "FAddSub_fulldsp">   --->   Core 18 'FAddSub_fulldsp' <Latency = 4> <II = 1> <Delay = 7.25> <FuncUnit> <Opcode : 'fadd' 'fsub'> <InPorts = 2> <OutPorts = 1>
ST_18 : Operation 780 [4/5] (7.25ns)   --->   "%sub_1_2 = fsub i32 %mul12_1_2, i32 %mul15_1_2" [dft.cpp:29]   --->   Operation 780 'fsub' 'sub_1_2' <Predicate = (!tmp)> <Delay = 7.25> <CoreInst = "FAddSub_fulldsp">   --->   Core 18 'FAddSub_fulldsp' <Latency = 4> <II = 1> <Delay = 7.25> <FuncUnit> <Opcode : 'fadd' 'fsub'> <InPorts = 2> <OutPorts = 1>
ST_18 : Operation 781 [1/4] (5.70ns)   --->   "%mul23_1_2 = fmul i32 %tmp_20, i32 %c_47" [dft.cpp:30]   --->   Operation 781 'fmul' 'mul23_1_2' <Predicate = (!tmp)> <Delay = 5.70> <CoreInst = "FMul_maxdsp">   --->   Core 30 'FMul_maxdsp' <Latency = 3> <II = 1> <Delay = 5.70> <FuncUnit> <Opcode : 'fmul'> <InPorts = 2> <OutPorts = 1>
ST_18 : Operation 782 [2/4] (5.70ns)   --->   "%mul12_1_3 = fmul i32 %tmp_21, i32 %c_48" [dft.cpp:29]   --->   Operation 782 'fmul' 'mul12_1_3' <Predicate = (!tmp)> <Delay = 5.70> <CoreInst = "FMul_maxdsp">   --->   Core 30 'FMul_maxdsp' <Latency = 3> <II = 1> <Delay = 5.70> <FuncUnit> <Opcode : 'fmul'> <InPorts = 2> <OutPorts = 1>
ST_18 : Operation 783 [3/4] (5.70ns)   --->   "%mul15_1_3 = fmul i32 %tmp_22, i32 %s_48" [dft.cpp:29]   --->   Operation 783 'fmul' 'mul15_1_3' <Predicate = (!tmp)> <Delay = 5.70> <CoreInst = "FMul_maxdsp">   --->   Core 30 'FMul_maxdsp' <Latency = 3> <II = 1> <Delay = 5.70> <FuncUnit> <Opcode : 'fmul'> <InPorts = 2> <OutPorts = 1>
ST_18 : Operation 784 [4/4] (6.79ns)   --->   "%mul20_1_3 = fmul i32 %tmp_21, i32 %s_48" [dft.cpp:30]   --->   Operation 784 'fmul' 'mul20_1_3' <Predicate = (!tmp)> <Delay = 6.79> <CoreInst = "FMul_maxdsp">   --->   Core 30 'FMul_maxdsp' <Latency = 3> <II = 1> <Delay = 5.70> <FuncUnit> <Opcode : 'fmul'> <InPorts = 2> <OutPorts = 1>

State 19 <SV = 18> <Delay = 9.30>
ST_19 : Operation 785 [2/5] (7.25ns)   --->   "%add27_1 = fadd i32 %add274_1_load, i32 %add24_1" [dft.cpp:30]   --->   Operation 785 'fadd' 'add27_1' <Predicate = (!tmp)> <Delay = 7.25> <CoreInst = "FAddSub_fulldsp">   --->   Core 18 'FAddSub_fulldsp' <Latency = 4> <II = 1> <Delay = 7.25> <FuncUnit> <Opcode : 'fadd' 'fsub'> <InPorts = 2> <OutPorts = 1>
ST_19 : Operation 786 [5/5] (9.30ns)   --->   "%add_1_1 = fadd i32 %add_1, i32 %sub_1_1" [dft.cpp:29]   --->   Operation 786 'fadd' 'add_1_1' <Predicate = (!tmp)> <Delay = 9.30> <CoreInst = "FAddSub_fulldsp">   --->   Core 18 'FAddSub_fulldsp' <Latency = 4> <II = 1> <Delay = 7.25> <FuncUnit> <Opcode : 'fadd' 'fsub'> <InPorts = 2> <OutPorts = 1>
ST_19 : Operation 787 [1/5] (7.25ns)   --->   "%add24_1_1 = fadd i32 %mul20_1_1, i32 %mul23_1_1" [dft.cpp:30]   --->   Operation 787 'fadd' 'add24_1_1' <Predicate = (!tmp)> <Delay = 7.25> <CoreInst = "FAddSub_fulldsp">   --->   Core 18 'FAddSub_fulldsp' <Latency = 4> <II = 1> <Delay = 7.25> <FuncUnit> <Opcode : 'fadd' 'fsub'> <InPorts = 2> <OutPorts = 1>
ST_19 : Operation 788 [3/5] (7.25ns)   --->   "%sub_1_2 = fsub i32 %mul12_1_2, i32 %mul15_1_2" [dft.cpp:29]   --->   Operation 788 'fsub' 'sub_1_2' <Predicate = (!tmp)> <Delay = 7.25> <CoreInst = "FAddSub_fulldsp">   --->   Core 18 'FAddSub_fulldsp' <Latency = 4> <II = 1> <Delay = 7.25> <FuncUnit> <Opcode : 'fadd' 'fsub'> <InPorts = 2> <OutPorts = 1>
ST_19 : Operation 789 [5/5] (8.42ns)   --->   "%add24_1_2 = fadd i32 %mul20_1_2, i32 %mul23_1_2" [dft.cpp:30]   --->   Operation 789 'fadd' 'add24_1_2' <Predicate = (!tmp)> <Delay = 8.42> <CoreInst = "FAddSub_fulldsp">   --->   Core 18 'FAddSub_fulldsp' <Latency = 4> <II = 1> <Delay = 7.25> <FuncUnit> <Opcode : 'fadd' 'fsub'> <InPorts = 2> <OutPorts = 1>
ST_19 : Operation 790 [1/4] (5.70ns)   --->   "%mul12_1_3 = fmul i32 %tmp_21, i32 %c_48" [dft.cpp:29]   --->   Operation 790 'fmul' 'mul12_1_3' <Predicate = (!tmp)> <Delay = 5.70> <CoreInst = "FMul_maxdsp">   --->   Core 30 'FMul_maxdsp' <Latency = 3> <II = 1> <Delay = 5.70> <FuncUnit> <Opcode : 'fmul'> <InPorts = 2> <OutPorts = 1>
ST_19 : Operation 791 [2/4] (5.70ns)   --->   "%mul15_1_3 = fmul i32 %tmp_22, i32 %s_48" [dft.cpp:29]   --->   Operation 791 'fmul' 'mul15_1_3' <Predicate = (!tmp)> <Delay = 5.70> <CoreInst = "FMul_maxdsp">   --->   Core 30 'FMul_maxdsp' <Latency = 3> <II = 1> <Delay = 5.70> <FuncUnit> <Opcode : 'fmul'> <InPorts = 2> <OutPorts = 1>
ST_19 : Operation 792 [3/4] (5.70ns)   --->   "%mul20_1_3 = fmul i32 %tmp_21, i32 %s_48" [dft.cpp:30]   --->   Operation 792 'fmul' 'mul20_1_3' <Predicate = (!tmp)> <Delay = 5.70> <CoreInst = "FMul_maxdsp">   --->   Core 30 'FMul_maxdsp' <Latency = 3> <II = 1> <Delay = 5.70> <FuncUnit> <Opcode : 'fmul'> <InPorts = 2> <OutPorts = 1>
ST_19 : Operation 793 [4/4] (6.79ns)   --->   "%mul23_1_3 = fmul i32 %tmp_22, i32 %c_48" [dft.cpp:30]   --->   Operation 793 'fmul' 'mul23_1_3' <Predicate = (!tmp)> <Delay = 6.79> <CoreInst = "FMul_maxdsp">   --->   Core 30 'FMul_maxdsp' <Latency = 3> <II = 1> <Delay = 5.70> <FuncUnit> <Opcode : 'fmul'> <InPorts = 2> <OutPorts = 1>

State 20 <SV = 19> <Delay = 7.25>
ST_20 : Operation 794 [1/5] (7.25ns)   --->   "%add27_1 = fadd i32 %add274_1_load, i32 %add24_1" [dft.cpp:30]   --->   Operation 794 'fadd' 'add27_1' <Predicate = (!tmp)> <Delay = 7.25> <CoreInst = "FAddSub_fulldsp">   --->   Core 18 'FAddSub_fulldsp' <Latency = 4> <II = 1> <Delay = 7.25> <FuncUnit> <Opcode : 'fadd' 'fsub'> <InPorts = 2> <OutPorts = 1>
ST_20 : Operation 795 [4/5] (7.25ns)   --->   "%add_1_1 = fadd i32 %add_1, i32 %sub_1_1" [dft.cpp:29]   --->   Operation 795 'fadd' 'add_1_1' <Predicate = (!tmp)> <Delay = 7.25> <CoreInst = "FAddSub_fulldsp">   --->   Core 18 'FAddSub_fulldsp' <Latency = 4> <II = 1> <Delay = 7.25> <FuncUnit> <Opcode : 'fadd' 'fsub'> <InPorts = 2> <OutPorts = 1>
ST_20 : Operation 796 [2/5] (7.25ns)   --->   "%sub_1_2 = fsub i32 %mul12_1_2, i32 %mul15_1_2" [dft.cpp:29]   --->   Operation 796 'fsub' 'sub_1_2' <Predicate = (!tmp)> <Delay = 7.25> <CoreInst = "FAddSub_fulldsp">   --->   Core 18 'FAddSub_fulldsp' <Latency = 4> <II = 1> <Delay = 7.25> <FuncUnit> <Opcode : 'fadd' 'fsub'> <InPorts = 2> <OutPorts = 1>
ST_20 : Operation 797 [4/5] (7.25ns)   --->   "%add24_1_2 = fadd i32 %mul20_1_2, i32 %mul23_1_2" [dft.cpp:30]   --->   Operation 797 'fadd' 'add24_1_2' <Predicate = (!tmp)> <Delay = 7.25> <CoreInst = "FAddSub_fulldsp">   --->   Core 18 'FAddSub_fulldsp' <Latency = 4> <II = 1> <Delay = 7.25> <FuncUnit> <Opcode : 'fadd' 'fsub'> <InPorts = 2> <OutPorts = 1>
ST_20 : Operation 798 [1/4] (5.70ns)   --->   "%mul15_1_3 = fmul i32 %tmp_22, i32 %s_48" [dft.cpp:29]   --->   Operation 798 'fmul' 'mul15_1_3' <Predicate = (!tmp)> <Delay = 5.70> <CoreInst = "FMul_maxdsp">   --->   Core 30 'FMul_maxdsp' <Latency = 3> <II = 1> <Delay = 5.70> <FuncUnit> <Opcode : 'fmul'> <InPorts = 2> <OutPorts = 1>
ST_20 : Operation 799 [2/4] (5.70ns)   --->   "%mul20_1_3 = fmul i32 %tmp_21, i32 %s_48" [dft.cpp:30]   --->   Operation 799 'fmul' 'mul20_1_3' <Predicate = (!tmp)> <Delay = 5.70> <CoreInst = "FMul_maxdsp">   --->   Core 30 'FMul_maxdsp' <Latency = 3> <II = 1> <Delay = 5.70> <FuncUnit> <Opcode : 'fmul'> <InPorts = 2> <OutPorts = 1>
ST_20 : Operation 800 [3/4] (5.70ns)   --->   "%mul23_1_3 = fmul i32 %tmp_22, i32 %c_48" [dft.cpp:30]   --->   Operation 800 'fmul' 'mul23_1_3' <Predicate = (!tmp)> <Delay = 5.70> <CoreInst = "FMul_maxdsp">   --->   Core 30 'FMul_maxdsp' <Latency = 3> <II = 1> <Delay = 5.70> <FuncUnit> <Opcode : 'fmul'> <InPorts = 2> <OutPorts = 1>
ST_20 : Operation 801 [4/4] (6.79ns)   --->   "%mul12_1_4 = fmul i32 %tmp_23, i32 %c_49" [dft.cpp:29]   --->   Operation 801 'fmul' 'mul12_1_4' <Predicate = (!tmp)> <Delay = 6.79> <CoreInst = "FMul_maxdsp">   --->   Core 30 'FMul_maxdsp' <Latency = 3> <II = 1> <Delay = 5.70> <FuncUnit> <Opcode : 'fmul'> <InPorts = 2> <OutPorts = 1>

State 21 <SV = 20> <Delay = 9.30>
ST_21 : Operation 802 [3/5] (7.25ns)   --->   "%add_1_1 = fadd i32 %add_1, i32 %sub_1_1" [dft.cpp:29]   --->   Operation 802 'fadd' 'add_1_1' <Predicate = (!tmp)> <Delay = 7.25> <CoreInst = "FAddSub_fulldsp">   --->   Core 18 'FAddSub_fulldsp' <Latency = 4> <II = 1> <Delay = 7.25> <FuncUnit> <Opcode : 'fadd' 'fsub'> <InPorts = 2> <OutPorts = 1>
ST_21 : Operation 803 [5/5] (9.30ns)   --->   "%add27_1_1 = fadd i32 %add27_1, i32 %add24_1_1" [dft.cpp:30]   --->   Operation 803 'fadd' 'add27_1_1' <Predicate = (!tmp)> <Delay = 9.30> <CoreInst = "FAddSub_fulldsp">   --->   Core 18 'FAddSub_fulldsp' <Latency = 4> <II = 1> <Delay = 7.25> <FuncUnit> <Opcode : 'fadd' 'fsub'> <InPorts = 2> <OutPorts = 1>
ST_21 : Operation 804 [1/5] (7.25ns)   --->   "%sub_1_2 = fsub i32 %mul12_1_2, i32 %mul15_1_2" [dft.cpp:29]   --->   Operation 804 'fsub' 'sub_1_2' <Predicate = (!tmp)> <Delay = 7.25> <CoreInst = "FAddSub_fulldsp">   --->   Core 18 'FAddSub_fulldsp' <Latency = 4> <II = 1> <Delay = 7.25> <FuncUnit> <Opcode : 'fadd' 'fsub'> <InPorts = 2> <OutPorts = 1>
ST_21 : Operation 805 [3/5] (7.25ns)   --->   "%add24_1_2 = fadd i32 %mul20_1_2, i32 %mul23_1_2" [dft.cpp:30]   --->   Operation 805 'fadd' 'add24_1_2' <Predicate = (!tmp)> <Delay = 7.25> <CoreInst = "FAddSub_fulldsp">   --->   Core 18 'FAddSub_fulldsp' <Latency = 4> <II = 1> <Delay = 7.25> <FuncUnit> <Opcode : 'fadd' 'fsub'> <InPorts = 2> <OutPorts = 1>
ST_21 : Operation 806 [5/5] (8.42ns)   --->   "%sub_1_3 = fsub i32 %mul12_1_3, i32 %mul15_1_3" [dft.cpp:29]   --->   Operation 806 'fsub' 'sub_1_3' <Predicate = (!tmp)> <Delay = 8.42> <CoreInst = "FAddSub_fulldsp">   --->   Core 18 'FAddSub_fulldsp' <Latency = 4> <II = 1> <Delay = 7.25> <FuncUnit> <Opcode : 'fadd' 'fsub'> <InPorts = 2> <OutPorts = 1>
ST_21 : Operation 807 [1/4] (5.70ns)   --->   "%mul20_1_3 = fmul i32 %tmp_21, i32 %s_48" [dft.cpp:30]   --->   Operation 807 'fmul' 'mul20_1_3' <Predicate = (!tmp)> <Delay = 5.70> <CoreInst = "FMul_maxdsp">   --->   Core 30 'FMul_maxdsp' <Latency = 3> <II = 1> <Delay = 5.70> <FuncUnit> <Opcode : 'fmul'> <InPorts = 2> <OutPorts = 1>
ST_21 : Operation 808 [2/4] (5.70ns)   --->   "%mul23_1_3 = fmul i32 %tmp_22, i32 %c_48" [dft.cpp:30]   --->   Operation 808 'fmul' 'mul23_1_3' <Predicate = (!tmp)> <Delay = 5.70> <CoreInst = "FMul_maxdsp">   --->   Core 30 'FMul_maxdsp' <Latency = 3> <II = 1> <Delay = 5.70> <FuncUnit> <Opcode : 'fmul'> <InPorts = 2> <OutPorts = 1>
ST_21 : Operation 809 [3/4] (5.70ns)   --->   "%mul12_1_4 = fmul i32 %tmp_23, i32 %c_49" [dft.cpp:29]   --->   Operation 809 'fmul' 'mul12_1_4' <Predicate = (!tmp)> <Delay = 5.70> <CoreInst = "FMul_maxdsp">   --->   Core 30 'FMul_maxdsp' <Latency = 3> <II = 1> <Delay = 5.70> <FuncUnit> <Opcode : 'fmul'> <InPorts = 2> <OutPorts = 1>
ST_21 : Operation 810 [4/4] (6.79ns)   --->   "%mul15_1_4 = fmul i32 %tmp_24, i32 %s_49" [dft.cpp:29]   --->   Operation 810 'fmul' 'mul15_1_4' <Predicate = (!tmp)> <Delay = 6.79> <CoreInst = "FMul_maxdsp">   --->   Core 30 'FMul_maxdsp' <Latency = 3> <II = 1> <Delay = 5.70> <FuncUnit> <Opcode : 'fmul'> <InPorts = 2> <OutPorts = 1>

State 22 <SV = 21> <Delay = 7.25>
ST_22 : Operation 811 [2/5] (7.25ns)   --->   "%add_1_1 = fadd i32 %add_1, i32 %sub_1_1" [dft.cpp:29]   --->   Operation 811 'fadd' 'add_1_1' <Predicate = (!tmp)> <Delay = 7.25> <CoreInst = "FAddSub_fulldsp">   --->   Core 18 'FAddSub_fulldsp' <Latency = 4> <II = 1> <Delay = 7.25> <FuncUnit> <Opcode : 'fadd' 'fsub'> <InPorts = 2> <OutPorts = 1>
ST_22 : Operation 812 [4/5] (7.25ns)   --->   "%add27_1_1 = fadd i32 %add27_1, i32 %add24_1_1" [dft.cpp:30]   --->   Operation 812 'fadd' 'add27_1_1' <Predicate = (!tmp)> <Delay = 7.25> <CoreInst = "FAddSub_fulldsp">   --->   Core 18 'FAddSub_fulldsp' <Latency = 4> <II = 1> <Delay = 7.25> <FuncUnit> <Opcode : 'fadd' 'fsub'> <InPorts = 2> <OutPorts = 1>
ST_22 : Operation 813 [2/5] (7.25ns)   --->   "%add24_1_2 = fadd i32 %mul20_1_2, i32 %mul23_1_2" [dft.cpp:30]   --->   Operation 813 'fadd' 'add24_1_2' <Predicate = (!tmp)> <Delay = 7.25> <CoreInst = "FAddSub_fulldsp">   --->   Core 18 'FAddSub_fulldsp' <Latency = 4> <II = 1> <Delay = 7.25> <FuncUnit> <Opcode : 'fadd' 'fsub'> <InPorts = 2> <OutPorts = 1>
ST_22 : Operation 814 [4/5] (7.25ns)   --->   "%sub_1_3 = fsub i32 %mul12_1_3, i32 %mul15_1_3" [dft.cpp:29]   --->   Operation 814 'fsub' 'sub_1_3' <Predicate = (!tmp)> <Delay = 7.25> <CoreInst = "FAddSub_fulldsp">   --->   Core 18 'FAddSub_fulldsp' <Latency = 4> <II = 1> <Delay = 7.25> <FuncUnit> <Opcode : 'fadd' 'fsub'> <InPorts = 2> <OutPorts = 1>
ST_22 : Operation 815 [1/4] (5.70ns)   --->   "%mul23_1_3 = fmul i32 %tmp_22, i32 %c_48" [dft.cpp:30]   --->   Operation 815 'fmul' 'mul23_1_3' <Predicate = (!tmp)> <Delay = 5.70> <CoreInst = "FMul_maxdsp">   --->   Core 30 'FMul_maxdsp' <Latency = 3> <II = 1> <Delay = 5.70> <FuncUnit> <Opcode : 'fmul'> <InPorts = 2> <OutPorts = 1>
ST_22 : Operation 816 [2/4] (5.70ns)   --->   "%mul12_1_4 = fmul i32 %tmp_23, i32 %c_49" [dft.cpp:29]   --->   Operation 816 'fmul' 'mul12_1_4' <Predicate = (!tmp)> <Delay = 5.70> <CoreInst = "FMul_maxdsp">   --->   Core 30 'FMul_maxdsp' <Latency = 3> <II = 1> <Delay = 5.70> <FuncUnit> <Opcode : 'fmul'> <InPorts = 2> <OutPorts = 1>
ST_22 : Operation 817 [3/4] (5.70ns)   --->   "%mul15_1_4 = fmul i32 %tmp_24, i32 %s_49" [dft.cpp:29]   --->   Operation 817 'fmul' 'mul15_1_4' <Predicate = (!tmp)> <Delay = 5.70> <CoreInst = "FMul_maxdsp">   --->   Core 30 'FMul_maxdsp' <Latency = 3> <II = 1> <Delay = 5.70> <FuncUnit> <Opcode : 'fmul'> <InPorts = 2> <OutPorts = 1>
ST_22 : Operation 818 [4/4] (6.79ns)   --->   "%mul20_1_4 = fmul i32 %tmp_23, i32 %s_49" [dft.cpp:30]   --->   Operation 818 'fmul' 'mul20_1_4' <Predicate = (!tmp)> <Delay = 6.79> <CoreInst = "FMul_maxdsp">   --->   Core 30 'FMul_maxdsp' <Latency = 3> <II = 1> <Delay = 5.70> <FuncUnit> <Opcode : 'fmul'> <InPorts = 2> <OutPorts = 1>

State 23 <SV = 22> <Delay = 9.30>
ST_23 : Operation 819 [1/5] (7.25ns)   --->   "%add_1_1 = fadd i32 %add_1, i32 %sub_1_1" [dft.cpp:29]   --->   Operation 819 'fadd' 'add_1_1' <Predicate = (!tmp)> <Delay = 7.25> <CoreInst = "FAddSub_fulldsp">   --->   Core 18 'FAddSub_fulldsp' <Latency = 4> <II = 1> <Delay = 7.25> <FuncUnit> <Opcode : 'fadd' 'fsub'> <InPorts = 2> <OutPorts = 1>
ST_23 : Operation 820 [3/5] (7.25ns)   --->   "%add27_1_1 = fadd i32 %add27_1, i32 %add24_1_1" [dft.cpp:30]   --->   Operation 820 'fadd' 'add27_1_1' <Predicate = (!tmp)> <Delay = 7.25> <CoreInst = "FAddSub_fulldsp">   --->   Core 18 'FAddSub_fulldsp' <Latency = 4> <II = 1> <Delay = 7.25> <FuncUnit> <Opcode : 'fadd' 'fsub'> <InPorts = 2> <OutPorts = 1>
ST_23 : Operation 821 [1/5] (7.25ns)   --->   "%add24_1_2 = fadd i32 %mul20_1_2, i32 %mul23_1_2" [dft.cpp:30]   --->   Operation 821 'fadd' 'add24_1_2' <Predicate = (!tmp)> <Delay = 7.25> <CoreInst = "FAddSub_fulldsp">   --->   Core 18 'FAddSub_fulldsp' <Latency = 4> <II = 1> <Delay = 7.25> <FuncUnit> <Opcode : 'fadd' 'fsub'> <InPorts = 2> <OutPorts = 1>
ST_23 : Operation 822 [3/5] (7.25ns)   --->   "%sub_1_3 = fsub i32 %mul12_1_3, i32 %mul15_1_3" [dft.cpp:29]   --->   Operation 822 'fsub' 'sub_1_3' <Predicate = (!tmp)> <Delay = 7.25> <CoreInst = "FAddSub_fulldsp">   --->   Core 18 'FAddSub_fulldsp' <Latency = 4> <II = 1> <Delay = 7.25> <FuncUnit> <Opcode : 'fadd' 'fsub'> <InPorts = 2> <OutPorts = 1>
ST_23 : Operation 823 [5/5] (9.30ns)   --->   "%add24_1_3 = fadd i32 %mul20_1_3, i32 %mul23_1_3" [dft.cpp:30]   --->   Operation 823 'fadd' 'add24_1_3' <Predicate = (!tmp)> <Delay = 9.30> <CoreInst = "FAddSub_fulldsp">   --->   Core 18 'FAddSub_fulldsp' <Latency = 4> <II = 1> <Delay = 7.25> <FuncUnit> <Opcode : 'fadd' 'fsub'> <InPorts = 2> <OutPorts = 1>
ST_23 : Operation 824 [1/4] (5.70ns)   --->   "%mul12_1_4 = fmul i32 %tmp_23, i32 %c_49" [dft.cpp:29]   --->   Operation 824 'fmul' 'mul12_1_4' <Predicate = (!tmp)> <Delay = 5.70> <CoreInst = "FMul_maxdsp">   --->   Core 30 'FMul_maxdsp' <Latency = 3> <II = 1> <Delay = 5.70> <FuncUnit> <Opcode : 'fmul'> <InPorts = 2> <OutPorts = 1>
ST_23 : Operation 825 [2/4] (5.70ns)   --->   "%mul15_1_4 = fmul i32 %tmp_24, i32 %s_49" [dft.cpp:29]   --->   Operation 825 'fmul' 'mul15_1_4' <Predicate = (!tmp)> <Delay = 5.70> <CoreInst = "FMul_maxdsp">   --->   Core 30 'FMul_maxdsp' <Latency = 3> <II = 1> <Delay = 5.70> <FuncUnit> <Opcode : 'fmul'> <InPorts = 2> <OutPorts = 1>
ST_23 : Operation 826 [3/4] (5.70ns)   --->   "%mul20_1_4 = fmul i32 %tmp_23, i32 %s_49" [dft.cpp:30]   --->   Operation 826 'fmul' 'mul20_1_4' <Predicate = (!tmp)> <Delay = 5.70> <CoreInst = "FMul_maxdsp">   --->   Core 30 'FMul_maxdsp' <Latency = 3> <II = 1> <Delay = 5.70> <FuncUnit> <Opcode : 'fmul'> <InPorts = 2> <OutPorts = 1>
ST_23 : Operation 827 [4/4] (6.79ns)   --->   "%mul23_1_4 = fmul i32 %tmp_24, i32 %c_49" [dft.cpp:30]   --->   Operation 827 'fmul' 'mul23_1_4' <Predicate = (!tmp)> <Delay = 6.79> <CoreInst = "FMul_maxdsp">   --->   Core 30 'FMul_maxdsp' <Latency = 3> <II = 1> <Delay = 5.70> <FuncUnit> <Opcode : 'fmul'> <InPorts = 2> <OutPorts = 1>

State 24 <SV = 23> <Delay = 9.30>
ST_24 : Operation 828 [2/5] (7.25ns)   --->   "%add27_1_1 = fadd i32 %add27_1, i32 %add24_1_1" [dft.cpp:30]   --->   Operation 828 'fadd' 'add27_1_1' <Predicate = (!tmp)> <Delay = 7.25> <CoreInst = "FAddSub_fulldsp">   --->   Core 18 'FAddSub_fulldsp' <Latency = 4> <II = 1> <Delay = 7.25> <FuncUnit> <Opcode : 'fadd' 'fsub'> <InPorts = 2> <OutPorts = 1>
ST_24 : Operation 829 [5/5] (9.30ns)   --->   "%add_1_2 = fadd i32 %add_1_1, i32 %sub_1_2" [dft.cpp:29]   --->   Operation 829 'fadd' 'add_1_2' <Predicate = (!tmp)> <Delay = 9.30> <CoreInst = "FAddSub_fulldsp">   --->   Core 18 'FAddSub_fulldsp' <Latency = 4> <II = 1> <Delay = 7.25> <FuncUnit> <Opcode : 'fadd' 'fsub'> <InPorts = 2> <OutPorts = 1>
ST_24 : Operation 830 [2/5] (7.25ns)   --->   "%sub_1_3 = fsub i32 %mul12_1_3, i32 %mul15_1_3" [dft.cpp:29]   --->   Operation 830 'fsub' 'sub_1_3' <Predicate = (!tmp)> <Delay = 7.25> <CoreInst = "FAddSub_fulldsp">   --->   Core 18 'FAddSub_fulldsp' <Latency = 4> <II = 1> <Delay = 7.25> <FuncUnit> <Opcode : 'fadd' 'fsub'> <InPorts = 2> <OutPorts = 1>
ST_24 : Operation 831 [4/5] (7.25ns)   --->   "%add24_1_3 = fadd i32 %mul20_1_3, i32 %mul23_1_3" [dft.cpp:30]   --->   Operation 831 'fadd' 'add24_1_3' <Predicate = (!tmp)> <Delay = 7.25> <CoreInst = "FAddSub_fulldsp">   --->   Core 18 'FAddSub_fulldsp' <Latency = 4> <II = 1> <Delay = 7.25> <FuncUnit> <Opcode : 'fadd' 'fsub'> <InPorts = 2> <OutPorts = 1>
ST_24 : Operation 832 [1/4] (5.70ns)   --->   "%mul15_1_4 = fmul i32 %tmp_24, i32 %s_49" [dft.cpp:29]   --->   Operation 832 'fmul' 'mul15_1_4' <Predicate = (!tmp)> <Delay = 5.70> <CoreInst = "FMul_maxdsp">   --->   Core 30 'FMul_maxdsp' <Latency = 3> <II = 1> <Delay = 5.70> <FuncUnit> <Opcode : 'fmul'> <InPorts = 2> <OutPorts = 1>
ST_24 : Operation 833 [2/4] (5.70ns)   --->   "%mul20_1_4 = fmul i32 %tmp_23, i32 %s_49" [dft.cpp:30]   --->   Operation 833 'fmul' 'mul20_1_4' <Predicate = (!tmp)> <Delay = 5.70> <CoreInst = "FMul_maxdsp">   --->   Core 30 'FMul_maxdsp' <Latency = 3> <II = 1> <Delay = 5.70> <FuncUnit> <Opcode : 'fmul'> <InPorts = 2> <OutPorts = 1>
ST_24 : Operation 834 [3/4] (5.70ns)   --->   "%mul23_1_4 = fmul i32 %tmp_24, i32 %c_49" [dft.cpp:30]   --->   Operation 834 'fmul' 'mul23_1_4' <Predicate = (!tmp)> <Delay = 5.70> <CoreInst = "FMul_maxdsp">   --->   Core 30 'FMul_maxdsp' <Latency = 3> <II = 1> <Delay = 5.70> <FuncUnit> <Opcode : 'fmul'> <InPorts = 2> <OutPorts = 1>
ST_24 : Operation 835 [4/4] (6.79ns)   --->   "%mul12_1_5 = fmul i32 %tmp_25, i32 %c_50" [dft.cpp:29]   --->   Operation 835 'fmul' 'mul12_1_5' <Predicate = (!tmp)> <Delay = 6.79> <CoreInst = "FMul_maxdsp">   --->   Core 30 'FMul_maxdsp' <Latency = 3> <II = 1> <Delay = 5.70> <FuncUnit> <Opcode : 'fmul'> <InPorts = 2> <OutPorts = 1>

State 25 <SV = 24> <Delay = 9.30>
ST_25 : Operation 836 [1/5] (7.25ns)   --->   "%add27_1_1 = fadd i32 %add27_1, i32 %add24_1_1" [dft.cpp:30]   --->   Operation 836 'fadd' 'add27_1_1' <Predicate = (!tmp)> <Delay = 7.25> <CoreInst = "FAddSub_fulldsp">   --->   Core 18 'FAddSub_fulldsp' <Latency = 4> <II = 1> <Delay = 7.25> <FuncUnit> <Opcode : 'fadd' 'fsub'> <InPorts = 2> <OutPorts = 1>
ST_25 : Operation 837 [4/5] (7.25ns)   --->   "%add_1_2 = fadd i32 %add_1_1, i32 %sub_1_2" [dft.cpp:29]   --->   Operation 837 'fadd' 'add_1_2' <Predicate = (!tmp)> <Delay = 7.25> <CoreInst = "FAddSub_fulldsp">   --->   Core 18 'FAddSub_fulldsp' <Latency = 4> <II = 1> <Delay = 7.25> <FuncUnit> <Opcode : 'fadd' 'fsub'> <InPorts = 2> <OutPorts = 1>
ST_25 : Operation 838 [1/5] (7.25ns)   --->   "%sub_1_3 = fsub i32 %mul12_1_3, i32 %mul15_1_3" [dft.cpp:29]   --->   Operation 838 'fsub' 'sub_1_3' <Predicate = (!tmp)> <Delay = 7.25> <CoreInst = "FAddSub_fulldsp">   --->   Core 18 'FAddSub_fulldsp' <Latency = 4> <II = 1> <Delay = 7.25> <FuncUnit> <Opcode : 'fadd' 'fsub'> <InPorts = 2> <OutPorts = 1>
ST_25 : Operation 839 [3/5] (7.25ns)   --->   "%add24_1_3 = fadd i32 %mul20_1_3, i32 %mul23_1_3" [dft.cpp:30]   --->   Operation 839 'fadd' 'add24_1_3' <Predicate = (!tmp)> <Delay = 7.25> <CoreInst = "FAddSub_fulldsp">   --->   Core 18 'FAddSub_fulldsp' <Latency = 4> <II = 1> <Delay = 7.25> <FuncUnit> <Opcode : 'fadd' 'fsub'> <InPorts = 2> <OutPorts = 1>
ST_25 : Operation 840 [5/5] (9.30ns)   --->   "%sub_1_4 = fsub i32 %mul12_1_4, i32 %mul15_1_4" [dft.cpp:29]   --->   Operation 840 'fsub' 'sub_1_4' <Predicate = (!tmp)> <Delay = 9.30> <CoreInst = "FAddSub_fulldsp">   --->   Core 18 'FAddSub_fulldsp' <Latency = 4> <II = 1> <Delay = 7.25> <FuncUnit> <Opcode : 'fadd' 'fsub'> <InPorts = 2> <OutPorts = 1>
ST_25 : Operation 841 [1/4] (5.70ns)   --->   "%mul20_1_4 = fmul i32 %tmp_23, i32 %s_49" [dft.cpp:30]   --->   Operation 841 'fmul' 'mul20_1_4' <Predicate = (!tmp)> <Delay = 5.70> <CoreInst = "FMul_maxdsp">   --->   Core 30 'FMul_maxdsp' <Latency = 3> <II = 1> <Delay = 5.70> <FuncUnit> <Opcode : 'fmul'> <InPorts = 2> <OutPorts = 1>
ST_25 : Operation 842 [2/4] (5.70ns)   --->   "%mul23_1_4 = fmul i32 %tmp_24, i32 %c_49" [dft.cpp:30]   --->   Operation 842 'fmul' 'mul23_1_4' <Predicate = (!tmp)> <Delay = 5.70> <CoreInst = "FMul_maxdsp">   --->   Core 30 'FMul_maxdsp' <Latency = 3> <II = 1> <Delay = 5.70> <FuncUnit> <Opcode : 'fmul'> <InPorts = 2> <OutPorts = 1>
ST_25 : Operation 843 [3/4] (5.70ns)   --->   "%mul12_1_5 = fmul i32 %tmp_25, i32 %c_50" [dft.cpp:29]   --->   Operation 843 'fmul' 'mul12_1_5' <Predicate = (!tmp)> <Delay = 5.70> <CoreInst = "FMul_maxdsp">   --->   Core 30 'FMul_maxdsp' <Latency = 3> <II = 1> <Delay = 5.70> <FuncUnit> <Opcode : 'fmul'> <InPorts = 2> <OutPorts = 1>
ST_25 : Operation 844 [4/4] (6.79ns)   --->   "%mul15_1_5 = fmul i32 %tmp_26, i32 %s_50" [dft.cpp:29]   --->   Operation 844 'fmul' 'mul15_1_5' <Predicate = (!tmp)> <Delay = 6.79> <CoreInst = "FMul_maxdsp">   --->   Core 30 'FMul_maxdsp' <Latency = 3> <II = 1> <Delay = 5.70> <FuncUnit> <Opcode : 'fmul'> <InPorts = 2> <OutPorts = 1>

State 26 <SV = 25> <Delay = 9.30>
ST_26 : Operation 845 [3/5] (7.25ns)   --->   "%add_1_2 = fadd i32 %add_1_1, i32 %sub_1_2" [dft.cpp:29]   --->   Operation 845 'fadd' 'add_1_2' <Predicate = (!tmp)> <Delay = 7.25> <CoreInst = "FAddSub_fulldsp">   --->   Core 18 'FAddSub_fulldsp' <Latency = 4> <II = 1> <Delay = 7.25> <FuncUnit> <Opcode : 'fadd' 'fsub'> <InPorts = 2> <OutPorts = 1>
ST_26 : Operation 846 [5/5] (9.30ns)   --->   "%add27_1_2 = fadd i32 %add27_1_1, i32 %add24_1_2" [dft.cpp:30]   --->   Operation 846 'fadd' 'add27_1_2' <Predicate = (!tmp)> <Delay = 9.30> <CoreInst = "FAddSub_fulldsp">   --->   Core 18 'FAddSub_fulldsp' <Latency = 4> <II = 1> <Delay = 7.25> <FuncUnit> <Opcode : 'fadd' 'fsub'> <InPorts = 2> <OutPorts = 1>
ST_26 : Operation 847 [2/5] (7.25ns)   --->   "%add24_1_3 = fadd i32 %mul20_1_3, i32 %mul23_1_3" [dft.cpp:30]   --->   Operation 847 'fadd' 'add24_1_3' <Predicate = (!tmp)> <Delay = 7.25> <CoreInst = "FAddSub_fulldsp">   --->   Core 18 'FAddSub_fulldsp' <Latency = 4> <II = 1> <Delay = 7.25> <FuncUnit> <Opcode : 'fadd' 'fsub'> <InPorts = 2> <OutPorts = 1>
ST_26 : Operation 848 [4/5] (7.25ns)   --->   "%sub_1_4 = fsub i32 %mul12_1_4, i32 %mul15_1_4" [dft.cpp:29]   --->   Operation 848 'fsub' 'sub_1_4' <Predicate = (!tmp)> <Delay = 7.25> <CoreInst = "FAddSub_fulldsp">   --->   Core 18 'FAddSub_fulldsp' <Latency = 4> <II = 1> <Delay = 7.25> <FuncUnit> <Opcode : 'fadd' 'fsub'> <InPorts = 2> <OutPorts = 1>
ST_26 : Operation 849 [1/4] (5.70ns)   --->   "%mul23_1_4 = fmul i32 %tmp_24, i32 %c_49" [dft.cpp:30]   --->   Operation 849 'fmul' 'mul23_1_4' <Predicate = (!tmp)> <Delay = 5.70> <CoreInst = "FMul_maxdsp">   --->   Core 30 'FMul_maxdsp' <Latency = 3> <II = 1> <Delay = 5.70> <FuncUnit> <Opcode : 'fmul'> <InPorts = 2> <OutPorts = 1>
ST_26 : Operation 850 [2/4] (5.70ns)   --->   "%mul12_1_5 = fmul i32 %tmp_25, i32 %c_50" [dft.cpp:29]   --->   Operation 850 'fmul' 'mul12_1_5' <Predicate = (!tmp)> <Delay = 5.70> <CoreInst = "FMul_maxdsp">   --->   Core 30 'FMul_maxdsp' <Latency = 3> <II = 1> <Delay = 5.70> <FuncUnit> <Opcode : 'fmul'> <InPorts = 2> <OutPorts = 1>
ST_26 : Operation 851 [3/4] (5.70ns)   --->   "%mul15_1_5 = fmul i32 %tmp_26, i32 %s_50" [dft.cpp:29]   --->   Operation 851 'fmul' 'mul15_1_5' <Predicate = (!tmp)> <Delay = 5.70> <CoreInst = "FMul_maxdsp">   --->   Core 30 'FMul_maxdsp' <Latency = 3> <II = 1> <Delay = 5.70> <FuncUnit> <Opcode : 'fmul'> <InPorts = 2> <OutPorts = 1>
ST_26 : Operation 852 [4/4] (6.79ns)   --->   "%mul20_1_5 = fmul i32 %tmp_25, i32 %s_50" [dft.cpp:30]   --->   Operation 852 'fmul' 'mul20_1_5' <Predicate = (!tmp)> <Delay = 6.79> <CoreInst = "FMul_maxdsp">   --->   Core 30 'FMul_maxdsp' <Latency = 3> <II = 1> <Delay = 5.70> <FuncUnit> <Opcode : 'fmul'> <InPorts = 2> <OutPorts = 1>

State 27 <SV = 26> <Delay = 9.30>
ST_27 : Operation 853 [2/5] (7.25ns)   --->   "%add_1_2 = fadd i32 %add_1_1, i32 %sub_1_2" [dft.cpp:29]   --->   Operation 853 'fadd' 'add_1_2' <Predicate = (!tmp)> <Delay = 7.25> <CoreInst = "FAddSub_fulldsp">   --->   Core 18 'FAddSub_fulldsp' <Latency = 4> <II = 1> <Delay = 7.25> <FuncUnit> <Opcode : 'fadd' 'fsub'> <InPorts = 2> <OutPorts = 1>
ST_27 : Operation 854 [4/5] (7.25ns)   --->   "%add27_1_2 = fadd i32 %add27_1_1, i32 %add24_1_2" [dft.cpp:30]   --->   Operation 854 'fadd' 'add27_1_2' <Predicate = (!tmp)> <Delay = 7.25> <CoreInst = "FAddSub_fulldsp">   --->   Core 18 'FAddSub_fulldsp' <Latency = 4> <II = 1> <Delay = 7.25> <FuncUnit> <Opcode : 'fadd' 'fsub'> <InPorts = 2> <OutPorts = 1>
ST_27 : Operation 855 [1/5] (7.25ns)   --->   "%add24_1_3 = fadd i32 %mul20_1_3, i32 %mul23_1_3" [dft.cpp:30]   --->   Operation 855 'fadd' 'add24_1_3' <Predicate = (!tmp)> <Delay = 7.25> <CoreInst = "FAddSub_fulldsp">   --->   Core 18 'FAddSub_fulldsp' <Latency = 4> <II = 1> <Delay = 7.25> <FuncUnit> <Opcode : 'fadd' 'fsub'> <InPorts = 2> <OutPorts = 1>
ST_27 : Operation 856 [3/5] (7.25ns)   --->   "%sub_1_4 = fsub i32 %mul12_1_4, i32 %mul15_1_4" [dft.cpp:29]   --->   Operation 856 'fsub' 'sub_1_4' <Predicate = (!tmp)> <Delay = 7.25> <CoreInst = "FAddSub_fulldsp">   --->   Core 18 'FAddSub_fulldsp' <Latency = 4> <II = 1> <Delay = 7.25> <FuncUnit> <Opcode : 'fadd' 'fsub'> <InPorts = 2> <OutPorts = 1>
ST_27 : Operation 857 [5/5] (9.30ns)   --->   "%add24_1_4 = fadd i32 %mul20_1_4, i32 %mul23_1_4" [dft.cpp:30]   --->   Operation 857 'fadd' 'add24_1_4' <Predicate = (!tmp)> <Delay = 9.30> <CoreInst = "FAddSub_fulldsp">   --->   Core 18 'FAddSub_fulldsp' <Latency = 4> <II = 1> <Delay = 7.25> <FuncUnit> <Opcode : 'fadd' 'fsub'> <InPorts = 2> <OutPorts = 1>
ST_27 : Operation 858 [1/4] (5.70ns)   --->   "%mul12_1_5 = fmul i32 %tmp_25, i32 %c_50" [dft.cpp:29]   --->   Operation 858 'fmul' 'mul12_1_5' <Predicate = (!tmp)> <Delay = 5.70> <CoreInst = "FMul_maxdsp">   --->   Core 30 'FMul_maxdsp' <Latency = 3> <II = 1> <Delay = 5.70> <FuncUnit> <Opcode : 'fmul'> <InPorts = 2> <OutPorts = 1>
ST_27 : Operation 859 [2/4] (5.70ns)   --->   "%mul15_1_5 = fmul i32 %tmp_26, i32 %s_50" [dft.cpp:29]   --->   Operation 859 'fmul' 'mul15_1_5' <Predicate = (!tmp)> <Delay = 5.70> <CoreInst = "FMul_maxdsp">   --->   Core 30 'FMul_maxdsp' <Latency = 3> <II = 1> <Delay = 5.70> <FuncUnit> <Opcode : 'fmul'> <InPorts = 2> <OutPorts = 1>
ST_27 : Operation 860 [3/4] (5.70ns)   --->   "%mul20_1_5 = fmul i32 %tmp_25, i32 %s_50" [dft.cpp:30]   --->   Operation 860 'fmul' 'mul20_1_5' <Predicate = (!tmp)> <Delay = 5.70> <CoreInst = "FMul_maxdsp">   --->   Core 30 'FMul_maxdsp' <Latency = 3> <II = 1> <Delay = 5.70> <FuncUnit> <Opcode : 'fmul'> <InPorts = 2> <OutPorts = 1>
ST_27 : Operation 861 [4/4] (6.79ns)   --->   "%mul23_1_5 = fmul i32 %tmp_26, i32 %c_50" [dft.cpp:30]   --->   Operation 861 'fmul' 'mul23_1_5' <Predicate = (!tmp)> <Delay = 6.79> <CoreInst = "FMul_maxdsp">   --->   Core 30 'FMul_maxdsp' <Latency = 3> <II = 1> <Delay = 5.70> <FuncUnit> <Opcode : 'fmul'> <InPorts = 2> <OutPorts = 1>

State 28 <SV = 27> <Delay = 7.25>
ST_28 : Operation 862 [1/5] (7.25ns)   --->   "%add_1_2 = fadd i32 %add_1_1, i32 %sub_1_2" [dft.cpp:29]   --->   Operation 862 'fadd' 'add_1_2' <Predicate = (!tmp)> <Delay = 7.25> <CoreInst = "FAddSub_fulldsp">   --->   Core 18 'FAddSub_fulldsp' <Latency = 4> <II = 1> <Delay = 7.25> <FuncUnit> <Opcode : 'fadd' 'fsub'> <InPorts = 2> <OutPorts = 1>
ST_28 : Operation 863 [3/5] (7.25ns)   --->   "%add27_1_2 = fadd i32 %add27_1_1, i32 %add24_1_2" [dft.cpp:30]   --->   Operation 863 'fadd' 'add27_1_2' <Predicate = (!tmp)> <Delay = 7.25> <CoreInst = "FAddSub_fulldsp">   --->   Core 18 'FAddSub_fulldsp' <Latency = 4> <II = 1> <Delay = 7.25> <FuncUnit> <Opcode : 'fadd' 'fsub'> <InPorts = 2> <OutPorts = 1>
ST_28 : Operation 864 [2/5] (7.25ns)   --->   "%sub_1_4 = fsub i32 %mul12_1_4, i32 %mul15_1_4" [dft.cpp:29]   --->   Operation 864 'fsub' 'sub_1_4' <Predicate = (!tmp)> <Delay = 7.25> <CoreInst = "FAddSub_fulldsp">   --->   Core 18 'FAddSub_fulldsp' <Latency = 4> <II = 1> <Delay = 7.25> <FuncUnit> <Opcode : 'fadd' 'fsub'> <InPorts = 2> <OutPorts = 1>
ST_28 : Operation 865 [4/5] (7.25ns)   --->   "%add24_1_4 = fadd i32 %mul20_1_4, i32 %mul23_1_4" [dft.cpp:30]   --->   Operation 865 'fadd' 'add24_1_4' <Predicate = (!tmp)> <Delay = 7.25> <CoreInst = "FAddSub_fulldsp">   --->   Core 18 'FAddSub_fulldsp' <Latency = 4> <II = 1> <Delay = 7.25> <FuncUnit> <Opcode : 'fadd' 'fsub'> <InPorts = 2> <OutPorts = 1>
ST_28 : Operation 866 [1/4] (5.70ns)   --->   "%mul15_1_5 = fmul i32 %tmp_26, i32 %s_50" [dft.cpp:29]   --->   Operation 866 'fmul' 'mul15_1_5' <Predicate = (!tmp)> <Delay = 5.70> <CoreInst = "FMul_maxdsp">   --->   Core 30 'FMul_maxdsp' <Latency = 3> <II = 1> <Delay = 5.70> <FuncUnit> <Opcode : 'fmul'> <InPorts = 2> <OutPorts = 1>
ST_28 : Operation 867 [2/4] (5.70ns)   --->   "%mul20_1_5 = fmul i32 %tmp_25, i32 %s_50" [dft.cpp:30]   --->   Operation 867 'fmul' 'mul20_1_5' <Predicate = (!tmp)> <Delay = 5.70> <CoreInst = "FMul_maxdsp">   --->   Core 30 'FMul_maxdsp' <Latency = 3> <II = 1> <Delay = 5.70> <FuncUnit> <Opcode : 'fmul'> <InPorts = 2> <OutPorts = 1>
ST_28 : Operation 868 [3/4] (5.70ns)   --->   "%mul23_1_5 = fmul i32 %tmp_26, i32 %c_50" [dft.cpp:30]   --->   Operation 868 'fmul' 'mul23_1_5' <Predicate = (!tmp)> <Delay = 5.70> <CoreInst = "FMul_maxdsp">   --->   Core 30 'FMul_maxdsp' <Latency = 3> <II = 1> <Delay = 5.70> <FuncUnit> <Opcode : 'fmul'> <InPorts = 2> <OutPorts = 1>
ST_28 : Operation 869 [4/4] (6.79ns)   --->   "%mul12_1_6 = fmul i32 %tmp_27, i32 %c_51" [dft.cpp:29]   --->   Operation 869 'fmul' 'mul12_1_6' <Predicate = (!tmp)> <Delay = 6.79> <CoreInst = "FMul_maxdsp">   --->   Core 30 'FMul_maxdsp' <Latency = 3> <II = 1> <Delay = 5.70> <FuncUnit> <Opcode : 'fmul'> <InPorts = 2> <OutPorts = 1>

State 29 <SV = 28> <Delay = 9.30>
ST_29 : Operation 870 [2/5] (7.25ns)   --->   "%add27_1_2 = fadd i32 %add27_1_1, i32 %add24_1_2" [dft.cpp:30]   --->   Operation 870 'fadd' 'add27_1_2' <Predicate = (!tmp)> <Delay = 7.25> <CoreInst = "FAddSub_fulldsp">   --->   Core 18 'FAddSub_fulldsp' <Latency = 4> <II = 1> <Delay = 7.25> <FuncUnit> <Opcode : 'fadd' 'fsub'> <InPorts = 2> <OutPorts = 1>
ST_29 : Operation 871 [5/5] (9.30ns)   --->   "%add_1_3 = fadd i32 %add_1_2, i32 %sub_1_3" [dft.cpp:29]   --->   Operation 871 'fadd' 'add_1_3' <Predicate = (!tmp)> <Delay = 9.30> <CoreInst = "FAddSub_fulldsp">   --->   Core 18 'FAddSub_fulldsp' <Latency = 4> <II = 1> <Delay = 7.25> <FuncUnit> <Opcode : 'fadd' 'fsub'> <InPorts = 2> <OutPorts = 1>
ST_29 : Operation 872 [1/5] (7.25ns)   --->   "%sub_1_4 = fsub i32 %mul12_1_4, i32 %mul15_1_4" [dft.cpp:29]   --->   Operation 872 'fsub' 'sub_1_4' <Predicate = (!tmp)> <Delay = 7.25> <CoreInst = "FAddSub_fulldsp">   --->   Core 18 'FAddSub_fulldsp' <Latency = 4> <II = 1> <Delay = 7.25> <FuncUnit> <Opcode : 'fadd' 'fsub'> <InPorts = 2> <OutPorts = 1>
ST_29 : Operation 873 [3/5] (7.25ns)   --->   "%add24_1_4 = fadd i32 %mul20_1_4, i32 %mul23_1_4" [dft.cpp:30]   --->   Operation 873 'fadd' 'add24_1_4' <Predicate = (!tmp)> <Delay = 7.25> <CoreInst = "FAddSub_fulldsp">   --->   Core 18 'FAddSub_fulldsp' <Latency = 4> <II = 1> <Delay = 7.25> <FuncUnit> <Opcode : 'fadd' 'fsub'> <InPorts = 2> <OutPorts = 1>
ST_29 : Operation 874 [5/5] (8.42ns)   --->   "%sub_1_5 = fsub i32 %mul12_1_5, i32 %mul15_1_5" [dft.cpp:29]   --->   Operation 874 'fsub' 'sub_1_5' <Predicate = (!tmp)> <Delay = 8.42> <CoreInst = "FAddSub_fulldsp">   --->   Core 18 'FAddSub_fulldsp' <Latency = 4> <II = 1> <Delay = 7.25> <FuncUnit> <Opcode : 'fadd' 'fsub'> <InPorts = 2> <OutPorts = 1>
ST_29 : Operation 875 [1/4] (5.70ns)   --->   "%mul20_1_5 = fmul i32 %tmp_25, i32 %s_50" [dft.cpp:30]   --->   Operation 875 'fmul' 'mul20_1_5' <Predicate = (!tmp)> <Delay = 5.70> <CoreInst = "FMul_maxdsp">   --->   Core 30 'FMul_maxdsp' <Latency = 3> <II = 1> <Delay = 5.70> <FuncUnit> <Opcode : 'fmul'> <InPorts = 2> <OutPorts = 1>
ST_29 : Operation 876 [2/4] (5.70ns)   --->   "%mul23_1_5 = fmul i32 %tmp_26, i32 %c_50" [dft.cpp:30]   --->   Operation 876 'fmul' 'mul23_1_5' <Predicate = (!tmp)> <Delay = 5.70> <CoreInst = "FMul_maxdsp">   --->   Core 30 'FMul_maxdsp' <Latency = 3> <II = 1> <Delay = 5.70> <FuncUnit> <Opcode : 'fmul'> <InPorts = 2> <OutPorts = 1>
ST_29 : Operation 877 [3/4] (5.70ns)   --->   "%mul12_1_6 = fmul i32 %tmp_27, i32 %c_51" [dft.cpp:29]   --->   Operation 877 'fmul' 'mul12_1_6' <Predicate = (!tmp)> <Delay = 5.70> <CoreInst = "FMul_maxdsp">   --->   Core 30 'FMul_maxdsp' <Latency = 3> <II = 1> <Delay = 5.70> <FuncUnit> <Opcode : 'fmul'> <InPorts = 2> <OutPorts = 1>
ST_29 : Operation 878 [4/4] (6.79ns)   --->   "%mul15_1_6 = fmul i32 %tmp_28, i32 %s_51" [dft.cpp:29]   --->   Operation 878 'fmul' 'mul15_1_6' <Predicate = (!tmp)> <Delay = 6.79> <CoreInst = "FMul_maxdsp">   --->   Core 30 'FMul_maxdsp' <Latency = 3> <II = 1> <Delay = 5.70> <FuncUnit> <Opcode : 'fmul'> <InPorts = 2> <OutPorts = 1>

State 30 <SV = 29> <Delay = 7.25>
ST_30 : Operation 879 [1/5] (7.25ns)   --->   "%add27_1_2 = fadd i32 %add27_1_1, i32 %add24_1_2" [dft.cpp:30]   --->   Operation 879 'fadd' 'add27_1_2' <Predicate = (!tmp)> <Delay = 7.25> <CoreInst = "FAddSub_fulldsp">   --->   Core 18 'FAddSub_fulldsp' <Latency = 4> <II = 1> <Delay = 7.25> <FuncUnit> <Opcode : 'fadd' 'fsub'> <InPorts = 2> <OutPorts = 1>
ST_30 : Operation 880 [4/5] (7.25ns)   --->   "%add_1_3 = fadd i32 %add_1_2, i32 %sub_1_3" [dft.cpp:29]   --->   Operation 880 'fadd' 'add_1_3' <Predicate = (!tmp)> <Delay = 7.25> <CoreInst = "FAddSub_fulldsp">   --->   Core 18 'FAddSub_fulldsp' <Latency = 4> <II = 1> <Delay = 7.25> <FuncUnit> <Opcode : 'fadd' 'fsub'> <InPorts = 2> <OutPorts = 1>
ST_30 : Operation 881 [2/5] (7.25ns)   --->   "%add24_1_4 = fadd i32 %mul20_1_4, i32 %mul23_1_4" [dft.cpp:30]   --->   Operation 881 'fadd' 'add24_1_4' <Predicate = (!tmp)> <Delay = 7.25> <CoreInst = "FAddSub_fulldsp">   --->   Core 18 'FAddSub_fulldsp' <Latency = 4> <II = 1> <Delay = 7.25> <FuncUnit> <Opcode : 'fadd' 'fsub'> <InPorts = 2> <OutPorts = 1>
ST_30 : Operation 882 [4/5] (7.25ns)   --->   "%sub_1_5 = fsub i32 %mul12_1_5, i32 %mul15_1_5" [dft.cpp:29]   --->   Operation 882 'fsub' 'sub_1_5' <Predicate = (!tmp)> <Delay = 7.25> <CoreInst = "FAddSub_fulldsp">   --->   Core 18 'FAddSub_fulldsp' <Latency = 4> <II = 1> <Delay = 7.25> <FuncUnit> <Opcode : 'fadd' 'fsub'> <InPorts = 2> <OutPorts = 1>
ST_30 : Operation 883 [1/4] (5.70ns)   --->   "%mul23_1_5 = fmul i32 %tmp_26, i32 %c_50" [dft.cpp:30]   --->   Operation 883 'fmul' 'mul23_1_5' <Predicate = (!tmp)> <Delay = 5.70> <CoreInst = "FMul_maxdsp">   --->   Core 30 'FMul_maxdsp' <Latency = 3> <II = 1> <Delay = 5.70> <FuncUnit> <Opcode : 'fmul'> <InPorts = 2> <OutPorts = 1>
ST_30 : Operation 884 [2/4] (5.70ns)   --->   "%mul12_1_6 = fmul i32 %tmp_27, i32 %c_51" [dft.cpp:29]   --->   Operation 884 'fmul' 'mul12_1_6' <Predicate = (!tmp)> <Delay = 5.70> <CoreInst = "FMul_maxdsp">   --->   Core 30 'FMul_maxdsp' <Latency = 3> <II = 1> <Delay = 5.70> <FuncUnit> <Opcode : 'fmul'> <InPorts = 2> <OutPorts = 1>
ST_30 : Operation 885 [3/4] (5.70ns)   --->   "%mul15_1_6 = fmul i32 %tmp_28, i32 %s_51" [dft.cpp:29]   --->   Operation 885 'fmul' 'mul15_1_6' <Predicate = (!tmp)> <Delay = 5.70> <CoreInst = "FMul_maxdsp">   --->   Core 30 'FMul_maxdsp' <Latency = 3> <II = 1> <Delay = 5.70> <FuncUnit> <Opcode : 'fmul'> <InPorts = 2> <OutPorts = 1>
ST_30 : Operation 886 [4/4] (6.79ns)   --->   "%mul20_1_6 = fmul i32 %tmp_27, i32 %s_51" [dft.cpp:30]   --->   Operation 886 'fmul' 'mul20_1_6' <Predicate = (!tmp)> <Delay = 6.79> <CoreInst = "FMul_maxdsp">   --->   Core 30 'FMul_maxdsp' <Latency = 3> <II = 1> <Delay = 5.70> <FuncUnit> <Opcode : 'fmul'> <InPorts = 2> <OutPorts = 1>

State 31 <SV = 30> <Delay = 9.30>
ST_31 : Operation 887 [3/5] (7.25ns)   --->   "%add_1_3 = fadd i32 %add_1_2, i32 %sub_1_3" [dft.cpp:29]   --->   Operation 887 'fadd' 'add_1_3' <Predicate = (!tmp)> <Delay = 7.25> <CoreInst = "FAddSub_fulldsp">   --->   Core 18 'FAddSub_fulldsp' <Latency = 4> <II = 1> <Delay = 7.25> <FuncUnit> <Opcode : 'fadd' 'fsub'> <InPorts = 2> <OutPorts = 1>
ST_31 : Operation 888 [5/5] (9.30ns)   --->   "%add27_1_3 = fadd i32 %add27_1_2, i32 %add24_1_3" [dft.cpp:30]   --->   Operation 888 'fadd' 'add27_1_3' <Predicate = (!tmp)> <Delay = 9.30> <CoreInst = "FAddSub_fulldsp">   --->   Core 18 'FAddSub_fulldsp' <Latency = 4> <II = 1> <Delay = 7.25> <FuncUnit> <Opcode : 'fadd' 'fsub'> <InPorts = 2> <OutPorts = 1>
ST_31 : Operation 889 [1/5] (7.25ns)   --->   "%add24_1_4 = fadd i32 %mul20_1_4, i32 %mul23_1_4" [dft.cpp:30]   --->   Operation 889 'fadd' 'add24_1_4' <Predicate = (!tmp)> <Delay = 7.25> <CoreInst = "FAddSub_fulldsp">   --->   Core 18 'FAddSub_fulldsp' <Latency = 4> <II = 1> <Delay = 7.25> <FuncUnit> <Opcode : 'fadd' 'fsub'> <InPorts = 2> <OutPorts = 1>
ST_31 : Operation 890 [3/5] (7.25ns)   --->   "%sub_1_5 = fsub i32 %mul12_1_5, i32 %mul15_1_5" [dft.cpp:29]   --->   Operation 890 'fsub' 'sub_1_5' <Predicate = (!tmp)> <Delay = 7.25> <CoreInst = "FAddSub_fulldsp">   --->   Core 18 'FAddSub_fulldsp' <Latency = 4> <II = 1> <Delay = 7.25> <FuncUnit> <Opcode : 'fadd' 'fsub'> <InPorts = 2> <OutPorts = 1>
ST_31 : Operation 891 [5/5] (8.42ns)   --->   "%add24_1_5 = fadd i32 %mul20_1_5, i32 %mul23_1_5" [dft.cpp:30]   --->   Operation 891 'fadd' 'add24_1_5' <Predicate = (!tmp)> <Delay = 8.42> <CoreInst = "FAddSub_fulldsp">   --->   Core 18 'FAddSub_fulldsp' <Latency = 4> <II = 1> <Delay = 7.25> <FuncUnit> <Opcode : 'fadd' 'fsub'> <InPorts = 2> <OutPorts = 1>
ST_31 : Operation 892 [1/4] (5.70ns)   --->   "%mul12_1_6 = fmul i32 %tmp_27, i32 %c_51" [dft.cpp:29]   --->   Operation 892 'fmul' 'mul12_1_6' <Predicate = (!tmp)> <Delay = 5.70> <CoreInst = "FMul_maxdsp">   --->   Core 30 'FMul_maxdsp' <Latency = 3> <II = 1> <Delay = 5.70> <FuncUnit> <Opcode : 'fmul'> <InPorts = 2> <OutPorts = 1>
ST_31 : Operation 893 [2/4] (5.70ns)   --->   "%mul15_1_6 = fmul i32 %tmp_28, i32 %s_51" [dft.cpp:29]   --->   Operation 893 'fmul' 'mul15_1_6' <Predicate = (!tmp)> <Delay = 5.70> <CoreInst = "FMul_maxdsp">   --->   Core 30 'FMul_maxdsp' <Latency = 3> <II = 1> <Delay = 5.70> <FuncUnit> <Opcode : 'fmul'> <InPorts = 2> <OutPorts = 1>
ST_31 : Operation 894 [3/4] (5.70ns)   --->   "%mul20_1_6 = fmul i32 %tmp_27, i32 %s_51" [dft.cpp:30]   --->   Operation 894 'fmul' 'mul20_1_6' <Predicate = (!tmp)> <Delay = 5.70> <CoreInst = "FMul_maxdsp">   --->   Core 30 'FMul_maxdsp' <Latency = 3> <II = 1> <Delay = 5.70> <FuncUnit> <Opcode : 'fmul'> <InPorts = 2> <OutPorts = 1>
ST_31 : Operation 895 [4/4] (6.79ns)   --->   "%mul23_1_6 = fmul i32 %tmp_28, i32 %c_51" [dft.cpp:30]   --->   Operation 895 'fmul' 'mul23_1_6' <Predicate = (!tmp)> <Delay = 6.79> <CoreInst = "FMul_maxdsp">   --->   Core 30 'FMul_maxdsp' <Latency = 3> <II = 1> <Delay = 5.70> <FuncUnit> <Opcode : 'fmul'> <InPorts = 2> <OutPorts = 1>

State 32 <SV = 31> <Delay = 7.25>
ST_32 : Operation 896 [2/5] (7.25ns)   --->   "%add_1_3 = fadd i32 %add_1_2, i32 %sub_1_3" [dft.cpp:29]   --->   Operation 896 'fadd' 'add_1_3' <Predicate = (!tmp)> <Delay = 7.25> <CoreInst = "FAddSub_fulldsp">   --->   Core 18 'FAddSub_fulldsp' <Latency = 4> <II = 1> <Delay = 7.25> <FuncUnit> <Opcode : 'fadd' 'fsub'> <InPorts = 2> <OutPorts = 1>
ST_32 : Operation 897 [4/5] (7.25ns)   --->   "%add27_1_3 = fadd i32 %add27_1_2, i32 %add24_1_3" [dft.cpp:30]   --->   Operation 897 'fadd' 'add27_1_3' <Predicate = (!tmp)> <Delay = 7.25> <CoreInst = "FAddSub_fulldsp">   --->   Core 18 'FAddSub_fulldsp' <Latency = 4> <II = 1> <Delay = 7.25> <FuncUnit> <Opcode : 'fadd' 'fsub'> <InPorts = 2> <OutPorts = 1>
ST_32 : Operation 898 [2/5] (7.25ns)   --->   "%sub_1_5 = fsub i32 %mul12_1_5, i32 %mul15_1_5" [dft.cpp:29]   --->   Operation 898 'fsub' 'sub_1_5' <Predicate = (!tmp)> <Delay = 7.25> <CoreInst = "FAddSub_fulldsp">   --->   Core 18 'FAddSub_fulldsp' <Latency = 4> <II = 1> <Delay = 7.25> <FuncUnit> <Opcode : 'fadd' 'fsub'> <InPorts = 2> <OutPorts = 1>
ST_32 : Operation 899 [4/5] (7.25ns)   --->   "%add24_1_5 = fadd i32 %mul20_1_5, i32 %mul23_1_5" [dft.cpp:30]   --->   Operation 899 'fadd' 'add24_1_5' <Predicate = (!tmp)> <Delay = 7.25> <CoreInst = "FAddSub_fulldsp">   --->   Core 18 'FAddSub_fulldsp' <Latency = 4> <II = 1> <Delay = 7.25> <FuncUnit> <Opcode : 'fadd' 'fsub'> <InPorts = 2> <OutPorts = 1>
ST_32 : Operation 900 [1/4] (5.70ns)   --->   "%mul15_1_6 = fmul i32 %tmp_28, i32 %s_51" [dft.cpp:29]   --->   Operation 900 'fmul' 'mul15_1_6' <Predicate = (!tmp)> <Delay = 5.70> <CoreInst = "FMul_maxdsp">   --->   Core 30 'FMul_maxdsp' <Latency = 3> <II = 1> <Delay = 5.70> <FuncUnit> <Opcode : 'fmul'> <InPorts = 2> <OutPorts = 1>
ST_32 : Operation 901 [2/4] (5.70ns)   --->   "%mul20_1_6 = fmul i32 %tmp_27, i32 %s_51" [dft.cpp:30]   --->   Operation 901 'fmul' 'mul20_1_6' <Predicate = (!tmp)> <Delay = 5.70> <CoreInst = "FMul_maxdsp">   --->   Core 30 'FMul_maxdsp' <Latency = 3> <II = 1> <Delay = 5.70> <FuncUnit> <Opcode : 'fmul'> <InPorts = 2> <OutPorts = 1>
ST_32 : Operation 902 [3/4] (5.70ns)   --->   "%mul23_1_6 = fmul i32 %tmp_28, i32 %c_51" [dft.cpp:30]   --->   Operation 902 'fmul' 'mul23_1_6' <Predicate = (!tmp)> <Delay = 5.70> <CoreInst = "FMul_maxdsp">   --->   Core 30 'FMul_maxdsp' <Latency = 3> <II = 1> <Delay = 5.70> <FuncUnit> <Opcode : 'fmul'> <InPorts = 2> <OutPorts = 1>
ST_32 : Operation 903 [4/4] (6.79ns)   --->   "%mul12_1_7 = fmul i32 %tmp_29, i32 %c_52" [dft.cpp:29]   --->   Operation 903 'fmul' 'mul12_1_7' <Predicate = (!tmp)> <Delay = 6.79> <CoreInst = "FMul_maxdsp">   --->   Core 30 'FMul_maxdsp' <Latency = 3> <II = 1> <Delay = 5.70> <FuncUnit> <Opcode : 'fmul'> <InPorts = 2> <OutPorts = 1>

State 33 <SV = 32> <Delay = 9.30>
ST_33 : Operation 904 [1/5] (7.25ns)   --->   "%add_1_3 = fadd i32 %add_1_2, i32 %sub_1_3" [dft.cpp:29]   --->   Operation 904 'fadd' 'add_1_3' <Predicate = (!tmp)> <Delay = 7.25> <CoreInst = "FAddSub_fulldsp">   --->   Core 18 'FAddSub_fulldsp' <Latency = 4> <II = 1> <Delay = 7.25> <FuncUnit> <Opcode : 'fadd' 'fsub'> <InPorts = 2> <OutPorts = 1>
ST_33 : Operation 905 [3/5] (7.25ns)   --->   "%add27_1_3 = fadd i32 %add27_1_2, i32 %add24_1_3" [dft.cpp:30]   --->   Operation 905 'fadd' 'add27_1_3' <Predicate = (!tmp)> <Delay = 7.25> <CoreInst = "FAddSub_fulldsp">   --->   Core 18 'FAddSub_fulldsp' <Latency = 4> <II = 1> <Delay = 7.25> <FuncUnit> <Opcode : 'fadd' 'fsub'> <InPorts = 2> <OutPorts = 1>
ST_33 : Operation 906 [1/5] (7.25ns)   --->   "%sub_1_5 = fsub i32 %mul12_1_5, i32 %mul15_1_5" [dft.cpp:29]   --->   Operation 906 'fsub' 'sub_1_5' <Predicate = (!tmp)> <Delay = 7.25> <CoreInst = "FAddSub_fulldsp">   --->   Core 18 'FAddSub_fulldsp' <Latency = 4> <II = 1> <Delay = 7.25> <FuncUnit> <Opcode : 'fadd' 'fsub'> <InPorts = 2> <OutPorts = 1>
ST_33 : Operation 907 [3/5] (7.25ns)   --->   "%add24_1_5 = fadd i32 %mul20_1_5, i32 %mul23_1_5" [dft.cpp:30]   --->   Operation 907 'fadd' 'add24_1_5' <Predicate = (!tmp)> <Delay = 7.25> <CoreInst = "FAddSub_fulldsp">   --->   Core 18 'FAddSub_fulldsp' <Latency = 4> <II = 1> <Delay = 7.25> <FuncUnit> <Opcode : 'fadd' 'fsub'> <InPorts = 2> <OutPorts = 1>
ST_33 : Operation 908 [5/5] (9.30ns)   --->   "%sub_1_6 = fsub i32 %mul12_1_6, i32 %mul15_1_6" [dft.cpp:29]   --->   Operation 908 'fsub' 'sub_1_6' <Predicate = (!tmp)> <Delay = 9.30> <CoreInst = "FAddSub_fulldsp">   --->   Core 18 'FAddSub_fulldsp' <Latency = 4> <II = 1> <Delay = 7.25> <FuncUnit> <Opcode : 'fadd' 'fsub'> <InPorts = 2> <OutPorts = 1>
ST_33 : Operation 909 [1/4] (5.70ns)   --->   "%mul20_1_6 = fmul i32 %tmp_27, i32 %s_51" [dft.cpp:30]   --->   Operation 909 'fmul' 'mul20_1_6' <Predicate = (!tmp)> <Delay = 5.70> <CoreInst = "FMul_maxdsp">   --->   Core 30 'FMul_maxdsp' <Latency = 3> <II = 1> <Delay = 5.70> <FuncUnit> <Opcode : 'fmul'> <InPorts = 2> <OutPorts = 1>
ST_33 : Operation 910 [2/4] (5.70ns)   --->   "%mul23_1_6 = fmul i32 %tmp_28, i32 %c_51" [dft.cpp:30]   --->   Operation 910 'fmul' 'mul23_1_6' <Predicate = (!tmp)> <Delay = 5.70> <CoreInst = "FMul_maxdsp">   --->   Core 30 'FMul_maxdsp' <Latency = 3> <II = 1> <Delay = 5.70> <FuncUnit> <Opcode : 'fmul'> <InPorts = 2> <OutPorts = 1>
ST_33 : Operation 911 [3/4] (5.70ns)   --->   "%mul12_1_7 = fmul i32 %tmp_29, i32 %c_52" [dft.cpp:29]   --->   Operation 911 'fmul' 'mul12_1_7' <Predicate = (!tmp)> <Delay = 5.70> <CoreInst = "FMul_maxdsp">   --->   Core 30 'FMul_maxdsp' <Latency = 3> <II = 1> <Delay = 5.70> <FuncUnit> <Opcode : 'fmul'> <InPorts = 2> <OutPorts = 1>
ST_33 : Operation 912 [4/4] (6.79ns)   --->   "%mul15_1_7 = fmul i32 %tmp_30, i32 %s_52" [dft.cpp:29]   --->   Operation 912 'fmul' 'mul15_1_7' <Predicate = (!tmp)> <Delay = 6.79> <CoreInst = "FMul_maxdsp">   --->   Core 30 'FMul_maxdsp' <Latency = 3> <II = 1> <Delay = 5.70> <FuncUnit> <Opcode : 'fmul'> <InPorts = 2> <OutPorts = 1>

State 34 <SV = 33> <Delay = 9.30>
ST_34 : Operation 913 [2/5] (7.25ns)   --->   "%add27_1_3 = fadd i32 %add27_1_2, i32 %add24_1_3" [dft.cpp:30]   --->   Operation 913 'fadd' 'add27_1_3' <Predicate = (!tmp)> <Delay = 7.25> <CoreInst = "FAddSub_fulldsp">   --->   Core 18 'FAddSub_fulldsp' <Latency = 4> <II = 1> <Delay = 7.25> <FuncUnit> <Opcode : 'fadd' 'fsub'> <InPorts = 2> <OutPorts = 1>
ST_34 : Operation 914 [5/5] (9.30ns)   --->   "%add_1_4 = fadd i32 %add_1_3, i32 %sub_1_4" [dft.cpp:29]   --->   Operation 914 'fadd' 'add_1_4' <Predicate = (!tmp)> <Delay = 9.30> <CoreInst = "FAddSub_fulldsp">   --->   Core 18 'FAddSub_fulldsp' <Latency = 4> <II = 1> <Delay = 7.25> <FuncUnit> <Opcode : 'fadd' 'fsub'> <InPorts = 2> <OutPorts = 1>
ST_34 : Operation 915 [2/5] (7.25ns)   --->   "%add24_1_5 = fadd i32 %mul20_1_5, i32 %mul23_1_5" [dft.cpp:30]   --->   Operation 915 'fadd' 'add24_1_5' <Predicate = (!tmp)> <Delay = 7.25> <CoreInst = "FAddSub_fulldsp">   --->   Core 18 'FAddSub_fulldsp' <Latency = 4> <II = 1> <Delay = 7.25> <FuncUnit> <Opcode : 'fadd' 'fsub'> <InPorts = 2> <OutPorts = 1>
ST_34 : Operation 916 [4/5] (7.25ns)   --->   "%sub_1_6 = fsub i32 %mul12_1_6, i32 %mul15_1_6" [dft.cpp:29]   --->   Operation 916 'fsub' 'sub_1_6' <Predicate = (!tmp)> <Delay = 7.25> <CoreInst = "FAddSub_fulldsp">   --->   Core 18 'FAddSub_fulldsp' <Latency = 4> <II = 1> <Delay = 7.25> <FuncUnit> <Opcode : 'fadd' 'fsub'> <InPorts = 2> <OutPorts = 1>
ST_34 : Operation 917 [1/4] (5.70ns)   --->   "%mul23_1_6 = fmul i32 %tmp_28, i32 %c_51" [dft.cpp:30]   --->   Operation 917 'fmul' 'mul23_1_6' <Predicate = (!tmp)> <Delay = 5.70> <CoreInst = "FMul_maxdsp">   --->   Core 30 'FMul_maxdsp' <Latency = 3> <II = 1> <Delay = 5.70> <FuncUnit> <Opcode : 'fmul'> <InPorts = 2> <OutPorts = 1>
ST_34 : Operation 918 [2/4] (5.70ns)   --->   "%mul12_1_7 = fmul i32 %tmp_29, i32 %c_52" [dft.cpp:29]   --->   Operation 918 'fmul' 'mul12_1_7' <Predicate = (!tmp)> <Delay = 5.70> <CoreInst = "FMul_maxdsp">   --->   Core 30 'FMul_maxdsp' <Latency = 3> <II = 1> <Delay = 5.70> <FuncUnit> <Opcode : 'fmul'> <InPorts = 2> <OutPorts = 1>
ST_34 : Operation 919 [3/4] (5.70ns)   --->   "%mul15_1_7 = fmul i32 %tmp_30, i32 %s_52" [dft.cpp:29]   --->   Operation 919 'fmul' 'mul15_1_7' <Predicate = (!tmp)> <Delay = 5.70> <CoreInst = "FMul_maxdsp">   --->   Core 30 'FMul_maxdsp' <Latency = 3> <II = 1> <Delay = 5.70> <FuncUnit> <Opcode : 'fmul'> <InPorts = 2> <OutPorts = 1>
ST_34 : Operation 920 [4/4] (6.79ns)   --->   "%mul20_1_7 = fmul i32 %tmp_29, i32 %s_52" [dft.cpp:30]   --->   Operation 920 'fmul' 'mul20_1_7' <Predicate = (!tmp)> <Delay = 6.79> <CoreInst = "FMul_maxdsp">   --->   Core 30 'FMul_maxdsp' <Latency = 3> <II = 1> <Delay = 5.70> <FuncUnit> <Opcode : 'fmul'> <InPorts = 2> <OutPorts = 1>

State 35 <SV = 34> <Delay = 9.30>
ST_35 : Operation 921 [1/5] (7.25ns)   --->   "%add27_1_3 = fadd i32 %add27_1_2, i32 %add24_1_3" [dft.cpp:30]   --->   Operation 921 'fadd' 'add27_1_3' <Predicate = (!tmp)> <Delay = 7.25> <CoreInst = "FAddSub_fulldsp">   --->   Core 18 'FAddSub_fulldsp' <Latency = 4> <II = 1> <Delay = 7.25> <FuncUnit> <Opcode : 'fadd' 'fsub'> <InPorts = 2> <OutPorts = 1>
ST_35 : Operation 922 [4/5] (7.25ns)   --->   "%add_1_4 = fadd i32 %add_1_3, i32 %sub_1_4" [dft.cpp:29]   --->   Operation 922 'fadd' 'add_1_4' <Predicate = (!tmp)> <Delay = 7.25> <CoreInst = "FAddSub_fulldsp">   --->   Core 18 'FAddSub_fulldsp' <Latency = 4> <II = 1> <Delay = 7.25> <FuncUnit> <Opcode : 'fadd' 'fsub'> <InPorts = 2> <OutPorts = 1>
ST_35 : Operation 923 [1/5] (7.25ns)   --->   "%add24_1_5 = fadd i32 %mul20_1_5, i32 %mul23_1_5" [dft.cpp:30]   --->   Operation 923 'fadd' 'add24_1_5' <Predicate = (!tmp)> <Delay = 7.25> <CoreInst = "FAddSub_fulldsp">   --->   Core 18 'FAddSub_fulldsp' <Latency = 4> <II = 1> <Delay = 7.25> <FuncUnit> <Opcode : 'fadd' 'fsub'> <InPorts = 2> <OutPorts = 1>
ST_35 : Operation 924 [3/5] (7.25ns)   --->   "%sub_1_6 = fsub i32 %mul12_1_6, i32 %mul15_1_6" [dft.cpp:29]   --->   Operation 924 'fsub' 'sub_1_6' <Predicate = (!tmp)> <Delay = 7.25> <CoreInst = "FAddSub_fulldsp">   --->   Core 18 'FAddSub_fulldsp' <Latency = 4> <II = 1> <Delay = 7.25> <FuncUnit> <Opcode : 'fadd' 'fsub'> <InPorts = 2> <OutPorts = 1>
ST_35 : Operation 925 [5/5] (9.30ns)   --->   "%add24_1_6 = fadd i32 %mul20_1_6, i32 %mul23_1_6" [dft.cpp:30]   --->   Operation 925 'fadd' 'add24_1_6' <Predicate = (!tmp)> <Delay = 9.30> <CoreInst = "FAddSub_fulldsp">   --->   Core 18 'FAddSub_fulldsp' <Latency = 4> <II = 1> <Delay = 7.25> <FuncUnit> <Opcode : 'fadd' 'fsub'> <InPorts = 2> <OutPorts = 1>
ST_35 : Operation 926 [1/4] (5.70ns)   --->   "%mul12_1_7 = fmul i32 %tmp_29, i32 %c_52" [dft.cpp:29]   --->   Operation 926 'fmul' 'mul12_1_7' <Predicate = (!tmp)> <Delay = 5.70> <CoreInst = "FMul_maxdsp">   --->   Core 30 'FMul_maxdsp' <Latency = 3> <II = 1> <Delay = 5.70> <FuncUnit> <Opcode : 'fmul'> <InPorts = 2> <OutPorts = 1>
ST_35 : Operation 927 [2/4] (5.70ns)   --->   "%mul15_1_7 = fmul i32 %tmp_30, i32 %s_52" [dft.cpp:29]   --->   Operation 927 'fmul' 'mul15_1_7' <Predicate = (!tmp)> <Delay = 5.70> <CoreInst = "FMul_maxdsp">   --->   Core 30 'FMul_maxdsp' <Latency = 3> <II = 1> <Delay = 5.70> <FuncUnit> <Opcode : 'fmul'> <InPorts = 2> <OutPorts = 1>
ST_35 : Operation 928 [3/4] (5.70ns)   --->   "%mul20_1_7 = fmul i32 %tmp_29, i32 %s_52" [dft.cpp:30]   --->   Operation 928 'fmul' 'mul20_1_7' <Predicate = (!tmp)> <Delay = 5.70> <CoreInst = "FMul_maxdsp">   --->   Core 30 'FMul_maxdsp' <Latency = 3> <II = 1> <Delay = 5.70> <FuncUnit> <Opcode : 'fmul'> <InPorts = 2> <OutPorts = 1>
ST_35 : Operation 929 [4/4] (6.79ns)   --->   "%mul23_1_7 = fmul i32 %tmp_30, i32 %c_52" [dft.cpp:30]   --->   Operation 929 'fmul' 'mul23_1_7' <Predicate = (!tmp)> <Delay = 6.79> <CoreInst = "FMul_maxdsp">   --->   Core 30 'FMul_maxdsp' <Latency = 3> <II = 1> <Delay = 5.70> <FuncUnit> <Opcode : 'fmul'> <InPorts = 2> <OutPorts = 1>

State 36 <SV = 35> <Delay = 9.30>
ST_36 : Operation 930 [3/5] (7.25ns)   --->   "%add_1_4 = fadd i32 %add_1_3, i32 %sub_1_4" [dft.cpp:29]   --->   Operation 930 'fadd' 'add_1_4' <Predicate = (!tmp)> <Delay = 7.25> <CoreInst = "FAddSub_fulldsp">   --->   Core 18 'FAddSub_fulldsp' <Latency = 4> <II = 1> <Delay = 7.25> <FuncUnit> <Opcode : 'fadd' 'fsub'> <InPorts = 2> <OutPorts = 1>
ST_36 : Operation 931 [5/5] (9.30ns)   --->   "%add27_1_4 = fadd i32 %add27_1_3, i32 %add24_1_4" [dft.cpp:30]   --->   Operation 931 'fadd' 'add27_1_4' <Predicate = (!tmp)> <Delay = 9.30> <CoreInst = "FAddSub_fulldsp">   --->   Core 18 'FAddSub_fulldsp' <Latency = 4> <II = 1> <Delay = 7.25> <FuncUnit> <Opcode : 'fadd' 'fsub'> <InPorts = 2> <OutPorts = 1>
ST_36 : Operation 932 [2/5] (7.25ns)   --->   "%sub_1_6 = fsub i32 %mul12_1_6, i32 %mul15_1_6" [dft.cpp:29]   --->   Operation 932 'fsub' 'sub_1_6' <Predicate = (!tmp)> <Delay = 7.25> <CoreInst = "FAddSub_fulldsp">   --->   Core 18 'FAddSub_fulldsp' <Latency = 4> <II = 1> <Delay = 7.25> <FuncUnit> <Opcode : 'fadd' 'fsub'> <InPorts = 2> <OutPorts = 1>
ST_36 : Operation 933 [4/5] (7.25ns)   --->   "%add24_1_6 = fadd i32 %mul20_1_6, i32 %mul23_1_6" [dft.cpp:30]   --->   Operation 933 'fadd' 'add24_1_6' <Predicate = (!tmp)> <Delay = 7.25> <CoreInst = "FAddSub_fulldsp">   --->   Core 18 'FAddSub_fulldsp' <Latency = 4> <II = 1> <Delay = 7.25> <FuncUnit> <Opcode : 'fadd' 'fsub'> <InPorts = 2> <OutPorts = 1>
ST_36 : Operation 934 [1/4] (5.70ns)   --->   "%mul15_1_7 = fmul i32 %tmp_30, i32 %s_52" [dft.cpp:29]   --->   Operation 934 'fmul' 'mul15_1_7' <Predicate = (!tmp)> <Delay = 5.70> <CoreInst = "FMul_maxdsp">   --->   Core 30 'FMul_maxdsp' <Latency = 3> <II = 1> <Delay = 5.70> <FuncUnit> <Opcode : 'fmul'> <InPorts = 2> <OutPorts = 1>
ST_36 : Operation 935 [2/4] (5.70ns)   --->   "%mul20_1_7 = fmul i32 %tmp_29, i32 %s_52" [dft.cpp:30]   --->   Operation 935 'fmul' 'mul20_1_7' <Predicate = (!tmp)> <Delay = 5.70> <CoreInst = "FMul_maxdsp">   --->   Core 30 'FMul_maxdsp' <Latency = 3> <II = 1> <Delay = 5.70> <FuncUnit> <Opcode : 'fmul'> <InPorts = 2> <OutPorts = 1>
ST_36 : Operation 936 [3/4] (5.70ns)   --->   "%mul23_1_7 = fmul i32 %tmp_30, i32 %c_52" [dft.cpp:30]   --->   Operation 936 'fmul' 'mul23_1_7' <Predicate = (!tmp)> <Delay = 5.70> <CoreInst = "FMul_maxdsp">   --->   Core 30 'FMul_maxdsp' <Latency = 3> <II = 1> <Delay = 5.70> <FuncUnit> <Opcode : 'fmul'> <InPorts = 2> <OutPorts = 1>

State 37 <SV = 36> <Delay = 9.30>
ST_37 : Operation 937 [2/5] (7.25ns)   --->   "%add_1_4 = fadd i32 %add_1_3, i32 %sub_1_4" [dft.cpp:29]   --->   Operation 937 'fadd' 'add_1_4' <Predicate = (!tmp)> <Delay = 7.25> <CoreInst = "FAddSub_fulldsp">   --->   Core 18 'FAddSub_fulldsp' <Latency = 4> <II = 1> <Delay = 7.25> <FuncUnit> <Opcode : 'fadd' 'fsub'> <InPorts = 2> <OutPorts = 1>
ST_37 : Operation 938 [4/5] (7.25ns)   --->   "%add27_1_4 = fadd i32 %add27_1_3, i32 %add24_1_4" [dft.cpp:30]   --->   Operation 938 'fadd' 'add27_1_4' <Predicate = (!tmp)> <Delay = 7.25> <CoreInst = "FAddSub_fulldsp">   --->   Core 18 'FAddSub_fulldsp' <Latency = 4> <II = 1> <Delay = 7.25> <FuncUnit> <Opcode : 'fadd' 'fsub'> <InPorts = 2> <OutPorts = 1>
ST_37 : Operation 939 [1/5] (7.25ns)   --->   "%sub_1_6 = fsub i32 %mul12_1_6, i32 %mul15_1_6" [dft.cpp:29]   --->   Operation 939 'fsub' 'sub_1_6' <Predicate = (!tmp)> <Delay = 7.25> <CoreInst = "FAddSub_fulldsp">   --->   Core 18 'FAddSub_fulldsp' <Latency = 4> <II = 1> <Delay = 7.25> <FuncUnit> <Opcode : 'fadd' 'fsub'> <InPorts = 2> <OutPorts = 1>
ST_37 : Operation 940 [3/5] (7.25ns)   --->   "%add24_1_6 = fadd i32 %mul20_1_6, i32 %mul23_1_6" [dft.cpp:30]   --->   Operation 940 'fadd' 'add24_1_6' <Predicate = (!tmp)> <Delay = 7.25> <CoreInst = "FAddSub_fulldsp">   --->   Core 18 'FAddSub_fulldsp' <Latency = 4> <II = 1> <Delay = 7.25> <FuncUnit> <Opcode : 'fadd' 'fsub'> <InPorts = 2> <OutPorts = 1>
ST_37 : Operation 941 [5/5] (9.30ns)   --->   "%sub_1_7 = fsub i32 %mul12_1_7, i32 %mul15_1_7" [dft.cpp:29]   --->   Operation 941 'fsub' 'sub_1_7' <Predicate = (!tmp)> <Delay = 9.30> <CoreInst = "FAddSub_fulldsp">   --->   Core 18 'FAddSub_fulldsp' <Latency = 4> <II = 1> <Delay = 7.25> <FuncUnit> <Opcode : 'fadd' 'fsub'> <InPorts = 2> <OutPorts = 1>
ST_37 : Operation 942 [1/4] (5.70ns)   --->   "%mul20_1_7 = fmul i32 %tmp_29, i32 %s_52" [dft.cpp:30]   --->   Operation 942 'fmul' 'mul20_1_7' <Predicate = (!tmp)> <Delay = 5.70> <CoreInst = "FMul_maxdsp">   --->   Core 30 'FMul_maxdsp' <Latency = 3> <II = 1> <Delay = 5.70> <FuncUnit> <Opcode : 'fmul'> <InPorts = 2> <OutPorts = 1>
ST_37 : Operation 943 [2/4] (5.70ns)   --->   "%mul23_1_7 = fmul i32 %tmp_30, i32 %c_52" [dft.cpp:30]   --->   Operation 943 'fmul' 'mul23_1_7' <Predicate = (!tmp)> <Delay = 5.70> <CoreInst = "FMul_maxdsp">   --->   Core 30 'FMul_maxdsp' <Latency = 3> <II = 1> <Delay = 5.70> <FuncUnit> <Opcode : 'fmul'> <InPorts = 2> <OutPorts = 1>

State 38 <SV = 37> <Delay = 7.25>
ST_38 : Operation 944 [1/5] (7.25ns)   --->   "%add_1_4 = fadd i32 %add_1_3, i32 %sub_1_4" [dft.cpp:29]   --->   Operation 944 'fadd' 'add_1_4' <Predicate = (!tmp)> <Delay = 7.25> <CoreInst = "FAddSub_fulldsp">   --->   Core 18 'FAddSub_fulldsp' <Latency = 4> <II = 1> <Delay = 7.25> <FuncUnit> <Opcode : 'fadd' 'fsub'> <InPorts = 2> <OutPorts = 1>
ST_38 : Operation 945 [3/5] (7.25ns)   --->   "%add27_1_4 = fadd i32 %add27_1_3, i32 %add24_1_4" [dft.cpp:30]   --->   Operation 945 'fadd' 'add27_1_4' <Predicate = (!tmp)> <Delay = 7.25> <CoreInst = "FAddSub_fulldsp">   --->   Core 18 'FAddSub_fulldsp' <Latency = 4> <II = 1> <Delay = 7.25> <FuncUnit> <Opcode : 'fadd' 'fsub'> <InPorts = 2> <OutPorts = 1>
ST_38 : Operation 946 [2/5] (7.25ns)   --->   "%add24_1_6 = fadd i32 %mul20_1_6, i32 %mul23_1_6" [dft.cpp:30]   --->   Operation 946 'fadd' 'add24_1_6' <Predicate = (!tmp)> <Delay = 7.25> <CoreInst = "FAddSub_fulldsp">   --->   Core 18 'FAddSub_fulldsp' <Latency = 4> <II = 1> <Delay = 7.25> <FuncUnit> <Opcode : 'fadd' 'fsub'> <InPorts = 2> <OutPorts = 1>
ST_38 : Operation 947 [4/5] (7.25ns)   --->   "%sub_1_7 = fsub i32 %mul12_1_7, i32 %mul15_1_7" [dft.cpp:29]   --->   Operation 947 'fsub' 'sub_1_7' <Predicate = (!tmp)> <Delay = 7.25> <CoreInst = "FAddSub_fulldsp">   --->   Core 18 'FAddSub_fulldsp' <Latency = 4> <II = 1> <Delay = 7.25> <FuncUnit> <Opcode : 'fadd' 'fsub'> <InPorts = 2> <OutPorts = 1>
ST_38 : Operation 948 [1/4] (5.70ns)   --->   "%mul23_1_7 = fmul i32 %tmp_30, i32 %c_52" [dft.cpp:30]   --->   Operation 948 'fmul' 'mul23_1_7' <Predicate = (!tmp)> <Delay = 5.70> <CoreInst = "FMul_maxdsp">   --->   Core 30 'FMul_maxdsp' <Latency = 3> <II = 1> <Delay = 5.70> <FuncUnit> <Opcode : 'fmul'> <InPorts = 2> <OutPorts = 1>

State 39 <SV = 38> <Delay = 9.30>
ST_39 : Operation 949 [2/5] (7.25ns)   --->   "%add27_1_4 = fadd i32 %add27_1_3, i32 %add24_1_4" [dft.cpp:30]   --->   Operation 949 'fadd' 'add27_1_4' <Predicate = (!tmp)> <Delay = 7.25> <CoreInst = "FAddSub_fulldsp">   --->   Core 18 'FAddSub_fulldsp' <Latency = 4> <II = 1> <Delay = 7.25> <FuncUnit> <Opcode : 'fadd' 'fsub'> <InPorts = 2> <OutPorts = 1>
ST_39 : Operation 950 [5/5] (9.30ns)   --->   "%add_1_5 = fadd i32 %add_1_4, i32 %sub_1_5" [dft.cpp:29]   --->   Operation 950 'fadd' 'add_1_5' <Predicate = (!tmp)> <Delay = 9.30> <CoreInst = "FAddSub_fulldsp">   --->   Core 18 'FAddSub_fulldsp' <Latency = 4> <II = 1> <Delay = 7.25> <FuncUnit> <Opcode : 'fadd' 'fsub'> <InPorts = 2> <OutPorts = 1>
ST_39 : Operation 951 [1/5] (7.25ns)   --->   "%add24_1_6 = fadd i32 %mul20_1_6, i32 %mul23_1_6" [dft.cpp:30]   --->   Operation 951 'fadd' 'add24_1_6' <Predicate = (!tmp)> <Delay = 7.25> <CoreInst = "FAddSub_fulldsp">   --->   Core 18 'FAddSub_fulldsp' <Latency = 4> <II = 1> <Delay = 7.25> <FuncUnit> <Opcode : 'fadd' 'fsub'> <InPorts = 2> <OutPorts = 1>
ST_39 : Operation 952 [3/5] (7.25ns)   --->   "%sub_1_7 = fsub i32 %mul12_1_7, i32 %mul15_1_7" [dft.cpp:29]   --->   Operation 952 'fsub' 'sub_1_7' <Predicate = (!tmp)> <Delay = 7.25> <CoreInst = "FAddSub_fulldsp">   --->   Core 18 'FAddSub_fulldsp' <Latency = 4> <II = 1> <Delay = 7.25> <FuncUnit> <Opcode : 'fadd' 'fsub'> <InPorts = 2> <OutPorts = 1>
ST_39 : Operation 953 [5/5] (8.42ns)   --->   "%add24_1_7 = fadd i32 %mul20_1_7, i32 %mul23_1_7" [dft.cpp:30]   --->   Operation 953 'fadd' 'add24_1_7' <Predicate = (!tmp)> <Delay = 8.42> <CoreInst = "FAddSub_fulldsp">   --->   Core 18 'FAddSub_fulldsp' <Latency = 4> <II = 1> <Delay = 7.25> <FuncUnit> <Opcode : 'fadd' 'fsub'> <InPorts = 2> <OutPorts = 1>

State 40 <SV = 39> <Delay = 7.25>
ST_40 : Operation 954 [1/5] (7.25ns)   --->   "%add27_1_4 = fadd i32 %add27_1_3, i32 %add24_1_4" [dft.cpp:30]   --->   Operation 954 'fadd' 'add27_1_4' <Predicate = (!tmp)> <Delay = 7.25> <CoreInst = "FAddSub_fulldsp">   --->   Core 18 'FAddSub_fulldsp' <Latency = 4> <II = 1> <Delay = 7.25> <FuncUnit> <Opcode : 'fadd' 'fsub'> <InPorts = 2> <OutPorts = 1>
ST_40 : Operation 955 [4/5] (7.25ns)   --->   "%add_1_5 = fadd i32 %add_1_4, i32 %sub_1_5" [dft.cpp:29]   --->   Operation 955 'fadd' 'add_1_5' <Predicate = (!tmp)> <Delay = 7.25> <CoreInst = "FAddSub_fulldsp">   --->   Core 18 'FAddSub_fulldsp' <Latency = 4> <II = 1> <Delay = 7.25> <FuncUnit> <Opcode : 'fadd' 'fsub'> <InPorts = 2> <OutPorts = 1>
ST_40 : Operation 956 [2/5] (7.25ns)   --->   "%sub_1_7 = fsub i32 %mul12_1_7, i32 %mul15_1_7" [dft.cpp:29]   --->   Operation 956 'fsub' 'sub_1_7' <Predicate = (!tmp)> <Delay = 7.25> <CoreInst = "FAddSub_fulldsp">   --->   Core 18 'FAddSub_fulldsp' <Latency = 4> <II = 1> <Delay = 7.25> <FuncUnit> <Opcode : 'fadd' 'fsub'> <InPorts = 2> <OutPorts = 1>
ST_40 : Operation 957 [4/5] (7.25ns)   --->   "%add24_1_7 = fadd i32 %mul20_1_7, i32 %mul23_1_7" [dft.cpp:30]   --->   Operation 957 'fadd' 'add24_1_7' <Predicate = (!tmp)> <Delay = 7.25> <CoreInst = "FAddSub_fulldsp">   --->   Core 18 'FAddSub_fulldsp' <Latency = 4> <II = 1> <Delay = 7.25> <FuncUnit> <Opcode : 'fadd' 'fsub'> <InPorts = 2> <OutPorts = 1>

State 41 <SV = 40> <Delay = 9.30>
ST_41 : Operation 958 [3/5] (7.25ns)   --->   "%add_1_5 = fadd i32 %add_1_4, i32 %sub_1_5" [dft.cpp:29]   --->   Operation 958 'fadd' 'add_1_5' <Predicate = (!tmp)> <Delay = 7.25> <CoreInst = "FAddSub_fulldsp">   --->   Core 18 'FAddSub_fulldsp' <Latency = 4> <II = 1> <Delay = 7.25> <FuncUnit> <Opcode : 'fadd' 'fsub'> <InPorts = 2> <OutPorts = 1>
ST_41 : Operation 959 [5/5] (9.30ns)   --->   "%add27_1_5 = fadd i32 %add27_1_4, i32 %add24_1_5" [dft.cpp:30]   --->   Operation 959 'fadd' 'add27_1_5' <Predicate = (!tmp)> <Delay = 9.30> <CoreInst = "FAddSub_fulldsp">   --->   Core 18 'FAddSub_fulldsp' <Latency = 4> <II = 1> <Delay = 7.25> <FuncUnit> <Opcode : 'fadd' 'fsub'> <InPorts = 2> <OutPorts = 1>
ST_41 : Operation 960 [1/5] (7.25ns)   --->   "%sub_1_7 = fsub i32 %mul12_1_7, i32 %mul15_1_7" [dft.cpp:29]   --->   Operation 960 'fsub' 'sub_1_7' <Predicate = (!tmp)> <Delay = 7.25> <CoreInst = "FAddSub_fulldsp">   --->   Core 18 'FAddSub_fulldsp' <Latency = 4> <II = 1> <Delay = 7.25> <FuncUnit> <Opcode : 'fadd' 'fsub'> <InPorts = 2> <OutPorts = 1>
ST_41 : Operation 961 [3/5] (7.25ns)   --->   "%add24_1_7 = fadd i32 %mul20_1_7, i32 %mul23_1_7" [dft.cpp:30]   --->   Operation 961 'fadd' 'add24_1_7' <Predicate = (!tmp)> <Delay = 7.25> <CoreInst = "FAddSub_fulldsp">   --->   Core 18 'FAddSub_fulldsp' <Latency = 4> <II = 1> <Delay = 7.25> <FuncUnit> <Opcode : 'fadd' 'fsub'> <InPorts = 2> <OutPorts = 1>
ST_41 : Operation 962 [1/1] (1.63ns)   --->   "%add_ln24 = add i11 %j, i11 8" [dft.cpp:24]   --->   Operation 962 'add' 'add_ln24' <Predicate = (!tmp)> <Delay = 1.63> <CoreInst = "Adder">   --->   Core 1 'Adder' <Latency = 0> <II = 1> <Delay = 1.63> <FuncUnit> <Opcode : 'add' 'sub'> <InPorts = 2> <OutPorts = 1>
ST_41 : Operation 963 [1/1] (1.58ns)   --->   "%store_ln13 = store i11 %add_ln24, i11 %j_1" [dft.cpp:13]   --->   Operation 963 'store' 'store_ln13' <Predicate = (!tmp)> <Delay = 1.58>

State 42 <SV = 41> <Delay = 7.25>
ST_42 : Operation 964 [2/5] (7.25ns)   --->   "%add_1_5 = fadd i32 %add_1_4, i32 %sub_1_5" [dft.cpp:29]   --->   Operation 964 'fadd' 'add_1_5' <Predicate = true> <Delay = 7.25> <CoreInst = "FAddSub_fulldsp">   --->   Core 18 'FAddSub_fulldsp' <Latency = 4> <II = 1> <Delay = 7.25> <FuncUnit> <Opcode : 'fadd' 'fsub'> <InPorts = 2> <OutPorts = 1>
ST_42 : Operation 965 [4/5] (7.25ns)   --->   "%add27_1_5 = fadd i32 %add27_1_4, i32 %add24_1_5" [dft.cpp:30]   --->   Operation 965 'fadd' 'add27_1_5' <Predicate = true> <Delay = 7.25> <CoreInst = "FAddSub_fulldsp">   --->   Core 18 'FAddSub_fulldsp' <Latency = 4> <II = 1> <Delay = 7.25> <FuncUnit> <Opcode : 'fadd' 'fsub'> <InPorts = 2> <OutPorts = 1>
ST_42 : Operation 966 [2/5] (7.25ns)   --->   "%add24_1_7 = fadd i32 %mul20_1_7, i32 %mul23_1_7" [dft.cpp:30]   --->   Operation 966 'fadd' 'add24_1_7' <Predicate = true> <Delay = 7.25> <CoreInst = "FAddSub_fulldsp">   --->   Core 18 'FAddSub_fulldsp' <Latency = 4> <II = 1> <Delay = 7.25> <FuncUnit> <Opcode : 'fadd' 'fsub'> <InPorts = 2> <OutPorts = 1>

State 43 <SV = 42> <Delay = 7.25>
ST_43 : Operation 967 [1/5] (7.25ns)   --->   "%add_1_5 = fadd i32 %add_1_4, i32 %sub_1_5" [dft.cpp:29]   --->   Operation 967 'fadd' 'add_1_5' <Predicate = true> <Delay = 7.25> <CoreInst = "FAddSub_fulldsp">   --->   Core 18 'FAddSub_fulldsp' <Latency = 4> <II = 1> <Delay = 7.25> <FuncUnit> <Opcode : 'fadd' 'fsub'> <InPorts = 2> <OutPorts = 1>
ST_43 : Operation 968 [3/5] (7.25ns)   --->   "%add27_1_5 = fadd i32 %add27_1_4, i32 %add24_1_5" [dft.cpp:30]   --->   Operation 968 'fadd' 'add27_1_5' <Predicate = true> <Delay = 7.25> <CoreInst = "FAddSub_fulldsp">   --->   Core 18 'FAddSub_fulldsp' <Latency = 4> <II = 1> <Delay = 7.25> <FuncUnit> <Opcode : 'fadd' 'fsub'> <InPorts = 2> <OutPorts = 1>
ST_43 : Operation 969 [1/5] (7.25ns)   --->   "%add24_1_7 = fadd i32 %mul20_1_7, i32 %mul23_1_7" [dft.cpp:30]   --->   Operation 969 'fadd' 'add24_1_7' <Predicate = true> <Delay = 7.25> <CoreInst = "FAddSub_fulldsp">   --->   Core 18 'FAddSub_fulldsp' <Latency = 4> <II = 1> <Delay = 7.25> <FuncUnit> <Opcode : 'fadd' 'fsub'> <InPorts = 2> <OutPorts = 1>

State 44 <SV = 43> <Delay = 9.30>
ST_44 : Operation 970 [2/5] (7.25ns)   --->   "%add27_1_5 = fadd i32 %add27_1_4, i32 %add24_1_5" [dft.cpp:30]   --->   Operation 970 'fadd' 'add27_1_5' <Predicate = true> <Delay = 7.25> <CoreInst = "FAddSub_fulldsp">   --->   Core 18 'FAddSub_fulldsp' <Latency = 4> <II = 1> <Delay = 7.25> <FuncUnit> <Opcode : 'fadd' 'fsub'> <InPorts = 2> <OutPorts = 1>
ST_44 : Operation 971 [5/5] (9.30ns)   --->   "%add_1_6 = fadd i32 %add_1_5, i32 %sub_1_6" [dft.cpp:29]   --->   Operation 971 'fadd' 'add_1_6' <Predicate = true> <Delay = 9.30> <CoreInst = "FAddSub_fulldsp">   --->   Core 18 'FAddSub_fulldsp' <Latency = 4> <II = 1> <Delay = 7.25> <FuncUnit> <Opcode : 'fadd' 'fsub'> <InPorts = 2> <OutPorts = 1>

State 45 <SV = 44> <Delay = 7.25>
ST_45 : Operation 972 [1/5] (7.25ns)   --->   "%add27_1_5 = fadd i32 %add27_1_4, i32 %add24_1_5" [dft.cpp:30]   --->   Operation 972 'fadd' 'add27_1_5' <Predicate = true> <Delay = 7.25> <CoreInst = "FAddSub_fulldsp">   --->   Core 18 'FAddSub_fulldsp' <Latency = 4> <II = 1> <Delay = 7.25> <FuncUnit> <Opcode : 'fadd' 'fsub'> <InPorts = 2> <OutPorts = 1>
ST_45 : Operation 973 [4/5] (7.25ns)   --->   "%add_1_6 = fadd i32 %add_1_5, i32 %sub_1_6" [dft.cpp:29]   --->   Operation 973 'fadd' 'add_1_6' <Predicate = true> <Delay = 7.25> <CoreInst = "FAddSub_fulldsp">   --->   Core 18 'FAddSub_fulldsp' <Latency = 4> <II = 1> <Delay = 7.25> <FuncUnit> <Opcode : 'fadd' 'fsub'> <InPorts = 2> <OutPorts = 1>

State 46 <SV = 45> <Delay = 9.30>
ST_46 : Operation 974 [3/5] (7.25ns)   --->   "%add_1_6 = fadd i32 %add_1_5, i32 %sub_1_6" [dft.cpp:29]   --->   Operation 974 'fadd' 'add_1_6' <Predicate = true> <Delay = 7.25> <CoreInst = "FAddSub_fulldsp">   --->   Core 18 'FAddSub_fulldsp' <Latency = 4> <II = 1> <Delay = 7.25> <FuncUnit> <Opcode : 'fadd' 'fsub'> <InPorts = 2> <OutPorts = 1>
ST_46 : Operation 975 [5/5] (9.30ns)   --->   "%add27_1_6 = fadd i32 %add27_1_5, i32 %add24_1_6" [dft.cpp:30]   --->   Operation 975 'fadd' 'add27_1_6' <Predicate = true> <Delay = 9.30> <CoreInst = "FAddSub_fulldsp">   --->   Core 18 'FAddSub_fulldsp' <Latency = 4> <II = 1> <Delay = 7.25> <FuncUnit> <Opcode : 'fadd' 'fsub'> <InPorts = 2> <OutPorts = 1>

State 47 <SV = 46> <Delay = 7.25>
ST_47 : Operation 976 [2/5] (7.25ns)   --->   "%add_1_6 = fadd i32 %add_1_5, i32 %sub_1_6" [dft.cpp:29]   --->   Operation 976 'fadd' 'add_1_6' <Predicate = true> <Delay = 7.25> <CoreInst = "FAddSub_fulldsp">   --->   Core 18 'FAddSub_fulldsp' <Latency = 4> <II = 1> <Delay = 7.25> <FuncUnit> <Opcode : 'fadd' 'fsub'> <InPorts = 2> <OutPorts = 1>
ST_47 : Operation 977 [4/5] (7.25ns)   --->   "%add27_1_6 = fadd i32 %add27_1_5, i32 %add24_1_6" [dft.cpp:30]   --->   Operation 977 'fadd' 'add27_1_6' <Predicate = true> <Delay = 7.25> <CoreInst = "FAddSub_fulldsp">   --->   Core 18 'FAddSub_fulldsp' <Latency = 4> <II = 1> <Delay = 7.25> <FuncUnit> <Opcode : 'fadd' 'fsub'> <InPorts = 2> <OutPorts = 1>

State 48 <SV = 47> <Delay = 7.25>
ST_48 : Operation 978 [1/5] (7.25ns)   --->   "%add_1_6 = fadd i32 %add_1_5, i32 %sub_1_6" [dft.cpp:29]   --->   Operation 978 'fadd' 'add_1_6' <Predicate = true> <Delay = 7.25> <CoreInst = "FAddSub_fulldsp">   --->   Core 18 'FAddSub_fulldsp' <Latency = 4> <II = 1> <Delay = 7.25> <FuncUnit> <Opcode : 'fadd' 'fsub'> <InPorts = 2> <OutPorts = 1>
ST_48 : Operation 979 [3/5] (7.25ns)   --->   "%add27_1_6 = fadd i32 %add27_1_5, i32 %add24_1_6" [dft.cpp:30]   --->   Operation 979 'fadd' 'add27_1_6' <Predicate = true> <Delay = 7.25> <CoreInst = "FAddSub_fulldsp">   --->   Core 18 'FAddSub_fulldsp' <Latency = 4> <II = 1> <Delay = 7.25> <FuncUnit> <Opcode : 'fadd' 'fsub'> <InPorts = 2> <OutPorts = 1>

State 49 <SV = 48> <Delay = 9.30>
ST_49 : Operation 980 [2/5] (7.25ns)   --->   "%add27_1_6 = fadd i32 %add27_1_5, i32 %add24_1_6" [dft.cpp:30]   --->   Operation 980 'fadd' 'add27_1_6' <Predicate = true> <Delay = 7.25> <CoreInst = "FAddSub_fulldsp">   --->   Core 18 'FAddSub_fulldsp' <Latency = 4> <II = 1> <Delay = 7.25> <FuncUnit> <Opcode : 'fadd' 'fsub'> <InPorts = 2> <OutPorts = 1>
ST_49 : Operation 981 [5/5] (9.30ns)   --->   "%add_1_7 = fadd i32 %add_1_6, i32 %sub_1_7" [dft.cpp:29]   --->   Operation 981 'fadd' 'add_1_7' <Predicate = true> <Delay = 9.30> <CoreInst = "FAddSub_fulldsp">   --->   Core 18 'FAddSub_fulldsp' <Latency = 4> <II = 1> <Delay = 7.25> <FuncUnit> <Opcode : 'fadd' 'fsub'> <InPorts = 2> <OutPorts = 1>

State 50 <SV = 49> <Delay = 7.25>
ST_50 : Operation 982 [1/5] (7.25ns)   --->   "%add27_1_6 = fadd i32 %add27_1_5, i32 %add24_1_6" [dft.cpp:30]   --->   Operation 982 'fadd' 'add27_1_6' <Predicate = true> <Delay = 7.25> <CoreInst = "FAddSub_fulldsp">   --->   Core 18 'FAddSub_fulldsp' <Latency = 4> <II = 1> <Delay = 7.25> <FuncUnit> <Opcode : 'fadd' 'fsub'> <InPorts = 2> <OutPorts = 1>
ST_50 : Operation 983 [4/5] (7.25ns)   --->   "%add_1_7 = fadd i32 %add_1_6, i32 %sub_1_7" [dft.cpp:29]   --->   Operation 983 'fadd' 'add_1_7' <Predicate = true> <Delay = 7.25> <CoreInst = "FAddSub_fulldsp">   --->   Core 18 'FAddSub_fulldsp' <Latency = 4> <II = 1> <Delay = 7.25> <FuncUnit> <Opcode : 'fadd' 'fsub'> <InPorts = 2> <OutPorts = 1>

State 51 <SV = 50> <Delay = 9.30>
ST_51 : Operation 984 [3/5] (7.25ns)   --->   "%add_1_7 = fadd i32 %add_1_6, i32 %sub_1_7" [dft.cpp:29]   --->   Operation 984 'fadd' 'add_1_7' <Predicate = true> <Delay = 7.25> <CoreInst = "FAddSub_fulldsp">   --->   Core 18 'FAddSub_fulldsp' <Latency = 4> <II = 1> <Delay = 7.25> <FuncUnit> <Opcode : 'fadd' 'fsub'> <InPorts = 2> <OutPorts = 1>
ST_51 : Operation 985 [5/5] (9.30ns)   --->   "%add27_1_7 = fadd i32 %add27_1_6, i32 %add24_1_7" [dft.cpp:30]   --->   Operation 985 'fadd' 'add27_1_7' <Predicate = true> <Delay = 9.30> <CoreInst = "FAddSub_fulldsp">   --->   Core 18 'FAddSub_fulldsp' <Latency = 4> <II = 1> <Delay = 7.25> <FuncUnit> <Opcode : 'fadd' 'fsub'> <InPorts = 2> <OutPorts = 1>

State 52 <SV = 51> <Delay = 7.25>
ST_52 : Operation 986 [2/5] (7.25ns)   --->   "%add_1_7 = fadd i32 %add_1_6, i32 %sub_1_7" [dft.cpp:29]   --->   Operation 986 'fadd' 'add_1_7' <Predicate = true> <Delay = 7.25> <CoreInst = "FAddSub_fulldsp">   --->   Core 18 'FAddSub_fulldsp' <Latency = 4> <II = 1> <Delay = 7.25> <FuncUnit> <Opcode : 'fadd' 'fsub'> <InPorts = 2> <OutPorts = 1>
ST_52 : Operation 987 [4/5] (7.25ns)   --->   "%add27_1_7 = fadd i32 %add27_1_6, i32 %add24_1_7" [dft.cpp:30]   --->   Operation 987 'fadd' 'add27_1_7' <Predicate = true> <Delay = 7.25> <CoreInst = "FAddSub_fulldsp">   --->   Core 18 'FAddSub_fulldsp' <Latency = 4> <II = 1> <Delay = 7.25> <FuncUnit> <Opcode : 'fadd' 'fsub'> <InPorts = 2> <OutPorts = 1>

State 53 <SV = 52> <Delay = 7.25>
ST_53 : Operation 988 [1/5] (7.25ns)   --->   "%add_1_7 = fadd i32 %add_1_6, i32 %sub_1_7" [dft.cpp:29]   --->   Operation 988 'fadd' 'add_1_7' <Predicate = true> <Delay = 7.25> <CoreInst = "FAddSub_fulldsp">   --->   Core 18 'FAddSub_fulldsp' <Latency = 4> <II = 1> <Delay = 7.25> <FuncUnit> <Opcode : 'fadd' 'fsub'> <InPorts = 2> <OutPorts = 1>
ST_53 : Operation 989 [3/5] (7.25ns)   --->   "%add27_1_7 = fadd i32 %add27_1_6, i32 %add24_1_7" [dft.cpp:30]   --->   Operation 989 'fadd' 'add27_1_7' <Predicate = true> <Delay = 7.25> <CoreInst = "FAddSub_fulldsp">   --->   Core 18 'FAddSub_fulldsp' <Latency = 4> <II = 1> <Delay = 7.25> <FuncUnit> <Opcode : 'fadd' 'fsub'> <InPorts = 2> <OutPorts = 1>

State 54 <SV = 53> <Delay = 7.25>
ST_54 : Operation 990 [2/5] (7.25ns)   --->   "%add27_1_7 = fadd i32 %add27_1_6, i32 %add24_1_7" [dft.cpp:30]   --->   Operation 990 'fadd' 'add27_1_7' <Predicate = true> <Delay = 7.25> <CoreInst = "FAddSub_fulldsp">   --->   Core 18 'FAddSub_fulldsp' <Latency = 4> <II = 1> <Delay = 7.25> <FuncUnit> <Opcode : 'fadd' 'fsub'> <InPorts = 2> <OutPorts = 1>
ST_54 : Operation 991 [1/1] (1.58ns)   --->   "%store_ln29 = store i32 %add_1_7, i32 %add3_1" [dft.cpp:29]   --->   Operation 991 'store' 'store_ln29' <Predicate = true> <Delay = 1.58>

State 55 <SV = 54> <Delay = 7.25>
ST_55 : Operation 992 [1/5] (7.25ns)   --->   "%add27_1_7 = fadd i32 %add27_1_6, i32 %add24_1_7" [dft.cpp:30]   --->   Operation 992 'fadd' 'add27_1_7' <Predicate = true> <Delay = 7.25> <CoreInst = "FAddSub_fulldsp">   --->   Core 18 'FAddSub_fulldsp' <Latency = 4> <II = 1> <Delay = 7.25> <FuncUnit> <Opcode : 'fadd' 'fsub'> <InPorts = 2> <OutPorts = 1>

State 56 <SV = 55> <Delay = 1.58>
ST_56 : Operation 993 [1/1] (0.00ns)   --->   "%specpipeline_ln13 = specpipeline void @_ssdm_op_SpecPipeline, i32 4294967295, i32 0, i32 0, i32 0, void @empty_0" [dft.cpp:13]   --->   Operation 993 'specpipeline' 'specpipeline_ln13' <Predicate = true> <Delay = 0.00>
ST_56 : Operation 994 [1/1] (0.00ns)   --->   "%speclooptripcount_ln13 = speclooptripcount void @_ssdm_op_SpecLoopTripCount, i64 128, i64 128, i64 128" [dft.cpp:13]   --->   Operation 994 'speclooptripcount' 'speclooptripcount_ln13' <Predicate = true> <Delay = 0.00>
ST_56 : Operation 995 [1/1] (0.00ns)   --->   "%specloopname_ln24 = specloopname void @_ssdm_op_SpecLoopName, void @empty_2" [dft.cpp:24]   --->   Operation 995 'specloopname' 'specloopname_ln24' <Predicate = true> <Delay = 0.00>
ST_56 : Operation 996 [1/1] (1.58ns)   --->   "%store_ln30 = store i32 %add27_1_7, i32 %add274_1" [dft.cpp:30]   --->   Operation 996 'store' 'store_ln30' <Predicate = true> <Delay = 1.58>
ST_56 : Operation 997 [1/1] (0.00ns)   --->   "%br_ln24 = br void %for.inc.1" [dft.cpp:24]   --->   Operation 997 'br' 'br_ln24' <Predicate = true> <Delay = 0.00>


============================================================
+ Verbose Summary: Binding
============================================================
STG Binding: 
---------------- STG Properties BEGIN ----------------
- Is combinational: 0
- Is one-state seq: 0
- Is datapath-only: 0
- Is pipelined: 0
- Is top level: 0
Port [ Return ] is wired: 1; IO mode=ap_ctrl_hs:ce=0
Port [ or_ln1]:  wired=1; compound=0; hidden=0; nouse=0; global=0; static=0; extern=0; dir=0; type=0; pingpong=0; private_global=0; IO mode=ap_none:ce=0
Port [ real_sample_0]:  wired=1; compound=1; hidden=0; nouse=0; global=0; static=0; extern=0; dir=0; type=1; pingpong=0; private_global=0; MemPort=[11]; IO mode=ap_memory:ce=0
Port [ real_sample_1]:  wired=1; compound=1; hidden=0; nouse=0; global=0; static=0; extern=0; dir=0; type=1; pingpong=0; private_global=0; MemPort=[11]; IO mode=ap_memory:ce=0
Port [ real_sample_2]:  wired=1; compound=1; hidden=0; nouse=0; global=0; static=0; extern=0; dir=0; type=1; pingpong=0; private_global=0; MemPort=[11]; IO mode=ap_memory:ce=0
Port [ real_sample_3]:  wired=1; compound=1; hidden=0; nouse=0; global=0; static=0; extern=0; dir=0; type=1; pingpong=0; private_global=0; MemPort=[11]; IO mode=ap_memory:ce=0
Port [ real_sample_4]:  wired=1; compound=1; hidden=0; nouse=0; global=0; static=0; extern=0; dir=0; type=1; pingpong=0; private_global=0; MemPort=[11]; IO mode=ap_memory:ce=0
Port [ real_sample_5]:  wired=1; compound=1; hidden=0; nouse=0; global=0; static=0; extern=0; dir=0; type=1; pingpong=0; private_global=0; MemPort=[11]; IO mode=ap_memory:ce=0
Port [ real_sample_6]:  wired=1; compound=1; hidden=0; nouse=0; global=0; static=0; extern=0; dir=0; type=1; pingpong=0; private_global=0; MemPort=[11]; IO mode=ap_memory:ce=0
Port [ real_sample_7]:  wired=1; compound=1; hidden=0; nouse=0; global=0; static=0; extern=0; dir=0; type=1; pingpong=0; private_global=0; MemPort=[11]; IO mode=ap_memory:ce=0
Port [ imag_sample_0]:  wired=1; compound=1; hidden=0; nouse=0; global=0; static=0; extern=0; dir=0; type=1; pingpong=0; private_global=0; MemPort=[11]; IO mode=ap_memory:ce=0
Port [ imag_sample_1]:  wired=1; compound=1; hidden=0; nouse=0; global=0; static=0; extern=0; dir=0; type=1; pingpong=0; private_global=0; MemPort=[11]; IO mode=ap_memory:ce=0
Port [ imag_sample_2]:  wired=1; compound=1; hidden=0; nouse=0; global=0; static=0; extern=0; dir=0; type=1; pingpong=0; private_global=0; MemPort=[11]; IO mode=ap_memory:ce=0
Port [ imag_sample_3]:  wired=1; compound=1; hidden=0; nouse=0; global=0; static=0; extern=0; dir=0; type=1; pingpong=0; private_global=0; MemPort=[11]; IO mode=ap_memory:ce=0
Port [ imag_sample_4]:  wired=1; compound=1; hidden=0; nouse=0; global=0; static=0; extern=0; dir=0; type=1; pingpong=0; private_global=0; MemPort=[11]; IO mode=ap_memory:ce=0
Port [ imag_sample_5]:  wired=1; compound=1; hidden=0; nouse=0; global=0; static=0; extern=0; dir=0; type=1; pingpong=0; private_global=0; MemPort=[11]; IO mode=ap_memory:ce=0
Port [ imag_sample_6]:  wired=1; compound=1; hidden=0; nouse=0; global=0; static=0; extern=0; dir=0; type=1; pingpong=0; private_global=0; MemPort=[11]; IO mode=ap_memory:ce=0
Port [ imag_sample_7]:  wired=1; compound=1; hidden=0; nouse=0; global=0; static=0; extern=0; dir=0; type=1; pingpong=0; private_global=0; MemPort=[11]; IO mode=ap_memory:ce=0
Port [ add274_1_out]:  wired=1; compound=0; hidden=0; nouse=0; global=0; static=0; extern=0; dir=1; type=0; pingpong=0; private_global=0; IO mode=ap_vld:ce=0
Port [ add3_1_out]:  wired=1; compound=0; hidden=0; nouse=0; global=0; static=0; extern=0; dir=1; type=0; pingpong=0; private_global=0; IO mode=ap_vld:ce=0
Port [ cos_coefficients_table]:  wired=1; compound=1; hidden=0; nouse=0; global=1; static=1; extern=0; dir=0; type=1; pingpong=0; private_global=0; MemPort=[1]; IO mode=ap_memory:ce=0
Port [ sin_coefficients_table]:  wired=1; compound=1; hidden=0; nouse=0; global=1; static=1; extern=0; dir=0; type=1; pingpong=0; private_global=0; MemPort=[1]; IO mode=ap_memory:ce=0
---------------- STG Properties END ------------------

---------------- Datapath Model BEGIN ----------------

<LifeTime>
<method=bitvector/>
add3_1                         (alloca           ) [ 011111111111111111111111111111111111111111111111111111100]
add274_1                       (alloca           ) [ 011111111111111111111111111111111111111111111111111111111]
j_1                            (alloca           ) [ 011111111111111111111111111111111111111111000000000000000]
specinterface_ln0              (specinterface    ) [ 000000000000000000000000000000000000000000000000000000000]
specinterface_ln0              (specinterface    ) [ 000000000000000000000000000000000000000000000000000000000]
specinterface_ln0              (specinterface    ) [ 000000000000000000000000000000000000000000000000000000000]
specinterface_ln0              (specinterface    ) [ 000000000000000000000000000000000000000000000000000000000]
specinterface_ln0              (specinterface    ) [ 000000000000000000000000000000000000000000000000000000000]
specinterface_ln0              (specinterface    ) [ 000000000000000000000000000000000000000000000000000000000]
specinterface_ln0              (specinterface    ) [ 000000000000000000000000000000000000000000000000000000000]
specinterface_ln0              (specinterface    ) [ 000000000000000000000000000000000000000000000000000000000]
specinterface_ln0              (specinterface    ) [ 000000000000000000000000000000000000000000000000000000000]
specinterface_ln0              (specinterface    ) [ 000000000000000000000000000000000000000000000000000000000]
specinterface_ln0              (specinterface    ) [ 000000000000000000000000000000000000000000000000000000000]
specinterface_ln0              (specinterface    ) [ 000000000000000000000000000000000000000000000000000000000]
specinterface_ln0              (specinterface    ) [ 000000000000000000000000000000000000000000000000000000000]
specinterface_ln0              (specinterface    ) [ 000000000000000000000000000000000000000000000000000000000]
specinterface_ln0              (specinterface    ) [ 000000000000000000000000000000000000000000000000000000000]
specinterface_ln0              (specinterface    ) [ 000000000000000000000000000000000000000000000000000000000]
or_ln1_read                    (read             ) [ 001111111000000000000000000000000000000000000000000000000]
store_ln13                     (store            ) [ 000000000000000000000000000000000000000000000000000000000]
store_ln0                      (store            ) [ 000000000000000000000000000000000000000000000000000000000]
store_ln0                      (store            ) [ 000000000000000000000000000000000000000000000000000000000]
br_ln0                         (br               ) [ 000000000000000000000000000000000000000000000000000000000]
j                              (load             ) [ 001111111111111111111111111111111111111111000000000000000]
tmp                            (bitselect        ) [ 011111111111111111111111111111111111111111000000000000000]
br_ln24                        (br               ) [ 000000000000000000000000000000000000000000000000000000000]
trunc_ln26                     (trunc            ) [ 000000000000000000000000000000000000000000000000000000000]
trunc_ln24                     (trunc            ) [ 000000000000000000000000000000000000000000000000000000000]
zext_ln13                      (zext             ) [ 000000000000000000000000000000000000000000000000000000000]
idx                            (mul              ) [ 001000000000000000000000000000000000000000000000000000000]
real_sample_0_addr_8           (getelementptr    ) [ 001000000000000000000000000000000000000000000000000000000]
real_sample_1_addr_8           (getelementptr    ) [ 001000000000000000000000000000000000000000000000000000000]
real_sample_2_addr_8           (getelementptr    ) [ 001000000000000000000000000000000000000000000000000000000]
real_sample_3_addr_8           (getelementptr    ) [ 001000000000000000000000000000000000000000000000000000000]
real_sample_4_addr_8           (getelementptr    ) [ 001000000000000000000000000000000000000000000000000000000]
real_sample_5_addr_8           (getelementptr    ) [ 001000000000000000000000000000000000000000000000000000000]
real_sample_6_addr_8           (getelementptr    ) [ 001000000000000000000000000000000000000000000000000000000]
real_sample_7_addr_8           (getelementptr    ) [ 001000000000000000000000000000000000000000000000000000000]
imag_sample_0_addr_8           (getelementptr    ) [ 001000000000000000000000000000000000000000000000000000000]
imag_sample_1_addr_8           (getelementptr    ) [ 001000000000000000000000000000000000000000000000000000000]
imag_sample_2_addr_8           (getelementptr    ) [ 001000000000000000000000000000000000000000000000000000000]
imag_sample_3_addr_8           (getelementptr    ) [ 001000000000000000000000000000000000000000000000000000000]
imag_sample_4_addr_8           (getelementptr    ) [ 001000000000000000000000000000000000000000000000000000000]
imag_sample_5_addr_8           (getelementptr    ) [ 001000000000000000000000000000000000000000000000000000000]
imag_sample_6_addr_8           (getelementptr    ) [ 001000000000000000000000000000000000000000000000000000000]
imag_sample_7_addr_8           (getelementptr    ) [ 001000000000000000000000000000000000000000000000000000000]
tmp_s                          (partselect       ) [ 000000000000000000000000000000000000000000000000000000000]
or_ln26_7                      (bitconcatenate   ) [ 000000000000000000000000000000000000000000000000000000000]
zext_ln26_7                    (zext             ) [ 000000000000000000000000000000000000000000000000000000000]
real_sample_0_addr_9           (getelementptr    ) [ 001000000000000000000000000000000000000000000000000000000]
real_sample_1_addr_9           (getelementptr    ) [ 001000000000000000000000000000000000000000000000000000000]
real_sample_2_addr_9           (getelementptr    ) [ 001000000000000000000000000000000000000000000000000000000]
real_sample_3_addr_9           (getelementptr    ) [ 001000000000000000000000000000000000000000000000000000000]
real_sample_4_addr_9           (getelementptr    ) [ 001000000000000000000000000000000000000000000000000000000]
real_sample_5_addr_9           (getelementptr    ) [ 001000000000000000000000000000000000000000000000000000000]
real_sample_6_addr_9           (getelementptr    ) [ 001000000000000000000000000000000000000000000000000000000]
real_sample_7_addr_9           (getelementptr    ) [ 001000000000000000000000000000000000000000000000000000000]
imag_sample_0_addr_9           (getelementptr    ) [ 001000000000000000000000000000000000000000000000000000000]
imag_sample_1_addr_9           (getelementptr    ) [ 001000000000000000000000000000000000000000000000000000000]
imag_sample_2_addr_9           (getelementptr    ) [ 001000000000000000000000000000000000000000000000000000000]
imag_sample_3_addr_9           (getelementptr    ) [ 001000000000000000000000000000000000000000000000000000000]
imag_sample_4_addr_9           (getelementptr    ) [ 001000000000000000000000000000000000000000000000000000000]
imag_sample_5_addr_9           (getelementptr    ) [ 001000000000000000000000000000000000000000000000000000000]
imag_sample_6_addr_9           (getelementptr    ) [ 001000000000000000000000000000000000000000000000000000000]
imag_sample_7_addr_9           (getelementptr    ) [ 001000000000000000000000000000000000000000000000000000000]
trunc_ln13_2                   (partselect       ) [ 000111000000000000000000000000000000000000000000000000000]
zext_ln27_8                    (zext             ) [ 000000000000000000000000000000000000000000000000000000000]
cos_coefficients_table_addr_8  (getelementptr    ) [ 000100000000000000000000000000000000000000000000000000000]
sin_coefficients_table_addr_8  (getelementptr    ) [ 000100000000000000000000000000000000000000000000000000000]
real_sample_0_load_8           (load             ) [ 000000000000000000000000000000000000000000000000000000000]
bitcast_ln29_129               (bitcast          ) [ 000000000000000000000000000000000000000000000000000000000]
real_sample_1_load_8           (load             ) [ 000000000000000000000000000000000000000000000000000000000]
bitcast_ln29_130               (bitcast          ) [ 000000000000000000000000000000000000000000000000000000000]
real_sample_2_load_8           (load             ) [ 000000000000000000000000000000000000000000000000000000000]
bitcast_ln29_131               (bitcast          ) [ 000000000000000000000000000000000000000000000000000000000]
real_sample_3_load_8           (load             ) [ 000000000000000000000000000000000000000000000000000000000]
bitcast_ln29_132               (bitcast          ) [ 000000000000000000000000000000000000000000000000000000000]
real_sample_4_load_8           (load             ) [ 000000000000000000000000000000000000000000000000000000000]
bitcast_ln29_133               (bitcast          ) [ 000000000000000000000000000000000000000000000000000000000]
real_sample_5_load_8           (load             ) [ 000000000000000000000000000000000000000000000000000000000]
bitcast_ln29_134               (bitcast          ) [ 000000000000000000000000000000000000000000000000000000000]
real_sample_6_load_8           (load             ) [ 000000000000000000000000000000000000000000000000000000000]
bitcast_ln29_135               (bitcast          ) [ 000000000000000000000000000000000000000000000000000000000]
real_sample_7_load_8           (load             ) [ 000000000000000000000000000000000000000000000000000000000]
bitcast_ln29_136               (bitcast          ) [ 000000000000000000000000000000000000000000000000000000000]
tmp_15                         (sparsemux        ) [ 000111111100000000000000000000000000000000000000000000000]
imag_sample_0_load_8           (load             ) [ 000000000000000000000000000000000000000000000000000000000]
bitcast_ln29_137               (bitcast          ) [ 000000000000000000000000000000000000000000000000000000000]
imag_sample_1_load_8           (load             ) [ 000000000000000000000000000000000000000000000000000000000]
bitcast_ln29_138               (bitcast          ) [ 000000000000000000000000000000000000000000000000000000000]
imag_sample_2_load_8           (load             ) [ 000000000000000000000000000000000000000000000000000000000]
bitcast_ln29_139               (bitcast          ) [ 000000000000000000000000000000000000000000000000000000000]
imag_sample_3_load_8           (load             ) [ 000000000000000000000000000000000000000000000000000000000]
bitcast_ln29_140               (bitcast          ) [ 000000000000000000000000000000000000000000000000000000000]
imag_sample_4_load_8           (load             ) [ 000000000000000000000000000000000000000000000000000000000]
bitcast_ln29_141               (bitcast          ) [ 000000000000000000000000000000000000000000000000000000000]
imag_sample_5_load_8           (load             ) [ 000000000000000000000000000000000000000000000000000000000]
bitcast_ln29_142               (bitcast          ) [ 000000000000000000000000000000000000000000000000000000000]
imag_sample_6_load_8           (load             ) [ 000000000000000000000000000000000000000000000000000000000]
bitcast_ln29_143               (bitcast          ) [ 000000000000000000000000000000000000000000000000000000000]
imag_sample_7_load_8           (load             ) [ 000000000000000000000000000000000000000000000000000000000]
bitcast_ln29_144               (bitcast          ) [ 000000000000000000000000000000000000000000000000000000000]
tmp_16                         (sparsemux        ) [ 000111111110000000000000000000000000000000000000000000000]
idx_46                         (add              ) [ 000110000000000000000000000000000000000000000000000000000]
real_sample_0_load_9           (load             ) [ 000000000000000000000000000000000000000000000000000000000]
bitcast_ln29_145               (bitcast          ) [ 000000000000000000000000000000000000000000000000000000000]
real_sample_1_load_9           (load             ) [ 000000000000000000000000000000000000000000000000000000000]
bitcast_ln29_146               (bitcast          ) [ 000000000000000000000000000000000000000000000000000000000]
real_sample_2_load_9           (load             ) [ 000000000000000000000000000000000000000000000000000000000]
bitcast_ln29_147               (bitcast          ) [ 000000000000000000000000000000000000000000000000000000000]
real_sample_3_load_9           (load             ) [ 000000000000000000000000000000000000000000000000000000000]
bitcast_ln29_148               (bitcast          ) [ 000000000000000000000000000000000000000000000000000000000]
real_sample_4_load_9           (load             ) [ 000000000000000000000000000000000000000000000000000000000]
bitcast_ln29_149               (bitcast          ) [ 000000000000000000000000000000000000000000000000000000000]
real_sample_5_load_9           (load             ) [ 000000000000000000000000000000000000000000000000000000000]
bitcast_ln29_150               (bitcast          ) [ 000000000000000000000000000000000000000000000000000000000]
real_sample_6_load_9           (load             ) [ 000000000000000000000000000000000000000000000000000000000]
bitcast_ln29_151               (bitcast          ) [ 000000000000000000000000000000000000000000000000000000000]
real_sample_7_load_9           (load             ) [ 000000000000000000000000000000000000000000000000000000000]
bitcast_ln29_152               (bitcast          ) [ 000000000000000000000000000000000000000000000000000000000]
tmp_17                         (sparsemux        ) [ 000111111111110000000000000000000000000000000000000000000]
imag_sample_0_load_9           (load             ) [ 000000000000000000000000000000000000000000000000000000000]
bitcast_ln29_153               (bitcast          ) [ 000000000000000000000000000000000000000000000000000000000]
imag_sample_1_load_9           (load             ) [ 000000000000000000000000000000000000000000000000000000000]
bitcast_ln29_154               (bitcast          ) [ 000000000000000000000000000000000000000000000000000000000]
imag_sample_2_load_9           (load             ) [ 000000000000000000000000000000000000000000000000000000000]
bitcast_ln29_155               (bitcast          ) [ 000000000000000000000000000000000000000000000000000000000]
imag_sample_3_load_9           (load             ) [ 000000000000000000000000000000000000000000000000000000000]
bitcast_ln29_156               (bitcast          ) [ 000000000000000000000000000000000000000000000000000000000]
imag_sample_4_load_9           (load             ) [ 000000000000000000000000000000000000000000000000000000000]
bitcast_ln29_157               (bitcast          ) [ 000000000000000000000000000000000000000000000000000000000]
imag_sample_5_load_9           (load             ) [ 000000000000000000000000000000000000000000000000000000000]
bitcast_ln29_158               (bitcast          ) [ 000000000000000000000000000000000000000000000000000000000]
imag_sample_6_load_9           (load             ) [ 000000000000000000000000000000000000000000000000000000000]
bitcast_ln29_159               (bitcast          ) [ 000000000000000000000000000000000000000000000000000000000]
imag_sample_7_load_9           (load             ) [ 000000000000000000000000000000000000000000000000000000000]
bitcast_ln29_160               (bitcast          ) [ 000000000000000000000000000000000000000000000000000000000]
tmp_18                         (sparsemux        ) [ 000111111111111000000000000000000000000000000000000000000]
tmp_78                         (partselect       ) [ 000000000000000000000000000000000000000000000000000000000]
or_ln26_8                      (bitconcatenate   ) [ 000000000000000000000000000000000000000000000000000000000]
zext_ln26_8                    (zext             ) [ 000000000000000000000000000000000000000000000000000000000]
real_sample_0_addr_10          (getelementptr    ) [ 000100000000000000000000000000000000000000000000000000000]
real_sample_1_addr_10          (getelementptr    ) [ 000100000000000000000000000000000000000000000000000000000]
real_sample_2_addr_10          (getelementptr    ) [ 000100000000000000000000000000000000000000000000000000000]
real_sample_3_addr_10          (getelementptr    ) [ 000100000000000000000000000000000000000000000000000000000]
real_sample_4_addr_10          (getelementptr    ) [ 000100000000000000000000000000000000000000000000000000000]
real_sample_5_addr_10          (getelementptr    ) [ 000100000000000000000000000000000000000000000000000000000]
real_sample_6_addr_10          (getelementptr    ) [ 000100000000000000000000000000000000000000000000000000000]
real_sample_7_addr_10          (getelementptr    ) [ 000100000000000000000000000000000000000000000000000000000]
imag_sample_0_addr_10          (getelementptr    ) [ 000100000000000000000000000000000000000000000000000000000]
imag_sample_1_addr_10          (getelementptr    ) [ 000100000000000000000000000000000000000000000000000000000]
imag_sample_2_addr_10          (getelementptr    ) [ 000100000000000000000000000000000000000000000000000000000]
imag_sample_3_addr_10          (getelementptr    ) [ 000100000000000000000000000000000000000000000000000000000]
imag_sample_4_addr_10          (getelementptr    ) [ 000100000000000000000000000000000000000000000000000000000]
imag_sample_5_addr_10          (getelementptr    ) [ 000100000000000000000000000000000000000000000000000000000]
imag_sample_6_addr_10          (getelementptr    ) [ 000100000000000000000000000000000000000000000000000000000]
imag_sample_7_addr_10          (getelementptr    ) [ 000100000000000000000000000000000000000000000000000000000]
or_ln26_9                      (bitconcatenate   ) [ 000000000000000000000000000000000000000000000000000000000]
zext_ln26_9                    (zext             ) [ 000000000000000000000000000000000000000000000000000000000]
real_sample_0_addr_11          (getelementptr    ) [ 000100000000000000000000000000000000000000000000000000000]
real_sample_1_addr_11          (getelementptr    ) [ 000100000000000000000000000000000000000000000000000000000]
real_sample_2_addr_11          (getelementptr    ) [ 000100000000000000000000000000000000000000000000000000000]
real_sample_3_addr_11          (getelementptr    ) [ 000100000000000000000000000000000000000000000000000000000]
real_sample_4_addr_11          (getelementptr    ) [ 000100000000000000000000000000000000000000000000000000000]
real_sample_5_addr_11          (getelementptr    ) [ 000100000000000000000000000000000000000000000000000000000]
real_sample_6_addr_11          (getelementptr    ) [ 000100000000000000000000000000000000000000000000000000000]
real_sample_7_addr_11          (getelementptr    ) [ 000100000000000000000000000000000000000000000000000000000]
imag_sample_0_addr_11          (getelementptr    ) [ 000100000000000000000000000000000000000000000000000000000]
imag_sample_1_addr_11          (getelementptr    ) [ 000100000000000000000000000000000000000000000000000000000]
imag_sample_2_addr_11          (getelementptr    ) [ 000100000000000000000000000000000000000000000000000000000]
imag_sample_3_addr_11          (getelementptr    ) [ 000100000000000000000000000000000000000000000000000000000]
imag_sample_4_addr_11          (getelementptr    ) [ 000100000000000000000000000000000000000000000000000000000]
imag_sample_5_addr_11          (getelementptr    ) [ 000100000000000000000000000000000000000000000000000000000]
imag_sample_6_addr_11          (getelementptr    ) [ 000100000000000000000000000000000000000000000000000000000]
imag_sample_7_addr_11          (getelementptr    ) [ 000100000000000000000000000000000000000000000000000000000]
c                              (load             ) [ 000011111110000000000000000000000000000000000000000000000]
s                              (load             ) [ 000011111100000000000000000000000000000000000000000000000]
zext_ln27_9                    (zext             ) [ 000000000000000000000000000000000000000000000000000000000]
cos_coefficients_table_addr_9  (getelementptr    ) [ 000010000000000000000000000000000000000000000000000000000]
sin_coefficients_table_addr_9  (getelementptr    ) [ 000010000000000000000000000000000000000000000000000000000]
real_sample_0_load_10          (load             ) [ 000000000000000000000000000000000000000000000000000000000]
bitcast_ln29_161               (bitcast          ) [ 000000000000000000000000000000000000000000000000000000000]
real_sample_1_load_10          (load             ) [ 000000000000000000000000000000000000000000000000000000000]
bitcast_ln29_162               (bitcast          ) [ 000000000000000000000000000000000000000000000000000000000]
real_sample_2_load_10          (load             ) [ 000000000000000000000000000000000000000000000000000000000]
bitcast_ln29_163               (bitcast          ) [ 000000000000000000000000000000000000000000000000000000000]
real_sample_3_load_10          (load             ) [ 000000000000000000000000000000000000000000000000000000000]
bitcast_ln29_164               (bitcast          ) [ 000000000000000000000000000000000000000000000000000000000]
real_sample_4_load_10          (load             ) [ 000000000000000000000000000000000000000000000000000000000]
bitcast_ln29_165               (bitcast          ) [ 000000000000000000000000000000000000000000000000000000000]
real_sample_5_load_10          (load             ) [ 000000000000000000000000000000000000000000000000000000000]
bitcast_ln29_166               (bitcast          ) [ 000000000000000000000000000000000000000000000000000000000]
real_sample_6_load_10          (load             ) [ 000000000000000000000000000000000000000000000000000000000]
bitcast_ln29_167               (bitcast          ) [ 000000000000000000000000000000000000000000000000000000000]
real_sample_7_load_10          (load             ) [ 000000000000000000000000000000000000000000000000000000000]
bitcast_ln29_168               (bitcast          ) [ 000000000000000000000000000000000000000000000000000000000]
tmp_19                         (sparsemux        ) [ 000011111111111111000000000000000000000000000000000000000]
imag_sample_0_load_10          (load             ) [ 000000000000000000000000000000000000000000000000000000000]
bitcast_ln29_169               (bitcast          ) [ 000000000000000000000000000000000000000000000000000000000]
imag_sample_1_load_10          (load             ) [ 000000000000000000000000000000000000000000000000000000000]
bitcast_ln29_170               (bitcast          ) [ 000000000000000000000000000000000000000000000000000000000]
imag_sample_2_load_10          (load             ) [ 000000000000000000000000000000000000000000000000000000000]
bitcast_ln29_171               (bitcast          ) [ 000000000000000000000000000000000000000000000000000000000]
imag_sample_3_load_10          (load             ) [ 000000000000000000000000000000000000000000000000000000000]
bitcast_ln29_172               (bitcast          ) [ 000000000000000000000000000000000000000000000000000000000]
imag_sample_4_load_10          (load             ) [ 000000000000000000000000000000000000000000000000000000000]
bitcast_ln29_173               (bitcast          ) [ 000000000000000000000000000000000000000000000000000000000]
imag_sample_5_load_10          (load             ) [ 000000000000000000000000000000000000000000000000000000000]
bitcast_ln29_174               (bitcast          ) [ 000000000000000000000000000000000000000000000000000000000]
imag_sample_6_load_10          (load             ) [ 000000000000000000000000000000000000000000000000000000000]
bitcast_ln29_175               (bitcast          ) [ 000000000000000000000000000000000000000000000000000000000]
imag_sample_7_load_10          (load             ) [ 000000000000000000000000000000000000000000000000000000000]
bitcast_ln29_176               (bitcast          ) [ 000000000000000000000000000000000000000000000000000000000]
tmp_20                         (sparsemux        ) [ 000011111111111111100000000000000000000000000000000000000]
real_sample_0_load_11          (load             ) [ 000000000000000000000000000000000000000000000000000000000]
bitcast_ln29_177               (bitcast          ) [ 000000000000000000000000000000000000000000000000000000000]
real_sample_1_load_11          (load             ) [ 000000000000000000000000000000000000000000000000000000000]
bitcast_ln29_178               (bitcast          ) [ 000000000000000000000000000000000000000000000000000000000]
real_sample_2_load_11          (load             ) [ 000000000000000000000000000000000000000000000000000000000]
bitcast_ln29_179               (bitcast          ) [ 000000000000000000000000000000000000000000000000000000000]
real_sample_3_load_11          (load             ) [ 000000000000000000000000000000000000000000000000000000000]
bitcast_ln29_180               (bitcast          ) [ 000000000000000000000000000000000000000000000000000000000]
real_sample_4_load_11          (load             ) [ 000000000000000000000000000000000000000000000000000000000]
bitcast_ln29_181               (bitcast          ) [ 000000000000000000000000000000000000000000000000000000000]
real_sample_5_load_11          (load             ) [ 000000000000000000000000000000000000000000000000000000000]
bitcast_ln29_182               (bitcast          ) [ 000000000000000000000000000000000000000000000000000000000]
real_sample_6_load_11          (load             ) [ 000000000000000000000000000000000000000000000000000000000]
bitcast_ln29_183               (bitcast          ) [ 000000000000000000000000000000000000000000000000000000000]
real_sample_7_load_11          (load             ) [ 000000000000000000000000000000000000000000000000000000000]
bitcast_ln29_184               (bitcast          ) [ 000000000000000000000000000000000000000000000000000000000]
tmp_21                         (sparsemux        ) [ 000011111111111111111100000000000000000000000000000000000]
imag_sample_0_load_11          (load             ) [ 000000000000000000000000000000000000000000000000000000000]
bitcast_ln29_185               (bitcast          ) [ 000000000000000000000000000000000000000000000000000000000]
imag_sample_1_load_11          (load             ) [ 000000000000000000000000000000000000000000000000000000000]
bitcast_ln29_186               (bitcast          ) [ 000000000000000000000000000000000000000000000000000000000]
imag_sample_2_load_11          (load             ) [ 000000000000000000000000000000000000000000000000000000000]
bitcast_ln29_187               (bitcast          ) [ 000000000000000000000000000000000000000000000000000000000]
imag_sample_3_load_11          (load             ) [ 000000000000000000000000000000000000000000000000000000000]
bitcast_ln29_188               (bitcast          ) [ 000000000000000000000000000000000000000000000000000000000]
imag_sample_4_load_11          (load             ) [ 000000000000000000000000000000000000000000000000000000000]
bitcast_ln29_189               (bitcast          ) [ 000000000000000000000000000000000000000000000000000000000]
imag_sample_5_load_11          (load             ) [ 000000000000000000000000000000000000000000000000000000000]
bitcast_ln29_190               (bitcast          ) [ 000000000000000000000000000000000000000000000000000000000]
imag_sample_6_load_11          (load             ) [ 000000000000000000000000000000000000000000000000000000000]
bitcast_ln29_191               (bitcast          ) [ 000000000000000000000000000000000000000000000000000000000]
imag_sample_7_load_11          (load             ) [ 000000000000000000000000000000000000000000000000000000000]
bitcast_ln29_192               (bitcast          ) [ 000000000000000000000000000000000000000000000000000000000]
tmp_22                         (sparsemux        ) [ 000011111111111111111110000000000000000000000000000000000]
tmp_79                         (partselect       ) [ 000010000000000000000000000000000000000000000000000000000]
or_ln26_s                      (bitconcatenate   ) [ 000000000000000000000000000000000000000000000000000000000]
zext_ln26_10                   (zext             ) [ 000000000000000000000000000000000000000000000000000000000]
real_sample_0_addr_12          (getelementptr    ) [ 000010000000000000000000000000000000000000000000000000000]
real_sample_1_addr_12          (getelementptr    ) [ 000010000000000000000000000000000000000000000000000000000]
real_sample_2_addr_12          (getelementptr    ) [ 000010000000000000000000000000000000000000000000000000000]
real_sample_3_addr_12          (getelementptr    ) [ 000010000000000000000000000000000000000000000000000000000]
real_sample_4_addr_12          (getelementptr    ) [ 000010000000000000000000000000000000000000000000000000000]
real_sample_5_addr_12          (getelementptr    ) [ 000010000000000000000000000000000000000000000000000000000]
real_sample_6_addr_12          (getelementptr    ) [ 000010000000000000000000000000000000000000000000000000000]
real_sample_7_addr_12          (getelementptr    ) [ 000010000000000000000000000000000000000000000000000000000]
imag_sample_0_addr_12          (getelementptr    ) [ 000010000000000000000000000000000000000000000000000000000]
imag_sample_1_addr_12          (getelementptr    ) [ 000010000000000000000000000000000000000000000000000000000]
imag_sample_2_addr_12          (getelementptr    ) [ 000010000000000000000000000000000000000000000000000000000]
imag_sample_3_addr_12          (getelementptr    ) [ 000010000000000000000000000000000000000000000000000000000]
imag_sample_4_addr_12          (getelementptr    ) [ 000010000000000000000000000000000000000000000000000000000]
imag_sample_5_addr_12          (getelementptr    ) [ 000010000000000000000000000000000000000000000000000000000]
imag_sample_6_addr_12          (getelementptr    ) [ 000010000000000000000000000000000000000000000000000000000]
imag_sample_7_addr_12          (getelementptr    ) [ 000010000000000000000000000000000000000000000000000000000]
tmp_31                         (bitselect        ) [ 000000000000000000000000000000000000000000000000000000000]
or_ln26_10                     (bitconcatenate   ) [ 000000000000000000000000000000000000000000000000000000000]
zext_ln26_11                   (zext             ) [ 000000000000000000000000000000000000000000000000000000000]
real_sample_0_addr_13          (getelementptr    ) [ 000010000000000000000000000000000000000000000000000000000]
real_sample_1_addr_13          (getelementptr    ) [ 000010000000000000000000000000000000000000000000000000000]
real_sample_2_addr_13          (getelementptr    ) [ 000010000000000000000000000000000000000000000000000000000]
real_sample_3_addr_13          (getelementptr    ) [ 000010000000000000000000000000000000000000000000000000000]
real_sample_4_addr_13          (getelementptr    ) [ 000010000000000000000000000000000000000000000000000000000]
real_sample_5_addr_13          (getelementptr    ) [ 000010000000000000000000000000000000000000000000000000000]
real_sample_6_addr_13          (getelementptr    ) [ 000010000000000000000000000000000000000000000000000000000]
real_sample_7_addr_13          (getelementptr    ) [ 000010000000000000000000000000000000000000000000000000000]
imag_sample_0_addr_13          (getelementptr    ) [ 000010000000000000000000000000000000000000000000000000000]
imag_sample_1_addr_13          (getelementptr    ) [ 000010000000000000000000000000000000000000000000000000000]
imag_sample_2_addr_13          (getelementptr    ) [ 000010000000000000000000000000000000000000000000000000000]
imag_sample_3_addr_13          (getelementptr    ) [ 000010000000000000000000000000000000000000000000000000000]
imag_sample_4_addr_13          (getelementptr    ) [ 000010000000000000000000000000000000000000000000000000000]
imag_sample_5_addr_13          (getelementptr    ) [ 000010000000000000000000000000000000000000000000000000000]
imag_sample_6_addr_13          (getelementptr    ) [ 000010000000000000000000000000000000000000000000000000000]
imag_sample_7_addr_13          (getelementptr    ) [ 000010000000000000000000000000000000000000000000000000000]
c_46                           (load             ) [ 000001111111111000000000000000000000000000000000000000000]
s_46                           (load             ) [ 000001111111110000000000000000000000000000000000000000000]
idx_47                         (add              ) [ 000001000000000000000000000000000000000000000000000000000]
zext_ln27_10                   (zext             ) [ 000000000000000000000000000000000000000000000000000000000]
cos_coefficients_table_addr_10 (getelementptr    ) [ 000001000000000000000000000000000000000000000000000000000]
sin_coefficients_table_addr_10 (getelementptr    ) [ 000001000000000000000000000000000000000000000000000000000]
real_sample_0_load_12          (load             ) [ 000000000000000000000000000000000000000000000000000000000]
bitcast_ln29_193               (bitcast          ) [ 000000000000000000000000000000000000000000000000000000000]
real_sample_1_load_12          (load             ) [ 000000000000000000000000000000000000000000000000000000000]
bitcast_ln29_194               (bitcast          ) [ 000000000000000000000000000000000000000000000000000000000]
real_sample_2_load_12          (load             ) [ 000000000000000000000000000000000000000000000000000000000]
bitcast_ln29_195               (bitcast          ) [ 000000000000000000000000000000000000000000000000000000000]
real_sample_3_load_12          (load             ) [ 000000000000000000000000000000000000000000000000000000000]
bitcast_ln29_196               (bitcast          ) [ 000000000000000000000000000000000000000000000000000000000]
real_sample_4_load_12          (load             ) [ 000000000000000000000000000000000000000000000000000000000]
bitcast_ln29_197               (bitcast          ) [ 000000000000000000000000000000000000000000000000000000000]
real_sample_5_load_12          (load             ) [ 000000000000000000000000000000000000000000000000000000000]
bitcast_ln29_198               (bitcast          ) [ 000000000000000000000000000000000000000000000000000000000]
real_sample_6_load_12          (load             ) [ 000000000000000000000000000000000000000000000000000000000]
bitcast_ln29_199               (bitcast          ) [ 000000000000000000000000000000000000000000000000000000000]
real_sample_7_load_12          (load             ) [ 000000000000000000000000000000000000000000000000000000000]
bitcast_ln29_200               (bitcast          ) [ 000000000000000000000000000000000000000000000000000000000]
tmp_23                         (sparsemux        ) [ 000001111111111111111111110000000000000000000000000000000]
imag_sample_0_load_12          (load             ) [ 000000000000000000000000000000000000000000000000000000000]
bitcast_ln29_201               (bitcast          ) [ 000000000000000000000000000000000000000000000000000000000]
imag_sample_1_load_12          (load             ) [ 000000000000000000000000000000000000000000000000000000000]
bitcast_ln29_202               (bitcast          ) [ 000000000000000000000000000000000000000000000000000000000]
imag_sample_2_load_12          (load             ) [ 000000000000000000000000000000000000000000000000000000000]
bitcast_ln29_203               (bitcast          ) [ 000000000000000000000000000000000000000000000000000000000]
imag_sample_3_load_12          (load             ) [ 000000000000000000000000000000000000000000000000000000000]
bitcast_ln29_204               (bitcast          ) [ 000000000000000000000000000000000000000000000000000000000]
imag_sample_4_load_12          (load             ) [ 000000000000000000000000000000000000000000000000000000000]
bitcast_ln29_205               (bitcast          ) [ 000000000000000000000000000000000000000000000000000000000]
imag_sample_5_load_12          (load             ) [ 000000000000000000000000000000000000000000000000000000000]
bitcast_ln29_206               (bitcast          ) [ 000000000000000000000000000000000000000000000000000000000]
imag_sample_6_load_12          (load             ) [ 000000000000000000000000000000000000000000000000000000000]
bitcast_ln29_207               (bitcast          ) [ 000000000000000000000000000000000000000000000000000000000]
imag_sample_7_load_12          (load             ) [ 000000000000000000000000000000000000000000000000000000000]
bitcast_ln29_208               (bitcast          ) [ 000000000000000000000000000000000000000000000000000000000]
tmp_24                         (sparsemux        ) [ 000001111111111111111111111000000000000000000000000000000]
real_sample_0_load_13          (load             ) [ 000000000000000000000000000000000000000000000000000000000]
bitcast_ln29_209               (bitcast          ) [ 000000000000000000000000000000000000000000000000000000000]
real_sample_1_load_13          (load             ) [ 000000000000000000000000000000000000000000000000000000000]
bitcast_ln29_210               (bitcast          ) [ 000000000000000000000000000000000000000000000000000000000]
real_sample_2_load_13          (load             ) [ 000000000000000000000000000000000000000000000000000000000]
bitcast_ln29_211               (bitcast          ) [ 000000000000000000000000000000000000000000000000000000000]
real_sample_3_load_13          (load             ) [ 000000000000000000000000000000000000000000000000000000000]
bitcast_ln29_212               (bitcast          ) [ 000000000000000000000000000000000000000000000000000000000]
real_sample_4_load_13          (load             ) [ 000000000000000000000000000000000000000000000000000000000]
bitcast_ln29_213               (bitcast          ) [ 000000000000000000000000000000000000000000000000000000000]
real_sample_5_load_13          (load             ) [ 000000000000000000000000000000000000000000000000000000000]
bitcast_ln29_214               (bitcast          ) [ 000000000000000000000000000000000000000000000000000000000]
real_sample_6_load_13          (load             ) [ 000000000000000000000000000000000000000000000000000000000]
bitcast_ln29_215               (bitcast          ) [ 000000000000000000000000000000000000000000000000000000000]
real_sample_7_load_13          (load             ) [ 000000000000000000000000000000000000000000000000000000000]
bitcast_ln29_216               (bitcast          ) [ 000000000000000000000000000000000000000000000000000000000]
tmp_25                         (sparsemux        ) [ 000001111111111111111111111111000000000000000000000000000]
imag_sample_0_load_13          (load             ) [ 000000000000000000000000000000000000000000000000000000000]
bitcast_ln29_217               (bitcast          ) [ 000000000000000000000000000000000000000000000000000000000]
imag_sample_1_load_13          (load             ) [ 000000000000000000000000000000000000000000000000000000000]
bitcast_ln29_218               (bitcast          ) [ 000000000000000000000000000000000000000000000000000000000]
imag_sample_2_load_13          (load             ) [ 000000000000000000000000000000000000000000000000000000000]
bitcast_ln29_219               (bitcast          ) [ 000000000000000000000000000000000000000000000000000000000]
imag_sample_3_load_13          (load             ) [ 000000000000000000000000000000000000000000000000000000000]
bitcast_ln29_220               (bitcast          ) [ 000000000000000000000000000000000000000000000000000000000]
imag_sample_4_load_13          (load             ) [ 000000000000000000000000000000000000000000000000000000000]
bitcast_ln29_221               (bitcast          ) [ 000000000000000000000000000000000000000000000000000000000]
imag_sample_5_load_13          (load             ) [ 000000000000000000000000000000000000000000000000000000000]
bitcast_ln29_222               (bitcast          ) [ 000000000000000000000000000000000000000000000000000000000]
imag_sample_6_load_13          (load             ) [ 000000000000000000000000000000000000000000000000000000000]
bitcast_ln29_223               (bitcast          ) [ 000000000000000000000000000000000000000000000000000000000]
imag_sample_7_load_13          (load             ) [ 000000000000000000000000000000000000000000000000000000000]
bitcast_ln29_224               (bitcast          ) [ 000000000000000000000000000000000000000000000000000000000]
tmp_26                         (sparsemux        ) [ 000001111111111111111111111111100000000000000000000000000]
or_ln26_11                     (bitconcatenate   ) [ 000000000000000000000000000000000000000000000000000000000]
zext_ln26_12                   (zext             ) [ 000000000000000000000000000000000000000000000000000000000]
real_sample_0_addr_14          (getelementptr    ) [ 000001000000000000000000000000000000000000000000000000000]
real_sample_1_addr_14          (getelementptr    ) [ 000001000000000000000000000000000000000000000000000000000]
real_sample_2_addr_14          (getelementptr    ) [ 000001000000000000000000000000000000000000000000000000000]
real_sample_3_addr_14          (getelementptr    ) [ 000001000000000000000000000000000000000000000000000000000]
real_sample_4_addr_14          (getelementptr    ) [ 000001000000000000000000000000000000000000000000000000000]
real_sample_5_addr_14          (getelementptr    ) [ 000001000000000000000000000000000000000000000000000000000]
real_sample_6_addr_14          (getelementptr    ) [ 000001000000000000000000000000000000000000000000000000000]
real_sample_7_addr_14          (getelementptr    ) [ 000001000000000000000000000000000000000000000000000000000]
imag_sample_0_addr_14          (getelementptr    ) [ 000001000000000000000000000000000000000000000000000000000]
imag_sample_1_addr_14          (getelementptr    ) [ 000001000000000000000000000000000000000000000000000000000]
imag_sample_2_addr_14          (getelementptr    ) [ 000001000000000000000000000000000000000000000000000000000]
imag_sample_3_addr_14          (getelementptr    ) [ 000001000000000000000000000000000000000000000000000000000]
imag_sample_4_addr_14          (getelementptr    ) [ 000001000000000000000000000000000000000000000000000000000]
imag_sample_5_addr_14          (getelementptr    ) [ 000001000000000000000000000000000000000000000000000000000]
imag_sample_6_addr_14          (getelementptr    ) [ 000001000000000000000000000000000000000000000000000000000]
imag_sample_7_addr_14          (getelementptr    ) [ 000001000000000000000000000000000000000000000000000000000]
or_ln26_12                     (bitconcatenate   ) [ 000000000000000000000000000000000000000000000000000000000]
zext_ln26_13                   (zext             ) [ 000000000000000000000000000000000000000000000000000000000]
real_sample_0_addr_15          (getelementptr    ) [ 000001000000000000000000000000000000000000000000000000000]
real_sample_1_addr_15          (getelementptr    ) [ 000001000000000000000000000000000000000000000000000000000]
real_sample_2_addr_15          (getelementptr    ) [ 000001000000000000000000000000000000000000000000000000000]
real_sample_3_addr_15          (getelementptr    ) [ 000001000000000000000000000000000000000000000000000000000]
real_sample_4_addr_15          (getelementptr    ) [ 000001000000000000000000000000000000000000000000000000000]
real_sample_5_addr_15          (getelementptr    ) [ 000001000000000000000000000000000000000000000000000000000]
real_sample_6_addr_15          (getelementptr    ) [ 000001000000000000000000000000000000000000000000000000000]
real_sample_7_addr_15          (getelementptr    ) [ 000001000000000000000000000000000000000000000000000000000]
imag_sample_0_addr_15          (getelementptr    ) [ 000001000000000000000000000000000000000000000000000000000]
imag_sample_1_addr_15          (getelementptr    ) [ 000001000000000000000000000000000000000000000000000000000]
imag_sample_2_addr_15          (getelementptr    ) [ 000001000000000000000000000000000000000000000000000000000]
imag_sample_3_addr_15          (getelementptr    ) [ 000001000000000000000000000000000000000000000000000000000]
imag_sample_4_addr_15          (getelementptr    ) [ 000001000000000000000000000000000000000000000000000000000]
imag_sample_5_addr_15          (getelementptr    ) [ 000001000000000000000000000000000000000000000000000000000]
imag_sample_6_addr_15          (getelementptr    ) [ 000001000000000000000000000000000000000000000000000000000]
imag_sample_7_addr_15          (getelementptr    ) [ 000001000000000000000000000000000000000000000000000000000]
c_47                           (load             ) [ 000000111111111111100000000000000000000000000000000000000]
s_47                           (load             ) [ 000000111111111111000000000000000000000000000000000000000]
idx_48                         (add              ) [ 000000100000000000000000000000000000000000000000000000000]
zext_ln27_11                   (zext             ) [ 000000000000000000000000000000000000000000000000000000000]
cos_coefficients_table_addr_11 (getelementptr    ) [ 000000100000000000000000000000000000000000000000000000000]
sin_coefficients_table_addr_11 (getelementptr    ) [ 000000100000000000000000000000000000000000000000000000000]
real_sample_0_load_14          (load             ) [ 000000000000000000000000000000000000000000000000000000000]
bitcast_ln29_225               (bitcast          ) [ 000000000000000000000000000000000000000000000000000000000]
real_sample_1_load_14          (load             ) [ 000000000000000000000000000000000000000000000000000000000]
bitcast_ln29_226               (bitcast          ) [ 000000000000000000000000000000000000000000000000000000000]
real_sample_2_load_14          (load             ) [ 000000000000000000000000000000000000000000000000000000000]
bitcast_ln29_227               (bitcast          ) [ 000000000000000000000000000000000000000000000000000000000]
real_sample_3_load_14          (load             ) [ 000000000000000000000000000000000000000000000000000000000]
bitcast_ln29_228               (bitcast          ) [ 000000000000000000000000000000000000000000000000000000000]
real_sample_4_load_14          (load             ) [ 000000000000000000000000000000000000000000000000000000000]
bitcast_ln29_229               (bitcast          ) [ 000000000000000000000000000000000000000000000000000000000]
real_sample_5_load_14          (load             ) [ 000000000000000000000000000000000000000000000000000000000]
bitcast_ln29_230               (bitcast          ) [ 000000000000000000000000000000000000000000000000000000000]
real_sample_6_load_14          (load             ) [ 000000000000000000000000000000000000000000000000000000000]
bitcast_ln29_231               (bitcast          ) [ 000000000000000000000000000000000000000000000000000000000]
real_sample_7_load_14          (load             ) [ 000000000000000000000000000000000000000000000000000000000]
bitcast_ln29_232               (bitcast          ) [ 000000000000000000000000000000000000000000000000000000000]
tmp_27                         (sparsemux        ) [ 000000111111111111111111111111111100000000000000000000000]
imag_sample_0_load_14          (load             ) [ 000000000000000000000000000000000000000000000000000000000]
bitcast_ln29_233               (bitcast          ) [ 000000000000000000000000000000000000000000000000000000000]
imag_sample_1_load_14          (load             ) [ 000000000000000000000000000000000000000000000000000000000]
bitcast_ln29_234               (bitcast          ) [ 000000000000000000000000000000000000000000000000000000000]
imag_sample_2_load_14          (load             ) [ 000000000000000000000000000000000000000000000000000000000]
bitcast_ln29_235               (bitcast          ) [ 000000000000000000000000000000000000000000000000000000000]
imag_sample_3_load_14          (load             ) [ 000000000000000000000000000000000000000000000000000000000]
bitcast_ln29_236               (bitcast          ) [ 000000000000000000000000000000000000000000000000000000000]
imag_sample_4_load_14          (load             ) [ 000000000000000000000000000000000000000000000000000000000]
bitcast_ln29_237               (bitcast          ) [ 000000000000000000000000000000000000000000000000000000000]
imag_sample_5_load_14          (load             ) [ 000000000000000000000000000000000000000000000000000000000]
bitcast_ln29_238               (bitcast          ) [ 000000000000000000000000000000000000000000000000000000000]
imag_sample_6_load_14          (load             ) [ 000000000000000000000000000000000000000000000000000000000]
bitcast_ln29_239               (bitcast          ) [ 000000000000000000000000000000000000000000000000000000000]
imag_sample_7_load_14          (load             ) [ 000000000000000000000000000000000000000000000000000000000]
bitcast_ln29_240               (bitcast          ) [ 000000000000000000000000000000000000000000000000000000000]
tmp_28                         (sparsemux        ) [ 000000111111111111111111111111111110000000000000000000000]
real_sample_0_load_15          (load             ) [ 000000000000000000000000000000000000000000000000000000000]
bitcast_ln29_241               (bitcast          ) [ 000000000000000000000000000000000000000000000000000000000]
real_sample_1_load_15          (load             ) [ 000000000000000000000000000000000000000000000000000000000]
bitcast_ln29_242               (bitcast          ) [ 000000000000000000000000000000000000000000000000000000000]
real_sample_2_load_15          (load             ) [ 000000000000000000000000000000000000000000000000000000000]
bitcast_ln29_243               (bitcast          ) [ 000000000000000000000000000000000000000000000000000000000]
real_sample_3_load_15          (load             ) [ 000000000000000000000000000000000000000000000000000000000]
bitcast_ln29_244               (bitcast          ) [ 000000000000000000000000000000000000000000000000000000000]
real_sample_4_load_15          (load             ) [ 000000000000000000000000000000000000000000000000000000000]
bitcast_ln29_245               (bitcast          ) [ 000000000000000000000000000000000000000000000000000000000]
real_sample_5_load_15          (load             ) [ 000000000000000000000000000000000000000000000000000000000]
bitcast_ln29_246               (bitcast          ) [ 000000000000000000000000000000000000000000000000000000000]
real_sample_6_load_15          (load             ) [ 000000000000000000000000000000000000000000000000000000000]
bitcast_ln29_247               (bitcast          ) [ 000000000000000000000000000000000000000000000000000000000]
real_sample_7_load_15          (load             ) [ 000000000000000000000000000000000000000000000000000000000]
bitcast_ln29_248               (bitcast          ) [ 000000000000000000000000000000000000000000000000000000000]
tmp_29                         (sparsemux        ) [ 000000111111111111111111111111111111110000000000000000000]
imag_sample_0_load_15          (load             ) [ 000000000000000000000000000000000000000000000000000000000]
bitcast_ln29_249               (bitcast          ) [ 000000000000000000000000000000000000000000000000000000000]
imag_sample_1_load_15          (load             ) [ 000000000000000000000000000000000000000000000000000000000]
bitcast_ln29_250               (bitcast          ) [ 000000000000000000000000000000000000000000000000000000000]
imag_sample_2_load_15          (load             ) [ 000000000000000000000000000000000000000000000000000000000]
bitcast_ln29_251               (bitcast          ) [ 000000000000000000000000000000000000000000000000000000000]
imag_sample_3_load_15          (load             ) [ 000000000000000000000000000000000000000000000000000000000]
bitcast_ln29_252               (bitcast          ) [ 000000000000000000000000000000000000000000000000000000000]
imag_sample_4_load_15          (load             ) [ 000000000000000000000000000000000000000000000000000000000]
bitcast_ln29_253               (bitcast          ) [ 000000000000000000000000000000000000000000000000000000000]
imag_sample_5_load_15          (load             ) [ 000000000000000000000000000000000000000000000000000000000]
bitcast_ln29_254               (bitcast          ) [ 000000000000000000000000000000000000000000000000000000000]
imag_sample_6_load_15          (load             ) [ 000000000000000000000000000000000000000000000000000000000]
bitcast_ln29_255               (bitcast          ) [ 000000000000000000000000000000000000000000000000000000000]
imag_sample_7_load_15          (load             ) [ 000000000000000000000000000000000000000000000000000000000]
bitcast_ln29_256               (bitcast          ) [ 000000000000000000000000000000000000000000000000000000000]
tmp_30                         (sparsemux        ) [ 000000111111111111111111111111111111111000000000000000000]
c_48                           (load             ) [ 000000011111111111111110000000000000000000000000000000000]
s_48                           (load             ) [ 000000011111111111111100000000000000000000000000000000000]
idx_49                         (add              ) [ 000000010000000000000000000000000000000000000000000000000]
zext_ln27_12                   (zext             ) [ 000000000000000000000000000000000000000000000000000000000]
cos_coefficients_table_addr_12 (getelementptr    ) [ 000000010000000000000000000000000000000000000000000000000]
sin_coefficients_table_addr_12 (getelementptr    ) [ 000000010000000000000000000000000000000000000000000000000]
mul12_1                        (fmul             ) [ 000000001111110000000000000000000000000000000000000000000]
c_49                           (load             ) [ 000000001111111111111111111000000000000000000000000000000]
s_49                           (load             ) [ 000000001111111111111111110000000000000000000000000000000]
idx_50                         (add              ) [ 000000001000000000000000000000000000000000000000000000000]
zext_ln27_13                   (zext             ) [ 000000000000000000000000000000000000000000000000000000000]
cos_coefficients_table_addr_13 (getelementptr    ) [ 000000001000000000000000000000000000000000000000000000000]
sin_coefficients_table_addr_13 (getelementptr    ) [ 000000001000000000000000000000000000000000000000000000000]
mul15_1                        (fmul             ) [ 000000000111110000000000000000000000000000000000000000000]
c_50                           (load             ) [ 000000000111111111111111111111100000000000000000000000000]
s_50                           (load             ) [ 000000000111111111111111111111000000000000000000000000000]
idx_51                         (add              ) [ 000000000000000000000000000000000000000000000000000000000]
zext_ln27_14                   (zext             ) [ 000000000000000000000000000000000000000000000000000000000]
cos_coefficients_table_addr_14 (getelementptr    ) [ 000000000100000000000000000000000000000000000000000000000]
sin_coefficients_table_addr_14 (getelementptr    ) [ 000000000100000000000000000000000000000000000000000000000]
idx_52                         (add              ) [ 000000000100000000000000000000000000000000000000000000000]
mul20_1                        (fmul             ) [ 000000000011111100000000000000000000000000000000000000000]
c_51                           (load             ) [ 000000000011111111111111111111111110000000000000000000000]
s_51                           (load             ) [ 000000000011111111111111111111111100000000000000000000000]
zext_ln27_15                   (zext             ) [ 000000000000000000000000000000000000000000000000000000000]
cos_coefficients_table_addr_15 (getelementptr    ) [ 000000000010000000000000000000000000000000000000000000000]
sin_coefficients_table_addr_15 (getelementptr    ) [ 000000000010000000000000000000000000000000000000000000000]
mul23_1                        (fmul             ) [ 000000000001111100000000000000000000000000000000000000000]
c_52                           (load             ) [ 000000000001111111111111111111111111111000000000000000000]
s_52                           (load             ) [ 000000000001111111111111111111111111110000000000000000000]
mul12_1_1                      (fmul             ) [ 000000000000111111000000000000000000000000000000000000000]
mul15_1_1                      (fmul             ) [ 000000000000011111000000000000000000000000000000000000000]
sub_1                          (fsub             ) [ 000000000000001111100000000000000000000000000000000000000]
mul20_1_1                      (fmul             ) [ 000000000000001111110000000000000000000000000000000000000]
add3_1_load                    (load             ) [ 000000000000000111100000000000000000000000000000000000000]
mul23_1_1                      (fmul             ) [ 000000000000000111110000000000000000000000000000000000000]
add24_1                        (fadd             ) [ 000000000000000011111000000000000000000000000000000000000]
mul12_1_2                      (fmul             ) [ 000000000000000011111100000000000000000000000000000000000]
add274_1_load                  (load             ) [ 000000000000000001111000000000000000000000000000000000000]
mul15_1_2                      (fmul             ) [ 000000000000000001111100000000000000000000000000000000000]
sub_1_1                        (fsub             ) [ 000000000000000000111111000000000000000000000000000000000]
mul20_1_2                      (fmul             ) [ 000000000000000000111111000000000000000000000000000000000]
add_1                          (fadd             ) [ 000000000000000000011111000000000000000000000000000000000]
mul23_1_2                      (fmul             ) [ 000000000000000000011111000000000000000000000000000000000]
add24_1_1                      (fadd             ) [ 000000000000000000001111110000000000000000000000000000000]
mul12_1_3                      (fmul             ) [ 000000000000000000001111110000000000000000000000000000000]
add27_1                        (fadd             ) [ 000000000000000000000111110000000000000000000000000000000]
mul15_1_3                      (fmul             ) [ 000000000000000000000111110000000000000000000000000000000]
sub_1_2                        (fsub             ) [ 000000000000000000000011111110000000000000000000000000000]
mul20_1_3                      (fmul             ) [ 000000000000000000000011111100000000000000000000000000000]
mul23_1_3                      (fmul             ) [ 000000000000000000000001111100000000000000000000000000000]
add_1_1                        (fadd             ) [ 000000000000000000000000111110000000000000000000000000000]
add24_1_2                      (fadd             ) [ 000000000000000000000000111111100000000000000000000000000]
mul12_1_4                      (fmul             ) [ 000000000000000000000000111111000000000000000000000000000]
mul15_1_4                      (fmul             ) [ 000000000000000000000000011111000000000000000000000000000]
add27_1_1                      (fadd             ) [ 000000000000000000000000001111100000000000000000000000000]
sub_1_3                        (fsub             ) [ 000000000000000000000000001111111100000000000000000000000]
mul20_1_4                      (fmul             ) [ 000000000000000000000000001111110000000000000000000000000]
mul23_1_4                      (fmul             ) [ 000000000000000000000000000111110000000000000000000000000]
add24_1_3                      (fadd             ) [ 000000000000000000000000000011111111000000000000000000000]
mul12_1_5                      (fmul             ) [ 000000000000000000000000000011111100000000000000000000000]
add_1_2                        (fadd             ) [ 000000000000000000000000000001111100000000000000000000000]
mul15_1_5                      (fmul             ) [ 000000000000000000000000000001111100000000000000000000000]
sub_1_4                        (fsub             ) [ 000000000000000000000000000000111111111000000000000000000]
mul20_1_5                      (fmul             ) [ 000000000000000000000000000000111111000000000000000000000]
add27_1_2                      (fadd             ) [ 000000000000000000000000000000011111000000000000000000000]
mul23_1_5                      (fmul             ) [ 000000000000000000000000000000011111000000000000000000000]
add24_1_4                      (fadd             ) [ 000000000000000000000000000000001111111110000000000000000]
mul12_1_6                      (fmul             ) [ 000000000000000000000000000000001111110000000000000000000]
mul15_1_6                      (fmul             ) [ 000000000000000000000000000000000111110000000000000000000]
add_1_3                        (fadd             ) [ 000000000000000000000000000000000011111000000000000000000]
sub_1_5                        (fsub             ) [ 011000000000000000000000000000000011111111110000000000000]
mul20_1_6                      (fmul             ) [ 000000000000000000000000000000000011111100000000000000000]
mul23_1_6                      (fmul             ) [ 000000000000000000000000000000000001111100000000000000000]
add27_1_3                      (fadd             ) [ 000000000000000000000000000000000000111110000000000000000]
add24_1_5                      (fadd             ) [ 011110000000000000000000000000000000111111111100000000000]
mul12_1_7                      (fmul             ) [ 000000000000000000000000000000000000111111000000000000000]
mul15_1_7                      (fmul             ) [ 000000000000000000000000000000000000011111000000000000000]
sub_1_6                        (fsub             ) [ 011111110000000000000000000000000000001111111111100000000]
mul20_1_7                      (fmul             ) [ 011000000000000000000000000000000000001111110000000000000]
add_1_4                        (fadd             ) [ 011000000000000000000000000000000000000111110000000000000]
mul23_1_7                      (fmul             ) [ 011000000000000000000000000000000000000111110000000000000]
add24_1_6                      (fadd             ) [ 011111111100000000000000000000000000000011111111111000000]
add27_1_4                      (fadd             ) [ 011110000000000000000000000000000000000001111100000000000]
sub_1_7                        (fsub             ) [ 011111111111100000000000000000000000000000111111111111000]
add_ln24                       (add              ) [ 000000000000000000000000000000000000000000000000000000000]
store_ln13                     (store            ) [ 000000000000000000000000000000000000000000000000000000000]
add_1_5                        (fadd             ) [ 000111110000000000000000000000000000000000001111100000000]
add24_1_7                      (fadd             ) [ 000111111111111000000000000000000000000000001111111111110]
add27_1_5                      (fadd             ) [ 000001111100000000000000000000000000000000000011111000000]
add_1_6                        (fadd             ) [ 000000001111100000000000000000000000000000000000011111000]
add27_1_6                      (fadd             ) [ 000000000011111000000000000000000000000000000000000111110]
add_1_7                        (fadd             ) [ 000000000000010000000000000000000000000000000000000000100]
store_ln29                     (store            ) [ 000000000000000000000000000000000000000000000000000000000]
add27_1_7                      (fadd             ) [ 000000000000000100000000000000000000000000000000000000001]
specpipeline_ln13              (specpipeline     ) [ 000000000000000000000000000000000000000000000000000000000]
speclooptripcount_ln13         (speclooptripcount) [ 000000000000000000000000000000000000000000000000000000000]
specloopname_ln24              (specloopname     ) [ 000000000000000000000000000000000000000000000000000000000]
store_ln30                     (store            ) [ 000000000000000000000000000000000000000000000000000000000]
br_ln24                        (br               ) [ 000000000000000000000000000000000000000000000000000000000]
add3_1_load_1                  (load             ) [ 000000000000000000000000000000000000000000000000000000000]
add274_1_load_1                (load             ) [ 000000000000000000000000000000000000000000000000000000000]
write_ln0                      (write            ) [ 000000000000000000000000000000000000000000000000000000000]
write_ln0                      (write            ) [ 000000000000000000000000000000000000000000000000000000000]
ret_ln0                        (ret              ) [ 000000000000000000000000000000000000000000000000000000000]
</LifeTime>

<model>

<comp_list>
<comp id="0" class="1000" name="or_ln1">
<pin_list>
<pin id="1" dir="1" index="0" bw="1" slack="0"/>
</pin_list>
<bind>
<StgValue><ssdm name="or_ln1"/></StgValue>
</bind>
</comp>

<comp id="2" class="1000" name="real_sample_0">
<pin_list>
<pin id="3" dir="1" index="0" bw="1" slack="0"/>
</pin_list>
<bind>
<StgValue><ssdm name="real_sample_0"/><MemPortTyVec>1 1 </MemPortTyVec>
</StgValue>
</bind>
</comp>

<comp id="4" class="1000" name="real_sample_1">
<pin_list>
<pin id="5" dir="1" index="0" bw="1" slack="0"/>
</pin_list>
<bind>
<StgValue><ssdm name="real_sample_1"/><MemPortTyVec>1 1 </MemPortTyVec>
</StgValue>
</bind>
</comp>

<comp id="6" class="1000" name="real_sample_2">
<pin_list>
<pin id="7" dir="1" index="0" bw="1" slack="0"/>
</pin_list>
<bind>
<StgValue><ssdm name="real_sample_2"/><MemPortTyVec>1 1 </MemPortTyVec>
</StgValue>
</bind>
</comp>

<comp id="8" class="1000" name="real_sample_3">
<pin_list>
<pin id="9" dir="1" index="0" bw="1" slack="0"/>
</pin_list>
<bind>
<StgValue><ssdm name="real_sample_3"/><MemPortTyVec>1 1 </MemPortTyVec>
</StgValue>
</bind>
</comp>

<comp id="10" class="1000" name="real_sample_4">
<pin_list>
<pin id="11" dir="1" index="0" bw="1" slack="0"/>
</pin_list>
<bind>
<StgValue><ssdm name="real_sample_4"/><MemPortTyVec>1 1 </MemPortTyVec>
</StgValue>
</bind>
</comp>

<comp id="12" class="1000" name="real_sample_5">
<pin_list>
<pin id="13" dir="1" index="0" bw="1" slack="0"/>
</pin_list>
<bind>
<StgValue><ssdm name="real_sample_5"/><MemPortTyVec>1 1 </MemPortTyVec>
</StgValue>
</bind>
</comp>

<comp id="14" class="1000" name="real_sample_6">
<pin_list>
<pin id="15" dir="1" index="0" bw="1" slack="0"/>
</pin_list>
<bind>
<StgValue><ssdm name="real_sample_6"/><MemPortTyVec>1 1 </MemPortTyVec>
</StgValue>
</bind>
</comp>

<comp id="16" class="1000" name="real_sample_7">
<pin_list>
<pin id="17" dir="1" index="0" bw="1" slack="0"/>
</pin_list>
<bind>
<StgValue><ssdm name="real_sample_7"/><MemPortTyVec>1 1 </MemPortTyVec>
</StgValue>
</bind>
</comp>

<comp id="18" class="1000" name="imag_sample_0">
<pin_list>
<pin id="19" dir="1" index="0" bw="1" slack="0"/>
</pin_list>
<bind>
<StgValue><ssdm name="imag_sample_0"/><MemPortTyVec>1 1 </MemPortTyVec>
</StgValue>
</bind>
</comp>

<comp id="20" class="1000" name="imag_sample_1">
<pin_list>
<pin id="21" dir="1" index="0" bw="1" slack="0"/>
</pin_list>
<bind>
<StgValue><ssdm name="imag_sample_1"/><MemPortTyVec>1 1 </MemPortTyVec>
</StgValue>
</bind>
</comp>

<comp id="22" class="1000" name="imag_sample_2">
<pin_list>
<pin id="23" dir="1" index="0" bw="1" slack="0"/>
</pin_list>
<bind>
<StgValue><ssdm name="imag_sample_2"/><MemPortTyVec>1 1 </MemPortTyVec>
</StgValue>
</bind>
</comp>

<comp id="24" class="1000" name="imag_sample_3">
<pin_list>
<pin id="25" dir="1" index="0" bw="1" slack="0"/>
</pin_list>
<bind>
<StgValue><ssdm name="imag_sample_3"/><MemPortTyVec>1 1 </MemPortTyVec>
</StgValue>
</bind>
</comp>

<comp id="26" class="1000" name="imag_sample_4">
<pin_list>
<pin id="27" dir="1" index="0" bw="1" slack="0"/>
</pin_list>
<bind>
<StgValue><ssdm name="imag_sample_4"/><MemPortTyVec>1 1 </MemPortTyVec>
</StgValue>
</bind>
</comp>

<comp id="28" class="1000" name="imag_sample_5">
<pin_list>
<pin id="29" dir="1" index="0" bw="1" slack="0"/>
</pin_list>
<bind>
<StgValue><ssdm name="imag_sample_5"/><MemPortTyVec>1 1 </MemPortTyVec>
</StgValue>
</bind>
</comp>

<comp id="30" class="1000" name="imag_sample_6">
<pin_list>
<pin id="31" dir="1" index="0" bw="1" slack="0"/>
</pin_list>
<bind>
<StgValue><ssdm name="imag_sample_6"/><MemPortTyVec>1 1 </MemPortTyVec>
</StgValue>
</bind>
</comp>

<comp id="32" class="1000" name="imag_sample_7">
<pin_list>
<pin id="33" dir="1" index="0" bw="1" slack="0"/>
</pin_list>
<bind>
<StgValue><ssdm name="imag_sample_7"/><MemPortTyVec>1 1 </MemPortTyVec>
</StgValue>
</bind>
</comp>

<comp id="34" class="1000" name="add274_1_out">
<pin_list>
<pin id="35" dir="1" index="0" bw="1" slack="0"/>
</pin_list>
<bind>
<StgValue><ssdm name="add274_1_out"/></StgValue>
</bind>
</comp>

<comp id="36" class="1000" name="add3_1_out">
<pin_list>
<pin id="37" dir="1" index="0" bw="1" slack="0"/>
</pin_list>
<bind>
<StgValue><ssdm name="add3_1_out"/></StgValue>
</bind>
</comp>

<comp id="38" class="1000" name="cos_coefficients_table">
<pin_list>
<pin id="39" dir="1" index="0" bw="1" slack="0"/>
</pin_list>
<bind>
<StgValue><ssdm name="cos_coefficients_table"/><MemPortTyVec>1 </MemPortTyVec>
</StgValue>
</bind>
</comp>

<comp id="40" class="1000" name="sin_coefficients_table">
<pin_list>
<pin id="41" dir="1" index="0" bw="1" slack="0"/>
</pin_list>
<bind>
<StgValue><ssdm name="sin_coefficients_table"/><MemPortTyVec>1 </MemPortTyVec>
</StgValue>
</bind>
</comp>

<comp id="42" class="1001" name="const_42">
<pin_list>
<pin id="43" dir="1" index="0" bw="1" slack="0"/>
</pin_list>
<bind>
<StgValue><ssdm name=""/></StgValue>
</bind>
</comp>

<comp id="44" class="1001" name="const_44">
<pin_list>
<pin id="45" dir="1" index="0" bw="1" slack="2147483647"/>
</pin_list>
<bind>
<StgValue><ssdm name="_ssdm_op_SpecInterface"/></StgValue>
</bind>
</comp>

<comp id="46" class="1001" name="const_46">
<pin_list>
<pin id="47" dir="1" index="0" bw="1" slack="2147483647"/>
</pin_list>
<bind>
<StgValue><ssdm name="empty"/></StgValue>
</bind>
</comp>

<comp id="48" class="1001" name="const_48">
<pin_list>
<pin id="49" dir="1" index="0" bw="1" slack="2147483647"/>
</pin_list>
<bind>
<StgValue><ssdm name=""/></StgValue>
</bind>
</comp>

<comp id="50" class="1001" name="const_50">
<pin_list>
<pin id="51" dir="1" index="0" bw="1" slack="2147483647"/>
</pin_list>
<bind>
<StgValue><ssdm name="empty_0"/></StgValue>
</bind>
</comp>

<comp id="52" class="1001" name="const_52">
<pin_list>
<pin id="53" dir="1" index="0" bw="1" slack="2147483647"/>
</pin_list>
<bind>
<StgValue><ssdm name=""/></StgValue>
</bind>
</comp>

<comp id="54" class="1001" name="const_54">
<pin_list>
<pin id="55" dir="1" index="0" bw="1" slack="0"/>
</pin_list>
<bind>
<StgValue><ssdm name="_ssdm_op_Read.ap_auto.i10"/></StgValue>
</bind>
</comp>

<comp id="56" class="1001" name="const_56">
<pin_list>
<pin id="57" dir="1" index="0" bw="1" slack="0"/>
</pin_list>
<bind>
<StgValue><ssdm name=""/></StgValue>
</bind>
</comp>

<comp id="58" class="1001" name="const_58">
<pin_list>
<pin id="59" dir="1" index="0" bw="1" slack="0"/>
</pin_list>
<bind>
<StgValue><ssdm name=""/></StgValue>
</bind>
</comp>

<comp id="60" class="1001" name="const_60">
<pin_list>
<pin id="61" dir="1" index="0" bw="1" slack="0"/>
</pin_list>
<bind>
<StgValue><ssdm name="_ssdm_op_BitSelect.i1.i11.i32"/></StgValue>
</bind>
</comp>

<comp id="62" class="1001" name="const_62">
<pin_list>
<pin id="63" dir="1" index="0" bw="1" slack="0"/>
</pin_list>
<bind>
<StgValue><ssdm name=""/></StgValue>
</bind>
</comp>

<comp id="64" class="1001" name="const_64">
<pin_list>
<pin id="65" dir="1" index="0" bw="1" slack="0"/>
</pin_list>
<bind>
<StgValue><ssdm name=""/></StgValue>
</bind>
</comp>

<comp id="66" class="1001" name="const_66">
<pin_list>
<pin id="67" dir="1" index="0" bw="1" slack="0"/>
</pin_list>
<bind>
<StgValue><ssdm name="_ssdm_op_PartSelect.i6.i11.i32.i32"/></StgValue>
</bind>
</comp>

<comp id="68" class="1001" name="const_68">
<pin_list>
<pin id="69" dir="1" index="0" bw="1" slack="0"/>
</pin_list>
<bind>
<StgValue><ssdm name=""/></StgValue>
</bind>
</comp>

<comp id="70" class="1001" name="const_70">
<pin_list>
<pin id="71" dir="1" index="0" bw="1" slack="0"/>
</pin_list>
<bind>
<StgValue><ssdm name="_ssdm_op_BitConcatenate.i7.i6.i1"/></StgValue>
</bind>
</comp>

<comp id="72" class="1001" name="const_72">
<pin_list>
<pin id="73" dir="1" index="0" bw="1" slack="0"/>
</pin_list>
<bind>
<StgValue><ssdm name=""/></StgValue>
</bind>
</comp>

<comp id="74" class="1001" name="const_74">
<pin_list>
<pin id="75" dir="1" index="0" bw="1" slack="0"/>
</pin_list>
<bind>
<StgValue><ssdm name="_ssdm_op_PartSelect.i3.i11.i32.i32"/></StgValue>
</bind>
</comp>

<comp id="76" class="1001" name="const_76">
<pin_list>
<pin id="77" dir="1" index="0" bw="1" slack="0"/>
</pin_list>
<bind>
<StgValue><ssdm name=""/></StgValue>
</bind>
</comp>

<comp id="78" class="1001" name="const_78">
<pin_list>
<pin id="79" dir="1" index="0" bw="1" slack="0"/>
</pin_list>
<bind>
<StgValue><ssdm name=""/></StgValue>
</bind>
</comp>

<comp id="80" class="1001" name="const_80">
<pin_list>
<pin id="81" dir="1" index="0" bw="1" slack="0"/>
</pin_list>
<bind>
<StgValue><ssdm name="_ssdm_op_SparseMux.ap_auto.8float.float.i3"/></StgValue>
</bind>
</comp>

<comp id="82" class="1001" name="const_82">
<pin_list>
<pin id="83" dir="1" index="0" bw="1" slack="0"/>
</pin_list>
<bind>
<StgValue><ssdm name=""/></StgValue>
</bind>
</comp>

<comp id="84" class="1001" name="const_84">
<pin_list>
<pin id="85" dir="1" index="0" bw="1" slack="0"/>
</pin_list>
<bind>
<StgValue><ssdm name=""/></StgValue>
</bind>
</comp>

<comp id="86" class="1001" name="const_86">
<pin_list>
<pin id="87" dir="1" index="0" bw="1" slack="0"/>
</pin_list>
<bind>
<StgValue><ssdm name=""/></StgValue>
</bind>
</comp>

<comp id="88" class="1001" name="const_88">
<pin_list>
<pin id="89" dir="1" index="0" bw="1" slack="0"/>
</pin_list>
<bind>
<StgValue><ssdm name=""/></StgValue>
</bind>
</comp>

<comp id="90" class="1001" name="const_90">
<pin_list>
<pin id="91" dir="1" index="0" bw="1" slack="0"/>
</pin_list>
<bind>
<StgValue><ssdm name=""/></StgValue>
</bind>
</comp>

<comp id="92" class="1001" name="const_92">
<pin_list>
<pin id="93" dir="1" index="0" bw="1" slack="0"/>
</pin_list>
<bind>
<StgValue><ssdm name=""/></StgValue>
</bind>
</comp>

<comp id="94" class="1001" name="const_94">
<pin_list>
<pin id="95" dir="1" index="0" bw="1" slack="0"/>
</pin_list>
<bind>
<StgValue><ssdm name=""/></StgValue>
</bind>
</comp>

<comp id="96" class="1001" name="const_96">
<pin_list>
<pin id="97" dir="1" index="0" bw="1" slack="0"/>
</pin_list>
<bind>
<StgValue><ssdm name=""/></StgValue>
</bind>
</comp>

<comp id="98" class="1001" name="const_98">
<pin_list>
<pin id="99" dir="1" index="0" bw="1" slack="0"/>
</pin_list>
<bind>
<StgValue><ssdm name=""/></StgValue>
</bind>
</comp>

<comp id="100" class="1001" name="const_100">
<pin_list>
<pin id="101" dir="1" index="0" bw="1" slack="0"/>
</pin_list>
<bind>
<StgValue><ssdm name="_ssdm_op_PartSelect.i5.i11.i32.i32"/></StgValue>
</bind>
</comp>

<comp id="102" class="1001" name="const_102">
<pin_list>
<pin id="103" dir="1" index="0" bw="1" slack="0"/>
</pin_list>
<bind>
<StgValue><ssdm name=""/></StgValue>
</bind>
</comp>

<comp id="104" class="1001" name="const_104">
<pin_list>
<pin id="105" dir="1" index="0" bw="1" slack="0"/>
</pin_list>
<bind>
<StgValue><ssdm name="_ssdm_op_BitConcatenate.i7.i5.i2"/></StgValue>
</bind>
</comp>

<comp id="106" class="1001" name="const_106">
<pin_list>
<pin id="107" dir="1" index="0" bw="1" slack="0"/>
</pin_list>
<bind>
<StgValue><ssdm name=""/></StgValue>
</bind>
</comp>

<comp id="108" class="1001" name="const_108">
<pin_list>
<pin id="109" dir="1" index="0" bw="1" slack="0"/>
</pin_list>
<bind>
<StgValue><ssdm name=""/></StgValue>
</bind>
</comp>

<comp id="110" class="1001" name="const_110">
<pin_list>
<pin id="111" dir="1" index="0" bw="1" slack="0"/>
</pin_list>
<bind>
<StgValue><ssdm name="_ssdm_op_PartSelect.i4.i11.i32.i32"/></StgValue>
</bind>
</comp>

<comp id="112" class="1001" name="const_112">
<pin_list>
<pin id="113" dir="1" index="0" bw="1" slack="0"/>
</pin_list>
<bind>
<StgValue><ssdm name=""/></StgValue>
</bind>
</comp>

<comp id="114" class="1001" name="const_114">
<pin_list>
<pin id="115" dir="1" index="0" bw="1" slack="0"/>
</pin_list>
<bind>
<StgValue><ssdm name="_ssdm_op_BitConcatenate.i7.i4.i3"/></StgValue>
</bind>
</comp>

<comp id="116" class="1001" name="const_116">
<pin_list>
<pin id="117" dir="1" index="0" bw="1" slack="0"/>
</pin_list>
<bind>
<StgValue><ssdm name="_ssdm_op_BitConcatenate.i7.i4.i1.i1.i1"/></StgValue>
</bind>
</comp>

<comp id="118" class="1001" name="const_118">
<pin_list>
<pin id="119" dir="1" index="0" bw="1" slack="0"/>
</pin_list>
<bind>
<StgValue><ssdm name=""/></StgValue>
</bind>
</comp>

<comp id="120" class="1001" name="const_120">
<pin_list>
<pin id="121" dir="1" index="0" bw="1" slack="2147483647"/>
</pin_list>
<bind>
<StgValue><ssdm name="_ssdm_op_SpecPipeline"/></StgValue>
</bind>
</comp>

<comp id="122" class="1001" name="const_122">
<pin_list>
<pin id="123" dir="1" index="0" bw="1" slack="2147483647"/>
</pin_list>
<bind>
<StgValue><ssdm name="_ssdm_op_SpecLoopTripCount"/></StgValue>
</bind>
</comp>

<comp id="124" class="1001" name="const_124">
<pin_list>
<pin id="125" dir="1" index="0" bw="1" slack="2147483647"/>
</pin_list>
<bind>
<StgValue><ssdm name=""/></StgValue>
</bind>
</comp>

<comp id="126" class="1001" name="const_126">
<pin_list>
<pin id="127" dir="1" index="0" bw="1" slack="2147483647"/>
</pin_list>
<bind>
<StgValue><ssdm name="_ssdm_op_SpecLoopName"/></StgValue>
</bind>
</comp>

<comp id="128" class="1001" name="const_128">
<pin_list>
<pin id="129" dir="1" index="0" bw="1" slack="2147483647"/>
</pin_list>
<bind>
<StgValue><ssdm name="empty_2"/></StgValue>
</bind>
</comp>

<comp id="130" class="1001" name="const_130">
<pin_list>
<pin id="131" dir="1" index="0" bw="1" slack="0"/>
</pin_list>
<bind>
<StgValue><ssdm name="_ssdm_op_Write.ap_auto.floatP0A"/></StgValue>
</bind>
</comp>

<comp id="132" class="1004" name="add3_1_fu_132">
<pin_list>
<pin id="133" dir="0" index="0" bw="1" slack="0"/>
<pin id="134" dir="1" index="1" bw="32" slack="0"/>
</pin_list>
<bind>
<opcode="alloca(26) " fcode="alloca"/>
<opset="add3_1/1 "/>
</bind>
</comp>

<comp id="136" class="1004" name="add274_1_fu_136">
<pin_list>
<pin id="137" dir="0" index="0" bw="1" slack="0"/>
<pin id="138" dir="1" index="1" bw="32" slack="0"/>
</pin_list>
<bind>
<opcode="alloca(26) " fcode="alloca"/>
<opset="add274_1/1 "/>
</bind>
</comp>

<comp id="140" class="1004" name="j_1_fu_140">
<pin_list>
<pin id="141" dir="0" index="0" bw="1" slack="0"/>
<pin id="142" dir="1" index="1" bw="11" slack="0"/>
</pin_list>
<bind>
<opcode="alloca(26) " fcode="alloca"/>
<opset="j_1/1 "/>
</bind>
</comp>

<comp id="144" class="1004" name="or_ln1_read_read_fu_144">
<pin_list>
<pin id="145" dir="0" index="0" bw="10" slack="0"/>
<pin id="146" dir="0" index="1" bw="10" slack="0"/>
<pin id="147" dir="1" index="2" bw="10" slack="0"/>
</pin_list>
<bind>
<opcode="read(1150) " fcode="read"/>
<opset="or_ln1_read/1 "/>
</bind>
</comp>

<comp id="150" class="1004" name="write_ln0_write_fu_150">
<pin_list>
<pin id="151" dir="0" index="0" bw="0" slack="0"/>
<pin id="152" dir="0" index="1" bw="32" slack="0"/>
<pin id="153" dir="0" index="2" bw="32" slack="0"/>
<pin id="154" dir="1" index="3" bw="0" slack="2147483647"/>
</pin_list>
<bind>
<opcode="write(1151) " fcode="write"/>
<opset="write_ln0/15 "/>
</bind>
</comp>

<comp id="157" class="1004" name="write_ln0_write_fu_157">
<pin_list>
<pin id="158" dir="0" index="0" bw="0" slack="0"/>
<pin id="159" dir="0" index="1" bw="32" slack="0"/>
<pin id="160" dir="0" index="2" bw="32" slack="0"/>
<pin id="161" dir="1" index="3" bw="0" slack="2147483647"/>
</pin_list>
<bind>
<opcode="write(1151) " fcode="write"/>
<opset="write_ln0/15 "/>
</bind>
</comp>

<comp id="164" class="1004" name="real_sample_0_addr_8_gep_fu_164">
<pin_list>
<pin id="165" dir="0" index="0" bw="32" slack="0"/>
<pin id="166" dir="0" index="1" bw="1" slack="0"/>
<pin id="167" dir="0" index="2" bw="7" slack="0"/>
<pin id="168" dir="1" index="3" bw="7" slack="0"/>
</pin_list>
<bind>
<opcode="getelementptr(29) " fcode="getelementptr"/>
<opset="real_sample_0_addr_8/1 "/>
</bind>
</comp>

<comp id="171" class="1004" name="grp_access_fu_171">
<pin_list>
<pin id="172" dir="0" index="0" bw="7" slack="0"/>
<pin id="173" dir="0" index="1" bw="32" slack="2147483647"/>
<pin id="174" dir="0" index="2" bw="0" slack="0"/>
<pin id="176" dir="0" index="4" bw="7" slack="2147483647"/>
<pin id="177" dir="0" index="5" bw="32" slack="2147483647"/>
<pin id="178" dir="0" index="6" bw="0" slack="2147483647"/>
<pin id="175" dir="1" index="3" bw="32" slack="0"/>
<pin id="179" dir="1" index="7" bw="32" slack="0"/>
</pin_list>
<bind>
<opcode="load(27) " fcode="load"/>
<opset="real_sample_0_load_8/1 real_sample_0_load_9/1 real_sample_0_load_10/2 real_sample_0_load_11/2 real_sample_0_load_12/3 real_sample_0_load_13/3 real_sample_0_load_14/4 real_sample_0_load_15/4 "/>
</bind>
</comp>

<comp id="181" class="1004" name="real_sample_1_addr_8_gep_fu_181">
<pin_list>
<pin id="182" dir="0" index="0" bw="32" slack="0"/>
<pin id="183" dir="0" index="1" bw="1" slack="0"/>
<pin id="184" dir="0" index="2" bw="7" slack="0"/>
<pin id="185" dir="1" index="3" bw="7" slack="0"/>
</pin_list>
<bind>
<opcode="getelementptr(29) " fcode="getelementptr"/>
<opset="real_sample_1_addr_8/1 "/>
</bind>
</comp>

<comp id="188" class="1004" name="grp_access_fu_188">
<pin_list>
<pin id="189" dir="0" index="0" bw="7" slack="0"/>
<pin id="190" dir="0" index="1" bw="32" slack="2147483647"/>
<pin id="191" dir="0" index="2" bw="0" slack="0"/>
<pin id="193" dir="0" index="4" bw="7" slack="2147483647"/>
<pin id="194" dir="0" index="5" bw="32" slack="2147483647"/>
<pin id="195" dir="0" index="6" bw="0" slack="2147483647"/>
<pin id="192" dir="1" index="3" bw="32" slack="0"/>
<pin id="196" dir="1" index="7" bw="32" slack="0"/>
</pin_list>
<bind>
<opcode="load(27) " fcode="load"/>
<opset="real_sample_1_load_8/1 real_sample_1_load_9/1 real_sample_1_load_10/2 real_sample_1_load_11/2 real_sample_1_load_12/3 real_sample_1_load_13/3 real_sample_1_load_14/4 real_sample_1_load_15/4 "/>
</bind>
</comp>

<comp id="198" class="1004" name="real_sample_2_addr_8_gep_fu_198">
<pin_list>
<pin id="199" dir="0" index="0" bw="32" slack="0"/>
<pin id="200" dir="0" index="1" bw="1" slack="0"/>
<pin id="201" dir="0" index="2" bw="7" slack="0"/>
<pin id="202" dir="1" index="3" bw="7" slack="0"/>
</pin_list>
<bind>
<opcode="getelementptr(29) " fcode="getelementptr"/>
<opset="real_sample_2_addr_8/1 "/>
</bind>
</comp>

<comp id="205" class="1004" name="grp_access_fu_205">
<pin_list>
<pin id="206" dir="0" index="0" bw="7" slack="0"/>
<pin id="207" dir="0" index="1" bw="32" slack="2147483647"/>
<pin id="208" dir="0" index="2" bw="0" slack="0"/>
<pin id="210" dir="0" index="4" bw="7" slack="2147483647"/>
<pin id="211" dir="0" index="5" bw="32" slack="2147483647"/>
<pin id="212" dir="0" index="6" bw="0" slack="2147483647"/>
<pin id="209" dir="1" index="3" bw="32" slack="0"/>
<pin id="213" dir="1" index="7" bw="32" slack="0"/>
</pin_list>
<bind>
<opcode="load(27) " fcode="load"/>
<opset="real_sample_2_load_8/1 real_sample_2_load_9/1 real_sample_2_load_10/2 real_sample_2_load_11/2 real_sample_2_load_12/3 real_sample_2_load_13/3 real_sample_2_load_14/4 real_sample_2_load_15/4 "/>
</bind>
</comp>

<comp id="215" class="1004" name="real_sample_3_addr_8_gep_fu_215">
<pin_list>
<pin id="216" dir="0" index="0" bw="32" slack="0"/>
<pin id="217" dir="0" index="1" bw="1" slack="0"/>
<pin id="218" dir="0" index="2" bw="7" slack="0"/>
<pin id="219" dir="1" index="3" bw="7" slack="0"/>
</pin_list>
<bind>
<opcode="getelementptr(29) " fcode="getelementptr"/>
<opset="real_sample_3_addr_8/1 "/>
</bind>
</comp>

<comp id="222" class="1004" name="grp_access_fu_222">
<pin_list>
<pin id="223" dir="0" index="0" bw="7" slack="0"/>
<pin id="224" dir="0" index="1" bw="32" slack="2147483647"/>
<pin id="225" dir="0" index="2" bw="0" slack="0"/>
<pin id="227" dir="0" index="4" bw="7" slack="2147483647"/>
<pin id="228" dir="0" index="5" bw="32" slack="2147483647"/>
<pin id="229" dir="0" index="6" bw="0" slack="2147483647"/>
<pin id="226" dir="1" index="3" bw="32" slack="0"/>
<pin id="230" dir="1" index="7" bw="32" slack="0"/>
</pin_list>
<bind>
<opcode="load(27) " fcode="load"/>
<opset="real_sample_3_load_8/1 real_sample_3_load_9/1 real_sample_3_load_10/2 real_sample_3_load_11/2 real_sample_3_load_12/3 real_sample_3_load_13/3 real_sample_3_load_14/4 real_sample_3_load_15/4 "/>
</bind>
</comp>

<comp id="232" class="1004" name="real_sample_4_addr_8_gep_fu_232">
<pin_list>
<pin id="233" dir="0" index="0" bw="32" slack="0"/>
<pin id="234" dir="0" index="1" bw="1" slack="0"/>
<pin id="235" dir="0" index="2" bw="7" slack="0"/>
<pin id="236" dir="1" index="3" bw="7" slack="0"/>
</pin_list>
<bind>
<opcode="getelementptr(29) " fcode="getelementptr"/>
<opset="real_sample_4_addr_8/1 "/>
</bind>
</comp>

<comp id="239" class="1004" name="grp_access_fu_239">
<pin_list>
<pin id="240" dir="0" index="0" bw="7" slack="0"/>
<pin id="241" dir="0" index="1" bw="32" slack="2147483647"/>
<pin id="242" dir="0" index="2" bw="0" slack="0"/>
<pin id="244" dir="0" index="4" bw="7" slack="2147483647"/>
<pin id="245" dir="0" index="5" bw="32" slack="2147483647"/>
<pin id="246" dir="0" index="6" bw="0" slack="2147483647"/>
<pin id="243" dir="1" index="3" bw="32" slack="0"/>
<pin id="247" dir="1" index="7" bw="32" slack="0"/>
</pin_list>
<bind>
<opcode="load(27) " fcode="load"/>
<opset="real_sample_4_load_8/1 real_sample_4_load_9/1 real_sample_4_load_10/2 real_sample_4_load_11/2 real_sample_4_load_12/3 real_sample_4_load_13/3 real_sample_4_load_14/4 real_sample_4_load_15/4 "/>
</bind>
</comp>

<comp id="249" class="1004" name="real_sample_5_addr_8_gep_fu_249">
<pin_list>
<pin id="250" dir="0" index="0" bw="32" slack="0"/>
<pin id="251" dir="0" index="1" bw="1" slack="0"/>
<pin id="252" dir="0" index="2" bw="7" slack="0"/>
<pin id="253" dir="1" index="3" bw="7" slack="0"/>
</pin_list>
<bind>
<opcode="getelementptr(29) " fcode="getelementptr"/>
<opset="real_sample_5_addr_8/1 "/>
</bind>
</comp>

<comp id="256" class="1004" name="grp_access_fu_256">
<pin_list>
<pin id="257" dir="0" index="0" bw="7" slack="0"/>
<pin id="258" dir="0" index="1" bw="32" slack="2147483647"/>
<pin id="259" dir="0" index="2" bw="0" slack="0"/>
<pin id="261" dir="0" index="4" bw="7" slack="2147483647"/>
<pin id="262" dir="0" index="5" bw="32" slack="2147483647"/>
<pin id="263" dir="0" index="6" bw="0" slack="2147483647"/>
<pin id="260" dir="1" index="3" bw="32" slack="0"/>
<pin id="264" dir="1" index="7" bw="32" slack="0"/>
</pin_list>
<bind>
<opcode="load(27) " fcode="load"/>
<opset="real_sample_5_load_8/1 real_sample_5_load_9/1 real_sample_5_load_10/2 real_sample_5_load_11/2 real_sample_5_load_12/3 real_sample_5_load_13/3 real_sample_5_load_14/4 real_sample_5_load_15/4 "/>
</bind>
</comp>

<comp id="266" class="1004" name="real_sample_6_addr_8_gep_fu_266">
<pin_list>
<pin id="267" dir="0" index="0" bw="32" slack="0"/>
<pin id="268" dir="0" index="1" bw="1" slack="0"/>
<pin id="269" dir="0" index="2" bw="7" slack="0"/>
<pin id="270" dir="1" index="3" bw="7" slack="0"/>
</pin_list>
<bind>
<opcode="getelementptr(29) " fcode="getelementptr"/>
<opset="real_sample_6_addr_8/1 "/>
</bind>
</comp>

<comp id="273" class="1004" name="grp_access_fu_273">
<pin_list>
<pin id="274" dir="0" index="0" bw="7" slack="0"/>
<pin id="275" dir="0" index="1" bw="32" slack="2147483647"/>
<pin id="276" dir="0" index="2" bw="0" slack="0"/>
<pin id="278" dir="0" index="4" bw="7" slack="2147483647"/>
<pin id="279" dir="0" index="5" bw="32" slack="2147483647"/>
<pin id="280" dir="0" index="6" bw="0" slack="2147483647"/>
<pin id="277" dir="1" index="3" bw="32" slack="0"/>
<pin id="281" dir="1" index="7" bw="32" slack="0"/>
</pin_list>
<bind>
<opcode="load(27) " fcode="load"/>
<opset="real_sample_6_load_8/1 real_sample_6_load_9/1 real_sample_6_load_10/2 real_sample_6_load_11/2 real_sample_6_load_12/3 real_sample_6_load_13/3 real_sample_6_load_14/4 real_sample_6_load_15/4 "/>
</bind>
</comp>

<comp id="283" class="1004" name="real_sample_7_addr_8_gep_fu_283">
<pin_list>
<pin id="284" dir="0" index="0" bw="32" slack="0"/>
<pin id="285" dir="0" index="1" bw="1" slack="0"/>
<pin id="286" dir="0" index="2" bw="7" slack="0"/>
<pin id="287" dir="1" index="3" bw="7" slack="0"/>
</pin_list>
<bind>
<opcode="getelementptr(29) " fcode="getelementptr"/>
<opset="real_sample_7_addr_8/1 "/>
</bind>
</comp>

<comp id="290" class="1004" name="grp_access_fu_290">
<pin_list>
<pin id="291" dir="0" index="0" bw="7" slack="0"/>
<pin id="292" dir="0" index="1" bw="32" slack="2147483647"/>
<pin id="293" dir="0" index="2" bw="0" slack="0"/>
<pin id="295" dir="0" index="4" bw="7" slack="2147483647"/>
<pin id="296" dir="0" index="5" bw="32" slack="2147483647"/>
<pin id="297" dir="0" index="6" bw="0" slack="2147483647"/>
<pin id="294" dir="1" index="3" bw="32" slack="0"/>
<pin id="298" dir="1" index="7" bw="32" slack="0"/>
</pin_list>
<bind>
<opcode="load(27) " fcode="load"/>
<opset="real_sample_7_load_8/1 real_sample_7_load_9/1 real_sample_7_load_10/2 real_sample_7_load_11/2 real_sample_7_load_12/3 real_sample_7_load_13/3 real_sample_7_load_14/4 real_sample_7_load_15/4 "/>
</bind>
</comp>

<comp id="300" class="1004" name="imag_sample_0_addr_8_gep_fu_300">
<pin_list>
<pin id="301" dir="0" index="0" bw="32" slack="0"/>
<pin id="302" dir="0" index="1" bw="1" slack="0"/>
<pin id="303" dir="0" index="2" bw="7" slack="0"/>
<pin id="304" dir="1" index="3" bw="7" slack="0"/>
</pin_list>
<bind>
<opcode="getelementptr(29) " fcode="getelementptr"/>
<opset="imag_sample_0_addr_8/1 "/>
</bind>
</comp>

<comp id="307" class="1004" name="grp_access_fu_307">
<pin_list>
<pin id="308" dir="0" index="0" bw="7" slack="0"/>
<pin id="309" dir="0" index="1" bw="32" slack="2147483647"/>
<pin id="310" dir="0" index="2" bw="0" slack="0"/>
<pin id="312" dir="0" index="4" bw="7" slack="2147483647"/>
<pin id="313" dir="0" index="5" bw="32" slack="2147483647"/>
<pin id="314" dir="0" index="6" bw="0" slack="2147483647"/>
<pin id="311" dir="1" index="3" bw="32" slack="0"/>
<pin id="315" dir="1" index="7" bw="32" slack="0"/>
</pin_list>
<bind>
<opcode="load(27) " fcode="load"/>
<opset="imag_sample_0_load_8/1 imag_sample_0_load_9/1 imag_sample_0_load_10/2 imag_sample_0_load_11/2 imag_sample_0_load_12/3 imag_sample_0_load_13/3 imag_sample_0_load_14/4 imag_sample_0_load_15/4 "/>
</bind>
</comp>

<comp id="317" class="1004" name="imag_sample_1_addr_8_gep_fu_317">
<pin_list>
<pin id="318" dir="0" index="0" bw="32" slack="0"/>
<pin id="319" dir="0" index="1" bw="1" slack="0"/>
<pin id="320" dir="0" index="2" bw="7" slack="0"/>
<pin id="321" dir="1" index="3" bw="7" slack="0"/>
</pin_list>
<bind>
<opcode="getelementptr(29) " fcode="getelementptr"/>
<opset="imag_sample_1_addr_8/1 "/>
</bind>
</comp>

<comp id="324" class="1004" name="grp_access_fu_324">
<pin_list>
<pin id="325" dir="0" index="0" bw="7" slack="0"/>
<pin id="326" dir="0" index="1" bw="32" slack="2147483647"/>
<pin id="327" dir="0" index="2" bw="0" slack="0"/>
<pin id="329" dir="0" index="4" bw="7" slack="2147483647"/>
<pin id="330" dir="0" index="5" bw="32" slack="2147483647"/>
<pin id="331" dir="0" index="6" bw="0" slack="2147483647"/>
<pin id="328" dir="1" index="3" bw="32" slack="0"/>
<pin id="332" dir="1" index="7" bw="32" slack="0"/>
</pin_list>
<bind>
<opcode="load(27) " fcode="load"/>
<opset="imag_sample_1_load_8/1 imag_sample_1_load_9/1 imag_sample_1_load_10/2 imag_sample_1_load_11/2 imag_sample_1_load_12/3 imag_sample_1_load_13/3 imag_sample_1_load_14/4 imag_sample_1_load_15/4 "/>
</bind>
</comp>

<comp id="334" class="1004" name="imag_sample_2_addr_8_gep_fu_334">
<pin_list>
<pin id="335" dir="0" index="0" bw="32" slack="0"/>
<pin id="336" dir="0" index="1" bw="1" slack="0"/>
<pin id="337" dir="0" index="2" bw="7" slack="0"/>
<pin id="338" dir="1" index="3" bw="7" slack="0"/>
</pin_list>
<bind>
<opcode="getelementptr(29) " fcode="getelementptr"/>
<opset="imag_sample_2_addr_8/1 "/>
</bind>
</comp>

<comp id="341" class="1004" name="grp_access_fu_341">
<pin_list>
<pin id="342" dir="0" index="0" bw="7" slack="0"/>
<pin id="343" dir="0" index="1" bw="32" slack="2147483647"/>
<pin id="344" dir="0" index="2" bw="0" slack="0"/>
<pin id="346" dir="0" index="4" bw="7" slack="2147483647"/>
<pin id="347" dir="0" index="5" bw="32" slack="2147483647"/>
<pin id="348" dir="0" index="6" bw="0" slack="2147483647"/>
<pin id="345" dir="1" index="3" bw="32" slack="0"/>
<pin id="349" dir="1" index="7" bw="32" slack="0"/>
</pin_list>
<bind>
<opcode="load(27) " fcode="load"/>
<opset="imag_sample_2_load_8/1 imag_sample_2_load_9/1 imag_sample_2_load_10/2 imag_sample_2_load_11/2 imag_sample_2_load_12/3 imag_sample_2_load_13/3 imag_sample_2_load_14/4 imag_sample_2_load_15/4 "/>
</bind>
</comp>

<comp id="351" class="1004" name="imag_sample_3_addr_8_gep_fu_351">
<pin_list>
<pin id="352" dir="0" index="0" bw="32" slack="0"/>
<pin id="353" dir="0" index="1" bw="1" slack="0"/>
<pin id="354" dir="0" index="2" bw="7" slack="0"/>
<pin id="355" dir="1" index="3" bw="7" slack="0"/>
</pin_list>
<bind>
<opcode="getelementptr(29) " fcode="getelementptr"/>
<opset="imag_sample_3_addr_8/1 "/>
</bind>
</comp>

<comp id="358" class="1004" name="grp_access_fu_358">
<pin_list>
<pin id="359" dir="0" index="0" bw="7" slack="0"/>
<pin id="360" dir="0" index="1" bw="32" slack="2147483647"/>
<pin id="361" dir="0" index="2" bw="0" slack="0"/>
<pin id="363" dir="0" index="4" bw="7" slack="2147483647"/>
<pin id="364" dir="0" index="5" bw="32" slack="2147483647"/>
<pin id="365" dir="0" index="6" bw="0" slack="2147483647"/>
<pin id="362" dir="1" index="3" bw="32" slack="0"/>
<pin id="366" dir="1" index="7" bw="32" slack="0"/>
</pin_list>
<bind>
<opcode="load(27) " fcode="load"/>
<opset="imag_sample_3_load_8/1 imag_sample_3_load_9/1 imag_sample_3_load_10/2 imag_sample_3_load_11/2 imag_sample_3_load_12/3 imag_sample_3_load_13/3 imag_sample_3_load_14/4 imag_sample_3_load_15/4 "/>
</bind>
</comp>

<comp id="368" class="1004" name="imag_sample_4_addr_8_gep_fu_368">
<pin_list>
<pin id="369" dir="0" index="0" bw="32" slack="0"/>
<pin id="370" dir="0" index="1" bw="1" slack="0"/>
<pin id="371" dir="0" index="2" bw="7" slack="0"/>
<pin id="372" dir="1" index="3" bw="7" slack="0"/>
</pin_list>
<bind>
<opcode="getelementptr(29) " fcode="getelementptr"/>
<opset="imag_sample_4_addr_8/1 "/>
</bind>
</comp>

<comp id="375" class="1004" name="grp_access_fu_375">
<pin_list>
<pin id="376" dir="0" index="0" bw="7" slack="0"/>
<pin id="377" dir="0" index="1" bw="32" slack="2147483647"/>
<pin id="378" dir="0" index="2" bw="0" slack="0"/>
<pin id="380" dir="0" index="4" bw="7" slack="2147483647"/>
<pin id="381" dir="0" index="5" bw="32" slack="2147483647"/>
<pin id="382" dir="0" index="6" bw="0" slack="2147483647"/>
<pin id="379" dir="1" index="3" bw="32" slack="0"/>
<pin id="383" dir="1" index="7" bw="32" slack="0"/>
</pin_list>
<bind>
<opcode="load(27) " fcode="load"/>
<opset="imag_sample_4_load_8/1 imag_sample_4_load_9/1 imag_sample_4_load_10/2 imag_sample_4_load_11/2 imag_sample_4_load_12/3 imag_sample_4_load_13/3 imag_sample_4_load_14/4 imag_sample_4_load_15/4 "/>
</bind>
</comp>

<comp id="385" class="1004" name="imag_sample_5_addr_8_gep_fu_385">
<pin_list>
<pin id="386" dir="0" index="0" bw="32" slack="0"/>
<pin id="387" dir="0" index="1" bw="1" slack="0"/>
<pin id="388" dir="0" index="2" bw="7" slack="0"/>
<pin id="389" dir="1" index="3" bw="7" slack="0"/>
</pin_list>
<bind>
<opcode="getelementptr(29) " fcode="getelementptr"/>
<opset="imag_sample_5_addr_8/1 "/>
</bind>
</comp>

<comp id="392" class="1004" name="grp_access_fu_392">
<pin_list>
<pin id="393" dir="0" index="0" bw="7" slack="0"/>
<pin id="394" dir="0" index="1" bw="32" slack="2147483647"/>
<pin id="395" dir="0" index="2" bw="0" slack="0"/>
<pin id="397" dir="0" index="4" bw="7" slack="2147483647"/>
<pin id="398" dir="0" index="5" bw="32" slack="2147483647"/>
<pin id="399" dir="0" index="6" bw="0" slack="2147483647"/>
<pin id="396" dir="1" index="3" bw="32" slack="0"/>
<pin id="400" dir="1" index="7" bw="32" slack="0"/>
</pin_list>
<bind>
<opcode="load(27) " fcode="load"/>
<opset="imag_sample_5_load_8/1 imag_sample_5_load_9/1 imag_sample_5_load_10/2 imag_sample_5_load_11/2 imag_sample_5_load_12/3 imag_sample_5_load_13/3 imag_sample_5_load_14/4 imag_sample_5_load_15/4 "/>
</bind>
</comp>

<comp id="402" class="1004" name="imag_sample_6_addr_8_gep_fu_402">
<pin_list>
<pin id="403" dir="0" index="0" bw="32" slack="0"/>
<pin id="404" dir="0" index="1" bw="1" slack="0"/>
<pin id="405" dir="0" index="2" bw="7" slack="0"/>
<pin id="406" dir="1" index="3" bw="7" slack="0"/>
</pin_list>
<bind>
<opcode="getelementptr(29) " fcode="getelementptr"/>
<opset="imag_sample_6_addr_8/1 "/>
</bind>
</comp>

<comp id="409" class="1004" name="grp_access_fu_409">
<pin_list>
<pin id="410" dir="0" index="0" bw="7" slack="0"/>
<pin id="411" dir="0" index="1" bw="32" slack="2147483647"/>
<pin id="412" dir="0" index="2" bw="0" slack="0"/>
<pin id="414" dir="0" index="4" bw="7" slack="2147483647"/>
<pin id="415" dir="0" index="5" bw="32" slack="2147483647"/>
<pin id="416" dir="0" index="6" bw="0" slack="2147483647"/>
<pin id="413" dir="1" index="3" bw="32" slack="0"/>
<pin id="417" dir="1" index="7" bw="32" slack="0"/>
</pin_list>
<bind>
<opcode="load(27) " fcode="load"/>
<opset="imag_sample_6_load_8/1 imag_sample_6_load_9/1 imag_sample_6_load_10/2 imag_sample_6_load_11/2 imag_sample_6_load_12/3 imag_sample_6_load_13/3 imag_sample_6_load_14/4 imag_sample_6_load_15/4 "/>
</bind>
</comp>

<comp id="419" class="1004" name="imag_sample_7_addr_8_gep_fu_419">
<pin_list>
<pin id="420" dir="0" index="0" bw="32" slack="0"/>
<pin id="421" dir="0" index="1" bw="1" slack="0"/>
<pin id="422" dir="0" index="2" bw="7" slack="0"/>
<pin id="423" dir="1" index="3" bw="7" slack="0"/>
</pin_list>
<bind>
<opcode="getelementptr(29) " fcode="getelementptr"/>
<opset="imag_sample_7_addr_8/1 "/>
</bind>
</comp>

<comp id="426" class="1004" name="grp_access_fu_426">
<pin_list>
<pin id="427" dir="0" index="0" bw="7" slack="0"/>
<pin id="428" dir="0" index="1" bw="32" slack="2147483647"/>
<pin id="429" dir="0" index="2" bw="0" slack="0"/>
<pin id="431" dir="0" index="4" bw="7" slack="2147483647"/>
<pin id="432" dir="0" index="5" bw="32" slack="2147483647"/>
<pin id="433" dir="0" index="6" bw="0" slack="2147483647"/>
<pin id="430" dir="1" index="3" bw="32" slack="0"/>
<pin id="434" dir="1" index="7" bw="32" slack="0"/>
</pin_list>
<bind>
<opcode="load(27) " fcode="load"/>
<opset="imag_sample_7_load_8/1 imag_sample_7_load_9/1 imag_sample_7_load_10/2 imag_sample_7_load_11/2 imag_sample_7_load_12/3 imag_sample_7_load_13/3 imag_sample_7_load_14/4 imag_sample_7_load_15/4 "/>
</bind>
</comp>

<comp id="436" class="1004" name="real_sample_0_addr_9_gep_fu_436">
<pin_list>
<pin id="437" dir="0" index="0" bw="32" slack="0"/>
<pin id="438" dir="0" index="1" bw="1" slack="0"/>
<pin id="439" dir="0" index="2" bw="7" slack="0"/>
<pin id="440" dir="1" index="3" bw="7" slack="0"/>
</pin_list>
<bind>
<opcode="getelementptr(29) " fcode="getelementptr"/>
<opset="real_sample_0_addr_9/1 "/>
</bind>
</comp>

<comp id="444" class="1004" name="real_sample_1_addr_9_gep_fu_444">
<pin_list>
<pin id="445" dir="0" index="0" bw="32" slack="0"/>
<pin id="446" dir="0" index="1" bw="1" slack="0"/>
<pin id="447" dir="0" index="2" bw="7" slack="0"/>
<pin id="448" dir="1" index="3" bw="7" slack="0"/>
</pin_list>
<bind>
<opcode="getelementptr(29) " fcode="getelementptr"/>
<opset="real_sample_1_addr_9/1 "/>
</bind>
</comp>

<comp id="452" class="1004" name="real_sample_2_addr_9_gep_fu_452">
<pin_list>
<pin id="453" dir="0" index="0" bw="32" slack="0"/>
<pin id="454" dir="0" index="1" bw="1" slack="0"/>
<pin id="455" dir="0" index="2" bw="7" slack="0"/>
<pin id="456" dir="1" index="3" bw="7" slack="0"/>
</pin_list>
<bind>
<opcode="getelementptr(29) " fcode="getelementptr"/>
<opset="real_sample_2_addr_9/1 "/>
</bind>
</comp>

<comp id="460" class="1004" name="real_sample_3_addr_9_gep_fu_460">
<pin_list>
<pin id="461" dir="0" index="0" bw="32" slack="0"/>
<pin id="462" dir="0" index="1" bw="1" slack="0"/>
<pin id="463" dir="0" index="2" bw="7" slack="0"/>
<pin id="464" dir="1" index="3" bw="7" slack="0"/>
</pin_list>
<bind>
<opcode="getelementptr(29) " fcode="getelementptr"/>
<opset="real_sample_3_addr_9/1 "/>
</bind>
</comp>

<comp id="468" class="1004" name="real_sample_4_addr_9_gep_fu_468">
<pin_list>
<pin id="469" dir="0" index="0" bw="32" slack="0"/>
<pin id="470" dir="0" index="1" bw="1" slack="0"/>
<pin id="471" dir="0" index="2" bw="7" slack="0"/>
<pin id="472" dir="1" index="3" bw="7" slack="0"/>
</pin_list>
<bind>
<opcode="getelementptr(29) " fcode="getelementptr"/>
<opset="real_sample_4_addr_9/1 "/>
</bind>
</comp>

<comp id="476" class="1004" name="real_sample_5_addr_9_gep_fu_476">
<pin_list>
<pin id="477" dir="0" index="0" bw="32" slack="0"/>
<pin id="478" dir="0" index="1" bw="1" slack="0"/>
<pin id="479" dir="0" index="2" bw="7" slack="0"/>
<pin id="480" dir="1" index="3" bw="7" slack="0"/>
</pin_list>
<bind>
<opcode="getelementptr(29) " fcode="getelementptr"/>
<opset="real_sample_5_addr_9/1 "/>
</bind>
</comp>

<comp id="484" class="1004" name="real_sample_6_addr_9_gep_fu_484">
<pin_list>
<pin id="485" dir="0" index="0" bw="32" slack="0"/>
<pin id="486" dir="0" index="1" bw="1" slack="0"/>
<pin id="487" dir="0" index="2" bw="7" slack="0"/>
<pin id="488" dir="1" index="3" bw="7" slack="0"/>
</pin_list>
<bind>
<opcode="getelementptr(29) " fcode="getelementptr"/>
<opset="real_sample_6_addr_9/1 "/>
</bind>
</comp>

<comp id="492" class="1004" name="real_sample_7_addr_9_gep_fu_492">
<pin_list>
<pin id="493" dir="0" index="0" bw="32" slack="0"/>
<pin id="494" dir="0" index="1" bw="1" slack="0"/>
<pin id="495" dir="0" index="2" bw="7" slack="0"/>
<pin id="496" dir="1" index="3" bw="7" slack="0"/>
</pin_list>
<bind>
<opcode="getelementptr(29) " fcode="getelementptr"/>
<opset="real_sample_7_addr_9/1 "/>
</bind>
</comp>

<comp id="500" class="1004" name="imag_sample_0_addr_9_gep_fu_500">
<pin_list>
<pin id="501" dir="0" index="0" bw="32" slack="0"/>
<pin id="502" dir="0" index="1" bw="1" slack="0"/>
<pin id="503" dir="0" index="2" bw="7" slack="0"/>
<pin id="504" dir="1" index="3" bw="7" slack="0"/>
</pin_list>
<bind>
<opcode="getelementptr(29) " fcode="getelementptr"/>
<opset="imag_sample_0_addr_9/1 "/>
</bind>
</comp>

<comp id="508" class="1004" name="imag_sample_1_addr_9_gep_fu_508">
<pin_list>
<pin id="509" dir="0" index="0" bw="32" slack="0"/>
<pin id="510" dir="0" index="1" bw="1" slack="0"/>
<pin id="511" dir="0" index="2" bw="7" slack="0"/>
<pin id="512" dir="1" index="3" bw="7" slack="0"/>
</pin_list>
<bind>
<opcode="getelementptr(29) " fcode="getelementptr"/>
<opset="imag_sample_1_addr_9/1 "/>
</bind>
</comp>

<comp id="516" class="1004" name="imag_sample_2_addr_9_gep_fu_516">
<pin_list>
<pin id="517" dir="0" index="0" bw="32" slack="0"/>
<pin id="518" dir="0" index="1" bw="1" slack="0"/>
<pin id="519" dir="0" index="2" bw="7" slack="0"/>
<pin id="520" dir="1" index="3" bw="7" slack="0"/>
</pin_list>
<bind>
<opcode="getelementptr(29) " fcode="getelementptr"/>
<opset="imag_sample_2_addr_9/1 "/>
</bind>
</comp>

<comp id="524" class="1004" name="imag_sample_3_addr_9_gep_fu_524">
<pin_list>
<pin id="525" dir="0" index="0" bw="32" slack="0"/>
<pin id="526" dir="0" index="1" bw="1" slack="0"/>
<pin id="527" dir="0" index="2" bw="7" slack="0"/>
<pin id="528" dir="1" index="3" bw="7" slack="0"/>
</pin_list>
<bind>
<opcode="getelementptr(29) " fcode="getelementptr"/>
<opset="imag_sample_3_addr_9/1 "/>
</bind>
</comp>

<comp id="532" class="1004" name="imag_sample_4_addr_9_gep_fu_532">
<pin_list>
<pin id="533" dir="0" index="0" bw="32" slack="0"/>
<pin id="534" dir="0" index="1" bw="1" slack="0"/>
<pin id="535" dir="0" index="2" bw="7" slack="0"/>
<pin id="536" dir="1" index="3" bw="7" slack="0"/>
</pin_list>
<bind>
<opcode="getelementptr(29) " fcode="getelementptr"/>
<opset="imag_sample_4_addr_9/1 "/>
</bind>
</comp>

<comp id="540" class="1004" name="imag_sample_5_addr_9_gep_fu_540">
<pin_list>
<pin id="541" dir="0" index="0" bw="32" slack="0"/>
<pin id="542" dir="0" index="1" bw="1" slack="0"/>
<pin id="543" dir="0" index="2" bw="7" slack="0"/>
<pin id="544" dir="1" index="3" bw="7" slack="0"/>
</pin_list>
<bind>
<opcode="getelementptr(29) " fcode="getelementptr"/>
<opset="imag_sample_5_addr_9/1 "/>
</bind>
</comp>

<comp id="548" class="1004" name="imag_sample_6_addr_9_gep_fu_548">
<pin_list>
<pin id="549" dir="0" index="0" bw="32" slack="0"/>
<pin id="550" dir="0" index="1" bw="1" slack="0"/>
<pin id="551" dir="0" index="2" bw="7" slack="0"/>
<pin id="552" dir="1" index="3" bw="7" slack="0"/>
</pin_list>
<bind>
<opcode="getelementptr(29) " fcode="getelementptr"/>
<opset="imag_sample_6_addr_9/1 "/>
</bind>
</comp>

<comp id="556" class="1004" name="imag_sample_7_addr_9_gep_fu_556">
<pin_list>
<pin id="557" dir="0" index="0" bw="32" slack="0"/>
<pin id="558" dir="0" index="1" bw="1" slack="0"/>
<pin id="559" dir="0" index="2" bw="7" slack="0"/>
<pin id="560" dir="1" index="3" bw="7" slack="0"/>
</pin_list>
<bind>
<opcode="getelementptr(29) " fcode="getelementptr"/>
<opset="imag_sample_7_addr_9/1 "/>
</bind>
</comp>

<comp id="564" class="1004" name="cos_coefficients_table_addr_8_gep_fu_564">
<pin_list>
<pin id="565" dir="0" index="0" bw="32" slack="0"/>
<pin id="566" dir="0" index="1" bw="1" slack="0"/>
<pin id="567" dir="0" index="2" bw="10" slack="0"/>
<pin id="568" dir="1" index="3" bw="10" slack="0"/>
</pin_list>
<bind>
<opcode="getelementptr(29) " fcode="getelementptr"/>
<opset="cos_coefficients_table_addr_8/2 "/>
</bind>
</comp>

<comp id="571" class="1004" name="grp_access_fu_571">
<pin_list>
<pin id="572" dir="0" index="0" bw="10" slack="0"/>
<pin id="573" dir="0" index="1" bw="32" slack="2147483647"/>
<pin id="574" dir="0" index="2" bw="0" slack="2147483647"/>
<pin id="575" dir="1" index="3" bw="32" slack="1"/>
</pin_list>
<bind>
<opcode="load(27) " fcode="load"/>
<opset="c/2 c_46/3 c_47/4 c_48/5 c_49/6 c_50/7 c_51/8 c_52/9 "/>
</bind>
</comp>

<comp id="577" class="1004" name="sin_coefficients_table_addr_8_gep_fu_577">
<pin_list>
<pin id="578" dir="0" index="0" bw="32" slack="0"/>
<pin id="579" dir="0" index="1" bw="1" slack="0"/>
<pin id="580" dir="0" index="2" bw="10" slack="0"/>
<pin id="581" dir="1" index="3" bw="10" slack="0"/>
</pin_list>
<bind>
<opcode="getelementptr(29) " fcode="getelementptr"/>
<opset="sin_coefficients_table_addr_8/2 "/>
</bind>
</comp>

<comp id="584" class="1004" name="grp_access_fu_584">
<pin_list>
<pin id="585" dir="0" index="0" bw="10" slack="0"/>
<pin id="586" dir="0" index="1" bw="32" slack="2147483647"/>
<pin id="587" dir="0" index="2" bw="0" slack="2147483647"/>
<pin id="588" dir="1" index="3" bw="32" slack="2"/>
</pin_list>
<bind>
<opcode="load(27) " fcode="load"/>
<opset="s/2 s_46/3 s_47/4 s_48/5 s_49/6 s_50/7 s_51/8 s_52/9 "/>
</bind>
</comp>

<comp id="590" class="1004" name="real_sample_0_addr_10_gep_fu_590">
<pin_list>
<pin id="591" dir="0" index="0" bw="32" slack="0"/>
<pin id="592" dir="0" index="1" bw="1" slack="0"/>
<pin id="593" dir="0" index="2" bw="7" slack="0"/>
<pin id="594" dir="1" index="3" bw="7" slack="0"/>
</pin_list>
<bind>
<opcode="getelementptr(29) " fcode="getelementptr"/>
<opset="real_sample_0_addr_10/2 "/>
</bind>
</comp>

<comp id="598" class="1004" name="real_sample_1_addr_10_gep_fu_598">
<pin_list>
<pin id="599" dir="0" index="0" bw="32" slack="0"/>
<pin id="600" dir="0" index="1" bw="1" slack="0"/>
<pin id="601" dir="0" index="2" bw="7" slack="0"/>
<pin id="602" dir="1" index="3" bw="7" slack="0"/>
</pin_list>
<bind>
<opcode="getelementptr(29) " fcode="getelementptr"/>
<opset="real_sample_1_addr_10/2 "/>
</bind>
</comp>

<comp id="606" class="1004" name="real_sample_2_addr_10_gep_fu_606">
<pin_list>
<pin id="607" dir="0" index="0" bw="32" slack="0"/>
<pin id="608" dir="0" index="1" bw="1" slack="0"/>
<pin id="609" dir="0" index="2" bw="7" slack="0"/>
<pin id="610" dir="1" index="3" bw="7" slack="0"/>
</pin_list>
<bind>
<opcode="getelementptr(29) " fcode="getelementptr"/>
<opset="real_sample_2_addr_10/2 "/>
</bind>
</comp>

<comp id="614" class="1004" name="real_sample_3_addr_10_gep_fu_614">
<pin_list>
<pin id="615" dir="0" index="0" bw="32" slack="0"/>
<pin id="616" dir="0" index="1" bw="1" slack="0"/>
<pin id="617" dir="0" index="2" bw="7" slack="0"/>
<pin id="618" dir="1" index="3" bw="7" slack="0"/>
</pin_list>
<bind>
<opcode="getelementptr(29) " fcode="getelementptr"/>
<opset="real_sample_3_addr_10/2 "/>
</bind>
</comp>

<comp id="622" class="1004" name="real_sample_4_addr_10_gep_fu_622">
<pin_list>
<pin id="623" dir="0" index="0" bw="32" slack="0"/>
<pin id="624" dir="0" index="1" bw="1" slack="0"/>
<pin id="625" dir="0" index="2" bw="7" slack="0"/>
<pin id="626" dir="1" index="3" bw="7" slack="0"/>
</pin_list>
<bind>
<opcode="getelementptr(29) " fcode="getelementptr"/>
<opset="real_sample_4_addr_10/2 "/>
</bind>
</comp>

<comp id="630" class="1004" name="real_sample_5_addr_10_gep_fu_630">
<pin_list>
<pin id="631" dir="0" index="0" bw="32" slack="0"/>
<pin id="632" dir="0" index="1" bw="1" slack="0"/>
<pin id="633" dir="0" index="2" bw="7" slack="0"/>
<pin id="634" dir="1" index="3" bw="7" slack="0"/>
</pin_list>
<bind>
<opcode="getelementptr(29) " fcode="getelementptr"/>
<opset="real_sample_5_addr_10/2 "/>
</bind>
</comp>

<comp id="638" class="1004" name="real_sample_6_addr_10_gep_fu_638">
<pin_list>
<pin id="639" dir="0" index="0" bw="32" slack="0"/>
<pin id="640" dir="0" index="1" bw="1" slack="0"/>
<pin id="641" dir="0" index="2" bw="7" slack="0"/>
<pin id="642" dir="1" index="3" bw="7" slack="0"/>
</pin_list>
<bind>
<opcode="getelementptr(29) " fcode="getelementptr"/>
<opset="real_sample_6_addr_10/2 "/>
</bind>
</comp>

<comp id="646" class="1004" name="real_sample_7_addr_10_gep_fu_646">
<pin_list>
<pin id="647" dir="0" index="0" bw="32" slack="0"/>
<pin id="648" dir="0" index="1" bw="1" slack="0"/>
<pin id="649" dir="0" index="2" bw="7" slack="0"/>
<pin id="650" dir="1" index="3" bw="7" slack="0"/>
</pin_list>
<bind>
<opcode="getelementptr(29) " fcode="getelementptr"/>
<opset="real_sample_7_addr_10/2 "/>
</bind>
</comp>

<comp id="654" class="1004" name="imag_sample_0_addr_10_gep_fu_654">
<pin_list>
<pin id="655" dir="0" index="0" bw="32" slack="0"/>
<pin id="656" dir="0" index="1" bw="1" slack="0"/>
<pin id="657" dir="0" index="2" bw="7" slack="0"/>
<pin id="658" dir="1" index="3" bw="7" slack="0"/>
</pin_list>
<bind>
<opcode="getelementptr(29) " fcode="getelementptr"/>
<opset="imag_sample_0_addr_10/2 "/>
</bind>
</comp>

<comp id="662" class="1004" name="imag_sample_1_addr_10_gep_fu_662">
<pin_list>
<pin id="663" dir="0" index="0" bw="32" slack="0"/>
<pin id="664" dir="0" index="1" bw="1" slack="0"/>
<pin id="665" dir="0" index="2" bw="7" slack="0"/>
<pin id="666" dir="1" index="3" bw="7" slack="0"/>
</pin_list>
<bind>
<opcode="getelementptr(29) " fcode="getelementptr"/>
<opset="imag_sample_1_addr_10/2 "/>
</bind>
</comp>

<comp id="670" class="1004" name="imag_sample_2_addr_10_gep_fu_670">
<pin_list>
<pin id="671" dir="0" index="0" bw="32" slack="0"/>
<pin id="672" dir="0" index="1" bw="1" slack="0"/>
<pin id="673" dir="0" index="2" bw="7" slack="0"/>
<pin id="674" dir="1" index="3" bw="7" slack="0"/>
</pin_list>
<bind>
<opcode="getelementptr(29) " fcode="getelementptr"/>
<opset="imag_sample_2_addr_10/2 "/>
</bind>
</comp>

<comp id="678" class="1004" name="imag_sample_3_addr_10_gep_fu_678">
<pin_list>
<pin id="679" dir="0" index="0" bw="32" slack="0"/>
<pin id="680" dir="0" index="1" bw="1" slack="0"/>
<pin id="681" dir="0" index="2" bw="7" slack="0"/>
<pin id="682" dir="1" index="3" bw="7" slack="0"/>
</pin_list>
<bind>
<opcode="getelementptr(29) " fcode="getelementptr"/>
<opset="imag_sample_3_addr_10/2 "/>
</bind>
</comp>

<comp id="686" class="1004" name="imag_sample_4_addr_10_gep_fu_686">
<pin_list>
<pin id="687" dir="0" index="0" bw="32" slack="0"/>
<pin id="688" dir="0" index="1" bw="1" slack="0"/>
<pin id="689" dir="0" index="2" bw="7" slack="0"/>
<pin id="690" dir="1" index="3" bw="7" slack="0"/>
</pin_list>
<bind>
<opcode="getelementptr(29) " fcode="getelementptr"/>
<opset="imag_sample_4_addr_10/2 "/>
</bind>
</comp>

<comp id="694" class="1004" name="imag_sample_5_addr_10_gep_fu_694">
<pin_list>
<pin id="695" dir="0" index="0" bw="32" slack="0"/>
<pin id="696" dir="0" index="1" bw="1" slack="0"/>
<pin id="697" dir="0" index="2" bw="7" slack="0"/>
<pin id="698" dir="1" index="3" bw="7" slack="0"/>
</pin_list>
<bind>
<opcode="getelementptr(29) " fcode="getelementptr"/>
<opset="imag_sample_5_addr_10/2 "/>
</bind>
</comp>

<comp id="702" class="1004" name="imag_sample_6_addr_10_gep_fu_702">
<pin_list>
<pin id="703" dir="0" index="0" bw="32" slack="0"/>
<pin id="704" dir="0" index="1" bw="1" slack="0"/>
<pin id="705" dir="0" index="2" bw="7" slack="0"/>
<pin id="706" dir="1" index="3" bw="7" slack="0"/>
</pin_list>
<bind>
<opcode="getelementptr(29) " fcode="getelementptr"/>
<opset="imag_sample_6_addr_10/2 "/>
</bind>
</comp>

<comp id="710" class="1004" name="imag_sample_7_addr_10_gep_fu_710">
<pin_list>
<pin id="711" dir="0" index="0" bw="32" slack="0"/>
<pin id="712" dir="0" index="1" bw="1" slack="0"/>
<pin id="713" dir="0" index="2" bw="7" slack="0"/>
<pin id="714" dir="1" index="3" bw="7" slack="0"/>
</pin_list>
<bind>
<opcode="getelementptr(29) " fcode="getelementptr"/>
<opset="imag_sample_7_addr_10/2 "/>
</bind>
</comp>

<comp id="718" class="1004" name="real_sample_0_addr_11_gep_fu_718">
<pin_list>
<pin id="719" dir="0" index="0" bw="32" slack="0"/>
<pin id="720" dir="0" index="1" bw="1" slack="0"/>
<pin id="721" dir="0" index="2" bw="7" slack="0"/>
<pin id="722" dir="1" index="3" bw="7" slack="0"/>
</pin_list>
<bind>
<opcode="getelementptr(29) " fcode="getelementptr"/>
<opset="real_sample_0_addr_11/2 "/>
</bind>
</comp>

<comp id="726" class="1004" name="real_sample_1_addr_11_gep_fu_726">
<pin_list>
<pin id="727" dir="0" index="0" bw="32" slack="0"/>
<pin id="728" dir="0" index="1" bw="1" slack="0"/>
<pin id="729" dir="0" index="2" bw="7" slack="0"/>
<pin id="730" dir="1" index="3" bw="7" slack="0"/>
</pin_list>
<bind>
<opcode="getelementptr(29) " fcode="getelementptr"/>
<opset="real_sample_1_addr_11/2 "/>
</bind>
</comp>

<comp id="734" class="1004" name="real_sample_2_addr_11_gep_fu_734">
<pin_list>
<pin id="735" dir="0" index="0" bw="32" slack="0"/>
<pin id="736" dir="0" index="1" bw="1" slack="0"/>
<pin id="737" dir="0" index="2" bw="7" slack="0"/>
<pin id="738" dir="1" index="3" bw="7" slack="0"/>
</pin_list>
<bind>
<opcode="getelementptr(29) " fcode="getelementptr"/>
<opset="real_sample_2_addr_11/2 "/>
</bind>
</comp>

<comp id="742" class="1004" name="real_sample_3_addr_11_gep_fu_742">
<pin_list>
<pin id="743" dir="0" index="0" bw="32" slack="0"/>
<pin id="744" dir="0" index="1" bw="1" slack="0"/>
<pin id="745" dir="0" index="2" bw="7" slack="0"/>
<pin id="746" dir="1" index="3" bw="7" slack="0"/>
</pin_list>
<bind>
<opcode="getelementptr(29) " fcode="getelementptr"/>
<opset="real_sample_3_addr_11/2 "/>
</bind>
</comp>

<comp id="750" class="1004" name="real_sample_4_addr_11_gep_fu_750">
<pin_list>
<pin id="751" dir="0" index="0" bw="32" slack="0"/>
<pin id="752" dir="0" index="1" bw="1" slack="0"/>
<pin id="753" dir="0" index="2" bw="7" slack="0"/>
<pin id="754" dir="1" index="3" bw="7" slack="0"/>
</pin_list>
<bind>
<opcode="getelementptr(29) " fcode="getelementptr"/>
<opset="real_sample_4_addr_11/2 "/>
</bind>
</comp>

<comp id="758" class="1004" name="real_sample_5_addr_11_gep_fu_758">
<pin_list>
<pin id="759" dir="0" index="0" bw="32" slack="0"/>
<pin id="760" dir="0" index="1" bw="1" slack="0"/>
<pin id="761" dir="0" index="2" bw="7" slack="0"/>
<pin id="762" dir="1" index="3" bw="7" slack="0"/>
</pin_list>
<bind>
<opcode="getelementptr(29) " fcode="getelementptr"/>
<opset="real_sample_5_addr_11/2 "/>
</bind>
</comp>

<comp id="766" class="1004" name="real_sample_6_addr_11_gep_fu_766">
<pin_list>
<pin id="767" dir="0" index="0" bw="32" slack="0"/>
<pin id="768" dir="0" index="1" bw="1" slack="0"/>
<pin id="769" dir="0" index="2" bw="7" slack="0"/>
<pin id="770" dir="1" index="3" bw="7" slack="0"/>
</pin_list>
<bind>
<opcode="getelementptr(29) " fcode="getelementptr"/>
<opset="real_sample_6_addr_11/2 "/>
</bind>
</comp>

<comp id="774" class="1004" name="real_sample_7_addr_11_gep_fu_774">
<pin_list>
<pin id="775" dir="0" index="0" bw="32" slack="0"/>
<pin id="776" dir="0" index="1" bw="1" slack="0"/>
<pin id="777" dir="0" index="2" bw="7" slack="0"/>
<pin id="778" dir="1" index="3" bw="7" slack="0"/>
</pin_list>
<bind>
<opcode="getelementptr(29) " fcode="getelementptr"/>
<opset="real_sample_7_addr_11/2 "/>
</bind>
</comp>

<comp id="782" class="1004" name="imag_sample_0_addr_11_gep_fu_782">
<pin_list>
<pin id="783" dir="0" index="0" bw="32" slack="0"/>
<pin id="784" dir="0" index="1" bw="1" slack="0"/>
<pin id="785" dir="0" index="2" bw="7" slack="0"/>
<pin id="786" dir="1" index="3" bw="7" slack="0"/>
</pin_list>
<bind>
<opcode="getelementptr(29) " fcode="getelementptr"/>
<opset="imag_sample_0_addr_11/2 "/>
</bind>
</comp>

<comp id="790" class="1004" name="imag_sample_1_addr_11_gep_fu_790">
<pin_list>
<pin id="791" dir="0" index="0" bw="32" slack="0"/>
<pin id="792" dir="0" index="1" bw="1" slack="0"/>
<pin id="793" dir="0" index="2" bw="7" slack="0"/>
<pin id="794" dir="1" index="3" bw="7" slack="0"/>
</pin_list>
<bind>
<opcode="getelementptr(29) " fcode="getelementptr"/>
<opset="imag_sample_1_addr_11/2 "/>
</bind>
</comp>

<comp id="798" class="1004" name="imag_sample_2_addr_11_gep_fu_798">
<pin_list>
<pin id="799" dir="0" index="0" bw="32" slack="0"/>
<pin id="800" dir="0" index="1" bw="1" slack="0"/>
<pin id="801" dir="0" index="2" bw="7" slack="0"/>
<pin id="802" dir="1" index="3" bw="7" slack="0"/>
</pin_list>
<bind>
<opcode="getelementptr(29) " fcode="getelementptr"/>
<opset="imag_sample_2_addr_11/2 "/>
</bind>
</comp>

<comp id="806" class="1004" name="imag_sample_3_addr_11_gep_fu_806">
<pin_list>
<pin id="807" dir="0" index="0" bw="32" slack="0"/>
<pin id="808" dir="0" index="1" bw="1" slack="0"/>
<pin id="809" dir="0" index="2" bw="7" slack="0"/>
<pin id="810" dir="1" index="3" bw="7" slack="0"/>
</pin_list>
<bind>
<opcode="getelementptr(29) " fcode="getelementptr"/>
<opset="imag_sample_3_addr_11/2 "/>
</bind>
</comp>

<comp id="814" class="1004" name="imag_sample_4_addr_11_gep_fu_814">
<pin_list>
<pin id="815" dir="0" index="0" bw="32" slack="0"/>
<pin id="816" dir="0" index="1" bw="1" slack="0"/>
<pin id="817" dir="0" index="2" bw="7" slack="0"/>
<pin id="818" dir="1" index="3" bw="7" slack="0"/>
</pin_list>
<bind>
<opcode="getelementptr(29) " fcode="getelementptr"/>
<opset="imag_sample_4_addr_11/2 "/>
</bind>
</comp>

<comp id="822" class="1004" name="imag_sample_5_addr_11_gep_fu_822">
<pin_list>
<pin id="823" dir="0" index="0" bw="32" slack="0"/>
<pin id="824" dir="0" index="1" bw="1" slack="0"/>
<pin id="825" dir="0" index="2" bw="7" slack="0"/>
<pin id="826" dir="1" index="3" bw="7" slack="0"/>
</pin_list>
<bind>
<opcode="getelementptr(29) " fcode="getelementptr"/>
<opset="imag_sample_5_addr_11/2 "/>
</bind>
</comp>

<comp id="830" class="1004" name="imag_sample_6_addr_11_gep_fu_830">
<pin_list>
<pin id="831" dir="0" index="0" bw="32" slack="0"/>
<pin id="832" dir="0" index="1" bw="1" slack="0"/>
<pin id="833" dir="0" index="2" bw="7" slack="0"/>
<pin id="834" dir="1" index="3" bw="7" slack="0"/>
</pin_list>
<bind>
<opcode="getelementptr(29) " fcode="getelementptr"/>
<opset="imag_sample_6_addr_11/2 "/>
</bind>
</comp>

<comp id="838" class="1004" name="imag_sample_7_addr_11_gep_fu_838">
<pin_list>
<pin id="839" dir="0" index="0" bw="32" slack="0"/>
<pin id="840" dir="0" index="1" bw="1" slack="0"/>
<pin id="841" dir="0" index="2" bw="7" slack="0"/>
<pin id="842" dir="1" index="3" bw="7" slack="0"/>
</pin_list>
<bind>
<opcode="getelementptr(29) " fcode="getelementptr"/>
<opset="imag_sample_7_addr_11/2 "/>
</bind>
</comp>

<comp id="846" class="1004" name="cos_coefficients_table_addr_9_gep_fu_846">
<pin_list>
<pin id="847" dir="0" index="0" bw="32" slack="0"/>
<pin id="848" dir="0" index="1" bw="1" slack="0"/>
<pin id="849" dir="0" index="2" bw="10" slack="0"/>
<pin id="850" dir="1" index="3" bw="10" slack="0"/>
</pin_list>
<bind>
<opcode="getelementptr(29) " fcode="getelementptr"/>
<opset="cos_coefficients_table_addr_9/3 "/>
</bind>
</comp>

<comp id="854" class="1004" name="sin_coefficients_table_addr_9_gep_fu_854">
<pin_list>
<pin id="855" dir="0" index="0" bw="32" slack="0"/>
<pin id="856" dir="0" index="1" bw="1" slack="0"/>
<pin id="857" dir="0" index="2" bw="10" slack="0"/>
<pin id="858" dir="1" index="3" bw="10" slack="0"/>
</pin_list>
<bind>
<opcode="getelementptr(29) " fcode="getelementptr"/>
<opset="sin_coefficients_table_addr_9/3 "/>
</bind>
</comp>

<comp id="862" class="1004" name="real_sample_0_addr_12_gep_fu_862">
<pin_list>
<pin id="863" dir="0" index="0" bw="32" slack="0"/>
<pin id="864" dir="0" index="1" bw="1" slack="0"/>
<pin id="865" dir="0" index="2" bw="7" slack="0"/>
<pin id="866" dir="1" index="3" bw="7" slack="0"/>
</pin_list>
<bind>
<opcode="getelementptr(29) " fcode="getelementptr"/>
<opset="real_sample_0_addr_12/3 "/>
</bind>
</comp>

<comp id="870" class="1004" name="real_sample_1_addr_12_gep_fu_870">
<pin_list>
<pin id="871" dir="0" index="0" bw="32" slack="0"/>
<pin id="872" dir="0" index="1" bw="1" slack="0"/>
<pin id="873" dir="0" index="2" bw="7" slack="0"/>
<pin id="874" dir="1" index="3" bw="7" slack="0"/>
</pin_list>
<bind>
<opcode="getelementptr(29) " fcode="getelementptr"/>
<opset="real_sample_1_addr_12/3 "/>
</bind>
</comp>

<comp id="878" class="1004" name="real_sample_2_addr_12_gep_fu_878">
<pin_list>
<pin id="879" dir="0" index="0" bw="32" slack="0"/>
<pin id="880" dir="0" index="1" bw="1" slack="0"/>
<pin id="881" dir="0" index="2" bw="7" slack="0"/>
<pin id="882" dir="1" index="3" bw="7" slack="0"/>
</pin_list>
<bind>
<opcode="getelementptr(29) " fcode="getelementptr"/>
<opset="real_sample_2_addr_12/3 "/>
</bind>
</comp>

<comp id="886" class="1004" name="real_sample_3_addr_12_gep_fu_886">
<pin_list>
<pin id="887" dir="0" index="0" bw="32" slack="0"/>
<pin id="888" dir="0" index="1" bw="1" slack="0"/>
<pin id="889" dir="0" index="2" bw="7" slack="0"/>
<pin id="890" dir="1" index="3" bw="7" slack="0"/>
</pin_list>
<bind>
<opcode="getelementptr(29) " fcode="getelementptr"/>
<opset="real_sample_3_addr_12/3 "/>
</bind>
</comp>

<comp id="894" class="1004" name="real_sample_4_addr_12_gep_fu_894">
<pin_list>
<pin id="895" dir="0" index="0" bw="32" slack="0"/>
<pin id="896" dir="0" index="1" bw="1" slack="0"/>
<pin id="897" dir="0" index="2" bw="7" slack="0"/>
<pin id="898" dir="1" index="3" bw="7" slack="0"/>
</pin_list>
<bind>
<opcode="getelementptr(29) " fcode="getelementptr"/>
<opset="real_sample_4_addr_12/3 "/>
</bind>
</comp>

<comp id="902" class="1004" name="real_sample_5_addr_12_gep_fu_902">
<pin_list>
<pin id="903" dir="0" index="0" bw="32" slack="0"/>
<pin id="904" dir="0" index="1" bw="1" slack="0"/>
<pin id="905" dir="0" index="2" bw="7" slack="0"/>
<pin id="906" dir="1" index="3" bw="7" slack="0"/>
</pin_list>
<bind>
<opcode="getelementptr(29) " fcode="getelementptr"/>
<opset="real_sample_5_addr_12/3 "/>
</bind>
</comp>

<comp id="910" class="1004" name="real_sample_6_addr_12_gep_fu_910">
<pin_list>
<pin id="911" dir="0" index="0" bw="32" slack="0"/>
<pin id="912" dir="0" index="1" bw="1" slack="0"/>
<pin id="913" dir="0" index="2" bw="7" slack="0"/>
<pin id="914" dir="1" index="3" bw="7" slack="0"/>
</pin_list>
<bind>
<opcode="getelementptr(29) " fcode="getelementptr"/>
<opset="real_sample_6_addr_12/3 "/>
</bind>
</comp>

<comp id="918" class="1004" name="real_sample_7_addr_12_gep_fu_918">
<pin_list>
<pin id="919" dir="0" index="0" bw="32" slack="0"/>
<pin id="920" dir="0" index="1" bw="1" slack="0"/>
<pin id="921" dir="0" index="2" bw="7" slack="0"/>
<pin id="922" dir="1" index="3" bw="7" slack="0"/>
</pin_list>
<bind>
<opcode="getelementptr(29) " fcode="getelementptr"/>
<opset="real_sample_7_addr_12/3 "/>
</bind>
</comp>

<comp id="926" class="1004" name="imag_sample_0_addr_12_gep_fu_926">
<pin_list>
<pin id="927" dir="0" index="0" bw="32" slack="0"/>
<pin id="928" dir="0" index="1" bw="1" slack="0"/>
<pin id="929" dir="0" index="2" bw="7" slack="0"/>
<pin id="930" dir="1" index="3" bw="7" slack="0"/>
</pin_list>
<bind>
<opcode="getelementptr(29) " fcode="getelementptr"/>
<opset="imag_sample_0_addr_12/3 "/>
</bind>
</comp>

<comp id="934" class="1004" name="imag_sample_1_addr_12_gep_fu_934">
<pin_list>
<pin id="935" dir="0" index="0" bw="32" slack="0"/>
<pin id="936" dir="0" index="1" bw="1" slack="0"/>
<pin id="937" dir="0" index="2" bw="7" slack="0"/>
<pin id="938" dir="1" index="3" bw="7" slack="0"/>
</pin_list>
<bind>
<opcode="getelementptr(29) " fcode="getelementptr"/>
<opset="imag_sample_1_addr_12/3 "/>
</bind>
</comp>

<comp id="942" class="1004" name="imag_sample_2_addr_12_gep_fu_942">
<pin_list>
<pin id="943" dir="0" index="0" bw="32" slack="0"/>
<pin id="944" dir="0" index="1" bw="1" slack="0"/>
<pin id="945" dir="0" index="2" bw="7" slack="0"/>
<pin id="946" dir="1" index="3" bw="7" slack="0"/>
</pin_list>
<bind>
<opcode="getelementptr(29) " fcode="getelementptr"/>
<opset="imag_sample_2_addr_12/3 "/>
</bind>
</comp>

<comp id="950" class="1004" name="imag_sample_3_addr_12_gep_fu_950">
<pin_list>
<pin id="951" dir="0" index="0" bw="32" slack="0"/>
<pin id="952" dir="0" index="1" bw="1" slack="0"/>
<pin id="953" dir="0" index="2" bw="7" slack="0"/>
<pin id="954" dir="1" index="3" bw="7" slack="0"/>
</pin_list>
<bind>
<opcode="getelementptr(29) " fcode="getelementptr"/>
<opset="imag_sample_3_addr_12/3 "/>
</bind>
</comp>

<comp id="958" class="1004" name="imag_sample_4_addr_12_gep_fu_958">
<pin_list>
<pin id="959" dir="0" index="0" bw="32" slack="0"/>
<pin id="960" dir="0" index="1" bw="1" slack="0"/>
<pin id="961" dir="0" index="2" bw="7" slack="0"/>
<pin id="962" dir="1" index="3" bw="7" slack="0"/>
</pin_list>
<bind>
<opcode="getelementptr(29) " fcode="getelementptr"/>
<opset="imag_sample_4_addr_12/3 "/>
</bind>
</comp>

<comp id="966" class="1004" name="imag_sample_5_addr_12_gep_fu_966">
<pin_list>
<pin id="967" dir="0" index="0" bw="32" slack="0"/>
<pin id="968" dir="0" index="1" bw="1" slack="0"/>
<pin id="969" dir="0" index="2" bw="7" slack="0"/>
<pin id="970" dir="1" index="3" bw="7" slack="0"/>
</pin_list>
<bind>
<opcode="getelementptr(29) " fcode="getelementptr"/>
<opset="imag_sample_5_addr_12/3 "/>
</bind>
</comp>

<comp id="974" class="1004" name="imag_sample_6_addr_12_gep_fu_974">
<pin_list>
<pin id="975" dir="0" index="0" bw="32" slack="0"/>
<pin id="976" dir="0" index="1" bw="1" slack="0"/>
<pin id="977" dir="0" index="2" bw="7" slack="0"/>
<pin id="978" dir="1" index="3" bw="7" slack="0"/>
</pin_list>
<bind>
<opcode="getelementptr(29) " fcode="getelementptr"/>
<opset="imag_sample_6_addr_12/3 "/>
</bind>
</comp>

<comp id="982" class="1004" name="imag_sample_7_addr_12_gep_fu_982">
<pin_list>
<pin id="983" dir="0" index="0" bw="32" slack="0"/>
<pin id="984" dir="0" index="1" bw="1" slack="0"/>
<pin id="985" dir="0" index="2" bw="7" slack="0"/>
<pin id="986" dir="1" index="3" bw="7" slack="0"/>
</pin_list>
<bind>
<opcode="getelementptr(29) " fcode="getelementptr"/>
<opset="imag_sample_7_addr_12/3 "/>
</bind>
</comp>

<comp id="990" class="1004" name="real_sample_0_addr_13_gep_fu_990">
<pin_list>
<pin id="991" dir="0" index="0" bw="32" slack="0"/>
<pin id="992" dir="0" index="1" bw="1" slack="0"/>
<pin id="993" dir="0" index="2" bw="7" slack="0"/>
<pin id="994" dir="1" index="3" bw="7" slack="0"/>
</pin_list>
<bind>
<opcode="getelementptr(29) " fcode="getelementptr"/>
<opset="real_sample_0_addr_13/3 "/>
</bind>
</comp>

<comp id="998" class="1004" name="real_sample_1_addr_13_gep_fu_998">
<pin_list>
<pin id="999" dir="0" index="0" bw="32" slack="0"/>
<pin id="1000" dir="0" index="1" bw="1" slack="0"/>
<pin id="1001" dir="0" index="2" bw="7" slack="0"/>
<pin id="1002" dir="1" index="3" bw="7" slack="0"/>
</pin_list>
<bind>
<opcode="getelementptr(29) " fcode="getelementptr"/>
<opset="real_sample_1_addr_13/3 "/>
</bind>
</comp>

<comp id="1006" class="1004" name="real_sample_2_addr_13_gep_fu_1006">
<pin_list>
<pin id="1007" dir="0" index="0" bw="32" slack="0"/>
<pin id="1008" dir="0" index="1" bw="1" slack="0"/>
<pin id="1009" dir="0" index="2" bw="7" slack="0"/>
<pin id="1010" dir="1" index="3" bw="7" slack="0"/>
</pin_list>
<bind>
<opcode="getelementptr(29) " fcode="getelementptr"/>
<opset="real_sample_2_addr_13/3 "/>
</bind>
</comp>

<comp id="1014" class="1004" name="real_sample_3_addr_13_gep_fu_1014">
<pin_list>
<pin id="1015" dir="0" index="0" bw="32" slack="0"/>
<pin id="1016" dir="0" index="1" bw="1" slack="0"/>
<pin id="1017" dir="0" index="2" bw="7" slack="0"/>
<pin id="1018" dir="1" index="3" bw="7" slack="0"/>
</pin_list>
<bind>
<opcode="getelementptr(29) " fcode="getelementptr"/>
<opset="real_sample_3_addr_13/3 "/>
</bind>
</comp>

<comp id="1022" class="1004" name="real_sample_4_addr_13_gep_fu_1022">
<pin_list>
<pin id="1023" dir="0" index="0" bw="32" slack="0"/>
<pin id="1024" dir="0" index="1" bw="1" slack="0"/>
<pin id="1025" dir="0" index="2" bw="7" slack="0"/>
<pin id="1026" dir="1" index="3" bw="7" slack="0"/>
</pin_list>
<bind>
<opcode="getelementptr(29) " fcode="getelementptr"/>
<opset="real_sample_4_addr_13/3 "/>
</bind>
</comp>

<comp id="1030" class="1004" name="real_sample_5_addr_13_gep_fu_1030">
<pin_list>
<pin id="1031" dir="0" index="0" bw="32" slack="0"/>
<pin id="1032" dir="0" index="1" bw="1" slack="0"/>
<pin id="1033" dir="0" index="2" bw="7" slack="0"/>
<pin id="1034" dir="1" index="3" bw="7" slack="0"/>
</pin_list>
<bind>
<opcode="getelementptr(29) " fcode="getelementptr"/>
<opset="real_sample_5_addr_13/3 "/>
</bind>
</comp>

<comp id="1038" class="1004" name="real_sample_6_addr_13_gep_fu_1038">
<pin_list>
<pin id="1039" dir="0" index="0" bw="32" slack="0"/>
<pin id="1040" dir="0" index="1" bw="1" slack="0"/>
<pin id="1041" dir="0" index="2" bw="7" slack="0"/>
<pin id="1042" dir="1" index="3" bw="7" slack="0"/>
</pin_list>
<bind>
<opcode="getelementptr(29) " fcode="getelementptr"/>
<opset="real_sample_6_addr_13/3 "/>
</bind>
</comp>

<comp id="1046" class="1004" name="real_sample_7_addr_13_gep_fu_1046">
<pin_list>
<pin id="1047" dir="0" index="0" bw="32" slack="0"/>
<pin id="1048" dir="0" index="1" bw="1" slack="0"/>
<pin id="1049" dir="0" index="2" bw="7" slack="0"/>
<pin id="1050" dir="1" index="3" bw="7" slack="0"/>
</pin_list>
<bind>
<opcode="getelementptr(29) " fcode="getelementptr"/>
<opset="real_sample_7_addr_13/3 "/>
</bind>
</comp>

<comp id="1054" class="1004" name="imag_sample_0_addr_13_gep_fu_1054">
<pin_list>
<pin id="1055" dir="0" index="0" bw="32" slack="0"/>
<pin id="1056" dir="0" index="1" bw="1" slack="0"/>
<pin id="1057" dir="0" index="2" bw="7" slack="0"/>
<pin id="1058" dir="1" index="3" bw="7" slack="0"/>
</pin_list>
<bind>
<opcode="getelementptr(29) " fcode="getelementptr"/>
<opset="imag_sample_0_addr_13/3 "/>
</bind>
</comp>

<comp id="1062" class="1004" name="imag_sample_1_addr_13_gep_fu_1062">
<pin_list>
<pin id="1063" dir="0" index="0" bw="32" slack="0"/>
<pin id="1064" dir="0" index="1" bw="1" slack="0"/>
<pin id="1065" dir="0" index="2" bw="7" slack="0"/>
<pin id="1066" dir="1" index="3" bw="7" slack="0"/>
</pin_list>
<bind>
<opcode="getelementptr(29) " fcode="getelementptr"/>
<opset="imag_sample_1_addr_13/3 "/>
</bind>
</comp>

<comp id="1070" class="1004" name="imag_sample_2_addr_13_gep_fu_1070">
<pin_list>
<pin id="1071" dir="0" index="0" bw="32" slack="0"/>
<pin id="1072" dir="0" index="1" bw="1" slack="0"/>
<pin id="1073" dir="0" index="2" bw="7" slack="0"/>
<pin id="1074" dir="1" index="3" bw="7" slack="0"/>
</pin_list>
<bind>
<opcode="getelementptr(29) " fcode="getelementptr"/>
<opset="imag_sample_2_addr_13/3 "/>
</bind>
</comp>

<comp id="1078" class="1004" name="imag_sample_3_addr_13_gep_fu_1078">
<pin_list>
<pin id="1079" dir="0" index="0" bw="32" slack="0"/>
<pin id="1080" dir="0" index="1" bw="1" slack="0"/>
<pin id="1081" dir="0" index="2" bw="7" slack="0"/>
<pin id="1082" dir="1" index="3" bw="7" slack="0"/>
</pin_list>
<bind>
<opcode="getelementptr(29) " fcode="getelementptr"/>
<opset="imag_sample_3_addr_13/3 "/>
</bind>
</comp>

<comp id="1086" class="1004" name="imag_sample_4_addr_13_gep_fu_1086">
<pin_list>
<pin id="1087" dir="0" index="0" bw="32" slack="0"/>
<pin id="1088" dir="0" index="1" bw="1" slack="0"/>
<pin id="1089" dir="0" index="2" bw="7" slack="0"/>
<pin id="1090" dir="1" index="3" bw="7" slack="0"/>
</pin_list>
<bind>
<opcode="getelementptr(29) " fcode="getelementptr"/>
<opset="imag_sample_4_addr_13/3 "/>
</bind>
</comp>

<comp id="1094" class="1004" name="imag_sample_5_addr_13_gep_fu_1094">
<pin_list>
<pin id="1095" dir="0" index="0" bw="32" slack="0"/>
<pin id="1096" dir="0" index="1" bw="1" slack="0"/>
<pin id="1097" dir="0" index="2" bw="7" slack="0"/>
<pin id="1098" dir="1" index="3" bw="7" slack="0"/>
</pin_list>
<bind>
<opcode="getelementptr(29) " fcode="getelementptr"/>
<opset="imag_sample_5_addr_13/3 "/>
</bind>
</comp>

<comp id="1102" class="1004" name="imag_sample_6_addr_13_gep_fu_1102">
<pin_list>
<pin id="1103" dir="0" index="0" bw="32" slack="0"/>
<pin id="1104" dir="0" index="1" bw="1" slack="0"/>
<pin id="1105" dir="0" index="2" bw="7" slack="0"/>
<pin id="1106" dir="1" index="3" bw="7" slack="0"/>
</pin_list>
<bind>
<opcode="getelementptr(29) " fcode="getelementptr"/>
<opset="imag_sample_6_addr_13/3 "/>
</bind>
</comp>

<comp id="1110" class="1004" name="imag_sample_7_addr_13_gep_fu_1110">
<pin_list>
<pin id="1111" dir="0" index="0" bw="32" slack="0"/>
<pin id="1112" dir="0" index="1" bw="1" slack="0"/>
<pin id="1113" dir="0" index="2" bw="7" slack="0"/>
<pin id="1114" dir="1" index="3" bw="7" slack="0"/>
</pin_list>
<bind>
<opcode="getelementptr(29) " fcode="getelementptr"/>
<opset="imag_sample_7_addr_13/3 "/>
</bind>
</comp>

<comp id="1118" class="1004" name="cos_coefficients_table_addr_10_gep_fu_1118">
<pin_list>
<pin id="1119" dir="0" index="0" bw="32" slack="0"/>
<pin id="1120" dir="0" index="1" bw="1" slack="0"/>
<pin id="1121" dir="0" index="2" bw="10" slack="0"/>
<pin id="1122" dir="1" index="3" bw="10" slack="0"/>
</pin_list>
<bind>
<opcode="getelementptr(29) " fcode="getelementptr"/>
<opset="cos_coefficients_table_addr_10/4 "/>
</bind>
</comp>

<comp id="1126" class="1004" name="sin_coefficients_table_addr_10_gep_fu_1126">
<pin_list>
<pin id="1127" dir="0" index="0" bw="32" slack="0"/>
<pin id="1128" dir="0" index="1" bw="1" slack="0"/>
<pin id="1129" dir="0" index="2" bw="10" slack="0"/>
<pin id="1130" dir="1" index="3" bw="10" slack="0"/>
</pin_list>
<bind>
<opcode="getelementptr(29) " fcode="getelementptr"/>
<opset="sin_coefficients_table_addr_10/4 "/>
</bind>
</comp>

<comp id="1134" class="1004" name="real_sample_0_addr_14_gep_fu_1134">
<pin_list>
<pin id="1135" dir="0" index="0" bw="32" slack="0"/>
<pin id="1136" dir="0" index="1" bw="1" slack="0"/>
<pin id="1137" dir="0" index="2" bw="7" slack="0"/>
<pin id="1138" dir="1" index="3" bw="7" slack="0"/>
</pin_list>
<bind>
<opcode="getelementptr(29) " fcode="getelementptr"/>
<opset="real_sample_0_addr_14/4 "/>
</bind>
</comp>

<comp id="1142" class="1004" name="real_sample_1_addr_14_gep_fu_1142">
<pin_list>
<pin id="1143" dir="0" index="0" bw="32" slack="0"/>
<pin id="1144" dir="0" index="1" bw="1" slack="0"/>
<pin id="1145" dir="0" index="2" bw="7" slack="0"/>
<pin id="1146" dir="1" index="3" bw="7" slack="0"/>
</pin_list>
<bind>
<opcode="getelementptr(29) " fcode="getelementptr"/>
<opset="real_sample_1_addr_14/4 "/>
</bind>
</comp>

<comp id="1150" class="1004" name="real_sample_2_addr_14_gep_fu_1150">
<pin_list>
<pin id="1151" dir="0" index="0" bw="32" slack="0"/>
<pin id="1152" dir="0" index="1" bw="1" slack="0"/>
<pin id="1153" dir="0" index="2" bw="7" slack="0"/>
<pin id="1154" dir="1" index="3" bw="7" slack="0"/>
</pin_list>
<bind>
<opcode="getelementptr(29) " fcode="getelementptr"/>
<opset="real_sample_2_addr_14/4 "/>
</bind>
</comp>

<comp id="1158" class="1004" name="real_sample_3_addr_14_gep_fu_1158">
<pin_list>
<pin id="1159" dir="0" index="0" bw="32" slack="0"/>
<pin id="1160" dir="0" index="1" bw="1" slack="0"/>
<pin id="1161" dir="0" index="2" bw="7" slack="0"/>
<pin id="1162" dir="1" index="3" bw="7" slack="0"/>
</pin_list>
<bind>
<opcode="getelementptr(29) " fcode="getelementptr"/>
<opset="real_sample_3_addr_14/4 "/>
</bind>
</comp>

<comp id="1166" class="1004" name="real_sample_4_addr_14_gep_fu_1166">
<pin_list>
<pin id="1167" dir="0" index="0" bw="32" slack="0"/>
<pin id="1168" dir="0" index="1" bw="1" slack="0"/>
<pin id="1169" dir="0" index="2" bw="7" slack="0"/>
<pin id="1170" dir="1" index="3" bw="7" slack="0"/>
</pin_list>
<bind>
<opcode="getelementptr(29) " fcode="getelementptr"/>
<opset="real_sample_4_addr_14/4 "/>
</bind>
</comp>

<comp id="1174" class="1004" name="real_sample_5_addr_14_gep_fu_1174">
<pin_list>
<pin id="1175" dir="0" index="0" bw="32" slack="0"/>
<pin id="1176" dir="0" index="1" bw="1" slack="0"/>
<pin id="1177" dir="0" index="2" bw="7" slack="0"/>
<pin id="1178" dir="1" index="3" bw="7" slack="0"/>
</pin_list>
<bind>
<opcode="getelementptr(29) " fcode="getelementptr"/>
<opset="real_sample_5_addr_14/4 "/>
</bind>
</comp>

<comp id="1182" class="1004" name="real_sample_6_addr_14_gep_fu_1182">
<pin_list>
<pin id="1183" dir="0" index="0" bw="32" slack="0"/>
<pin id="1184" dir="0" index="1" bw="1" slack="0"/>
<pin id="1185" dir="0" index="2" bw="7" slack="0"/>
<pin id="1186" dir="1" index="3" bw="7" slack="0"/>
</pin_list>
<bind>
<opcode="getelementptr(29) " fcode="getelementptr"/>
<opset="real_sample_6_addr_14/4 "/>
</bind>
</comp>

<comp id="1190" class="1004" name="real_sample_7_addr_14_gep_fu_1190">
<pin_list>
<pin id="1191" dir="0" index="0" bw="32" slack="0"/>
<pin id="1192" dir="0" index="1" bw="1" slack="0"/>
<pin id="1193" dir="0" index="2" bw="7" slack="0"/>
<pin id="1194" dir="1" index="3" bw="7" slack="0"/>
</pin_list>
<bind>
<opcode="getelementptr(29) " fcode="getelementptr"/>
<opset="real_sample_7_addr_14/4 "/>
</bind>
</comp>

<comp id="1198" class="1004" name="imag_sample_0_addr_14_gep_fu_1198">
<pin_list>
<pin id="1199" dir="0" index="0" bw="32" slack="0"/>
<pin id="1200" dir="0" index="1" bw="1" slack="0"/>
<pin id="1201" dir="0" index="2" bw="7" slack="0"/>
<pin id="1202" dir="1" index="3" bw="7" slack="0"/>
</pin_list>
<bind>
<opcode="getelementptr(29) " fcode="getelementptr"/>
<opset="imag_sample_0_addr_14/4 "/>
</bind>
</comp>

<comp id="1206" class="1004" name="imag_sample_1_addr_14_gep_fu_1206">
<pin_list>
<pin id="1207" dir="0" index="0" bw="32" slack="0"/>
<pin id="1208" dir="0" index="1" bw="1" slack="0"/>
<pin id="1209" dir="0" index="2" bw="7" slack="0"/>
<pin id="1210" dir="1" index="3" bw="7" slack="0"/>
</pin_list>
<bind>
<opcode="getelementptr(29) " fcode="getelementptr"/>
<opset="imag_sample_1_addr_14/4 "/>
</bind>
</comp>

<comp id="1214" class="1004" name="imag_sample_2_addr_14_gep_fu_1214">
<pin_list>
<pin id="1215" dir="0" index="0" bw="32" slack="0"/>
<pin id="1216" dir="0" index="1" bw="1" slack="0"/>
<pin id="1217" dir="0" index="2" bw="7" slack="0"/>
<pin id="1218" dir="1" index="3" bw="7" slack="0"/>
</pin_list>
<bind>
<opcode="getelementptr(29) " fcode="getelementptr"/>
<opset="imag_sample_2_addr_14/4 "/>
</bind>
</comp>

<comp id="1222" class="1004" name="imag_sample_3_addr_14_gep_fu_1222">
<pin_list>
<pin id="1223" dir="0" index="0" bw="32" slack="0"/>
<pin id="1224" dir="0" index="1" bw="1" slack="0"/>
<pin id="1225" dir="0" index="2" bw="7" slack="0"/>
<pin id="1226" dir="1" index="3" bw="7" slack="0"/>
</pin_list>
<bind>
<opcode="getelementptr(29) " fcode="getelementptr"/>
<opset="imag_sample_3_addr_14/4 "/>
</bind>
</comp>

<comp id="1230" class="1004" name="imag_sample_4_addr_14_gep_fu_1230">
<pin_list>
<pin id="1231" dir="0" index="0" bw="32" slack="0"/>
<pin id="1232" dir="0" index="1" bw="1" slack="0"/>
<pin id="1233" dir="0" index="2" bw="7" slack="0"/>
<pin id="1234" dir="1" index="3" bw="7" slack="0"/>
</pin_list>
<bind>
<opcode="getelementptr(29) " fcode="getelementptr"/>
<opset="imag_sample_4_addr_14/4 "/>
</bind>
</comp>

<comp id="1238" class="1004" name="imag_sample_5_addr_14_gep_fu_1238">
<pin_list>
<pin id="1239" dir="0" index="0" bw="32" slack="0"/>
<pin id="1240" dir="0" index="1" bw="1" slack="0"/>
<pin id="1241" dir="0" index="2" bw="7" slack="0"/>
<pin id="1242" dir="1" index="3" bw="7" slack="0"/>
</pin_list>
<bind>
<opcode="getelementptr(29) " fcode="getelementptr"/>
<opset="imag_sample_5_addr_14/4 "/>
</bind>
</comp>

<comp id="1246" class="1004" name="imag_sample_6_addr_14_gep_fu_1246">
<pin_list>
<pin id="1247" dir="0" index="0" bw="32" slack="0"/>
<pin id="1248" dir="0" index="1" bw="1" slack="0"/>
<pin id="1249" dir="0" index="2" bw="7" slack="0"/>
<pin id="1250" dir="1" index="3" bw="7" slack="0"/>
</pin_list>
<bind>
<opcode="getelementptr(29) " fcode="getelementptr"/>
<opset="imag_sample_6_addr_14/4 "/>
</bind>
</comp>

<comp id="1254" class="1004" name="imag_sample_7_addr_14_gep_fu_1254">
<pin_list>
<pin id="1255" dir="0" index="0" bw="32" slack="0"/>
<pin id="1256" dir="0" index="1" bw="1" slack="0"/>
<pin id="1257" dir="0" index="2" bw="7" slack="0"/>
<pin id="1258" dir="1" index="3" bw="7" slack="0"/>
</pin_list>
<bind>
<opcode="getelementptr(29) " fcode="getelementptr"/>
<opset="imag_sample_7_addr_14/4 "/>
</bind>
</comp>

<comp id="1262" class="1004" name="real_sample_0_addr_15_gep_fu_1262">
<pin_list>
<pin id="1263" dir="0" index="0" bw="32" slack="0"/>
<pin id="1264" dir="0" index="1" bw="1" slack="0"/>
<pin id="1265" dir="0" index="2" bw="7" slack="0"/>
<pin id="1266" dir="1" index="3" bw="7" slack="0"/>
</pin_list>
<bind>
<opcode="getelementptr(29) " fcode="getelementptr"/>
<opset="real_sample_0_addr_15/4 "/>
</bind>
</comp>

<comp id="1270" class="1004" name="real_sample_1_addr_15_gep_fu_1270">
<pin_list>
<pin id="1271" dir="0" index="0" bw="32" slack="0"/>
<pin id="1272" dir="0" index="1" bw="1" slack="0"/>
<pin id="1273" dir="0" index="2" bw="7" slack="0"/>
<pin id="1274" dir="1" index="3" bw="7" slack="0"/>
</pin_list>
<bind>
<opcode="getelementptr(29) " fcode="getelementptr"/>
<opset="real_sample_1_addr_15/4 "/>
</bind>
</comp>

<comp id="1278" class="1004" name="real_sample_2_addr_15_gep_fu_1278">
<pin_list>
<pin id="1279" dir="0" index="0" bw="32" slack="0"/>
<pin id="1280" dir="0" index="1" bw="1" slack="0"/>
<pin id="1281" dir="0" index="2" bw="7" slack="0"/>
<pin id="1282" dir="1" index="3" bw="7" slack="0"/>
</pin_list>
<bind>
<opcode="getelementptr(29) " fcode="getelementptr"/>
<opset="real_sample_2_addr_15/4 "/>
</bind>
</comp>

<comp id="1286" class="1004" name="real_sample_3_addr_15_gep_fu_1286">
<pin_list>
<pin id="1287" dir="0" index="0" bw="32" slack="0"/>
<pin id="1288" dir="0" index="1" bw="1" slack="0"/>
<pin id="1289" dir="0" index="2" bw="7" slack="0"/>
<pin id="1290" dir="1" index="3" bw="7" slack="0"/>
</pin_list>
<bind>
<opcode="getelementptr(29) " fcode="getelementptr"/>
<opset="real_sample_3_addr_15/4 "/>
</bind>
</comp>

<comp id="1294" class="1004" name="real_sample_4_addr_15_gep_fu_1294">
<pin_list>
<pin id="1295" dir="0" index="0" bw="32" slack="0"/>
<pin id="1296" dir="0" index="1" bw="1" slack="0"/>
<pin id="1297" dir="0" index="2" bw="7" slack="0"/>
<pin id="1298" dir="1" index="3" bw="7" slack="0"/>
</pin_list>
<bind>
<opcode="getelementptr(29) " fcode="getelementptr"/>
<opset="real_sample_4_addr_15/4 "/>
</bind>
</comp>

<comp id="1302" class="1004" name="real_sample_5_addr_15_gep_fu_1302">
<pin_list>
<pin id="1303" dir="0" index="0" bw="32" slack="0"/>
<pin id="1304" dir="0" index="1" bw="1" slack="0"/>
<pin id="1305" dir="0" index="2" bw="7" slack="0"/>
<pin id="1306" dir="1" index="3" bw="7" slack="0"/>
</pin_list>
<bind>
<opcode="getelementptr(29) " fcode="getelementptr"/>
<opset="real_sample_5_addr_15/4 "/>
</bind>
</comp>

<comp id="1310" class="1004" name="real_sample_6_addr_15_gep_fu_1310">
<pin_list>
<pin id="1311" dir="0" index="0" bw="32" slack="0"/>
<pin id="1312" dir="0" index="1" bw="1" slack="0"/>
<pin id="1313" dir="0" index="2" bw="7" slack="0"/>
<pin id="1314" dir="1" index="3" bw="7" slack="0"/>
</pin_list>
<bind>
<opcode="getelementptr(29) " fcode="getelementptr"/>
<opset="real_sample_6_addr_15/4 "/>
</bind>
</comp>

<comp id="1318" class="1004" name="real_sample_7_addr_15_gep_fu_1318">
<pin_list>
<pin id="1319" dir="0" index="0" bw="32" slack="0"/>
<pin id="1320" dir="0" index="1" bw="1" slack="0"/>
<pin id="1321" dir="0" index="2" bw="7" slack="0"/>
<pin id="1322" dir="1" index="3" bw="7" slack="0"/>
</pin_list>
<bind>
<opcode="getelementptr(29) " fcode="getelementptr"/>
<opset="real_sample_7_addr_15/4 "/>
</bind>
</comp>

<comp id="1326" class="1004" name="imag_sample_0_addr_15_gep_fu_1326">
<pin_list>
<pin id="1327" dir="0" index="0" bw="32" slack="0"/>
<pin id="1328" dir="0" index="1" bw="1" slack="0"/>
<pin id="1329" dir="0" index="2" bw="7" slack="0"/>
<pin id="1330" dir="1" index="3" bw="7" slack="0"/>
</pin_list>
<bind>
<opcode="getelementptr(29) " fcode="getelementptr"/>
<opset="imag_sample_0_addr_15/4 "/>
</bind>
</comp>

<comp id="1334" class="1004" name="imag_sample_1_addr_15_gep_fu_1334">
<pin_list>
<pin id="1335" dir="0" index="0" bw="32" slack="0"/>
<pin id="1336" dir="0" index="1" bw="1" slack="0"/>
<pin id="1337" dir="0" index="2" bw="7" slack="0"/>
<pin id="1338" dir="1" index="3" bw="7" slack="0"/>
</pin_list>
<bind>
<opcode="getelementptr(29) " fcode="getelementptr"/>
<opset="imag_sample_1_addr_15/4 "/>
</bind>
</comp>

<comp id="1342" class="1004" name="imag_sample_2_addr_15_gep_fu_1342">
<pin_list>
<pin id="1343" dir="0" index="0" bw="32" slack="0"/>
<pin id="1344" dir="0" index="1" bw="1" slack="0"/>
<pin id="1345" dir="0" index="2" bw="7" slack="0"/>
<pin id="1346" dir="1" index="3" bw="7" slack="0"/>
</pin_list>
<bind>
<opcode="getelementptr(29) " fcode="getelementptr"/>
<opset="imag_sample_2_addr_15/4 "/>
</bind>
</comp>

<comp id="1350" class="1004" name="imag_sample_3_addr_15_gep_fu_1350">
<pin_list>
<pin id="1351" dir="0" index="0" bw="32" slack="0"/>
<pin id="1352" dir="0" index="1" bw="1" slack="0"/>
<pin id="1353" dir="0" index="2" bw="7" slack="0"/>
<pin id="1354" dir="1" index="3" bw="7" slack="0"/>
</pin_list>
<bind>
<opcode="getelementptr(29) " fcode="getelementptr"/>
<opset="imag_sample_3_addr_15/4 "/>
</bind>
</comp>

<comp id="1358" class="1004" name="imag_sample_4_addr_15_gep_fu_1358">
<pin_list>
<pin id="1359" dir="0" index="0" bw="32" slack="0"/>
<pin id="1360" dir="0" index="1" bw="1" slack="0"/>
<pin id="1361" dir="0" index="2" bw="7" slack="0"/>
<pin id="1362" dir="1" index="3" bw="7" slack="0"/>
</pin_list>
<bind>
<opcode="getelementptr(29) " fcode="getelementptr"/>
<opset="imag_sample_4_addr_15/4 "/>
</bind>
</comp>

<comp id="1366" class="1004" name="imag_sample_5_addr_15_gep_fu_1366">
<pin_list>
<pin id="1367" dir="0" index="0" bw="32" slack="0"/>
<pin id="1368" dir="0" index="1" bw="1" slack="0"/>
<pin id="1369" dir="0" index="2" bw="7" slack="0"/>
<pin id="1370" dir="1" index="3" bw="7" slack="0"/>
</pin_list>
<bind>
<opcode="getelementptr(29) " fcode="getelementptr"/>
<opset="imag_sample_5_addr_15/4 "/>
</bind>
</comp>

<comp id="1374" class="1004" name="imag_sample_6_addr_15_gep_fu_1374">
<pin_list>
<pin id="1375" dir="0" index="0" bw="32" slack="0"/>
<pin id="1376" dir="0" index="1" bw="1" slack="0"/>
<pin id="1377" dir="0" index="2" bw="7" slack="0"/>
<pin id="1378" dir="1" index="3" bw="7" slack="0"/>
</pin_list>
<bind>
<opcode="getelementptr(29) " fcode="getelementptr"/>
<opset="imag_sample_6_addr_15/4 "/>
</bind>
</comp>

<comp id="1382" class="1004" name="imag_sample_7_addr_15_gep_fu_1382">
<pin_list>
<pin id="1383" dir="0" index="0" bw="32" slack="0"/>
<pin id="1384" dir="0" index="1" bw="1" slack="0"/>
<pin id="1385" dir="0" index="2" bw="7" slack="0"/>
<pin id="1386" dir="1" index="3" bw="7" slack="0"/>
</pin_list>
<bind>
<opcode="getelementptr(29) " fcode="getelementptr"/>
<opset="imag_sample_7_addr_15/4 "/>
</bind>
</comp>

<comp id="1390" class="1004" name="cos_coefficients_table_addr_11_gep_fu_1390">
<pin_list>
<pin id="1391" dir="0" index="0" bw="32" slack="0"/>
<pin id="1392" dir="0" index="1" bw="1" slack="0"/>
<pin id="1393" dir="0" index="2" bw="10" slack="0"/>
<pin id="1394" dir="1" index="3" bw="10" slack="0"/>
</pin_list>
<bind>
<opcode="getelementptr(29) " fcode="getelementptr"/>
<opset="cos_coefficients_table_addr_11/5 "/>
</bind>
</comp>

<comp id="1398" class="1004" name="sin_coefficients_table_addr_11_gep_fu_1398">
<pin_list>
<pin id="1399" dir="0" index="0" bw="32" slack="0"/>
<pin id="1400" dir="0" index="1" bw="1" slack="0"/>
<pin id="1401" dir="0" index="2" bw="10" slack="0"/>
<pin id="1402" dir="1" index="3" bw="10" slack="0"/>
</pin_list>
<bind>
<opcode="getelementptr(29) " fcode="getelementptr"/>
<opset="sin_coefficients_table_addr_11/5 "/>
</bind>
</comp>

<comp id="1406" class="1004" name="cos_coefficients_table_addr_12_gep_fu_1406">
<pin_list>
<pin id="1407" dir="0" index="0" bw="32" slack="0"/>
<pin id="1408" dir="0" index="1" bw="1" slack="0"/>
<pin id="1409" dir="0" index="2" bw="10" slack="0"/>
<pin id="1410" dir="1" index="3" bw="10" slack="0"/>
</pin_list>
<bind>
<opcode="getelementptr(29) " fcode="getelementptr"/>
<opset="cos_coefficients_table_addr_12/6 "/>
</bind>
</comp>

<comp id="1414" class="1004" name="sin_coefficients_table_addr_12_gep_fu_1414">
<pin_list>
<pin id="1415" dir="0" index="0" bw="32" slack="0"/>
<pin id="1416" dir="0" index="1" bw="1" slack="0"/>
<pin id="1417" dir="0" index="2" bw="10" slack="0"/>
<pin id="1418" dir="1" index="3" bw="10" slack="0"/>
</pin_list>
<bind>
<opcode="getelementptr(29) " fcode="getelementptr"/>
<opset="sin_coefficients_table_addr_12/6 "/>
</bind>
</comp>

<comp id="1422" class="1004" name="cos_coefficients_table_addr_13_gep_fu_1422">
<pin_list>
<pin id="1423" dir="0" index="0" bw="32" slack="0"/>
<pin id="1424" dir="0" index="1" bw="1" slack="0"/>
<pin id="1425" dir="0" index="2" bw="10" slack="0"/>
<pin id="1426" dir="1" index="3" bw="10" slack="0"/>
</pin_list>
<bind>
<opcode="getelementptr(29) " fcode="getelementptr"/>
<opset="cos_coefficients_table_addr_13/7 "/>
</bind>
</comp>

<comp id="1430" class="1004" name="sin_coefficients_table_addr_13_gep_fu_1430">
<pin_list>
<pin id="1431" dir="0" index="0" bw="32" slack="0"/>
<pin id="1432" dir="0" index="1" bw="1" slack="0"/>
<pin id="1433" dir="0" index="2" bw="10" slack="0"/>
<pin id="1434" dir="1" index="3" bw="10" slack="0"/>
</pin_list>
<bind>
<opcode="getelementptr(29) " fcode="getelementptr"/>
<opset="sin_coefficients_table_addr_13/7 "/>
</bind>
</comp>

<comp id="1438" class="1004" name="cos_coefficients_table_addr_14_gep_fu_1438">
<pin_list>
<pin id="1439" dir="0" index="0" bw="32" slack="0"/>
<pin id="1440" dir="0" index="1" bw="1" slack="0"/>
<pin id="1441" dir="0" index="2" bw="10" slack="0"/>
<pin id="1442" dir="1" index="3" bw="10" slack="0"/>
</pin_list>
<bind>
<opcode="getelementptr(29) " fcode="getelementptr"/>
<opset="cos_coefficients_table_addr_14/8 "/>
</bind>
</comp>

<comp id="1446" class="1004" name="sin_coefficients_table_addr_14_gep_fu_1446">
<pin_list>
<pin id="1447" dir="0" index="0" bw="32" slack="0"/>
<pin id="1448" dir="0" index="1" bw="1" slack="0"/>
<pin id="1449" dir="0" index="2" bw="10" slack="0"/>
<pin id="1450" dir="1" index="3" bw="10" slack="0"/>
</pin_list>
<bind>
<opcode="getelementptr(29) " fcode="getelementptr"/>
<opset="sin_coefficients_table_addr_14/8 "/>
</bind>
</comp>

<comp id="1454" class="1004" name="cos_coefficients_table_addr_15_gep_fu_1454">
<pin_list>
<pin id="1455" dir="0" index="0" bw="32" slack="0"/>
<pin id="1456" dir="0" index="1" bw="1" slack="0"/>
<pin id="1457" dir="0" index="2" bw="10" slack="0"/>
<pin id="1458" dir="1" index="3" bw="10" slack="0"/>
</pin_list>
<bind>
<opcode="getelementptr(29) " fcode="getelementptr"/>
<opset="cos_coefficients_table_addr_15/9 "/>
</bind>
</comp>

<comp id="1462" class="1004" name="sin_coefficients_table_addr_15_gep_fu_1462">
<pin_list>
<pin id="1463" dir="0" index="0" bw="32" slack="0"/>
<pin id="1464" dir="0" index="1" bw="1" slack="0"/>
<pin id="1465" dir="0" index="2" bw="10" slack="0"/>
<pin id="1466" dir="1" index="3" bw="10" slack="0"/>
</pin_list>
<bind>
<opcode="getelementptr(29) " fcode="getelementptr"/>
<opset="sin_coefficients_table_addr_15/9 "/>
</bind>
</comp>

<comp id="1470" class="1004" name="grp_fu_1470">
<pin_list>
<pin id="1471" dir="0" index="0" bw="32" slack="0"/>
<pin id="1472" dir="0" index="1" bw="32" slack="1"/>
<pin id="1473" dir="1" index="2" bw="32" slack="1"/>
</pin_list>
<bind>
<opcode="fadd(9) fsub(11) " fcode="fadd"/>
<opset="sub_1/9 add24_1/11 sub_1_1/13 add_1/14 add24_1_1/15 add27_1/16 sub_1_2/17 add_1_1/19 add27_1_1/21 add24_1_3/23 add_1_2/24 sub_1_4/25 add27_1_2/26 add24_1_4/27 add_1_3/29 add27_1_3/31 sub_1_6/33 add_1_4/34 add24_1_6/35 add27_1_4/36 sub_1_7/37 add_1_5/39 add27_1_5/41 add_1_6/44 add27_1_6/46 add_1_7/49 add27_1_7/51 "/>
</bind>
</comp>

<comp id="1474" class="1004" name="grp_fu_1474">
<pin_list>
<pin id="1475" dir="0" index="0" bw="32" slack="2"/>
<pin id="1476" dir="0" index="1" bw="32" slack="1"/>
<pin id="1477" dir="1" index="2" bw="32" slack="3"/>
</pin_list>
<bind>
<opcode="fadd(9) fsub(11) " fcode="fadd"/>
<opset="add24_1_2/19 sub_1_3/21 sub_1_5/29 add24_1_5/31 add24_1_7/39 "/>
</bind>
</comp>

<comp id="1478" class="1004" name="grp_fu_1478">
<pin_list>
<pin id="1479" dir="0" index="0" bw="32" slack="2"/>
<pin id="1480" dir="0" index="1" bw="32" slack="1"/>
<pin id="1481" dir="1" index="2" bw="32" slack="1"/>
</pin_list>
<bind>
<opcode="fmul(13) " fcode="fmul"/>
<opset="mul12_1/4 mul15_1/5 mul20_1/6 mul23_1/7 mul12_1_1/8 mul15_1_1/9 mul20_1_1/10 mul23_1_1/11 mul12_1_2/12 mul15_1_2/13 mul20_1_2/14 mul23_1_2/15 mul12_1_3/16 mul15_1_3/17 mul20_1_3/18 mul23_1_3/19 mul12_1_4/20 mul15_1_4/21 mul20_1_4/22 mul23_1_4/23 mul12_1_5/24 mul15_1_5/25 mul20_1_5/26 mul23_1_5/27 mul12_1_6/28 mul15_1_6/29 mul20_1_6/30 mul23_1_6/31 mul12_1_7/32 mul15_1_7/33 mul20_1_7/34 mul23_1_7/35 "/>
</bind>
</comp>

<comp id="1482" class="1005" name="reg_1482">
<pin_list>
<pin id="1483" dir="0" index="0" bw="32" slack="1"/>
<pin id="1484" dir="1" index="1" bw="32" slack="1"/>
</pin_list>
<bind>
<opset="c c_52 "/>
</bind>
</comp>

<comp id="1487" class="1005" name="reg_1487">
<pin_list>
<pin id="1488" dir="0" index="0" bw="32" slack="2"/>
<pin id="1489" dir="1" index="1" bw="32" slack="2"/>
</pin_list>
<bind>
<opset="s s_51 "/>
</bind>
</comp>

<comp id="1492" class="1005" name="reg_1492">
<pin_list>
<pin id="1493" dir="0" index="0" bw="32" slack="2"/>
<pin id="1494" dir="1" index="1" bw="32" slack="2"/>
</pin_list>
<bind>
<opset="mul12_1 mul20_1_1 mul12_1_3 mul20_1_4 mul12_1_6 mul20_1_7 "/>
</bind>
</comp>

<comp id="1498" class="1005" name="reg_1498">
<pin_list>
<pin id="1499" dir="0" index="0" bw="32" slack="1"/>
<pin id="1500" dir="1" index="1" bw="32" slack="1"/>
</pin_list>
<bind>
<opset="mul15_1 mul23_1_1 mul15_1_3 mul23_1_4 mul15_1_6 mul23_1_7 "/>
</bind>
</comp>

<comp id="1504" class="1005" name="reg_1504">
<pin_list>
<pin id="1505" dir="0" index="0" bw="32" slack="2"/>
<pin id="1506" dir="1" index="1" bw="32" slack="2"/>
</pin_list>
<bind>
<opset="mul20_1 mul12_1_2 mul20_1_3 mul12_1_5 mul20_1_6 "/>
</bind>
</comp>

<comp id="1510" class="1005" name="reg_1510">
<pin_list>
<pin id="1511" dir="0" index="0" bw="32" slack="1"/>
<pin id="1512" dir="1" index="1" bw="32" slack="1"/>
</pin_list>
<bind>
<opset="mul23_1 mul15_1_2 mul23_1_3 mul15_1_5 mul23_1_6 "/>
</bind>
</comp>

<comp id="1516" class="1005" name="reg_1516">
<pin_list>
<pin id="1517" dir="0" index="0" bw="32" slack="2"/>
<pin id="1518" dir="1" index="1" bw="32" slack="2"/>
</pin_list>
<bind>
<opset="mul12_1_1 mul20_1_2 mul12_1_4 mul20_1_5 mul12_1_7 "/>
</bind>
</comp>

<comp id="1522" class="1005" name="reg_1522">
<pin_list>
<pin id="1523" dir="0" index="0" bw="32" slack="1"/>
<pin id="1524" dir="1" index="1" bw="32" slack="1"/>
</pin_list>
<bind>
<opset="mul15_1_1 mul23_1_2 mul15_1_4 mul23_1_5 mul15_1_7 "/>
</bind>
</comp>

<comp id="1528" class="1005" name="reg_1528">
<pin_list>
<pin id="1529" dir="0" index="0" bw="32" slack="1"/>
<pin id="1530" dir="1" index="1" bw="32" slack="1"/>
</pin_list>
<bind>
<opset="sub_1 add_1 add_1_1 add_1_2 add_1_3 add_1_4 add_1_5 add_1_6 add_1_7 "/>
</bind>
</comp>

<comp id="1534" class="1005" name="reg_1534">
<pin_list>
<pin id="1535" dir="0" index="0" bw="32" slack="1"/>
<pin id="1536" dir="1" index="1" bw="32" slack="1"/>
</pin_list>
<bind>
<opset="add24_1 add27_1 add27_1_1 add27_1_2 add27_1_3 add27_1_4 add27_1_5 add27_1_6 add27_1_7 "/>
</bind>
</comp>

<comp id="1540" class="1005" name="reg_1540">
<pin_list>
<pin id="1541" dir="0" index="0" bw="32" slack="2"/>
<pin id="1542" dir="1" index="1" bw="32" slack="2"/>
</pin_list>
<bind>
<opset="sub_1_1 add24_1_3 sub_1_6 "/>
</bind>
</comp>

<comp id="1545" class="1005" name="reg_1545">
<pin_list>
<pin id="1546" dir="0" index="0" bw="32" slack="2"/>
<pin id="1547" dir="1" index="1" bw="32" slack="2"/>
</pin_list>
<bind>
<opset="add24_1_1 sub_1_4 add24_1_6 "/>
</bind>
</comp>

<comp id="1550" class="1005" name="reg_1550">
<pin_list>
<pin id="1551" dir="0" index="0" bw="32" slack="3"/>
<pin id="1552" dir="1" index="1" bw="32" slack="3"/>
</pin_list>
<bind>
<opset="sub_1_2 add24_1_4 sub_1_7 "/>
</bind>
</comp>

<comp id="1555" class="1005" name="reg_1555">
<pin_list>
<pin id="1556" dir="0" index="0" bw="32" slack="3"/>
<pin id="1557" dir="1" index="1" bw="32" slack="3"/>
</pin_list>
<bind>
<opset="add24_1_2 sub_1_5 add24_1_7 "/>
</bind>
</comp>

<comp id="1560" class="1005" name="reg_1560">
<pin_list>
<pin id="1561" dir="0" index="0" bw="32" slack="4"/>
<pin id="1562" dir="1" index="1" bw="32" slack="4"/>
</pin_list>
<bind>
<opset="sub_1_3 add24_1_5 "/>
</bind>
</comp>

<comp id="1565" class="1004" name="store_ln13_store_fu_1565">
<pin_list>
<pin id="1566" dir="0" index="0" bw="1" slack="0"/>
<pin id="1567" dir="0" index="1" bw="11" slack="0"/>
<pin id="1568" dir="1" index="2" bw="0" slack="2147483647"/>
</pin_list>
<bind>
<opcode="store(28) " fcode="store"/>
<opset="store_ln13/1 "/>
</bind>
</comp>

<comp id="1570" class="1004" name="store_ln0_store_fu_1570">
<pin_list>
<pin id="1571" dir="0" index="0" bw="32" slack="0"/>
<pin id="1572" dir="0" index="1" bw="32" slack="0"/>
<pin id="1573" dir="1" index="2" bw="0" slack="2147483647"/>
</pin_list>
<bind>
<opcode="store(28) " fcode="store"/>
<opset="store_ln0/1 "/>
</bind>
</comp>

<comp id="1575" class="1004" name="store_ln0_store_fu_1575">
<pin_list>
<pin id="1576" dir="0" index="0" bw="32" slack="0"/>
<pin id="1577" dir="0" index="1" bw="32" slack="0"/>
<pin id="1578" dir="1" index="2" bw="0" slack="2147483647"/>
</pin_list>
<bind>
<opcode="store(28) " fcode="store"/>
<opset="store_ln0/1 "/>
</bind>
</comp>

<comp id="1580" class="1004" name="j_load_fu_1580">
<pin_list>
<pin id="1581" dir="0" index="0" bw="11" slack="0"/>
<pin id="1582" dir="1" index="1" bw="11" slack="0"/>
</pin_list>
<bind>
<opcode="load(27) " fcode="load"/>
<opset="j/1 "/>
</bind>
</comp>

<comp id="1583" class="1004" name="tmp_fu_1583">
<pin_list>
<pin id="1584" dir="0" index="0" bw="1" slack="0"/>
<pin id="1585" dir="0" index="1" bw="11" slack="0"/>
<pin id="1586" dir="0" index="2" bw="5" slack="0"/>
<pin id="1587" dir="1" index="3" bw="1" slack="1"/>
</pin_list>
<bind>
<opcode="bitselect(1000) " fcode="bitselect"/>
<opset="tmp/1 "/>
</bind>
</comp>

<comp id="1591" class="1004" name="trunc_ln26_fu_1591">
<pin_list>
<pin id="1592" dir="0" index="0" bw="11" slack="0"/>
<pin id="1593" dir="1" index="1" bw="10" slack="0"/>
</pin_list>
<bind>
<opcode="trunc(33) " fcode="trunc"/>
<opset="trunc_ln26/1 "/>
</bind>
</comp>

<comp id="1595" class="1004" name="trunc_ln24_fu_1595">
<pin_list>
<pin id="1596" dir="0" index="0" bw="11" slack="0"/>
<pin id="1597" dir="1" index="1" bw="7" slack="0"/>
</pin_list>
<bind>
<opcode="trunc(33) " fcode="trunc"/>
<opset="trunc_ln24/1 "/>
</bind>
</comp>

<comp id="1599" class="1004" name="zext_ln13_fu_1599">
<pin_list>
<pin id="1600" dir="0" index="0" bw="7" slack="0"/>
<pin id="1601" dir="1" index="1" bw="64" slack="0"/>
</pin_list>
<bind>
<opcode="zext(34) " fcode="zext"/>
<opset="zext_ln13/1 "/>
</bind>
</comp>

<comp id="1619" class="1004" name="idx_fu_1619">
<pin_list>
<pin id="1620" dir="0" index="0" bw="10" slack="0"/>
<pin id="1621" dir="0" index="1" bw="10" slack="0"/>
<pin id="1622" dir="1" index="2" bw="10" slack="1"/>
</pin_list>
<bind>
<opcode="mul(12) " fcode="mul"/>
<opset="idx/1 "/>
</bind>
</comp>

<comp id="1625" class="1004" name="tmp_s_fu_1625">
<pin_list>
<pin id="1626" dir="0" index="0" bw="6" slack="0"/>
<pin id="1627" dir="0" index="1" bw="11" slack="0"/>
<pin id="1628" dir="0" index="2" bw="1" slack="0"/>
<pin id="1629" dir="0" index="3" bw="4" slack="0"/>
<pin id="1630" dir="1" index="4" bw="6" slack="0"/>
</pin_list>
<bind>
<opcode="partselect(1002) " fcode="partselect"/>
<opset="tmp_s/1 "/>
</bind>
</comp>

<comp id="1635" class="1004" name="or_ln26_7_fu_1635">
<pin_list>
<pin id="1636" dir="0" index="0" bw="7" slack="0"/>
<pin id="1637" dir="0" index="1" bw="6" slack="0"/>
<pin id="1638" dir="0" index="2" bw="1" slack="0"/>
<pin id="1639" dir="1" index="3" bw="7" slack="0"/>
</pin_list>
<bind>
<opcode="bitconcatenate(1004) " fcode="bitconcatenate"/>
<opset="or_ln26_7/1 "/>
</bind>
</comp>

<comp id="1643" class="1004" name="zext_ln26_7_fu_1643">
<pin_list>
<pin id="1644" dir="0" index="0" bw="7" slack="0"/>
<pin id="1645" dir="1" index="1" bw="64" slack="0"/>
</pin_list>
<bind>
<opcode="zext(34) " fcode="zext"/>
<opset="zext_ln26_7/1 "/>
</bind>
</comp>

<comp id="1663" class="1004" name="trunc_ln13_2_fu_1663">
<pin_list>
<pin id="1664" dir="0" index="0" bw="3" slack="0"/>
<pin id="1665" dir="0" index="1" bw="11" slack="1"/>
<pin id="1666" dir="0" index="2" bw="4" slack="0"/>
<pin id="1667" dir="0" index="3" bw="5" slack="0"/>
<pin id="1668" dir="1" index="4" bw="3" slack="0"/>
</pin_list>
<bind>
<opcode="partselect(1002) " fcode="partselect"/>
<opset="trunc_ln13_2/2 "/>
</bind>
</comp>

<comp id="1672" class="1004" name="zext_ln27_8_fu_1672">
<pin_list>
<pin id="1673" dir="0" index="0" bw="10" slack="1"/>
<pin id="1674" dir="1" index="1" bw="64" slack="0"/>
</pin_list>
<bind>
<opcode="zext(34) " fcode="zext"/>
<opset="zext_ln27_8/2 "/>
</bind>
</comp>

<comp id="1677" class="1004" name="bitcast_ln29_129_fu_1677">
<pin_list>
<pin id="1678" dir="0" index="0" bw="32" slack="0"/>
<pin id="1679" dir="1" index="1" bw="32" slack="0"/>
</pin_list>
<bind>
<opcode="bitcast(44) " fcode="bitcast"/>
<opset="bitcast_ln29_129/2 "/>
</bind>
</comp>

<comp id="1681" class="1004" name="bitcast_ln29_130_fu_1681">
<pin_list>
<pin id="1682" dir="0" index="0" bw="32" slack="0"/>
<pin id="1683" dir="1" index="1" bw="32" slack="0"/>
</pin_list>
<bind>
<opcode="bitcast(44) " fcode="bitcast"/>
<opset="bitcast_ln29_130/2 "/>
</bind>
</comp>

<comp id="1685" class="1004" name="bitcast_ln29_131_fu_1685">
<pin_list>
<pin id="1686" dir="0" index="0" bw="32" slack="0"/>
<pin id="1687" dir="1" index="1" bw="32" slack="0"/>
</pin_list>
<bind>
<opcode="bitcast(44) " fcode="bitcast"/>
<opset="bitcast_ln29_131/2 "/>
</bind>
</comp>

<comp id="1689" class="1004" name="bitcast_ln29_132_fu_1689">
<pin_list>
<pin id="1690" dir="0" index="0" bw="32" slack="0"/>
<pin id="1691" dir="1" index="1" bw="32" slack="0"/>
</pin_list>
<bind>
<opcode="bitcast(44) " fcode="bitcast"/>
<opset="bitcast_ln29_132/2 "/>
</bind>
</comp>

<comp id="1693" class="1004" name="bitcast_ln29_133_fu_1693">
<pin_list>
<pin id="1694" dir="0" index="0" bw="32" slack="0"/>
<pin id="1695" dir="1" index="1" bw="32" slack="0"/>
</pin_list>
<bind>
<opcode="bitcast(44) " fcode="bitcast"/>
<opset="bitcast_ln29_133/2 "/>
</bind>
</comp>

<comp id="1697" class="1004" name="bitcast_ln29_134_fu_1697">
<pin_list>
<pin id="1698" dir="0" index="0" bw="32" slack="0"/>
<pin id="1699" dir="1" index="1" bw="32" slack="0"/>
</pin_list>
<bind>
<opcode="bitcast(44) " fcode="bitcast"/>
<opset="bitcast_ln29_134/2 "/>
</bind>
</comp>

<comp id="1701" class="1004" name="bitcast_ln29_135_fu_1701">
<pin_list>
<pin id="1702" dir="0" index="0" bw="32" slack="0"/>
<pin id="1703" dir="1" index="1" bw="32" slack="0"/>
</pin_list>
<bind>
<opcode="bitcast(44) " fcode="bitcast"/>
<opset="bitcast_ln29_135/2 "/>
</bind>
</comp>

<comp id="1705" class="1004" name="bitcast_ln29_136_fu_1705">
<pin_list>
<pin id="1706" dir="0" index="0" bw="32" slack="0"/>
<pin id="1707" dir="1" index="1" bw="32" slack="0"/>
</pin_list>
<bind>
<opcode="bitcast(44) " fcode="bitcast"/>
<opset="bitcast_ln29_136/2 "/>
</bind>
</comp>

<comp id="1709" class="1004" name="tmp_15_fu_1709">
<pin_list>
<pin id="1710" dir="0" index="0" bw="32" slack="0"/>
<pin id="1711" dir="0" index="1" bw="3" slack="0"/>
<pin id="1712" dir="0" index="2" bw="32" slack="0"/>
<pin id="1713" dir="0" index="3" bw="3" slack="0"/>
<pin id="1714" dir="0" index="4" bw="32" slack="0"/>
<pin id="1715" dir="0" index="5" bw="3" slack="0"/>
<pin id="1716" dir="0" index="6" bw="32" slack="0"/>
<pin id="1717" dir="0" index="7" bw="3" slack="0"/>
<pin id="1718" dir="0" index="8" bw="32" slack="0"/>
<pin id="1719" dir="0" index="9" bw="3" slack="0"/>
<pin id="1720" dir="0" index="10" bw="32" slack="0"/>
<pin id="1721" dir="0" index="11" bw="3" slack="0"/>
<pin id="1722" dir="0" index="12" bw="32" slack="0"/>
<pin id="1723" dir="0" index="13" bw="3" slack="0"/>
<pin id="1724" dir="0" index="14" bw="32" slack="0"/>
<pin id="1725" dir="0" index="15" bw="3" slack="0"/>
<pin id="1726" dir="0" index="16" bw="32" slack="0"/>
<pin id="1727" dir="0" index="17" bw="32" slack="0"/>
<pin id="1728" dir="0" index="18" bw="3" slack="0"/>
<pin id="1729" dir="1" index="19" bw="32" slack="2"/>
</pin_list>
<bind>
<opcode="sparsemux(1197) " fcode="sparsemux"/>
<opset="tmp_15/2 "/>
</bind>
</comp>

<comp id="1749" class="1004" name="bitcast_ln29_137_fu_1749">
<pin_list>
<pin id="1750" dir="0" index="0" bw="32" slack="0"/>
<pin id="1751" dir="1" index="1" bw="32" slack="0"/>
</pin_list>
<bind>
<opcode="bitcast(44) " fcode="bitcast"/>
<opset="bitcast_ln29_137/2 "/>
</bind>
</comp>

<comp id="1753" class="1004" name="bitcast_ln29_138_fu_1753">
<pin_list>
<pin id="1754" dir="0" index="0" bw="32" slack="0"/>
<pin id="1755" dir="1" index="1" bw="32" slack="0"/>
</pin_list>
<bind>
<opcode="bitcast(44) " fcode="bitcast"/>
<opset="bitcast_ln29_138/2 "/>
</bind>
</comp>

<comp id="1757" class="1004" name="bitcast_ln29_139_fu_1757">
<pin_list>
<pin id="1758" dir="0" index="0" bw="32" slack="0"/>
<pin id="1759" dir="1" index="1" bw="32" slack="0"/>
</pin_list>
<bind>
<opcode="bitcast(44) " fcode="bitcast"/>
<opset="bitcast_ln29_139/2 "/>
</bind>
</comp>

<comp id="1761" class="1004" name="bitcast_ln29_140_fu_1761">
<pin_list>
<pin id="1762" dir="0" index="0" bw="32" slack="0"/>
<pin id="1763" dir="1" index="1" bw="32" slack="0"/>
</pin_list>
<bind>
<opcode="bitcast(44) " fcode="bitcast"/>
<opset="bitcast_ln29_140/2 "/>
</bind>
</comp>

<comp id="1765" class="1004" name="bitcast_ln29_141_fu_1765">
<pin_list>
<pin id="1766" dir="0" index="0" bw="32" slack="0"/>
<pin id="1767" dir="1" index="1" bw="32" slack="0"/>
</pin_list>
<bind>
<opcode="bitcast(44) " fcode="bitcast"/>
<opset="bitcast_ln29_141/2 "/>
</bind>
</comp>

<comp id="1769" class="1004" name="bitcast_ln29_142_fu_1769">
<pin_list>
<pin id="1770" dir="0" index="0" bw="32" slack="0"/>
<pin id="1771" dir="1" index="1" bw="32" slack="0"/>
</pin_list>
<bind>
<opcode="bitcast(44) " fcode="bitcast"/>
<opset="bitcast_ln29_142/2 "/>
</bind>
</comp>

<comp id="1773" class="1004" name="bitcast_ln29_143_fu_1773">
<pin_list>
<pin id="1774" dir="0" index="0" bw="32" slack="0"/>
<pin id="1775" dir="1" index="1" bw="32" slack="0"/>
</pin_list>
<bind>
<opcode="bitcast(44) " fcode="bitcast"/>
<opset="bitcast_ln29_143/2 "/>
</bind>
</comp>

<comp id="1777" class="1004" name="bitcast_ln29_144_fu_1777">
<pin_list>
<pin id="1778" dir="0" index="0" bw="32" slack="0"/>
<pin id="1779" dir="1" index="1" bw="32" slack="0"/>
</pin_list>
<bind>
<opcode="bitcast(44) " fcode="bitcast"/>
<opset="bitcast_ln29_144/2 "/>
</bind>
</comp>

<comp id="1781" class="1004" name="tmp_16_fu_1781">
<pin_list>
<pin id="1782" dir="0" index="0" bw="32" slack="0"/>
<pin id="1783" dir="0" index="1" bw="3" slack="0"/>
<pin id="1784" dir="0" index="2" bw="32" slack="0"/>
<pin id="1785" dir="0" index="3" bw="3" slack="0"/>
<pin id="1786" dir="0" index="4" bw="32" slack="0"/>
<pin id="1787" dir="0" index="5" bw="3" slack="0"/>
<pin id="1788" dir="0" index="6" bw="32" slack="0"/>
<pin id="1789" dir="0" index="7" bw="3" slack="0"/>
<pin id="1790" dir="0" index="8" bw="32" slack="0"/>
<pin id="1791" dir="0" index="9" bw="3" slack="0"/>
<pin id="1792" dir="0" index="10" bw="32" slack="0"/>
<pin id="1793" dir="0" index="11" bw="3" slack="0"/>
<pin id="1794" dir="0" index="12" bw="32" slack="0"/>
<pin id="1795" dir="0" index="13" bw="3" slack="0"/>
<pin id="1796" dir="0" index="14" bw="32" slack="0"/>
<pin id="1797" dir="0" index="15" bw="3" slack="0"/>
<pin id="1798" dir="0" index="16" bw="32" slack="0"/>
<pin id="1799" dir="0" index="17" bw="32" slack="0"/>
<pin id="1800" dir="0" index="18" bw="3" slack="0"/>
<pin id="1801" dir="1" index="19" bw="32" slack="3"/>
</pin_list>
<bind>
<opcode="sparsemux(1197) " fcode="sparsemux"/>
<opset="tmp_16/2 "/>
</bind>
</comp>

<comp id="1821" class="1004" name="idx_46_fu_1821">
<pin_list>
<pin id="1822" dir="0" index="0" bw="10" slack="1"/>
<pin id="1823" dir="0" index="1" bw="10" slack="1"/>
<pin id="1824" dir="1" index="2" bw="10" slack="1"/>
</pin_list>
<bind>
<opcode="add(8) " fcode="add"/>
<opset="idx_46/2 "/>
</bind>
</comp>

<comp id="1825" class="1004" name="bitcast_ln29_145_fu_1825">
<pin_list>
<pin id="1826" dir="0" index="0" bw="32" slack="0"/>
<pin id="1827" dir="1" index="1" bw="32" slack="0"/>
</pin_list>
<bind>
<opcode="bitcast(44) " fcode="bitcast"/>
<opset="bitcast_ln29_145/2 "/>
</bind>
</comp>

<comp id="1829" class="1004" name="bitcast_ln29_146_fu_1829">
<pin_list>
<pin id="1830" dir="0" index="0" bw="32" slack="0"/>
<pin id="1831" dir="1" index="1" bw="32" slack="0"/>
</pin_list>
<bind>
<opcode="bitcast(44) " fcode="bitcast"/>
<opset="bitcast_ln29_146/2 "/>
</bind>
</comp>

<comp id="1833" class="1004" name="bitcast_ln29_147_fu_1833">
<pin_list>
<pin id="1834" dir="0" index="0" bw="32" slack="0"/>
<pin id="1835" dir="1" index="1" bw="32" slack="0"/>
</pin_list>
<bind>
<opcode="bitcast(44) " fcode="bitcast"/>
<opset="bitcast_ln29_147/2 "/>
</bind>
</comp>

<comp id="1837" class="1004" name="bitcast_ln29_148_fu_1837">
<pin_list>
<pin id="1838" dir="0" index="0" bw="32" slack="0"/>
<pin id="1839" dir="1" index="1" bw="32" slack="0"/>
</pin_list>
<bind>
<opcode="bitcast(44) " fcode="bitcast"/>
<opset="bitcast_ln29_148/2 "/>
</bind>
</comp>

<comp id="1841" class="1004" name="bitcast_ln29_149_fu_1841">
<pin_list>
<pin id="1842" dir="0" index="0" bw="32" slack="0"/>
<pin id="1843" dir="1" index="1" bw="32" slack="0"/>
</pin_list>
<bind>
<opcode="bitcast(44) " fcode="bitcast"/>
<opset="bitcast_ln29_149/2 "/>
</bind>
</comp>

<comp id="1845" class="1004" name="bitcast_ln29_150_fu_1845">
<pin_list>
<pin id="1846" dir="0" index="0" bw="32" slack="0"/>
<pin id="1847" dir="1" index="1" bw="32" slack="0"/>
</pin_list>
<bind>
<opcode="bitcast(44) " fcode="bitcast"/>
<opset="bitcast_ln29_150/2 "/>
</bind>
</comp>

<comp id="1849" class="1004" name="bitcast_ln29_151_fu_1849">
<pin_list>
<pin id="1850" dir="0" index="0" bw="32" slack="0"/>
<pin id="1851" dir="1" index="1" bw="32" slack="0"/>
</pin_list>
<bind>
<opcode="bitcast(44) " fcode="bitcast"/>
<opset="bitcast_ln29_151/2 "/>
</bind>
</comp>

<comp id="1853" class="1004" name="bitcast_ln29_152_fu_1853">
<pin_list>
<pin id="1854" dir="0" index="0" bw="32" slack="0"/>
<pin id="1855" dir="1" index="1" bw="32" slack="0"/>
</pin_list>
<bind>
<opcode="bitcast(44) " fcode="bitcast"/>
<opset="bitcast_ln29_152/2 "/>
</bind>
</comp>

<comp id="1857" class="1004" name="tmp_17_fu_1857">
<pin_list>
<pin id="1858" dir="0" index="0" bw="32" slack="0"/>
<pin id="1859" dir="0" index="1" bw="3" slack="0"/>
<pin id="1860" dir="0" index="2" bw="32" slack="0"/>
<pin id="1861" dir="0" index="3" bw="3" slack="0"/>
<pin id="1862" dir="0" index="4" bw="32" slack="0"/>
<pin id="1863" dir="0" index="5" bw="3" slack="0"/>
<pin id="1864" dir="0" index="6" bw="32" slack="0"/>
<pin id="1865" dir="0" index="7" bw="3" slack="0"/>
<pin id="1866" dir="0" index="8" bw="32" slack="0"/>
<pin id="1867" dir="0" index="9" bw="3" slack="0"/>
<pin id="1868" dir="0" index="10" bw="32" slack="0"/>
<pin id="1869" dir="0" index="11" bw="3" slack="0"/>
<pin id="1870" dir="0" index="12" bw="32" slack="0"/>
<pin id="1871" dir="0" index="13" bw="3" slack="0"/>
<pin id="1872" dir="0" index="14" bw="32" slack="0"/>
<pin id="1873" dir="0" index="15" bw="3" slack="0"/>
<pin id="1874" dir="0" index="16" bw="32" slack="0"/>
<pin id="1875" dir="0" index="17" bw="32" slack="0"/>
<pin id="1876" dir="0" index="18" bw="3" slack="0"/>
<pin id="1877" dir="1" index="19" bw="32" slack="6"/>
</pin_list>
<bind>
<opcode="sparsemux(1197) " fcode="sparsemux"/>
<opset="tmp_17/2 "/>
</bind>
</comp>

<comp id="1897" class="1004" name="bitcast_ln29_153_fu_1897">
<pin_list>
<pin id="1898" dir="0" index="0" bw="32" slack="0"/>
<pin id="1899" dir="1" index="1" bw="32" slack="0"/>
</pin_list>
<bind>
<opcode="bitcast(44) " fcode="bitcast"/>
<opset="bitcast_ln29_153/2 "/>
</bind>
</comp>

<comp id="1901" class="1004" name="bitcast_ln29_154_fu_1901">
<pin_list>
<pin id="1902" dir="0" index="0" bw="32" slack="0"/>
<pin id="1903" dir="1" index="1" bw="32" slack="0"/>
</pin_list>
<bind>
<opcode="bitcast(44) " fcode="bitcast"/>
<opset="bitcast_ln29_154/2 "/>
</bind>
</comp>

<comp id="1905" class="1004" name="bitcast_ln29_155_fu_1905">
<pin_list>
<pin id="1906" dir="0" index="0" bw="32" slack="0"/>
<pin id="1907" dir="1" index="1" bw="32" slack="0"/>
</pin_list>
<bind>
<opcode="bitcast(44) " fcode="bitcast"/>
<opset="bitcast_ln29_155/2 "/>
</bind>
</comp>

<comp id="1909" class="1004" name="bitcast_ln29_156_fu_1909">
<pin_list>
<pin id="1910" dir="0" index="0" bw="32" slack="0"/>
<pin id="1911" dir="1" index="1" bw="32" slack="0"/>
</pin_list>
<bind>
<opcode="bitcast(44) " fcode="bitcast"/>
<opset="bitcast_ln29_156/2 "/>
</bind>
</comp>

<comp id="1913" class="1004" name="bitcast_ln29_157_fu_1913">
<pin_list>
<pin id="1914" dir="0" index="0" bw="32" slack="0"/>
<pin id="1915" dir="1" index="1" bw="32" slack="0"/>
</pin_list>
<bind>
<opcode="bitcast(44) " fcode="bitcast"/>
<opset="bitcast_ln29_157/2 "/>
</bind>
</comp>

<comp id="1917" class="1004" name="bitcast_ln29_158_fu_1917">
<pin_list>
<pin id="1918" dir="0" index="0" bw="32" slack="0"/>
<pin id="1919" dir="1" index="1" bw="32" slack="0"/>
</pin_list>
<bind>
<opcode="bitcast(44) " fcode="bitcast"/>
<opset="bitcast_ln29_158/2 "/>
</bind>
</comp>

<comp id="1921" class="1004" name="bitcast_ln29_159_fu_1921">
<pin_list>
<pin id="1922" dir="0" index="0" bw="32" slack="0"/>
<pin id="1923" dir="1" index="1" bw="32" slack="0"/>
</pin_list>
<bind>
<opcode="bitcast(44) " fcode="bitcast"/>
<opset="bitcast_ln29_159/2 "/>
</bind>
</comp>

<comp id="1925" class="1004" name="bitcast_ln29_160_fu_1925">
<pin_list>
<pin id="1926" dir="0" index="0" bw="32" slack="0"/>
<pin id="1927" dir="1" index="1" bw="32" slack="0"/>
</pin_list>
<bind>
<opcode="bitcast(44) " fcode="bitcast"/>
<opset="bitcast_ln29_160/2 "/>
</bind>
</comp>

<comp id="1929" class="1004" name="tmp_18_fu_1929">
<pin_list>
<pin id="1930" dir="0" index="0" bw="32" slack="0"/>
<pin id="1931" dir="0" index="1" bw="3" slack="0"/>
<pin id="1932" dir="0" index="2" bw="32" slack="0"/>
<pin id="1933" dir="0" index="3" bw="3" slack="0"/>
<pin id="1934" dir="0" index="4" bw="32" slack="0"/>
<pin id="1935" dir="0" index="5" bw="3" slack="0"/>
<pin id="1936" dir="0" index="6" bw="32" slack="0"/>
<pin id="1937" dir="0" index="7" bw="3" slack="0"/>
<pin id="1938" dir="0" index="8" bw="32" slack="0"/>
<pin id="1939" dir="0" index="9" bw="3" slack="0"/>
<pin id="1940" dir="0" index="10" bw="32" slack="0"/>
<pin id="1941" dir="0" index="11" bw="3" slack="0"/>
<pin id="1942" dir="0" index="12" bw="32" slack="0"/>
<pin id="1943" dir="0" index="13" bw="3" slack="0"/>
<pin id="1944" dir="0" index="14" bw="32" slack="0"/>
<pin id="1945" dir="0" index="15" bw="3" slack="0"/>
<pin id="1946" dir="0" index="16" bw="32" slack="0"/>
<pin id="1947" dir="0" index="17" bw="32" slack="0"/>
<pin id="1948" dir="0" index="18" bw="3" slack="0"/>
<pin id="1949" dir="1" index="19" bw="32" slack="7"/>
</pin_list>
<bind>
<opcode="sparsemux(1197) " fcode="sparsemux"/>
<opset="tmp_18/2 "/>
</bind>
</comp>

<comp id="1969" class="1004" name="tmp_78_fu_1969">
<pin_list>
<pin id="1970" dir="0" index="0" bw="5" slack="0"/>
<pin id="1971" dir="0" index="1" bw="11" slack="1"/>
<pin id="1972" dir="0" index="2" bw="3" slack="0"/>
<pin id="1973" dir="0" index="3" bw="4" slack="0"/>
<pin id="1974" dir="1" index="4" bw="5" slack="0"/>
</pin_list>
<bind>
<opcode="partselect(1002) " fcode="partselect"/>
<opset="tmp_78/2 "/>
</bind>
</comp>

<comp id="1978" class="1004" name="or_ln26_8_fu_1978">
<pin_list>
<pin id="1979" dir="0" index="0" bw="7" slack="0"/>
<pin id="1980" dir="0" index="1" bw="5" slack="0"/>
<pin id="1981" dir="0" index="2" bw="2" slack="0"/>
<pin id="1982" dir="1" index="3" bw="7" slack="0"/>
</pin_list>
<bind>
<opcode="bitconcatenate(1004) " fcode="bitconcatenate"/>
<opset="or_ln26_8/2 "/>
</bind>
</comp>

<comp id="1986" class="1004" name="zext_ln26_8_fu_1986">
<pin_list>
<pin id="1987" dir="0" index="0" bw="7" slack="0"/>
<pin id="1988" dir="1" index="1" bw="64" slack="0"/>
</pin_list>
<bind>
<opcode="zext(34) " fcode="zext"/>
<opset="zext_ln26_8/2 "/>
</bind>
</comp>

<comp id="2006" class="1004" name="or_ln26_9_fu_2006">
<pin_list>
<pin id="2007" dir="0" index="0" bw="7" slack="0"/>
<pin id="2008" dir="0" index="1" bw="5" slack="0"/>
<pin id="2009" dir="0" index="2" bw="1" slack="0"/>
<pin id="2010" dir="1" index="3" bw="7" slack="0"/>
</pin_list>
<bind>
<opcode="bitconcatenate(1004) " fcode="bitconcatenate"/>
<opset="or_ln26_9/2 "/>
</bind>
</comp>

<comp id="2014" class="1004" name="zext_ln26_9_fu_2014">
<pin_list>
<pin id="2015" dir="0" index="0" bw="7" slack="0"/>
<pin id="2016" dir="1" index="1" bw="64" slack="0"/>
</pin_list>
<bind>
<opcode="zext(34) " fcode="zext"/>
<opset="zext_ln26_9/2 "/>
</bind>
</comp>

<comp id="2034" class="1004" name="zext_ln27_9_fu_2034">
<pin_list>
<pin id="2035" dir="0" index="0" bw="10" slack="1"/>
<pin id="2036" dir="1" index="1" bw="64" slack="0"/>
</pin_list>
<bind>
<opcode="zext(34) " fcode="zext"/>
<opset="zext_ln27_9/3 "/>
</bind>
</comp>

<comp id="2039" class="1004" name="bitcast_ln29_161_fu_2039">
<pin_list>
<pin id="2040" dir="0" index="0" bw="32" slack="0"/>
<pin id="2041" dir="1" index="1" bw="32" slack="0"/>
</pin_list>
<bind>
<opcode="bitcast(44) " fcode="bitcast"/>
<opset="bitcast_ln29_161/3 "/>
</bind>
</comp>

<comp id="2043" class="1004" name="bitcast_ln29_162_fu_2043">
<pin_list>
<pin id="2044" dir="0" index="0" bw="32" slack="0"/>
<pin id="2045" dir="1" index="1" bw="32" slack="0"/>
</pin_list>
<bind>
<opcode="bitcast(44) " fcode="bitcast"/>
<opset="bitcast_ln29_162/3 "/>
</bind>
</comp>

<comp id="2047" class="1004" name="bitcast_ln29_163_fu_2047">
<pin_list>
<pin id="2048" dir="0" index="0" bw="32" slack="0"/>
<pin id="2049" dir="1" index="1" bw="32" slack="0"/>
</pin_list>
<bind>
<opcode="bitcast(44) " fcode="bitcast"/>
<opset="bitcast_ln29_163/3 "/>
</bind>
</comp>

<comp id="2051" class="1004" name="bitcast_ln29_164_fu_2051">
<pin_list>
<pin id="2052" dir="0" index="0" bw="32" slack="0"/>
<pin id="2053" dir="1" index="1" bw="32" slack="0"/>
</pin_list>
<bind>
<opcode="bitcast(44) " fcode="bitcast"/>
<opset="bitcast_ln29_164/3 "/>
</bind>
</comp>

<comp id="2055" class="1004" name="bitcast_ln29_165_fu_2055">
<pin_list>
<pin id="2056" dir="0" index="0" bw="32" slack="0"/>
<pin id="2057" dir="1" index="1" bw="32" slack="0"/>
</pin_list>
<bind>
<opcode="bitcast(44) " fcode="bitcast"/>
<opset="bitcast_ln29_165/3 "/>
</bind>
</comp>

<comp id="2059" class="1004" name="bitcast_ln29_166_fu_2059">
<pin_list>
<pin id="2060" dir="0" index="0" bw="32" slack="0"/>
<pin id="2061" dir="1" index="1" bw="32" slack="0"/>
</pin_list>
<bind>
<opcode="bitcast(44) " fcode="bitcast"/>
<opset="bitcast_ln29_166/3 "/>
</bind>
</comp>

<comp id="2063" class="1004" name="bitcast_ln29_167_fu_2063">
<pin_list>
<pin id="2064" dir="0" index="0" bw="32" slack="0"/>
<pin id="2065" dir="1" index="1" bw="32" slack="0"/>
</pin_list>
<bind>
<opcode="bitcast(44) " fcode="bitcast"/>
<opset="bitcast_ln29_167/3 "/>
</bind>
</comp>

<comp id="2067" class="1004" name="bitcast_ln29_168_fu_2067">
<pin_list>
<pin id="2068" dir="0" index="0" bw="32" slack="0"/>
<pin id="2069" dir="1" index="1" bw="32" slack="0"/>
</pin_list>
<bind>
<opcode="bitcast(44) " fcode="bitcast"/>
<opset="bitcast_ln29_168/3 "/>
</bind>
</comp>

<comp id="2071" class="1004" name="tmp_19_fu_2071">
<pin_list>
<pin id="2072" dir="0" index="0" bw="32" slack="0"/>
<pin id="2073" dir="0" index="1" bw="3" slack="0"/>
<pin id="2074" dir="0" index="2" bw="32" slack="0"/>
<pin id="2075" dir="0" index="3" bw="3" slack="0"/>
<pin id="2076" dir="0" index="4" bw="32" slack="0"/>
<pin id="2077" dir="0" index="5" bw="3" slack="0"/>
<pin id="2078" dir="0" index="6" bw="32" slack="0"/>
<pin id="2079" dir="0" index="7" bw="3" slack="0"/>
<pin id="2080" dir="0" index="8" bw="32" slack="0"/>
<pin id="2081" dir="0" index="9" bw="3" slack="0"/>
<pin id="2082" dir="0" index="10" bw="32" slack="0"/>
<pin id="2083" dir="0" index="11" bw="3" slack="0"/>
<pin id="2084" dir="0" index="12" bw="32" slack="0"/>
<pin id="2085" dir="0" index="13" bw="3" slack="0"/>
<pin id="2086" dir="0" index="14" bw="32" slack="0"/>
<pin id="2087" dir="0" index="15" bw="3" slack="0"/>
<pin id="2088" dir="0" index="16" bw="32" slack="0"/>
<pin id="2089" dir="0" index="17" bw="32" slack="0"/>
<pin id="2090" dir="0" index="18" bw="3" slack="1"/>
<pin id="2091" dir="1" index="19" bw="32" slack="9"/>
</pin_list>
<bind>
<opcode="sparsemux(1197) " fcode="sparsemux"/>
<opset="tmp_19/3 "/>
</bind>
</comp>

<comp id="2110" class="1004" name="bitcast_ln29_169_fu_2110">
<pin_list>
<pin id="2111" dir="0" index="0" bw="32" slack="0"/>
<pin id="2112" dir="1" index="1" bw="32" slack="0"/>
</pin_list>
<bind>
<opcode="bitcast(44) " fcode="bitcast"/>
<opset="bitcast_ln29_169/3 "/>
</bind>
</comp>

<comp id="2114" class="1004" name="bitcast_ln29_170_fu_2114">
<pin_list>
<pin id="2115" dir="0" index="0" bw="32" slack="0"/>
<pin id="2116" dir="1" index="1" bw="32" slack="0"/>
</pin_list>
<bind>
<opcode="bitcast(44) " fcode="bitcast"/>
<opset="bitcast_ln29_170/3 "/>
</bind>
</comp>

<comp id="2118" class="1004" name="bitcast_ln29_171_fu_2118">
<pin_list>
<pin id="2119" dir="0" index="0" bw="32" slack="0"/>
<pin id="2120" dir="1" index="1" bw="32" slack="0"/>
</pin_list>
<bind>
<opcode="bitcast(44) " fcode="bitcast"/>
<opset="bitcast_ln29_171/3 "/>
</bind>
</comp>

<comp id="2122" class="1004" name="bitcast_ln29_172_fu_2122">
<pin_list>
<pin id="2123" dir="0" index="0" bw="32" slack="0"/>
<pin id="2124" dir="1" index="1" bw="32" slack="0"/>
</pin_list>
<bind>
<opcode="bitcast(44) " fcode="bitcast"/>
<opset="bitcast_ln29_172/3 "/>
</bind>
</comp>

<comp id="2126" class="1004" name="bitcast_ln29_173_fu_2126">
<pin_list>
<pin id="2127" dir="0" index="0" bw="32" slack="0"/>
<pin id="2128" dir="1" index="1" bw="32" slack="0"/>
</pin_list>
<bind>
<opcode="bitcast(44) " fcode="bitcast"/>
<opset="bitcast_ln29_173/3 "/>
</bind>
</comp>

<comp id="2130" class="1004" name="bitcast_ln29_174_fu_2130">
<pin_list>
<pin id="2131" dir="0" index="0" bw="32" slack="0"/>
<pin id="2132" dir="1" index="1" bw="32" slack="0"/>
</pin_list>
<bind>
<opcode="bitcast(44) " fcode="bitcast"/>
<opset="bitcast_ln29_174/3 "/>
</bind>
</comp>

<comp id="2134" class="1004" name="bitcast_ln29_175_fu_2134">
<pin_list>
<pin id="2135" dir="0" index="0" bw="32" slack="0"/>
<pin id="2136" dir="1" index="1" bw="32" slack="0"/>
</pin_list>
<bind>
<opcode="bitcast(44) " fcode="bitcast"/>
<opset="bitcast_ln29_175/3 "/>
</bind>
</comp>

<comp id="2138" class="1004" name="bitcast_ln29_176_fu_2138">
<pin_list>
<pin id="2139" dir="0" index="0" bw="32" slack="0"/>
<pin id="2140" dir="1" index="1" bw="32" slack="0"/>
</pin_list>
<bind>
<opcode="bitcast(44) " fcode="bitcast"/>
<opset="bitcast_ln29_176/3 "/>
</bind>
</comp>

<comp id="2142" class="1004" name="tmp_20_fu_2142">
<pin_list>
<pin id="2143" dir="0" index="0" bw="32" slack="0"/>
<pin id="2144" dir="0" index="1" bw="3" slack="0"/>
<pin id="2145" dir="0" index="2" bw="32" slack="0"/>
<pin id="2146" dir="0" index="3" bw="3" slack="0"/>
<pin id="2147" dir="0" index="4" bw="32" slack="0"/>
<pin id="2148" dir="0" index="5" bw="3" slack="0"/>
<pin id="2149" dir="0" index="6" bw="32" slack="0"/>
<pin id="2150" dir="0" index="7" bw="3" slack="0"/>
<pin id="2151" dir="0" index="8" bw="32" slack="0"/>
<pin id="2152" dir="0" index="9" bw="3" slack="0"/>
<pin id="2153" dir="0" index="10" bw="32" slack="0"/>
<pin id="2154" dir="0" index="11" bw="3" slack="0"/>
<pin id="2155" dir="0" index="12" bw="32" slack="0"/>
<pin id="2156" dir="0" index="13" bw="3" slack="0"/>
<pin id="2157" dir="0" index="14" bw="32" slack="0"/>
<pin id="2158" dir="0" index="15" bw="3" slack="0"/>
<pin id="2159" dir="0" index="16" bw="32" slack="0"/>
<pin id="2160" dir="0" index="17" bw="32" slack="0"/>
<pin id="2161" dir="0" index="18" bw="3" slack="1"/>
<pin id="2162" dir="1" index="19" bw="32" slack="10"/>
</pin_list>
<bind>
<opcode="sparsemux(1197) " fcode="sparsemux"/>
<opset="tmp_20/3 "/>
</bind>
</comp>

<comp id="2181" class="1004" name="bitcast_ln29_177_fu_2181">
<pin_list>
<pin id="2182" dir="0" index="0" bw="32" slack="0"/>
<pin id="2183" dir="1" index="1" bw="32" slack="0"/>
</pin_list>
<bind>
<opcode="bitcast(44) " fcode="bitcast"/>
<opset="bitcast_ln29_177/3 "/>
</bind>
</comp>

<comp id="2185" class="1004" name="bitcast_ln29_178_fu_2185">
<pin_list>
<pin id="2186" dir="0" index="0" bw="32" slack="0"/>
<pin id="2187" dir="1" index="1" bw="32" slack="0"/>
</pin_list>
<bind>
<opcode="bitcast(44) " fcode="bitcast"/>
<opset="bitcast_ln29_178/3 "/>
</bind>
</comp>

<comp id="2189" class="1004" name="bitcast_ln29_179_fu_2189">
<pin_list>
<pin id="2190" dir="0" index="0" bw="32" slack="0"/>
<pin id="2191" dir="1" index="1" bw="32" slack="0"/>
</pin_list>
<bind>
<opcode="bitcast(44) " fcode="bitcast"/>
<opset="bitcast_ln29_179/3 "/>
</bind>
</comp>

<comp id="2193" class="1004" name="bitcast_ln29_180_fu_2193">
<pin_list>
<pin id="2194" dir="0" index="0" bw="32" slack="0"/>
<pin id="2195" dir="1" index="1" bw="32" slack="0"/>
</pin_list>
<bind>
<opcode="bitcast(44) " fcode="bitcast"/>
<opset="bitcast_ln29_180/3 "/>
</bind>
</comp>

<comp id="2197" class="1004" name="bitcast_ln29_181_fu_2197">
<pin_list>
<pin id="2198" dir="0" index="0" bw="32" slack="0"/>
<pin id="2199" dir="1" index="1" bw="32" slack="0"/>
</pin_list>
<bind>
<opcode="bitcast(44) " fcode="bitcast"/>
<opset="bitcast_ln29_181/3 "/>
</bind>
</comp>

<comp id="2201" class="1004" name="bitcast_ln29_182_fu_2201">
<pin_list>
<pin id="2202" dir="0" index="0" bw="32" slack="0"/>
<pin id="2203" dir="1" index="1" bw="32" slack="0"/>
</pin_list>
<bind>
<opcode="bitcast(44) " fcode="bitcast"/>
<opset="bitcast_ln29_182/3 "/>
</bind>
</comp>

<comp id="2205" class="1004" name="bitcast_ln29_183_fu_2205">
<pin_list>
<pin id="2206" dir="0" index="0" bw="32" slack="0"/>
<pin id="2207" dir="1" index="1" bw="32" slack="0"/>
</pin_list>
<bind>
<opcode="bitcast(44) " fcode="bitcast"/>
<opset="bitcast_ln29_183/3 "/>
</bind>
</comp>

<comp id="2209" class="1004" name="bitcast_ln29_184_fu_2209">
<pin_list>
<pin id="2210" dir="0" index="0" bw="32" slack="0"/>
<pin id="2211" dir="1" index="1" bw="32" slack="0"/>
</pin_list>
<bind>
<opcode="bitcast(44) " fcode="bitcast"/>
<opset="bitcast_ln29_184/3 "/>
</bind>
</comp>

<comp id="2213" class="1004" name="tmp_21_fu_2213">
<pin_list>
<pin id="2214" dir="0" index="0" bw="32" slack="0"/>
<pin id="2215" dir="0" index="1" bw="3" slack="0"/>
<pin id="2216" dir="0" index="2" bw="32" slack="0"/>
<pin id="2217" dir="0" index="3" bw="3" slack="0"/>
<pin id="2218" dir="0" index="4" bw="32" slack="0"/>
<pin id="2219" dir="0" index="5" bw="3" slack="0"/>
<pin id="2220" dir="0" index="6" bw="32" slack="0"/>
<pin id="2221" dir="0" index="7" bw="3" slack="0"/>
<pin id="2222" dir="0" index="8" bw="32" slack="0"/>
<pin id="2223" dir="0" index="9" bw="3" slack="0"/>
<pin id="2224" dir="0" index="10" bw="32" slack="0"/>
<pin id="2225" dir="0" index="11" bw="3" slack="0"/>
<pin id="2226" dir="0" index="12" bw="32" slack="0"/>
<pin id="2227" dir="0" index="13" bw="3" slack="0"/>
<pin id="2228" dir="0" index="14" bw="32" slack="0"/>
<pin id="2229" dir="0" index="15" bw="3" slack="0"/>
<pin id="2230" dir="0" index="16" bw="32" slack="0"/>
<pin id="2231" dir="0" index="17" bw="32" slack="0"/>
<pin id="2232" dir="0" index="18" bw="3" slack="1"/>
<pin id="2233" dir="1" index="19" bw="32" slack="13"/>
</pin_list>
<bind>
<opcode="sparsemux(1197) " fcode="sparsemux"/>
<opset="tmp_21/3 "/>
</bind>
</comp>

<comp id="2252" class="1004" name="bitcast_ln29_185_fu_2252">
<pin_list>
<pin id="2253" dir="0" index="0" bw="32" slack="0"/>
<pin id="2254" dir="1" index="1" bw="32" slack="0"/>
</pin_list>
<bind>
<opcode="bitcast(44) " fcode="bitcast"/>
<opset="bitcast_ln29_185/3 "/>
</bind>
</comp>

<comp id="2256" class="1004" name="bitcast_ln29_186_fu_2256">
<pin_list>
<pin id="2257" dir="0" index="0" bw="32" slack="0"/>
<pin id="2258" dir="1" index="1" bw="32" slack="0"/>
</pin_list>
<bind>
<opcode="bitcast(44) " fcode="bitcast"/>
<opset="bitcast_ln29_186/3 "/>
</bind>
</comp>

<comp id="2260" class="1004" name="bitcast_ln29_187_fu_2260">
<pin_list>
<pin id="2261" dir="0" index="0" bw="32" slack="0"/>
<pin id="2262" dir="1" index="1" bw="32" slack="0"/>
</pin_list>
<bind>
<opcode="bitcast(44) " fcode="bitcast"/>
<opset="bitcast_ln29_187/3 "/>
</bind>
</comp>

<comp id="2264" class="1004" name="bitcast_ln29_188_fu_2264">
<pin_list>
<pin id="2265" dir="0" index="0" bw="32" slack="0"/>
<pin id="2266" dir="1" index="1" bw="32" slack="0"/>
</pin_list>
<bind>
<opcode="bitcast(44) " fcode="bitcast"/>
<opset="bitcast_ln29_188/3 "/>
</bind>
</comp>

<comp id="2268" class="1004" name="bitcast_ln29_189_fu_2268">
<pin_list>
<pin id="2269" dir="0" index="0" bw="32" slack="0"/>
<pin id="2270" dir="1" index="1" bw="32" slack="0"/>
</pin_list>
<bind>
<opcode="bitcast(44) " fcode="bitcast"/>
<opset="bitcast_ln29_189/3 "/>
</bind>
</comp>

<comp id="2272" class="1004" name="bitcast_ln29_190_fu_2272">
<pin_list>
<pin id="2273" dir="0" index="0" bw="32" slack="0"/>
<pin id="2274" dir="1" index="1" bw="32" slack="0"/>
</pin_list>
<bind>
<opcode="bitcast(44) " fcode="bitcast"/>
<opset="bitcast_ln29_190/3 "/>
</bind>
</comp>

<comp id="2276" class="1004" name="bitcast_ln29_191_fu_2276">
<pin_list>
<pin id="2277" dir="0" index="0" bw="32" slack="0"/>
<pin id="2278" dir="1" index="1" bw="32" slack="0"/>
</pin_list>
<bind>
<opcode="bitcast(44) " fcode="bitcast"/>
<opset="bitcast_ln29_191/3 "/>
</bind>
</comp>

<comp id="2280" class="1004" name="bitcast_ln29_192_fu_2280">
<pin_list>
<pin id="2281" dir="0" index="0" bw="32" slack="0"/>
<pin id="2282" dir="1" index="1" bw="32" slack="0"/>
</pin_list>
<bind>
<opcode="bitcast(44) " fcode="bitcast"/>
<opset="bitcast_ln29_192/3 "/>
</bind>
</comp>

<comp id="2284" class="1004" name="tmp_22_fu_2284">
<pin_list>
<pin id="2285" dir="0" index="0" bw="32" slack="0"/>
<pin id="2286" dir="0" index="1" bw="3" slack="0"/>
<pin id="2287" dir="0" index="2" bw="32" slack="0"/>
<pin id="2288" dir="0" index="3" bw="3" slack="0"/>
<pin id="2289" dir="0" index="4" bw="32" slack="0"/>
<pin id="2290" dir="0" index="5" bw="3" slack="0"/>
<pin id="2291" dir="0" index="6" bw="32" slack="0"/>
<pin id="2292" dir="0" index="7" bw="3" slack="0"/>
<pin id="2293" dir="0" index="8" bw="32" slack="0"/>
<pin id="2294" dir="0" index="9" bw="3" slack="0"/>
<pin id="2295" dir="0" index="10" bw="32" slack="0"/>
<pin id="2296" dir="0" index="11" bw="3" slack="0"/>
<pin id="2297" dir="0" index="12" bw="32" slack="0"/>
<pin id="2298" dir="0" index="13" bw="3" slack="0"/>
<pin id="2299" dir="0" index="14" bw="32" slack="0"/>
<pin id="2300" dir="0" index="15" bw="3" slack="0"/>
<pin id="2301" dir="0" index="16" bw="32" slack="0"/>
<pin id="2302" dir="0" index="17" bw="32" slack="0"/>
<pin id="2303" dir="0" index="18" bw="3" slack="1"/>
<pin id="2304" dir="1" index="19" bw="32" slack="14"/>
</pin_list>
<bind>
<opcode="sparsemux(1197) " fcode="sparsemux"/>
<opset="tmp_22/3 "/>
</bind>
</comp>

<comp id="2323" class="1004" name="tmp_79_fu_2323">
<pin_list>
<pin id="2324" dir="0" index="0" bw="4" slack="0"/>
<pin id="2325" dir="0" index="1" bw="11" slack="2"/>
<pin id="2326" dir="0" index="2" bw="3" slack="0"/>
<pin id="2327" dir="0" index="3" bw="4" slack="0"/>
<pin id="2328" dir="1" index="4" bw="4" slack="0"/>
</pin_list>
<bind>
<opcode="partselect(1002) " fcode="partselect"/>
<opset="tmp_79/3 "/>
</bind>
</comp>

<comp id="2332" class="1004" name="or_ln26_s_fu_2332">
<pin_list>
<pin id="2333" dir="0" index="0" bw="7" slack="0"/>
<pin id="2334" dir="0" index="1" bw="4" slack="0"/>
<pin id="2335" dir="0" index="2" bw="3" slack="0"/>
<pin id="2336" dir="1" index="3" bw="7" slack="0"/>
</pin_list>
<bind>
<opcode="bitconcatenate(1004) " fcode="bitconcatenate"/>
<opset="or_ln26_s/3 "/>
</bind>
</comp>

<comp id="2340" class="1004" name="zext_ln26_10_fu_2340">
<pin_list>
<pin id="2341" dir="0" index="0" bw="7" slack="0"/>
<pin id="2342" dir="1" index="1" bw="64" slack="0"/>
</pin_list>
<bind>
<opcode="zext(34) " fcode="zext"/>
<opset="zext_ln26_10/3 "/>
</bind>
</comp>

<comp id="2360" class="1004" name="tmp_31_fu_2360">
<pin_list>
<pin id="2361" dir="0" index="0" bw="1" slack="0"/>
<pin id="2362" dir="0" index="1" bw="11" slack="2"/>
<pin id="2363" dir="0" index="2" bw="1" slack="0"/>
<pin id="2364" dir="1" index="3" bw="1" slack="0"/>
</pin_list>
<bind>
<opcode="bitselect(1000) " fcode="bitselect"/>
<opset="tmp_31/3 "/>
</bind>
</comp>

<comp id="2367" class="1004" name="or_ln26_10_fu_2367">
<pin_list>
<pin id="2368" dir="0" index="0" bw="7" slack="0"/>
<pin id="2369" dir="0" index="1" bw="4" slack="0"/>
<pin id="2370" dir="0" index="2" bw="1" slack="0"/>
<pin id="2371" dir="0" index="3" bw="1" slack="0"/>
<pin id="2372" dir="0" index="4" bw="1" slack="0"/>
<pin id="2373" dir="1" index="5" bw="7" slack="0"/>
</pin_list>
<bind>
<opcode="bitconcatenate(1004) " fcode="bitconcatenate"/>
<opset="or_ln26_10/3 "/>
</bind>
</comp>

<comp id="2379" class="1004" name="zext_ln26_11_fu_2379">
<pin_list>
<pin id="2380" dir="0" index="0" bw="7" slack="0"/>
<pin id="2381" dir="1" index="1" bw="64" slack="0"/>
</pin_list>
<bind>
<opcode="zext(34) " fcode="zext"/>
<opset="zext_ln26_11/3 "/>
</bind>
</comp>

<comp id="2399" class="1004" name="idx_47_fu_2399">
<pin_list>
<pin id="2400" dir="0" index="0" bw="10" slack="2"/>
<pin id="2401" dir="0" index="1" bw="10" slack="3"/>
<pin id="2402" dir="1" index="2" bw="10" slack="0"/>
</pin_list>
<bind>
<opcode="add(8) " fcode="add"/>
<opset="idx_47/4 "/>
</bind>
</comp>

<comp id="2403" class="1004" name="zext_ln27_10_fu_2403">
<pin_list>
<pin id="2404" dir="0" index="0" bw="10" slack="0"/>
<pin id="2405" dir="1" index="1" bw="64" slack="0"/>
</pin_list>
<bind>
<opcode="zext(34) " fcode="zext"/>
<opset="zext_ln27_10/4 "/>
</bind>
</comp>

<comp id="2409" class="1004" name="bitcast_ln29_193_fu_2409">
<pin_list>
<pin id="2410" dir="0" index="0" bw="32" slack="0"/>
<pin id="2411" dir="1" index="1" bw="32" slack="0"/>
</pin_list>
<bind>
<opcode="bitcast(44) " fcode="bitcast"/>
<opset="bitcast_ln29_193/4 "/>
</bind>
</comp>

<comp id="2413" class="1004" name="bitcast_ln29_194_fu_2413">
<pin_list>
<pin id="2414" dir="0" index="0" bw="32" slack="0"/>
<pin id="2415" dir="1" index="1" bw="32" slack="0"/>
</pin_list>
<bind>
<opcode="bitcast(44) " fcode="bitcast"/>
<opset="bitcast_ln29_194/4 "/>
</bind>
</comp>

<comp id="2417" class="1004" name="bitcast_ln29_195_fu_2417">
<pin_list>
<pin id="2418" dir="0" index="0" bw="32" slack="0"/>
<pin id="2419" dir="1" index="1" bw="32" slack="0"/>
</pin_list>
<bind>
<opcode="bitcast(44) " fcode="bitcast"/>
<opset="bitcast_ln29_195/4 "/>
</bind>
</comp>

<comp id="2421" class="1004" name="bitcast_ln29_196_fu_2421">
<pin_list>
<pin id="2422" dir="0" index="0" bw="32" slack="0"/>
<pin id="2423" dir="1" index="1" bw="32" slack="0"/>
</pin_list>
<bind>
<opcode="bitcast(44) " fcode="bitcast"/>
<opset="bitcast_ln29_196/4 "/>
</bind>
</comp>

<comp id="2425" class="1004" name="bitcast_ln29_197_fu_2425">
<pin_list>
<pin id="2426" dir="0" index="0" bw="32" slack="0"/>
<pin id="2427" dir="1" index="1" bw="32" slack="0"/>
</pin_list>
<bind>
<opcode="bitcast(44) " fcode="bitcast"/>
<opset="bitcast_ln29_197/4 "/>
</bind>
</comp>

<comp id="2429" class="1004" name="bitcast_ln29_198_fu_2429">
<pin_list>
<pin id="2430" dir="0" index="0" bw="32" slack="0"/>
<pin id="2431" dir="1" index="1" bw="32" slack="0"/>
</pin_list>
<bind>
<opcode="bitcast(44) " fcode="bitcast"/>
<opset="bitcast_ln29_198/4 "/>
</bind>
</comp>

<comp id="2433" class="1004" name="bitcast_ln29_199_fu_2433">
<pin_list>
<pin id="2434" dir="0" index="0" bw="32" slack="0"/>
<pin id="2435" dir="1" index="1" bw="32" slack="0"/>
</pin_list>
<bind>
<opcode="bitcast(44) " fcode="bitcast"/>
<opset="bitcast_ln29_199/4 "/>
</bind>
</comp>

<comp id="2437" class="1004" name="bitcast_ln29_200_fu_2437">
<pin_list>
<pin id="2438" dir="0" index="0" bw="32" slack="0"/>
<pin id="2439" dir="1" index="1" bw="32" slack="0"/>
</pin_list>
<bind>
<opcode="bitcast(44) " fcode="bitcast"/>
<opset="bitcast_ln29_200/4 "/>
</bind>
</comp>

<comp id="2441" class="1004" name="tmp_23_fu_2441">
<pin_list>
<pin id="2442" dir="0" index="0" bw="32" slack="0"/>
<pin id="2443" dir="0" index="1" bw="3" slack="0"/>
<pin id="2444" dir="0" index="2" bw="32" slack="0"/>
<pin id="2445" dir="0" index="3" bw="3" slack="0"/>
<pin id="2446" dir="0" index="4" bw="32" slack="0"/>
<pin id="2447" dir="0" index="5" bw="3" slack="0"/>
<pin id="2448" dir="0" index="6" bw="32" slack="0"/>
<pin id="2449" dir="0" index="7" bw="3" slack="0"/>
<pin id="2450" dir="0" index="8" bw="32" slack="0"/>
<pin id="2451" dir="0" index="9" bw="3" slack="0"/>
<pin id="2452" dir="0" index="10" bw="32" slack="0"/>
<pin id="2453" dir="0" index="11" bw="3" slack="0"/>
<pin id="2454" dir="0" index="12" bw="32" slack="0"/>
<pin id="2455" dir="0" index="13" bw="3" slack="0"/>
<pin id="2456" dir="0" index="14" bw="32" slack="0"/>
<pin id="2457" dir="0" index="15" bw="3" slack="0"/>
<pin id="2458" dir="0" index="16" bw="32" slack="0"/>
<pin id="2459" dir="0" index="17" bw="32" slack="0"/>
<pin id="2460" dir="0" index="18" bw="3" slack="2"/>
<pin id="2461" dir="1" index="19" bw="32" slack="16"/>
</pin_list>
<bind>
<opcode="sparsemux(1197) " fcode="sparsemux"/>
<opset="tmp_23/4 "/>
</bind>
</comp>

<comp id="2480" class="1004" name="bitcast_ln29_201_fu_2480">
<pin_list>
<pin id="2481" dir="0" index="0" bw="32" slack="0"/>
<pin id="2482" dir="1" index="1" bw="32" slack="0"/>
</pin_list>
<bind>
<opcode="bitcast(44) " fcode="bitcast"/>
<opset="bitcast_ln29_201/4 "/>
</bind>
</comp>

<comp id="2484" class="1004" name="bitcast_ln29_202_fu_2484">
<pin_list>
<pin id="2485" dir="0" index="0" bw="32" slack="0"/>
<pin id="2486" dir="1" index="1" bw="32" slack="0"/>
</pin_list>
<bind>
<opcode="bitcast(44) " fcode="bitcast"/>
<opset="bitcast_ln29_202/4 "/>
</bind>
</comp>

<comp id="2488" class="1004" name="bitcast_ln29_203_fu_2488">
<pin_list>
<pin id="2489" dir="0" index="0" bw="32" slack="0"/>
<pin id="2490" dir="1" index="1" bw="32" slack="0"/>
</pin_list>
<bind>
<opcode="bitcast(44) " fcode="bitcast"/>
<opset="bitcast_ln29_203/4 "/>
</bind>
</comp>

<comp id="2492" class="1004" name="bitcast_ln29_204_fu_2492">
<pin_list>
<pin id="2493" dir="0" index="0" bw="32" slack="0"/>
<pin id="2494" dir="1" index="1" bw="32" slack="0"/>
</pin_list>
<bind>
<opcode="bitcast(44) " fcode="bitcast"/>
<opset="bitcast_ln29_204/4 "/>
</bind>
</comp>

<comp id="2496" class="1004" name="bitcast_ln29_205_fu_2496">
<pin_list>
<pin id="2497" dir="0" index="0" bw="32" slack="0"/>
<pin id="2498" dir="1" index="1" bw="32" slack="0"/>
</pin_list>
<bind>
<opcode="bitcast(44) " fcode="bitcast"/>
<opset="bitcast_ln29_205/4 "/>
</bind>
</comp>

<comp id="2500" class="1004" name="bitcast_ln29_206_fu_2500">
<pin_list>
<pin id="2501" dir="0" index="0" bw="32" slack="0"/>
<pin id="2502" dir="1" index="1" bw="32" slack="0"/>
</pin_list>
<bind>
<opcode="bitcast(44) " fcode="bitcast"/>
<opset="bitcast_ln29_206/4 "/>
</bind>
</comp>

<comp id="2504" class="1004" name="bitcast_ln29_207_fu_2504">
<pin_list>
<pin id="2505" dir="0" index="0" bw="32" slack="0"/>
<pin id="2506" dir="1" index="1" bw="32" slack="0"/>
</pin_list>
<bind>
<opcode="bitcast(44) " fcode="bitcast"/>
<opset="bitcast_ln29_207/4 "/>
</bind>
</comp>

<comp id="2508" class="1004" name="bitcast_ln29_208_fu_2508">
<pin_list>
<pin id="2509" dir="0" index="0" bw="32" slack="0"/>
<pin id="2510" dir="1" index="1" bw="32" slack="0"/>
</pin_list>
<bind>
<opcode="bitcast(44) " fcode="bitcast"/>
<opset="bitcast_ln29_208/4 "/>
</bind>
</comp>

<comp id="2512" class="1004" name="tmp_24_fu_2512">
<pin_list>
<pin id="2513" dir="0" index="0" bw="32" slack="0"/>
<pin id="2514" dir="0" index="1" bw="3" slack="0"/>
<pin id="2515" dir="0" index="2" bw="32" slack="0"/>
<pin id="2516" dir="0" index="3" bw="3" slack="0"/>
<pin id="2517" dir="0" index="4" bw="32" slack="0"/>
<pin id="2518" dir="0" index="5" bw="3" slack="0"/>
<pin id="2519" dir="0" index="6" bw="32" slack="0"/>
<pin id="2520" dir="0" index="7" bw="3" slack="0"/>
<pin id="2521" dir="0" index="8" bw="32" slack="0"/>
<pin id="2522" dir="0" index="9" bw="3" slack="0"/>
<pin id="2523" dir="0" index="10" bw="32" slack="0"/>
<pin id="2524" dir="0" index="11" bw="3" slack="0"/>
<pin id="2525" dir="0" index="12" bw="32" slack="0"/>
<pin id="2526" dir="0" index="13" bw="3" slack="0"/>
<pin id="2527" dir="0" index="14" bw="32" slack="0"/>
<pin id="2528" dir="0" index="15" bw="3" slack="0"/>
<pin id="2529" dir="0" index="16" bw="32" slack="0"/>
<pin id="2530" dir="0" index="17" bw="32" slack="0"/>
<pin id="2531" dir="0" index="18" bw="3" slack="2"/>
<pin id="2532" dir="1" index="19" bw="32" slack="17"/>
</pin_list>
<bind>
<opcode="sparsemux(1197) " fcode="sparsemux"/>
<opset="tmp_24/4 "/>
</bind>
</comp>

<comp id="2551" class="1004" name="bitcast_ln29_209_fu_2551">
<pin_list>
<pin id="2552" dir="0" index="0" bw="32" slack="0"/>
<pin id="2553" dir="1" index="1" bw="32" slack="0"/>
</pin_list>
<bind>
<opcode="bitcast(44) " fcode="bitcast"/>
<opset="bitcast_ln29_209/4 "/>
</bind>
</comp>

<comp id="2555" class="1004" name="bitcast_ln29_210_fu_2555">
<pin_list>
<pin id="2556" dir="0" index="0" bw="32" slack="0"/>
<pin id="2557" dir="1" index="1" bw="32" slack="0"/>
</pin_list>
<bind>
<opcode="bitcast(44) " fcode="bitcast"/>
<opset="bitcast_ln29_210/4 "/>
</bind>
</comp>

<comp id="2559" class="1004" name="bitcast_ln29_211_fu_2559">
<pin_list>
<pin id="2560" dir="0" index="0" bw="32" slack="0"/>
<pin id="2561" dir="1" index="1" bw="32" slack="0"/>
</pin_list>
<bind>
<opcode="bitcast(44) " fcode="bitcast"/>
<opset="bitcast_ln29_211/4 "/>
</bind>
</comp>

<comp id="2563" class="1004" name="bitcast_ln29_212_fu_2563">
<pin_list>
<pin id="2564" dir="0" index="0" bw="32" slack="0"/>
<pin id="2565" dir="1" index="1" bw="32" slack="0"/>
</pin_list>
<bind>
<opcode="bitcast(44) " fcode="bitcast"/>
<opset="bitcast_ln29_212/4 "/>
</bind>
</comp>

<comp id="2567" class="1004" name="bitcast_ln29_213_fu_2567">
<pin_list>
<pin id="2568" dir="0" index="0" bw="32" slack="0"/>
<pin id="2569" dir="1" index="1" bw="32" slack="0"/>
</pin_list>
<bind>
<opcode="bitcast(44) " fcode="bitcast"/>
<opset="bitcast_ln29_213/4 "/>
</bind>
</comp>

<comp id="2571" class="1004" name="bitcast_ln29_214_fu_2571">
<pin_list>
<pin id="2572" dir="0" index="0" bw="32" slack="0"/>
<pin id="2573" dir="1" index="1" bw="32" slack="0"/>
</pin_list>
<bind>
<opcode="bitcast(44) " fcode="bitcast"/>
<opset="bitcast_ln29_214/4 "/>
</bind>
</comp>

<comp id="2575" class="1004" name="bitcast_ln29_215_fu_2575">
<pin_list>
<pin id="2576" dir="0" index="0" bw="32" slack="0"/>
<pin id="2577" dir="1" index="1" bw="32" slack="0"/>
</pin_list>
<bind>
<opcode="bitcast(44) " fcode="bitcast"/>
<opset="bitcast_ln29_215/4 "/>
</bind>
</comp>

<comp id="2579" class="1004" name="bitcast_ln29_216_fu_2579">
<pin_list>
<pin id="2580" dir="0" index="0" bw="32" slack="0"/>
<pin id="2581" dir="1" index="1" bw="32" slack="0"/>
</pin_list>
<bind>
<opcode="bitcast(44) " fcode="bitcast"/>
<opset="bitcast_ln29_216/4 "/>
</bind>
</comp>

<comp id="2583" class="1004" name="tmp_25_fu_2583">
<pin_list>
<pin id="2584" dir="0" index="0" bw="32" slack="0"/>
<pin id="2585" dir="0" index="1" bw="3" slack="0"/>
<pin id="2586" dir="0" index="2" bw="32" slack="0"/>
<pin id="2587" dir="0" index="3" bw="3" slack="0"/>
<pin id="2588" dir="0" index="4" bw="32" slack="0"/>
<pin id="2589" dir="0" index="5" bw="3" slack="0"/>
<pin id="2590" dir="0" index="6" bw="32" slack="0"/>
<pin id="2591" dir="0" index="7" bw="3" slack="0"/>
<pin id="2592" dir="0" index="8" bw="32" slack="0"/>
<pin id="2593" dir="0" index="9" bw="3" slack="0"/>
<pin id="2594" dir="0" index="10" bw="32" slack="0"/>
<pin id="2595" dir="0" index="11" bw="3" slack="0"/>
<pin id="2596" dir="0" index="12" bw="32" slack="0"/>
<pin id="2597" dir="0" index="13" bw="3" slack="0"/>
<pin id="2598" dir="0" index="14" bw="32" slack="0"/>
<pin id="2599" dir="0" index="15" bw="3" slack="0"/>
<pin id="2600" dir="0" index="16" bw="32" slack="0"/>
<pin id="2601" dir="0" index="17" bw="32" slack="0"/>
<pin id="2602" dir="0" index="18" bw="3" slack="2"/>
<pin id="2603" dir="1" index="19" bw="32" slack="20"/>
</pin_list>
<bind>
<opcode="sparsemux(1197) " fcode="sparsemux"/>
<opset="tmp_25/4 "/>
</bind>
</comp>

<comp id="2622" class="1004" name="bitcast_ln29_217_fu_2622">
<pin_list>
<pin id="2623" dir="0" index="0" bw="32" slack="0"/>
<pin id="2624" dir="1" index="1" bw="32" slack="0"/>
</pin_list>
<bind>
<opcode="bitcast(44) " fcode="bitcast"/>
<opset="bitcast_ln29_217/4 "/>
</bind>
</comp>

<comp id="2626" class="1004" name="bitcast_ln29_218_fu_2626">
<pin_list>
<pin id="2627" dir="0" index="0" bw="32" slack="0"/>
<pin id="2628" dir="1" index="1" bw="32" slack="0"/>
</pin_list>
<bind>
<opcode="bitcast(44) " fcode="bitcast"/>
<opset="bitcast_ln29_218/4 "/>
</bind>
</comp>

<comp id="2630" class="1004" name="bitcast_ln29_219_fu_2630">
<pin_list>
<pin id="2631" dir="0" index="0" bw="32" slack="0"/>
<pin id="2632" dir="1" index="1" bw="32" slack="0"/>
</pin_list>
<bind>
<opcode="bitcast(44) " fcode="bitcast"/>
<opset="bitcast_ln29_219/4 "/>
</bind>
</comp>

<comp id="2634" class="1004" name="bitcast_ln29_220_fu_2634">
<pin_list>
<pin id="2635" dir="0" index="0" bw="32" slack="0"/>
<pin id="2636" dir="1" index="1" bw="32" slack="0"/>
</pin_list>
<bind>
<opcode="bitcast(44) " fcode="bitcast"/>
<opset="bitcast_ln29_220/4 "/>
</bind>
</comp>

<comp id="2638" class="1004" name="bitcast_ln29_221_fu_2638">
<pin_list>
<pin id="2639" dir="0" index="0" bw="32" slack="0"/>
<pin id="2640" dir="1" index="1" bw="32" slack="0"/>
</pin_list>
<bind>
<opcode="bitcast(44) " fcode="bitcast"/>
<opset="bitcast_ln29_221/4 "/>
</bind>
</comp>

<comp id="2642" class="1004" name="bitcast_ln29_222_fu_2642">
<pin_list>
<pin id="2643" dir="0" index="0" bw="32" slack="0"/>
<pin id="2644" dir="1" index="1" bw="32" slack="0"/>
</pin_list>
<bind>
<opcode="bitcast(44) " fcode="bitcast"/>
<opset="bitcast_ln29_222/4 "/>
</bind>
</comp>

<comp id="2646" class="1004" name="bitcast_ln29_223_fu_2646">
<pin_list>
<pin id="2647" dir="0" index="0" bw="32" slack="0"/>
<pin id="2648" dir="1" index="1" bw="32" slack="0"/>
</pin_list>
<bind>
<opcode="bitcast(44) " fcode="bitcast"/>
<opset="bitcast_ln29_223/4 "/>
</bind>
</comp>

<comp id="2650" class="1004" name="bitcast_ln29_224_fu_2650">
<pin_list>
<pin id="2651" dir="0" index="0" bw="32" slack="0"/>
<pin id="2652" dir="1" index="1" bw="32" slack="0"/>
</pin_list>
<bind>
<opcode="bitcast(44) " fcode="bitcast"/>
<opset="bitcast_ln29_224/4 "/>
</bind>
</comp>

<comp id="2654" class="1004" name="tmp_26_fu_2654">
<pin_list>
<pin id="2655" dir="0" index="0" bw="32" slack="0"/>
<pin id="2656" dir="0" index="1" bw="3" slack="0"/>
<pin id="2657" dir="0" index="2" bw="32" slack="0"/>
<pin id="2658" dir="0" index="3" bw="3" slack="0"/>
<pin id="2659" dir="0" index="4" bw="32" slack="0"/>
<pin id="2660" dir="0" index="5" bw="3" slack="0"/>
<pin id="2661" dir="0" index="6" bw="32" slack="0"/>
<pin id="2662" dir="0" index="7" bw="3" slack="0"/>
<pin id="2663" dir="0" index="8" bw="32" slack="0"/>
<pin id="2664" dir="0" index="9" bw="3" slack="0"/>
<pin id="2665" dir="0" index="10" bw="32" slack="0"/>
<pin id="2666" dir="0" index="11" bw="3" slack="0"/>
<pin id="2667" dir="0" index="12" bw="32" slack="0"/>
<pin id="2668" dir="0" index="13" bw="3" slack="0"/>
<pin id="2669" dir="0" index="14" bw="32" slack="0"/>
<pin id="2670" dir="0" index="15" bw="3" slack="0"/>
<pin id="2671" dir="0" index="16" bw="32" slack="0"/>
<pin id="2672" dir="0" index="17" bw="32" slack="0"/>
<pin id="2673" dir="0" index="18" bw="3" slack="2"/>
<pin id="2674" dir="1" index="19" bw="32" slack="21"/>
</pin_list>
<bind>
<opcode="sparsemux(1197) " fcode="sparsemux"/>
<opset="tmp_26/4 "/>
</bind>
</comp>

<comp id="2693" class="1004" name="or_ln26_11_fu_2693">
<pin_list>
<pin id="2694" dir="0" index="0" bw="7" slack="0"/>
<pin id="2695" dir="0" index="1" bw="4" slack="1"/>
<pin id="2696" dir="0" index="2" bw="2" slack="0"/>
<pin id="2697" dir="1" index="3" bw="7" slack="0"/>
</pin_list>
<bind>
<opcode="bitconcatenate(1004) " fcode="bitconcatenate"/>
<opset="or_ln26_11/4 "/>
</bind>
</comp>

<comp id="2700" class="1004" name="zext_ln26_12_fu_2700">
<pin_list>
<pin id="2701" dir="0" index="0" bw="7" slack="0"/>
<pin id="2702" dir="1" index="1" bw="64" slack="0"/>
</pin_list>
<bind>
<opcode="zext(34) " fcode="zext"/>
<opset="zext_ln26_12/4 "/>
</bind>
</comp>

<comp id="2720" class="1004" name="or_ln26_12_fu_2720">
<pin_list>
<pin id="2721" dir="0" index="0" bw="7" slack="0"/>
<pin id="2722" dir="0" index="1" bw="4" slack="1"/>
<pin id="2723" dir="0" index="2" bw="1" slack="0"/>
<pin id="2724" dir="1" index="3" bw="7" slack="0"/>
</pin_list>
<bind>
<opcode="bitconcatenate(1004) " fcode="bitconcatenate"/>
<opset="or_ln26_12/4 "/>
</bind>
</comp>

<comp id="2727" class="1004" name="zext_ln26_13_fu_2727">
<pin_list>
<pin id="2728" dir="0" index="0" bw="7" slack="0"/>
<pin id="2729" dir="1" index="1" bw="64" slack="0"/>
</pin_list>
<bind>
<opcode="zext(34) " fcode="zext"/>
<opset="zext_ln26_13/4 "/>
</bind>
</comp>

<comp id="2747" class="1004" name="idx_48_fu_2747">
<pin_list>
<pin id="2748" dir="0" index="0" bw="10" slack="1"/>
<pin id="2749" dir="0" index="1" bw="10" slack="4"/>
<pin id="2750" dir="1" index="2" bw="10" slack="0"/>
</pin_list>
<bind>
<opcode="add(8) " fcode="add"/>
<opset="idx_48/5 "/>
</bind>
</comp>

<comp id="2751" class="1004" name="zext_ln27_11_fu_2751">
<pin_list>
<pin id="2752" dir="0" index="0" bw="10" slack="0"/>
<pin id="2753" dir="1" index="1" bw="64" slack="0"/>
</pin_list>
<bind>
<opcode="zext(34) " fcode="zext"/>
<opset="zext_ln27_11/5 "/>
</bind>
</comp>

<comp id="2757" class="1004" name="bitcast_ln29_225_fu_2757">
<pin_list>
<pin id="2758" dir="0" index="0" bw="32" slack="0"/>
<pin id="2759" dir="1" index="1" bw="32" slack="0"/>
</pin_list>
<bind>
<opcode="bitcast(44) " fcode="bitcast"/>
<opset="bitcast_ln29_225/5 "/>
</bind>
</comp>

<comp id="2761" class="1004" name="bitcast_ln29_226_fu_2761">
<pin_list>
<pin id="2762" dir="0" index="0" bw="32" slack="0"/>
<pin id="2763" dir="1" index="1" bw="32" slack="0"/>
</pin_list>
<bind>
<opcode="bitcast(44) " fcode="bitcast"/>
<opset="bitcast_ln29_226/5 "/>
</bind>
</comp>

<comp id="2765" class="1004" name="bitcast_ln29_227_fu_2765">
<pin_list>
<pin id="2766" dir="0" index="0" bw="32" slack="0"/>
<pin id="2767" dir="1" index="1" bw="32" slack="0"/>
</pin_list>
<bind>
<opcode="bitcast(44) " fcode="bitcast"/>
<opset="bitcast_ln29_227/5 "/>
</bind>
</comp>

<comp id="2769" class="1004" name="bitcast_ln29_228_fu_2769">
<pin_list>
<pin id="2770" dir="0" index="0" bw="32" slack="0"/>
<pin id="2771" dir="1" index="1" bw="32" slack="0"/>
</pin_list>
<bind>
<opcode="bitcast(44) " fcode="bitcast"/>
<opset="bitcast_ln29_228/5 "/>
</bind>
</comp>

<comp id="2773" class="1004" name="bitcast_ln29_229_fu_2773">
<pin_list>
<pin id="2774" dir="0" index="0" bw="32" slack="0"/>
<pin id="2775" dir="1" index="1" bw="32" slack="0"/>
</pin_list>
<bind>
<opcode="bitcast(44) " fcode="bitcast"/>
<opset="bitcast_ln29_229/5 "/>
</bind>
</comp>

<comp id="2777" class="1004" name="bitcast_ln29_230_fu_2777">
<pin_list>
<pin id="2778" dir="0" index="0" bw="32" slack="0"/>
<pin id="2779" dir="1" index="1" bw="32" slack="0"/>
</pin_list>
<bind>
<opcode="bitcast(44) " fcode="bitcast"/>
<opset="bitcast_ln29_230/5 "/>
</bind>
</comp>

<comp id="2781" class="1004" name="bitcast_ln29_231_fu_2781">
<pin_list>
<pin id="2782" dir="0" index="0" bw="32" slack="0"/>
<pin id="2783" dir="1" index="1" bw="32" slack="0"/>
</pin_list>
<bind>
<opcode="bitcast(44) " fcode="bitcast"/>
<opset="bitcast_ln29_231/5 "/>
</bind>
</comp>

<comp id="2785" class="1004" name="bitcast_ln29_232_fu_2785">
<pin_list>
<pin id="2786" dir="0" index="0" bw="32" slack="0"/>
<pin id="2787" dir="1" index="1" bw="32" slack="0"/>
</pin_list>
<bind>
<opcode="bitcast(44) " fcode="bitcast"/>
<opset="bitcast_ln29_232/5 "/>
</bind>
</comp>

<comp id="2789" class="1004" name="tmp_27_fu_2789">
<pin_list>
<pin id="2790" dir="0" index="0" bw="32" slack="0"/>
<pin id="2791" dir="0" index="1" bw="3" slack="0"/>
<pin id="2792" dir="0" index="2" bw="32" slack="0"/>
<pin id="2793" dir="0" index="3" bw="3" slack="0"/>
<pin id="2794" dir="0" index="4" bw="32" slack="0"/>
<pin id="2795" dir="0" index="5" bw="3" slack="0"/>
<pin id="2796" dir="0" index="6" bw="32" slack="0"/>
<pin id="2797" dir="0" index="7" bw="3" slack="0"/>
<pin id="2798" dir="0" index="8" bw="32" slack="0"/>
<pin id="2799" dir="0" index="9" bw="3" slack="0"/>
<pin id="2800" dir="0" index="10" bw="32" slack="0"/>
<pin id="2801" dir="0" index="11" bw="3" slack="0"/>
<pin id="2802" dir="0" index="12" bw="32" slack="0"/>
<pin id="2803" dir="0" index="13" bw="3" slack="0"/>
<pin id="2804" dir="0" index="14" bw="32" slack="0"/>
<pin id="2805" dir="0" index="15" bw="3" slack="0"/>
<pin id="2806" dir="0" index="16" bw="32" slack="0"/>
<pin id="2807" dir="0" index="17" bw="32" slack="0"/>
<pin id="2808" dir="0" index="18" bw="3" slack="3"/>
<pin id="2809" dir="1" index="19" bw="32" slack="23"/>
</pin_list>
<bind>
<opcode="sparsemux(1197) " fcode="sparsemux"/>
<opset="tmp_27/5 "/>
</bind>
</comp>

<comp id="2828" class="1004" name="bitcast_ln29_233_fu_2828">
<pin_list>
<pin id="2829" dir="0" index="0" bw="32" slack="0"/>
<pin id="2830" dir="1" index="1" bw="32" slack="0"/>
</pin_list>
<bind>
<opcode="bitcast(44) " fcode="bitcast"/>
<opset="bitcast_ln29_233/5 "/>
</bind>
</comp>

<comp id="2832" class="1004" name="bitcast_ln29_234_fu_2832">
<pin_list>
<pin id="2833" dir="0" index="0" bw="32" slack="0"/>
<pin id="2834" dir="1" index="1" bw="32" slack="0"/>
</pin_list>
<bind>
<opcode="bitcast(44) " fcode="bitcast"/>
<opset="bitcast_ln29_234/5 "/>
</bind>
</comp>

<comp id="2836" class="1004" name="bitcast_ln29_235_fu_2836">
<pin_list>
<pin id="2837" dir="0" index="0" bw="32" slack="0"/>
<pin id="2838" dir="1" index="1" bw="32" slack="0"/>
</pin_list>
<bind>
<opcode="bitcast(44) " fcode="bitcast"/>
<opset="bitcast_ln29_235/5 "/>
</bind>
</comp>

<comp id="2840" class="1004" name="bitcast_ln29_236_fu_2840">
<pin_list>
<pin id="2841" dir="0" index="0" bw="32" slack="0"/>
<pin id="2842" dir="1" index="1" bw="32" slack="0"/>
</pin_list>
<bind>
<opcode="bitcast(44) " fcode="bitcast"/>
<opset="bitcast_ln29_236/5 "/>
</bind>
</comp>

<comp id="2844" class="1004" name="bitcast_ln29_237_fu_2844">
<pin_list>
<pin id="2845" dir="0" index="0" bw="32" slack="0"/>
<pin id="2846" dir="1" index="1" bw="32" slack="0"/>
</pin_list>
<bind>
<opcode="bitcast(44) " fcode="bitcast"/>
<opset="bitcast_ln29_237/5 "/>
</bind>
</comp>

<comp id="2848" class="1004" name="bitcast_ln29_238_fu_2848">
<pin_list>
<pin id="2849" dir="0" index="0" bw="32" slack="0"/>
<pin id="2850" dir="1" index="1" bw="32" slack="0"/>
</pin_list>
<bind>
<opcode="bitcast(44) " fcode="bitcast"/>
<opset="bitcast_ln29_238/5 "/>
</bind>
</comp>

<comp id="2852" class="1004" name="bitcast_ln29_239_fu_2852">
<pin_list>
<pin id="2853" dir="0" index="0" bw="32" slack="0"/>
<pin id="2854" dir="1" index="1" bw="32" slack="0"/>
</pin_list>
<bind>
<opcode="bitcast(44) " fcode="bitcast"/>
<opset="bitcast_ln29_239/5 "/>
</bind>
</comp>

<comp id="2856" class="1004" name="bitcast_ln29_240_fu_2856">
<pin_list>
<pin id="2857" dir="0" index="0" bw="32" slack="0"/>
<pin id="2858" dir="1" index="1" bw="32" slack="0"/>
</pin_list>
<bind>
<opcode="bitcast(44) " fcode="bitcast"/>
<opset="bitcast_ln29_240/5 "/>
</bind>
</comp>

<comp id="2860" class="1004" name="tmp_28_fu_2860">
<pin_list>
<pin id="2861" dir="0" index="0" bw="32" slack="0"/>
<pin id="2862" dir="0" index="1" bw="3" slack="0"/>
<pin id="2863" dir="0" index="2" bw="32" slack="0"/>
<pin id="2864" dir="0" index="3" bw="3" slack="0"/>
<pin id="2865" dir="0" index="4" bw="32" slack="0"/>
<pin id="2866" dir="0" index="5" bw="3" slack="0"/>
<pin id="2867" dir="0" index="6" bw="32" slack="0"/>
<pin id="2868" dir="0" index="7" bw="3" slack="0"/>
<pin id="2869" dir="0" index="8" bw="32" slack="0"/>
<pin id="2870" dir="0" index="9" bw="3" slack="0"/>
<pin id="2871" dir="0" index="10" bw="32" slack="0"/>
<pin id="2872" dir="0" index="11" bw="3" slack="0"/>
<pin id="2873" dir="0" index="12" bw="32" slack="0"/>
<pin id="2874" dir="0" index="13" bw="3" slack="0"/>
<pin id="2875" dir="0" index="14" bw="32" slack="0"/>
<pin id="2876" dir="0" index="15" bw="3" slack="0"/>
<pin id="2877" dir="0" index="16" bw="32" slack="0"/>
<pin id="2878" dir="0" index="17" bw="32" slack="0"/>
<pin id="2879" dir="0" index="18" bw="3" slack="3"/>
<pin id="2880" dir="1" index="19" bw="32" slack="24"/>
</pin_list>
<bind>
<opcode="sparsemux(1197) " fcode="sparsemux"/>
<opset="tmp_28/5 "/>
</bind>
</comp>

<comp id="2899" class="1004" name="bitcast_ln29_241_fu_2899">
<pin_list>
<pin id="2900" dir="0" index="0" bw="32" slack="0"/>
<pin id="2901" dir="1" index="1" bw="32" slack="0"/>
</pin_list>
<bind>
<opcode="bitcast(44) " fcode="bitcast"/>
<opset="bitcast_ln29_241/5 "/>
</bind>
</comp>

<comp id="2903" class="1004" name="bitcast_ln29_242_fu_2903">
<pin_list>
<pin id="2904" dir="0" index="0" bw="32" slack="0"/>
<pin id="2905" dir="1" index="1" bw="32" slack="0"/>
</pin_list>
<bind>
<opcode="bitcast(44) " fcode="bitcast"/>
<opset="bitcast_ln29_242/5 "/>
</bind>
</comp>

<comp id="2907" class="1004" name="bitcast_ln29_243_fu_2907">
<pin_list>
<pin id="2908" dir="0" index="0" bw="32" slack="0"/>
<pin id="2909" dir="1" index="1" bw="32" slack="0"/>
</pin_list>
<bind>
<opcode="bitcast(44) " fcode="bitcast"/>
<opset="bitcast_ln29_243/5 "/>
</bind>
</comp>

<comp id="2911" class="1004" name="bitcast_ln29_244_fu_2911">
<pin_list>
<pin id="2912" dir="0" index="0" bw="32" slack="0"/>
<pin id="2913" dir="1" index="1" bw="32" slack="0"/>
</pin_list>
<bind>
<opcode="bitcast(44) " fcode="bitcast"/>
<opset="bitcast_ln29_244/5 "/>
</bind>
</comp>

<comp id="2915" class="1004" name="bitcast_ln29_245_fu_2915">
<pin_list>
<pin id="2916" dir="0" index="0" bw="32" slack="0"/>
<pin id="2917" dir="1" index="1" bw="32" slack="0"/>
</pin_list>
<bind>
<opcode="bitcast(44) " fcode="bitcast"/>
<opset="bitcast_ln29_245/5 "/>
</bind>
</comp>

<comp id="2919" class="1004" name="bitcast_ln29_246_fu_2919">
<pin_list>
<pin id="2920" dir="0" index="0" bw="32" slack="0"/>
<pin id="2921" dir="1" index="1" bw="32" slack="0"/>
</pin_list>
<bind>
<opcode="bitcast(44) " fcode="bitcast"/>
<opset="bitcast_ln29_246/5 "/>
</bind>
</comp>

<comp id="2923" class="1004" name="bitcast_ln29_247_fu_2923">
<pin_list>
<pin id="2924" dir="0" index="0" bw="32" slack="0"/>
<pin id="2925" dir="1" index="1" bw="32" slack="0"/>
</pin_list>
<bind>
<opcode="bitcast(44) " fcode="bitcast"/>
<opset="bitcast_ln29_247/5 "/>
</bind>
</comp>

<comp id="2927" class="1004" name="bitcast_ln29_248_fu_2927">
<pin_list>
<pin id="2928" dir="0" index="0" bw="32" slack="0"/>
<pin id="2929" dir="1" index="1" bw="32" slack="0"/>
</pin_list>
<bind>
<opcode="bitcast(44) " fcode="bitcast"/>
<opset="bitcast_ln29_248/5 "/>
</bind>
</comp>

<comp id="2931" class="1004" name="tmp_29_fu_2931">
<pin_list>
<pin id="2932" dir="0" index="0" bw="32" slack="0"/>
<pin id="2933" dir="0" index="1" bw="3" slack="0"/>
<pin id="2934" dir="0" index="2" bw="32" slack="0"/>
<pin id="2935" dir="0" index="3" bw="3" slack="0"/>
<pin id="2936" dir="0" index="4" bw="32" slack="0"/>
<pin id="2937" dir="0" index="5" bw="3" slack="0"/>
<pin id="2938" dir="0" index="6" bw="32" slack="0"/>
<pin id="2939" dir="0" index="7" bw="3" slack="0"/>
<pin id="2940" dir="0" index="8" bw="32" slack="0"/>
<pin id="2941" dir="0" index="9" bw="3" slack="0"/>
<pin id="2942" dir="0" index="10" bw="32" slack="0"/>
<pin id="2943" dir="0" index="11" bw="3" slack="0"/>
<pin id="2944" dir="0" index="12" bw="32" slack="0"/>
<pin id="2945" dir="0" index="13" bw="3" slack="0"/>
<pin id="2946" dir="0" index="14" bw="32" slack="0"/>
<pin id="2947" dir="0" index="15" bw="3" slack="0"/>
<pin id="2948" dir="0" index="16" bw="32" slack="0"/>
<pin id="2949" dir="0" index="17" bw="32" slack="0"/>
<pin id="2950" dir="0" index="18" bw="3" slack="3"/>
<pin id="2951" dir="1" index="19" bw="32" slack="27"/>
</pin_list>
<bind>
<opcode="sparsemux(1197) " fcode="sparsemux"/>
<opset="tmp_29/5 "/>
</bind>
</comp>

<comp id="2970" class="1004" name="bitcast_ln29_249_fu_2970">
<pin_list>
<pin id="2971" dir="0" index="0" bw="32" slack="0"/>
<pin id="2972" dir="1" index="1" bw="32" slack="0"/>
</pin_list>
<bind>
<opcode="bitcast(44) " fcode="bitcast"/>
<opset="bitcast_ln29_249/5 "/>
</bind>
</comp>

<comp id="2974" class="1004" name="bitcast_ln29_250_fu_2974">
<pin_list>
<pin id="2975" dir="0" index="0" bw="32" slack="0"/>
<pin id="2976" dir="1" index="1" bw="32" slack="0"/>
</pin_list>
<bind>
<opcode="bitcast(44) " fcode="bitcast"/>
<opset="bitcast_ln29_250/5 "/>
</bind>
</comp>

<comp id="2978" class="1004" name="bitcast_ln29_251_fu_2978">
<pin_list>
<pin id="2979" dir="0" index="0" bw="32" slack="0"/>
<pin id="2980" dir="1" index="1" bw="32" slack="0"/>
</pin_list>
<bind>
<opcode="bitcast(44) " fcode="bitcast"/>
<opset="bitcast_ln29_251/5 "/>
</bind>
</comp>

<comp id="2982" class="1004" name="bitcast_ln29_252_fu_2982">
<pin_list>
<pin id="2983" dir="0" index="0" bw="32" slack="0"/>
<pin id="2984" dir="1" index="1" bw="32" slack="0"/>
</pin_list>
<bind>
<opcode="bitcast(44) " fcode="bitcast"/>
<opset="bitcast_ln29_252/5 "/>
</bind>
</comp>

<comp id="2986" class="1004" name="bitcast_ln29_253_fu_2986">
<pin_list>
<pin id="2987" dir="0" index="0" bw="32" slack="0"/>
<pin id="2988" dir="1" index="1" bw="32" slack="0"/>
</pin_list>
<bind>
<opcode="bitcast(44) " fcode="bitcast"/>
<opset="bitcast_ln29_253/5 "/>
</bind>
</comp>

<comp id="2990" class="1004" name="bitcast_ln29_254_fu_2990">
<pin_list>
<pin id="2991" dir="0" index="0" bw="32" slack="0"/>
<pin id="2992" dir="1" index="1" bw="32" slack="0"/>
</pin_list>
<bind>
<opcode="bitcast(44) " fcode="bitcast"/>
<opset="bitcast_ln29_254/5 "/>
</bind>
</comp>

<comp id="2994" class="1004" name="bitcast_ln29_255_fu_2994">
<pin_list>
<pin id="2995" dir="0" index="0" bw="32" slack="0"/>
<pin id="2996" dir="1" index="1" bw="32" slack="0"/>
</pin_list>
<bind>
<opcode="bitcast(44) " fcode="bitcast"/>
<opset="bitcast_ln29_255/5 "/>
</bind>
</comp>

<comp id="2998" class="1004" name="bitcast_ln29_256_fu_2998">
<pin_list>
<pin id="2999" dir="0" index="0" bw="32" slack="0"/>
<pin id="3000" dir="1" index="1" bw="32" slack="0"/>
</pin_list>
<bind>
<opcode="bitcast(44) " fcode="bitcast"/>
<opset="bitcast_ln29_256/5 "/>
</bind>
</comp>

<comp id="3002" class="1004" name="tmp_30_fu_3002">
<pin_list>
<pin id="3003" dir="0" index="0" bw="32" slack="0"/>
<pin id="3004" dir="0" index="1" bw="3" slack="0"/>
<pin id="3005" dir="0" index="2" bw="32" slack="0"/>
<pin id="3006" dir="0" index="3" bw="3" slack="0"/>
<pin id="3007" dir="0" index="4" bw="32" slack="0"/>
<pin id="3008" dir="0" index="5" bw="3" slack="0"/>
<pin id="3009" dir="0" index="6" bw="32" slack="0"/>
<pin id="3010" dir="0" index="7" bw="3" slack="0"/>
<pin id="3011" dir="0" index="8" bw="32" slack="0"/>
<pin id="3012" dir="0" index="9" bw="3" slack="0"/>
<pin id="3013" dir="0" index="10" bw="32" slack="0"/>
<pin id="3014" dir="0" index="11" bw="3" slack="0"/>
<pin id="3015" dir="0" index="12" bw="32" slack="0"/>
<pin id="3016" dir="0" index="13" bw="3" slack="0"/>
<pin id="3017" dir="0" index="14" bw="32" slack="0"/>
<pin id="3018" dir="0" index="15" bw="3" slack="0"/>
<pin id="3019" dir="0" index="16" bw="32" slack="0"/>
<pin id="3020" dir="0" index="17" bw="32" slack="0"/>
<pin id="3021" dir="0" index="18" bw="3" slack="3"/>
<pin id="3022" dir="1" index="19" bw="32" slack="28"/>
</pin_list>
<bind>
<opcode="sparsemux(1197) " fcode="sparsemux"/>
<opset="tmp_30/5 "/>
</bind>
</comp>

<comp id="3041" class="1004" name="idx_49_fu_3041">
<pin_list>
<pin id="3042" dir="0" index="0" bw="10" slack="1"/>
<pin id="3043" dir="0" index="1" bw="10" slack="5"/>
<pin id="3044" dir="1" index="2" bw="10" slack="0"/>
</pin_list>
<bind>
<opcode="add(8) " fcode="add"/>
<opset="idx_49/6 "/>
</bind>
</comp>

<comp id="3045" class="1004" name="zext_ln27_12_fu_3045">
<pin_list>
<pin id="3046" dir="0" index="0" bw="10" slack="0"/>
<pin id="3047" dir="1" index="1" bw="64" slack="0"/>
</pin_list>
<bind>
<opcode="zext(34) " fcode="zext"/>
<opset="zext_ln27_12/6 "/>
</bind>
</comp>

<comp id="3051" class="1004" name="idx_50_fu_3051">
<pin_list>
<pin id="3052" dir="0" index="0" bw="10" slack="1"/>
<pin id="3053" dir="0" index="1" bw="10" slack="6"/>
<pin id="3054" dir="1" index="2" bw="10" slack="0"/>
</pin_list>
<bind>
<opcode="add(8) " fcode="add"/>
<opset="idx_50/7 "/>
</bind>
</comp>

<comp id="3055" class="1004" name="zext_ln27_13_fu_3055">
<pin_list>
<pin id="3056" dir="0" index="0" bw="10" slack="0"/>
<pin id="3057" dir="1" index="1" bw="64" slack="0"/>
</pin_list>
<bind>
<opcode="zext(34) " fcode="zext"/>
<opset="zext_ln27_13/7 "/>
</bind>
</comp>

<comp id="3061" class="1004" name="idx_51_fu_3061">
<pin_list>
<pin id="3062" dir="0" index="0" bw="10" slack="1"/>
<pin id="3063" dir="0" index="1" bw="10" slack="7"/>
<pin id="3064" dir="1" index="2" bw="10" slack="0"/>
</pin_list>
<bind>
<opcode="add(8) " fcode="add"/>
<opset="idx_51/8 "/>
</bind>
</comp>

<comp id="3065" class="1004" name="zext_ln27_14_fu_3065">
<pin_list>
<pin id="3066" dir="0" index="0" bw="10" slack="0"/>
<pin id="3067" dir="1" index="1" bw="64" slack="0"/>
</pin_list>
<bind>
<opcode="zext(34) " fcode="zext"/>
<opset="zext_ln27_14/8 "/>
</bind>
</comp>

<comp id="3071" class="1004" name="idx_52_fu_3071">
<pin_list>
<pin id="3072" dir="0" index="0" bw="10" slack="0"/>
<pin id="3073" dir="0" index="1" bw="10" slack="7"/>
<pin id="3074" dir="1" index="2" bw="10" slack="1"/>
</pin_list>
<bind>
<opcode="add(8) " fcode="add"/>
<opset="idx_52/8 "/>
</bind>
</comp>

<comp id="3076" class="1004" name="zext_ln27_15_fu_3076">
<pin_list>
<pin id="3077" dir="0" index="0" bw="10" slack="1"/>
<pin id="3078" dir="1" index="1" bw="64" slack="0"/>
</pin_list>
<bind>
<opcode="zext(34) " fcode="zext"/>
<opset="zext_ln27_15/9 "/>
</bind>
</comp>

<comp id="3081" class="1004" name="add3_1_load_load_fu_3081">
<pin_list>
<pin id="3082" dir="0" index="0" bw="32" slack="13"/>
<pin id="3083" dir="1" index="1" bw="32" slack="0"/>
</pin_list>
<bind>
<opcode="load(27) " fcode="load"/>
<opset="add3_1_load/14 "/>
</bind>
</comp>

<comp id="3085" class="1004" name="add274_1_load_load_fu_3085">
<pin_list>
<pin id="3086" dir="0" index="0" bw="32" slack="15"/>
<pin id="3087" dir="1" index="1" bw="32" slack="0"/>
</pin_list>
<bind>
<opcode="load(27) " fcode="load"/>
<opset="add274_1_load/16 "/>
</bind>
</comp>

<comp id="3089" class="1004" name="add_ln24_fu_3089">
<pin_list>
<pin id="3090" dir="0" index="0" bw="11" slack="40"/>
<pin id="3091" dir="0" index="1" bw="5" slack="0"/>
<pin id="3092" dir="1" index="2" bw="11" slack="0"/>
</pin_list>
<bind>
<opcode="add(8) " fcode="add"/>
<opset="add_ln24/41 "/>
</bind>
</comp>

<comp id="3094" class="1004" name="store_ln13_store_fu_3094">
<pin_list>
<pin id="3095" dir="0" index="0" bw="11" slack="0"/>
<pin id="3096" dir="0" index="1" bw="11" slack="40"/>
<pin id="3097" dir="1" index="2" bw="0" slack="2147483647"/>
</pin_list>
<bind>
<opcode="store(28) " fcode="store"/>
<opset="store_ln13/41 "/>
</bind>
</comp>

<comp id="3099" class="1004" name="store_ln29_store_fu_3099">
<pin_list>
<pin id="3100" dir="0" index="0" bw="32" slack="1"/>
<pin id="3101" dir="0" index="1" bw="32" slack="53"/>
<pin id="3102" dir="1" index="2" bw="0" slack="2147483647"/>
</pin_list>
<bind>
<opcode="store(28) " fcode="store"/>
<opset="store_ln29/54 "/>
</bind>
</comp>

<comp id="3104" class="1004" name="store_ln30_store_fu_3104">
<pin_list>
<pin id="3105" dir="0" index="0" bw="32" slack="1"/>
<pin id="3106" dir="0" index="1" bw="32" slack="55"/>
<pin id="3107" dir="1" index="2" bw="0" slack="2147483647"/>
</pin_list>
<bind>
<opcode="store(28) " fcode="store"/>
<opset="store_ln30/56 "/>
</bind>
</comp>

<comp id="3109" class="1004" name="add3_1_load_1_load_fu_3109">
<pin_list>
<pin id="3110" dir="0" index="0" bw="32" slack="14"/>
<pin id="3111" dir="1" index="1" bw="32" slack="0"/>
</pin_list>
<bind>
<opcode="load(27) " fcode="load"/>
<opset="add3_1_load_1/15 "/>
</bind>
</comp>

<comp id="3113" class="1004" name="add274_1_load_1_load_fu_3113">
<pin_list>
<pin id="3114" dir="0" index="0" bw="32" slack="14"/>
<pin id="3115" dir="1" index="1" bw="32" slack="0"/>
</pin_list>
<bind>
<opcode="load(27) " fcode="load"/>
<opset="add274_1_load_1/15 "/>
</bind>
</comp>

<comp id="3117" class="1005" name="add3_1_reg_3117">
<pin_list>
<pin id="3118" dir="0" index="0" bw="32" slack="0"/>
<pin id="3119" dir="1" index="1" bw="32" slack="0"/>
</pin_list>
<bind>
<opset="add3_1 "/>
</bind>
</comp>

<comp id="3125" class="1005" name="add274_1_reg_3125">
<pin_list>
<pin id="3126" dir="0" index="0" bw="32" slack="0"/>
<pin id="3127" dir="1" index="1" bw="32" slack="0"/>
</pin_list>
<bind>
<opset="add274_1 "/>
</bind>
</comp>

<comp id="3133" class="1005" name="j_1_reg_3133">
<pin_list>
<pin id="3134" dir="0" index="0" bw="11" slack="0"/>
<pin id="3135" dir="1" index="1" bw="11" slack="0"/>
</pin_list>
<bind>
<opset="j_1 "/>
</bind>
</comp>

<comp id="3140" class="1005" name="or_ln1_read_reg_3140">
<pin_list>
<pin id="3141" dir="0" index="0" bw="10" slack="1"/>
<pin id="3142" dir="1" index="1" bw="10" slack="1"/>
</pin_list>
<bind>
<opset="or_ln1_read "/>
</bind>
</comp>

<comp id="3151" class="1005" name="j_reg_3151">
<pin_list>
<pin id="3152" dir="0" index="0" bw="11" slack="1"/>
<pin id="3153" dir="1" index="1" bw="11" slack="1"/>
</pin_list>
<bind>
<opset="j "/>
</bind>
</comp>

<comp id="3160" class="1005" name="tmp_reg_3160">
<pin_list>
<pin id="3161" dir="0" index="0" bw="1" slack="1"/>
<pin id="3162" dir="1" index="1" bw="1" slack="2147483647"/>
</pin_list>
<bind>
<opset="tmp "/>
</bind>
</comp>

<comp id="3164" class="1005" name="idx_reg_3164">
<pin_list>
<pin id="3165" dir="0" index="0" bw="10" slack="1"/>
<pin id="3166" dir="1" index="1" bw="10" slack="1"/>
</pin_list>
<bind>
<opset="idx "/>
</bind>
</comp>

<comp id="3170" class="1005" name="real_sample_0_addr_8_reg_3170">
<pin_list>
<pin id="3171" dir="0" index="0" bw="7" slack="1"/>
<pin id="3172" dir="1" index="1" bw="7" slack="1"/>
</pin_list>
<bind>
<opset="real_sample_0_addr_8 "/>
</bind>
</comp>

<comp id="3175" class="1005" name="real_sample_1_addr_8_reg_3175">
<pin_list>
<pin id="3176" dir="0" index="0" bw="7" slack="1"/>
<pin id="3177" dir="1" index="1" bw="7" slack="1"/>
</pin_list>
<bind>
<opset="real_sample_1_addr_8 "/>
</bind>
</comp>

<comp id="3180" class="1005" name="real_sample_2_addr_8_reg_3180">
<pin_list>
<pin id="3181" dir="0" index="0" bw="7" slack="1"/>
<pin id="3182" dir="1" index="1" bw="7" slack="1"/>
</pin_list>
<bind>
<opset="real_sample_2_addr_8 "/>
</bind>
</comp>

<comp id="3185" class="1005" name="real_sample_3_addr_8_reg_3185">
<pin_list>
<pin id="3186" dir="0" index="0" bw="7" slack="1"/>
<pin id="3187" dir="1" index="1" bw="7" slack="1"/>
</pin_list>
<bind>
<opset="real_sample_3_addr_8 "/>
</bind>
</comp>

<comp id="3190" class="1005" name="real_sample_4_addr_8_reg_3190">
<pin_list>
<pin id="3191" dir="0" index="0" bw="7" slack="1"/>
<pin id="3192" dir="1" index="1" bw="7" slack="1"/>
</pin_list>
<bind>
<opset="real_sample_4_addr_8 "/>
</bind>
</comp>

<comp id="3195" class="1005" name="real_sample_5_addr_8_reg_3195">
<pin_list>
<pin id="3196" dir="0" index="0" bw="7" slack="1"/>
<pin id="3197" dir="1" index="1" bw="7" slack="1"/>
</pin_list>
<bind>
<opset="real_sample_5_addr_8 "/>
</bind>
</comp>

<comp id="3200" class="1005" name="real_sample_6_addr_8_reg_3200">
<pin_list>
<pin id="3201" dir="0" index="0" bw="7" slack="1"/>
<pin id="3202" dir="1" index="1" bw="7" slack="1"/>
</pin_list>
<bind>
<opset="real_sample_6_addr_8 "/>
</bind>
</comp>

<comp id="3205" class="1005" name="real_sample_7_addr_8_reg_3205">
<pin_list>
<pin id="3206" dir="0" index="0" bw="7" slack="1"/>
<pin id="3207" dir="1" index="1" bw="7" slack="1"/>
</pin_list>
<bind>
<opset="real_sample_7_addr_8 "/>
</bind>
</comp>

<comp id="3210" class="1005" name="imag_sample_0_addr_8_reg_3210">
<pin_list>
<pin id="3211" dir="0" index="0" bw="7" slack="1"/>
<pin id="3212" dir="1" index="1" bw="7" slack="1"/>
</pin_list>
<bind>
<opset="imag_sample_0_addr_8 "/>
</bind>
</comp>

<comp id="3215" class="1005" name="imag_sample_1_addr_8_reg_3215">
<pin_list>
<pin id="3216" dir="0" index="0" bw="7" slack="1"/>
<pin id="3217" dir="1" index="1" bw="7" slack="1"/>
</pin_list>
<bind>
<opset="imag_sample_1_addr_8 "/>
</bind>
</comp>

<comp id="3220" class="1005" name="imag_sample_2_addr_8_reg_3220">
<pin_list>
<pin id="3221" dir="0" index="0" bw="7" slack="1"/>
<pin id="3222" dir="1" index="1" bw="7" slack="1"/>
</pin_list>
<bind>
<opset="imag_sample_2_addr_8 "/>
</bind>
</comp>

<comp id="3225" class="1005" name="imag_sample_3_addr_8_reg_3225">
<pin_list>
<pin id="3226" dir="0" index="0" bw="7" slack="1"/>
<pin id="3227" dir="1" index="1" bw="7" slack="1"/>
</pin_list>
<bind>
<opset="imag_sample_3_addr_8 "/>
</bind>
</comp>

<comp id="3230" class="1005" name="imag_sample_4_addr_8_reg_3230">
<pin_list>
<pin id="3231" dir="0" index="0" bw="7" slack="1"/>
<pin id="3232" dir="1" index="1" bw="7" slack="1"/>
</pin_list>
<bind>
<opset="imag_sample_4_addr_8 "/>
</bind>
</comp>

<comp id="3235" class="1005" name="imag_sample_5_addr_8_reg_3235">
<pin_list>
<pin id="3236" dir="0" index="0" bw="7" slack="1"/>
<pin id="3237" dir="1" index="1" bw="7" slack="1"/>
</pin_list>
<bind>
<opset="imag_sample_5_addr_8 "/>
</bind>
</comp>

<comp id="3240" class="1005" name="imag_sample_6_addr_8_reg_3240">
<pin_list>
<pin id="3241" dir="0" index="0" bw="7" slack="1"/>
<pin id="3242" dir="1" index="1" bw="7" slack="1"/>
</pin_list>
<bind>
<opset="imag_sample_6_addr_8 "/>
</bind>
</comp>

<comp id="3245" class="1005" name="imag_sample_7_addr_8_reg_3245">
<pin_list>
<pin id="3246" dir="0" index="0" bw="7" slack="1"/>
<pin id="3247" dir="1" index="1" bw="7" slack="1"/>
</pin_list>
<bind>
<opset="imag_sample_7_addr_8 "/>
</bind>
</comp>

<comp id="3250" class="1005" name="real_sample_0_addr_9_reg_3250">
<pin_list>
<pin id="3251" dir="0" index="0" bw="7" slack="1"/>
<pin id="3252" dir="1" index="1" bw="7" slack="1"/>
</pin_list>
<bind>
<opset="real_sample_0_addr_9 "/>
</bind>
</comp>

<comp id="3255" class="1005" name="real_sample_1_addr_9_reg_3255">
<pin_list>
<pin id="3256" dir="0" index="0" bw="7" slack="1"/>
<pin id="3257" dir="1" index="1" bw="7" slack="1"/>
</pin_list>
<bind>
<opset="real_sample_1_addr_9 "/>
</bind>
</comp>

<comp id="3260" class="1005" name="real_sample_2_addr_9_reg_3260">
<pin_list>
<pin id="3261" dir="0" index="0" bw="7" slack="1"/>
<pin id="3262" dir="1" index="1" bw="7" slack="1"/>
</pin_list>
<bind>
<opset="real_sample_2_addr_9 "/>
</bind>
</comp>

<comp id="3265" class="1005" name="real_sample_3_addr_9_reg_3265">
<pin_list>
<pin id="3266" dir="0" index="0" bw="7" slack="1"/>
<pin id="3267" dir="1" index="1" bw="7" slack="1"/>
</pin_list>
<bind>
<opset="real_sample_3_addr_9 "/>
</bind>
</comp>

<comp id="3270" class="1005" name="real_sample_4_addr_9_reg_3270">
<pin_list>
<pin id="3271" dir="0" index="0" bw="7" slack="1"/>
<pin id="3272" dir="1" index="1" bw="7" slack="1"/>
</pin_list>
<bind>
<opset="real_sample_4_addr_9 "/>
</bind>
</comp>

<comp id="3275" class="1005" name="real_sample_5_addr_9_reg_3275">
<pin_list>
<pin id="3276" dir="0" index="0" bw="7" slack="1"/>
<pin id="3277" dir="1" index="1" bw="7" slack="1"/>
</pin_list>
<bind>
<opset="real_sample_5_addr_9 "/>
</bind>
</comp>

<comp id="3280" class="1005" name="real_sample_6_addr_9_reg_3280">
<pin_list>
<pin id="3281" dir="0" index="0" bw="7" slack="1"/>
<pin id="3282" dir="1" index="1" bw="7" slack="1"/>
</pin_list>
<bind>
<opset="real_sample_6_addr_9 "/>
</bind>
</comp>

<comp id="3285" class="1005" name="real_sample_7_addr_9_reg_3285">
<pin_list>
<pin id="3286" dir="0" index="0" bw="7" slack="1"/>
<pin id="3287" dir="1" index="1" bw="7" slack="1"/>
</pin_list>
<bind>
<opset="real_sample_7_addr_9 "/>
</bind>
</comp>

<comp id="3290" class="1005" name="imag_sample_0_addr_9_reg_3290">
<pin_list>
<pin id="3291" dir="0" index="0" bw="7" slack="1"/>
<pin id="3292" dir="1" index="1" bw="7" slack="1"/>
</pin_list>
<bind>
<opset="imag_sample_0_addr_9 "/>
</bind>
</comp>

<comp id="3295" class="1005" name="imag_sample_1_addr_9_reg_3295">
<pin_list>
<pin id="3296" dir="0" index="0" bw="7" slack="1"/>
<pin id="3297" dir="1" index="1" bw="7" slack="1"/>
</pin_list>
<bind>
<opset="imag_sample_1_addr_9 "/>
</bind>
</comp>

<comp id="3300" class="1005" name="imag_sample_2_addr_9_reg_3300">
<pin_list>
<pin id="3301" dir="0" index="0" bw="7" slack="1"/>
<pin id="3302" dir="1" index="1" bw="7" slack="1"/>
</pin_list>
<bind>
<opset="imag_sample_2_addr_9 "/>
</bind>
</comp>

<comp id="3305" class="1005" name="imag_sample_3_addr_9_reg_3305">
<pin_list>
<pin id="3306" dir="0" index="0" bw="7" slack="1"/>
<pin id="3307" dir="1" index="1" bw="7" slack="1"/>
</pin_list>
<bind>
<opset="imag_sample_3_addr_9 "/>
</bind>
</comp>

<comp id="3310" class="1005" name="imag_sample_4_addr_9_reg_3310">
<pin_list>
<pin id="3311" dir="0" index="0" bw="7" slack="1"/>
<pin id="3312" dir="1" index="1" bw="7" slack="1"/>
</pin_list>
<bind>
<opset="imag_sample_4_addr_9 "/>
</bind>
</comp>

<comp id="3315" class="1005" name="imag_sample_5_addr_9_reg_3315">
<pin_list>
<pin id="3316" dir="0" index="0" bw="7" slack="1"/>
<pin id="3317" dir="1" index="1" bw="7" slack="1"/>
</pin_list>
<bind>
<opset="imag_sample_5_addr_9 "/>
</bind>
</comp>

<comp id="3320" class="1005" name="imag_sample_6_addr_9_reg_3320">
<pin_list>
<pin id="3321" dir="0" index="0" bw="7" slack="1"/>
<pin id="3322" dir="1" index="1" bw="7" slack="1"/>
</pin_list>
<bind>
<opset="imag_sample_6_addr_9 "/>
</bind>
</comp>

<comp id="3325" class="1005" name="imag_sample_7_addr_9_reg_3325">
<pin_list>
<pin id="3326" dir="0" index="0" bw="7" slack="1"/>
<pin id="3327" dir="1" index="1" bw="7" slack="1"/>
</pin_list>
<bind>
<opset="imag_sample_7_addr_9 "/>
</bind>
</comp>

<comp id="3330" class="1005" name="trunc_ln13_2_reg_3330">
<pin_list>
<pin id="3331" dir="0" index="0" bw="3" slack="1"/>
<pin id="3332" dir="1" index="1" bw="3" slack="1"/>
</pin_list>
<bind>
<opset="trunc_ln13_2 "/>
</bind>
</comp>

<comp id="3346" class="1005" name="cos_coefficients_table_addr_8_reg_3346">
<pin_list>
<pin id="3347" dir="0" index="0" bw="10" slack="1"/>
<pin id="3348" dir="1" index="1" bw="10" slack="1"/>
</pin_list>
<bind>
<opset="cos_coefficients_table_addr_8 "/>
</bind>
</comp>

<comp id="3351" class="1005" name="sin_coefficients_table_addr_8_reg_3351">
<pin_list>
<pin id="3352" dir="0" index="0" bw="10" slack="1"/>
<pin id="3353" dir="1" index="1" bw="10" slack="1"/>
</pin_list>
<bind>
<opset="sin_coefficients_table_addr_8 "/>
</bind>
</comp>

<comp id="3356" class="1005" name="tmp_15_reg_3356">
<pin_list>
<pin id="3357" dir="0" index="0" bw="32" slack="2"/>
<pin id="3358" dir="1" index="1" bw="32" slack="2"/>
</pin_list>
<bind>
<opset="tmp_15 "/>
</bind>
</comp>

<comp id="3361" class="1005" name="tmp_16_reg_3361">
<pin_list>
<pin id="3362" dir="0" index="0" bw="32" slack="3"/>
<pin id="3363" dir="1" index="1" bw="32" slack="3"/>
</pin_list>
<bind>
<opset="tmp_16 "/>
</bind>
</comp>

<comp id="3366" class="1005" name="idx_46_reg_3366">
<pin_list>
<pin id="3367" dir="0" index="0" bw="10" slack="1"/>
<pin id="3368" dir="1" index="1" bw="10" slack="1"/>
</pin_list>
<bind>
<opset="idx_46 "/>
</bind>
</comp>

<comp id="3372" class="1005" name="tmp_17_reg_3372">
<pin_list>
<pin id="3373" dir="0" index="0" bw="32" slack="6"/>
<pin id="3374" dir="1" index="1" bw="32" slack="6"/>
</pin_list>
<bind>
<opset="tmp_17 "/>
</bind>
</comp>

<comp id="3377" class="1005" name="tmp_18_reg_3377">
<pin_list>
<pin id="3378" dir="0" index="0" bw="32" slack="7"/>
<pin id="3379" dir="1" index="1" bw="32" slack="7"/>
</pin_list>
<bind>
<opset="tmp_18 "/>
</bind>
</comp>

<comp id="3382" class="1005" name="real_sample_0_addr_10_reg_3382">
<pin_list>
<pin id="3383" dir="0" index="0" bw="7" slack="1"/>
<pin id="3384" dir="1" index="1" bw="7" slack="1"/>
</pin_list>
<bind>
<opset="real_sample_0_addr_10 "/>
</bind>
</comp>

<comp id="3387" class="1005" name="real_sample_1_addr_10_reg_3387">
<pin_list>
<pin id="3388" dir="0" index="0" bw="7" slack="1"/>
<pin id="3389" dir="1" index="1" bw="7" slack="1"/>
</pin_list>
<bind>
<opset="real_sample_1_addr_10 "/>
</bind>
</comp>

<comp id="3392" class="1005" name="real_sample_2_addr_10_reg_3392">
<pin_list>
<pin id="3393" dir="0" index="0" bw="7" slack="1"/>
<pin id="3394" dir="1" index="1" bw="7" slack="1"/>
</pin_list>
<bind>
<opset="real_sample_2_addr_10 "/>
</bind>
</comp>

<comp id="3397" class="1005" name="real_sample_3_addr_10_reg_3397">
<pin_list>
<pin id="3398" dir="0" index="0" bw="7" slack="1"/>
<pin id="3399" dir="1" index="1" bw="7" slack="1"/>
</pin_list>
<bind>
<opset="real_sample_3_addr_10 "/>
</bind>
</comp>

<comp id="3402" class="1005" name="real_sample_4_addr_10_reg_3402">
<pin_list>
<pin id="3403" dir="0" index="0" bw="7" slack="1"/>
<pin id="3404" dir="1" index="1" bw="7" slack="1"/>
</pin_list>
<bind>
<opset="real_sample_4_addr_10 "/>
</bind>
</comp>

<comp id="3407" class="1005" name="real_sample_5_addr_10_reg_3407">
<pin_list>
<pin id="3408" dir="0" index="0" bw="7" slack="1"/>
<pin id="3409" dir="1" index="1" bw="7" slack="1"/>
</pin_list>
<bind>
<opset="real_sample_5_addr_10 "/>
</bind>
</comp>

<comp id="3412" class="1005" name="real_sample_6_addr_10_reg_3412">
<pin_list>
<pin id="3413" dir="0" index="0" bw="7" slack="1"/>
<pin id="3414" dir="1" index="1" bw="7" slack="1"/>
</pin_list>
<bind>
<opset="real_sample_6_addr_10 "/>
</bind>
</comp>

<comp id="3417" class="1005" name="real_sample_7_addr_10_reg_3417">
<pin_list>
<pin id="3418" dir="0" index="0" bw="7" slack="1"/>
<pin id="3419" dir="1" index="1" bw="7" slack="1"/>
</pin_list>
<bind>
<opset="real_sample_7_addr_10 "/>
</bind>
</comp>

<comp id="3422" class="1005" name="imag_sample_0_addr_10_reg_3422">
<pin_list>
<pin id="3423" dir="0" index="0" bw="7" slack="1"/>
<pin id="3424" dir="1" index="1" bw="7" slack="1"/>
</pin_list>
<bind>
<opset="imag_sample_0_addr_10 "/>
</bind>
</comp>

<comp id="3427" class="1005" name="imag_sample_1_addr_10_reg_3427">
<pin_list>
<pin id="3428" dir="0" index="0" bw="7" slack="1"/>
<pin id="3429" dir="1" index="1" bw="7" slack="1"/>
</pin_list>
<bind>
<opset="imag_sample_1_addr_10 "/>
</bind>
</comp>

<comp id="3432" class="1005" name="imag_sample_2_addr_10_reg_3432">
<pin_list>
<pin id="3433" dir="0" index="0" bw="7" slack="1"/>
<pin id="3434" dir="1" index="1" bw="7" slack="1"/>
</pin_list>
<bind>
<opset="imag_sample_2_addr_10 "/>
</bind>
</comp>

<comp id="3437" class="1005" name="imag_sample_3_addr_10_reg_3437">
<pin_list>
<pin id="3438" dir="0" index="0" bw="7" slack="1"/>
<pin id="3439" dir="1" index="1" bw="7" slack="1"/>
</pin_list>
<bind>
<opset="imag_sample_3_addr_10 "/>
</bind>
</comp>

<comp id="3442" class="1005" name="imag_sample_4_addr_10_reg_3442">
<pin_list>
<pin id="3443" dir="0" index="0" bw="7" slack="1"/>
<pin id="3444" dir="1" index="1" bw="7" slack="1"/>
</pin_list>
<bind>
<opset="imag_sample_4_addr_10 "/>
</bind>
</comp>

<comp id="3447" class="1005" name="imag_sample_5_addr_10_reg_3447">
<pin_list>
<pin id="3448" dir="0" index="0" bw="7" slack="1"/>
<pin id="3449" dir="1" index="1" bw="7" slack="1"/>
</pin_list>
<bind>
<opset="imag_sample_5_addr_10 "/>
</bind>
</comp>

<comp id="3452" class="1005" name="imag_sample_6_addr_10_reg_3452">
<pin_list>
<pin id="3453" dir="0" index="0" bw="7" slack="1"/>
<pin id="3454" dir="1" index="1" bw="7" slack="1"/>
</pin_list>
<bind>
<opset="imag_sample_6_addr_10 "/>
</bind>
</comp>

<comp id="3457" class="1005" name="imag_sample_7_addr_10_reg_3457">
<pin_list>
<pin id="3458" dir="0" index="0" bw="7" slack="1"/>
<pin id="3459" dir="1" index="1" bw="7" slack="1"/>
</pin_list>
<bind>
<opset="imag_sample_7_addr_10 "/>
</bind>
</comp>

<comp id="3462" class="1005" name="real_sample_0_addr_11_reg_3462">
<pin_list>
<pin id="3463" dir="0" index="0" bw="7" slack="1"/>
<pin id="3464" dir="1" index="1" bw="7" slack="1"/>
</pin_list>
<bind>
<opset="real_sample_0_addr_11 "/>
</bind>
</comp>

<comp id="3467" class="1005" name="real_sample_1_addr_11_reg_3467">
<pin_list>
<pin id="3468" dir="0" index="0" bw="7" slack="1"/>
<pin id="3469" dir="1" index="1" bw="7" slack="1"/>
</pin_list>
<bind>
<opset="real_sample_1_addr_11 "/>
</bind>
</comp>

<comp id="3472" class="1005" name="real_sample_2_addr_11_reg_3472">
<pin_list>
<pin id="3473" dir="0" index="0" bw="7" slack="1"/>
<pin id="3474" dir="1" index="1" bw="7" slack="1"/>
</pin_list>
<bind>
<opset="real_sample_2_addr_11 "/>
</bind>
</comp>

<comp id="3477" class="1005" name="real_sample_3_addr_11_reg_3477">
<pin_list>
<pin id="3478" dir="0" index="0" bw="7" slack="1"/>
<pin id="3479" dir="1" index="1" bw="7" slack="1"/>
</pin_list>
<bind>
<opset="real_sample_3_addr_11 "/>
</bind>
</comp>

<comp id="3482" class="1005" name="real_sample_4_addr_11_reg_3482">
<pin_list>
<pin id="3483" dir="0" index="0" bw="7" slack="1"/>
<pin id="3484" dir="1" index="1" bw="7" slack="1"/>
</pin_list>
<bind>
<opset="real_sample_4_addr_11 "/>
</bind>
</comp>

<comp id="3487" class="1005" name="real_sample_5_addr_11_reg_3487">
<pin_list>
<pin id="3488" dir="0" index="0" bw="7" slack="1"/>
<pin id="3489" dir="1" index="1" bw="7" slack="1"/>
</pin_list>
<bind>
<opset="real_sample_5_addr_11 "/>
</bind>
</comp>

<comp id="3492" class="1005" name="real_sample_6_addr_11_reg_3492">
<pin_list>
<pin id="3493" dir="0" index="0" bw="7" slack="1"/>
<pin id="3494" dir="1" index="1" bw="7" slack="1"/>
</pin_list>
<bind>
<opset="real_sample_6_addr_11 "/>
</bind>
</comp>

<comp id="3497" class="1005" name="real_sample_7_addr_11_reg_3497">
<pin_list>
<pin id="3498" dir="0" index="0" bw="7" slack="1"/>
<pin id="3499" dir="1" index="1" bw="7" slack="1"/>
</pin_list>
<bind>
<opset="real_sample_7_addr_11 "/>
</bind>
</comp>

<comp id="3502" class="1005" name="imag_sample_0_addr_11_reg_3502">
<pin_list>
<pin id="3503" dir="0" index="0" bw="7" slack="1"/>
<pin id="3504" dir="1" index="1" bw="7" slack="1"/>
</pin_list>
<bind>
<opset="imag_sample_0_addr_11 "/>
</bind>
</comp>

<comp id="3507" class="1005" name="imag_sample_1_addr_11_reg_3507">
<pin_list>
<pin id="3508" dir="0" index="0" bw="7" slack="1"/>
<pin id="3509" dir="1" index="1" bw="7" slack="1"/>
</pin_list>
<bind>
<opset="imag_sample_1_addr_11 "/>
</bind>
</comp>

<comp id="3512" class="1005" name="imag_sample_2_addr_11_reg_3512">
<pin_list>
<pin id="3513" dir="0" index="0" bw="7" slack="1"/>
<pin id="3514" dir="1" index="1" bw="7" slack="1"/>
</pin_list>
<bind>
<opset="imag_sample_2_addr_11 "/>
</bind>
</comp>

<comp id="3517" class="1005" name="imag_sample_3_addr_11_reg_3517">
<pin_list>
<pin id="3518" dir="0" index="0" bw="7" slack="1"/>
<pin id="3519" dir="1" index="1" bw="7" slack="1"/>
</pin_list>
<bind>
<opset="imag_sample_3_addr_11 "/>
</bind>
</comp>

<comp id="3522" class="1005" name="imag_sample_4_addr_11_reg_3522">
<pin_list>
<pin id="3523" dir="0" index="0" bw="7" slack="1"/>
<pin id="3524" dir="1" index="1" bw="7" slack="1"/>
</pin_list>
<bind>
<opset="imag_sample_4_addr_11 "/>
</bind>
</comp>

<comp id="3527" class="1005" name="imag_sample_5_addr_11_reg_3527">
<pin_list>
<pin id="3528" dir="0" index="0" bw="7" slack="1"/>
<pin id="3529" dir="1" index="1" bw="7" slack="1"/>
</pin_list>
<bind>
<opset="imag_sample_5_addr_11 "/>
</bind>
</comp>

<comp id="3532" class="1005" name="imag_sample_6_addr_11_reg_3532">
<pin_list>
<pin id="3533" dir="0" index="0" bw="7" slack="1"/>
<pin id="3534" dir="1" index="1" bw="7" slack="1"/>
</pin_list>
<bind>
<opset="imag_sample_6_addr_11 "/>
</bind>
</comp>

<comp id="3537" class="1005" name="imag_sample_7_addr_11_reg_3537">
<pin_list>
<pin id="3538" dir="0" index="0" bw="7" slack="1"/>
<pin id="3539" dir="1" index="1" bw="7" slack="1"/>
</pin_list>
<bind>
<opset="imag_sample_7_addr_11 "/>
</bind>
</comp>

<comp id="3542" class="1005" name="cos_coefficients_table_addr_9_reg_3542">
<pin_list>
<pin id="3543" dir="0" index="0" bw="10" slack="1"/>
<pin id="3544" dir="1" index="1" bw="10" slack="1"/>
</pin_list>
<bind>
<opset="cos_coefficients_table_addr_9 "/>
</bind>
</comp>

<comp id="3547" class="1005" name="sin_coefficients_table_addr_9_reg_3547">
<pin_list>
<pin id="3548" dir="0" index="0" bw="10" slack="1"/>
<pin id="3549" dir="1" index="1" bw="10" slack="1"/>
</pin_list>
<bind>
<opset="sin_coefficients_table_addr_9 "/>
</bind>
</comp>

<comp id="3552" class="1005" name="tmp_19_reg_3552">
<pin_list>
<pin id="3553" dir="0" index="0" bw="32" slack="9"/>
<pin id="3554" dir="1" index="1" bw="32" slack="9"/>
</pin_list>
<bind>
<opset="tmp_19 "/>
</bind>
</comp>

<comp id="3557" class="1005" name="tmp_20_reg_3557">
<pin_list>
<pin id="3558" dir="0" index="0" bw="32" slack="10"/>
<pin id="3559" dir="1" index="1" bw="32" slack="10"/>
</pin_list>
<bind>
<opset="tmp_20 "/>
</bind>
</comp>

<comp id="3562" class="1005" name="tmp_21_reg_3562">
<pin_list>
<pin id="3563" dir="0" index="0" bw="32" slack="13"/>
<pin id="3564" dir="1" index="1" bw="32" slack="13"/>
</pin_list>
<bind>
<opset="tmp_21 "/>
</bind>
</comp>

<comp id="3567" class="1005" name="tmp_22_reg_3567">
<pin_list>
<pin id="3568" dir="0" index="0" bw="32" slack="14"/>
<pin id="3569" dir="1" index="1" bw="32" slack="14"/>
</pin_list>
<bind>
<opset="tmp_22 "/>
</bind>
</comp>

<comp id="3572" class="1005" name="tmp_79_reg_3572">
<pin_list>
<pin id="3573" dir="0" index="0" bw="4" slack="1"/>
<pin id="3574" dir="1" index="1" bw="4" slack="1"/>
</pin_list>
<bind>
<opset="tmp_79 "/>
</bind>
</comp>

<comp id="3578" class="1005" name="real_sample_0_addr_12_reg_3578">
<pin_list>
<pin id="3579" dir="0" index="0" bw="7" slack="1"/>
<pin id="3580" dir="1" index="1" bw="7" slack="1"/>
</pin_list>
<bind>
<opset="real_sample_0_addr_12 "/>
</bind>
</comp>

<comp id="3583" class="1005" name="real_sample_1_addr_12_reg_3583">
<pin_list>
<pin id="3584" dir="0" index="0" bw="7" slack="1"/>
<pin id="3585" dir="1" index="1" bw="7" slack="1"/>
</pin_list>
<bind>
<opset="real_sample_1_addr_12 "/>
</bind>
</comp>

<comp id="3588" class="1005" name="real_sample_2_addr_12_reg_3588">
<pin_list>
<pin id="3589" dir="0" index="0" bw="7" slack="1"/>
<pin id="3590" dir="1" index="1" bw="7" slack="1"/>
</pin_list>
<bind>
<opset="real_sample_2_addr_12 "/>
</bind>
</comp>

<comp id="3593" class="1005" name="real_sample_3_addr_12_reg_3593">
<pin_list>
<pin id="3594" dir="0" index="0" bw="7" slack="1"/>
<pin id="3595" dir="1" index="1" bw="7" slack="1"/>
</pin_list>
<bind>
<opset="real_sample_3_addr_12 "/>
</bind>
</comp>

<comp id="3598" class="1005" name="real_sample_4_addr_12_reg_3598">
<pin_list>
<pin id="3599" dir="0" index="0" bw="7" slack="1"/>
<pin id="3600" dir="1" index="1" bw="7" slack="1"/>
</pin_list>
<bind>
<opset="real_sample_4_addr_12 "/>
</bind>
</comp>

<comp id="3603" class="1005" name="real_sample_5_addr_12_reg_3603">
<pin_list>
<pin id="3604" dir="0" index="0" bw="7" slack="1"/>
<pin id="3605" dir="1" index="1" bw="7" slack="1"/>
</pin_list>
<bind>
<opset="real_sample_5_addr_12 "/>
</bind>
</comp>

<comp id="3608" class="1005" name="real_sample_6_addr_12_reg_3608">
<pin_list>
<pin id="3609" dir="0" index="0" bw="7" slack="1"/>
<pin id="3610" dir="1" index="1" bw="7" slack="1"/>
</pin_list>
<bind>
<opset="real_sample_6_addr_12 "/>
</bind>
</comp>

<comp id="3613" class="1005" name="real_sample_7_addr_12_reg_3613">
<pin_list>
<pin id="3614" dir="0" index="0" bw="7" slack="1"/>
<pin id="3615" dir="1" index="1" bw="7" slack="1"/>
</pin_list>
<bind>
<opset="real_sample_7_addr_12 "/>
</bind>
</comp>

<comp id="3618" class="1005" name="imag_sample_0_addr_12_reg_3618">
<pin_list>
<pin id="3619" dir="0" index="0" bw="7" slack="1"/>
<pin id="3620" dir="1" index="1" bw="7" slack="1"/>
</pin_list>
<bind>
<opset="imag_sample_0_addr_12 "/>
</bind>
</comp>

<comp id="3623" class="1005" name="imag_sample_1_addr_12_reg_3623">
<pin_list>
<pin id="3624" dir="0" index="0" bw="7" slack="1"/>
<pin id="3625" dir="1" index="1" bw="7" slack="1"/>
</pin_list>
<bind>
<opset="imag_sample_1_addr_12 "/>
</bind>
</comp>

<comp id="3628" class="1005" name="imag_sample_2_addr_12_reg_3628">
<pin_list>
<pin id="3629" dir="0" index="0" bw="7" slack="1"/>
<pin id="3630" dir="1" index="1" bw="7" slack="1"/>
</pin_list>
<bind>
<opset="imag_sample_2_addr_12 "/>
</bind>
</comp>

<comp id="3633" class="1005" name="imag_sample_3_addr_12_reg_3633">
<pin_list>
<pin id="3634" dir="0" index="0" bw="7" slack="1"/>
<pin id="3635" dir="1" index="1" bw="7" slack="1"/>
</pin_list>
<bind>
<opset="imag_sample_3_addr_12 "/>
</bind>
</comp>

<comp id="3638" class="1005" name="imag_sample_4_addr_12_reg_3638">
<pin_list>
<pin id="3639" dir="0" index="0" bw="7" slack="1"/>
<pin id="3640" dir="1" index="1" bw="7" slack="1"/>
</pin_list>
<bind>
<opset="imag_sample_4_addr_12 "/>
</bind>
</comp>

<comp id="3643" class="1005" name="imag_sample_5_addr_12_reg_3643">
<pin_list>
<pin id="3644" dir="0" index="0" bw="7" slack="1"/>
<pin id="3645" dir="1" index="1" bw="7" slack="1"/>
</pin_list>
<bind>
<opset="imag_sample_5_addr_12 "/>
</bind>
</comp>

<comp id="3648" class="1005" name="imag_sample_6_addr_12_reg_3648">
<pin_list>
<pin id="3649" dir="0" index="0" bw="7" slack="1"/>
<pin id="3650" dir="1" index="1" bw="7" slack="1"/>
</pin_list>
<bind>
<opset="imag_sample_6_addr_12 "/>
</bind>
</comp>

<comp id="3653" class="1005" name="imag_sample_7_addr_12_reg_3653">
<pin_list>
<pin id="3654" dir="0" index="0" bw="7" slack="1"/>
<pin id="3655" dir="1" index="1" bw="7" slack="1"/>
</pin_list>
<bind>
<opset="imag_sample_7_addr_12 "/>
</bind>
</comp>

<comp id="3658" class="1005" name="real_sample_0_addr_13_reg_3658">
<pin_list>
<pin id="3659" dir="0" index="0" bw="7" slack="1"/>
<pin id="3660" dir="1" index="1" bw="7" slack="1"/>
</pin_list>
<bind>
<opset="real_sample_0_addr_13 "/>
</bind>
</comp>

<comp id="3663" class="1005" name="real_sample_1_addr_13_reg_3663">
<pin_list>
<pin id="3664" dir="0" index="0" bw="7" slack="1"/>
<pin id="3665" dir="1" index="1" bw="7" slack="1"/>
</pin_list>
<bind>
<opset="real_sample_1_addr_13 "/>
</bind>
</comp>

<comp id="3668" class="1005" name="real_sample_2_addr_13_reg_3668">
<pin_list>
<pin id="3669" dir="0" index="0" bw="7" slack="1"/>
<pin id="3670" dir="1" index="1" bw="7" slack="1"/>
</pin_list>
<bind>
<opset="real_sample_2_addr_13 "/>
</bind>
</comp>

<comp id="3673" class="1005" name="real_sample_3_addr_13_reg_3673">
<pin_list>
<pin id="3674" dir="0" index="0" bw="7" slack="1"/>
<pin id="3675" dir="1" index="1" bw="7" slack="1"/>
</pin_list>
<bind>
<opset="real_sample_3_addr_13 "/>
</bind>
</comp>

<comp id="3678" class="1005" name="real_sample_4_addr_13_reg_3678">
<pin_list>
<pin id="3679" dir="0" index="0" bw="7" slack="1"/>
<pin id="3680" dir="1" index="1" bw="7" slack="1"/>
</pin_list>
<bind>
<opset="real_sample_4_addr_13 "/>
</bind>
</comp>

<comp id="3683" class="1005" name="real_sample_5_addr_13_reg_3683">
<pin_list>
<pin id="3684" dir="0" index="0" bw="7" slack="1"/>
<pin id="3685" dir="1" index="1" bw="7" slack="1"/>
</pin_list>
<bind>
<opset="real_sample_5_addr_13 "/>
</bind>
</comp>

<comp id="3688" class="1005" name="real_sample_6_addr_13_reg_3688">
<pin_list>
<pin id="3689" dir="0" index="0" bw="7" slack="1"/>
<pin id="3690" dir="1" index="1" bw="7" slack="1"/>
</pin_list>
<bind>
<opset="real_sample_6_addr_13 "/>
</bind>
</comp>

<comp id="3693" class="1005" name="real_sample_7_addr_13_reg_3693">
<pin_list>
<pin id="3694" dir="0" index="0" bw="7" slack="1"/>
<pin id="3695" dir="1" index="1" bw="7" slack="1"/>
</pin_list>
<bind>
<opset="real_sample_7_addr_13 "/>
</bind>
</comp>

<comp id="3698" class="1005" name="imag_sample_0_addr_13_reg_3698">
<pin_list>
<pin id="3699" dir="0" index="0" bw="7" slack="1"/>
<pin id="3700" dir="1" index="1" bw="7" slack="1"/>
</pin_list>
<bind>
<opset="imag_sample_0_addr_13 "/>
</bind>
</comp>

<comp id="3703" class="1005" name="imag_sample_1_addr_13_reg_3703">
<pin_list>
<pin id="3704" dir="0" index="0" bw="7" slack="1"/>
<pin id="3705" dir="1" index="1" bw="7" slack="1"/>
</pin_list>
<bind>
<opset="imag_sample_1_addr_13 "/>
</bind>
</comp>

<comp id="3708" class="1005" name="imag_sample_2_addr_13_reg_3708">
<pin_list>
<pin id="3709" dir="0" index="0" bw="7" slack="1"/>
<pin id="3710" dir="1" index="1" bw="7" slack="1"/>
</pin_list>
<bind>
<opset="imag_sample_2_addr_13 "/>
</bind>
</comp>

<comp id="3713" class="1005" name="imag_sample_3_addr_13_reg_3713">
<pin_list>
<pin id="3714" dir="0" index="0" bw="7" slack="1"/>
<pin id="3715" dir="1" index="1" bw="7" slack="1"/>
</pin_list>
<bind>
<opset="imag_sample_3_addr_13 "/>
</bind>
</comp>

<comp id="3718" class="1005" name="imag_sample_4_addr_13_reg_3718">
<pin_list>
<pin id="3719" dir="0" index="0" bw="7" slack="1"/>
<pin id="3720" dir="1" index="1" bw="7" slack="1"/>
</pin_list>
<bind>
<opset="imag_sample_4_addr_13 "/>
</bind>
</comp>

<comp id="3723" class="1005" name="imag_sample_5_addr_13_reg_3723">
<pin_list>
<pin id="3724" dir="0" index="0" bw="7" slack="1"/>
<pin id="3725" dir="1" index="1" bw="7" slack="1"/>
</pin_list>
<bind>
<opset="imag_sample_5_addr_13 "/>
</bind>
</comp>

<comp id="3728" class="1005" name="imag_sample_6_addr_13_reg_3728">
<pin_list>
<pin id="3729" dir="0" index="0" bw="7" slack="1"/>
<pin id="3730" dir="1" index="1" bw="7" slack="1"/>
</pin_list>
<bind>
<opset="imag_sample_6_addr_13 "/>
</bind>
</comp>

<comp id="3733" class="1005" name="imag_sample_7_addr_13_reg_3733">
<pin_list>
<pin id="3734" dir="0" index="0" bw="7" slack="1"/>
<pin id="3735" dir="1" index="1" bw="7" slack="1"/>
</pin_list>
<bind>
<opset="imag_sample_7_addr_13 "/>
</bind>
</comp>

<comp id="3738" class="1005" name="c_46_reg_3738">
<pin_list>
<pin id="3739" dir="0" index="0" bw="32" slack="4"/>
<pin id="3740" dir="1" index="1" bw="32" slack="4"/>
</pin_list>
<bind>
<opset="c_46 "/>
</bind>
</comp>

<comp id="3743" class="1005" name="s_46_reg_3743">
<pin_list>
<pin id="3744" dir="0" index="0" bw="32" slack="5"/>
<pin id="3745" dir="1" index="1" bw="32" slack="5"/>
</pin_list>
<bind>
<opset="s_46 "/>
</bind>
</comp>

<comp id="3748" class="1005" name="idx_47_reg_3748">
<pin_list>
<pin id="3749" dir="0" index="0" bw="10" slack="1"/>
<pin id="3750" dir="1" index="1" bw="10" slack="1"/>
</pin_list>
<bind>
<opset="idx_47 "/>
</bind>
</comp>

<comp id="3753" class="1005" name="cos_coefficients_table_addr_10_reg_3753">
<pin_list>
<pin id="3754" dir="0" index="0" bw="10" slack="1"/>
<pin id="3755" dir="1" index="1" bw="10" slack="1"/>
</pin_list>
<bind>
<opset="cos_coefficients_table_addr_10 "/>
</bind>
</comp>

<comp id="3758" class="1005" name="sin_coefficients_table_addr_10_reg_3758">
<pin_list>
<pin id="3759" dir="0" index="0" bw="10" slack="1"/>
<pin id="3760" dir="1" index="1" bw="10" slack="1"/>
</pin_list>
<bind>
<opset="sin_coefficients_table_addr_10 "/>
</bind>
</comp>

<comp id="3763" class="1005" name="tmp_23_reg_3763">
<pin_list>
<pin id="3764" dir="0" index="0" bw="32" slack="16"/>
<pin id="3765" dir="1" index="1" bw="32" slack="16"/>
</pin_list>
<bind>
<opset="tmp_23 "/>
</bind>
</comp>

<comp id="3768" class="1005" name="tmp_24_reg_3768">
<pin_list>
<pin id="3769" dir="0" index="0" bw="32" slack="17"/>
<pin id="3770" dir="1" index="1" bw="32" slack="17"/>
</pin_list>
<bind>
<opset="tmp_24 "/>
</bind>
</comp>

<comp id="3773" class="1005" name="tmp_25_reg_3773">
<pin_list>
<pin id="3774" dir="0" index="0" bw="32" slack="20"/>
<pin id="3775" dir="1" index="1" bw="32" slack="20"/>
</pin_list>
<bind>
<opset="tmp_25 "/>
</bind>
</comp>

<comp id="3778" class="1005" name="tmp_26_reg_3778">
<pin_list>
<pin id="3779" dir="0" index="0" bw="32" slack="21"/>
<pin id="3780" dir="1" index="1" bw="32" slack="21"/>
</pin_list>
<bind>
<opset="tmp_26 "/>
</bind>
</comp>

<comp id="3783" class="1005" name="real_sample_0_addr_14_reg_3783">
<pin_list>
<pin id="3784" dir="0" index="0" bw="7" slack="1"/>
<pin id="3785" dir="1" index="1" bw="7" slack="1"/>
</pin_list>
<bind>
<opset="real_sample_0_addr_14 "/>
</bind>
</comp>

<comp id="3788" class="1005" name="real_sample_1_addr_14_reg_3788">
<pin_list>
<pin id="3789" dir="0" index="0" bw="7" slack="1"/>
<pin id="3790" dir="1" index="1" bw="7" slack="1"/>
</pin_list>
<bind>
<opset="real_sample_1_addr_14 "/>
</bind>
</comp>

<comp id="3793" class="1005" name="real_sample_2_addr_14_reg_3793">
<pin_list>
<pin id="3794" dir="0" index="0" bw="7" slack="1"/>
<pin id="3795" dir="1" index="1" bw="7" slack="1"/>
</pin_list>
<bind>
<opset="real_sample_2_addr_14 "/>
</bind>
</comp>

<comp id="3798" class="1005" name="real_sample_3_addr_14_reg_3798">
<pin_list>
<pin id="3799" dir="0" index="0" bw="7" slack="1"/>
<pin id="3800" dir="1" index="1" bw="7" slack="1"/>
</pin_list>
<bind>
<opset="real_sample_3_addr_14 "/>
</bind>
</comp>

<comp id="3803" class="1005" name="real_sample_4_addr_14_reg_3803">
<pin_list>
<pin id="3804" dir="0" index="0" bw="7" slack="1"/>
<pin id="3805" dir="1" index="1" bw="7" slack="1"/>
</pin_list>
<bind>
<opset="real_sample_4_addr_14 "/>
</bind>
</comp>

<comp id="3808" class="1005" name="real_sample_5_addr_14_reg_3808">
<pin_list>
<pin id="3809" dir="0" index="0" bw="7" slack="1"/>
<pin id="3810" dir="1" index="1" bw="7" slack="1"/>
</pin_list>
<bind>
<opset="real_sample_5_addr_14 "/>
</bind>
</comp>

<comp id="3813" class="1005" name="real_sample_6_addr_14_reg_3813">
<pin_list>
<pin id="3814" dir="0" index="0" bw="7" slack="1"/>
<pin id="3815" dir="1" index="1" bw="7" slack="1"/>
</pin_list>
<bind>
<opset="real_sample_6_addr_14 "/>
</bind>
</comp>

<comp id="3818" class="1005" name="real_sample_7_addr_14_reg_3818">
<pin_list>
<pin id="3819" dir="0" index="0" bw="7" slack="1"/>
<pin id="3820" dir="1" index="1" bw="7" slack="1"/>
</pin_list>
<bind>
<opset="real_sample_7_addr_14 "/>
</bind>
</comp>

<comp id="3823" class="1005" name="imag_sample_0_addr_14_reg_3823">
<pin_list>
<pin id="3824" dir="0" index="0" bw="7" slack="1"/>
<pin id="3825" dir="1" index="1" bw="7" slack="1"/>
</pin_list>
<bind>
<opset="imag_sample_0_addr_14 "/>
</bind>
</comp>

<comp id="3828" class="1005" name="imag_sample_1_addr_14_reg_3828">
<pin_list>
<pin id="3829" dir="0" index="0" bw="7" slack="1"/>
<pin id="3830" dir="1" index="1" bw="7" slack="1"/>
</pin_list>
<bind>
<opset="imag_sample_1_addr_14 "/>
</bind>
</comp>

<comp id="3833" class="1005" name="imag_sample_2_addr_14_reg_3833">
<pin_list>
<pin id="3834" dir="0" index="0" bw="7" slack="1"/>
<pin id="3835" dir="1" index="1" bw="7" slack="1"/>
</pin_list>
<bind>
<opset="imag_sample_2_addr_14 "/>
</bind>
</comp>

<comp id="3838" class="1005" name="imag_sample_3_addr_14_reg_3838">
<pin_list>
<pin id="3839" dir="0" index="0" bw="7" slack="1"/>
<pin id="3840" dir="1" index="1" bw="7" slack="1"/>
</pin_list>
<bind>
<opset="imag_sample_3_addr_14 "/>
</bind>
</comp>

<comp id="3843" class="1005" name="imag_sample_4_addr_14_reg_3843">
<pin_list>
<pin id="3844" dir="0" index="0" bw="7" slack="1"/>
<pin id="3845" dir="1" index="1" bw="7" slack="1"/>
</pin_list>
<bind>
<opset="imag_sample_4_addr_14 "/>
</bind>
</comp>

<comp id="3848" class="1005" name="imag_sample_5_addr_14_reg_3848">
<pin_list>
<pin id="3849" dir="0" index="0" bw="7" slack="1"/>
<pin id="3850" dir="1" index="1" bw="7" slack="1"/>
</pin_list>
<bind>
<opset="imag_sample_5_addr_14 "/>
</bind>
</comp>

<comp id="3853" class="1005" name="imag_sample_6_addr_14_reg_3853">
<pin_list>
<pin id="3854" dir="0" index="0" bw="7" slack="1"/>
<pin id="3855" dir="1" index="1" bw="7" slack="1"/>
</pin_list>
<bind>
<opset="imag_sample_6_addr_14 "/>
</bind>
</comp>

<comp id="3858" class="1005" name="imag_sample_7_addr_14_reg_3858">
<pin_list>
<pin id="3859" dir="0" index="0" bw="7" slack="1"/>
<pin id="3860" dir="1" index="1" bw="7" slack="1"/>
</pin_list>
<bind>
<opset="imag_sample_7_addr_14 "/>
</bind>
</comp>

<comp id="3863" class="1005" name="real_sample_0_addr_15_reg_3863">
<pin_list>
<pin id="3864" dir="0" index="0" bw="7" slack="1"/>
<pin id="3865" dir="1" index="1" bw="7" slack="1"/>
</pin_list>
<bind>
<opset="real_sample_0_addr_15 "/>
</bind>
</comp>

<comp id="3868" class="1005" name="real_sample_1_addr_15_reg_3868">
<pin_list>
<pin id="3869" dir="0" index="0" bw="7" slack="1"/>
<pin id="3870" dir="1" index="1" bw="7" slack="1"/>
</pin_list>
<bind>
<opset="real_sample_1_addr_15 "/>
</bind>
</comp>

<comp id="3873" class="1005" name="real_sample_2_addr_15_reg_3873">
<pin_list>
<pin id="3874" dir="0" index="0" bw="7" slack="1"/>
<pin id="3875" dir="1" index="1" bw="7" slack="1"/>
</pin_list>
<bind>
<opset="real_sample_2_addr_15 "/>
</bind>
</comp>

<comp id="3878" class="1005" name="real_sample_3_addr_15_reg_3878">
<pin_list>
<pin id="3879" dir="0" index="0" bw="7" slack="1"/>
<pin id="3880" dir="1" index="1" bw="7" slack="1"/>
</pin_list>
<bind>
<opset="real_sample_3_addr_15 "/>
</bind>
</comp>

<comp id="3883" class="1005" name="real_sample_4_addr_15_reg_3883">
<pin_list>
<pin id="3884" dir="0" index="0" bw="7" slack="1"/>
<pin id="3885" dir="1" index="1" bw="7" slack="1"/>
</pin_list>
<bind>
<opset="real_sample_4_addr_15 "/>
</bind>
</comp>

<comp id="3888" class="1005" name="real_sample_5_addr_15_reg_3888">
<pin_list>
<pin id="3889" dir="0" index="0" bw="7" slack="1"/>
<pin id="3890" dir="1" index="1" bw="7" slack="1"/>
</pin_list>
<bind>
<opset="real_sample_5_addr_15 "/>
</bind>
</comp>

<comp id="3893" class="1005" name="real_sample_6_addr_15_reg_3893">
<pin_list>
<pin id="3894" dir="0" index="0" bw="7" slack="1"/>
<pin id="3895" dir="1" index="1" bw="7" slack="1"/>
</pin_list>
<bind>
<opset="real_sample_6_addr_15 "/>
</bind>
</comp>

<comp id="3898" class="1005" name="real_sample_7_addr_15_reg_3898">
<pin_list>
<pin id="3899" dir="0" index="0" bw="7" slack="1"/>
<pin id="3900" dir="1" index="1" bw="7" slack="1"/>
</pin_list>
<bind>
<opset="real_sample_7_addr_15 "/>
</bind>
</comp>

<comp id="3903" class="1005" name="imag_sample_0_addr_15_reg_3903">
<pin_list>
<pin id="3904" dir="0" index="0" bw="7" slack="1"/>
<pin id="3905" dir="1" index="1" bw="7" slack="1"/>
</pin_list>
<bind>
<opset="imag_sample_0_addr_15 "/>
</bind>
</comp>

<comp id="3908" class="1005" name="imag_sample_1_addr_15_reg_3908">
<pin_list>
<pin id="3909" dir="0" index="0" bw="7" slack="1"/>
<pin id="3910" dir="1" index="1" bw="7" slack="1"/>
</pin_list>
<bind>
<opset="imag_sample_1_addr_15 "/>
</bind>
</comp>

<comp id="3913" class="1005" name="imag_sample_2_addr_15_reg_3913">
<pin_list>
<pin id="3914" dir="0" index="0" bw="7" slack="1"/>
<pin id="3915" dir="1" index="1" bw="7" slack="1"/>
</pin_list>
<bind>
<opset="imag_sample_2_addr_15 "/>
</bind>
</comp>

<comp id="3918" class="1005" name="imag_sample_3_addr_15_reg_3918">
<pin_list>
<pin id="3919" dir="0" index="0" bw="7" slack="1"/>
<pin id="3920" dir="1" index="1" bw="7" slack="1"/>
</pin_list>
<bind>
<opset="imag_sample_3_addr_15 "/>
</bind>
</comp>

<comp id="3923" class="1005" name="imag_sample_4_addr_15_reg_3923">
<pin_list>
<pin id="3924" dir="0" index="0" bw="7" slack="1"/>
<pin id="3925" dir="1" index="1" bw="7" slack="1"/>
</pin_list>
<bind>
<opset="imag_sample_4_addr_15 "/>
</bind>
</comp>

<comp id="3928" class="1005" name="imag_sample_5_addr_15_reg_3928">
<pin_list>
<pin id="3929" dir="0" index="0" bw="7" slack="1"/>
<pin id="3930" dir="1" index="1" bw="7" slack="1"/>
</pin_list>
<bind>
<opset="imag_sample_5_addr_15 "/>
</bind>
</comp>

<comp id="3933" class="1005" name="imag_sample_6_addr_15_reg_3933">
<pin_list>
<pin id="3934" dir="0" index="0" bw="7" slack="1"/>
<pin id="3935" dir="1" index="1" bw="7" slack="1"/>
</pin_list>
<bind>
<opset="imag_sample_6_addr_15 "/>
</bind>
</comp>

<comp id="3938" class="1005" name="imag_sample_7_addr_15_reg_3938">
<pin_list>
<pin id="3939" dir="0" index="0" bw="7" slack="1"/>
<pin id="3940" dir="1" index="1" bw="7" slack="1"/>
</pin_list>
<bind>
<opset="imag_sample_7_addr_15 "/>
</bind>
</comp>

<comp id="3943" class="1005" name="c_47_reg_3943">
<pin_list>
<pin id="3944" dir="0" index="0" bw="32" slack="7"/>
<pin id="3945" dir="1" index="1" bw="32" slack="7"/>
</pin_list>
<bind>
<opset="c_47 "/>
</bind>
</comp>

<comp id="3948" class="1005" name="s_47_reg_3948">
<pin_list>
<pin id="3949" dir="0" index="0" bw="32" slack="8"/>
<pin id="3950" dir="1" index="1" bw="32" slack="8"/>
</pin_list>
<bind>
<opset="s_47 "/>
</bind>
</comp>

<comp id="3953" class="1005" name="idx_48_reg_3953">
<pin_list>
<pin id="3954" dir="0" index="0" bw="10" slack="1"/>
<pin id="3955" dir="1" index="1" bw="10" slack="1"/>
</pin_list>
<bind>
<opset="idx_48 "/>
</bind>
</comp>

<comp id="3958" class="1005" name="cos_coefficients_table_addr_11_reg_3958">
<pin_list>
<pin id="3959" dir="0" index="0" bw="10" slack="1"/>
<pin id="3960" dir="1" index="1" bw="10" slack="1"/>
</pin_list>
<bind>
<opset="cos_coefficients_table_addr_11 "/>
</bind>
</comp>

<comp id="3963" class="1005" name="sin_coefficients_table_addr_11_reg_3963">
<pin_list>
<pin id="3964" dir="0" index="0" bw="10" slack="1"/>
<pin id="3965" dir="1" index="1" bw="10" slack="1"/>
</pin_list>
<bind>
<opset="sin_coefficients_table_addr_11 "/>
</bind>
</comp>

<comp id="3968" class="1005" name="tmp_27_reg_3968">
<pin_list>
<pin id="3969" dir="0" index="0" bw="32" slack="23"/>
<pin id="3970" dir="1" index="1" bw="32" slack="23"/>
</pin_list>
<bind>
<opset="tmp_27 "/>
</bind>
</comp>

<comp id="3973" class="1005" name="tmp_28_reg_3973">
<pin_list>
<pin id="3974" dir="0" index="0" bw="32" slack="24"/>
<pin id="3975" dir="1" index="1" bw="32" slack="24"/>
</pin_list>
<bind>
<opset="tmp_28 "/>
</bind>
</comp>

<comp id="3978" class="1005" name="tmp_29_reg_3978">
<pin_list>
<pin id="3979" dir="0" index="0" bw="32" slack="27"/>
<pin id="3980" dir="1" index="1" bw="32" slack="27"/>
</pin_list>
<bind>
<opset="tmp_29 "/>
</bind>
</comp>

<comp id="3983" class="1005" name="tmp_30_reg_3983">
<pin_list>
<pin id="3984" dir="0" index="0" bw="32" slack="28"/>
<pin id="3985" dir="1" index="1" bw="32" slack="28"/>
</pin_list>
<bind>
<opset="tmp_30 "/>
</bind>
</comp>

<comp id="3988" class="1005" name="c_48_reg_3988">
<pin_list>
<pin id="3989" dir="0" index="0" bw="32" slack="10"/>
<pin id="3990" dir="1" index="1" bw="32" slack="10"/>
</pin_list>
<bind>
<opset="c_48 "/>
</bind>
</comp>

<comp id="3993" class="1005" name="s_48_reg_3993">
<pin_list>
<pin id="3994" dir="0" index="0" bw="32" slack="11"/>
<pin id="3995" dir="1" index="1" bw="32" slack="11"/>
</pin_list>
<bind>
<opset="s_48 "/>
</bind>
</comp>

<comp id="3998" class="1005" name="idx_49_reg_3998">
<pin_list>
<pin id="3999" dir="0" index="0" bw="10" slack="1"/>
<pin id="4000" dir="1" index="1" bw="10" slack="1"/>
</pin_list>
<bind>
<opset="idx_49 "/>
</bind>
</comp>

<comp id="4003" class="1005" name="cos_coefficients_table_addr_12_reg_4003">
<pin_list>
<pin id="4004" dir="0" index="0" bw="10" slack="1"/>
<pin id="4005" dir="1" index="1" bw="10" slack="1"/>
</pin_list>
<bind>
<opset="cos_coefficients_table_addr_12 "/>
</bind>
</comp>

<comp id="4008" class="1005" name="sin_coefficients_table_addr_12_reg_4008">
<pin_list>
<pin id="4009" dir="0" index="0" bw="10" slack="1"/>
<pin id="4010" dir="1" index="1" bw="10" slack="1"/>
</pin_list>
<bind>
<opset="sin_coefficients_table_addr_12 "/>
</bind>
</comp>

<comp id="4013" class="1005" name="c_49_reg_4013">
<pin_list>
<pin id="4014" dir="0" index="0" bw="32" slack="13"/>
<pin id="4015" dir="1" index="1" bw="32" slack="13"/>
</pin_list>
<bind>
<opset="c_49 "/>
</bind>
</comp>

<comp id="4018" class="1005" name="s_49_reg_4018">
<pin_list>
<pin id="4019" dir="0" index="0" bw="32" slack="14"/>
<pin id="4020" dir="1" index="1" bw="32" slack="14"/>
</pin_list>
<bind>
<opset="s_49 "/>
</bind>
</comp>

<comp id="4023" class="1005" name="idx_50_reg_4023">
<pin_list>
<pin id="4024" dir="0" index="0" bw="10" slack="1"/>
<pin id="4025" dir="1" index="1" bw="10" slack="1"/>
</pin_list>
<bind>
<opset="idx_50 "/>
</bind>
</comp>

<comp id="4028" class="1005" name="cos_coefficients_table_addr_13_reg_4028">
<pin_list>
<pin id="4029" dir="0" index="0" bw="10" slack="1"/>
<pin id="4030" dir="1" index="1" bw="10" slack="1"/>
</pin_list>
<bind>
<opset="cos_coefficients_table_addr_13 "/>
</bind>
</comp>

<comp id="4033" class="1005" name="sin_coefficients_table_addr_13_reg_4033">
<pin_list>
<pin id="4034" dir="0" index="0" bw="10" slack="1"/>
<pin id="4035" dir="1" index="1" bw="10" slack="1"/>
</pin_list>
<bind>
<opset="sin_coefficients_table_addr_13 "/>
</bind>
</comp>

<comp id="4038" class="1005" name="c_50_reg_4038">
<pin_list>
<pin id="4039" dir="0" index="0" bw="32" slack="16"/>
<pin id="4040" dir="1" index="1" bw="32" slack="16"/>
</pin_list>
<bind>
<opset="c_50 "/>
</bind>
</comp>

<comp id="4043" class="1005" name="s_50_reg_4043">
<pin_list>
<pin id="4044" dir="0" index="0" bw="32" slack="17"/>
<pin id="4045" dir="1" index="1" bw="32" slack="17"/>
</pin_list>
<bind>
<opset="s_50 "/>
</bind>
</comp>

<comp id="4048" class="1005" name="cos_coefficients_table_addr_14_reg_4048">
<pin_list>
<pin id="4049" dir="0" index="0" bw="10" slack="1"/>
<pin id="4050" dir="1" index="1" bw="10" slack="1"/>
</pin_list>
<bind>
<opset="cos_coefficients_table_addr_14 "/>
</bind>
</comp>

<comp id="4053" class="1005" name="sin_coefficients_table_addr_14_reg_4053">
<pin_list>
<pin id="4054" dir="0" index="0" bw="10" slack="1"/>
<pin id="4055" dir="1" index="1" bw="10" slack="1"/>
</pin_list>
<bind>
<opset="sin_coefficients_table_addr_14 "/>
</bind>
</comp>

<comp id="4058" class="1005" name="idx_52_reg_4058">
<pin_list>
<pin id="4059" dir="0" index="0" bw="10" slack="1"/>
<pin id="4060" dir="1" index="1" bw="10" slack="1"/>
</pin_list>
<bind>
<opset="idx_52 "/>
</bind>
</comp>

<comp id="4063" class="1005" name="c_51_reg_4063">
<pin_list>
<pin id="4064" dir="0" index="0" bw="32" slack="19"/>
<pin id="4065" dir="1" index="1" bw="32" slack="19"/>
</pin_list>
<bind>
<opset="c_51 "/>
</bind>
</comp>

<comp id="4068" class="1005" name="cos_coefficients_table_addr_15_reg_4068">
<pin_list>
<pin id="4069" dir="0" index="0" bw="10" slack="1"/>
<pin id="4070" dir="1" index="1" bw="10" slack="1"/>
</pin_list>
<bind>
<opset="cos_coefficients_table_addr_15 "/>
</bind>
</comp>

<comp id="4073" class="1005" name="sin_coefficients_table_addr_15_reg_4073">
<pin_list>
<pin id="4074" dir="0" index="0" bw="10" slack="1"/>
<pin id="4075" dir="1" index="1" bw="10" slack="1"/>
</pin_list>
<bind>
<opset="sin_coefficients_table_addr_15 "/>
</bind>
</comp>

<comp id="4078" class="1005" name="s_52_reg_4078">
<pin_list>
<pin id="4079" dir="0" index="0" bw="32" slack="23"/>
<pin id="4080" dir="1" index="1" bw="32" slack="23"/>
</pin_list>
<bind>
<opset="s_52 "/>
</bind>
</comp>

<comp id="4083" class="1005" name="add3_1_load_reg_4083">
<pin_list>
<pin id="4084" dir="0" index="0" bw="32" slack="1"/>
<pin id="4085" dir="1" index="1" bw="32" slack="1"/>
</pin_list>
<bind>
<opset="add3_1_load "/>
</bind>
</comp>

<comp id="4088" class="1005" name="add274_1_load_reg_4088">
<pin_list>
<pin id="4089" dir="0" index="0" bw="32" slack="1"/>
<pin id="4090" dir="1" index="1" bw="32" slack="1"/>
</pin_list>
<bind>
<opset="add274_1_load "/>
</bind>
</comp>

</comp_list>

<net_list>
<net id="135"><net_src comp="42" pin="0"/><net_sink comp="132" pin=0"/></net>

<net id="139"><net_src comp="42" pin="0"/><net_sink comp="136" pin=0"/></net>

<net id="143"><net_src comp="42" pin="0"/><net_sink comp="140" pin=0"/></net>

<net id="148"><net_src comp="54" pin="0"/><net_sink comp="144" pin=0"/></net>

<net id="149"><net_src comp="0" pin="0"/><net_sink comp="144" pin=1"/></net>

<net id="155"><net_src comp="130" pin="0"/><net_sink comp="150" pin=0"/></net>

<net id="156"><net_src comp="34" pin="0"/><net_sink comp="150" pin=1"/></net>

<net id="162"><net_src comp="130" pin="0"/><net_sink comp="157" pin=0"/></net>

<net id="163"><net_src comp="36" pin="0"/><net_sink comp="157" pin=1"/></net>

<net id="169"><net_src comp="2" pin="0"/><net_sink comp="164" pin=0"/></net>

<net id="170"><net_src comp="64" pin="0"/><net_sink comp="164" pin=1"/></net>

<net id="180"><net_src comp="164" pin="3"/><net_sink comp="171" pin=2"/></net>

<net id="186"><net_src comp="4" pin="0"/><net_sink comp="181" pin=0"/></net>

<net id="187"><net_src comp="64" pin="0"/><net_sink comp="181" pin=1"/></net>

<net id="197"><net_src comp="181" pin="3"/><net_sink comp="188" pin=2"/></net>

<net id="203"><net_src comp="6" pin="0"/><net_sink comp="198" pin=0"/></net>

<net id="204"><net_src comp="64" pin="0"/><net_sink comp="198" pin=1"/></net>

<net id="214"><net_src comp="198" pin="3"/><net_sink comp="205" pin=2"/></net>

<net id="220"><net_src comp="8" pin="0"/><net_sink comp="215" pin=0"/></net>

<net id="221"><net_src comp="64" pin="0"/><net_sink comp="215" pin=1"/></net>

<net id="231"><net_src comp="215" pin="3"/><net_sink comp="222" pin=2"/></net>

<net id="237"><net_src comp="10" pin="0"/><net_sink comp="232" pin=0"/></net>

<net id="238"><net_src comp="64" pin="0"/><net_sink comp="232" pin=1"/></net>

<net id="248"><net_src comp="232" pin="3"/><net_sink comp="239" pin=2"/></net>

<net id="254"><net_src comp="12" pin="0"/><net_sink comp="249" pin=0"/></net>

<net id="255"><net_src comp="64" pin="0"/><net_sink comp="249" pin=1"/></net>

<net id="265"><net_src comp="249" pin="3"/><net_sink comp="256" pin=2"/></net>

<net id="271"><net_src comp="14" pin="0"/><net_sink comp="266" pin=0"/></net>

<net id="272"><net_src comp="64" pin="0"/><net_sink comp="266" pin=1"/></net>

<net id="282"><net_src comp="266" pin="3"/><net_sink comp="273" pin=2"/></net>

<net id="288"><net_src comp="16" pin="0"/><net_sink comp="283" pin=0"/></net>

<net id="289"><net_src comp="64" pin="0"/><net_sink comp="283" pin=1"/></net>

<net id="299"><net_src comp="283" pin="3"/><net_sink comp="290" pin=2"/></net>

<net id="305"><net_src comp="18" pin="0"/><net_sink comp="300" pin=0"/></net>

<net id="306"><net_src comp="64" pin="0"/><net_sink comp="300" pin=1"/></net>

<net id="316"><net_src comp="300" pin="3"/><net_sink comp="307" pin=2"/></net>

<net id="322"><net_src comp="20" pin="0"/><net_sink comp="317" pin=0"/></net>

<net id="323"><net_src comp="64" pin="0"/><net_sink comp="317" pin=1"/></net>

<net id="333"><net_src comp="317" pin="3"/><net_sink comp="324" pin=2"/></net>

<net id="339"><net_src comp="22" pin="0"/><net_sink comp="334" pin=0"/></net>

<net id="340"><net_src comp="64" pin="0"/><net_sink comp="334" pin=1"/></net>

<net id="350"><net_src comp="334" pin="3"/><net_sink comp="341" pin=2"/></net>

<net id="356"><net_src comp="24" pin="0"/><net_sink comp="351" pin=0"/></net>

<net id="357"><net_src comp="64" pin="0"/><net_sink comp="351" pin=1"/></net>

<net id="367"><net_src comp="351" pin="3"/><net_sink comp="358" pin=2"/></net>

<net id="373"><net_src comp="26" pin="0"/><net_sink comp="368" pin=0"/></net>

<net id="374"><net_src comp="64" pin="0"/><net_sink comp="368" pin=1"/></net>

<net id="384"><net_src comp="368" pin="3"/><net_sink comp="375" pin=2"/></net>

<net id="390"><net_src comp="28" pin="0"/><net_sink comp="385" pin=0"/></net>

<net id="391"><net_src comp="64" pin="0"/><net_sink comp="385" pin=1"/></net>

<net id="401"><net_src comp="385" pin="3"/><net_sink comp="392" pin=2"/></net>

<net id="407"><net_src comp="30" pin="0"/><net_sink comp="402" pin=0"/></net>

<net id="408"><net_src comp="64" pin="0"/><net_sink comp="402" pin=1"/></net>

<net id="418"><net_src comp="402" pin="3"/><net_sink comp="409" pin=2"/></net>

<net id="424"><net_src comp="32" pin="0"/><net_sink comp="419" pin=0"/></net>

<net id="425"><net_src comp="64" pin="0"/><net_sink comp="419" pin=1"/></net>

<net id="435"><net_src comp="419" pin="3"/><net_sink comp="426" pin=2"/></net>

<net id="441"><net_src comp="2" pin="0"/><net_sink comp="436" pin=0"/></net>

<net id="442"><net_src comp="64" pin="0"/><net_sink comp="436" pin=1"/></net>

<net id="443"><net_src comp="436" pin="3"/><net_sink comp="171" pin=0"/></net>

<net id="449"><net_src comp="4" pin="0"/><net_sink comp="444" pin=0"/></net>

<net id="450"><net_src comp="64" pin="0"/><net_sink comp="444" pin=1"/></net>

<net id="451"><net_src comp="444" pin="3"/><net_sink comp="188" pin=0"/></net>

<net id="457"><net_src comp="6" pin="0"/><net_sink comp="452" pin=0"/></net>

<net id="458"><net_src comp="64" pin="0"/><net_sink comp="452" pin=1"/></net>

<net id="459"><net_src comp="452" pin="3"/><net_sink comp="205" pin=0"/></net>

<net id="465"><net_src comp="8" pin="0"/><net_sink comp="460" pin=0"/></net>

<net id="466"><net_src comp="64" pin="0"/><net_sink comp="460" pin=1"/></net>

<net id="467"><net_src comp="460" pin="3"/><net_sink comp="222" pin=0"/></net>

<net id="473"><net_src comp="10" pin="0"/><net_sink comp="468" pin=0"/></net>

<net id="474"><net_src comp="64" pin="0"/><net_sink comp="468" pin=1"/></net>

<net id="475"><net_src comp="468" pin="3"/><net_sink comp="239" pin=0"/></net>

<net id="481"><net_src comp="12" pin="0"/><net_sink comp="476" pin=0"/></net>

<net id="482"><net_src comp="64" pin="0"/><net_sink comp="476" pin=1"/></net>

<net id="483"><net_src comp="476" pin="3"/><net_sink comp="256" pin=0"/></net>

<net id="489"><net_src comp="14" pin="0"/><net_sink comp="484" pin=0"/></net>

<net id="490"><net_src comp="64" pin="0"/><net_sink comp="484" pin=1"/></net>

<net id="491"><net_src comp="484" pin="3"/><net_sink comp="273" pin=0"/></net>

<net id="497"><net_src comp="16" pin="0"/><net_sink comp="492" pin=0"/></net>

<net id="498"><net_src comp="64" pin="0"/><net_sink comp="492" pin=1"/></net>

<net id="499"><net_src comp="492" pin="3"/><net_sink comp="290" pin=0"/></net>

<net id="505"><net_src comp="18" pin="0"/><net_sink comp="500" pin=0"/></net>

<net id="506"><net_src comp="64" pin="0"/><net_sink comp="500" pin=1"/></net>

<net id="507"><net_src comp="500" pin="3"/><net_sink comp="307" pin=0"/></net>

<net id="513"><net_src comp="20" pin="0"/><net_sink comp="508" pin=0"/></net>

<net id="514"><net_src comp="64" pin="0"/><net_sink comp="508" pin=1"/></net>

<net id="515"><net_src comp="508" pin="3"/><net_sink comp="324" pin=0"/></net>

<net id="521"><net_src comp="22" pin="0"/><net_sink comp="516" pin=0"/></net>

<net id="522"><net_src comp="64" pin="0"/><net_sink comp="516" pin=1"/></net>

<net id="523"><net_src comp="516" pin="3"/><net_sink comp="341" pin=0"/></net>

<net id="529"><net_src comp="24" pin="0"/><net_sink comp="524" pin=0"/></net>

<net id="530"><net_src comp="64" pin="0"/><net_sink comp="524" pin=1"/></net>

<net id="531"><net_src comp="524" pin="3"/><net_sink comp="358" pin=0"/></net>

<net id="537"><net_src comp="26" pin="0"/><net_sink comp="532" pin=0"/></net>

<net id="538"><net_src comp="64" pin="0"/><net_sink comp="532" pin=1"/></net>

<net id="539"><net_src comp="532" pin="3"/><net_sink comp="375" pin=0"/></net>

<net id="545"><net_src comp="28" pin="0"/><net_sink comp="540" pin=0"/></net>

<net id="546"><net_src comp="64" pin="0"/><net_sink comp="540" pin=1"/></net>

<net id="547"><net_src comp="540" pin="3"/><net_sink comp="392" pin=0"/></net>

<net id="553"><net_src comp="30" pin="0"/><net_sink comp="548" pin=0"/></net>

<net id="554"><net_src comp="64" pin="0"/><net_sink comp="548" pin=1"/></net>

<net id="555"><net_src comp="548" pin="3"/><net_sink comp="409" pin=0"/></net>

<net id="561"><net_src comp="32" pin="0"/><net_sink comp="556" pin=0"/></net>

<net id="562"><net_src comp="64" pin="0"/><net_sink comp="556" pin=1"/></net>

<net id="563"><net_src comp="556" pin="3"/><net_sink comp="426" pin=0"/></net>

<net id="569"><net_src comp="38" pin="0"/><net_sink comp="564" pin=0"/></net>

<net id="570"><net_src comp="64" pin="0"/><net_sink comp="564" pin=1"/></net>

<net id="576"><net_src comp="564" pin="3"/><net_sink comp="571" pin=0"/></net>

<net id="582"><net_src comp="40" pin="0"/><net_sink comp="577" pin=0"/></net>

<net id="583"><net_src comp="64" pin="0"/><net_sink comp="577" pin=1"/></net>

<net id="589"><net_src comp="577" pin="3"/><net_sink comp="584" pin=0"/></net>

<net id="595"><net_src comp="2" pin="0"/><net_sink comp="590" pin=0"/></net>

<net id="596"><net_src comp="64" pin="0"/><net_sink comp="590" pin=1"/></net>

<net id="597"><net_src comp="590" pin="3"/><net_sink comp="171" pin=2"/></net>

<net id="603"><net_src comp="4" pin="0"/><net_sink comp="598" pin=0"/></net>

<net id="604"><net_src comp="64" pin="0"/><net_sink comp="598" pin=1"/></net>

<net id="605"><net_src comp="598" pin="3"/><net_sink comp="188" pin=2"/></net>

<net id="611"><net_src comp="6" pin="0"/><net_sink comp="606" pin=0"/></net>

<net id="612"><net_src comp="64" pin="0"/><net_sink comp="606" pin=1"/></net>

<net id="613"><net_src comp="606" pin="3"/><net_sink comp="205" pin=2"/></net>

<net id="619"><net_src comp="8" pin="0"/><net_sink comp="614" pin=0"/></net>

<net id="620"><net_src comp="64" pin="0"/><net_sink comp="614" pin=1"/></net>

<net id="621"><net_src comp="614" pin="3"/><net_sink comp="222" pin=2"/></net>

<net id="627"><net_src comp="10" pin="0"/><net_sink comp="622" pin=0"/></net>

<net id="628"><net_src comp="64" pin="0"/><net_sink comp="622" pin=1"/></net>

<net id="629"><net_src comp="622" pin="3"/><net_sink comp="239" pin=2"/></net>

<net id="635"><net_src comp="12" pin="0"/><net_sink comp="630" pin=0"/></net>

<net id="636"><net_src comp="64" pin="0"/><net_sink comp="630" pin=1"/></net>

<net id="637"><net_src comp="630" pin="3"/><net_sink comp="256" pin=2"/></net>

<net id="643"><net_src comp="14" pin="0"/><net_sink comp="638" pin=0"/></net>

<net id="644"><net_src comp="64" pin="0"/><net_sink comp="638" pin=1"/></net>

<net id="645"><net_src comp="638" pin="3"/><net_sink comp="273" pin=2"/></net>

<net id="651"><net_src comp="16" pin="0"/><net_sink comp="646" pin=0"/></net>

<net id="652"><net_src comp="64" pin="0"/><net_sink comp="646" pin=1"/></net>

<net id="653"><net_src comp="646" pin="3"/><net_sink comp="290" pin=2"/></net>

<net id="659"><net_src comp="18" pin="0"/><net_sink comp="654" pin=0"/></net>

<net id="660"><net_src comp="64" pin="0"/><net_sink comp="654" pin=1"/></net>

<net id="661"><net_src comp="654" pin="3"/><net_sink comp="307" pin=2"/></net>

<net id="667"><net_src comp="20" pin="0"/><net_sink comp="662" pin=0"/></net>

<net id="668"><net_src comp="64" pin="0"/><net_sink comp="662" pin=1"/></net>

<net id="669"><net_src comp="662" pin="3"/><net_sink comp="324" pin=2"/></net>

<net id="675"><net_src comp="22" pin="0"/><net_sink comp="670" pin=0"/></net>

<net id="676"><net_src comp="64" pin="0"/><net_sink comp="670" pin=1"/></net>

<net id="677"><net_src comp="670" pin="3"/><net_sink comp="341" pin=2"/></net>

<net id="683"><net_src comp="24" pin="0"/><net_sink comp="678" pin=0"/></net>

<net id="684"><net_src comp="64" pin="0"/><net_sink comp="678" pin=1"/></net>

<net id="685"><net_src comp="678" pin="3"/><net_sink comp="358" pin=2"/></net>

<net id="691"><net_src comp="26" pin="0"/><net_sink comp="686" pin=0"/></net>

<net id="692"><net_src comp="64" pin="0"/><net_sink comp="686" pin=1"/></net>

<net id="693"><net_src comp="686" pin="3"/><net_sink comp="375" pin=2"/></net>

<net id="699"><net_src comp="28" pin="0"/><net_sink comp="694" pin=0"/></net>

<net id="700"><net_src comp="64" pin="0"/><net_sink comp="694" pin=1"/></net>

<net id="701"><net_src comp="694" pin="3"/><net_sink comp="392" pin=2"/></net>

<net id="707"><net_src comp="30" pin="0"/><net_sink comp="702" pin=0"/></net>

<net id="708"><net_src comp="64" pin="0"/><net_sink comp="702" pin=1"/></net>

<net id="709"><net_src comp="702" pin="3"/><net_sink comp="409" pin=2"/></net>

<net id="715"><net_src comp="32" pin="0"/><net_sink comp="710" pin=0"/></net>

<net id="716"><net_src comp="64" pin="0"/><net_sink comp="710" pin=1"/></net>

<net id="717"><net_src comp="710" pin="3"/><net_sink comp="426" pin=2"/></net>

<net id="723"><net_src comp="2" pin="0"/><net_sink comp="718" pin=0"/></net>

<net id="724"><net_src comp="64" pin="0"/><net_sink comp="718" pin=1"/></net>

<net id="725"><net_src comp="718" pin="3"/><net_sink comp="171" pin=0"/></net>

<net id="731"><net_src comp="4" pin="0"/><net_sink comp="726" pin=0"/></net>

<net id="732"><net_src comp="64" pin="0"/><net_sink comp="726" pin=1"/></net>

<net id="733"><net_src comp="726" pin="3"/><net_sink comp="188" pin=0"/></net>

<net id="739"><net_src comp="6" pin="0"/><net_sink comp="734" pin=0"/></net>

<net id="740"><net_src comp="64" pin="0"/><net_sink comp="734" pin=1"/></net>

<net id="741"><net_src comp="734" pin="3"/><net_sink comp="205" pin=0"/></net>

<net id="747"><net_src comp="8" pin="0"/><net_sink comp="742" pin=0"/></net>

<net id="748"><net_src comp="64" pin="0"/><net_sink comp="742" pin=1"/></net>

<net id="749"><net_src comp="742" pin="3"/><net_sink comp="222" pin=0"/></net>

<net id="755"><net_src comp="10" pin="0"/><net_sink comp="750" pin=0"/></net>

<net id="756"><net_src comp="64" pin="0"/><net_sink comp="750" pin=1"/></net>

<net id="757"><net_src comp="750" pin="3"/><net_sink comp="239" pin=0"/></net>

<net id="763"><net_src comp="12" pin="0"/><net_sink comp="758" pin=0"/></net>

<net id="764"><net_src comp="64" pin="0"/><net_sink comp="758" pin=1"/></net>

<net id="765"><net_src comp="758" pin="3"/><net_sink comp="256" pin=0"/></net>

<net id="771"><net_src comp="14" pin="0"/><net_sink comp="766" pin=0"/></net>

<net id="772"><net_src comp="64" pin="0"/><net_sink comp="766" pin=1"/></net>

<net id="773"><net_src comp="766" pin="3"/><net_sink comp="273" pin=0"/></net>

<net id="779"><net_src comp="16" pin="0"/><net_sink comp="774" pin=0"/></net>

<net id="780"><net_src comp="64" pin="0"/><net_sink comp="774" pin=1"/></net>

<net id="781"><net_src comp="774" pin="3"/><net_sink comp="290" pin=0"/></net>

<net id="787"><net_src comp="18" pin="0"/><net_sink comp="782" pin=0"/></net>

<net id="788"><net_src comp="64" pin="0"/><net_sink comp="782" pin=1"/></net>

<net id="789"><net_src comp="782" pin="3"/><net_sink comp="307" pin=0"/></net>

<net id="795"><net_src comp="20" pin="0"/><net_sink comp="790" pin=0"/></net>

<net id="796"><net_src comp="64" pin="0"/><net_sink comp="790" pin=1"/></net>

<net id="797"><net_src comp="790" pin="3"/><net_sink comp="324" pin=0"/></net>

<net id="803"><net_src comp="22" pin="0"/><net_sink comp="798" pin=0"/></net>

<net id="804"><net_src comp="64" pin="0"/><net_sink comp="798" pin=1"/></net>

<net id="805"><net_src comp="798" pin="3"/><net_sink comp="341" pin=0"/></net>

<net id="811"><net_src comp="24" pin="0"/><net_sink comp="806" pin=0"/></net>

<net id="812"><net_src comp="64" pin="0"/><net_sink comp="806" pin=1"/></net>

<net id="813"><net_src comp="806" pin="3"/><net_sink comp="358" pin=0"/></net>

<net id="819"><net_src comp="26" pin="0"/><net_sink comp="814" pin=0"/></net>

<net id="820"><net_src comp="64" pin="0"/><net_sink comp="814" pin=1"/></net>

<net id="821"><net_src comp="814" pin="3"/><net_sink comp="375" pin=0"/></net>

<net id="827"><net_src comp="28" pin="0"/><net_sink comp="822" pin=0"/></net>

<net id="828"><net_src comp="64" pin="0"/><net_sink comp="822" pin=1"/></net>

<net id="829"><net_src comp="822" pin="3"/><net_sink comp="392" pin=0"/></net>

<net id="835"><net_src comp="30" pin="0"/><net_sink comp="830" pin=0"/></net>

<net id="836"><net_src comp="64" pin="0"/><net_sink comp="830" pin=1"/></net>

<net id="837"><net_src comp="830" pin="3"/><net_sink comp="409" pin=0"/></net>

<net id="843"><net_src comp="32" pin="0"/><net_sink comp="838" pin=0"/></net>

<net id="844"><net_src comp="64" pin="0"/><net_sink comp="838" pin=1"/></net>

<net id="845"><net_src comp="838" pin="3"/><net_sink comp="426" pin=0"/></net>

<net id="851"><net_src comp="38" pin="0"/><net_sink comp="846" pin=0"/></net>

<net id="852"><net_src comp="64" pin="0"/><net_sink comp="846" pin=1"/></net>

<net id="853"><net_src comp="846" pin="3"/><net_sink comp="571" pin=0"/></net>

<net id="859"><net_src comp="40" pin="0"/><net_sink comp="854" pin=0"/></net>

<net id="860"><net_src comp="64" pin="0"/><net_sink comp="854" pin=1"/></net>

<net id="861"><net_src comp="854" pin="3"/><net_sink comp="584" pin=0"/></net>

<net id="867"><net_src comp="2" pin="0"/><net_sink comp="862" pin=0"/></net>

<net id="868"><net_src comp="64" pin="0"/><net_sink comp="862" pin=1"/></net>

<net id="869"><net_src comp="862" pin="3"/><net_sink comp="171" pin=2"/></net>

<net id="875"><net_src comp="4" pin="0"/><net_sink comp="870" pin=0"/></net>

<net id="876"><net_src comp="64" pin="0"/><net_sink comp="870" pin=1"/></net>

<net id="877"><net_src comp="870" pin="3"/><net_sink comp="188" pin=2"/></net>

<net id="883"><net_src comp="6" pin="0"/><net_sink comp="878" pin=0"/></net>

<net id="884"><net_src comp="64" pin="0"/><net_sink comp="878" pin=1"/></net>

<net id="885"><net_src comp="878" pin="3"/><net_sink comp="205" pin=2"/></net>

<net id="891"><net_src comp="8" pin="0"/><net_sink comp="886" pin=0"/></net>

<net id="892"><net_src comp="64" pin="0"/><net_sink comp="886" pin=1"/></net>

<net id="893"><net_src comp="886" pin="3"/><net_sink comp="222" pin=2"/></net>

<net id="899"><net_src comp="10" pin="0"/><net_sink comp="894" pin=0"/></net>

<net id="900"><net_src comp="64" pin="0"/><net_sink comp="894" pin=1"/></net>

<net id="901"><net_src comp="894" pin="3"/><net_sink comp="239" pin=2"/></net>

<net id="907"><net_src comp="12" pin="0"/><net_sink comp="902" pin=0"/></net>

<net id="908"><net_src comp="64" pin="0"/><net_sink comp="902" pin=1"/></net>

<net id="909"><net_src comp="902" pin="3"/><net_sink comp="256" pin=2"/></net>

<net id="915"><net_src comp="14" pin="0"/><net_sink comp="910" pin=0"/></net>

<net id="916"><net_src comp="64" pin="0"/><net_sink comp="910" pin=1"/></net>

<net id="917"><net_src comp="910" pin="3"/><net_sink comp="273" pin=2"/></net>

<net id="923"><net_src comp="16" pin="0"/><net_sink comp="918" pin=0"/></net>

<net id="924"><net_src comp="64" pin="0"/><net_sink comp="918" pin=1"/></net>

<net id="925"><net_src comp="918" pin="3"/><net_sink comp="290" pin=2"/></net>

<net id="931"><net_src comp="18" pin="0"/><net_sink comp="926" pin=0"/></net>

<net id="932"><net_src comp="64" pin="0"/><net_sink comp="926" pin=1"/></net>

<net id="933"><net_src comp="926" pin="3"/><net_sink comp="307" pin=2"/></net>

<net id="939"><net_src comp="20" pin="0"/><net_sink comp="934" pin=0"/></net>

<net id="940"><net_src comp="64" pin="0"/><net_sink comp="934" pin=1"/></net>

<net id="941"><net_src comp="934" pin="3"/><net_sink comp="324" pin=2"/></net>

<net id="947"><net_src comp="22" pin="0"/><net_sink comp="942" pin=0"/></net>

<net id="948"><net_src comp="64" pin="0"/><net_sink comp="942" pin=1"/></net>

<net id="949"><net_src comp="942" pin="3"/><net_sink comp="341" pin=2"/></net>

<net id="955"><net_src comp="24" pin="0"/><net_sink comp="950" pin=0"/></net>

<net id="956"><net_src comp="64" pin="0"/><net_sink comp="950" pin=1"/></net>

<net id="957"><net_src comp="950" pin="3"/><net_sink comp="358" pin=2"/></net>

<net id="963"><net_src comp="26" pin="0"/><net_sink comp="958" pin=0"/></net>

<net id="964"><net_src comp="64" pin="0"/><net_sink comp="958" pin=1"/></net>

<net id="965"><net_src comp="958" pin="3"/><net_sink comp="375" pin=2"/></net>

<net id="971"><net_src comp="28" pin="0"/><net_sink comp="966" pin=0"/></net>

<net id="972"><net_src comp="64" pin="0"/><net_sink comp="966" pin=1"/></net>

<net id="973"><net_src comp="966" pin="3"/><net_sink comp="392" pin=2"/></net>

<net id="979"><net_src comp="30" pin="0"/><net_sink comp="974" pin=0"/></net>

<net id="980"><net_src comp="64" pin="0"/><net_sink comp="974" pin=1"/></net>

<net id="981"><net_src comp="974" pin="3"/><net_sink comp="409" pin=2"/></net>

<net id="987"><net_src comp="32" pin="0"/><net_sink comp="982" pin=0"/></net>

<net id="988"><net_src comp="64" pin="0"/><net_sink comp="982" pin=1"/></net>

<net id="989"><net_src comp="982" pin="3"/><net_sink comp="426" pin=2"/></net>

<net id="995"><net_src comp="2" pin="0"/><net_sink comp="990" pin=0"/></net>

<net id="996"><net_src comp="64" pin="0"/><net_sink comp="990" pin=1"/></net>

<net id="997"><net_src comp="990" pin="3"/><net_sink comp="171" pin=0"/></net>

<net id="1003"><net_src comp="4" pin="0"/><net_sink comp="998" pin=0"/></net>

<net id="1004"><net_src comp="64" pin="0"/><net_sink comp="998" pin=1"/></net>

<net id="1005"><net_src comp="998" pin="3"/><net_sink comp="188" pin=0"/></net>

<net id="1011"><net_src comp="6" pin="0"/><net_sink comp="1006" pin=0"/></net>

<net id="1012"><net_src comp="64" pin="0"/><net_sink comp="1006" pin=1"/></net>

<net id="1013"><net_src comp="1006" pin="3"/><net_sink comp="205" pin=0"/></net>

<net id="1019"><net_src comp="8" pin="0"/><net_sink comp="1014" pin=0"/></net>

<net id="1020"><net_src comp="64" pin="0"/><net_sink comp="1014" pin=1"/></net>

<net id="1021"><net_src comp="1014" pin="3"/><net_sink comp="222" pin=0"/></net>

<net id="1027"><net_src comp="10" pin="0"/><net_sink comp="1022" pin=0"/></net>

<net id="1028"><net_src comp="64" pin="0"/><net_sink comp="1022" pin=1"/></net>

<net id="1029"><net_src comp="1022" pin="3"/><net_sink comp="239" pin=0"/></net>

<net id="1035"><net_src comp="12" pin="0"/><net_sink comp="1030" pin=0"/></net>

<net id="1036"><net_src comp="64" pin="0"/><net_sink comp="1030" pin=1"/></net>

<net id="1037"><net_src comp="1030" pin="3"/><net_sink comp="256" pin=0"/></net>

<net id="1043"><net_src comp="14" pin="0"/><net_sink comp="1038" pin=0"/></net>

<net id="1044"><net_src comp="64" pin="0"/><net_sink comp="1038" pin=1"/></net>

<net id="1045"><net_src comp="1038" pin="3"/><net_sink comp="273" pin=0"/></net>

<net id="1051"><net_src comp="16" pin="0"/><net_sink comp="1046" pin=0"/></net>

<net id="1052"><net_src comp="64" pin="0"/><net_sink comp="1046" pin=1"/></net>

<net id="1053"><net_src comp="1046" pin="3"/><net_sink comp="290" pin=0"/></net>

<net id="1059"><net_src comp="18" pin="0"/><net_sink comp="1054" pin=0"/></net>

<net id="1060"><net_src comp="64" pin="0"/><net_sink comp="1054" pin=1"/></net>

<net id="1061"><net_src comp="1054" pin="3"/><net_sink comp="307" pin=0"/></net>

<net id="1067"><net_src comp="20" pin="0"/><net_sink comp="1062" pin=0"/></net>

<net id="1068"><net_src comp="64" pin="0"/><net_sink comp="1062" pin=1"/></net>

<net id="1069"><net_src comp="1062" pin="3"/><net_sink comp="324" pin=0"/></net>

<net id="1075"><net_src comp="22" pin="0"/><net_sink comp="1070" pin=0"/></net>

<net id="1076"><net_src comp="64" pin="0"/><net_sink comp="1070" pin=1"/></net>

<net id="1077"><net_src comp="1070" pin="3"/><net_sink comp="341" pin=0"/></net>

<net id="1083"><net_src comp="24" pin="0"/><net_sink comp="1078" pin=0"/></net>

<net id="1084"><net_src comp="64" pin="0"/><net_sink comp="1078" pin=1"/></net>

<net id="1085"><net_src comp="1078" pin="3"/><net_sink comp="358" pin=0"/></net>

<net id="1091"><net_src comp="26" pin="0"/><net_sink comp="1086" pin=0"/></net>

<net id="1092"><net_src comp="64" pin="0"/><net_sink comp="1086" pin=1"/></net>

<net id="1093"><net_src comp="1086" pin="3"/><net_sink comp="375" pin=0"/></net>

<net id="1099"><net_src comp="28" pin="0"/><net_sink comp="1094" pin=0"/></net>

<net id="1100"><net_src comp="64" pin="0"/><net_sink comp="1094" pin=1"/></net>

<net id="1101"><net_src comp="1094" pin="3"/><net_sink comp="392" pin=0"/></net>

<net id="1107"><net_src comp="30" pin="0"/><net_sink comp="1102" pin=0"/></net>

<net id="1108"><net_src comp="64" pin="0"/><net_sink comp="1102" pin=1"/></net>

<net id="1109"><net_src comp="1102" pin="3"/><net_sink comp="409" pin=0"/></net>

<net id="1115"><net_src comp="32" pin="0"/><net_sink comp="1110" pin=0"/></net>

<net id="1116"><net_src comp="64" pin="0"/><net_sink comp="1110" pin=1"/></net>

<net id="1117"><net_src comp="1110" pin="3"/><net_sink comp="426" pin=0"/></net>

<net id="1123"><net_src comp="38" pin="0"/><net_sink comp="1118" pin=0"/></net>

<net id="1124"><net_src comp="64" pin="0"/><net_sink comp="1118" pin=1"/></net>

<net id="1125"><net_src comp="1118" pin="3"/><net_sink comp="571" pin=0"/></net>

<net id="1131"><net_src comp="40" pin="0"/><net_sink comp="1126" pin=0"/></net>

<net id="1132"><net_src comp="64" pin="0"/><net_sink comp="1126" pin=1"/></net>

<net id="1133"><net_src comp="1126" pin="3"/><net_sink comp="584" pin=0"/></net>

<net id="1139"><net_src comp="2" pin="0"/><net_sink comp="1134" pin=0"/></net>

<net id="1140"><net_src comp="64" pin="0"/><net_sink comp="1134" pin=1"/></net>

<net id="1141"><net_src comp="1134" pin="3"/><net_sink comp="171" pin=2"/></net>

<net id="1147"><net_src comp="4" pin="0"/><net_sink comp="1142" pin=0"/></net>

<net id="1148"><net_src comp="64" pin="0"/><net_sink comp="1142" pin=1"/></net>

<net id="1149"><net_src comp="1142" pin="3"/><net_sink comp="188" pin=2"/></net>

<net id="1155"><net_src comp="6" pin="0"/><net_sink comp="1150" pin=0"/></net>

<net id="1156"><net_src comp="64" pin="0"/><net_sink comp="1150" pin=1"/></net>

<net id="1157"><net_src comp="1150" pin="3"/><net_sink comp="205" pin=2"/></net>

<net id="1163"><net_src comp="8" pin="0"/><net_sink comp="1158" pin=0"/></net>

<net id="1164"><net_src comp="64" pin="0"/><net_sink comp="1158" pin=1"/></net>

<net id="1165"><net_src comp="1158" pin="3"/><net_sink comp="222" pin=2"/></net>

<net id="1171"><net_src comp="10" pin="0"/><net_sink comp="1166" pin=0"/></net>

<net id="1172"><net_src comp="64" pin="0"/><net_sink comp="1166" pin=1"/></net>

<net id="1173"><net_src comp="1166" pin="3"/><net_sink comp="239" pin=2"/></net>

<net id="1179"><net_src comp="12" pin="0"/><net_sink comp="1174" pin=0"/></net>

<net id="1180"><net_src comp="64" pin="0"/><net_sink comp="1174" pin=1"/></net>

<net id="1181"><net_src comp="1174" pin="3"/><net_sink comp="256" pin=2"/></net>

<net id="1187"><net_src comp="14" pin="0"/><net_sink comp="1182" pin=0"/></net>

<net id="1188"><net_src comp="64" pin="0"/><net_sink comp="1182" pin=1"/></net>

<net id="1189"><net_src comp="1182" pin="3"/><net_sink comp="273" pin=2"/></net>

<net id="1195"><net_src comp="16" pin="0"/><net_sink comp="1190" pin=0"/></net>

<net id="1196"><net_src comp="64" pin="0"/><net_sink comp="1190" pin=1"/></net>

<net id="1197"><net_src comp="1190" pin="3"/><net_sink comp="290" pin=2"/></net>

<net id="1203"><net_src comp="18" pin="0"/><net_sink comp="1198" pin=0"/></net>

<net id="1204"><net_src comp="64" pin="0"/><net_sink comp="1198" pin=1"/></net>

<net id="1205"><net_src comp="1198" pin="3"/><net_sink comp="307" pin=2"/></net>

<net id="1211"><net_src comp="20" pin="0"/><net_sink comp="1206" pin=0"/></net>

<net id="1212"><net_src comp="64" pin="0"/><net_sink comp="1206" pin=1"/></net>

<net id="1213"><net_src comp="1206" pin="3"/><net_sink comp="324" pin=2"/></net>

<net id="1219"><net_src comp="22" pin="0"/><net_sink comp="1214" pin=0"/></net>

<net id="1220"><net_src comp="64" pin="0"/><net_sink comp="1214" pin=1"/></net>

<net id="1221"><net_src comp="1214" pin="3"/><net_sink comp="341" pin=2"/></net>

<net id="1227"><net_src comp="24" pin="0"/><net_sink comp="1222" pin=0"/></net>

<net id="1228"><net_src comp="64" pin="0"/><net_sink comp="1222" pin=1"/></net>

<net id="1229"><net_src comp="1222" pin="3"/><net_sink comp="358" pin=2"/></net>

<net id="1235"><net_src comp="26" pin="0"/><net_sink comp="1230" pin=0"/></net>

<net id="1236"><net_src comp="64" pin="0"/><net_sink comp="1230" pin=1"/></net>

<net id="1237"><net_src comp="1230" pin="3"/><net_sink comp="375" pin=2"/></net>

<net id="1243"><net_src comp="28" pin="0"/><net_sink comp="1238" pin=0"/></net>

<net id="1244"><net_src comp="64" pin="0"/><net_sink comp="1238" pin=1"/></net>

<net id="1245"><net_src comp="1238" pin="3"/><net_sink comp="392" pin=2"/></net>

<net id="1251"><net_src comp="30" pin="0"/><net_sink comp="1246" pin=0"/></net>

<net id="1252"><net_src comp="64" pin="0"/><net_sink comp="1246" pin=1"/></net>

<net id="1253"><net_src comp="1246" pin="3"/><net_sink comp="409" pin=2"/></net>

<net id="1259"><net_src comp="32" pin="0"/><net_sink comp="1254" pin=0"/></net>

<net id="1260"><net_src comp="64" pin="0"/><net_sink comp="1254" pin=1"/></net>

<net id="1261"><net_src comp="1254" pin="3"/><net_sink comp="426" pin=2"/></net>

<net id="1267"><net_src comp="2" pin="0"/><net_sink comp="1262" pin=0"/></net>

<net id="1268"><net_src comp="64" pin="0"/><net_sink comp="1262" pin=1"/></net>

<net id="1269"><net_src comp="1262" pin="3"/><net_sink comp="171" pin=0"/></net>

<net id="1275"><net_src comp="4" pin="0"/><net_sink comp="1270" pin=0"/></net>

<net id="1276"><net_src comp="64" pin="0"/><net_sink comp="1270" pin=1"/></net>

<net id="1277"><net_src comp="1270" pin="3"/><net_sink comp="188" pin=0"/></net>

<net id="1283"><net_src comp="6" pin="0"/><net_sink comp="1278" pin=0"/></net>

<net id="1284"><net_src comp="64" pin="0"/><net_sink comp="1278" pin=1"/></net>

<net id="1285"><net_src comp="1278" pin="3"/><net_sink comp="205" pin=0"/></net>

<net id="1291"><net_src comp="8" pin="0"/><net_sink comp="1286" pin=0"/></net>

<net id="1292"><net_src comp="64" pin="0"/><net_sink comp="1286" pin=1"/></net>

<net id="1293"><net_src comp="1286" pin="3"/><net_sink comp="222" pin=0"/></net>

<net id="1299"><net_src comp="10" pin="0"/><net_sink comp="1294" pin=0"/></net>

<net id="1300"><net_src comp="64" pin="0"/><net_sink comp="1294" pin=1"/></net>

<net id="1301"><net_src comp="1294" pin="3"/><net_sink comp="239" pin=0"/></net>

<net id="1307"><net_src comp="12" pin="0"/><net_sink comp="1302" pin=0"/></net>

<net id="1308"><net_src comp="64" pin="0"/><net_sink comp="1302" pin=1"/></net>

<net id="1309"><net_src comp="1302" pin="3"/><net_sink comp="256" pin=0"/></net>

<net id="1315"><net_src comp="14" pin="0"/><net_sink comp="1310" pin=0"/></net>

<net id="1316"><net_src comp="64" pin="0"/><net_sink comp="1310" pin=1"/></net>

<net id="1317"><net_src comp="1310" pin="3"/><net_sink comp="273" pin=0"/></net>

<net id="1323"><net_src comp="16" pin="0"/><net_sink comp="1318" pin=0"/></net>

<net id="1324"><net_src comp="64" pin="0"/><net_sink comp="1318" pin=1"/></net>

<net id="1325"><net_src comp="1318" pin="3"/><net_sink comp="290" pin=0"/></net>

<net id="1331"><net_src comp="18" pin="0"/><net_sink comp="1326" pin=0"/></net>

<net id="1332"><net_src comp="64" pin="0"/><net_sink comp="1326" pin=1"/></net>

<net id="1333"><net_src comp="1326" pin="3"/><net_sink comp="307" pin=0"/></net>

<net id="1339"><net_src comp="20" pin="0"/><net_sink comp="1334" pin=0"/></net>

<net id="1340"><net_src comp="64" pin="0"/><net_sink comp="1334" pin=1"/></net>

<net id="1341"><net_src comp="1334" pin="3"/><net_sink comp="324" pin=0"/></net>

<net id="1347"><net_src comp="22" pin="0"/><net_sink comp="1342" pin=0"/></net>

<net id="1348"><net_src comp="64" pin="0"/><net_sink comp="1342" pin=1"/></net>

<net id="1349"><net_src comp="1342" pin="3"/><net_sink comp="341" pin=0"/></net>

<net id="1355"><net_src comp="24" pin="0"/><net_sink comp="1350" pin=0"/></net>

<net id="1356"><net_src comp="64" pin="0"/><net_sink comp="1350" pin=1"/></net>

<net id="1357"><net_src comp="1350" pin="3"/><net_sink comp="358" pin=0"/></net>

<net id="1363"><net_src comp="26" pin="0"/><net_sink comp="1358" pin=0"/></net>

<net id="1364"><net_src comp="64" pin="0"/><net_sink comp="1358" pin=1"/></net>

<net id="1365"><net_src comp="1358" pin="3"/><net_sink comp="375" pin=0"/></net>

<net id="1371"><net_src comp="28" pin="0"/><net_sink comp="1366" pin=0"/></net>

<net id="1372"><net_src comp="64" pin="0"/><net_sink comp="1366" pin=1"/></net>

<net id="1373"><net_src comp="1366" pin="3"/><net_sink comp="392" pin=0"/></net>

<net id="1379"><net_src comp="30" pin="0"/><net_sink comp="1374" pin=0"/></net>

<net id="1380"><net_src comp="64" pin="0"/><net_sink comp="1374" pin=1"/></net>

<net id="1381"><net_src comp="1374" pin="3"/><net_sink comp="409" pin=0"/></net>

<net id="1387"><net_src comp="32" pin="0"/><net_sink comp="1382" pin=0"/></net>

<net id="1388"><net_src comp="64" pin="0"/><net_sink comp="1382" pin=1"/></net>

<net id="1389"><net_src comp="1382" pin="3"/><net_sink comp="426" pin=0"/></net>

<net id="1395"><net_src comp="38" pin="0"/><net_sink comp="1390" pin=0"/></net>

<net id="1396"><net_src comp="64" pin="0"/><net_sink comp="1390" pin=1"/></net>

<net id="1397"><net_src comp="1390" pin="3"/><net_sink comp="571" pin=0"/></net>

<net id="1403"><net_src comp="40" pin="0"/><net_sink comp="1398" pin=0"/></net>

<net id="1404"><net_src comp="64" pin="0"/><net_sink comp="1398" pin=1"/></net>

<net id="1405"><net_src comp="1398" pin="3"/><net_sink comp="584" pin=0"/></net>

<net id="1411"><net_src comp="38" pin="0"/><net_sink comp="1406" pin=0"/></net>

<net id="1412"><net_src comp="64" pin="0"/><net_sink comp="1406" pin=1"/></net>

<net id="1413"><net_src comp="1406" pin="3"/><net_sink comp="571" pin=0"/></net>

<net id="1419"><net_src comp="40" pin="0"/><net_sink comp="1414" pin=0"/></net>

<net id="1420"><net_src comp="64" pin="0"/><net_sink comp="1414" pin=1"/></net>

<net id="1421"><net_src comp="1414" pin="3"/><net_sink comp="584" pin=0"/></net>

<net id="1427"><net_src comp="38" pin="0"/><net_sink comp="1422" pin=0"/></net>

<net id="1428"><net_src comp="64" pin="0"/><net_sink comp="1422" pin=1"/></net>

<net id="1429"><net_src comp="1422" pin="3"/><net_sink comp="571" pin=0"/></net>

<net id="1435"><net_src comp="40" pin="0"/><net_sink comp="1430" pin=0"/></net>

<net id="1436"><net_src comp="64" pin="0"/><net_sink comp="1430" pin=1"/></net>

<net id="1437"><net_src comp="1430" pin="3"/><net_sink comp="584" pin=0"/></net>

<net id="1443"><net_src comp="38" pin="0"/><net_sink comp="1438" pin=0"/></net>

<net id="1444"><net_src comp="64" pin="0"/><net_sink comp="1438" pin=1"/></net>

<net id="1445"><net_src comp="1438" pin="3"/><net_sink comp="571" pin=0"/></net>

<net id="1451"><net_src comp="40" pin="0"/><net_sink comp="1446" pin=0"/></net>

<net id="1452"><net_src comp="64" pin="0"/><net_sink comp="1446" pin=1"/></net>

<net id="1453"><net_src comp="1446" pin="3"/><net_sink comp="584" pin=0"/></net>

<net id="1459"><net_src comp="38" pin="0"/><net_sink comp="1454" pin=0"/></net>

<net id="1460"><net_src comp="64" pin="0"/><net_sink comp="1454" pin=1"/></net>

<net id="1461"><net_src comp="1454" pin="3"/><net_sink comp="571" pin=0"/></net>

<net id="1467"><net_src comp="40" pin="0"/><net_sink comp="1462" pin=0"/></net>

<net id="1468"><net_src comp="64" pin="0"/><net_sink comp="1462" pin=1"/></net>

<net id="1469"><net_src comp="1462" pin="3"/><net_sink comp="584" pin=0"/></net>

<net id="1485"><net_src comp="571" pin="3"/><net_sink comp="1482" pin=0"/></net>

<net id="1486"><net_src comp="1482" pin="1"/><net_sink comp="1478" pin=1"/></net>

<net id="1490"><net_src comp="584" pin="3"/><net_sink comp="1487" pin=0"/></net>

<net id="1491"><net_src comp="1487" pin="1"/><net_sink comp="1478" pin=1"/></net>

<net id="1495"><net_src comp="1478" pin="2"/><net_sink comp="1492" pin=0"/></net>

<net id="1496"><net_src comp="1492" pin="1"/><net_sink comp="1470" pin=0"/></net>

<net id="1497"><net_src comp="1492" pin="1"/><net_sink comp="1474" pin=0"/></net>

<net id="1501"><net_src comp="1478" pin="2"/><net_sink comp="1498" pin=0"/></net>

<net id="1502"><net_src comp="1498" pin="1"/><net_sink comp="1470" pin=1"/></net>

<net id="1503"><net_src comp="1498" pin="1"/><net_sink comp="1474" pin=1"/></net>

<net id="1507"><net_src comp="1478" pin="2"/><net_sink comp="1504" pin=0"/></net>

<net id="1508"><net_src comp="1504" pin="1"/><net_sink comp="1470" pin=0"/></net>

<net id="1509"><net_src comp="1504" pin="1"/><net_sink comp="1474" pin=0"/></net>

<net id="1513"><net_src comp="1478" pin="2"/><net_sink comp="1510" pin=0"/></net>

<net id="1514"><net_src comp="1510" pin="1"/><net_sink comp="1470" pin=1"/></net>

<net id="1515"><net_src comp="1510" pin="1"/><net_sink comp="1474" pin=1"/></net>

<net id="1519"><net_src comp="1478" pin="2"/><net_sink comp="1516" pin=0"/></net>

<net id="1520"><net_src comp="1516" pin="1"/><net_sink comp="1470" pin=0"/></net>

<net id="1521"><net_src comp="1516" pin="1"/><net_sink comp="1474" pin=0"/></net>

<net id="1525"><net_src comp="1478" pin="2"/><net_sink comp="1522" pin=0"/></net>

<net id="1526"><net_src comp="1522" pin="1"/><net_sink comp="1470" pin=1"/></net>

<net id="1527"><net_src comp="1522" pin="1"/><net_sink comp="1474" pin=1"/></net>

<net id="1531"><net_src comp="1470" pin="2"/><net_sink comp="1528" pin=0"/></net>

<net id="1532"><net_src comp="1528" pin="1"/><net_sink comp="1470" pin=1"/></net>

<net id="1533"><net_src comp="1528" pin="1"/><net_sink comp="1470" pin=0"/></net>

<net id="1537"><net_src comp="1470" pin="2"/><net_sink comp="1534" pin=0"/></net>

<net id="1538"><net_src comp="1534" pin="1"/><net_sink comp="1470" pin=1"/></net>

<net id="1539"><net_src comp="1534" pin="1"/><net_sink comp="1470" pin=0"/></net>

<net id="1543"><net_src comp="1470" pin="2"/><net_sink comp="1540" pin=0"/></net>

<net id="1544"><net_src comp="1540" pin="1"/><net_sink comp="1470" pin=1"/></net>

<net id="1548"><net_src comp="1470" pin="2"/><net_sink comp="1545" pin=0"/></net>

<net id="1549"><net_src comp="1545" pin="1"/><net_sink comp="1470" pin=1"/></net>

<net id="1553"><net_src comp="1470" pin="2"/><net_sink comp="1550" pin=0"/></net>

<net id="1554"><net_src comp="1550" pin="1"/><net_sink comp="1470" pin=1"/></net>

<net id="1558"><net_src comp="1474" pin="2"/><net_sink comp="1555" pin=0"/></net>

<net id="1559"><net_src comp="1555" pin="1"/><net_sink comp="1470" pin=1"/></net>

<net id="1563"><net_src comp="1474" pin="2"/><net_sink comp="1560" pin=0"/></net>

<net id="1564"><net_src comp="1560" pin="1"/><net_sink comp="1470" pin=1"/></net>

<net id="1569"><net_src comp="56" pin="0"/><net_sink comp="1565" pin=0"/></net>

<net id="1574"><net_src comp="58" pin="0"/><net_sink comp="1570" pin=0"/></net>

<net id="1579"><net_src comp="58" pin="0"/><net_sink comp="1575" pin=0"/></net>

<net id="1588"><net_src comp="60" pin="0"/><net_sink comp="1583" pin=0"/></net>

<net id="1589"><net_src comp="1580" pin="1"/><net_sink comp="1583" pin=1"/></net>

<net id="1590"><net_src comp="62" pin="0"/><net_sink comp="1583" pin=2"/></net>

<net id="1594"><net_src comp="1580" pin="1"/><net_sink comp="1591" pin=0"/></net>

<net id="1598"><net_src comp="1580" pin="1"/><net_sink comp="1595" pin=0"/></net>

<net id="1602"><net_src comp="1595" pin="1"/><net_sink comp="1599" pin=0"/></net>

<net id="1603"><net_src comp="1599" pin="1"/><net_sink comp="164" pin=2"/></net>

<net id="1604"><net_src comp="1599" pin="1"/><net_sink comp="181" pin=2"/></net>

<net id="1605"><net_src comp="1599" pin="1"/><net_sink comp="198" pin=2"/></net>

<net id="1606"><net_src comp="1599" pin="1"/><net_sink comp="215" pin=2"/></net>

<net id="1607"><net_src comp="1599" pin="1"/><net_sink comp="232" pin=2"/></net>

<net id="1608"><net_src comp="1599" pin="1"/><net_sink comp="249" pin=2"/></net>

<net id="1609"><net_src comp="1599" pin="1"/><net_sink comp="266" pin=2"/></net>

<net id="1610"><net_src comp="1599" pin="1"/><net_sink comp="283" pin=2"/></net>

<net id="1611"><net_src comp="1599" pin="1"/><net_sink comp="300" pin=2"/></net>

<net id="1612"><net_src comp="1599" pin="1"/><net_sink comp="317" pin=2"/></net>

<net id="1613"><net_src comp="1599" pin="1"/><net_sink comp="334" pin=2"/></net>

<net id="1614"><net_src comp="1599" pin="1"/><net_sink comp="351" pin=2"/></net>

<net id="1615"><net_src comp="1599" pin="1"/><net_sink comp="368" pin=2"/></net>

<net id="1616"><net_src comp="1599" pin="1"/><net_sink comp="385" pin=2"/></net>

<net id="1617"><net_src comp="1599" pin="1"/><net_sink comp="402" pin=2"/></net>

<net id="1618"><net_src comp="1599" pin="1"/><net_sink comp="419" pin=2"/></net>

<net id="1623"><net_src comp="1591" pin="1"/><net_sink comp="1619" pin=0"/></net>

<net id="1624"><net_src comp="144" pin="2"/><net_sink comp="1619" pin=1"/></net>

<net id="1631"><net_src comp="66" pin="0"/><net_sink comp="1625" pin=0"/></net>

<net id="1632"><net_src comp="1580" pin="1"/><net_sink comp="1625" pin=1"/></net>

<net id="1633"><net_src comp="42" pin="0"/><net_sink comp="1625" pin=2"/></net>

<net id="1634"><net_src comp="68" pin="0"/><net_sink comp="1625" pin=3"/></net>

<net id="1640"><net_src comp="70" pin="0"/><net_sink comp="1635" pin=0"/></net>

<net id="1641"><net_src comp="1625" pin="4"/><net_sink comp="1635" pin=1"/></net>

<net id="1642"><net_src comp="72" pin="0"/><net_sink comp="1635" pin=2"/></net>

<net id="1646"><net_src comp="1635" pin="3"/><net_sink comp="1643" pin=0"/></net>

<net id="1647"><net_src comp="1643" pin="1"/><net_sink comp="436" pin=2"/></net>

<net id="1648"><net_src comp="1643" pin="1"/><net_sink comp="444" pin=2"/></net>

<net id="1649"><net_src comp="1643" pin="1"/><net_sink comp="452" pin=2"/></net>

<net id="1650"><net_src comp="1643" pin="1"/><net_sink comp="460" pin=2"/></net>

<net id="1651"><net_src comp="1643" pin="1"/><net_sink comp="468" pin=2"/></net>

<net id="1652"><net_src comp="1643" pin="1"/><net_sink comp="476" pin=2"/></net>

<net id="1653"><net_src comp="1643" pin="1"/><net_sink comp="484" pin=2"/></net>

<net id="1654"><net_src comp="1643" pin="1"/><net_sink comp="492" pin=2"/></net>

<net id="1655"><net_src comp="1643" pin="1"/><net_sink comp="500" pin=2"/></net>

<net id="1656"><net_src comp="1643" pin="1"/><net_sink comp="508" pin=2"/></net>

<net id="1657"><net_src comp="1643" pin="1"/><net_sink comp="516" pin=2"/></net>

<net id="1658"><net_src comp="1643" pin="1"/><net_sink comp="524" pin=2"/></net>

<net id="1659"><net_src comp="1643" pin="1"/><net_sink comp="532" pin=2"/></net>

<net id="1660"><net_src comp="1643" pin="1"/><net_sink comp="540" pin=2"/></net>

<net id="1661"><net_src comp="1643" pin="1"/><net_sink comp="548" pin=2"/></net>

<net id="1662"><net_src comp="1643" pin="1"/><net_sink comp="556" pin=2"/></net>

<net id="1669"><net_src comp="74" pin="0"/><net_sink comp="1663" pin=0"/></net>

<net id="1670"><net_src comp="76" pin="0"/><net_sink comp="1663" pin=2"/></net>

<net id="1671"><net_src comp="78" pin="0"/><net_sink comp="1663" pin=3"/></net>

<net id="1675"><net_src comp="1672" pin="1"/><net_sink comp="564" pin=2"/></net>

<net id="1676"><net_src comp="1672" pin="1"/><net_sink comp="577" pin=2"/></net>

<net id="1680"><net_src comp="171" pin="7"/><net_sink comp="1677" pin=0"/></net>

<net id="1684"><net_src comp="188" pin="7"/><net_sink comp="1681" pin=0"/></net>

<net id="1688"><net_src comp="205" pin="7"/><net_sink comp="1685" pin=0"/></net>

<net id="1692"><net_src comp="222" pin="7"/><net_sink comp="1689" pin=0"/></net>

<net id="1696"><net_src comp="239" pin="7"/><net_sink comp="1693" pin=0"/></net>

<net id="1700"><net_src comp="256" pin="7"/><net_sink comp="1697" pin=0"/></net>

<net id="1704"><net_src comp="273" pin="7"/><net_sink comp="1701" pin=0"/></net>

<net id="1708"><net_src comp="290" pin="7"/><net_sink comp="1705" pin=0"/></net>

<net id="1730"><net_src comp="80" pin="0"/><net_sink comp="1709" pin=0"/></net>

<net id="1731"><net_src comp="82" pin="0"/><net_sink comp="1709" pin=1"/></net>

<net id="1732"><net_src comp="1677" pin="1"/><net_sink comp="1709" pin=2"/></net>

<net id="1733"><net_src comp="84" pin="0"/><net_sink comp="1709" pin=3"/></net>

<net id="1734"><net_src comp="1681" pin="1"/><net_sink comp="1709" pin=4"/></net>

<net id="1735"><net_src comp="86" pin="0"/><net_sink comp="1709" pin=5"/></net>

<net id="1736"><net_src comp="1685" pin="1"/><net_sink comp="1709" pin=6"/></net>

<net id="1737"><net_src comp="88" pin="0"/><net_sink comp="1709" pin=7"/></net>

<net id="1738"><net_src comp="1689" pin="1"/><net_sink comp="1709" pin=8"/></net>

<net id="1739"><net_src comp="90" pin="0"/><net_sink comp="1709" pin=9"/></net>

<net id="1740"><net_src comp="1693" pin="1"/><net_sink comp="1709" pin=10"/></net>

<net id="1741"><net_src comp="92" pin="0"/><net_sink comp="1709" pin=11"/></net>

<net id="1742"><net_src comp="1697" pin="1"/><net_sink comp="1709" pin=12"/></net>

<net id="1743"><net_src comp="94" pin="0"/><net_sink comp="1709" pin=13"/></net>

<net id="1744"><net_src comp="1701" pin="1"/><net_sink comp="1709" pin=14"/></net>

<net id="1745"><net_src comp="96" pin="0"/><net_sink comp="1709" pin=15"/></net>

<net id="1746"><net_src comp="1705" pin="1"/><net_sink comp="1709" pin=16"/></net>

<net id="1747"><net_src comp="98" pin="0"/><net_sink comp="1709" pin=17"/></net>

<net id="1748"><net_src comp="1663" pin="4"/><net_sink comp="1709" pin=18"/></net>

<net id="1752"><net_src comp="307" pin="7"/><net_sink comp="1749" pin=0"/></net>

<net id="1756"><net_src comp="324" pin="7"/><net_sink comp="1753" pin=0"/></net>

<net id="1760"><net_src comp="341" pin="7"/><net_sink comp="1757" pin=0"/></net>

<net id="1764"><net_src comp="358" pin="7"/><net_sink comp="1761" pin=0"/></net>

<net id="1768"><net_src comp="375" pin="7"/><net_sink comp="1765" pin=0"/></net>

<net id="1772"><net_src comp="392" pin="7"/><net_sink comp="1769" pin=0"/></net>

<net id="1776"><net_src comp="409" pin="7"/><net_sink comp="1773" pin=0"/></net>

<net id="1780"><net_src comp="426" pin="7"/><net_sink comp="1777" pin=0"/></net>

<net id="1802"><net_src comp="80" pin="0"/><net_sink comp="1781" pin=0"/></net>

<net id="1803"><net_src comp="82" pin="0"/><net_sink comp="1781" pin=1"/></net>

<net id="1804"><net_src comp="1749" pin="1"/><net_sink comp="1781" pin=2"/></net>

<net id="1805"><net_src comp="84" pin="0"/><net_sink comp="1781" pin=3"/></net>

<net id="1806"><net_src comp="1753" pin="1"/><net_sink comp="1781" pin=4"/></net>

<net id="1807"><net_src comp="86" pin="0"/><net_sink comp="1781" pin=5"/></net>

<net id="1808"><net_src comp="1757" pin="1"/><net_sink comp="1781" pin=6"/></net>

<net id="1809"><net_src comp="88" pin="0"/><net_sink comp="1781" pin=7"/></net>

<net id="1810"><net_src comp="1761" pin="1"/><net_sink comp="1781" pin=8"/></net>

<net id="1811"><net_src comp="90" pin="0"/><net_sink comp="1781" pin=9"/></net>

<net id="1812"><net_src comp="1765" pin="1"/><net_sink comp="1781" pin=10"/></net>

<net id="1813"><net_src comp="92" pin="0"/><net_sink comp="1781" pin=11"/></net>

<net id="1814"><net_src comp="1769" pin="1"/><net_sink comp="1781" pin=12"/></net>

<net id="1815"><net_src comp="94" pin="0"/><net_sink comp="1781" pin=13"/></net>

<net id="1816"><net_src comp="1773" pin="1"/><net_sink comp="1781" pin=14"/></net>

<net id="1817"><net_src comp="96" pin="0"/><net_sink comp="1781" pin=15"/></net>

<net id="1818"><net_src comp="1777" pin="1"/><net_sink comp="1781" pin=16"/></net>

<net id="1819"><net_src comp="98" pin="0"/><net_sink comp="1781" pin=17"/></net>

<net id="1820"><net_src comp="1663" pin="4"/><net_sink comp="1781" pin=18"/></net>

<net id="1828"><net_src comp="171" pin="3"/><net_sink comp="1825" pin=0"/></net>

<net id="1832"><net_src comp="188" pin="3"/><net_sink comp="1829" pin=0"/></net>

<net id="1836"><net_src comp="205" pin="3"/><net_sink comp="1833" pin=0"/></net>

<net id="1840"><net_src comp="222" pin="3"/><net_sink comp="1837" pin=0"/></net>

<net id="1844"><net_src comp="239" pin="3"/><net_sink comp="1841" pin=0"/></net>

<net id="1848"><net_src comp="256" pin="3"/><net_sink comp="1845" pin=0"/></net>

<net id="1852"><net_src comp="273" pin="3"/><net_sink comp="1849" pin=0"/></net>

<net id="1856"><net_src comp="290" pin="3"/><net_sink comp="1853" pin=0"/></net>

<net id="1878"><net_src comp="80" pin="0"/><net_sink comp="1857" pin=0"/></net>

<net id="1879"><net_src comp="82" pin="0"/><net_sink comp="1857" pin=1"/></net>

<net id="1880"><net_src comp="1825" pin="1"/><net_sink comp="1857" pin=2"/></net>

<net id="1881"><net_src comp="84" pin="0"/><net_sink comp="1857" pin=3"/></net>

<net id="1882"><net_src comp="1829" pin="1"/><net_sink comp="1857" pin=4"/></net>

<net id="1883"><net_src comp="86" pin="0"/><net_sink comp="1857" pin=5"/></net>

<net id="1884"><net_src comp="1833" pin="1"/><net_sink comp="1857" pin=6"/></net>

<net id="1885"><net_src comp="88" pin="0"/><net_sink comp="1857" pin=7"/></net>

<net id="1886"><net_src comp="1837" pin="1"/><net_sink comp="1857" pin=8"/></net>

<net id="1887"><net_src comp="90" pin="0"/><net_sink comp="1857" pin=9"/></net>

<net id="1888"><net_src comp="1841" pin="1"/><net_sink comp="1857" pin=10"/></net>

<net id="1889"><net_src comp="92" pin="0"/><net_sink comp="1857" pin=11"/></net>

<net id="1890"><net_src comp="1845" pin="1"/><net_sink comp="1857" pin=12"/></net>

<net id="1891"><net_src comp="94" pin="0"/><net_sink comp="1857" pin=13"/></net>

<net id="1892"><net_src comp="1849" pin="1"/><net_sink comp="1857" pin=14"/></net>

<net id="1893"><net_src comp="96" pin="0"/><net_sink comp="1857" pin=15"/></net>

<net id="1894"><net_src comp="1853" pin="1"/><net_sink comp="1857" pin=16"/></net>

<net id="1895"><net_src comp="98" pin="0"/><net_sink comp="1857" pin=17"/></net>

<net id="1896"><net_src comp="1663" pin="4"/><net_sink comp="1857" pin=18"/></net>

<net id="1900"><net_src comp="307" pin="3"/><net_sink comp="1897" pin=0"/></net>

<net id="1904"><net_src comp="324" pin="3"/><net_sink comp="1901" pin=0"/></net>

<net id="1908"><net_src comp="341" pin="3"/><net_sink comp="1905" pin=0"/></net>

<net id="1912"><net_src comp="358" pin="3"/><net_sink comp="1909" pin=0"/></net>

<net id="1916"><net_src comp="375" pin="3"/><net_sink comp="1913" pin=0"/></net>

<net id="1920"><net_src comp="392" pin="3"/><net_sink comp="1917" pin=0"/></net>

<net id="1924"><net_src comp="409" pin="3"/><net_sink comp="1921" pin=0"/></net>

<net id="1928"><net_src comp="426" pin="3"/><net_sink comp="1925" pin=0"/></net>

<net id="1950"><net_src comp="80" pin="0"/><net_sink comp="1929" pin=0"/></net>

<net id="1951"><net_src comp="82" pin="0"/><net_sink comp="1929" pin=1"/></net>

<net id="1952"><net_src comp="1897" pin="1"/><net_sink comp="1929" pin=2"/></net>

<net id="1953"><net_src comp="84" pin="0"/><net_sink comp="1929" pin=3"/></net>

<net id="1954"><net_src comp="1901" pin="1"/><net_sink comp="1929" pin=4"/></net>

<net id="1955"><net_src comp="86" pin="0"/><net_sink comp="1929" pin=5"/></net>

<net id="1956"><net_src comp="1905" pin="1"/><net_sink comp="1929" pin=6"/></net>

<net id="1957"><net_src comp="88" pin="0"/><net_sink comp="1929" pin=7"/></net>

<net id="1958"><net_src comp="1909" pin="1"/><net_sink comp="1929" pin=8"/></net>

<net id="1959"><net_src comp="90" pin="0"/><net_sink comp="1929" pin=9"/></net>

<net id="1960"><net_src comp="1913" pin="1"/><net_sink comp="1929" pin=10"/></net>

<net id="1961"><net_src comp="92" pin="0"/><net_sink comp="1929" pin=11"/></net>

<net id="1962"><net_src comp="1917" pin="1"/><net_sink comp="1929" pin=12"/></net>

<net id="1963"><net_src comp="94" pin="0"/><net_sink comp="1929" pin=13"/></net>

<net id="1964"><net_src comp="1921" pin="1"/><net_sink comp="1929" pin=14"/></net>

<net id="1965"><net_src comp="96" pin="0"/><net_sink comp="1929" pin=15"/></net>

<net id="1966"><net_src comp="1925" pin="1"/><net_sink comp="1929" pin=16"/></net>

<net id="1967"><net_src comp="98" pin="0"/><net_sink comp="1929" pin=17"/></net>

<net id="1968"><net_src comp="1663" pin="4"/><net_sink comp="1929" pin=18"/></net>

<net id="1975"><net_src comp="100" pin="0"/><net_sink comp="1969" pin=0"/></net>

<net id="1976"><net_src comp="102" pin="0"/><net_sink comp="1969" pin=2"/></net>

<net id="1977"><net_src comp="68" pin="0"/><net_sink comp="1969" pin=3"/></net>

<net id="1983"><net_src comp="104" pin="0"/><net_sink comp="1978" pin=0"/></net>

<net id="1984"><net_src comp="1969" pin="4"/><net_sink comp="1978" pin=1"/></net>

<net id="1985"><net_src comp="106" pin="0"/><net_sink comp="1978" pin=2"/></net>

<net id="1989"><net_src comp="1978" pin="3"/><net_sink comp="1986" pin=0"/></net>

<net id="1990"><net_src comp="1986" pin="1"/><net_sink comp="590" pin=2"/></net>

<net id="1991"><net_src comp="1986" pin="1"/><net_sink comp="598" pin=2"/></net>

<net id="1992"><net_src comp="1986" pin="1"/><net_sink comp="606" pin=2"/></net>

<net id="1993"><net_src comp="1986" pin="1"/><net_sink comp="614" pin=2"/></net>

<net id="1994"><net_src comp="1986" pin="1"/><net_sink comp="622" pin=2"/></net>

<net id="1995"><net_src comp="1986" pin="1"/><net_sink comp="630" pin=2"/></net>

<net id="1996"><net_src comp="1986" pin="1"/><net_sink comp="638" pin=2"/></net>

<net id="1997"><net_src comp="1986" pin="1"/><net_sink comp="646" pin=2"/></net>

<net id="1998"><net_src comp="1986" pin="1"/><net_sink comp="654" pin=2"/></net>

<net id="1999"><net_src comp="1986" pin="1"/><net_sink comp="662" pin=2"/></net>

<net id="2000"><net_src comp="1986" pin="1"/><net_sink comp="670" pin=2"/></net>

<net id="2001"><net_src comp="1986" pin="1"/><net_sink comp="678" pin=2"/></net>

<net id="2002"><net_src comp="1986" pin="1"/><net_sink comp="686" pin=2"/></net>

<net id="2003"><net_src comp="1986" pin="1"/><net_sink comp="694" pin=2"/></net>

<net id="2004"><net_src comp="1986" pin="1"/><net_sink comp="702" pin=2"/></net>

<net id="2005"><net_src comp="1986" pin="1"/><net_sink comp="710" pin=2"/></net>

<net id="2011"><net_src comp="104" pin="0"/><net_sink comp="2006" pin=0"/></net>

<net id="2012"><net_src comp="1969" pin="4"/><net_sink comp="2006" pin=1"/></net>

<net id="2013"><net_src comp="108" pin="0"/><net_sink comp="2006" pin=2"/></net>

<net id="2017"><net_src comp="2006" pin="3"/><net_sink comp="2014" pin=0"/></net>

<net id="2018"><net_src comp="2014" pin="1"/><net_sink comp="718" pin=2"/></net>

<net id="2019"><net_src comp="2014" pin="1"/><net_sink comp="726" pin=2"/></net>

<net id="2020"><net_src comp="2014" pin="1"/><net_sink comp="734" pin=2"/></net>

<net id="2021"><net_src comp="2014" pin="1"/><net_sink comp="742" pin=2"/></net>

<net id="2022"><net_src comp="2014" pin="1"/><net_sink comp="750" pin=2"/></net>

<net id="2023"><net_src comp="2014" pin="1"/><net_sink comp="758" pin=2"/></net>

<net id="2024"><net_src comp="2014" pin="1"/><net_sink comp="766" pin=2"/></net>

<net id="2025"><net_src comp="2014" pin="1"/><net_sink comp="774" pin=2"/></net>

<net id="2026"><net_src comp="2014" pin="1"/><net_sink comp="782" pin=2"/></net>

<net id="2027"><net_src comp="2014" pin="1"/><net_sink comp="790" pin=2"/></net>

<net id="2028"><net_src comp="2014" pin="1"/><net_sink comp="798" pin=2"/></net>

<net id="2029"><net_src comp="2014" pin="1"/><net_sink comp="806" pin=2"/></net>

<net id="2030"><net_src comp="2014" pin="1"/><net_sink comp="814" pin=2"/></net>

<net id="2031"><net_src comp="2014" pin="1"/><net_sink comp="822" pin=2"/></net>

<net id="2032"><net_src comp="2014" pin="1"/><net_sink comp="830" pin=2"/></net>

<net id="2033"><net_src comp="2014" pin="1"/><net_sink comp="838" pin=2"/></net>

<net id="2037"><net_src comp="2034" pin="1"/><net_sink comp="846" pin=2"/></net>

<net id="2038"><net_src comp="2034" pin="1"/><net_sink comp="854" pin=2"/></net>

<net id="2042"><net_src comp="171" pin="7"/><net_sink comp="2039" pin=0"/></net>

<net id="2046"><net_src comp="188" pin="7"/><net_sink comp="2043" pin=0"/></net>

<net id="2050"><net_src comp="205" pin="7"/><net_sink comp="2047" pin=0"/></net>

<net id="2054"><net_src comp="222" pin="7"/><net_sink comp="2051" pin=0"/></net>

<net id="2058"><net_src comp="239" pin="7"/><net_sink comp="2055" pin=0"/></net>

<net id="2062"><net_src comp="256" pin="7"/><net_sink comp="2059" pin=0"/></net>

<net id="2066"><net_src comp="273" pin="7"/><net_sink comp="2063" pin=0"/></net>

<net id="2070"><net_src comp="290" pin="7"/><net_sink comp="2067" pin=0"/></net>

<net id="2092"><net_src comp="80" pin="0"/><net_sink comp="2071" pin=0"/></net>

<net id="2093"><net_src comp="82" pin="0"/><net_sink comp="2071" pin=1"/></net>

<net id="2094"><net_src comp="2039" pin="1"/><net_sink comp="2071" pin=2"/></net>

<net id="2095"><net_src comp="84" pin="0"/><net_sink comp="2071" pin=3"/></net>

<net id="2096"><net_src comp="2043" pin="1"/><net_sink comp="2071" pin=4"/></net>

<net id="2097"><net_src comp="86" pin="0"/><net_sink comp="2071" pin=5"/></net>

<net id="2098"><net_src comp="2047" pin="1"/><net_sink comp="2071" pin=6"/></net>

<net id="2099"><net_src comp="88" pin="0"/><net_sink comp="2071" pin=7"/></net>

<net id="2100"><net_src comp="2051" pin="1"/><net_sink comp="2071" pin=8"/></net>

<net id="2101"><net_src comp="90" pin="0"/><net_sink comp="2071" pin=9"/></net>

<net id="2102"><net_src comp="2055" pin="1"/><net_sink comp="2071" pin=10"/></net>

<net id="2103"><net_src comp="92" pin="0"/><net_sink comp="2071" pin=11"/></net>

<net id="2104"><net_src comp="2059" pin="1"/><net_sink comp="2071" pin=12"/></net>

<net id="2105"><net_src comp="94" pin="0"/><net_sink comp="2071" pin=13"/></net>

<net id="2106"><net_src comp="2063" pin="1"/><net_sink comp="2071" pin=14"/></net>

<net id="2107"><net_src comp="96" pin="0"/><net_sink comp="2071" pin=15"/></net>

<net id="2108"><net_src comp="2067" pin="1"/><net_sink comp="2071" pin=16"/></net>

<net id="2109"><net_src comp="98" pin="0"/><net_sink comp="2071" pin=17"/></net>

<net id="2113"><net_src comp="307" pin="7"/><net_sink comp="2110" pin=0"/></net>

<net id="2117"><net_src comp="324" pin="7"/><net_sink comp="2114" pin=0"/></net>

<net id="2121"><net_src comp="341" pin="7"/><net_sink comp="2118" pin=0"/></net>

<net id="2125"><net_src comp="358" pin="7"/><net_sink comp="2122" pin=0"/></net>

<net id="2129"><net_src comp="375" pin="7"/><net_sink comp="2126" pin=0"/></net>

<net id="2133"><net_src comp="392" pin="7"/><net_sink comp="2130" pin=0"/></net>

<net id="2137"><net_src comp="409" pin="7"/><net_sink comp="2134" pin=0"/></net>

<net id="2141"><net_src comp="426" pin="7"/><net_sink comp="2138" pin=0"/></net>

<net id="2163"><net_src comp="80" pin="0"/><net_sink comp="2142" pin=0"/></net>

<net id="2164"><net_src comp="82" pin="0"/><net_sink comp="2142" pin=1"/></net>

<net id="2165"><net_src comp="2110" pin="1"/><net_sink comp="2142" pin=2"/></net>

<net id="2166"><net_src comp="84" pin="0"/><net_sink comp="2142" pin=3"/></net>

<net id="2167"><net_src comp="2114" pin="1"/><net_sink comp="2142" pin=4"/></net>

<net id="2168"><net_src comp="86" pin="0"/><net_sink comp="2142" pin=5"/></net>

<net id="2169"><net_src comp="2118" pin="1"/><net_sink comp="2142" pin=6"/></net>

<net id="2170"><net_src comp="88" pin="0"/><net_sink comp="2142" pin=7"/></net>

<net id="2171"><net_src comp="2122" pin="1"/><net_sink comp="2142" pin=8"/></net>

<net id="2172"><net_src comp="90" pin="0"/><net_sink comp="2142" pin=9"/></net>

<net id="2173"><net_src comp="2126" pin="1"/><net_sink comp="2142" pin=10"/></net>

<net id="2174"><net_src comp="92" pin="0"/><net_sink comp="2142" pin=11"/></net>

<net id="2175"><net_src comp="2130" pin="1"/><net_sink comp="2142" pin=12"/></net>

<net id="2176"><net_src comp="94" pin="0"/><net_sink comp="2142" pin=13"/></net>

<net id="2177"><net_src comp="2134" pin="1"/><net_sink comp="2142" pin=14"/></net>

<net id="2178"><net_src comp="96" pin="0"/><net_sink comp="2142" pin=15"/></net>

<net id="2179"><net_src comp="2138" pin="1"/><net_sink comp="2142" pin=16"/></net>

<net id="2180"><net_src comp="98" pin="0"/><net_sink comp="2142" pin=17"/></net>

<net id="2184"><net_src comp="171" pin="3"/><net_sink comp="2181" pin=0"/></net>

<net id="2188"><net_src comp="188" pin="3"/><net_sink comp="2185" pin=0"/></net>

<net id="2192"><net_src comp="205" pin="3"/><net_sink comp="2189" pin=0"/></net>

<net id="2196"><net_src comp="222" pin="3"/><net_sink comp="2193" pin=0"/></net>

<net id="2200"><net_src comp="239" pin="3"/><net_sink comp="2197" pin=0"/></net>

<net id="2204"><net_src comp="256" pin="3"/><net_sink comp="2201" pin=0"/></net>

<net id="2208"><net_src comp="273" pin="3"/><net_sink comp="2205" pin=0"/></net>

<net id="2212"><net_src comp="290" pin="3"/><net_sink comp="2209" pin=0"/></net>

<net id="2234"><net_src comp="80" pin="0"/><net_sink comp="2213" pin=0"/></net>

<net id="2235"><net_src comp="82" pin="0"/><net_sink comp="2213" pin=1"/></net>

<net id="2236"><net_src comp="2181" pin="1"/><net_sink comp="2213" pin=2"/></net>

<net id="2237"><net_src comp="84" pin="0"/><net_sink comp="2213" pin=3"/></net>

<net id="2238"><net_src comp="2185" pin="1"/><net_sink comp="2213" pin=4"/></net>

<net id="2239"><net_src comp="86" pin="0"/><net_sink comp="2213" pin=5"/></net>

<net id="2240"><net_src comp="2189" pin="1"/><net_sink comp="2213" pin=6"/></net>

<net id="2241"><net_src comp="88" pin="0"/><net_sink comp="2213" pin=7"/></net>

<net id="2242"><net_src comp="2193" pin="1"/><net_sink comp="2213" pin=8"/></net>

<net id="2243"><net_src comp="90" pin="0"/><net_sink comp="2213" pin=9"/></net>

<net id="2244"><net_src comp="2197" pin="1"/><net_sink comp="2213" pin=10"/></net>

<net id="2245"><net_src comp="92" pin="0"/><net_sink comp="2213" pin=11"/></net>

<net id="2246"><net_src comp="2201" pin="1"/><net_sink comp="2213" pin=12"/></net>

<net id="2247"><net_src comp="94" pin="0"/><net_sink comp="2213" pin=13"/></net>

<net id="2248"><net_src comp="2205" pin="1"/><net_sink comp="2213" pin=14"/></net>

<net id="2249"><net_src comp="96" pin="0"/><net_sink comp="2213" pin=15"/></net>

<net id="2250"><net_src comp="2209" pin="1"/><net_sink comp="2213" pin=16"/></net>

<net id="2251"><net_src comp="98" pin="0"/><net_sink comp="2213" pin=17"/></net>

<net id="2255"><net_src comp="307" pin="3"/><net_sink comp="2252" pin=0"/></net>

<net id="2259"><net_src comp="324" pin="3"/><net_sink comp="2256" pin=0"/></net>

<net id="2263"><net_src comp="341" pin="3"/><net_sink comp="2260" pin=0"/></net>

<net id="2267"><net_src comp="358" pin="3"/><net_sink comp="2264" pin=0"/></net>

<net id="2271"><net_src comp="375" pin="3"/><net_sink comp="2268" pin=0"/></net>

<net id="2275"><net_src comp="392" pin="3"/><net_sink comp="2272" pin=0"/></net>

<net id="2279"><net_src comp="409" pin="3"/><net_sink comp="2276" pin=0"/></net>

<net id="2283"><net_src comp="426" pin="3"/><net_sink comp="2280" pin=0"/></net>

<net id="2305"><net_src comp="80" pin="0"/><net_sink comp="2284" pin=0"/></net>

<net id="2306"><net_src comp="82" pin="0"/><net_sink comp="2284" pin=1"/></net>

<net id="2307"><net_src comp="2252" pin="1"/><net_sink comp="2284" pin=2"/></net>

<net id="2308"><net_src comp="84" pin="0"/><net_sink comp="2284" pin=3"/></net>

<net id="2309"><net_src comp="2256" pin="1"/><net_sink comp="2284" pin=4"/></net>

<net id="2310"><net_src comp="86" pin="0"/><net_sink comp="2284" pin=5"/></net>

<net id="2311"><net_src comp="2260" pin="1"/><net_sink comp="2284" pin=6"/></net>

<net id="2312"><net_src comp="88" pin="0"/><net_sink comp="2284" pin=7"/></net>

<net id="2313"><net_src comp="2264" pin="1"/><net_sink comp="2284" pin=8"/></net>

<net id="2314"><net_src comp="90" pin="0"/><net_sink comp="2284" pin=9"/></net>

<net id="2315"><net_src comp="2268" pin="1"/><net_sink comp="2284" pin=10"/></net>

<net id="2316"><net_src comp="92" pin="0"/><net_sink comp="2284" pin=11"/></net>

<net id="2317"><net_src comp="2272" pin="1"/><net_sink comp="2284" pin=12"/></net>

<net id="2318"><net_src comp="94" pin="0"/><net_sink comp="2284" pin=13"/></net>

<net id="2319"><net_src comp="2276" pin="1"/><net_sink comp="2284" pin=14"/></net>

<net id="2320"><net_src comp="96" pin="0"/><net_sink comp="2284" pin=15"/></net>

<net id="2321"><net_src comp="2280" pin="1"/><net_sink comp="2284" pin=16"/></net>

<net id="2322"><net_src comp="98" pin="0"/><net_sink comp="2284" pin=17"/></net>

<net id="2329"><net_src comp="110" pin="0"/><net_sink comp="2323" pin=0"/></net>

<net id="2330"><net_src comp="112" pin="0"/><net_sink comp="2323" pin=2"/></net>

<net id="2331"><net_src comp="68" pin="0"/><net_sink comp="2323" pin=3"/></net>

<net id="2337"><net_src comp="114" pin="0"/><net_sink comp="2332" pin=0"/></net>

<net id="2338"><net_src comp="2323" pin="4"/><net_sink comp="2332" pin=1"/></net>

<net id="2339"><net_src comp="90" pin="0"/><net_sink comp="2332" pin=2"/></net>

<net id="2343"><net_src comp="2332" pin="3"/><net_sink comp="2340" pin=0"/></net>

<net id="2344"><net_src comp="2340" pin="1"/><net_sink comp="862" pin=2"/></net>

<net id="2345"><net_src comp="2340" pin="1"/><net_sink comp="870" pin=2"/></net>

<net id="2346"><net_src comp="2340" pin="1"/><net_sink comp="878" pin=2"/></net>

<net id="2347"><net_src comp="2340" pin="1"/><net_sink comp="886" pin=2"/></net>

<net id="2348"><net_src comp="2340" pin="1"/><net_sink comp="894" pin=2"/></net>

<net id="2349"><net_src comp="2340" pin="1"/><net_sink comp="902" pin=2"/></net>

<net id="2350"><net_src comp="2340" pin="1"/><net_sink comp="910" pin=2"/></net>

<net id="2351"><net_src comp="2340" pin="1"/><net_sink comp="918" pin=2"/></net>

<net id="2352"><net_src comp="2340" pin="1"/><net_sink comp="926" pin=2"/></net>

<net id="2353"><net_src comp="2340" pin="1"/><net_sink comp="934" pin=2"/></net>

<net id="2354"><net_src comp="2340" pin="1"/><net_sink comp="942" pin=2"/></net>

<net id="2355"><net_src comp="2340" pin="1"/><net_sink comp="950" pin=2"/></net>

<net id="2356"><net_src comp="2340" pin="1"/><net_sink comp="958" pin=2"/></net>

<net id="2357"><net_src comp="2340" pin="1"/><net_sink comp="966" pin=2"/></net>

<net id="2358"><net_src comp="2340" pin="1"/><net_sink comp="974" pin=2"/></net>

<net id="2359"><net_src comp="2340" pin="1"/><net_sink comp="982" pin=2"/></net>

<net id="2365"><net_src comp="60" pin="0"/><net_sink comp="2360" pin=0"/></net>

<net id="2366"><net_src comp="42" pin="0"/><net_sink comp="2360" pin=2"/></net>

<net id="2374"><net_src comp="116" pin="0"/><net_sink comp="2367" pin=0"/></net>

<net id="2375"><net_src comp="2323" pin="4"/><net_sink comp="2367" pin=1"/></net>

<net id="2376"><net_src comp="72" pin="0"/><net_sink comp="2367" pin=2"/></net>

<net id="2377"><net_src comp="2360" pin="3"/><net_sink comp="2367" pin=3"/></net>

<net id="2378"><net_src comp="72" pin="0"/><net_sink comp="2367" pin=4"/></net>

<net id="2382"><net_src comp="2367" pin="5"/><net_sink comp="2379" pin=0"/></net>

<net id="2383"><net_src comp="2379" pin="1"/><net_sink comp="990" pin=2"/></net>

<net id="2384"><net_src comp="2379" pin="1"/><net_sink comp="998" pin=2"/></net>

<net id="2385"><net_src comp="2379" pin="1"/><net_sink comp="1006" pin=2"/></net>

<net id="2386"><net_src comp="2379" pin="1"/><net_sink comp="1014" pin=2"/></net>

<net id="2387"><net_src comp="2379" pin="1"/><net_sink comp="1022" pin=2"/></net>

<net id="2388"><net_src comp="2379" pin="1"/><net_sink comp="1030" pin=2"/></net>

<net id="2389"><net_src comp="2379" pin="1"/><net_sink comp="1038" pin=2"/></net>

<net id="2390"><net_src comp="2379" pin="1"/><net_sink comp="1046" pin=2"/></net>

<net id="2391"><net_src comp="2379" pin="1"/><net_sink comp="1054" pin=2"/></net>

<net id="2392"><net_src comp="2379" pin="1"/><net_sink comp="1062" pin=2"/></net>

<net id="2393"><net_src comp="2379" pin="1"/><net_sink comp="1070" pin=2"/></net>

<net id="2394"><net_src comp="2379" pin="1"/><net_sink comp="1078" pin=2"/></net>

<net id="2395"><net_src comp="2379" pin="1"/><net_sink comp="1086" pin=2"/></net>

<net id="2396"><net_src comp="2379" pin="1"/><net_sink comp="1094" pin=2"/></net>

<net id="2397"><net_src comp="2379" pin="1"/><net_sink comp="1102" pin=2"/></net>

<net id="2398"><net_src comp="2379" pin="1"/><net_sink comp="1110" pin=2"/></net>

<net id="2406"><net_src comp="2399" pin="2"/><net_sink comp="2403" pin=0"/></net>

<net id="2407"><net_src comp="2403" pin="1"/><net_sink comp="1118" pin=2"/></net>

<net id="2408"><net_src comp="2403" pin="1"/><net_sink comp="1126" pin=2"/></net>

<net id="2412"><net_src comp="171" pin="7"/><net_sink comp="2409" pin=0"/></net>

<net id="2416"><net_src comp="188" pin="7"/><net_sink comp="2413" pin=0"/></net>

<net id="2420"><net_src comp="205" pin="7"/><net_sink comp="2417" pin=0"/></net>

<net id="2424"><net_src comp="222" pin="7"/><net_sink comp="2421" pin=0"/></net>

<net id="2428"><net_src comp="239" pin="7"/><net_sink comp="2425" pin=0"/></net>

<net id="2432"><net_src comp="256" pin="7"/><net_sink comp="2429" pin=0"/></net>

<net id="2436"><net_src comp="273" pin="7"/><net_sink comp="2433" pin=0"/></net>

<net id="2440"><net_src comp="290" pin="7"/><net_sink comp="2437" pin=0"/></net>

<net id="2462"><net_src comp="80" pin="0"/><net_sink comp="2441" pin=0"/></net>

<net id="2463"><net_src comp="82" pin="0"/><net_sink comp="2441" pin=1"/></net>

<net id="2464"><net_src comp="2409" pin="1"/><net_sink comp="2441" pin=2"/></net>

<net id="2465"><net_src comp="84" pin="0"/><net_sink comp="2441" pin=3"/></net>

<net id="2466"><net_src comp="2413" pin="1"/><net_sink comp="2441" pin=4"/></net>

<net id="2467"><net_src comp="86" pin="0"/><net_sink comp="2441" pin=5"/></net>

<net id="2468"><net_src comp="2417" pin="1"/><net_sink comp="2441" pin=6"/></net>

<net id="2469"><net_src comp="88" pin="0"/><net_sink comp="2441" pin=7"/></net>

<net id="2470"><net_src comp="2421" pin="1"/><net_sink comp="2441" pin=8"/></net>

<net id="2471"><net_src comp="90" pin="0"/><net_sink comp="2441" pin=9"/></net>

<net id="2472"><net_src comp="2425" pin="1"/><net_sink comp="2441" pin=10"/></net>

<net id="2473"><net_src comp="92" pin="0"/><net_sink comp="2441" pin=11"/></net>

<net id="2474"><net_src comp="2429" pin="1"/><net_sink comp="2441" pin=12"/></net>

<net id="2475"><net_src comp="94" pin="0"/><net_sink comp="2441" pin=13"/></net>

<net id="2476"><net_src comp="2433" pin="1"/><net_sink comp="2441" pin=14"/></net>

<net id="2477"><net_src comp="96" pin="0"/><net_sink comp="2441" pin=15"/></net>

<net id="2478"><net_src comp="2437" pin="1"/><net_sink comp="2441" pin=16"/></net>

<net id="2479"><net_src comp="98" pin="0"/><net_sink comp="2441" pin=17"/></net>

<net id="2483"><net_src comp="307" pin="7"/><net_sink comp="2480" pin=0"/></net>

<net id="2487"><net_src comp="324" pin="7"/><net_sink comp="2484" pin=0"/></net>

<net id="2491"><net_src comp="341" pin="7"/><net_sink comp="2488" pin=0"/></net>

<net id="2495"><net_src comp="358" pin="7"/><net_sink comp="2492" pin=0"/></net>

<net id="2499"><net_src comp="375" pin="7"/><net_sink comp="2496" pin=0"/></net>

<net id="2503"><net_src comp="392" pin="7"/><net_sink comp="2500" pin=0"/></net>

<net id="2507"><net_src comp="409" pin="7"/><net_sink comp="2504" pin=0"/></net>

<net id="2511"><net_src comp="426" pin="7"/><net_sink comp="2508" pin=0"/></net>

<net id="2533"><net_src comp="80" pin="0"/><net_sink comp="2512" pin=0"/></net>

<net id="2534"><net_src comp="82" pin="0"/><net_sink comp="2512" pin=1"/></net>

<net id="2535"><net_src comp="2480" pin="1"/><net_sink comp="2512" pin=2"/></net>

<net id="2536"><net_src comp="84" pin="0"/><net_sink comp="2512" pin=3"/></net>

<net id="2537"><net_src comp="2484" pin="1"/><net_sink comp="2512" pin=4"/></net>

<net id="2538"><net_src comp="86" pin="0"/><net_sink comp="2512" pin=5"/></net>

<net id="2539"><net_src comp="2488" pin="1"/><net_sink comp="2512" pin=6"/></net>

<net id="2540"><net_src comp="88" pin="0"/><net_sink comp="2512" pin=7"/></net>

<net id="2541"><net_src comp="2492" pin="1"/><net_sink comp="2512" pin=8"/></net>

<net id="2542"><net_src comp="90" pin="0"/><net_sink comp="2512" pin=9"/></net>

<net id="2543"><net_src comp="2496" pin="1"/><net_sink comp="2512" pin=10"/></net>

<net id="2544"><net_src comp="92" pin="0"/><net_sink comp="2512" pin=11"/></net>

<net id="2545"><net_src comp="2500" pin="1"/><net_sink comp="2512" pin=12"/></net>

<net id="2546"><net_src comp="94" pin="0"/><net_sink comp="2512" pin=13"/></net>

<net id="2547"><net_src comp="2504" pin="1"/><net_sink comp="2512" pin=14"/></net>

<net id="2548"><net_src comp="96" pin="0"/><net_sink comp="2512" pin=15"/></net>

<net id="2549"><net_src comp="2508" pin="1"/><net_sink comp="2512" pin=16"/></net>

<net id="2550"><net_src comp="98" pin="0"/><net_sink comp="2512" pin=17"/></net>

<net id="2554"><net_src comp="171" pin="3"/><net_sink comp="2551" pin=0"/></net>

<net id="2558"><net_src comp="188" pin="3"/><net_sink comp="2555" pin=0"/></net>

<net id="2562"><net_src comp="205" pin="3"/><net_sink comp="2559" pin=0"/></net>

<net id="2566"><net_src comp="222" pin="3"/><net_sink comp="2563" pin=0"/></net>

<net id="2570"><net_src comp="239" pin="3"/><net_sink comp="2567" pin=0"/></net>

<net id="2574"><net_src comp="256" pin="3"/><net_sink comp="2571" pin=0"/></net>

<net id="2578"><net_src comp="273" pin="3"/><net_sink comp="2575" pin=0"/></net>

<net id="2582"><net_src comp="290" pin="3"/><net_sink comp="2579" pin=0"/></net>

<net id="2604"><net_src comp="80" pin="0"/><net_sink comp="2583" pin=0"/></net>

<net id="2605"><net_src comp="82" pin="0"/><net_sink comp="2583" pin=1"/></net>

<net id="2606"><net_src comp="2551" pin="1"/><net_sink comp="2583" pin=2"/></net>

<net id="2607"><net_src comp="84" pin="0"/><net_sink comp="2583" pin=3"/></net>

<net id="2608"><net_src comp="2555" pin="1"/><net_sink comp="2583" pin=4"/></net>

<net id="2609"><net_src comp="86" pin="0"/><net_sink comp="2583" pin=5"/></net>

<net id="2610"><net_src comp="2559" pin="1"/><net_sink comp="2583" pin=6"/></net>

<net id="2611"><net_src comp="88" pin="0"/><net_sink comp="2583" pin=7"/></net>

<net id="2612"><net_src comp="2563" pin="1"/><net_sink comp="2583" pin=8"/></net>

<net id="2613"><net_src comp="90" pin="0"/><net_sink comp="2583" pin=9"/></net>

<net id="2614"><net_src comp="2567" pin="1"/><net_sink comp="2583" pin=10"/></net>

<net id="2615"><net_src comp="92" pin="0"/><net_sink comp="2583" pin=11"/></net>

<net id="2616"><net_src comp="2571" pin="1"/><net_sink comp="2583" pin=12"/></net>

<net id="2617"><net_src comp="94" pin="0"/><net_sink comp="2583" pin=13"/></net>

<net id="2618"><net_src comp="2575" pin="1"/><net_sink comp="2583" pin=14"/></net>

<net id="2619"><net_src comp="96" pin="0"/><net_sink comp="2583" pin=15"/></net>

<net id="2620"><net_src comp="2579" pin="1"/><net_sink comp="2583" pin=16"/></net>

<net id="2621"><net_src comp="98" pin="0"/><net_sink comp="2583" pin=17"/></net>

<net id="2625"><net_src comp="307" pin="3"/><net_sink comp="2622" pin=0"/></net>

<net id="2629"><net_src comp="324" pin="3"/><net_sink comp="2626" pin=0"/></net>

<net id="2633"><net_src comp="341" pin="3"/><net_sink comp="2630" pin=0"/></net>

<net id="2637"><net_src comp="358" pin="3"/><net_sink comp="2634" pin=0"/></net>

<net id="2641"><net_src comp="375" pin="3"/><net_sink comp="2638" pin=0"/></net>

<net id="2645"><net_src comp="392" pin="3"/><net_sink comp="2642" pin=0"/></net>

<net id="2649"><net_src comp="409" pin="3"/><net_sink comp="2646" pin=0"/></net>

<net id="2653"><net_src comp="426" pin="3"/><net_sink comp="2650" pin=0"/></net>

<net id="2675"><net_src comp="80" pin="0"/><net_sink comp="2654" pin=0"/></net>

<net id="2676"><net_src comp="82" pin="0"/><net_sink comp="2654" pin=1"/></net>

<net id="2677"><net_src comp="2622" pin="1"/><net_sink comp="2654" pin=2"/></net>

<net id="2678"><net_src comp="84" pin="0"/><net_sink comp="2654" pin=3"/></net>

<net id="2679"><net_src comp="2626" pin="1"/><net_sink comp="2654" pin=4"/></net>

<net id="2680"><net_src comp="86" pin="0"/><net_sink comp="2654" pin=5"/></net>

<net id="2681"><net_src comp="2630" pin="1"/><net_sink comp="2654" pin=6"/></net>

<net id="2682"><net_src comp="88" pin="0"/><net_sink comp="2654" pin=7"/></net>

<net id="2683"><net_src comp="2634" pin="1"/><net_sink comp="2654" pin=8"/></net>

<net id="2684"><net_src comp="90" pin="0"/><net_sink comp="2654" pin=9"/></net>

<net id="2685"><net_src comp="2638" pin="1"/><net_sink comp="2654" pin=10"/></net>

<net id="2686"><net_src comp="92" pin="0"/><net_sink comp="2654" pin=11"/></net>

<net id="2687"><net_src comp="2642" pin="1"/><net_sink comp="2654" pin=12"/></net>

<net id="2688"><net_src comp="94" pin="0"/><net_sink comp="2654" pin=13"/></net>

<net id="2689"><net_src comp="2646" pin="1"/><net_sink comp="2654" pin=14"/></net>

<net id="2690"><net_src comp="96" pin="0"/><net_sink comp="2654" pin=15"/></net>

<net id="2691"><net_src comp="2650" pin="1"/><net_sink comp="2654" pin=16"/></net>

<net id="2692"><net_src comp="98" pin="0"/><net_sink comp="2654" pin=17"/></net>

<net id="2698"><net_src comp="114" pin="0"/><net_sink comp="2693" pin=0"/></net>

<net id="2699"><net_src comp="94" pin="0"/><net_sink comp="2693" pin=2"/></net>

<net id="2703"><net_src comp="2693" pin="3"/><net_sink comp="2700" pin=0"/></net>

<net id="2704"><net_src comp="2700" pin="1"/><net_sink comp="1134" pin=2"/></net>

<net id="2705"><net_src comp="2700" pin="1"/><net_sink comp="1142" pin=2"/></net>

<net id="2706"><net_src comp="2700" pin="1"/><net_sink comp="1150" pin=2"/></net>

<net id="2707"><net_src comp="2700" pin="1"/><net_sink comp="1158" pin=2"/></net>

<net id="2708"><net_src comp="2700" pin="1"/><net_sink comp="1166" pin=2"/></net>

<net id="2709"><net_src comp="2700" pin="1"/><net_sink comp="1174" pin=2"/></net>

<net id="2710"><net_src comp="2700" pin="1"/><net_sink comp="1182" pin=2"/></net>

<net id="2711"><net_src comp="2700" pin="1"/><net_sink comp="1190" pin=2"/></net>

<net id="2712"><net_src comp="2700" pin="1"/><net_sink comp="1198" pin=2"/></net>

<net id="2713"><net_src comp="2700" pin="1"/><net_sink comp="1206" pin=2"/></net>

<net id="2714"><net_src comp="2700" pin="1"/><net_sink comp="1214" pin=2"/></net>

<net id="2715"><net_src comp="2700" pin="1"/><net_sink comp="1222" pin=2"/></net>

<net id="2716"><net_src comp="2700" pin="1"/><net_sink comp="1230" pin=2"/></net>

<net id="2717"><net_src comp="2700" pin="1"/><net_sink comp="1238" pin=2"/></net>

<net id="2718"><net_src comp="2700" pin="1"/><net_sink comp="1246" pin=2"/></net>

<net id="2719"><net_src comp="2700" pin="1"/><net_sink comp="1254" pin=2"/></net>

<net id="2725"><net_src comp="114" pin="0"/><net_sink comp="2720" pin=0"/></net>

<net id="2726"><net_src comp="96" pin="0"/><net_sink comp="2720" pin=2"/></net>

<net id="2730"><net_src comp="2720" pin="3"/><net_sink comp="2727" pin=0"/></net>

<net id="2731"><net_src comp="2727" pin="1"/><net_sink comp="1262" pin=2"/></net>

<net id="2732"><net_src comp="2727" pin="1"/><net_sink comp="1270" pin=2"/></net>

<net id="2733"><net_src comp="2727" pin="1"/><net_sink comp="1278" pin=2"/></net>

<net id="2734"><net_src comp="2727" pin="1"/><net_sink comp="1286" pin=2"/></net>

<net id="2735"><net_src comp="2727" pin="1"/><net_sink comp="1294" pin=2"/></net>

<net id="2736"><net_src comp="2727" pin="1"/><net_sink comp="1302" pin=2"/></net>

<net id="2737"><net_src comp="2727" pin="1"/><net_sink comp="1310" pin=2"/></net>

<net id="2738"><net_src comp="2727" pin="1"/><net_sink comp="1318" pin=2"/></net>

<net id="2739"><net_src comp="2727" pin="1"/><net_sink comp="1326" pin=2"/></net>

<net id="2740"><net_src comp="2727" pin="1"/><net_sink comp="1334" pin=2"/></net>

<net id="2741"><net_src comp="2727" pin="1"/><net_sink comp="1342" pin=2"/></net>

<net id="2742"><net_src comp="2727" pin="1"/><net_sink comp="1350" pin=2"/></net>

<net id="2743"><net_src comp="2727" pin="1"/><net_sink comp="1358" pin=2"/></net>

<net id="2744"><net_src comp="2727" pin="1"/><net_sink comp="1366" pin=2"/></net>

<net id="2745"><net_src comp="2727" pin="1"/><net_sink comp="1374" pin=2"/></net>

<net id="2746"><net_src comp="2727" pin="1"/><net_sink comp="1382" pin=2"/></net>

<net id="2754"><net_src comp="2747" pin="2"/><net_sink comp="2751" pin=0"/></net>

<net id="2755"><net_src comp="2751" pin="1"/><net_sink comp="1390" pin=2"/></net>

<net id="2756"><net_src comp="2751" pin="1"/><net_sink comp="1398" pin=2"/></net>

<net id="2760"><net_src comp="171" pin="7"/><net_sink comp="2757" pin=0"/></net>

<net id="2764"><net_src comp="188" pin="7"/><net_sink comp="2761" pin=0"/></net>

<net id="2768"><net_src comp="205" pin="7"/><net_sink comp="2765" pin=0"/></net>

<net id="2772"><net_src comp="222" pin="7"/><net_sink comp="2769" pin=0"/></net>

<net id="2776"><net_src comp="239" pin="7"/><net_sink comp="2773" pin=0"/></net>

<net id="2780"><net_src comp="256" pin="7"/><net_sink comp="2777" pin=0"/></net>

<net id="2784"><net_src comp="273" pin="7"/><net_sink comp="2781" pin=0"/></net>

<net id="2788"><net_src comp="290" pin="7"/><net_sink comp="2785" pin=0"/></net>

<net id="2810"><net_src comp="80" pin="0"/><net_sink comp="2789" pin=0"/></net>

<net id="2811"><net_src comp="82" pin="0"/><net_sink comp="2789" pin=1"/></net>

<net id="2812"><net_src comp="2757" pin="1"/><net_sink comp="2789" pin=2"/></net>

<net id="2813"><net_src comp="84" pin="0"/><net_sink comp="2789" pin=3"/></net>

<net id="2814"><net_src comp="2761" pin="1"/><net_sink comp="2789" pin=4"/></net>

<net id="2815"><net_src comp="86" pin="0"/><net_sink comp="2789" pin=5"/></net>

<net id="2816"><net_src comp="2765" pin="1"/><net_sink comp="2789" pin=6"/></net>

<net id="2817"><net_src comp="88" pin="0"/><net_sink comp="2789" pin=7"/></net>

<net id="2818"><net_src comp="2769" pin="1"/><net_sink comp="2789" pin=8"/></net>

<net id="2819"><net_src comp="90" pin="0"/><net_sink comp="2789" pin=9"/></net>

<net id="2820"><net_src comp="2773" pin="1"/><net_sink comp="2789" pin=10"/></net>

<net id="2821"><net_src comp="92" pin="0"/><net_sink comp="2789" pin=11"/></net>

<net id="2822"><net_src comp="2777" pin="1"/><net_sink comp="2789" pin=12"/></net>

<net id="2823"><net_src comp="94" pin="0"/><net_sink comp="2789" pin=13"/></net>

<net id="2824"><net_src comp="2781" pin="1"/><net_sink comp="2789" pin=14"/></net>

<net id="2825"><net_src comp="96" pin="0"/><net_sink comp="2789" pin=15"/></net>

<net id="2826"><net_src comp="2785" pin="1"/><net_sink comp="2789" pin=16"/></net>

<net id="2827"><net_src comp="98" pin="0"/><net_sink comp="2789" pin=17"/></net>

<net id="2831"><net_src comp="307" pin="7"/><net_sink comp="2828" pin=0"/></net>

<net id="2835"><net_src comp="324" pin="7"/><net_sink comp="2832" pin=0"/></net>

<net id="2839"><net_src comp="341" pin="7"/><net_sink comp="2836" pin=0"/></net>

<net id="2843"><net_src comp="358" pin="7"/><net_sink comp="2840" pin=0"/></net>

<net id="2847"><net_src comp="375" pin="7"/><net_sink comp="2844" pin=0"/></net>

<net id="2851"><net_src comp="392" pin="7"/><net_sink comp="2848" pin=0"/></net>

<net id="2855"><net_src comp="409" pin="7"/><net_sink comp="2852" pin=0"/></net>

<net id="2859"><net_src comp="426" pin="7"/><net_sink comp="2856" pin=0"/></net>

<net id="2881"><net_src comp="80" pin="0"/><net_sink comp="2860" pin=0"/></net>

<net id="2882"><net_src comp="82" pin="0"/><net_sink comp="2860" pin=1"/></net>

<net id="2883"><net_src comp="2828" pin="1"/><net_sink comp="2860" pin=2"/></net>

<net id="2884"><net_src comp="84" pin="0"/><net_sink comp="2860" pin=3"/></net>

<net id="2885"><net_src comp="2832" pin="1"/><net_sink comp="2860" pin=4"/></net>

<net id="2886"><net_src comp="86" pin="0"/><net_sink comp="2860" pin=5"/></net>

<net id="2887"><net_src comp="2836" pin="1"/><net_sink comp="2860" pin=6"/></net>

<net id="2888"><net_src comp="88" pin="0"/><net_sink comp="2860" pin=7"/></net>

<net id="2889"><net_src comp="2840" pin="1"/><net_sink comp="2860" pin=8"/></net>

<net id="2890"><net_src comp="90" pin="0"/><net_sink comp="2860" pin=9"/></net>

<net id="2891"><net_src comp="2844" pin="1"/><net_sink comp="2860" pin=10"/></net>

<net id="2892"><net_src comp="92" pin="0"/><net_sink comp="2860" pin=11"/></net>

<net id="2893"><net_src comp="2848" pin="1"/><net_sink comp="2860" pin=12"/></net>

<net id="2894"><net_src comp="94" pin="0"/><net_sink comp="2860" pin=13"/></net>

<net id="2895"><net_src comp="2852" pin="1"/><net_sink comp="2860" pin=14"/></net>

<net id="2896"><net_src comp="96" pin="0"/><net_sink comp="2860" pin=15"/></net>

<net id="2897"><net_src comp="2856" pin="1"/><net_sink comp="2860" pin=16"/></net>

<net id="2898"><net_src comp="98" pin="0"/><net_sink comp="2860" pin=17"/></net>

<net id="2902"><net_src comp="171" pin="3"/><net_sink comp="2899" pin=0"/></net>

<net id="2906"><net_src comp="188" pin="3"/><net_sink comp="2903" pin=0"/></net>

<net id="2910"><net_src comp="205" pin="3"/><net_sink comp="2907" pin=0"/></net>

<net id="2914"><net_src comp="222" pin="3"/><net_sink comp="2911" pin=0"/></net>

<net id="2918"><net_src comp="239" pin="3"/><net_sink comp="2915" pin=0"/></net>

<net id="2922"><net_src comp="256" pin="3"/><net_sink comp="2919" pin=0"/></net>

<net id="2926"><net_src comp="273" pin="3"/><net_sink comp="2923" pin=0"/></net>

<net id="2930"><net_src comp="290" pin="3"/><net_sink comp="2927" pin=0"/></net>

<net id="2952"><net_src comp="80" pin="0"/><net_sink comp="2931" pin=0"/></net>

<net id="2953"><net_src comp="82" pin="0"/><net_sink comp="2931" pin=1"/></net>

<net id="2954"><net_src comp="2899" pin="1"/><net_sink comp="2931" pin=2"/></net>

<net id="2955"><net_src comp="84" pin="0"/><net_sink comp="2931" pin=3"/></net>

<net id="2956"><net_src comp="2903" pin="1"/><net_sink comp="2931" pin=4"/></net>

<net id="2957"><net_src comp="86" pin="0"/><net_sink comp="2931" pin=5"/></net>

<net id="2958"><net_src comp="2907" pin="1"/><net_sink comp="2931" pin=6"/></net>

<net id="2959"><net_src comp="88" pin="0"/><net_sink comp="2931" pin=7"/></net>

<net id="2960"><net_src comp="2911" pin="1"/><net_sink comp="2931" pin=8"/></net>

<net id="2961"><net_src comp="90" pin="0"/><net_sink comp="2931" pin=9"/></net>

<net id="2962"><net_src comp="2915" pin="1"/><net_sink comp="2931" pin=10"/></net>

<net id="2963"><net_src comp="92" pin="0"/><net_sink comp="2931" pin=11"/></net>

<net id="2964"><net_src comp="2919" pin="1"/><net_sink comp="2931" pin=12"/></net>

<net id="2965"><net_src comp="94" pin="0"/><net_sink comp="2931" pin=13"/></net>

<net id="2966"><net_src comp="2923" pin="1"/><net_sink comp="2931" pin=14"/></net>

<net id="2967"><net_src comp="96" pin="0"/><net_sink comp="2931" pin=15"/></net>

<net id="2968"><net_src comp="2927" pin="1"/><net_sink comp="2931" pin=16"/></net>

<net id="2969"><net_src comp="98" pin="0"/><net_sink comp="2931" pin=17"/></net>

<net id="2973"><net_src comp="307" pin="3"/><net_sink comp="2970" pin=0"/></net>

<net id="2977"><net_src comp="324" pin="3"/><net_sink comp="2974" pin=0"/></net>

<net id="2981"><net_src comp="341" pin="3"/><net_sink comp="2978" pin=0"/></net>

<net id="2985"><net_src comp="358" pin="3"/><net_sink comp="2982" pin=0"/></net>

<net id="2989"><net_src comp="375" pin="3"/><net_sink comp="2986" pin=0"/></net>

<net id="2993"><net_src comp="392" pin="3"/><net_sink comp="2990" pin=0"/></net>

<net id="2997"><net_src comp="409" pin="3"/><net_sink comp="2994" pin=0"/></net>

<net id="3001"><net_src comp="426" pin="3"/><net_sink comp="2998" pin=0"/></net>

<net id="3023"><net_src comp="80" pin="0"/><net_sink comp="3002" pin=0"/></net>

<net id="3024"><net_src comp="82" pin="0"/><net_sink comp="3002" pin=1"/></net>

<net id="3025"><net_src comp="2970" pin="1"/><net_sink comp="3002" pin=2"/></net>

<net id="3026"><net_src comp="84" pin="0"/><net_sink comp="3002" pin=3"/></net>

<net id="3027"><net_src comp="2974" pin="1"/><net_sink comp="3002" pin=4"/></net>

<net id="3028"><net_src comp="86" pin="0"/><net_sink comp="3002" pin=5"/></net>

<net id="3029"><net_src comp="2978" pin="1"/><net_sink comp="3002" pin=6"/></net>

<net id="3030"><net_src comp="88" pin="0"/><net_sink comp="3002" pin=7"/></net>

<net id="3031"><net_src comp="2982" pin="1"/><net_sink comp="3002" pin=8"/></net>

<net id="3032"><net_src comp="90" pin="0"/><net_sink comp="3002" pin=9"/></net>

<net id="3033"><net_src comp="2986" pin="1"/><net_sink comp="3002" pin=10"/></net>

<net id="3034"><net_src comp="92" pin="0"/><net_sink comp="3002" pin=11"/></net>

<net id="3035"><net_src comp="2990" pin="1"/><net_sink comp="3002" pin=12"/></net>

<net id="3036"><net_src comp="94" pin="0"/><net_sink comp="3002" pin=13"/></net>

<net id="3037"><net_src comp="2994" pin="1"/><net_sink comp="3002" pin=14"/></net>

<net id="3038"><net_src comp="96" pin="0"/><net_sink comp="3002" pin=15"/></net>

<net id="3039"><net_src comp="2998" pin="1"/><net_sink comp="3002" pin=16"/></net>

<net id="3040"><net_src comp="98" pin="0"/><net_sink comp="3002" pin=17"/></net>

<net id="3048"><net_src comp="3041" pin="2"/><net_sink comp="3045" pin=0"/></net>

<net id="3049"><net_src comp="3045" pin="1"/><net_sink comp="1406" pin=2"/></net>

<net id="3050"><net_src comp="3045" pin="1"/><net_sink comp="1414" pin=2"/></net>

<net id="3058"><net_src comp="3051" pin="2"/><net_sink comp="3055" pin=0"/></net>

<net id="3059"><net_src comp="3055" pin="1"/><net_sink comp="1422" pin=2"/></net>

<net id="3060"><net_src comp="3055" pin="1"/><net_sink comp="1430" pin=2"/></net>

<net id="3068"><net_src comp="3061" pin="2"/><net_sink comp="3065" pin=0"/></net>

<net id="3069"><net_src comp="3065" pin="1"/><net_sink comp="1438" pin=2"/></net>

<net id="3070"><net_src comp="3065" pin="1"/><net_sink comp="1446" pin=2"/></net>

<net id="3075"><net_src comp="3061" pin="2"/><net_sink comp="3071" pin=0"/></net>

<net id="3079"><net_src comp="3076" pin="1"/><net_sink comp="1454" pin=2"/></net>

<net id="3080"><net_src comp="3076" pin="1"/><net_sink comp="1462" pin=2"/></net>

<net id="3084"><net_src comp="3081" pin="1"/><net_sink comp="1470" pin=0"/></net>

<net id="3088"><net_src comp="3085" pin="1"/><net_sink comp="1470" pin=0"/></net>

<net id="3093"><net_src comp="118" pin="0"/><net_sink comp="3089" pin=1"/></net>

<net id="3098"><net_src comp="3089" pin="2"/><net_sink comp="3094" pin=0"/></net>

<net id="3103"><net_src comp="1528" pin="1"/><net_sink comp="3099" pin=0"/></net>

<net id="3108"><net_src comp="1534" pin="1"/><net_sink comp="3104" pin=0"/></net>

<net id="3112"><net_src comp="3109" pin="1"/><net_sink comp="157" pin=2"/></net>

<net id="3116"><net_src comp="3113" pin="1"/><net_sink comp="150" pin=2"/></net>

<net id="3120"><net_src comp="132" pin="1"/><net_sink comp="3117" pin=0"/></net>

<net id="3121"><net_src comp="3117" pin="1"/><net_sink comp="1575" pin=1"/></net>

<net id="3122"><net_src comp="3117" pin="1"/><net_sink comp="3081" pin=0"/></net>

<net id="3123"><net_src comp="3117" pin="1"/><net_sink comp="3099" pin=1"/></net>

<net id="3124"><net_src comp="3117" pin="1"/><net_sink comp="3109" pin=0"/></net>

<net id="3128"><net_src comp="136" pin="1"/><net_sink comp="3125" pin=0"/></net>

<net id="3129"><net_src comp="3125" pin="1"/><net_sink comp="1570" pin=1"/></net>

<net id="3130"><net_src comp="3125" pin="1"/><net_sink comp="3085" pin=0"/></net>

<net id="3131"><net_src comp="3125" pin="1"/><net_sink comp="3104" pin=1"/></net>

<net id="3132"><net_src comp="3125" pin="1"/><net_sink comp="3113" pin=0"/></net>

<net id="3136"><net_src comp="140" pin="1"/><net_sink comp="3133" pin=0"/></net>

<net id="3137"><net_src comp="3133" pin="1"/><net_sink comp="1565" pin=1"/></net>

<net id="3138"><net_src comp="3133" pin="1"/><net_sink comp="1580" pin=0"/></net>

<net id="3139"><net_src comp="3133" pin="1"/><net_sink comp="3094" pin=1"/></net>

<net id="3143"><net_src comp="144" pin="2"/><net_sink comp="3140" pin=0"/></net>

<net id="3144"><net_src comp="3140" pin="1"/><net_sink comp="1821" pin=1"/></net>

<net id="3145"><net_src comp="3140" pin="1"/><net_sink comp="2399" pin=1"/></net>

<net id="3146"><net_src comp="3140" pin="1"/><net_sink comp="2747" pin=1"/></net>

<net id="3147"><net_src comp="3140" pin="1"/><net_sink comp="3041" pin=1"/></net>

<net id="3148"><net_src comp="3140" pin="1"/><net_sink comp="3051" pin=1"/></net>

<net id="3149"><net_src comp="3140" pin="1"/><net_sink comp="3061" pin=1"/></net>

<net id="3150"><net_src comp="3140" pin="1"/><net_sink comp="3071" pin=1"/></net>

<net id="3154"><net_src comp="1580" pin="1"/><net_sink comp="3151" pin=0"/></net>

<net id="3155"><net_src comp="3151" pin="1"/><net_sink comp="1663" pin=1"/></net>

<net id="3156"><net_src comp="3151" pin="1"/><net_sink comp="1969" pin=1"/></net>

<net id="3157"><net_src comp="3151" pin="1"/><net_sink comp="2323" pin=1"/></net>

<net id="3158"><net_src comp="3151" pin="1"/><net_sink comp="2360" pin=1"/></net>

<net id="3159"><net_src comp="3151" pin="1"/><net_sink comp="3089" pin=0"/></net>

<net id="3163"><net_src comp="1583" pin="3"/><net_sink comp="3160" pin=0"/></net>

<net id="3167"><net_src comp="1619" pin="2"/><net_sink comp="3164" pin=0"/></net>

<net id="3168"><net_src comp="3164" pin="1"/><net_sink comp="1672" pin=0"/></net>

<net id="3169"><net_src comp="3164" pin="1"/><net_sink comp="1821" pin=0"/></net>

<net id="3173"><net_src comp="164" pin="3"/><net_sink comp="3170" pin=0"/></net>

<net id="3174"><net_src comp="3170" pin="1"/><net_sink comp="171" pin=2"/></net>

<net id="3178"><net_src comp="181" pin="3"/><net_sink comp="3175" pin=0"/></net>

<net id="3179"><net_src comp="3175" pin="1"/><net_sink comp="188" pin=2"/></net>

<net id="3183"><net_src comp="198" pin="3"/><net_sink comp="3180" pin=0"/></net>

<net id="3184"><net_src comp="3180" pin="1"/><net_sink comp="205" pin=2"/></net>

<net id="3188"><net_src comp="215" pin="3"/><net_sink comp="3185" pin=0"/></net>

<net id="3189"><net_src comp="3185" pin="1"/><net_sink comp="222" pin=2"/></net>

<net id="3193"><net_src comp="232" pin="3"/><net_sink comp="3190" pin=0"/></net>

<net id="3194"><net_src comp="3190" pin="1"/><net_sink comp="239" pin=2"/></net>

<net id="3198"><net_src comp="249" pin="3"/><net_sink comp="3195" pin=0"/></net>

<net id="3199"><net_src comp="3195" pin="1"/><net_sink comp="256" pin=2"/></net>

<net id="3203"><net_src comp="266" pin="3"/><net_sink comp="3200" pin=0"/></net>

<net id="3204"><net_src comp="3200" pin="1"/><net_sink comp="273" pin=2"/></net>

<net id="3208"><net_src comp="283" pin="3"/><net_sink comp="3205" pin=0"/></net>

<net id="3209"><net_src comp="3205" pin="1"/><net_sink comp="290" pin=2"/></net>

<net id="3213"><net_src comp="300" pin="3"/><net_sink comp="3210" pin=0"/></net>

<net id="3214"><net_src comp="3210" pin="1"/><net_sink comp="307" pin=2"/></net>

<net id="3218"><net_src comp="317" pin="3"/><net_sink comp="3215" pin=0"/></net>

<net id="3219"><net_src comp="3215" pin="1"/><net_sink comp="324" pin=2"/></net>

<net id="3223"><net_src comp="334" pin="3"/><net_sink comp="3220" pin=0"/></net>

<net id="3224"><net_src comp="3220" pin="1"/><net_sink comp="341" pin=2"/></net>

<net id="3228"><net_src comp="351" pin="3"/><net_sink comp="3225" pin=0"/></net>

<net id="3229"><net_src comp="3225" pin="1"/><net_sink comp="358" pin=2"/></net>

<net id="3233"><net_src comp="368" pin="3"/><net_sink comp="3230" pin=0"/></net>

<net id="3234"><net_src comp="3230" pin="1"/><net_sink comp="375" pin=2"/></net>

<net id="3238"><net_src comp="385" pin="3"/><net_sink comp="3235" pin=0"/></net>

<net id="3239"><net_src comp="3235" pin="1"/><net_sink comp="392" pin=2"/></net>

<net id="3243"><net_src comp="402" pin="3"/><net_sink comp="3240" pin=0"/></net>

<net id="3244"><net_src comp="3240" pin="1"/><net_sink comp="409" pin=2"/></net>

<net id="3248"><net_src comp="419" pin="3"/><net_sink comp="3245" pin=0"/></net>

<net id="3249"><net_src comp="3245" pin="1"/><net_sink comp="426" pin=2"/></net>

<net id="3253"><net_src comp="436" pin="3"/><net_sink comp="3250" pin=0"/></net>

<net id="3254"><net_src comp="3250" pin="1"/><net_sink comp="171" pin=0"/></net>

<net id="3258"><net_src comp="444" pin="3"/><net_sink comp="3255" pin=0"/></net>

<net id="3259"><net_src comp="3255" pin="1"/><net_sink comp="188" pin=0"/></net>

<net id="3263"><net_src comp="452" pin="3"/><net_sink comp="3260" pin=0"/></net>

<net id="3264"><net_src comp="3260" pin="1"/><net_sink comp="205" pin=0"/></net>

<net id="3268"><net_src comp="460" pin="3"/><net_sink comp="3265" pin=0"/></net>

<net id="3269"><net_src comp="3265" pin="1"/><net_sink comp="222" pin=0"/></net>

<net id="3273"><net_src comp="468" pin="3"/><net_sink comp="3270" pin=0"/></net>

<net id="3274"><net_src comp="3270" pin="1"/><net_sink comp="239" pin=0"/></net>

<net id="3278"><net_src comp="476" pin="3"/><net_sink comp="3275" pin=0"/></net>

<net id="3279"><net_src comp="3275" pin="1"/><net_sink comp="256" pin=0"/></net>

<net id="3283"><net_src comp="484" pin="3"/><net_sink comp="3280" pin=0"/></net>

<net id="3284"><net_src comp="3280" pin="1"/><net_sink comp="273" pin=0"/></net>

<net id="3288"><net_src comp="492" pin="3"/><net_sink comp="3285" pin=0"/></net>

<net id="3289"><net_src comp="3285" pin="1"/><net_sink comp="290" pin=0"/></net>

<net id="3293"><net_src comp="500" pin="3"/><net_sink comp="3290" pin=0"/></net>

<net id="3294"><net_src comp="3290" pin="1"/><net_sink comp="307" pin=0"/></net>

<net id="3298"><net_src comp="508" pin="3"/><net_sink comp="3295" pin=0"/></net>

<net id="3299"><net_src comp="3295" pin="1"/><net_sink comp="324" pin=0"/></net>

<net id="3303"><net_src comp="516" pin="3"/><net_sink comp="3300" pin=0"/></net>

<net id="3304"><net_src comp="3300" pin="1"/><net_sink comp="341" pin=0"/></net>

<net id="3308"><net_src comp="524" pin="3"/><net_sink comp="3305" pin=0"/></net>

<net id="3309"><net_src comp="3305" pin="1"/><net_sink comp="358" pin=0"/></net>

<net id="3313"><net_src comp="532" pin="3"/><net_sink comp="3310" pin=0"/></net>

<net id="3314"><net_src comp="3310" pin="1"/><net_sink comp="375" pin=0"/></net>

<net id="3318"><net_src comp="540" pin="3"/><net_sink comp="3315" pin=0"/></net>

<net id="3319"><net_src comp="3315" pin="1"/><net_sink comp="392" pin=0"/></net>

<net id="3323"><net_src comp="548" pin="3"/><net_sink comp="3320" pin=0"/></net>

<net id="3324"><net_src comp="3320" pin="1"/><net_sink comp="409" pin=0"/></net>

<net id="3328"><net_src comp="556" pin="3"/><net_sink comp="3325" pin=0"/></net>

<net id="3329"><net_src comp="3325" pin="1"/><net_sink comp="426" pin=0"/></net>

<net id="3333"><net_src comp="1663" pin="4"/><net_sink comp="3330" pin=0"/></net>

<net id="3334"><net_src comp="3330" pin="1"/><net_sink comp="2071" pin=18"/></net>

<net id="3335"><net_src comp="3330" pin="1"/><net_sink comp="2142" pin=18"/></net>

<net id="3336"><net_src comp="3330" pin="1"/><net_sink comp="2213" pin=18"/></net>

<net id="3337"><net_src comp="3330" pin="1"/><net_sink comp="2284" pin=18"/></net>

<net id="3338"><net_src comp="3330" pin="1"/><net_sink comp="2441" pin=18"/></net>

<net id="3339"><net_src comp="3330" pin="1"/><net_sink comp="2512" pin=18"/></net>

<net id="3340"><net_src comp="3330" pin="1"/><net_sink comp="2583" pin=18"/></net>

<net id="3341"><net_src comp="3330" pin="1"/><net_sink comp="2654" pin=18"/></net>

<net id="3342"><net_src comp="3330" pin="1"/><net_sink comp="2789" pin=18"/></net>

<net id="3343"><net_src comp="3330" pin="1"/><net_sink comp="2860" pin=18"/></net>

<net id="3344"><net_src comp="3330" pin="1"/><net_sink comp="2931" pin=18"/></net>

<net id="3345"><net_src comp="3330" pin="1"/><net_sink comp="3002" pin=18"/></net>

<net id="3349"><net_src comp="564" pin="3"/><net_sink comp="3346" pin=0"/></net>

<net id="3350"><net_src comp="3346" pin="1"/><net_sink comp="571" pin=0"/></net>

<net id="3354"><net_src comp="577" pin="3"/><net_sink comp="3351" pin=0"/></net>

<net id="3355"><net_src comp="3351" pin="1"/><net_sink comp="584" pin=0"/></net>

<net id="3359"><net_src comp="1709" pin="19"/><net_sink comp="3356" pin=0"/></net>

<net id="3360"><net_src comp="3356" pin="1"/><net_sink comp="1478" pin=0"/></net>

<net id="3364"><net_src comp="1781" pin="19"/><net_sink comp="3361" pin=0"/></net>

<net id="3365"><net_src comp="3361" pin="1"/><net_sink comp="1478" pin=0"/></net>

<net id="3369"><net_src comp="1821" pin="2"/><net_sink comp="3366" pin=0"/></net>

<net id="3370"><net_src comp="3366" pin="1"/><net_sink comp="2034" pin=0"/></net>

<net id="3371"><net_src comp="3366" pin="1"/><net_sink comp="2399" pin=0"/></net>

<net id="3375"><net_src comp="1857" pin="19"/><net_sink comp="3372" pin=0"/></net>

<net id="3376"><net_src comp="3372" pin="1"/><net_sink comp="1478" pin=0"/></net>

<net id="3380"><net_src comp="1929" pin="19"/><net_sink comp="3377" pin=0"/></net>

<net id="3381"><net_src comp="3377" pin="1"/><net_sink comp="1478" pin=0"/></net>

<net id="3385"><net_src comp="590" pin="3"/><net_sink comp="3382" pin=0"/></net>

<net id="3386"><net_src comp="3382" pin="1"/><net_sink comp="171" pin=2"/></net>

<net id="3390"><net_src comp="598" pin="3"/><net_sink comp="3387" pin=0"/></net>

<net id="3391"><net_src comp="3387" pin="1"/><net_sink comp="188" pin=2"/></net>

<net id="3395"><net_src comp="606" pin="3"/><net_sink comp="3392" pin=0"/></net>

<net id="3396"><net_src comp="3392" pin="1"/><net_sink comp="205" pin=2"/></net>

<net id="3400"><net_src comp="614" pin="3"/><net_sink comp="3397" pin=0"/></net>

<net id="3401"><net_src comp="3397" pin="1"/><net_sink comp="222" pin=2"/></net>

<net id="3405"><net_src comp="622" pin="3"/><net_sink comp="3402" pin=0"/></net>

<net id="3406"><net_src comp="3402" pin="1"/><net_sink comp="239" pin=2"/></net>

<net id="3410"><net_src comp="630" pin="3"/><net_sink comp="3407" pin=0"/></net>

<net id="3411"><net_src comp="3407" pin="1"/><net_sink comp="256" pin=2"/></net>

<net id="3415"><net_src comp="638" pin="3"/><net_sink comp="3412" pin=0"/></net>

<net id="3416"><net_src comp="3412" pin="1"/><net_sink comp="273" pin=2"/></net>

<net id="3420"><net_src comp="646" pin="3"/><net_sink comp="3417" pin=0"/></net>

<net id="3421"><net_src comp="3417" pin="1"/><net_sink comp="290" pin=2"/></net>

<net id="3425"><net_src comp="654" pin="3"/><net_sink comp="3422" pin=0"/></net>

<net id="3426"><net_src comp="3422" pin="1"/><net_sink comp="307" pin=2"/></net>

<net id="3430"><net_src comp="662" pin="3"/><net_sink comp="3427" pin=0"/></net>

<net id="3431"><net_src comp="3427" pin="1"/><net_sink comp="324" pin=2"/></net>

<net id="3435"><net_src comp="670" pin="3"/><net_sink comp="3432" pin=0"/></net>

<net id="3436"><net_src comp="3432" pin="1"/><net_sink comp="341" pin=2"/></net>

<net id="3440"><net_src comp="678" pin="3"/><net_sink comp="3437" pin=0"/></net>

<net id="3441"><net_src comp="3437" pin="1"/><net_sink comp="358" pin=2"/></net>

<net id="3445"><net_src comp="686" pin="3"/><net_sink comp="3442" pin=0"/></net>

<net id="3446"><net_src comp="3442" pin="1"/><net_sink comp="375" pin=2"/></net>

<net id="3450"><net_src comp="694" pin="3"/><net_sink comp="3447" pin=0"/></net>

<net id="3451"><net_src comp="3447" pin="1"/><net_sink comp="392" pin=2"/></net>

<net id="3455"><net_src comp="702" pin="3"/><net_sink comp="3452" pin=0"/></net>

<net id="3456"><net_src comp="3452" pin="1"/><net_sink comp="409" pin=2"/></net>

<net id="3460"><net_src comp="710" pin="3"/><net_sink comp="3457" pin=0"/></net>

<net id="3461"><net_src comp="3457" pin="1"/><net_sink comp="426" pin=2"/></net>

<net id="3465"><net_src comp="718" pin="3"/><net_sink comp="3462" pin=0"/></net>

<net id="3466"><net_src comp="3462" pin="1"/><net_sink comp="171" pin=0"/></net>

<net id="3470"><net_src comp="726" pin="3"/><net_sink comp="3467" pin=0"/></net>

<net id="3471"><net_src comp="3467" pin="1"/><net_sink comp="188" pin=0"/></net>

<net id="3475"><net_src comp="734" pin="3"/><net_sink comp="3472" pin=0"/></net>

<net id="3476"><net_src comp="3472" pin="1"/><net_sink comp="205" pin=0"/></net>

<net id="3480"><net_src comp="742" pin="3"/><net_sink comp="3477" pin=0"/></net>

<net id="3481"><net_src comp="3477" pin="1"/><net_sink comp="222" pin=0"/></net>

<net id="3485"><net_src comp="750" pin="3"/><net_sink comp="3482" pin=0"/></net>

<net id="3486"><net_src comp="3482" pin="1"/><net_sink comp="239" pin=0"/></net>

<net id="3490"><net_src comp="758" pin="3"/><net_sink comp="3487" pin=0"/></net>

<net id="3491"><net_src comp="3487" pin="1"/><net_sink comp="256" pin=0"/></net>

<net id="3495"><net_src comp="766" pin="3"/><net_sink comp="3492" pin=0"/></net>

<net id="3496"><net_src comp="3492" pin="1"/><net_sink comp="273" pin=0"/></net>

<net id="3500"><net_src comp="774" pin="3"/><net_sink comp="3497" pin=0"/></net>

<net id="3501"><net_src comp="3497" pin="1"/><net_sink comp="290" pin=0"/></net>

<net id="3505"><net_src comp="782" pin="3"/><net_sink comp="3502" pin=0"/></net>

<net id="3506"><net_src comp="3502" pin="1"/><net_sink comp="307" pin=0"/></net>

<net id="3510"><net_src comp="790" pin="3"/><net_sink comp="3507" pin=0"/></net>

<net id="3511"><net_src comp="3507" pin="1"/><net_sink comp="324" pin=0"/></net>

<net id="3515"><net_src comp="798" pin="3"/><net_sink comp="3512" pin=0"/></net>

<net id="3516"><net_src comp="3512" pin="1"/><net_sink comp="341" pin=0"/></net>

<net id="3520"><net_src comp="806" pin="3"/><net_sink comp="3517" pin=0"/></net>

<net id="3521"><net_src comp="3517" pin="1"/><net_sink comp="358" pin=0"/></net>

<net id="3525"><net_src comp="814" pin="3"/><net_sink comp="3522" pin=0"/></net>

<net id="3526"><net_src comp="3522" pin="1"/><net_sink comp="375" pin=0"/></net>

<net id="3530"><net_src comp="822" pin="3"/><net_sink comp="3527" pin=0"/></net>

<net id="3531"><net_src comp="3527" pin="1"/><net_sink comp="392" pin=0"/></net>

<net id="3535"><net_src comp="830" pin="3"/><net_sink comp="3532" pin=0"/></net>

<net id="3536"><net_src comp="3532" pin="1"/><net_sink comp="409" pin=0"/></net>

<net id="3540"><net_src comp="838" pin="3"/><net_sink comp="3537" pin=0"/></net>

<net id="3541"><net_src comp="3537" pin="1"/><net_sink comp="426" pin=0"/></net>

<net id="3545"><net_src comp="846" pin="3"/><net_sink comp="3542" pin=0"/></net>

<net id="3546"><net_src comp="3542" pin="1"/><net_sink comp="571" pin=0"/></net>

<net id="3550"><net_src comp="854" pin="3"/><net_sink comp="3547" pin=0"/></net>

<net id="3551"><net_src comp="3547" pin="1"/><net_sink comp="584" pin=0"/></net>

<net id="3555"><net_src comp="2071" pin="19"/><net_sink comp="3552" pin=0"/></net>

<net id="3556"><net_src comp="3552" pin="1"/><net_sink comp="1478" pin=0"/></net>

<net id="3560"><net_src comp="2142" pin="19"/><net_sink comp="3557" pin=0"/></net>

<net id="3561"><net_src comp="3557" pin="1"/><net_sink comp="1478" pin=0"/></net>

<net id="3565"><net_src comp="2213" pin="19"/><net_sink comp="3562" pin=0"/></net>

<net id="3566"><net_src comp="3562" pin="1"/><net_sink comp="1478" pin=0"/></net>

<net id="3570"><net_src comp="2284" pin="19"/><net_sink comp="3567" pin=0"/></net>

<net id="3571"><net_src comp="3567" pin="1"/><net_sink comp="1478" pin=0"/></net>

<net id="3575"><net_src comp="2323" pin="4"/><net_sink comp="3572" pin=0"/></net>

<net id="3576"><net_src comp="3572" pin="1"/><net_sink comp="2693" pin=1"/></net>

<net id="3577"><net_src comp="3572" pin="1"/><net_sink comp="2720" pin=1"/></net>

<net id="3581"><net_src comp="862" pin="3"/><net_sink comp="3578" pin=0"/></net>

<net id="3582"><net_src comp="3578" pin="1"/><net_sink comp="171" pin=2"/></net>

<net id="3586"><net_src comp="870" pin="3"/><net_sink comp="3583" pin=0"/></net>

<net id="3587"><net_src comp="3583" pin="1"/><net_sink comp="188" pin=2"/></net>

<net id="3591"><net_src comp="878" pin="3"/><net_sink comp="3588" pin=0"/></net>

<net id="3592"><net_src comp="3588" pin="1"/><net_sink comp="205" pin=2"/></net>

<net id="3596"><net_src comp="886" pin="3"/><net_sink comp="3593" pin=0"/></net>

<net id="3597"><net_src comp="3593" pin="1"/><net_sink comp="222" pin=2"/></net>

<net id="3601"><net_src comp="894" pin="3"/><net_sink comp="3598" pin=0"/></net>

<net id="3602"><net_src comp="3598" pin="1"/><net_sink comp="239" pin=2"/></net>

<net id="3606"><net_src comp="902" pin="3"/><net_sink comp="3603" pin=0"/></net>

<net id="3607"><net_src comp="3603" pin="1"/><net_sink comp="256" pin=2"/></net>

<net id="3611"><net_src comp="910" pin="3"/><net_sink comp="3608" pin=0"/></net>

<net id="3612"><net_src comp="3608" pin="1"/><net_sink comp="273" pin=2"/></net>

<net id="3616"><net_src comp="918" pin="3"/><net_sink comp="3613" pin=0"/></net>

<net id="3617"><net_src comp="3613" pin="1"/><net_sink comp="290" pin=2"/></net>

<net id="3621"><net_src comp="926" pin="3"/><net_sink comp="3618" pin=0"/></net>

<net id="3622"><net_src comp="3618" pin="1"/><net_sink comp="307" pin=2"/></net>

<net id="3626"><net_src comp="934" pin="3"/><net_sink comp="3623" pin=0"/></net>

<net id="3627"><net_src comp="3623" pin="1"/><net_sink comp="324" pin=2"/></net>

<net id="3631"><net_src comp="942" pin="3"/><net_sink comp="3628" pin=0"/></net>

<net id="3632"><net_src comp="3628" pin="1"/><net_sink comp="341" pin=2"/></net>

<net id="3636"><net_src comp="950" pin="3"/><net_sink comp="3633" pin=0"/></net>

<net id="3637"><net_src comp="3633" pin="1"/><net_sink comp="358" pin=2"/></net>

<net id="3641"><net_src comp="958" pin="3"/><net_sink comp="3638" pin=0"/></net>

<net id="3642"><net_src comp="3638" pin="1"/><net_sink comp="375" pin=2"/></net>

<net id="3646"><net_src comp="966" pin="3"/><net_sink comp="3643" pin=0"/></net>

<net id="3647"><net_src comp="3643" pin="1"/><net_sink comp="392" pin=2"/></net>

<net id="3651"><net_src comp="974" pin="3"/><net_sink comp="3648" pin=0"/></net>

<net id="3652"><net_src comp="3648" pin="1"/><net_sink comp="409" pin=2"/></net>

<net id="3656"><net_src comp="982" pin="3"/><net_sink comp="3653" pin=0"/></net>

<net id="3657"><net_src comp="3653" pin="1"/><net_sink comp="426" pin=2"/></net>

<net id="3661"><net_src comp="990" pin="3"/><net_sink comp="3658" pin=0"/></net>

<net id="3662"><net_src comp="3658" pin="1"/><net_sink comp="171" pin=0"/></net>

<net id="3666"><net_src comp="998" pin="3"/><net_sink comp="3663" pin=0"/></net>

<net id="3667"><net_src comp="3663" pin="1"/><net_sink comp="188" pin=0"/></net>

<net id="3671"><net_src comp="1006" pin="3"/><net_sink comp="3668" pin=0"/></net>

<net id="3672"><net_src comp="3668" pin="1"/><net_sink comp="205" pin=0"/></net>

<net id="3676"><net_src comp="1014" pin="3"/><net_sink comp="3673" pin=0"/></net>

<net id="3677"><net_src comp="3673" pin="1"/><net_sink comp="222" pin=0"/></net>

<net id="3681"><net_src comp="1022" pin="3"/><net_sink comp="3678" pin=0"/></net>

<net id="3682"><net_src comp="3678" pin="1"/><net_sink comp="239" pin=0"/></net>

<net id="3686"><net_src comp="1030" pin="3"/><net_sink comp="3683" pin=0"/></net>

<net id="3687"><net_src comp="3683" pin="1"/><net_sink comp="256" pin=0"/></net>

<net id="3691"><net_src comp="1038" pin="3"/><net_sink comp="3688" pin=0"/></net>

<net id="3692"><net_src comp="3688" pin="1"/><net_sink comp="273" pin=0"/></net>

<net id="3696"><net_src comp="1046" pin="3"/><net_sink comp="3693" pin=0"/></net>

<net id="3697"><net_src comp="3693" pin="1"/><net_sink comp="290" pin=0"/></net>

<net id="3701"><net_src comp="1054" pin="3"/><net_sink comp="3698" pin=0"/></net>

<net id="3702"><net_src comp="3698" pin="1"/><net_sink comp="307" pin=0"/></net>

<net id="3706"><net_src comp="1062" pin="3"/><net_sink comp="3703" pin=0"/></net>

<net id="3707"><net_src comp="3703" pin="1"/><net_sink comp="324" pin=0"/></net>

<net id="3711"><net_src comp="1070" pin="3"/><net_sink comp="3708" pin=0"/></net>

<net id="3712"><net_src comp="3708" pin="1"/><net_sink comp="341" pin=0"/></net>

<net id="3716"><net_src comp="1078" pin="3"/><net_sink comp="3713" pin=0"/></net>

<net id="3717"><net_src comp="3713" pin="1"/><net_sink comp="358" pin=0"/></net>

<net id="3721"><net_src comp="1086" pin="3"/><net_sink comp="3718" pin=0"/></net>

<net id="3722"><net_src comp="3718" pin="1"/><net_sink comp="375" pin=0"/></net>

<net id="3726"><net_src comp="1094" pin="3"/><net_sink comp="3723" pin=0"/></net>

<net id="3727"><net_src comp="3723" pin="1"/><net_sink comp="392" pin=0"/></net>

<net id="3731"><net_src comp="1102" pin="3"/><net_sink comp="3728" pin=0"/></net>

<net id="3732"><net_src comp="3728" pin="1"/><net_sink comp="409" pin=0"/></net>

<net id="3736"><net_src comp="1110" pin="3"/><net_sink comp="3733" pin=0"/></net>

<net id="3737"><net_src comp="3733" pin="1"/><net_sink comp="426" pin=0"/></net>

<net id="3741"><net_src comp="571" pin="3"/><net_sink comp="3738" pin=0"/></net>

<net id="3742"><net_src comp="3738" pin="1"/><net_sink comp="1478" pin=1"/></net>

<net id="3746"><net_src comp="584" pin="3"/><net_sink comp="3743" pin=0"/></net>

<net id="3747"><net_src comp="3743" pin="1"/><net_sink comp="1478" pin=1"/></net>

<net id="3751"><net_src comp="2399" pin="2"/><net_sink comp="3748" pin=0"/></net>

<net id="3752"><net_src comp="3748" pin="1"/><net_sink comp="2747" pin=0"/></net>

<net id="3756"><net_src comp="1118" pin="3"/><net_sink comp="3753" pin=0"/></net>

<net id="3757"><net_src comp="3753" pin="1"/><net_sink comp="571" pin=0"/></net>

<net id="3761"><net_src comp="1126" pin="3"/><net_sink comp="3758" pin=0"/></net>

<net id="3762"><net_src comp="3758" pin="1"/><net_sink comp="584" pin=0"/></net>

<net id="3766"><net_src comp="2441" pin="19"/><net_sink comp="3763" pin=0"/></net>

<net id="3767"><net_src comp="3763" pin="1"/><net_sink comp="1478" pin=0"/></net>

<net id="3771"><net_src comp="2512" pin="19"/><net_sink comp="3768" pin=0"/></net>

<net id="3772"><net_src comp="3768" pin="1"/><net_sink comp="1478" pin=0"/></net>

<net id="3776"><net_src comp="2583" pin="19"/><net_sink comp="3773" pin=0"/></net>

<net id="3777"><net_src comp="3773" pin="1"/><net_sink comp="1478" pin=0"/></net>

<net id="3781"><net_src comp="2654" pin="19"/><net_sink comp="3778" pin=0"/></net>

<net id="3782"><net_src comp="3778" pin="1"/><net_sink comp="1478" pin=0"/></net>

<net id="3786"><net_src comp="1134" pin="3"/><net_sink comp="3783" pin=0"/></net>

<net id="3787"><net_src comp="3783" pin="1"/><net_sink comp="171" pin=2"/></net>

<net id="3791"><net_src comp="1142" pin="3"/><net_sink comp="3788" pin=0"/></net>

<net id="3792"><net_src comp="3788" pin="1"/><net_sink comp="188" pin=2"/></net>

<net id="3796"><net_src comp="1150" pin="3"/><net_sink comp="3793" pin=0"/></net>

<net id="3797"><net_src comp="3793" pin="1"/><net_sink comp="205" pin=2"/></net>

<net id="3801"><net_src comp="1158" pin="3"/><net_sink comp="3798" pin=0"/></net>

<net id="3802"><net_src comp="3798" pin="1"/><net_sink comp="222" pin=2"/></net>

<net id="3806"><net_src comp="1166" pin="3"/><net_sink comp="3803" pin=0"/></net>

<net id="3807"><net_src comp="3803" pin="1"/><net_sink comp="239" pin=2"/></net>

<net id="3811"><net_src comp="1174" pin="3"/><net_sink comp="3808" pin=0"/></net>

<net id="3812"><net_src comp="3808" pin="1"/><net_sink comp="256" pin=2"/></net>

<net id="3816"><net_src comp="1182" pin="3"/><net_sink comp="3813" pin=0"/></net>

<net id="3817"><net_src comp="3813" pin="1"/><net_sink comp="273" pin=2"/></net>

<net id="3821"><net_src comp="1190" pin="3"/><net_sink comp="3818" pin=0"/></net>

<net id="3822"><net_src comp="3818" pin="1"/><net_sink comp="290" pin=2"/></net>

<net id="3826"><net_src comp="1198" pin="3"/><net_sink comp="3823" pin=0"/></net>

<net id="3827"><net_src comp="3823" pin="1"/><net_sink comp="307" pin=2"/></net>

<net id="3831"><net_src comp="1206" pin="3"/><net_sink comp="3828" pin=0"/></net>

<net id="3832"><net_src comp="3828" pin="1"/><net_sink comp="324" pin=2"/></net>

<net id="3836"><net_src comp="1214" pin="3"/><net_sink comp="3833" pin=0"/></net>

<net id="3837"><net_src comp="3833" pin="1"/><net_sink comp="341" pin=2"/></net>

<net id="3841"><net_src comp="1222" pin="3"/><net_sink comp="3838" pin=0"/></net>

<net id="3842"><net_src comp="3838" pin="1"/><net_sink comp="358" pin=2"/></net>

<net id="3846"><net_src comp="1230" pin="3"/><net_sink comp="3843" pin=0"/></net>

<net id="3847"><net_src comp="3843" pin="1"/><net_sink comp="375" pin=2"/></net>

<net id="3851"><net_src comp="1238" pin="3"/><net_sink comp="3848" pin=0"/></net>

<net id="3852"><net_src comp="3848" pin="1"/><net_sink comp="392" pin=2"/></net>

<net id="3856"><net_src comp="1246" pin="3"/><net_sink comp="3853" pin=0"/></net>

<net id="3857"><net_src comp="3853" pin="1"/><net_sink comp="409" pin=2"/></net>

<net id="3861"><net_src comp="1254" pin="3"/><net_sink comp="3858" pin=0"/></net>

<net id="3862"><net_src comp="3858" pin="1"/><net_sink comp="426" pin=2"/></net>

<net id="3866"><net_src comp="1262" pin="3"/><net_sink comp="3863" pin=0"/></net>

<net id="3867"><net_src comp="3863" pin="1"/><net_sink comp="171" pin=0"/></net>

<net id="3871"><net_src comp="1270" pin="3"/><net_sink comp="3868" pin=0"/></net>

<net id="3872"><net_src comp="3868" pin="1"/><net_sink comp="188" pin=0"/></net>

<net id="3876"><net_src comp="1278" pin="3"/><net_sink comp="3873" pin=0"/></net>

<net id="3877"><net_src comp="3873" pin="1"/><net_sink comp="205" pin=0"/></net>

<net id="3881"><net_src comp="1286" pin="3"/><net_sink comp="3878" pin=0"/></net>

<net id="3882"><net_src comp="3878" pin="1"/><net_sink comp="222" pin=0"/></net>

<net id="3886"><net_src comp="1294" pin="3"/><net_sink comp="3883" pin=0"/></net>

<net id="3887"><net_src comp="3883" pin="1"/><net_sink comp="239" pin=0"/></net>

<net id="3891"><net_src comp="1302" pin="3"/><net_sink comp="3888" pin=0"/></net>

<net id="3892"><net_src comp="3888" pin="1"/><net_sink comp="256" pin=0"/></net>

<net id="3896"><net_src comp="1310" pin="3"/><net_sink comp="3893" pin=0"/></net>

<net id="3897"><net_src comp="3893" pin="1"/><net_sink comp="273" pin=0"/></net>

<net id="3901"><net_src comp="1318" pin="3"/><net_sink comp="3898" pin=0"/></net>

<net id="3902"><net_src comp="3898" pin="1"/><net_sink comp="290" pin=0"/></net>

<net id="3906"><net_src comp="1326" pin="3"/><net_sink comp="3903" pin=0"/></net>

<net id="3907"><net_src comp="3903" pin="1"/><net_sink comp="307" pin=0"/></net>

<net id="3911"><net_src comp="1334" pin="3"/><net_sink comp="3908" pin=0"/></net>

<net id="3912"><net_src comp="3908" pin="1"/><net_sink comp="324" pin=0"/></net>

<net id="3916"><net_src comp="1342" pin="3"/><net_sink comp="3913" pin=0"/></net>

<net id="3917"><net_src comp="3913" pin="1"/><net_sink comp="341" pin=0"/></net>

<net id="3921"><net_src comp="1350" pin="3"/><net_sink comp="3918" pin=0"/></net>

<net id="3922"><net_src comp="3918" pin="1"/><net_sink comp="358" pin=0"/></net>

<net id="3926"><net_src comp="1358" pin="3"/><net_sink comp="3923" pin=0"/></net>

<net id="3927"><net_src comp="3923" pin="1"/><net_sink comp="375" pin=0"/></net>

<net id="3931"><net_src comp="1366" pin="3"/><net_sink comp="3928" pin=0"/></net>

<net id="3932"><net_src comp="3928" pin="1"/><net_sink comp="392" pin=0"/></net>

<net id="3936"><net_src comp="1374" pin="3"/><net_sink comp="3933" pin=0"/></net>

<net id="3937"><net_src comp="3933" pin="1"/><net_sink comp="409" pin=0"/></net>

<net id="3941"><net_src comp="1382" pin="3"/><net_sink comp="3938" pin=0"/></net>

<net id="3942"><net_src comp="3938" pin="1"/><net_sink comp="426" pin=0"/></net>

<net id="3946"><net_src comp="571" pin="3"/><net_sink comp="3943" pin=0"/></net>

<net id="3947"><net_src comp="3943" pin="1"/><net_sink comp="1478" pin=1"/></net>

<net id="3951"><net_src comp="584" pin="3"/><net_sink comp="3948" pin=0"/></net>

<net id="3952"><net_src comp="3948" pin="1"/><net_sink comp="1478" pin=1"/></net>

<net id="3956"><net_src comp="2747" pin="2"/><net_sink comp="3953" pin=0"/></net>

<net id="3957"><net_src comp="3953" pin="1"/><net_sink comp="3041" pin=0"/></net>

<net id="3961"><net_src comp="1390" pin="3"/><net_sink comp="3958" pin=0"/></net>

<net id="3962"><net_src comp="3958" pin="1"/><net_sink comp="571" pin=0"/></net>

<net id="3966"><net_src comp="1398" pin="3"/><net_sink comp="3963" pin=0"/></net>

<net id="3967"><net_src comp="3963" pin="1"/><net_sink comp="584" pin=0"/></net>

<net id="3971"><net_src comp="2789" pin="19"/><net_sink comp="3968" pin=0"/></net>

<net id="3972"><net_src comp="3968" pin="1"/><net_sink comp="1478" pin=0"/></net>

<net id="3976"><net_src comp="2860" pin="19"/><net_sink comp="3973" pin=0"/></net>

<net id="3977"><net_src comp="3973" pin="1"/><net_sink comp="1478" pin=0"/></net>

<net id="3981"><net_src comp="2931" pin="19"/><net_sink comp="3978" pin=0"/></net>

<net id="3982"><net_src comp="3978" pin="1"/><net_sink comp="1478" pin=0"/></net>

<net id="3986"><net_src comp="3002" pin="19"/><net_sink comp="3983" pin=0"/></net>

<net id="3987"><net_src comp="3983" pin="1"/><net_sink comp="1478" pin=0"/></net>

<net id="3991"><net_src comp="571" pin="3"/><net_sink comp="3988" pin=0"/></net>

<net id="3992"><net_src comp="3988" pin="1"/><net_sink comp="1478" pin=1"/></net>

<net id="3996"><net_src comp="584" pin="3"/><net_sink comp="3993" pin=0"/></net>

<net id="3997"><net_src comp="3993" pin="1"/><net_sink comp="1478" pin=1"/></net>

<net id="4001"><net_src comp="3041" pin="2"/><net_sink comp="3998" pin=0"/></net>

<net id="4002"><net_src comp="3998" pin="1"/><net_sink comp="3051" pin=0"/></net>

<net id="4006"><net_src comp="1406" pin="3"/><net_sink comp="4003" pin=0"/></net>

<net id="4007"><net_src comp="4003" pin="1"/><net_sink comp="571" pin=0"/></net>

<net id="4011"><net_src comp="1414" pin="3"/><net_sink comp="4008" pin=0"/></net>

<net id="4012"><net_src comp="4008" pin="1"/><net_sink comp="584" pin=0"/></net>

<net id="4016"><net_src comp="571" pin="3"/><net_sink comp="4013" pin=0"/></net>

<net id="4017"><net_src comp="4013" pin="1"/><net_sink comp="1478" pin=1"/></net>

<net id="4021"><net_src comp="584" pin="3"/><net_sink comp="4018" pin=0"/></net>

<net id="4022"><net_src comp="4018" pin="1"/><net_sink comp="1478" pin=1"/></net>

<net id="4026"><net_src comp="3051" pin="2"/><net_sink comp="4023" pin=0"/></net>

<net id="4027"><net_src comp="4023" pin="1"/><net_sink comp="3061" pin=0"/></net>

<net id="4031"><net_src comp="1422" pin="3"/><net_sink comp="4028" pin=0"/></net>

<net id="4032"><net_src comp="4028" pin="1"/><net_sink comp="571" pin=0"/></net>

<net id="4036"><net_src comp="1430" pin="3"/><net_sink comp="4033" pin=0"/></net>

<net id="4037"><net_src comp="4033" pin="1"/><net_sink comp="584" pin=0"/></net>

<net id="4041"><net_src comp="571" pin="3"/><net_sink comp="4038" pin=0"/></net>

<net id="4042"><net_src comp="4038" pin="1"/><net_sink comp="1478" pin=1"/></net>

<net id="4046"><net_src comp="584" pin="3"/><net_sink comp="4043" pin=0"/></net>

<net id="4047"><net_src comp="4043" pin="1"/><net_sink comp="1478" pin=1"/></net>

<net id="4051"><net_src comp="1438" pin="3"/><net_sink comp="4048" pin=0"/></net>

<net id="4052"><net_src comp="4048" pin="1"/><net_sink comp="571" pin=0"/></net>

<net id="4056"><net_src comp="1446" pin="3"/><net_sink comp="4053" pin=0"/></net>

<net id="4057"><net_src comp="4053" pin="1"/><net_sink comp="584" pin=0"/></net>

<net id="4061"><net_src comp="3071" pin="2"/><net_sink comp="4058" pin=0"/></net>

<net id="4062"><net_src comp="4058" pin="1"/><net_sink comp="3076" pin=0"/></net>

<net id="4066"><net_src comp="571" pin="3"/><net_sink comp="4063" pin=0"/></net>

<net id="4067"><net_src comp="4063" pin="1"/><net_sink comp="1478" pin=1"/></net>

<net id="4071"><net_src comp="1454" pin="3"/><net_sink comp="4068" pin=0"/></net>

<net id="4072"><net_src comp="4068" pin="1"/><net_sink comp="571" pin=0"/></net>

<net id="4076"><net_src comp="1462" pin="3"/><net_sink comp="4073" pin=0"/></net>

<net id="4077"><net_src comp="4073" pin="1"/><net_sink comp="584" pin=0"/></net>

<net id="4081"><net_src comp="584" pin="3"/><net_sink comp="4078" pin=0"/></net>

<net id="4082"><net_src comp="4078" pin="1"/><net_sink comp="1478" pin=1"/></net>

<net id="4086"><net_src comp="3081" pin="1"/><net_sink comp="4083" pin=0"/></net>

<net id="4087"><net_src comp="4083" pin="1"/><net_sink comp="1470" pin=0"/></net>

<net id="4091"><net_src comp="3085" pin="1"/><net_sink comp="4088" pin=0"/></net>

<net id="4092"><net_src comp="4088" pin="1"/><net_sink comp="1470" pin=0"/></net>

</net_list>

</model> 
---------------- Datapath Model END ------------------

* FSMD analyzer results:
  - Output states:
	Port: real_sample_0 | {}
	Port: real_sample_1 | {}
	Port: real_sample_2 | {}
	Port: real_sample_3 | {}
	Port: real_sample_4 | {}
	Port: real_sample_5 | {}
	Port: real_sample_6 | {}
	Port: real_sample_7 | {}
	Port: imag_sample_0 | {}
	Port: imag_sample_1 | {}
	Port: imag_sample_2 | {}
	Port: imag_sample_3 | {}
	Port: imag_sample_4 | {}
	Port: imag_sample_5 | {}
	Port: imag_sample_6 | {}
	Port: imag_sample_7 | {}
	Port: add274_1_out | {15 }
	Port: add3_1_out | {15 }
	Port: cos_coefficients_table | {}
	Port: sin_coefficients_table | {}
 - Input state : 
	Port: dft_Pipeline_VITIS_LOOP_24_21 : or_ln1 | {1 }
	Port: dft_Pipeline_VITIS_LOOP_24_21 : real_sample_0 | {1 2 3 4 5 }
	Port: dft_Pipeline_VITIS_LOOP_24_21 : real_sample_1 | {1 2 3 4 5 }
	Port: dft_Pipeline_VITIS_LOOP_24_21 : real_sample_2 | {1 2 3 4 5 }
	Port: dft_Pipeline_VITIS_LOOP_24_21 : real_sample_3 | {1 2 3 4 5 }
	Port: dft_Pipeline_VITIS_LOOP_24_21 : real_sample_4 | {1 2 3 4 5 }
	Port: dft_Pipeline_VITIS_LOOP_24_21 : real_sample_5 | {1 2 3 4 5 }
	Port: dft_Pipeline_VITIS_LOOP_24_21 : real_sample_6 | {1 2 3 4 5 }
	Port: dft_Pipeline_VITIS_LOOP_24_21 : real_sample_7 | {1 2 3 4 5 }
	Port: dft_Pipeline_VITIS_LOOP_24_21 : imag_sample_0 | {1 2 3 4 5 }
	Port: dft_Pipeline_VITIS_LOOP_24_21 : imag_sample_1 | {1 2 3 4 5 }
	Port: dft_Pipeline_VITIS_LOOP_24_21 : imag_sample_2 | {1 2 3 4 5 }
	Port: dft_Pipeline_VITIS_LOOP_24_21 : imag_sample_3 | {1 2 3 4 5 }
	Port: dft_Pipeline_VITIS_LOOP_24_21 : imag_sample_4 | {1 2 3 4 5 }
	Port: dft_Pipeline_VITIS_LOOP_24_21 : imag_sample_5 | {1 2 3 4 5 }
	Port: dft_Pipeline_VITIS_LOOP_24_21 : imag_sample_6 | {1 2 3 4 5 }
	Port: dft_Pipeline_VITIS_LOOP_24_21 : imag_sample_7 | {1 2 3 4 5 }
	Port: dft_Pipeline_VITIS_LOOP_24_21 : cos_coefficients_table | {2 3 4 5 6 7 8 9 10 }
	Port: dft_Pipeline_VITIS_LOOP_24_21 : sin_coefficients_table | {2 3 4 5 6 7 8 9 10 }
  - Chain level:
	State 1
		store_ln13 : 1
		store_ln0 : 1
		store_ln0 : 1
		j : 1
		tmp : 2
		br_ln24 : 3
		trunc_ln26 : 2
		trunc_ln24 : 2
		zext_ln13 : 3
		idx : 3
		real_sample_0_addr_8 : 4
		real_sample_0_load_8 : 5
		real_sample_1_addr_8 : 4
		real_sample_1_load_8 : 5
		real_sample_2_addr_8 : 4
		real_sample_2_load_8 : 5
		real_sample_3_addr_8 : 4
		real_sample_3_load_8 : 5
		real_sample_4_addr_8 : 4
		real_sample_4_load_8 : 5
		real_sample_5_addr_8 : 4
		real_sample_5_load_8 : 5
		real_sample_6_addr_8 : 4
		real_sample_6_load_8 : 5
		real_sample_7_addr_8 : 4
		real_sample_7_load_8 : 5
		imag_sample_0_addr_8 : 4
		imag_sample_0_load_8 : 5
		imag_sample_1_addr_8 : 4
		imag_sample_1_load_8 : 5
		imag_sample_2_addr_8 : 4
		imag_sample_2_load_8 : 5
		imag_sample_3_addr_8 : 4
		imag_sample_3_load_8 : 5
		imag_sample_4_addr_8 : 4
		imag_sample_4_load_8 : 5
		imag_sample_5_addr_8 : 4
		imag_sample_5_load_8 : 5
		imag_sample_6_addr_8 : 4
		imag_sample_6_load_8 : 5
		imag_sample_7_addr_8 : 4
		imag_sample_7_load_8 : 5
		tmp_s : 2
		or_ln26_7 : 3
		zext_ln26_7 : 4
		real_sample_0_addr_9 : 5
		real_sample_0_load_9 : 6
		real_sample_1_addr_9 : 5
		real_sample_1_load_9 : 6
		real_sample_2_addr_9 : 5
		real_sample_2_load_9 : 6
		real_sample_3_addr_9 : 5
		real_sample_3_load_9 : 6
		real_sample_4_addr_9 : 5
		real_sample_4_load_9 : 6
		real_sample_5_addr_9 : 5
		real_sample_5_load_9 : 6
		real_sample_6_addr_9 : 5
		real_sample_6_load_9 : 6
		real_sample_7_addr_9 : 5
		real_sample_7_load_9 : 6
		imag_sample_0_addr_9 : 5
		imag_sample_0_load_9 : 6
		imag_sample_1_addr_9 : 5
		imag_sample_1_load_9 : 6
		imag_sample_2_addr_9 : 5
		imag_sample_2_load_9 : 6
		imag_sample_3_addr_9 : 5
		imag_sample_3_load_9 : 6
		imag_sample_4_addr_9 : 5
		imag_sample_4_load_9 : 6
		imag_sample_5_addr_9 : 5
		imag_sample_5_load_9 : 6
		imag_sample_6_addr_9 : 5
		imag_sample_6_load_9 : 6
		imag_sample_7_addr_9 : 5
		imag_sample_7_load_9 : 6
	State 2
		cos_coefficients_table_addr_8 : 1
		c : 2
		sin_coefficients_table_addr_8 : 1
		s : 2
		bitcast_ln29_129 : 1
		bitcast_ln29_130 : 1
		bitcast_ln29_131 : 1
		bitcast_ln29_132 : 1
		bitcast_ln29_133 : 1
		bitcast_ln29_134 : 1
		bitcast_ln29_135 : 1
		bitcast_ln29_136 : 1
		tmp_15 : 2
		bitcast_ln29_137 : 1
		bitcast_ln29_138 : 1
		bitcast_ln29_139 : 1
		bitcast_ln29_140 : 1
		bitcast_ln29_141 : 1
		bitcast_ln29_142 : 1
		bitcast_ln29_143 : 1
		bitcast_ln29_144 : 1
		tmp_16 : 2
		bitcast_ln29_145 : 1
		bitcast_ln29_146 : 1
		bitcast_ln29_147 : 1
		bitcast_ln29_148 : 1
		bitcast_ln29_149 : 1
		bitcast_ln29_150 : 1
		bitcast_ln29_151 : 1
		bitcast_ln29_152 : 1
		tmp_17 : 2
		bitcast_ln29_153 : 1
		bitcast_ln29_154 : 1
		bitcast_ln29_155 : 1
		bitcast_ln29_156 : 1
		bitcast_ln29_157 : 1
		bitcast_ln29_158 : 1
		bitcast_ln29_159 : 1
		bitcast_ln29_160 : 1
		tmp_18 : 2
		or_ln26_8 : 1
		zext_ln26_8 : 2
		real_sample_0_addr_10 : 3
		real_sample_0_load_10 : 4
		real_sample_1_addr_10 : 3
		real_sample_1_load_10 : 4
		real_sample_2_addr_10 : 3
		real_sample_2_load_10 : 4
		real_sample_3_addr_10 : 3
		real_sample_3_load_10 : 4
		real_sample_4_addr_10 : 3
		real_sample_4_load_10 : 4
		real_sample_5_addr_10 : 3
		real_sample_5_load_10 : 4
		real_sample_6_addr_10 : 3
		real_sample_6_load_10 : 4
		real_sample_7_addr_10 : 3
		real_sample_7_load_10 : 4
		imag_sample_0_addr_10 : 3
		imag_sample_0_load_10 : 4
		imag_sample_1_addr_10 : 3
		imag_sample_1_load_10 : 4
		imag_sample_2_addr_10 : 3
		imag_sample_2_load_10 : 4
		imag_sample_3_addr_10 : 3
		imag_sample_3_load_10 : 4
		imag_sample_4_addr_10 : 3
		imag_sample_4_load_10 : 4
		imag_sample_5_addr_10 : 3
		imag_sample_5_load_10 : 4
		imag_sample_6_addr_10 : 3
		imag_sample_6_load_10 : 4
		imag_sample_7_addr_10 : 3
		imag_sample_7_load_10 : 4
		or_ln26_9 : 1
		zext_ln26_9 : 2
		real_sample_0_addr_11 : 3
		real_sample_0_load_11 : 4
		real_sample_1_addr_11 : 3
		real_sample_1_load_11 : 4
		real_sample_2_addr_11 : 3
		real_sample_2_load_11 : 4
		real_sample_3_addr_11 : 3
		real_sample_3_load_11 : 4
		real_sample_4_addr_11 : 3
		real_sample_4_load_11 : 4
		real_sample_5_addr_11 : 3
		real_sample_5_load_11 : 4
		real_sample_6_addr_11 : 3
		real_sample_6_load_11 : 4
		real_sample_7_addr_11 : 3
		real_sample_7_load_11 : 4
		imag_sample_0_addr_11 : 3
		imag_sample_0_load_11 : 4
		imag_sample_1_addr_11 : 3
		imag_sample_1_load_11 : 4
		imag_sample_2_addr_11 : 3
		imag_sample_2_load_11 : 4
		imag_sample_3_addr_11 : 3
		imag_sample_3_load_11 : 4
		imag_sample_4_addr_11 : 3
		imag_sample_4_load_11 : 4
		imag_sample_5_addr_11 : 3
		imag_sample_5_load_11 : 4
		imag_sample_6_addr_11 : 3
		imag_sample_6_load_11 : 4
		imag_sample_7_addr_11 : 3
		imag_sample_7_load_11 : 4
	State 3
		cos_coefficients_table_addr_9 : 1
		c_46 : 2
		sin_coefficients_table_addr_9 : 1
		s_46 : 2
		bitcast_ln29_161 : 1
		bitcast_ln29_162 : 1
		bitcast_ln29_163 : 1
		bitcast_ln29_164 : 1
		bitcast_ln29_165 : 1
		bitcast_ln29_166 : 1
		bitcast_ln29_167 : 1
		bitcast_ln29_168 : 1
		tmp_19 : 2
		bitcast_ln29_169 : 1
		bitcast_ln29_170 : 1
		bitcast_ln29_171 : 1
		bitcast_ln29_172 : 1
		bitcast_ln29_173 : 1
		bitcast_ln29_174 : 1
		bitcast_ln29_175 : 1
		bitcast_ln29_176 : 1
		tmp_20 : 2
		bitcast_ln29_177 : 1
		bitcast_ln29_178 : 1
		bitcast_ln29_179 : 1
		bitcast_ln29_180 : 1
		bitcast_ln29_181 : 1
		bitcast_ln29_182 : 1
		bitcast_ln29_183 : 1
		bitcast_ln29_184 : 1
		tmp_21 : 2
		bitcast_ln29_185 : 1
		bitcast_ln29_186 : 1
		bitcast_ln29_187 : 1
		bitcast_ln29_188 : 1
		bitcast_ln29_189 : 1
		bitcast_ln29_190 : 1
		bitcast_ln29_191 : 1
		bitcast_ln29_192 : 1
		tmp_22 : 2
		or_ln26_s : 1
		zext_ln26_10 : 2
		real_sample_0_addr_12 : 3
		real_sample_0_load_12 : 4
		real_sample_1_addr_12 : 3
		real_sample_1_load_12 : 4
		real_sample_2_addr_12 : 3
		real_sample_2_load_12 : 4
		real_sample_3_addr_12 : 3
		real_sample_3_load_12 : 4
		real_sample_4_addr_12 : 3
		real_sample_4_load_12 : 4
		real_sample_5_addr_12 : 3
		real_sample_5_load_12 : 4
		real_sample_6_addr_12 : 3
		real_sample_6_load_12 : 4
		real_sample_7_addr_12 : 3
		real_sample_7_load_12 : 4
		imag_sample_0_addr_12 : 3
		imag_sample_0_load_12 : 4
		imag_sample_1_addr_12 : 3
		imag_sample_1_load_12 : 4
		imag_sample_2_addr_12 : 3
		imag_sample_2_load_12 : 4
		imag_sample_3_addr_12 : 3
		imag_sample_3_load_12 : 4
		imag_sample_4_addr_12 : 3
		imag_sample_4_load_12 : 4
		imag_sample_5_addr_12 : 3
		imag_sample_5_load_12 : 4
		imag_sample_6_addr_12 : 3
		imag_sample_6_load_12 : 4
		imag_sample_7_addr_12 : 3
		imag_sample_7_load_12 : 4
		or_ln26_10 : 1
		zext_ln26_11 : 2
		real_sample_0_addr_13 : 3
		real_sample_0_load_13 : 4
		real_sample_1_addr_13 : 3
		real_sample_1_load_13 : 4
		real_sample_2_addr_13 : 3
		real_sample_2_load_13 : 4
		real_sample_3_addr_13 : 3
		real_sample_3_load_13 : 4
		real_sample_4_addr_13 : 3
		real_sample_4_load_13 : 4
		real_sample_5_addr_13 : 3
		real_sample_5_load_13 : 4
		real_sample_6_addr_13 : 3
		real_sample_6_load_13 : 4
		real_sample_7_addr_13 : 3
		real_sample_7_load_13 : 4
		imag_sample_0_addr_13 : 3
		imag_sample_0_load_13 : 4
		imag_sample_1_addr_13 : 3
		imag_sample_1_load_13 : 4
		imag_sample_2_addr_13 : 3
		imag_sample_2_load_13 : 4
		imag_sample_3_addr_13 : 3
		imag_sample_3_load_13 : 4
		imag_sample_4_addr_13 : 3
		imag_sample_4_load_13 : 4
		imag_sample_5_addr_13 : 3
		imag_sample_5_load_13 : 4
		imag_sample_6_addr_13 : 3
		imag_sample_6_load_13 : 4
		imag_sample_7_addr_13 : 3
		imag_sample_7_load_13 : 4
	State 4
		zext_ln27_10 : 1
		cos_coefficients_table_addr_10 : 2
		c_47 : 3
		sin_coefficients_table_addr_10 : 2
		s_47 : 3
		bitcast_ln29_193 : 1
		bitcast_ln29_194 : 1
		bitcast_ln29_195 : 1
		bitcast_ln29_196 : 1
		bitcast_ln29_197 : 1
		bitcast_ln29_198 : 1
		bitcast_ln29_199 : 1
		bitcast_ln29_200 : 1
		tmp_23 : 2
		bitcast_ln29_201 : 1
		bitcast_ln29_202 : 1
		bitcast_ln29_203 : 1
		bitcast_ln29_204 : 1
		bitcast_ln29_205 : 1
		bitcast_ln29_206 : 1
		bitcast_ln29_207 : 1
		bitcast_ln29_208 : 1
		tmp_24 : 2
		bitcast_ln29_209 : 1
		bitcast_ln29_210 : 1
		bitcast_ln29_211 : 1
		bitcast_ln29_212 : 1
		bitcast_ln29_213 : 1
		bitcast_ln29_214 : 1
		bitcast_ln29_215 : 1
		bitcast_ln29_216 : 1
		tmp_25 : 2
		bitcast_ln29_217 : 1
		bitcast_ln29_218 : 1
		bitcast_ln29_219 : 1
		bitcast_ln29_220 : 1
		bitcast_ln29_221 : 1
		bitcast_ln29_222 : 1
		bitcast_ln29_223 : 1
		bitcast_ln29_224 : 1
		tmp_26 : 2
		zext_ln26_12 : 1
		real_sample_0_addr_14 : 2
		real_sample_0_load_14 : 3
		real_sample_1_addr_14 : 2
		real_sample_1_load_14 : 3
		real_sample_2_addr_14 : 2
		real_sample_2_load_14 : 3
		real_sample_3_addr_14 : 2
		real_sample_3_load_14 : 3
		real_sample_4_addr_14 : 2
		real_sample_4_load_14 : 3
		real_sample_5_addr_14 : 2
		real_sample_5_load_14 : 3
		real_sample_6_addr_14 : 2
		real_sample_6_load_14 : 3
		real_sample_7_addr_14 : 2
		real_sample_7_load_14 : 3
		imag_sample_0_addr_14 : 2
		imag_sample_0_load_14 : 3
		imag_sample_1_addr_14 : 2
		imag_sample_1_load_14 : 3
		imag_sample_2_addr_14 : 2
		imag_sample_2_load_14 : 3
		imag_sample_3_addr_14 : 2
		imag_sample_3_load_14 : 3
		imag_sample_4_addr_14 : 2
		imag_sample_4_load_14 : 3
		imag_sample_5_addr_14 : 2
		imag_sample_5_load_14 : 3
		imag_sample_6_addr_14 : 2
		imag_sample_6_load_14 : 3
		imag_sample_7_addr_14 : 2
		imag_sample_7_load_14 : 3
		zext_ln26_13 : 1
		real_sample_0_addr_15 : 2
		real_sample_0_load_15 : 3
		real_sample_1_addr_15 : 2
		real_sample_1_load_15 : 3
		real_sample_2_addr_15 : 2
		real_sample_2_load_15 : 3
		real_sample_3_addr_15 : 2
		real_sample_3_load_15 : 3
		real_sample_4_addr_15 : 2
		real_sample_4_load_15 : 3
		real_sample_5_addr_15 : 2
		real_sample_5_load_15 : 3
		real_sample_6_addr_15 : 2
		real_sample_6_load_15 : 3
		real_sample_7_addr_15 : 2
		real_sample_7_load_15 : 3
		imag_sample_0_addr_15 : 2
		imag_sample_0_load_15 : 3
		imag_sample_1_addr_15 : 2
		imag_sample_1_load_15 : 3
		imag_sample_2_addr_15 : 2
		imag_sample_2_load_15 : 3
		imag_sample_3_addr_15 : 2
		imag_sample_3_load_15 : 3
		imag_sample_4_addr_15 : 2
		imag_sample_4_load_15 : 3
		imag_sample_5_addr_15 : 2
		imag_sample_5_load_15 : 3
		imag_sample_6_addr_15 : 2
		imag_sample_6_load_15 : 3
		imag_sample_7_addr_15 : 2
		imag_sample_7_load_15 : 3
	State 5
		zext_ln27_11 : 1
		cos_coefficients_table_addr_11 : 2
		c_48 : 3
		sin_coefficients_table_addr_11 : 2
		s_48 : 3
		bitcast_ln29_225 : 1
		bitcast_ln29_226 : 1
		bitcast_ln29_227 : 1
		bitcast_ln29_228 : 1
		bitcast_ln29_229 : 1
		bitcast_ln29_230 : 1
		bitcast_ln29_231 : 1
		bitcast_ln29_232 : 1
		tmp_27 : 2
		bitcast_ln29_233 : 1
		bitcast_ln29_234 : 1
		bitcast_ln29_235 : 1
		bitcast_ln29_236 : 1
		bitcast_ln29_237 : 1
		bitcast_ln29_238 : 1
		bitcast_ln29_239 : 1
		bitcast_ln29_240 : 1
		tmp_28 : 2
		bitcast_ln29_241 : 1
		bitcast_ln29_242 : 1
		bitcast_ln29_243 : 1
		bitcast_ln29_244 : 1
		bitcast_ln29_245 : 1
		bitcast_ln29_246 : 1
		bitcast_ln29_247 : 1
		bitcast_ln29_248 : 1
		tmp_29 : 2
		bitcast_ln29_249 : 1
		bitcast_ln29_250 : 1
		bitcast_ln29_251 : 1
		bitcast_ln29_252 : 1
		bitcast_ln29_253 : 1
		bitcast_ln29_254 : 1
		bitcast_ln29_255 : 1
		bitcast_ln29_256 : 1
		tmp_30 : 2
	State 6
		zext_ln27_12 : 1
		cos_coefficients_table_addr_12 : 2
		c_49 : 3
		sin_coefficients_table_addr_12 : 2
		s_49 : 3
	State 7
		zext_ln27_13 : 1
		cos_coefficients_table_addr_13 : 2
		c_50 : 3
		sin_coefficients_table_addr_13 : 2
		s_50 : 3
	State 8
		zext_ln27_14 : 1
		cos_coefficients_table_addr_14 : 2
		c_51 : 3
		sin_coefficients_table_addr_14 : 2
		s_51 : 3
		idx_52 : 1
	State 9
		cos_coefficients_table_addr_15 : 1
		c_52 : 2
		sin_coefficients_table_addr_15 : 1
		s_52 : 2
	State 10
	State 11
	State 12
	State 13
	State 14
		add_1 : 1
	State 15
		write_ln0 : 1
		write_ln0 : 1
	State 16
		add27_1 : 1
	State 17
	State 18
	State 19
	State 20
	State 21
	State 22
	State 23
	State 24
	State 25
	State 26
	State 27
	State 28
	State 29
	State 30
	State 31
	State 32
	State 33
	State 34
	State 35
	State 36
	State 37
	State 38
	State 39
	State 40
	State 41
		store_ln13 : 1
	State 42
	State 43
	State 44
	State 45
	State 46
	State 47
	State 48
	State 49
	State 50
	State 51
	State 52
	State 53
	State 54
	State 55
	State 56


============================================================
+ Verbose Summary: Datapath Resource usage 
============================================================

* Functional unit list:
|----------|-------------------------|---------|---------|---------|
| Operation|     Functional Unit     |   DSP   |    FF   |   LUT   |
|----------|-------------------------|---------|---------|---------|
|   fadd   |       grp_fu_1470       |    2    |   205   |   390   |
|          |       grp_fu_1474       |    2    |   205   |   390   |
|----------|-------------------------|---------|---------|---------|
|          |      tmp_15_fu_1709     |    0    |    0    |    42   |
|          |      tmp_16_fu_1781     |    0    |    0    |    42   |
|          |      tmp_17_fu_1857     |    0    |    0    |    42   |
|          |      tmp_18_fu_1929     |    0    |    0    |    42   |
|          |      tmp_19_fu_2071     |    0    |    0    |    42   |
|          |      tmp_20_fu_2142     |    0    |    0    |    42   |
|          |      tmp_21_fu_2213     |    0    |    0    |    42   |
| sparsemux|      tmp_22_fu_2284     |    0    |    0    |    42   |
|          |      tmp_23_fu_2441     |    0    |    0    |    42   |
|          |      tmp_24_fu_2512     |    0    |    0    |    42   |
|          |      tmp_25_fu_2583     |    0    |    0    |    42   |
|          |      tmp_26_fu_2654     |    0    |    0    |    42   |
|          |      tmp_27_fu_2789     |    0    |    0    |    42   |
|          |      tmp_28_fu_2860     |    0    |    0    |    42   |
|          |      tmp_29_fu_2931     |    0    |    0    |    42   |
|          |      tmp_30_fu_3002     |    0    |    0    |    42   |
|----------|-------------------------|---------|---------|---------|
|   fmul   |       grp_fu_1478       |    3    |   143   |   321   |
|----------|-------------------------|---------|---------|---------|
|          |      idx_46_fu_1821     |    0    |    0    |    13   |
|          |      idx_47_fu_2399     |    0    |    0    |    13   |
|          |      idx_48_fu_2747     |    0    |    0    |    13   |
|    add   |      idx_49_fu_3041     |    0    |    0    |    13   |
|          |      idx_50_fu_3051     |    0    |    0    |    13   |
|          |      idx_51_fu_3061     |    0    |    0    |    13   |
|          |      idx_52_fu_3071     |    0    |    0    |    13   |
|          |     add_ln24_fu_3089    |    0    |    0    |    12   |
|----------|-------------------------|---------|---------|---------|
|    mul   |       idx_fu_1619       |    0    |    0    |    63   |
|----------|-------------------------|---------|---------|---------|
|   read   | or_ln1_read_read_fu_144 |    0    |    0    |    0    |
|----------|-------------------------|---------|---------|---------|
|   write  |  write_ln0_write_fu_150 |    0    |    0    |    0    |
|          |  write_ln0_write_fu_157 |    0    |    0    |    0    |
|----------|-------------------------|---------|---------|---------|
| bitselect|       tmp_fu_1583       |    0    |    0    |    0    |
|          |      tmp_31_fu_2360     |    0    |    0    |    0    |
|----------|-------------------------|---------|---------|---------|
|   trunc  |    trunc_ln26_fu_1591   |    0    |    0    |    0    |
|          |    trunc_ln24_fu_1595   |    0    |    0    |    0    |
|----------|-------------------------|---------|---------|---------|
|          |    zext_ln13_fu_1599    |    0    |    0    |    0    |
|          |   zext_ln26_7_fu_1643   |    0    |    0    |    0    |
|          |   zext_ln27_8_fu_1672   |    0    |    0    |    0    |
|          |   zext_ln26_8_fu_1986   |    0    |    0    |    0    |
|          |   zext_ln26_9_fu_2014   |    0    |    0    |    0    |
|          |   zext_ln27_9_fu_2034   |    0    |    0    |    0    |
|          |   zext_ln26_10_fu_2340  |    0    |    0    |    0    |
|   zext   |   zext_ln26_11_fu_2379  |    0    |    0    |    0    |
|          |   zext_ln27_10_fu_2403  |    0    |    0    |    0    |
|          |   zext_ln26_12_fu_2700  |    0    |    0    |    0    |
|          |   zext_ln26_13_fu_2727  |    0    |    0    |    0    |
|          |   zext_ln27_11_fu_2751  |    0    |    0    |    0    |
|          |   zext_ln27_12_fu_3045  |    0    |    0    |    0    |
|          |   zext_ln27_13_fu_3055  |    0    |    0    |    0    |
|          |   zext_ln27_14_fu_3065  |    0    |    0    |    0    |
|          |   zext_ln27_15_fu_3076  |    0    |    0    |    0    |
|----------|-------------------------|---------|---------|---------|
|          |      tmp_s_fu_1625      |    0    |    0    |    0    |
|partselect|   trunc_ln13_2_fu_1663  |    0    |    0    |    0    |
|          |      tmp_78_fu_1969     |    0    |    0    |    0    |
|          |      tmp_79_fu_2323     |    0    |    0    |    0    |
|----------|-------------------------|---------|---------|---------|
|          |    or_ln26_7_fu_1635    |    0    |    0    |    0    |
|          |    or_ln26_8_fu_1978    |    0    |    0    |    0    |
|          |    or_ln26_9_fu_2006    |    0    |    0    |    0    |
|bitconcatenate|    or_ln26_s_fu_2332    |    0    |    0    |    0    |
|          |    or_ln26_10_fu_2367   |    0    |    0    |    0    |
|          |    or_ln26_11_fu_2693   |    0    |    0    |    0    |
|          |    or_ln26_12_fu_2720   |    0    |    0    |    0    |
|----------|-------------------------|---------|---------|---------|
|   Total  |                         |    7    |   553   |   1939  |
|----------|-------------------------|---------|---------|---------|

Memories:
N/A

* Register list:
+---------------------------------------+--------+
|                                       |   FF   |
+---------------------------------------+--------+
|         add274_1_load_reg_4088        |   32   |
|           add274_1_reg_3125           |   32   |
|          add3_1_load_reg_4083         |   32   |
|            add3_1_reg_3117            |   32   |
|             c_46_reg_3738             |   32   |
|             c_47_reg_3943             |   32   |
|             c_48_reg_3988             |   32   |
|             c_49_reg_4013             |   32   |
|             c_50_reg_4038             |   32   |
|             c_51_reg_4063             |   32   |
|cos_coefficients_table_addr_10_reg_3753|   10   |
|cos_coefficients_table_addr_11_reg_3958|   10   |
|cos_coefficients_table_addr_12_reg_4003|   10   |
|cos_coefficients_table_addr_13_reg_4028|   10   |
|cos_coefficients_table_addr_14_reg_4048|   10   |
|cos_coefficients_table_addr_15_reg_4068|   10   |
| cos_coefficients_table_addr_8_reg_3346|   10   |
| cos_coefficients_table_addr_9_reg_3542|   10   |
|            idx_46_reg_3366            |   10   |
|            idx_47_reg_3748            |   10   |
|            idx_48_reg_3953            |   10   |
|            idx_49_reg_3998            |   10   |
|            idx_50_reg_4023            |   10   |
|            idx_52_reg_4058            |   10   |
|              idx_reg_3164             |   10   |
|     imag_sample_0_addr_10_reg_3422    |    7   |
|     imag_sample_0_addr_11_reg_3502    |    7   |
|     imag_sample_0_addr_12_reg_3618    |    7   |
|     imag_sample_0_addr_13_reg_3698    |    7   |
|     imag_sample_0_addr_14_reg_3823    |    7   |
|     imag_sample_0_addr_15_reg_3903    |    7   |
|     imag_sample_0_addr_8_reg_3210     |    7   |
|     imag_sample_0_addr_9_reg_3290     |    7   |
|     imag_sample_1_addr_10_reg_3427    |    7   |
|     imag_sample_1_addr_11_reg_3507    |    7   |
|     imag_sample_1_addr_12_reg_3623    |    7   |
|     imag_sample_1_addr_13_reg_3703    |    7   |
|     imag_sample_1_addr_14_reg_3828    |    7   |
|     imag_sample_1_addr_15_reg_3908    |    7   |
|     imag_sample_1_addr_8_reg_3215     |    7   |
|     imag_sample_1_addr_9_reg_3295     |    7   |
|     imag_sample_2_addr_10_reg_3432    |    7   |
|     imag_sample_2_addr_11_reg_3512    |    7   |
|     imag_sample_2_addr_12_reg_3628    |    7   |
|     imag_sample_2_addr_13_reg_3708    |    7   |
|     imag_sample_2_addr_14_reg_3833    |    7   |
|     imag_sample_2_addr_15_reg_3913    |    7   |
|     imag_sample_2_addr_8_reg_3220     |    7   |
|     imag_sample_2_addr_9_reg_3300     |    7   |
|     imag_sample_3_addr_10_reg_3437    |    7   |
|     imag_sample_3_addr_11_reg_3517    |    7   |
|     imag_sample_3_addr_12_reg_3633    |    7   |
|     imag_sample_3_addr_13_reg_3713    |    7   |
|     imag_sample_3_addr_14_reg_3838    |    7   |
|     imag_sample_3_addr_15_reg_3918    |    7   |
|     imag_sample_3_addr_8_reg_3225     |    7   |
|     imag_sample_3_addr_9_reg_3305     |    7   |
|     imag_sample_4_addr_10_reg_3442    |    7   |
|     imag_sample_4_addr_11_reg_3522    |    7   |
|     imag_sample_4_addr_12_reg_3638    |    7   |
|     imag_sample_4_addr_13_reg_3718    |    7   |
|     imag_sample_4_addr_14_reg_3843    |    7   |
|     imag_sample_4_addr_15_reg_3923    |    7   |
|     imag_sample_4_addr_8_reg_3230     |    7   |
|     imag_sample_4_addr_9_reg_3310     |    7   |
|     imag_sample_5_addr_10_reg_3447    |    7   |
|     imag_sample_5_addr_11_reg_3527    |    7   |
|     imag_sample_5_addr_12_reg_3643    |    7   |
|     imag_sample_5_addr_13_reg_3723    |    7   |
|     imag_sample_5_addr_14_reg_3848    |    7   |
|     imag_sample_5_addr_15_reg_3928    |    7   |
|     imag_sample_5_addr_8_reg_3235     |    7   |
|     imag_sample_5_addr_9_reg_3315     |    7   |
|     imag_sample_6_addr_10_reg_3452    |    7   |
|     imag_sample_6_addr_11_reg_3532    |    7   |
|     imag_sample_6_addr_12_reg_3648    |    7   |
|     imag_sample_6_addr_13_reg_3728    |    7   |
|     imag_sample_6_addr_14_reg_3853    |    7   |
|     imag_sample_6_addr_15_reg_3933    |    7   |
|     imag_sample_6_addr_8_reg_3240     |    7   |
|     imag_sample_6_addr_9_reg_3320     |    7   |
|     imag_sample_7_addr_10_reg_3457    |    7   |
|     imag_sample_7_addr_11_reg_3537    |    7   |
|     imag_sample_7_addr_12_reg_3653    |    7   |
|     imag_sample_7_addr_13_reg_3733    |    7   |
|     imag_sample_7_addr_14_reg_3858    |    7   |
|     imag_sample_7_addr_15_reg_3938    |    7   |
|     imag_sample_7_addr_8_reg_3245     |    7   |
|     imag_sample_7_addr_9_reg_3325     |    7   |
|              j_1_reg_3133             |   11   |
|               j_reg_3151              |   11   |
|          or_ln1_read_reg_3140         |   10   |
|     real_sample_0_addr_10_reg_3382    |    7   |
|     real_sample_0_addr_11_reg_3462    |    7   |
|     real_sample_0_addr_12_reg_3578    |    7   |
|     real_sample_0_addr_13_reg_3658    |    7   |
|     real_sample_0_addr_14_reg_3783    |    7   |
|     real_sample_0_addr_15_reg_3863    |    7   |
|     real_sample_0_addr_8_reg_3170     |    7   |
|     real_sample_0_addr_9_reg_3250     |    7   |
|     real_sample_1_addr_10_reg_3387    |    7   |
|     real_sample_1_addr_11_reg_3467    |    7   |
|     real_sample_1_addr_12_reg_3583    |    7   |
|     real_sample_1_addr_13_reg_3663    |    7   |
|     real_sample_1_addr_14_reg_3788    |    7   |
|     real_sample_1_addr_15_reg_3868    |    7   |
|     real_sample_1_addr_8_reg_3175     |    7   |
|     real_sample_1_addr_9_reg_3255     |    7   |
|     real_sample_2_addr_10_reg_3392    |    7   |
|     real_sample_2_addr_11_reg_3472    |    7   |
|     real_sample_2_addr_12_reg_3588    |    7   |
|     real_sample_2_addr_13_reg_3668    |    7   |
|     real_sample_2_addr_14_reg_3793    |    7   |
|     real_sample_2_addr_15_reg_3873    |    7   |
|     real_sample_2_addr_8_reg_3180     |    7   |
|     real_sample_2_addr_9_reg_3260     |    7   |
|     real_sample_3_addr_10_reg_3397    |    7   |
|     real_sample_3_addr_11_reg_3477    |    7   |
|     real_sample_3_addr_12_reg_3593    |    7   |
|     real_sample_3_addr_13_reg_3673    |    7   |
|     real_sample_3_addr_14_reg_3798    |    7   |
|     real_sample_3_addr_15_reg_3878    |    7   |
|     real_sample_3_addr_8_reg_3185     |    7   |
|     real_sample_3_addr_9_reg_3265     |    7   |
|     real_sample_4_addr_10_reg_3402    |    7   |
|     real_sample_4_addr_11_reg_3482    |    7   |
|     real_sample_4_addr_12_reg_3598    |    7   |
|     real_sample_4_addr_13_reg_3678    |    7   |
|     real_sample_4_addr_14_reg_3803    |    7   |
|     real_sample_4_addr_15_reg_3883    |    7   |
|     real_sample_4_addr_8_reg_3190     |    7   |
|     real_sample_4_addr_9_reg_3270     |    7   |
|     real_sample_5_addr_10_reg_3407    |    7   |
|     real_sample_5_addr_11_reg_3487    |    7   |
|     real_sample_5_addr_12_reg_3603    |    7   |
|     real_sample_5_addr_13_reg_3683    |    7   |
|     real_sample_5_addr_14_reg_3808    |    7   |
|     real_sample_5_addr_15_reg_3888    |    7   |
|     real_sample_5_addr_8_reg_3195     |    7   |
|     real_sample_5_addr_9_reg_3275     |    7   |
|     real_sample_6_addr_10_reg_3412    |    7   |
|     real_sample_6_addr_11_reg_3492    |    7   |
|     real_sample_6_addr_12_reg_3608    |    7   |
|     real_sample_6_addr_13_reg_3688    |    7   |
|     real_sample_6_addr_14_reg_3813    |    7   |
|     real_sample_6_addr_15_reg_3893    |    7   |
|     real_sample_6_addr_8_reg_3200     |    7   |
|     real_sample_6_addr_9_reg_3280     |    7   |
|     real_sample_7_addr_10_reg_3417    |    7   |
|     real_sample_7_addr_11_reg_3497    |    7   |
|     real_sample_7_addr_12_reg_3613    |    7   |
|     real_sample_7_addr_13_reg_3693    |    7   |
|     real_sample_7_addr_14_reg_3818    |    7   |
|     real_sample_7_addr_15_reg_3898    |    7   |
|     real_sample_7_addr_8_reg_3205     |    7   |
|     real_sample_7_addr_9_reg_3285     |    7   |
|                reg_1482               |   32   |
|                reg_1487               |   32   |
|                reg_1492               |   32   |
|                reg_1498               |   32   |
|                reg_1504               |   32   |
|                reg_1510               |   32   |
|                reg_1516               |   32   |
|                reg_1522               |   32   |
|                reg_1528               |   32   |
|                reg_1534               |   32   |
|                reg_1540               |   32   |
|                reg_1545               |   32   |
|                reg_1550               |   32   |
|                reg_1555               |   32   |
|                reg_1560               |   32   |
|             s_46_reg_3743             |   32   |
|             s_47_reg_3948             |   32   |
|             s_48_reg_3993             |   32   |
|             s_49_reg_4018             |   32   |
|             s_50_reg_4043             |   32   |
|             s_52_reg_4078             |   32   |
|sin_coefficients_table_addr_10_reg_3758|   10   |
|sin_coefficients_table_addr_11_reg_3963|   10   |
|sin_coefficients_table_addr_12_reg_4008|   10   |
|sin_coefficients_table_addr_13_reg_4033|   10   |
|sin_coefficients_table_addr_14_reg_4053|   10   |
|sin_coefficients_table_addr_15_reg_4073|   10   |
| sin_coefficients_table_addr_8_reg_3351|   10   |
| sin_coefficients_table_addr_9_reg_3547|   10   |
|            tmp_15_reg_3356            |   32   |
|            tmp_16_reg_3361            |   32   |
|            tmp_17_reg_3372            |   32   |
|            tmp_18_reg_3377            |   32   |
|            tmp_19_reg_3552            |   32   |
|            tmp_20_reg_3557            |   32   |
|            tmp_21_reg_3562            |   32   |
|            tmp_22_reg_3567            |   32   |
|            tmp_23_reg_3763            |   32   |
|            tmp_24_reg_3768            |   32   |
|            tmp_25_reg_3773            |   32   |
|            tmp_26_reg_3778            |   32   |
|            tmp_27_reg_3968            |   32   |
|            tmp_28_reg_3973            |   32   |
|            tmp_29_reg_3978            |   32   |
|            tmp_30_reg_3983            |   32   |
|            tmp_79_reg_3572            |    4   |
|              tmp_reg_3160             |    1   |
|         trunc_ln13_2_reg_3330         |    3   |
+---------------------------------------+--------+
|                 Total                 |  2670  |
+---------------------------------------+--------+

* Multiplexer (MUX) list: 
|-------------------|------|------|------|--------||---------||---------||---------|
|        Comp       |  Pin | Size |  BW  | S x BW ||  Delay  ||    FF   ||   LUT   |
|-------------------|------|------|------|--------||---------||---------||---------|
| grp_access_fu_171 |  p0  |   8  |   7  |   56   ||    0    ||    42   |
| grp_access_fu_171 |  p2  |   8  |   0  |    0   ||    0    ||    42   |
| grp_access_fu_188 |  p0  |   8  |   7  |   56   ||    0    ||    42   |
| grp_access_fu_188 |  p2  |   8  |   0  |    0   ||    0    ||    42   |
| grp_access_fu_205 |  p0  |   8  |   7  |   56   ||    0    ||    42   |
| grp_access_fu_205 |  p2  |   8  |   0  |    0   ||    0    ||    42   |
| grp_access_fu_222 |  p0  |   8  |   7  |   56   ||    0    ||    42   |
| grp_access_fu_222 |  p2  |   8  |   0  |    0   ||    0    ||    42   |
| grp_access_fu_239 |  p0  |   8  |   7  |   56   ||    0    ||    42   |
| grp_access_fu_239 |  p2  |   8  |   0  |    0   ||    0    ||    42   |
| grp_access_fu_256 |  p0  |   8  |   7  |   56   ||    0    ||    42   |
| grp_access_fu_256 |  p2  |   8  |   0  |    0   ||    0    ||    42   |
| grp_access_fu_273 |  p0  |   8  |   7  |   56   ||    0    ||    42   |
| grp_access_fu_273 |  p2  |   8  |   0  |    0   ||    0    ||    42   |
| grp_access_fu_290 |  p0  |   8  |   7  |   56   ||    0    ||    42   |
| grp_access_fu_290 |  p2  |   8  |   0  |    0   ||    0    ||    42   |
| grp_access_fu_307 |  p0  |   8  |   7  |   56   ||    0    ||    42   |
| grp_access_fu_307 |  p2  |   8  |   0  |    0   ||    0    ||    42   |
| grp_access_fu_324 |  p0  |   8  |   7  |   56   ||    0    ||    42   |
| grp_access_fu_324 |  p2  |   8  |   0  |    0   ||    0    ||    42   |
| grp_access_fu_341 |  p0  |   8  |   7  |   56   ||    0    ||    42   |
| grp_access_fu_341 |  p2  |   8  |   0  |    0   ||    0    ||    42   |
| grp_access_fu_358 |  p0  |   8  |   7  |   56   ||    0    ||    42   |
| grp_access_fu_358 |  p2  |   8  |   0  |    0   ||    0    ||    42   |
| grp_access_fu_375 |  p0  |   8  |   7  |   56   ||    0    ||    42   |
| grp_access_fu_375 |  p2  |   8  |   0  |    0   ||    0    ||    42   |
| grp_access_fu_392 |  p0  |   8  |   7  |   56   ||    0    ||    42   |
| grp_access_fu_392 |  p2  |   8  |   0  |    0   ||    0    ||    42   |
| grp_access_fu_409 |  p0  |   8  |   7  |   56   ||    0    ||    42   |
| grp_access_fu_409 |  p2  |   8  |   0  |    0   ||    0    ||    42   |
| grp_access_fu_426 |  p0  |   8  |   7  |   56   ||    0    ||    42   |
| grp_access_fu_426 |  p2  |   8  |   0  |    0   ||    0    ||    42   |
| grp_access_fu_571 |  p0  |  16  |  10  |   160  ||    0    ||    65   |
| grp_access_fu_584 |  p0  |  16  |  10  |   160  ||    0    ||    65   |
|    grp_fu_1470    |  p0  |   9  |  32  |   288  ||    0    ||    48   |
|    grp_fu_1470    |  p1  |  10  |  32  |   320  ||    0    ||    53   |
|    grp_fu_1474    |  p0  |   3  |  32  |   96   ||    0    ||    14   |
|    grp_fu_1474    |  p1  |   3  |  32  |   96   ||    0    ||    14   |
|    grp_fu_1478    |  p0  |  16  |  32  |   512  ||    0    ||    65   |
|    grp_fu_1478    |  p1  |  14  |  32  |   448  ||    0    ||    65   |
|-------------------|------|------|------|--------||---------||---------||---------|
|       Total       |      |      |      |  2976  || 90.7162 ||    0    ||   1733  |
|-------------------|------|------|------|--------||---------||---------||---------|



* Summary:
+-----------+--------+--------+--------+--------+
|           |   DSP  |  Delay |   FF   |   LUT  |
+-----------+--------+--------+--------+--------+
|  Function |    7   |    -   |   553  |  1939  |
|   Memory  |    -   |    -   |    -   |    -   |
|Multiplexer|    -   |   90   |    0   |  1733  |
|  Register |    -   |    -   |  2670  |    -   |
+-----------+--------+--------+--------+--------+
|   Total   |    7   |   90   |  3223  |  3672  |
+-----------+--------+--------+--------+--------+
