

================================================================
== Vitis HLS Report for 'sin_or_cos_double_s'
================================================================
* Date:           Tue Nov  4 15:33:44 2025

* Version:        2024.2 (Build 5238294 on Nov  8 2024)
* Project:        dft.comp
* Solution:       hls (Vivado IP Flow Target)
* Product family: zynq
* Target device:  xc7z020-clg400-1


================================================================
== Performance Estimates
================================================================
+ Timing: 
    * Summary: 
    +--------+----------+----------+------------+
    |  Clock |  Target  | Estimated| Uncertainty|
    +--------+----------+----------+------------+
    |ap_clk  |  10.00 ns|  7.186 ns|     2.70 ns|
    +--------+----------+----------+------------+

+ Latency: 
    * Summary: 
    +---------+---------+----------+----------+-----+-----+---------+
    |  Latency (cycles) |  Latency (absolute) |  Interval | Pipeline|
    |   min   |   max   |    min   |    max   | min | max |   Type  |
    +---------+---------+----------+----------+-----+-----+---------+
    |       56|       62|  0.560 us|  0.620 us|   56|   62|       no|
    +---------+---------+----------+----------+-----+-----+---------+

    + Detail: 
        * Instance: 
        +-----------------------------------------+------------------------------+---------+---------+-----------+-----------+-----+-----+------------------------------------------------+
        |                                         |                              |  Latency (cycles) |   Latency (absolute)  |  Interval |                    Pipeline                    |
        |                 Instance                |            Module            |   min   |   max   |    min    |    max    | min | max |                      Type                      |
        +-----------------------------------------+------------------------------+---------+---------+-----------+-----------+-----+-----+------------------------------------------------+
        |grp_sin_or_cos_double_Pipeline_1_fu_372  |sin_or_cos_double_Pipeline_1  |        5|        5|  50.000 ns|  50.000 ns|    4|    4|  loop auto-rewind stp (delay=0 clock cycles(s))|
        |grp_sin_or_cos_double_Pipeline_2_fu_379  |sin_or_cos_double_Pipeline_2  |        5|        5|  50.000 ns|  50.000 ns|    4|    4|  loop auto-rewind stp (delay=0 clock cycles(s))|
        |grp_sin_or_cos_double_Pipeline_3_fu_390  |sin_or_cos_double_Pipeline_3  |        6|        6|  60.000 ns|  60.000 ns|    5|    5|  loop auto-rewind stp (delay=0 clock cycles(s))|
        |grp_sin_or_cos_double_Pipeline_4_fu_402  |sin_or_cos_double_Pipeline_4  |        4|       10|  40.000 ns|   0.100 us|    2|    8|  loop auto-rewind stp (delay=0 clock cycles(s))|
        +-----------------------------------------+------------------------------+---------+---------+-----------+-----------+-----+-----+------------------------------------------------+

        * Loop: 
        N/A

============================================================
+ Verbose Summary: Synthesis Manager
============================================================
InlineROM: 1
ExposeGlobal: 0
============================================================
+ Verbose Summary: CDFG Model
============================================================
IsTopModel: 0
ResetActiveHigh: 1
IsCombinational: 0
IsDatapathOnly: 0
HasWiredReturn: 1
HasMFsm: 0
HasVarLatency: 1
IsPipeline: 0
IsRtlPipelined: 0
IsInstanceOverlapped: 0
IsDontTouch: 0
HasImplIP: 0
IsGatedGlobalClock: 0


============================================================
+ Verbose Summary: Schedule
============================================================
* Number of FSM states : 37
* Pipeline : 0
* Dataflow Pipeline: 0

* FSM state transitions: 
1 --> 2 
2 --> 3 
3 --> 4 
4 --> 5 
5 --> 6 
6 --> 7 
7 --> 8 
8 --> 9 
9 --> 10 
10 --> 11 
11 --> 12 
12 --> 13 
13 --> 14 
14 --> 15 
15 --> 16 
16 --> 17 
17 --> 18 
18 --> 19 
19 --> 20 
20 --> 21 
21 --> 22 
22 --> 23 
23 --> 24 
24 --> 25 
25 --> 26 
26 --> 27 
27 --> 28 
28 --> 29 
29 --> 30 
30 --> 31 
31 --> 32 
32 --> 33 
33 --> 34 
34 --> 35 
35 --> 36 
36 --> 37 
37 --> 

* FSM state operations: 

State 1 <SV = 0> <Delay = 5.58>
ST_1 : Operation 38 [1/1] (0.00ns)   --->   "%t_in_read = read i64 @_ssdm_op_Read.ap_auto.double, i64 %t_in"   --->   Operation 38 'read' 't_in_read' <Predicate = true> <Delay = 0.00>
ST_1 : Operation 39 [1/1] (0.00ns)   --->   "%in_shift_loc = alloca i64 1"   --->   Operation 39 'alloca' 'in_shift_loc' <Predicate = true> <Delay = 0.00>
ST_1 : Operation 40 [1/1] (0.00ns)   --->   "%shift_1_loc = alloca i64 1"   --->   Operation 40 'alloca' 'shift_1_loc' <Predicate = true> <Delay = 0.00>
ST_1 : Operation 41 [1/1] (0.00ns)   --->   "%c_loc = alloca i64 1"   --->   Operation 41 'alloca' 'c_loc' <Predicate = true> <Delay = 0.00>
ST_1 : Operation 42 [1/1] (0.00ns)   --->   "%c_1_loc = alloca i64 1"   --->   Operation 42 'alloca' 'c_1_loc' <Predicate = true> <Delay = 0.00>
ST_1 : Operation 43 [1/1] (0.00ns)   --->   "%c_2_loc = alloca i64 1"   --->   Operation 43 'alloca' 'c_2_loc' <Predicate = true> <Delay = 0.00>
ST_1 : Operation 44 [1/1] (0.00ns)   --->   "%c_3_loc = alloca i64 1"   --->   Operation 44 'alloca' 'c_3_loc' <Predicate = true> <Delay = 0.00>
ST_1 : Operation 45 [1/1] (0.00ns)   --->   "%out_bits_7_loc = alloca i64 1"   --->   Operation 45 'alloca' 'out_bits_7_loc' <Predicate = true> <Delay = 0.00>
ST_1 : Operation 46 [1/1] (0.00ns)   --->   "%out_bits_8_loc = alloca i64 1"   --->   Operation 46 'alloca' 'out_bits_8_loc' <Predicate = true> <Delay = 0.00>
ST_1 : Operation 47 [1/1] (0.00ns)   --->   "%out_bits_9_loc = alloca i64 1"   --->   Operation 47 'alloca' 'out_bits_9_loc' <Predicate = true> <Delay = 0.00>
ST_1 : Operation 48 [1/1] (0.00ns)   --->   "%out_bits_3_loc = alloca i64 1"   --->   Operation 48 'alloca' 'out_bits_3_loc' <Predicate = true> <Delay = 0.00>
ST_1 : Operation 49 [1/1] (0.00ns)   --->   "%out_bits_4_loc = alloca i64 1"   --->   Operation 49 'alloca' 'out_bits_4_loc' <Predicate = true> <Delay = 0.00>
ST_1 : Operation 50 [1/1] (0.00ns)   --->   "%out_bits_5_loc = alloca i64 1"   --->   Operation 50 'alloca' 'out_bits_5_loc' <Predicate = true> <Delay = 0.00>
ST_1 : Operation 51 [1/1] (0.00ns)   --->   "%data = bitcast i64 %t_in_read" [/wrk/ci/prod/2024.2/hls_product/continuous/495/2024.2/src/shared/hls/clib/src/hls/utils/x_hls_utils.h:459->/wrk/ci/prod/2024.2/hls_product/continuous/495/2024.2/src/shared/hls/clib/hlsmath/include/FloatingPoint/hls_hotbm.h:223]   --->   Operation 51 'bitcast' 'data' <Predicate = true> <Delay = 0.00>
ST_1 : Operation 52 [1/1] (0.00ns)   --->   "%din_sign = bitselect i1 @_ssdm_op_BitSelect.i1.i64.i32, i64 %data, i32 63" [/wrk/ci/prod/2024.2/hls_product/continuous/495/2024.2/src/shared/hls/clib/src/hls/utils/x_hls_utils.h:460->/wrk/ci/prod/2024.2/hls_product/continuous/495/2024.2/src/shared/hls/clib/hlsmath/include/FloatingPoint/hls_hotbm.h:223]   --->   Operation 52 'bitselect' 'din_sign' <Predicate = true> <Delay = 0.00>
ST_1 : Operation 53 [1/1] (0.00ns)   --->   "%din_exp = partselect i11 @_ssdm_op_PartSelect.i11.i64.i32, i64 %data, i32 52" [/wrk/ci/prod/2024.2/hls_product/continuous/495/2024.2/src/shared/hls/clib/src/hls/utils/x_hls_utils.h:461->/wrk/ci/prod/2024.2/hls_product/continuous/495/2024.2/src/shared/hls/clib/hlsmath/include/FloatingPoint/hls_hotbm.h:223]   --->   Operation 53 'partselect' 'din_exp' <Predicate = true> <Delay = 0.00>
ST_1 : Operation 54 [1/1] (0.00ns)   --->   "%din_sig = trunc i64 %data" [/wrk/ci/prod/2024.2/hls_product/continuous/495/2024.2/src/shared/hls/clib/src/hls/utils/x_hls_utils.h:462->/wrk/ci/prod/2024.2/hls_product/continuous/495/2024.2/src/shared/hls/clib/hlsmath/include/FloatingPoint/hls_hotbm.h:223]   --->   Operation 54 'trunc' 'din_sig' <Predicate = true> <Delay = 0.00>
ST_1 : Operation 55 [1/1] (1.63ns)   --->   "%closepath = icmp_ult  i11 %din_exp, i11 1022" [/wrk/ci/prod/2024.2/hls_product/continuous/495/2024.2/src/shared/hls/clib/hlsmath/include/FloatingPoint/hls_range_redux.h:451->/wrk/ci/prod/2024.2/hls_product/continuous/495/2024.2/src/shared/hls/clib/hlsmath/include/FloatingPoint/hls_hotbm.h:239]   --->   Operation 55 'icmp' 'closepath' <Predicate = true> <Delay = 1.63> <CoreInst = "Cmp">   --->   Core 9 'Cmp' <Latency = 0> <II = 1> <Delay = 1.63> <FuncUnit> <Opcode : 'seteq' 'setne' 'setle' 'setge' 'setlt' 'setgt'> <InPorts = 2> <OutPorts = 1>
ST_1 : Operation 56 [1/1] (1.63ns)   --->   "%add_ln396 = add i11 %din_exp, i11 1101" [/wrk/ci/prod/2024.2/hls_product/continuous/495/2024.2/src/shared/hls/clib/hlsmath/include/FloatingPoint/hls_range_redux.h:396->/wrk/ci/prod/2024.2/hls_product/continuous/495/2024.2/src/shared/hls/clib/hlsmath/include/FloatingPoint/hls_range_redux.h:467->/wrk/ci/prod/2024.2/hls_product/continuous/495/2024.2/src/shared/hls/clib/hlsmath/include/FloatingPoint/hls_hotbm.h:239]   --->   Operation 56 'add' 'add_ln396' <Predicate = true> <Delay = 1.63> <CoreInst = "Adder">   --->   Core 1 'Adder' <Latency = 0> <II = 1> <Delay = 1.63> <FuncUnit> <Opcode : 'add' 'sub'> <InPorts = 2> <OutPorts = 1>
ST_1 : Operation 57 [1/1] (0.69ns)   --->   "%addr = select i1 %closepath, i11 74, i11 %add_ln396" [/wrk/ci/prod/2024.2/hls_product/continuous/495/2024.2/src/shared/hls/clib/hlsmath/include/FloatingPoint/hls_range_redux.h:396->/wrk/ci/prod/2024.2/hls_product/continuous/495/2024.2/src/shared/hls/clib/hlsmath/include/FloatingPoint/hls_range_redux.h:467->/wrk/ci/prod/2024.2/hls_product/continuous/495/2024.2/src/shared/hls/clib/hlsmath/include/FloatingPoint/hls_hotbm.h:239]   --->   Operation 57 'select' 'addr' <Predicate = true> <Delay = 0.69> <CoreInst = "Sel">   --->   Core 73 'Sel' <Latency = 0> <II = 1> <Delay = 0.69> <FuncUnit> <Opcode : 'select'> <InPorts = 3> <OutPorts = 1>
ST_1 : Operation 58 [1/1] (0.00ns)   --->   "%tmp_2 = partselect i4 @_ssdm_op_PartSelect.i4.i11.i32.i32, i11 %addr, i32 7, i32 10" [/wrk/ci/prod/2024.2/hls_product/continuous/495/2024.2/src/shared/hls/clib/hlsmath/include/FloatingPoint/hls_range_redux.h:397->/wrk/ci/prod/2024.2/hls_product/continuous/495/2024.2/src/shared/hls/clib/hlsmath/include/FloatingPoint/hls_range_redux.h:467->/wrk/ci/prod/2024.2/hls_product/continuous/495/2024.2/src/shared/hls/clib/hlsmath/include/FloatingPoint/hls_hotbm.h:239]   --->   Operation 58 'partselect' 'tmp_2' <Predicate = true> <Delay = 0.00>
ST_1 : Operation 59 [1/1] (0.00ns)   --->   "%zext_ln397 = zext i4 %tmp_2" [/wrk/ci/prod/2024.2/hls_product/continuous/495/2024.2/src/shared/hls/clib/hlsmath/include/FloatingPoint/hls_range_redux.h:397->/wrk/ci/prod/2024.2/hls_product/continuous/495/2024.2/src/shared/hls/clib/hlsmath/include/FloatingPoint/hls_range_redux.h:467->/wrk/ci/prod/2024.2/hls_product/continuous/495/2024.2/src/shared/hls/clib/hlsmath/include/FloatingPoint/hls_hotbm.h:239]   --->   Operation 59 'zext' 'zext_ln397' <Predicate = true> <Delay = 0.00>
ST_1 : Operation 60 [1/1] (0.00ns)   --->   "%ref_4oPi_table_256_addr = getelementptr i256 %ref_4oPi_table_256, i64 0, i64 %zext_ln397" [/wrk/ci/prod/2024.2/hls_product/continuous/495/2024.2/src/shared/hls/clib/hlsmath/include/FloatingPoint/hls_range_redux.h:397->/wrk/ci/prod/2024.2/hls_product/continuous/495/2024.2/src/shared/hls/clib/hlsmath/include/FloatingPoint/hls_range_redux.h:467->/wrk/ci/prod/2024.2/hls_product/continuous/495/2024.2/src/shared/hls/clib/hlsmath/include/FloatingPoint/hls_hotbm.h:239]   --->   Operation 60 'getelementptr' 'ref_4oPi_table_256_addr' <Predicate = true> <Delay = 0.00>
ST_1 : Operation 61 [2/2] (3.25ns)   --->   "%table_256 = load i4 %ref_4oPi_table_256_addr" [/wrk/ci/prod/2024.2/hls_product/continuous/495/2024.2/src/shared/hls/clib/hlsmath/include/FloatingPoint/hls_range_redux.h:397->/wrk/ci/prod/2024.2/hls_product/continuous/495/2024.2/src/shared/hls/clib/hlsmath/include/FloatingPoint/hls_range_redux.h:467->/wrk/ci/prod/2024.2/hls_product/continuous/495/2024.2/src/shared/hls/clib/hlsmath/include/FloatingPoint/hls_hotbm.h:239]   --->   Operation 61 'load' 'table_256' <Predicate = true> <Delay = 3.25> <CoreInst = "ROM">   --->   Core 94 'ROM' <Latency = 1> <II = 1> <Delay = 3.25> <Storage> <Opcode : 'load'> <Ports = 0> <Width = 256> <Depth = 10> <ROM>
ST_1 : Operation 62 [1/1] (0.00ns)   --->   "%trunc_ln398 = trunc i11 %addr" [/wrk/ci/prod/2024.2/hls_product/continuous/495/2024.2/src/shared/hls/clib/hlsmath/include/FloatingPoint/hls_range_redux.h:398->/wrk/ci/prod/2024.2/hls_product/continuous/495/2024.2/src/shared/hls/clib/hlsmath/include/FloatingPoint/hls_range_redux.h:467->/wrk/ci/prod/2024.2/hls_product/continuous/495/2024.2/src/shared/hls/clib/hlsmath/include/FloatingPoint/hls_hotbm.h:239]   --->   Operation 62 'trunc' 'trunc_ln398' <Predicate = true> <Delay = 0.00>
ST_1 : Operation 63 [2/2] (0.00ns)   --->   "%call_ln0 = call void @sin_or_cos<double>_Pipeline_1, i32 %out_bits_5_loc, i32 %out_bits_4_loc, i32 %out_bits_3_loc"   --->   Operation 63 'call' 'call_ln0' <Predicate = true> <Delay = 0.00> <CoreType = "Generic">   --->   Generic Core

State 2 <SV = 1> <Delay = 4.74>
ST_2 : Operation 64 [1/2] ( I:3.25ns O:3.25ns )   --->   "%table_256 = load i4 %ref_4oPi_table_256_addr" [/wrk/ci/prod/2024.2/hls_product/continuous/495/2024.2/src/shared/hls/clib/hlsmath/include/FloatingPoint/hls_range_redux.h:397->/wrk/ci/prod/2024.2/hls_product/continuous/495/2024.2/src/shared/hls/clib/hlsmath/include/FloatingPoint/hls_range_redux.h:467->/wrk/ci/prod/2024.2/hls_product/continuous/495/2024.2/src/shared/hls/clib/hlsmath/include/FloatingPoint/hls_hotbm.h:239]   --->   Operation 64 'load' 'table_256' <Predicate = true> <Delay = 3.25> <CoreInst = "ROM">   --->   Core 94 'ROM' <Latency = 1> <II = 1> <Delay = 3.25> <Storage> <Opcode : 'load'> <Ports = 0> <Width = 256> <Depth = 10> <ROM>
ST_2 : Operation 65 [1/2] (4.74ns)   --->   "%call_ln0 = call void @sin_or_cos<double>_Pipeline_1, i32 %out_bits_5_loc, i32 %out_bits_4_loc, i32 %out_bits_3_loc"   --->   Operation 65 'call' 'call_ln0' <Predicate = true> <Delay = 4.74> <CoreType = "Generic">   --->   Generic Core

State 3 <SV = 2> <Delay = 4.94>
ST_3 : Operation 66 [1/1] (0.00ns)   --->   "%zext_ln398 = zext i7 %trunc_ln398" [/wrk/ci/prod/2024.2/hls_product/continuous/495/2024.2/src/shared/hls/clib/hlsmath/include/FloatingPoint/hls_range_redux.h:398->/wrk/ci/prod/2024.2/hls_product/continuous/495/2024.2/src/shared/hls/clib/hlsmath/include/FloatingPoint/hls_range_redux.h:467->/wrk/ci/prod/2024.2/hls_product/continuous/495/2024.2/src/shared/hls/clib/hlsmath/include/FloatingPoint/hls_hotbm.h:239]   --->   Operation 66 'zext' 'zext_ln398' <Predicate = true> <Delay = 0.00>
ST_3 : Operation 67 [1/1] (4.94ns)   --->   "%shl_ln398 = shl i256 %table_256, i256 %zext_ln398" [/wrk/ci/prod/2024.2/hls_product/continuous/495/2024.2/src/shared/hls/clib/hlsmath/include/FloatingPoint/hls_range_redux.h:398->/wrk/ci/prod/2024.2/hls_product/continuous/495/2024.2/src/shared/hls/clib/hlsmath/include/FloatingPoint/hls_range_redux.h:467->/wrk/ci/prod/2024.2/hls_product/continuous/495/2024.2/src/shared/hls/clib/hlsmath/include/FloatingPoint/hls_hotbm.h:239]   --->   Operation 67 'shl' 'shl_ln398' <Predicate = true> <Delay = 4.94> <CoreInst = "Shifter">   --->   Core 75 'Shifter' <Latency = 0> <II = 1> <Delay = 4.94> <FuncUnit> <Opcode : 'shl' 'lshr' 'ashr'> <InPorts = 2> <OutPorts = 1>
ST_3 : Operation 68 [1/1] (0.00ns)   --->   "%ret_1 = partselect i170 @_ssdm_op_PartSelect.i170.i256.i32, i256 %shl_ln398, i32 86" [/wrk/ci/prod/2024.2/hls_product/continuous/495/2024.2/src/shared/hls/clib/hlsmath/include/FloatingPoint/hls_range_redux.h:398->/wrk/ci/prod/2024.2/hls_product/continuous/495/2024.2/src/shared/hls/clib/hlsmath/include/FloatingPoint/hls_range_redux.h:467->/wrk/ci/prod/2024.2/hls_product/continuous/495/2024.2/src/shared/hls/clib/hlsmath/include/FloatingPoint/hls_hotbm.h:239]   --->   Operation 68 'partselect' 'ret_1' <Predicate = true> <Delay = 0.00>

State 4 <SV = 3> <Delay = 6.97>
ST_4 : Operation 69 [1/1] (0.00ns)   --->   "%X = bitconcatenate i53 @_ssdm_op_BitConcatenate.i53.i1.i52, i1 1, i52 %din_sig" [/wrk/ci/prod/2024.2/hls_product/continuous/495/2024.2/src/shared/hls/clib/hlsmath/include/FloatingPoint/hls_range_redux.h:468->/wrk/ci/prod/2024.2/hls_product/continuous/495/2024.2/src/shared/hls/clib/hlsmath/include/FloatingPoint/hls_hotbm.h:239]   --->   Operation 69 'bitconcatenate' 'X' <Predicate = true> <Delay = 0.00>
ST_4 : Operation 70 [1/1] (0.00ns)   --->   "%zext_ln468 = zext i53 %X" [/wrk/ci/prod/2024.2/hls_product/continuous/495/2024.2/src/shared/hls/clib/hlsmath/include/FloatingPoint/hls_range_redux.h:468->/wrk/ci/prod/2024.2/hls_product/continuous/495/2024.2/src/shared/hls/clib/hlsmath/include/FloatingPoint/hls_hotbm.h:239]   --->   Operation 70 'zext' 'zext_ln468' <Predicate = true> <Delay = 0.00>
ST_4 : Operation 71 [5/5] (6.97ns)   --->   "%h = mul i170 %ret_1, i170 %zext_ln468" [/wrk/ci/prod/2024.2/hls_product/continuous/495/2024.2/src/shared/hls/clib/hlsmath/include/FloatingPoint/hls_range_redux.h:468->/wrk/ci/prod/2024.2/hls_product/continuous/495/2024.2/src/shared/hls/clib/hlsmath/include/FloatingPoint/hls_hotbm.h:239]   --->   Operation 71 'mul' 'h' <Predicate = true> <Delay = 6.97> <CoreInst = "Multiplier">   --->   Core 3 'Multiplier' <Latency = 4> <II = 1> <Delay = 6.97> <FuncUnit> <Opcode : 'mul'> <InPorts = 2> <OutPorts = 1>
ST_4 : Operation 72 [1/1] (1.63ns)   --->   "%icmp_ln271 = icmp_eq  i11 %din_exp, i11 0" [/wrk/ci/prod/2024.2/hls_product/continuous/495/2024.2/src/shared/hls/clib/hlsmath/include/FloatingPoint/hls_hotbm.h:271]   --->   Operation 72 'icmp' 'icmp_ln271' <Predicate = true> <Delay = 1.63> <CoreInst = "Cmp">   --->   Core 9 'Cmp' <Latency = 0> <II = 1> <Delay = 1.63> <FuncUnit> <Opcode : 'seteq' 'setne' 'setle' 'setge' 'setlt' 'setgt'> <InPorts = 2> <OutPorts = 1>
ST_4 : Operation 73 [1/1] (3.21ns)   --->   "%icmp_ln271_1 = icmp_eq  i52 %din_sig, i52 0" [/wrk/ci/prod/2024.2/hls_product/continuous/495/2024.2/src/shared/hls/clib/hlsmath/include/FloatingPoint/hls_hotbm.h:271]   --->   Operation 73 'icmp' 'icmp_ln271_1' <Predicate = true> <Delay = 3.21> <CoreInst = "Cmp">   --->   Core 9 'Cmp' <Latency = 0> <II = 1> <Delay = 3.21> <FuncUnit> <Opcode : 'seteq' 'setne' 'setle' 'setge' 'setlt' 'setgt'> <InPorts = 2> <OutPorts = 1>
ST_4 : Operation 74 [1/1] (0.97ns)   --->   "%and_ln271 = and i1 %icmp_ln271, i1 %icmp_ln271_1" [/wrk/ci/prod/2024.2/hls_product/continuous/495/2024.2/src/shared/hls/clib/hlsmath/include/FloatingPoint/hls_hotbm.h:271]   --->   Operation 74 'and' 'and_ln271' <Predicate = true> <Delay = 0.97> <CoreInst = "LogicGate">   --->   Core 74 'LogicGate' <Latency = 0> <II = 1> <Delay = 0.97> <FuncUnit> <Opcode : 'and' 'or' 'xor'> <InPorts = 2> <OutPorts = 1>

State 5 <SV = 4> <Delay = 6.97>
ST_5 : Operation 75 [4/5] (6.97ns)   --->   "%h = mul i170 %ret_1, i170 %zext_ln468" [/wrk/ci/prod/2024.2/hls_product/continuous/495/2024.2/src/shared/hls/clib/hlsmath/include/FloatingPoint/hls_range_redux.h:468->/wrk/ci/prod/2024.2/hls_product/continuous/495/2024.2/src/shared/hls/clib/hlsmath/include/FloatingPoint/hls_hotbm.h:239]   --->   Operation 75 'mul' 'h' <Predicate = true> <Delay = 6.97> <CoreInst = "Multiplier">   --->   Core 3 'Multiplier' <Latency = 4> <II = 1> <Delay = 6.97> <FuncUnit> <Opcode : 'mul'> <InPorts = 2> <OutPorts = 1>

State 6 <SV = 5> <Delay = 6.97>
ST_6 : Operation 76 [3/5] (6.97ns)   --->   "%h = mul i170 %ret_1, i170 %zext_ln468" [/wrk/ci/prod/2024.2/hls_product/continuous/495/2024.2/src/shared/hls/clib/hlsmath/include/FloatingPoint/hls_range_redux.h:468->/wrk/ci/prod/2024.2/hls_product/continuous/495/2024.2/src/shared/hls/clib/hlsmath/include/FloatingPoint/hls_hotbm.h:239]   --->   Operation 76 'mul' 'h' <Predicate = true> <Delay = 6.97> <CoreInst = "Multiplier">   --->   Core 3 'Multiplier' <Latency = 4> <II = 1> <Delay = 6.97> <FuncUnit> <Opcode : 'mul'> <InPorts = 2> <OutPorts = 1>

State 7 <SV = 6> <Delay = 6.97>
ST_7 : Operation 77 [2/5] (6.97ns)   --->   "%h = mul i170 %ret_1, i170 %zext_ln468" [/wrk/ci/prod/2024.2/hls_product/continuous/495/2024.2/src/shared/hls/clib/hlsmath/include/FloatingPoint/hls_range_redux.h:468->/wrk/ci/prod/2024.2/hls_product/continuous/495/2024.2/src/shared/hls/clib/hlsmath/include/FloatingPoint/hls_hotbm.h:239]   --->   Operation 77 'mul' 'h' <Predicate = true> <Delay = 6.97> <CoreInst = "Multiplier">   --->   Core 3 'Multiplier' <Latency = 4> <II = 1> <Delay = 6.97> <FuncUnit> <Opcode : 'mul'> <InPorts = 2> <OutPorts = 1>

State 8 <SV = 7> <Delay = 6.97>
ST_8 : Operation 78 [1/5] (6.97ns)   --->   "%h = mul i170 %ret_1, i170 %zext_ln468" [/wrk/ci/prod/2024.2/hls_product/continuous/495/2024.2/src/shared/hls/clib/hlsmath/include/FloatingPoint/hls_range_redux.h:468->/wrk/ci/prod/2024.2/hls_product/continuous/495/2024.2/src/shared/hls/clib/hlsmath/include/FloatingPoint/hls_hotbm.h:239]   --->   Operation 78 'mul' 'h' <Predicate = true> <Delay = 6.97> <CoreInst = "Multiplier">   --->   Core 3 'Multiplier' <Latency = 4> <II = 1> <Delay = 6.97> <FuncUnit> <Opcode : 'mul'> <InPorts = 2> <OutPorts = 1>
ST_8 : Operation 79 [1/1] (0.00ns)   --->   "%Mx_bits = partselect i124 @_ssdm_op_PartSelect.i124.i170.i32.i32, i170 %h, i32 43, i32 166" [/wrk/ci/prod/2024.2/hls_product/continuous/495/2024.2/src/shared/hls/clib/hlsmath/include/FloatingPoint/hls_range_redux.h:483->/wrk/ci/prod/2024.2/hls_product/continuous/495/2024.2/src/shared/hls/clib/hlsmath/include/FloatingPoint/hls_hotbm.h:239]   --->   Operation 79 'partselect' 'Mx_bits' <Predicate = true> <Delay = 0.00>
ST_8 : Operation 80 [1/1] (0.00ns)   --->   "%trunc_ln = partselect i3 @_ssdm_op_PartSelect.i3.i170.i32.i32, i170 %h, i32 167, i32 169" [/wrk/ci/prod/2024.2/hls_product/continuous/495/2024.2/src/shared/hls/clib/hlsmath/include/FloatingPoint/hls_range_redux.h:487->/wrk/ci/prod/2024.2/hls_product/continuous/495/2024.2/src/shared/hls/clib/hlsmath/include/FloatingPoint/hls_hotbm.h:239]   --->   Operation 80 'partselect' 'trunc_ln' <Predicate = (!closepath)> <Delay = 0.00>

State 9 <SV = 8> <Delay = 7.04>
ST_9 : Operation 81 [1/1] (0.98ns)   --->   "%k = select i1 %closepath, i3 0, i3 %trunc_ln" [/wrk/ci/prod/2024.2/hls_product/continuous/495/2024.2/src/shared/hls/clib/hlsmath/include/FloatingPoint/hls_range_redux.h:451->/wrk/ci/prod/2024.2/hls_product/continuous/495/2024.2/src/shared/hls/clib/hlsmath/include/FloatingPoint/hls_hotbm.h:239]   --->   Operation 81 'select' 'k' <Predicate = true> <Delay = 0.98> <CoreInst = "Sel">   --->   Core 73 'Sel' <Latency = 0> <II = 1> <Delay = 0.98> <FuncUnit> <Opcode : 'select'> <InPorts = 3> <OutPorts = 1>
ST_9 : Operation 82 [1/1] (0.00ns)   --->   "%trunc_ln491 = trunc i3 %k" [/wrk/ci/prod/2024.2/hls_product/continuous/495/2024.2/src/shared/hls/clib/hlsmath/include/FloatingPoint/hls_range_redux.h:491->/wrk/ci/prod/2024.2/hls_product/continuous/495/2024.2/src/shared/hls/clib/hlsmath/include/FloatingPoint/hls_hotbm.h:239]   --->   Operation 82 'trunc' 'trunc_ln491' <Predicate = true> <Delay = 0.00>
ST_9 : Operation 83 [1/1] (5.23ns)   --->   "%Mx_bits_1 = sub i124 0, i124 %Mx_bits" [/wrk/ci/prod/2024.2/hls_product/continuous/495/2024.2/src/shared/hls/clib/hlsmath/include/FloatingPoint/hls_range_redux.h:492->/wrk/ci/prod/2024.2/hls_product/continuous/495/2024.2/src/shared/hls/clib/hlsmath/include/FloatingPoint/hls_hotbm.h:239]   --->   Operation 83 'sub' 'Mx_bits_1' <Predicate = true> <Delay = 5.23> <CoreInst = "Adder">   --->   Core 1 'Adder' <Latency = 0> <II = 1> <Delay = 5.23> <FuncUnit> <Opcode : 'add' 'sub'> <InPorts = 2> <OutPorts = 1>
ST_9 : Operation 84 [1/1] (1.80ns)   --->   "%Mx_bits_3 = select i1 %trunc_ln491, i124 %Mx_bits_1, i124 %Mx_bits" [/wrk/ci/prod/2024.2/hls_product/continuous/495/2024.2/src/shared/hls/clib/hlsmath/include/FloatingPoint/hls_range_redux.h:491->/wrk/ci/prod/2024.2/hls_product/continuous/495/2024.2/src/shared/hls/clib/hlsmath/include/FloatingPoint/hls_hotbm.h:239]   --->   Operation 84 'select' 'Mx_bits_3' <Predicate = true> <Delay = 1.80> <CoreInst = "Sel">   --->   Core 73 'Sel' <Latency = 0> <II = 1> <Delay = 1.80> <FuncUnit> <Opcode : 'select'> <InPorts = 3> <OutPorts = 1>
ST_9 : Operation 85 [1/1] (0.00ns)   --->   "%tmp_8 = partselect i61 @_ssdm_op_PartSelect.i61.i124.i32, i124 %Mx_bits_3, i32 63" [/wrk/ci/prod/2024.2/hls_product/continuous/495/2024.2/src/shared/hls/clib/hlsmath/include/FloatingPoint/hls_normalize.h:72->/wrk/ci/prod/2024.2/hls_product/continuous/495/2024.2/src/shared/hls/clib/hlsmath/include/FloatingPoint/hls_range_redux.h:495->/wrk/ci/prod/2024.2/hls_product/continuous/495/2024.2/src/shared/hls/clib/hlsmath/include/FloatingPoint/hls_hotbm.h:239]   --->   Operation 85 'partselect' 'tmp_8' <Predicate = true> <Delay = 0.00>
ST_9 : Operation 86 [1/1] (2.30ns)   --->   "%tmp_1 = sparsemux i1 @_ssdm_op_SparseMux.ap_auto.8i1.i1.i3, i3 0, i1 0, i3 1, i1 1, i3 2, i1 1, i3 3, i1 0, i3 4, i1 0, i3 5, i1 1, i3 6, i1 1, i3 7, i1 0, i1 0, i3 %k" [/wrk/ci/prod/2024.2/hls_product/continuous/495/2024.2/src/shared/hls/clib/hlsmath/include/FloatingPoint/hls_hotbm.h:242]   --->   Operation 86 'sparsemux' 'tmp_1' <Predicate = true> <Delay = 2.30> <CoreInst = "BinarySparseMux_DontCare">   --->   Core 137 'BinarySparseMux_DontCare' <Latency = 0> <II = 1> <Delay = 2.30> <FuncUnit> <Opcode : 'sparsemux'> <InPorts = 2> <OutPorts = 1>

State 10 <SV = 9> <Delay = 5.02>
ST_10 : Operation 87 [1/1] (0.00ns)   --->   "%do_cos_read = read i1 @_ssdm_op_Read.ap_auto.i1, i1 %do_cos"   --->   Operation 87 'read' 'do_cos_read' <Predicate = true> <Delay = 0.00>
ST_10 : Operation 88 [1/1] (1.63ns)   --->   "%add_ln454 = add i11 %din_exp, i11 1027" [/wrk/ci/prod/2024.2/hls_product/continuous/495/2024.2/src/shared/hls/clib/hlsmath/include/FloatingPoint/hls_range_redux.h:454->/wrk/ci/prod/2024.2/hls_product/continuous/495/2024.2/src/shared/hls/clib/hlsmath/include/FloatingPoint/hls_hotbm.h:239]   --->   Operation 88 'add' 'add_ln454' <Predicate = (closepath)> <Delay = 1.63> <CoreInst = "Adder">   --->   Core 1 'Adder' <Latency = 0> <II = 1> <Delay = 1.63> <FuncUnit> <Opcode : 'add' 'sub'> <InPorts = 2> <OutPorts = 1>
ST_10 : Operation 89 [1/1] (0.00ns) (grouped into LUT with out node Ex_1)   --->   "%Ex = select i1 %closepath, i11 %add_ln454, i11 0" [/wrk/ci/prod/2024.2/hls_product/continuous/495/2024.2/src/shared/hls/clib/hlsmath/include/FloatingPoint/hls_range_redux.h:453->/wrk/ci/prod/2024.2/hls_product/continuous/495/2024.2/src/shared/hls/clib/hlsmath/include/FloatingPoint/hls_hotbm.h:239]   --->   Operation 89 'select' 'Ex' <Predicate = true> <Delay = 0.00> <CoreInst = "Sel">   --->   Core 73 'Sel' <Latency = 0> <II = 1> <Delay = 0.69> <FuncUnit> <Opcode : 'select'> <InPorts = 3> <OutPorts = 1>
ST_10 : Operation 90 [1/1] (0.00ns)   --->   "%t = bitconcatenate i62 @_ssdm_op_BitConcatenate.i62.i61.i1, i61 %tmp_8, i1 1" [/wrk/ci/prod/2024.2/hls_product/continuous/495/2024.2/src/shared/hls/clib/hlsmath/include/FloatingPoint/hls_normalize.h:73->/wrk/ci/prod/2024.2/hls_product/continuous/495/2024.2/src/shared/hls/clib/hlsmath/include/FloatingPoint/hls_range_redux.h:495->/wrk/ci/prod/2024.2/hls_product/continuous/495/2024.2/src/shared/hls/clib/hlsmath/include/FloatingPoint/hls_hotbm.h:239]   --->   Operation 90 'bitconcatenate' 't' <Predicate = true> <Delay = 0.00>
ST_10 : Operation 91 [1/1] (2.51ns)   --->   "%Mx_zeros = ctlz i62 @llvm.ctlz.i62, i62 %t, i1 0" [/wrk/ci/prod/2024.2/hls_product/continuous/495/2024.2/src/shared/hls/clib/hlsmath/include/FloatingPoint/hls_normalize.h:75->/wrk/ci/prod/2024.2/hls_product/continuous/495/2024.2/src/shared/hls/clib/hlsmath/include/FloatingPoint/hls_range_redux.h:495->/wrk/ci/prod/2024.2/hls_product/continuous/495/2024.2/src/shared/hls/clib/hlsmath/include/FloatingPoint/hls_hotbm.h:239]   --->   Operation 91 'ctlz' 'Mx_zeros' <Predicate = true> <Delay = 2.51> <CoreInst = "ctlz">   --->   Core 133 'ctlz' <Latency = 0> <II = 1> <Delay = 2.51> <FuncUnit> <Opcode : 'ctlz'> <InPorts = 1> <OutPorts = 1>
ST_10 : Operation 92 [1/1] (0.00ns) (grouped into LUT with out node Ex_1)   --->   "%trunc_ln505 = trunc i62 %Mx_zeros" [/wrk/ci/prod/2024.2/hls_product/continuous/495/2024.2/src/shared/hls/clib/hlsmath/include/FloatingPoint/hls_range_redux.h:505->/wrk/ci/prod/2024.2/hls_product/continuous/495/2024.2/src/shared/hls/clib/hlsmath/include/FloatingPoint/hls_hotbm.h:239]   --->   Operation 92 'trunc' 'trunc_ln505' <Predicate = true> <Delay = 0.00>
ST_10 : Operation 93 [1/1] (1.63ns) (out node of the LUT)   --->   "%Ex_1 = sub i11 %Ex, i11 %trunc_ln505" [/wrk/ci/prod/2024.2/hls_product/continuous/495/2024.2/src/shared/hls/clib/hlsmath/include/FloatingPoint/hls_range_redux.h:505->/wrk/ci/prod/2024.2/hls_product/continuous/495/2024.2/src/shared/hls/clib/hlsmath/include/FloatingPoint/hls_hotbm.h:239]   --->   Operation 93 'sub' 'Ex_1' <Predicate = true> <Delay = 1.63> <CoreInst = "Adder">   --->   Core 1 'Adder' <Latency = 0> <II = 1> <Delay = 1.63> <FuncUnit> <Opcode : 'add' 'sub'> <InPorts = 2> <OutPorts = 1>
ST_10 : Operation 94 [1/1] (0.00ns)   --->   "%tmp = bitselect i1 @_ssdm_op_BitSelect.i1.i11.i32, i11 %Ex_1, i32 10" [/wrk/ci/prod/2024.2/hls_product/continuous/495/2024.2/src/shared/hls/clib/hlsmath/include/FloatingPoint/hls_range_redux.h:506->/wrk/ci/prod/2024.2/hls_product/continuous/495/2024.2/src/shared/hls/clib/hlsmath/include/FloatingPoint/hls_hotbm.h:239]   --->   Operation 94 'bitselect' 'tmp' <Predicate = true> <Delay = 0.00>
ST_10 : Operation 95 [1/1] (0.97ns)   --->   "%xor_ln242 = xor i1 %tmp_1, i1 1" [/wrk/ci/prod/2024.2/hls_product/continuous/495/2024.2/src/shared/hls/clib/hlsmath/include/FloatingPoint/hls_hotbm.h:242]   --->   Operation 95 'xor' 'xor_ln242' <Predicate = true> <Delay = 0.97> <CoreInst = "LogicGate">   --->   Core 74 'LogicGate' <Latency = 0> <II = 1> <Delay = 0.97> <FuncUnit> <Opcode : 'and' 'or' 'xor'> <InPorts = 2> <OutPorts = 1>
ST_10 : Operation 96 [1/1] (0.99ns)   --->   "%sin_basis = select i1 %do_cos_read, i1 %tmp_1, i1 %xor_ln242" [/wrk/ci/prod/2024.2/hls_product/continuous/495/2024.2/src/shared/hls/clib/hlsmath/src/common/hls_hotbm_double.cpp:29->/wrk/ci/prod/2024.2/hls_product/continuous/495/2024.2/src/shared/hls/clib/hlsmath/include/FloatingPoint/hls_hotbm.h:250]   --->   Operation 96 'select' 'sin_basis' <Predicate = true> <Delay = 0.99> <CoreInst = "Sel">   --->   Core 73 'Sel' <Latency = 0> <II = 1> <Delay = 0.99> <FuncUnit> <Opcode : 'select'> <InPorts = 3> <OutPorts = 1>
ST_10 : Operation 97 [1/1] (0.99ns)   --->   "%cos_basis = select i1 %do_cos_read, i1 %xor_ln242, i1 %tmp_1" [/wrk/ci/prod/2024.2/hls_product/continuous/495/2024.2/src/shared/hls/clib/hlsmath/include/FloatingPoint/hls_hotbm.h:242]   --->   Operation 97 'select' 'cos_basis' <Predicate = true> <Delay = 0.99> <CoreInst = "Sel">   --->   Core 73 'Sel' <Latency = 0> <II = 1> <Delay = 0.99> <FuncUnit> <Opcode : 'select'> <InPorts = 3> <OutPorts = 1>
ST_10 : Operation 98 [1/1] (0.00ns)   --->   "%index = bitconcatenate i4 @_ssdm_op_BitConcatenate.i4.i1.i3, i1 %din_sign, i3 %k" [/wrk/ci/prod/2024.2/hls_product/continuous/495/2024.2/src/shared/hls/clib/hlsmath/include/FloatingPoint/hls_hotbm.h:266]   --->   Operation 98 'bitconcatenate' 'index' <Predicate = true> <Delay = 0.00>
ST_10 : Operation 99 [1/1] (0.00ns) (grouped into LUT with out node results_sign_4)   --->   "%tmp_s = sparsemux i1 @_ssdm_op_SparseMux.ap_auto.16i1.i1.i4, i4 0, i1 0, i4 1, i1 0, i4 2, i1 0, i4 3, i1 1, i4 4, i1 1, i4 5, i1 1, i4 6, i1 1, i4 7, i1 0, i4 8, i1 0, i4 9, i1 1, i4 10, i1 1, i4 11, i1 1, i4 12, i1 1, i4 13, i1 0, i4 14, i1 0, i4 15, i1 0, i1 0, i4 %index" [/wrk/ci/prod/2024.2/hls_product/continuous/495/2024.2/src/shared/hls/clib/hlsmath/include/FloatingPoint/hls_hotbm.h:267]   --->   Operation 99 'sparsemux' 'tmp_s' <Predicate = true> <Delay = 0.00> <CoreInst = "BinarySparseMux_DontCare">   --->   Core 137 'BinarySparseMux_DontCare' <Latency = 0> <II = 1> <Delay = 2.06> <FuncUnit> <Opcode : 'sparsemux'> <InPorts = 2> <OutPorts = 1>
ST_10 : Operation 100 [1/1] (0.00ns) (grouped into LUT with out node results_sign_4)   --->   "%tmp_10 = sparsemux i1 @_ssdm_op_SparseMux.ap_auto.16i1.i1.i4, i4 0, i1 0, i4 1, i1 0, i4 2, i1 1, i4 3, i1 0, i4 4, i1 1, i4 5, i1 1, i4 6, i1 0, i4 7, i1 1, i4 8, i1 1, i4 9, i1 0, i4 10, i1 1, i4 11, i1 1, i4 12, i1 0, i4 13, i1 1, i4 14, i1 0, i4 15, i1 0, i1 0, i4 %index" [/wrk/ci/prod/2024.2/hls_product/continuous/495/2024.2/src/shared/hls/clib/hlsmath/include/FloatingPoint/hls_hotbm.h:267]   --->   Operation 100 'sparsemux' 'tmp_10' <Predicate = true> <Delay = 0.00> <CoreInst = "BinarySparseMux_DontCare">   --->   Core 137 'BinarySparseMux_DontCare' <Latency = 0> <II = 1> <Delay = 2.06> <FuncUnit> <Opcode : 'sparsemux'> <InPorts = 2> <OutPorts = 1>
ST_10 : Operation 101 [1/1] (0.00ns) (grouped into LUT with out node results_sign_4)   --->   "%results_sign = select i1 %cos_basis, i1 %tmp_s, i1 %tmp_10" [/wrk/ci/prod/2024.2/hls_product/continuous/495/2024.2/src/shared/hls/clib/hlsmath/include/FloatingPoint/hls_hotbm.h:242]   --->   Operation 101 'select' 'results_sign' <Predicate = true> <Delay = 0.00> <CoreInst = "Sel">   --->   Core 73 'Sel' <Latency = 0> <II = 1> <Delay = 0.99> <FuncUnit> <Opcode : 'select'> <InPorts = 3> <OutPorts = 1>
ST_10 : Operation 102 [1/1] (0.00ns) (grouped into LUT with out node results_sign_3)   --->   "%xor_ln278 = xor i1 %do_cos_read, i1 1" [/wrk/ci/prod/2024.2/hls_product/continuous/495/2024.2/src/shared/hls/clib/hlsmath/include/FloatingPoint/hls_hotbm.h:278]   --->   Operation 102 'xor' 'xor_ln278' <Predicate = true> <Delay = 0.00> <CoreInst = "LogicGate">   --->   Core 74 'LogicGate' <Latency = 0> <II = 1> <Delay = 0.97> <FuncUnit> <Opcode : 'and' 'or' 'xor'> <InPorts = 2> <OutPorts = 1>
ST_10 : Operation 103 [1/1] (0.00ns) (grouped into LUT with out node results_sign_3)   --->   "%results_sign_2 = and i1 %din_sign, i1 %xor_ln278" [/wrk/ci/prod/2024.2/hls_product/continuous/495/2024.2/src/shared/hls/clib/hlsmath/include/FloatingPoint/hls_hotbm.h:278]   --->   Operation 103 'and' 'results_sign_2' <Predicate = true> <Delay = 0.00> <CoreInst = "LogicGate">   --->   Core 74 'LogicGate' <Latency = 0> <II = 1> <Delay = 0.97> <FuncUnit> <Opcode : 'and' 'or' 'xor'> <InPorts = 2> <OutPorts = 1>
ST_10 : Operation 104 [1/1] (1.63ns)   --->   "%icmp_ln282 = icmp_eq  i11 %din_exp, i11 2047" [/wrk/ci/prod/2024.2/hls_product/continuous/495/2024.2/src/shared/hls/clib/hlsmath/include/FloatingPoint/hls_hotbm.h:282]   --->   Operation 104 'icmp' 'icmp_ln282' <Predicate = true> <Delay = 1.63> <CoreInst = "Cmp">   --->   Core 9 'Cmp' <Latency = 0> <II = 1> <Delay = 1.63> <FuncUnit> <Opcode : 'seteq' 'setne' 'setle' 'setge' 'setlt' 'setgt'> <InPorts = 2> <OutPorts = 1>
ST_10 : Operation 105 [1/1] (0.00ns) (grouped into LUT with out node results_sign_4)   --->   "%xor_ln282 = xor i1 %icmp_ln282, i1 1" [/wrk/ci/prod/2024.2/hls_product/continuous/495/2024.2/src/shared/hls/clib/hlsmath/include/FloatingPoint/hls_hotbm.h:282]   --->   Operation 105 'xor' 'xor_ln282' <Predicate = true> <Delay = 0.00> <CoreInst = "LogicGate">   --->   Core 74 'LogicGate' <Latency = 0> <II = 1> <Delay = 0.97> <FuncUnit> <Opcode : 'and' 'or' 'xor'> <InPorts = 2> <OutPorts = 1>
ST_10 : Operation 106 [1/1] (2.06ns) (out node of the LUT)   --->   "%results_sign_4 = and i1 %results_sign, i1 %xor_ln282" [/wrk/ci/prod/2024.2/hls_product/continuous/495/2024.2/src/shared/hls/clib/hlsmath/include/FloatingPoint/hls_hotbm.h:282]   --->   Operation 106 'and' 'results_sign_4' <Predicate = true> <Delay = 2.06> <CoreInst = "LogicGate">   --->   Core 74 'LogicGate' <Latency = 0> <II = 1> <Delay = 0.97> <FuncUnit> <Opcode : 'and' 'or' 'xor'> <InPorts = 2> <OutPorts = 1>
ST_10 : Operation 107 [1/1] (0.99ns) (out node of the LUT)   --->   "%results_sign_3 = select i1 %and_ln271, i1 %results_sign_2, i1 %results_sign_4" [/wrk/ci/prod/2024.2/hls_product/continuous/495/2024.2/src/shared/hls/clib/hlsmath/include/FloatingPoint/hls_hotbm.h:271]   --->   Operation 107 'select' 'results_sign_3' <Predicate = true> <Delay = 0.99> <CoreInst = "Sel">   --->   Core 73 'Sel' <Latency = 0> <II = 1> <Delay = 0.99> <FuncUnit> <Opcode : 'select'> <InPorts = 3> <OutPorts = 1>

State 11 <SV = 10> <Delay = 4.89>
ST_11 : Operation 108 [1/1] (0.00ns)   --->   "%zext_ln504 = zext i62 %Mx_zeros" [/wrk/ci/prod/2024.2/hls_product/continuous/495/2024.2/src/shared/hls/clib/hlsmath/include/FloatingPoint/hls_range_redux.h:504->/wrk/ci/prod/2024.2/hls_product/continuous/495/2024.2/src/shared/hls/clib/hlsmath/include/FloatingPoint/hls_hotbm.h:239]   --->   Operation 108 'zext' 'zext_ln504' <Predicate = true> <Delay = 0.00>
ST_11 : Operation 109 [1/1] (4.89ns)   --->   "%shl_ln504 = shl i124 %Mx_bits_3, i124 %zext_ln504" [/wrk/ci/prod/2024.2/hls_product/continuous/495/2024.2/src/shared/hls/clib/hlsmath/include/FloatingPoint/hls_range_redux.h:504->/wrk/ci/prod/2024.2/hls_product/continuous/495/2024.2/src/shared/hls/clib/hlsmath/include/FloatingPoint/hls_hotbm.h:239]   --->   Operation 109 'shl' 'shl_ln504' <Predicate = true> <Delay = 4.89> <CoreInst = "Shifter">   --->   Core 75 'Shifter' <Latency = 0> <II = 1> <Delay = 4.89> <FuncUnit> <Opcode : 'shl' 'lshr' 'ashr'> <InPorts = 2> <OutPorts = 1>
ST_11 : Operation 110 [1/1] (0.00ns)   --->   "%Mx = partselect i63 @_ssdm_op_PartSelect.i63.i124.i32.i32, i124 %shl_ln504, i32 61, i32 123" [/wrk/ci/prod/2024.2/hls_product/continuous/495/2024.2/src/shared/hls/clib/hlsmath/include/FloatingPoint/hls_range_redux.h:504->/wrk/ci/prod/2024.2/hls_product/continuous/495/2024.2/src/shared/hls/clib/hlsmath/include/FloatingPoint/hls_hotbm.h:239]   --->   Operation 110 'partselect' 'Mx' <Predicate = true> <Delay = 0.00>
ST_11 : Operation 111 [1/1] (1.63ns)   --->   "%sub_ln506 = sub i11 0, i11 %Ex_1" [/wrk/ci/prod/2024.2/hls_product/continuous/495/2024.2/src/shared/hls/clib/hlsmath/include/FloatingPoint/hls_range_redux.h:506->/wrk/ci/prod/2024.2/hls_product/continuous/495/2024.2/src/shared/hls/clib/hlsmath/include/FloatingPoint/hls_hotbm.h:239]   --->   Operation 111 'sub' 'sub_ln506' <Predicate = (tmp)> <Delay = 1.63> <CoreInst = "Adder">   --->   Core 1 'Adder' <Latency = 0> <II = 1> <Delay = 1.63> <FuncUnit> <Opcode : 'add' 'sub'> <InPorts = 2> <OutPorts = 1>

State 12 <SV = 11> <Delay = 6.70>
ST_12 : Operation 112 [1/1] (0.69ns)   --->   "%select_ln506 = select i1 %tmp, i11 %sub_ln506, i11 %Ex_1" [/wrk/ci/prod/2024.2/hls_product/continuous/495/2024.2/src/shared/hls/clib/hlsmath/include/FloatingPoint/hls_range_redux.h:506->/wrk/ci/prod/2024.2/hls_product/continuous/495/2024.2/src/shared/hls/clib/hlsmath/include/FloatingPoint/hls_hotbm.h:239]   --->   Operation 112 'select' 'select_ln506' <Predicate = true> <Delay = 0.69> <CoreInst = "Sel">   --->   Core 73 'Sel' <Latency = 0> <II = 1> <Delay = 0.69> <FuncUnit> <Opcode : 'select'> <InPorts = 3> <OutPorts = 1>
ST_12 : Operation 113 [1/1] (0.00ns)   --->   "%zext_ln506 = zext i11 %select_ln506" [/wrk/ci/prod/2024.2/hls_product/continuous/495/2024.2/src/shared/hls/clib/hlsmath/include/FloatingPoint/hls_range_redux.h:506->/wrk/ci/prod/2024.2/hls_product/continuous/495/2024.2/src/shared/hls/clib/hlsmath/include/FloatingPoint/hls_hotbm.h:239]   --->   Operation 113 'zext' 'zext_ln506' <Predicate = true> <Delay = 0.00>
ST_12 : Operation 114 [1/1] (4.59ns)   --->   "%lshr_ln506 = lshr i63 %Mx, i63 %zext_ln506" [/wrk/ci/prod/2024.2/hls_product/continuous/495/2024.2/src/shared/hls/clib/hlsmath/include/FloatingPoint/hls_range_redux.h:506->/wrk/ci/prod/2024.2/hls_product/continuous/495/2024.2/src/shared/hls/clib/hlsmath/include/FloatingPoint/hls_hotbm.h:239]   --->   Operation 114 'lshr' 'lshr_ln506' <Predicate = (tmp)> <Delay = 4.59> <CoreInst = "Shifter">   --->   Core 75 'Shifter' <Latency = 0> <II = 1> <Delay = 4.59> <FuncUnit> <Opcode : 'shl' 'lshr' 'ashr'> <InPorts = 2> <OutPorts = 1>
ST_12 : Operation 115 [1/1] (4.59ns)   --->   "%shl_ln506 = shl i63 %Mx, i63 %zext_ln506" [/wrk/ci/prod/2024.2/hls_product/continuous/495/2024.2/src/shared/hls/clib/hlsmath/include/FloatingPoint/hls_range_redux.h:506->/wrk/ci/prod/2024.2/hls_product/continuous/495/2024.2/src/shared/hls/clib/hlsmath/include/FloatingPoint/hls_hotbm.h:239]   --->   Operation 115 'shl' 'shl_ln506' <Predicate = (!tmp)> <Delay = 4.59> <CoreInst = "Shifter">   --->   Core 75 'Shifter' <Latency = 0> <II = 1> <Delay = 4.59> <FuncUnit> <Opcode : 'shl' 'lshr' 'ashr'> <InPorts = 2> <OutPorts = 1>
ST_12 : Operation 116 [1/1] (1.41ns)   --->   "%x_1 = select i1 %tmp, i63 %lshr_ln506, i63 %shl_ln506" [/wrk/ci/prod/2024.2/hls_product/continuous/495/2024.2/src/shared/hls/clib/hlsmath/include/FloatingPoint/hls_range_redux.h:506->/wrk/ci/prod/2024.2/hls_product/continuous/495/2024.2/src/shared/hls/clib/hlsmath/include/FloatingPoint/hls_hotbm.h:239]   --->   Operation 116 'select' 'x_1' <Predicate = true> <Delay = 1.41> <CoreInst = "Sel">   --->   Core 73 'Sel' <Latency = 0> <II = 1> <Delay = 1.41> <FuncUnit> <Opcode : 'select'> <InPorts = 3> <OutPorts = 1>
ST_12 : Operation 117 [1/1] (0.00ns)   --->   "%tmp_5 = partselect i7 @_ssdm_op_PartSelect.i7.i63.i32, i63 %x_1, i32 56" [/wrk/ci/prod/2024.2/hls_product/continuous/495/2024.2/src/shared/hls/clib/hlsmath/src/common/hls_hotbm_double.cpp:22->/wrk/ci/prod/2024.2/hls_product/continuous/495/2024.2/src/shared/hls/clib/hlsmath/include/FloatingPoint/hls_hotbm.h:250]   --->   Operation 117 'partselect' 'tmp_5' <Predicate = true> <Delay = 0.00>
ST_12 : Operation 118 [1/1] (0.00ns)   --->   "%B = trunc i63 %x_1" [/wrk/ci/prod/2024.2/hls_product/continuous/495/2024.2/src/shared/hls/clib/hlsmath/src/common/hls_hotbm_double.cpp:23->/wrk/ci/prod/2024.2/hls_product/continuous/495/2024.2/src/shared/hls/clib/hlsmath/include/FloatingPoint/hls_hotbm.h:250]   --->   Operation 118 'trunc' 'B' <Predicate = true> <Delay = 0.00>
ST_12 : Operation 119 [1/1] (0.00ns)   --->   "%B_trunc = partselect i49 @_ssdm_op_PartSelect.i49.i63.i32.i32, i63 %x_1, i32 7, i32 55" [/wrk/ci/prod/2024.2/hls_product/continuous/495/2024.2/src/shared/hls/clib/hlsmath/src/common/hls_hotbm_double.cpp:24->/wrk/ci/prod/2024.2/hls_product/continuous/495/2024.2/src/shared/hls/clib/hlsmath/include/FloatingPoint/hls_hotbm.h:250]   --->   Operation 119 'partselect' 'B_trunc' <Predicate = true> <Delay = 0.00>

State 13 <SV = 12> <Delay = 5.66>
ST_13 : Operation 120 [1/1] (0.00ns)   --->   "%zext_ln25 = zext i49 %B_trunc" [/wrk/ci/prod/2024.2/hls_product/continuous/495/2024.2/src/shared/hls/clib/hlsmath/src/common/hls_hotbm_double.cpp:25->/wrk/ci/prod/2024.2/hls_product/continuous/495/2024.2/src/shared/hls/clib/hlsmath/include/FloatingPoint/hls_hotbm.h:250]   --->   Operation 120 'zext' 'zext_ln25' <Predicate = true> <Delay = 0.00>
ST_13 : Operation 121 [5/5] (5.66ns)   --->   "%mul_ln25 = mul i98 %zext_ln25, i98 %zext_ln25" [/wrk/ci/prod/2024.2/hls_product/continuous/495/2024.2/src/shared/hls/clib/hlsmath/src/common/hls_hotbm_double.cpp:25->/wrk/ci/prod/2024.2/hls_product/continuous/495/2024.2/src/shared/hls/clib/hlsmath/include/FloatingPoint/hls_hotbm.h:250]   --->   Operation 121 'mul' 'mul_ln25' <Predicate = true> <Delay = 5.66> <CoreInst = "Multiplier">   --->   Core 3 'Multiplier' <Latency = 4> <II = 1> <Delay = 5.66> <FuncUnit> <Opcode : 'mul'> <InPorts = 2> <OutPorts = 1>

State 14 <SV = 13> <Delay = 5.66>
ST_14 : Operation 122 [4/5] (5.66ns)   --->   "%mul_ln25 = mul i98 %zext_ln25, i98 %zext_ln25" [/wrk/ci/prod/2024.2/hls_product/continuous/495/2024.2/src/shared/hls/clib/hlsmath/src/common/hls_hotbm_double.cpp:25->/wrk/ci/prod/2024.2/hls_product/continuous/495/2024.2/src/shared/hls/clib/hlsmath/include/FloatingPoint/hls_hotbm.h:250]   --->   Operation 122 'mul' 'mul_ln25' <Predicate = true> <Delay = 5.66> <CoreInst = "Multiplier">   --->   Core 3 'Multiplier' <Latency = 4> <II = 1> <Delay = 5.66> <FuncUnit> <Opcode : 'mul'> <InPorts = 2> <OutPorts = 1>

State 15 <SV = 14> <Delay = 5.66>
ST_15 : Operation 123 [3/5] (5.66ns)   --->   "%mul_ln25 = mul i98 %zext_ln25, i98 %zext_ln25" [/wrk/ci/prod/2024.2/hls_product/continuous/495/2024.2/src/shared/hls/clib/hlsmath/src/common/hls_hotbm_double.cpp:25->/wrk/ci/prod/2024.2/hls_product/continuous/495/2024.2/src/shared/hls/clib/hlsmath/include/FloatingPoint/hls_hotbm.h:250]   --->   Operation 123 'mul' 'mul_ln25' <Predicate = true> <Delay = 5.66> <CoreInst = "Multiplier">   --->   Core 3 'Multiplier' <Latency = 4> <II = 1> <Delay = 5.66> <FuncUnit> <Opcode : 'mul'> <InPorts = 2> <OutPorts = 1>

State 16 <SV = 15> <Delay = 5.66>
ST_16 : Operation 124 [2/5] (5.66ns)   --->   "%mul_ln25 = mul i98 %zext_ln25, i98 %zext_ln25" [/wrk/ci/prod/2024.2/hls_product/continuous/495/2024.2/src/shared/hls/clib/hlsmath/src/common/hls_hotbm_double.cpp:25->/wrk/ci/prod/2024.2/hls_product/continuous/495/2024.2/src/shared/hls/clib/hlsmath/include/FloatingPoint/hls_hotbm.h:250]   --->   Operation 124 'mul' 'mul_ln25' <Predicate = true> <Delay = 5.66> <CoreInst = "Multiplier">   --->   Core 3 'Multiplier' <Latency = 4> <II = 1> <Delay = 5.66> <FuncUnit> <Opcode : 'mul'> <InPorts = 2> <OutPorts = 1>
ST_16 : Operation 125 [1/1] (0.00ns)   --->   "%A = bitconcatenate i8 @_ssdm_op_BitConcatenate.i8.i1.i7, i1 %sin_basis, i7 %tmp_5" [/wrk/ci/prod/2024.2/hls_product/continuous/495/2024.2/src/shared/hls/clib/hlsmath/src/common/hls_hotbm_double.cpp:30->/wrk/ci/prod/2024.2/hls_product/continuous/495/2024.2/src/shared/hls/clib/hlsmath/include/FloatingPoint/hls_hotbm.h:250]   --->   Operation 125 'bitconcatenate' 'A' <Predicate = true> <Delay = 0.00>
ST_16 : Operation 126 [1/1] (0.00ns)   --->   "%zext_ln32 = zext i8 %A" [/wrk/ci/prod/2024.2/hls_product/continuous/495/2024.2/src/shared/hls/clib/hlsmath/src/common/hls_hotbm_double.cpp:32->/wrk/ci/prod/2024.2/hls_product/continuous/495/2024.2/src/shared/hls/clib/hlsmath/include/FloatingPoint/hls_hotbm.h:250]   --->   Operation 126 'zext' 'zext_ln32' <Predicate = true> <Delay = 0.00>
ST_16 : Operation 127 [1/1] (0.00ns)   --->   "%fourth_order_double_sin_cos_K1_addr = getelementptr i52 %fourth_order_double_sin_cos_K1, i64 0, i64 %zext_ln32" [/wrk/ci/prod/2024.2/hls_product/continuous/495/2024.2/src/shared/hls/clib/hlsmath/src/common/hls_hotbm_double.cpp:33->/wrk/ci/prod/2024.2/hls_product/continuous/495/2024.2/src/shared/hls/clib/hlsmath/include/FloatingPoint/hls_hotbm.h:250]   --->   Operation 127 'getelementptr' 'fourth_order_double_sin_cos_K1_addr' <Predicate = true> <Delay = 0.00>
ST_16 : Operation 128 [2/2] (2.32ns)   --->   "%fourth_order_double_sin_cos_K1_load = load i8 %fourth_order_double_sin_cos_K1_addr" [/wrk/ci/prod/2024.2/hls_product/continuous/495/2024.2/src/shared/hls/clib/hlsmath/src/common/hls_hotbm_double.cpp:33->/wrk/ci/prod/2024.2/hls_product/continuous/495/2024.2/src/shared/hls/clib/hlsmath/include/FloatingPoint/hls_hotbm.h:250]   --->   Operation 128 'load' 'fourth_order_double_sin_cos_K1_load' <Predicate = true> <Delay = 2.32> <CoreInst = "ROM_1P_LUTRAM">   --->   Core 96 'ROM_1P_LUTRAM' <Latency = 1> <II = 1> <Delay = 2.32> <Storage> <Opcode : 'load'> <Ports = 1> <Width = 52> <Depth = 256> <ROM>
ST_16 : Operation 129 [1/1] (0.00ns)   --->   "%fourth_order_double_sin_cos_K2_addr = getelementptr i44 %fourth_order_double_sin_cos_K2, i64 0, i64 %zext_ln32" [/wrk/ci/prod/2024.2/hls_product/continuous/495/2024.2/src/shared/hls/clib/hlsmath/src/common/hls_hotbm_double.cpp:34->/wrk/ci/prod/2024.2/hls_product/continuous/495/2024.2/src/shared/hls/clib/hlsmath/include/FloatingPoint/hls_hotbm.h:250]   --->   Operation 129 'getelementptr' 'fourth_order_double_sin_cos_K2_addr' <Predicate = true> <Delay = 0.00>
ST_16 : Operation 130 [2/2] (2.32ns)   --->   "%fourth_order_double_sin_cos_K2_load = load i8 %fourth_order_double_sin_cos_K2_addr" [/wrk/ci/prod/2024.2/hls_product/continuous/495/2024.2/src/shared/hls/clib/hlsmath/src/common/hls_hotbm_double.cpp:34->/wrk/ci/prod/2024.2/hls_product/continuous/495/2024.2/src/shared/hls/clib/hlsmath/include/FloatingPoint/hls_hotbm.h:250]   --->   Operation 130 'load' 'fourth_order_double_sin_cos_K2_load' <Predicate = true> <Delay = 2.32> <CoreInst = "ROM_1P_LUTRAM">   --->   Core 96 'ROM_1P_LUTRAM' <Latency = 1> <II = 1> <Delay = 2.32> <Storage> <Opcode : 'load'> <Ports = 1> <Width = 44> <Depth = 256> <ROM>

State 17 <SV = 16> <Delay = 5.66>
ST_17 : Operation 131 [1/5] (5.66ns)   --->   "%mul_ln25 = mul i98 %zext_ln25, i98 %zext_ln25" [/wrk/ci/prod/2024.2/hls_product/continuous/495/2024.2/src/shared/hls/clib/hlsmath/src/common/hls_hotbm_double.cpp:25->/wrk/ci/prod/2024.2/hls_product/continuous/495/2024.2/src/shared/hls/clib/hlsmath/include/FloatingPoint/hls_hotbm.h:250]   --->   Operation 131 'mul' 'mul_ln25' <Predicate = true> <Delay = 5.66> <CoreInst = "Multiplier">   --->   Core 3 'Multiplier' <Latency = 4> <II = 1> <Delay = 5.66> <FuncUnit> <Opcode : 'mul'> <InPorts = 2> <OutPorts = 1>
ST_17 : Operation 132 [1/1] (0.00ns)   --->   "%B_squared = partselect i49 @_ssdm_op_PartSelect.i49.i98.i32.i32, i98 %mul_ln25, i32 49, i32 97" [/wrk/ci/prod/2024.2/hls_product/continuous/495/2024.2/src/shared/hls/clib/hlsmath/src/common/hls_hotbm_double.cpp:25->/wrk/ci/prod/2024.2/hls_product/continuous/495/2024.2/src/shared/hls/clib/hlsmath/include/FloatingPoint/hls_hotbm.h:250]   --->   Operation 132 'partselect' 'B_squared' <Predicate = true> <Delay = 0.00>
ST_17 : Operation 133 [1/2] ( I:2.32ns O:2.32ns )   --->   "%fourth_order_double_sin_cos_K1_load = load i8 %fourth_order_double_sin_cos_K1_addr" [/wrk/ci/prod/2024.2/hls_product/continuous/495/2024.2/src/shared/hls/clib/hlsmath/src/common/hls_hotbm_double.cpp:33->/wrk/ci/prod/2024.2/hls_product/continuous/495/2024.2/src/shared/hls/clib/hlsmath/include/FloatingPoint/hls_hotbm.h:250]   --->   Operation 133 'load' 'fourth_order_double_sin_cos_K1_load' <Predicate = true> <Delay = 2.32> <CoreInst = "ROM_1P_LUTRAM">   --->   Core 96 'ROM_1P_LUTRAM' <Latency = 1> <II = 1> <Delay = 2.32> <Storage> <Opcode : 'load'> <Ports = 1> <Width = 52> <Depth = 256> <ROM>
ST_17 : Operation 134 [1/2] ( I:2.32ns O:2.32ns )   --->   "%fourth_order_double_sin_cos_K2_load = load i8 %fourth_order_double_sin_cos_K2_addr" [/wrk/ci/prod/2024.2/hls_product/continuous/495/2024.2/src/shared/hls/clib/hlsmath/src/common/hls_hotbm_double.cpp:34->/wrk/ci/prod/2024.2/hls_product/continuous/495/2024.2/src/shared/hls/clib/hlsmath/include/FloatingPoint/hls_hotbm.h:250]   --->   Operation 134 'load' 'fourth_order_double_sin_cos_K2_load' <Predicate = true> <Delay = 2.32> <CoreInst = "ROM_1P_LUTRAM">   --->   Core 96 'ROM_1P_LUTRAM' <Latency = 1> <II = 1> <Delay = 2.32> <Storage> <Opcode : 'load'> <Ports = 1> <Width = 44> <Depth = 256> <ROM>

State 18 <SV = 17> <Delay = 6.44>
ST_18 : Operation 135 [1/1] (0.00ns)   --->   "%zext_ln25_1 = zext i49 %B_squared" [/wrk/ci/prod/2024.2/hls_product/continuous/495/2024.2/src/shared/hls/clib/hlsmath/src/common/hls_hotbm_double.cpp:25->/wrk/ci/prod/2024.2/hls_product/continuous/495/2024.2/src/shared/hls/clib/hlsmath/include/FloatingPoint/hls_hotbm.h:250]   --->   Operation 135 'zext' 'zext_ln25_1' <Predicate = true> <Delay = 0.00>
ST_18 : Operation 136 [5/5] (5.66ns)   --->   "%mul_ln26 = mul i98 %zext_ln25_1, i98 %zext_ln25" [/wrk/ci/prod/2024.2/hls_product/continuous/495/2024.2/src/shared/hls/clib/hlsmath/src/common/hls_hotbm_double.cpp:26->/wrk/ci/prod/2024.2/hls_product/continuous/495/2024.2/src/shared/hls/clib/hlsmath/include/FloatingPoint/hls_hotbm.h:250]   --->   Operation 136 'mul' 'mul_ln26' <Predicate = true> <Delay = 5.66> <CoreInst = "Multiplier">   --->   Core 3 'Multiplier' <Latency = 4> <II = 1> <Delay = 5.66> <FuncUnit> <Opcode : 'mul'> <InPorts = 2> <OutPorts = 1>
ST_18 : Operation 137 [5/5] (5.66ns)   --->   "%mul_ln27 = mul i98 %zext_ln25_1, i98 %zext_ln25_1" [/wrk/ci/prod/2024.2/hls_product/continuous/495/2024.2/src/shared/hls/clib/hlsmath/src/common/hls_hotbm_double.cpp:27->/wrk/ci/prod/2024.2/hls_product/continuous/495/2024.2/src/shared/hls/clib/hlsmath/include/FloatingPoint/hls_hotbm.h:250]   --->   Operation 137 'mul' 'mul_ln27' <Predicate = true> <Delay = 5.66> <CoreInst = "Multiplier">   --->   Core 3 'Multiplier' <Latency = 4> <II = 1> <Delay = 5.66> <FuncUnit> <Opcode : 'mul'> <InPorts = 2> <OutPorts = 1>
ST_18 : Operation 138 [1/1] (0.00ns)   --->   "%zext_ln33 = zext i56 %B" [/wrk/ci/prod/2024.2/hls_product/continuous/495/2024.2/src/shared/hls/clib/hlsmath/src/common/hls_hotbm_double.cpp:33->/wrk/ci/prod/2024.2/hls_product/continuous/495/2024.2/src/shared/hls/clib/hlsmath/include/FloatingPoint/hls_hotbm.h:250]   --->   Operation 138 'zext' 'zext_ln33' <Predicate = true> <Delay = 0.00>
ST_18 : Operation 139 [1/1] (0.00ns)   --->   "%sext_ln33 = sext i52 %fourth_order_double_sin_cos_K1_load" [/wrk/ci/prod/2024.2/hls_product/continuous/495/2024.2/src/shared/hls/clib/hlsmath/src/common/hls_hotbm_double.cpp:33->/wrk/ci/prod/2024.2/hls_product/continuous/495/2024.2/src/shared/hls/clib/hlsmath/include/FloatingPoint/hls_hotbm.h:250]   --->   Operation 139 'sext' 'sext_ln33' <Predicate = true> <Delay = 0.00>
ST_18 : Operation 140 [5/5] (6.44ns)   --->   "%mul_ln33 = mul i108 %zext_ln33, i108 %sext_ln33" [/wrk/ci/prod/2024.2/hls_product/continuous/495/2024.2/src/shared/hls/clib/hlsmath/src/common/hls_hotbm_double.cpp:33->/wrk/ci/prod/2024.2/hls_product/continuous/495/2024.2/src/shared/hls/clib/hlsmath/include/FloatingPoint/hls_hotbm.h:250]   --->   Operation 140 'mul' 'mul_ln33' <Predicate = true> <Delay = 6.44> <CoreInst = "Multiplier">   --->   Core 3 'Multiplier' <Latency = 4> <II = 1> <Delay = 6.44> <FuncUnit> <Opcode : 'mul'> <InPorts = 2> <OutPorts = 1>
ST_18 : Operation 141 [1/1] (0.00ns)   --->   "%zext_ln34 = zext i49 %B_squared" [/wrk/ci/prod/2024.2/hls_product/continuous/495/2024.2/src/shared/hls/clib/hlsmath/src/common/hls_hotbm_double.cpp:34->/wrk/ci/prod/2024.2/hls_product/continuous/495/2024.2/src/shared/hls/clib/hlsmath/include/FloatingPoint/hls_hotbm.h:250]   --->   Operation 141 'zext' 'zext_ln34' <Predicate = true> <Delay = 0.00>
ST_18 : Operation 142 [1/1] (0.00ns)   --->   "%sext_ln34 = sext i44 %fourth_order_double_sin_cos_K2_load" [/wrk/ci/prod/2024.2/hls_product/continuous/495/2024.2/src/shared/hls/clib/hlsmath/src/common/hls_hotbm_double.cpp:34->/wrk/ci/prod/2024.2/hls_product/continuous/495/2024.2/src/shared/hls/clib/hlsmath/include/FloatingPoint/hls_hotbm.h:250]   --->   Operation 142 'sext' 'sext_ln34' <Predicate = true> <Delay = 0.00>
ST_18 : Operation 143 [5/5] (5.66ns)   --->   "%mul_ln34 = mul i93 %zext_ln34, i93 %sext_ln34" [/wrk/ci/prod/2024.2/hls_product/continuous/495/2024.2/src/shared/hls/clib/hlsmath/src/common/hls_hotbm_double.cpp:34->/wrk/ci/prod/2024.2/hls_product/continuous/495/2024.2/src/shared/hls/clib/hlsmath/include/FloatingPoint/hls_hotbm.h:250]   --->   Operation 143 'mul' 'mul_ln34' <Predicate = true> <Delay = 5.66> <CoreInst = "Multiplier">   --->   Core 3 'Multiplier' <Latency = 4> <II = 1> <Delay = 5.66> <FuncUnit> <Opcode : 'mul'> <InPorts = 2> <OutPorts = 1>

State 19 <SV = 18> <Delay = 6.44>
ST_19 : Operation 144 [4/5] (5.66ns)   --->   "%mul_ln26 = mul i98 %zext_ln25_1, i98 %zext_ln25" [/wrk/ci/prod/2024.2/hls_product/continuous/495/2024.2/src/shared/hls/clib/hlsmath/src/common/hls_hotbm_double.cpp:26->/wrk/ci/prod/2024.2/hls_product/continuous/495/2024.2/src/shared/hls/clib/hlsmath/include/FloatingPoint/hls_hotbm.h:250]   --->   Operation 144 'mul' 'mul_ln26' <Predicate = true> <Delay = 5.66> <CoreInst = "Multiplier">   --->   Core 3 'Multiplier' <Latency = 4> <II = 1> <Delay = 5.66> <FuncUnit> <Opcode : 'mul'> <InPorts = 2> <OutPorts = 1>
ST_19 : Operation 145 [4/5] (5.66ns)   --->   "%mul_ln27 = mul i98 %zext_ln25_1, i98 %zext_ln25_1" [/wrk/ci/prod/2024.2/hls_product/continuous/495/2024.2/src/shared/hls/clib/hlsmath/src/common/hls_hotbm_double.cpp:27->/wrk/ci/prod/2024.2/hls_product/continuous/495/2024.2/src/shared/hls/clib/hlsmath/include/FloatingPoint/hls_hotbm.h:250]   --->   Operation 145 'mul' 'mul_ln27' <Predicate = true> <Delay = 5.66> <CoreInst = "Multiplier">   --->   Core 3 'Multiplier' <Latency = 4> <II = 1> <Delay = 5.66> <FuncUnit> <Opcode : 'mul'> <InPorts = 2> <OutPorts = 1>
ST_19 : Operation 146 [4/5] (6.44ns)   --->   "%mul_ln33 = mul i108 %zext_ln33, i108 %sext_ln33" [/wrk/ci/prod/2024.2/hls_product/continuous/495/2024.2/src/shared/hls/clib/hlsmath/src/common/hls_hotbm_double.cpp:33->/wrk/ci/prod/2024.2/hls_product/continuous/495/2024.2/src/shared/hls/clib/hlsmath/include/FloatingPoint/hls_hotbm.h:250]   --->   Operation 146 'mul' 'mul_ln33' <Predicate = true> <Delay = 6.44> <CoreInst = "Multiplier">   --->   Core 3 'Multiplier' <Latency = 4> <II = 1> <Delay = 6.44> <FuncUnit> <Opcode : 'mul'> <InPorts = 2> <OutPorts = 1>
ST_19 : Operation 147 [4/5] (5.66ns)   --->   "%mul_ln34 = mul i93 %zext_ln34, i93 %sext_ln34" [/wrk/ci/prod/2024.2/hls_product/continuous/495/2024.2/src/shared/hls/clib/hlsmath/src/common/hls_hotbm_double.cpp:34->/wrk/ci/prod/2024.2/hls_product/continuous/495/2024.2/src/shared/hls/clib/hlsmath/include/FloatingPoint/hls_hotbm.h:250]   --->   Operation 147 'mul' 'mul_ln34' <Predicate = true> <Delay = 5.66> <CoreInst = "Multiplier">   --->   Core 3 'Multiplier' <Latency = 4> <II = 1> <Delay = 5.66> <FuncUnit> <Opcode : 'mul'> <InPorts = 2> <OutPorts = 1>

State 20 <SV = 19> <Delay = 6.44>
ST_20 : Operation 148 [3/5] (5.66ns)   --->   "%mul_ln26 = mul i98 %zext_ln25_1, i98 %zext_ln25" [/wrk/ci/prod/2024.2/hls_product/continuous/495/2024.2/src/shared/hls/clib/hlsmath/src/common/hls_hotbm_double.cpp:26->/wrk/ci/prod/2024.2/hls_product/continuous/495/2024.2/src/shared/hls/clib/hlsmath/include/FloatingPoint/hls_hotbm.h:250]   --->   Operation 148 'mul' 'mul_ln26' <Predicate = true> <Delay = 5.66> <CoreInst = "Multiplier">   --->   Core 3 'Multiplier' <Latency = 4> <II = 1> <Delay = 5.66> <FuncUnit> <Opcode : 'mul'> <InPorts = 2> <OutPorts = 1>
ST_20 : Operation 149 [3/5] (5.66ns)   --->   "%mul_ln27 = mul i98 %zext_ln25_1, i98 %zext_ln25_1" [/wrk/ci/prod/2024.2/hls_product/continuous/495/2024.2/src/shared/hls/clib/hlsmath/src/common/hls_hotbm_double.cpp:27->/wrk/ci/prod/2024.2/hls_product/continuous/495/2024.2/src/shared/hls/clib/hlsmath/include/FloatingPoint/hls_hotbm.h:250]   --->   Operation 149 'mul' 'mul_ln27' <Predicate = true> <Delay = 5.66> <CoreInst = "Multiplier">   --->   Core 3 'Multiplier' <Latency = 4> <II = 1> <Delay = 5.66> <FuncUnit> <Opcode : 'mul'> <InPorts = 2> <OutPorts = 1>
ST_20 : Operation 150 [3/5] (6.44ns)   --->   "%mul_ln33 = mul i108 %zext_ln33, i108 %sext_ln33" [/wrk/ci/prod/2024.2/hls_product/continuous/495/2024.2/src/shared/hls/clib/hlsmath/src/common/hls_hotbm_double.cpp:33->/wrk/ci/prod/2024.2/hls_product/continuous/495/2024.2/src/shared/hls/clib/hlsmath/include/FloatingPoint/hls_hotbm.h:250]   --->   Operation 150 'mul' 'mul_ln33' <Predicate = true> <Delay = 6.44> <CoreInst = "Multiplier">   --->   Core 3 'Multiplier' <Latency = 4> <II = 1> <Delay = 6.44> <FuncUnit> <Opcode : 'mul'> <InPorts = 2> <OutPorts = 1>
ST_20 : Operation 151 [3/5] (5.66ns)   --->   "%mul_ln34 = mul i93 %zext_ln34, i93 %sext_ln34" [/wrk/ci/prod/2024.2/hls_product/continuous/495/2024.2/src/shared/hls/clib/hlsmath/src/common/hls_hotbm_double.cpp:34->/wrk/ci/prod/2024.2/hls_product/continuous/495/2024.2/src/shared/hls/clib/hlsmath/include/FloatingPoint/hls_hotbm.h:250]   --->   Operation 151 'mul' 'mul_ln34' <Predicate = true> <Delay = 5.66> <CoreInst = "Multiplier">   --->   Core 3 'Multiplier' <Latency = 4> <II = 1> <Delay = 5.66> <FuncUnit> <Opcode : 'mul'> <InPorts = 2> <OutPorts = 1>

State 21 <SV = 20> <Delay = 6.44>
ST_21 : Operation 152 [2/5] (5.66ns)   --->   "%mul_ln26 = mul i98 %zext_ln25_1, i98 %zext_ln25" [/wrk/ci/prod/2024.2/hls_product/continuous/495/2024.2/src/shared/hls/clib/hlsmath/src/common/hls_hotbm_double.cpp:26->/wrk/ci/prod/2024.2/hls_product/continuous/495/2024.2/src/shared/hls/clib/hlsmath/include/FloatingPoint/hls_hotbm.h:250]   --->   Operation 152 'mul' 'mul_ln26' <Predicate = true> <Delay = 5.66> <CoreInst = "Multiplier">   --->   Core 3 'Multiplier' <Latency = 4> <II = 1> <Delay = 5.66> <FuncUnit> <Opcode : 'mul'> <InPorts = 2> <OutPorts = 1>
ST_21 : Operation 153 [2/5] (5.66ns)   --->   "%mul_ln27 = mul i98 %zext_ln25_1, i98 %zext_ln25_1" [/wrk/ci/prod/2024.2/hls_product/continuous/495/2024.2/src/shared/hls/clib/hlsmath/src/common/hls_hotbm_double.cpp:27->/wrk/ci/prod/2024.2/hls_product/continuous/495/2024.2/src/shared/hls/clib/hlsmath/include/FloatingPoint/hls_hotbm.h:250]   --->   Operation 153 'mul' 'mul_ln27' <Predicate = true> <Delay = 5.66> <CoreInst = "Multiplier">   --->   Core 3 'Multiplier' <Latency = 4> <II = 1> <Delay = 5.66> <FuncUnit> <Opcode : 'mul'> <InPorts = 2> <OutPorts = 1>
ST_21 : Operation 154 [1/1] (0.00ns)   --->   "%fourth_order_double_sin_cos_K0_addr = getelementptr i59 %fourth_order_double_sin_cos_K0, i64 0, i64 %zext_ln32" [/wrk/ci/prod/2024.2/hls_product/continuous/495/2024.2/src/shared/hls/clib/hlsmath/src/common/hls_hotbm_double.cpp:32->/wrk/ci/prod/2024.2/hls_product/continuous/495/2024.2/src/shared/hls/clib/hlsmath/include/FloatingPoint/hls_hotbm.h:250]   --->   Operation 154 'getelementptr' 'fourth_order_double_sin_cos_K0_addr' <Predicate = true> <Delay = 0.00>
ST_21 : Operation 155 [2/2] (2.32ns)   --->   "%fourth_order_double_sin_cos_K0_load = load i8 %fourth_order_double_sin_cos_K0_addr" [/wrk/ci/prod/2024.2/hls_product/continuous/495/2024.2/src/shared/hls/clib/hlsmath/src/common/hls_hotbm_double.cpp:32->/wrk/ci/prod/2024.2/hls_product/continuous/495/2024.2/src/shared/hls/clib/hlsmath/include/FloatingPoint/hls_hotbm.h:250]   --->   Operation 155 'load' 'fourth_order_double_sin_cos_K0_load' <Predicate = true> <Delay = 2.32> <CoreInst = "ROM_1P_LUTRAM">   --->   Core 96 'ROM_1P_LUTRAM' <Latency = 1> <II = 1> <Delay = 2.32> <Storage> <Opcode : 'load'> <Ports = 1> <Width = 59> <Depth = 256> <ROM>
ST_21 : Operation 156 [2/5] (6.44ns)   --->   "%mul_ln33 = mul i108 %zext_ln33, i108 %sext_ln33" [/wrk/ci/prod/2024.2/hls_product/continuous/495/2024.2/src/shared/hls/clib/hlsmath/src/common/hls_hotbm_double.cpp:33->/wrk/ci/prod/2024.2/hls_product/continuous/495/2024.2/src/shared/hls/clib/hlsmath/include/FloatingPoint/hls_hotbm.h:250]   --->   Operation 156 'mul' 'mul_ln33' <Predicate = true> <Delay = 6.44> <CoreInst = "Multiplier">   --->   Core 3 'Multiplier' <Latency = 4> <II = 1> <Delay = 6.44> <FuncUnit> <Opcode : 'mul'> <InPorts = 2> <OutPorts = 1>
ST_21 : Operation 157 [2/5] (5.66ns)   --->   "%mul_ln34 = mul i93 %zext_ln34, i93 %sext_ln34" [/wrk/ci/prod/2024.2/hls_product/continuous/495/2024.2/src/shared/hls/clib/hlsmath/src/common/hls_hotbm_double.cpp:34->/wrk/ci/prod/2024.2/hls_product/continuous/495/2024.2/src/shared/hls/clib/hlsmath/include/FloatingPoint/hls_hotbm.h:250]   --->   Operation 157 'mul' 'mul_ln34' <Predicate = true> <Delay = 5.66> <CoreInst = "Multiplier">   --->   Core 3 'Multiplier' <Latency = 4> <II = 1> <Delay = 5.66> <FuncUnit> <Opcode : 'mul'> <InPorts = 2> <OutPorts = 1>
ST_21 : Operation 158 [1/1] (0.00ns)   --->   "%fourth_order_double_sin_cos_K3_addr = getelementptr i33 %fourth_order_double_sin_cos_K3, i64 0, i64 %zext_ln32" [/wrk/ci/prod/2024.2/hls_product/continuous/495/2024.2/src/shared/hls/clib/hlsmath/src/common/hls_hotbm_double.cpp:35->/wrk/ci/prod/2024.2/hls_product/continuous/495/2024.2/src/shared/hls/clib/hlsmath/include/FloatingPoint/hls_hotbm.h:250]   --->   Operation 158 'getelementptr' 'fourth_order_double_sin_cos_K3_addr' <Predicate = true> <Delay = 0.00>
ST_21 : Operation 159 [2/2] (2.32ns)   --->   "%fourth_order_double_sin_cos_K3_load = load i8 %fourth_order_double_sin_cos_K3_addr" [/wrk/ci/prod/2024.2/hls_product/continuous/495/2024.2/src/shared/hls/clib/hlsmath/src/common/hls_hotbm_double.cpp:35->/wrk/ci/prod/2024.2/hls_product/continuous/495/2024.2/src/shared/hls/clib/hlsmath/include/FloatingPoint/hls_hotbm.h:250]   --->   Operation 159 'load' 'fourth_order_double_sin_cos_K3_load' <Predicate = true> <Delay = 2.32> <CoreInst = "ROM_1P_LUTRAM">   --->   Core 96 'ROM_1P_LUTRAM' <Latency = 1> <II = 1> <Delay = 2.32> <Storage> <Opcode : 'load'> <Ports = 1> <Width = 33> <Depth = 256> <ROM>
ST_21 : Operation 160 [1/1] (0.00ns)   --->   "%fourth_order_double_sin_cos_K4_addr = getelementptr i25 %fourth_order_double_sin_cos_K4, i64 0, i64 %zext_ln32" [/wrk/ci/prod/2024.2/hls_product/continuous/495/2024.2/src/shared/hls/clib/hlsmath/src/common/hls_hotbm_double.cpp:36->/wrk/ci/prod/2024.2/hls_product/continuous/495/2024.2/src/shared/hls/clib/hlsmath/include/FloatingPoint/hls_hotbm.h:250]   --->   Operation 160 'getelementptr' 'fourth_order_double_sin_cos_K4_addr' <Predicate = true> <Delay = 0.00>
ST_21 : Operation 161 [2/2] (2.32ns)   --->   "%fourth_order_double_sin_cos_K4_load = load i8 %fourth_order_double_sin_cos_K4_addr" [/wrk/ci/prod/2024.2/hls_product/continuous/495/2024.2/src/shared/hls/clib/hlsmath/src/common/hls_hotbm_double.cpp:36->/wrk/ci/prod/2024.2/hls_product/continuous/495/2024.2/src/shared/hls/clib/hlsmath/include/FloatingPoint/hls_hotbm.h:250]   --->   Operation 161 'load' 'fourth_order_double_sin_cos_K4_load' <Predicate = true> <Delay = 2.32> <CoreInst = "ROM_1P_LUTRAM">   --->   Core 96 'ROM_1P_LUTRAM' <Latency = 1> <II = 1> <Delay = 2.32> <Storage> <Opcode : 'load'> <Ports = 1> <Width = 25> <Depth = 256> <ROM>

State 22 <SV = 21> <Delay = 6.44>
ST_22 : Operation 162 [1/5] (5.66ns)   --->   "%mul_ln26 = mul i98 %zext_ln25_1, i98 %zext_ln25" [/wrk/ci/prod/2024.2/hls_product/continuous/495/2024.2/src/shared/hls/clib/hlsmath/src/common/hls_hotbm_double.cpp:26->/wrk/ci/prod/2024.2/hls_product/continuous/495/2024.2/src/shared/hls/clib/hlsmath/include/FloatingPoint/hls_hotbm.h:250]   --->   Operation 162 'mul' 'mul_ln26' <Predicate = true> <Delay = 5.66> <CoreInst = "Multiplier">   --->   Core 3 'Multiplier' <Latency = 4> <II = 1> <Delay = 5.66> <FuncUnit> <Opcode : 'mul'> <InPorts = 2> <OutPorts = 1>
ST_22 : Operation 163 [1/5] (5.66ns)   --->   "%mul_ln27 = mul i98 %zext_ln25_1, i98 %zext_ln25_1" [/wrk/ci/prod/2024.2/hls_product/continuous/495/2024.2/src/shared/hls/clib/hlsmath/src/common/hls_hotbm_double.cpp:27->/wrk/ci/prod/2024.2/hls_product/continuous/495/2024.2/src/shared/hls/clib/hlsmath/include/FloatingPoint/hls_hotbm.h:250]   --->   Operation 163 'mul' 'mul_ln27' <Predicate = true> <Delay = 5.66> <CoreInst = "Multiplier">   --->   Core 3 'Multiplier' <Latency = 4> <II = 1> <Delay = 5.66> <FuncUnit> <Opcode : 'mul'> <InPorts = 2> <OutPorts = 1>
ST_22 : Operation 164 [1/2] ( I:2.32ns O:2.32ns )   --->   "%fourth_order_double_sin_cos_K0_load = load i8 %fourth_order_double_sin_cos_K0_addr" [/wrk/ci/prod/2024.2/hls_product/continuous/495/2024.2/src/shared/hls/clib/hlsmath/src/common/hls_hotbm_double.cpp:32->/wrk/ci/prod/2024.2/hls_product/continuous/495/2024.2/src/shared/hls/clib/hlsmath/include/FloatingPoint/hls_hotbm.h:250]   --->   Operation 164 'load' 'fourth_order_double_sin_cos_K0_load' <Predicate = true> <Delay = 2.32> <CoreInst = "ROM_1P_LUTRAM">   --->   Core 96 'ROM_1P_LUTRAM' <Latency = 1> <II = 1> <Delay = 2.32> <Storage> <Opcode : 'load'> <Ports = 1> <Width = 59> <Depth = 256> <ROM>
ST_22 : Operation 165 [1/5] (6.44ns)   --->   "%mul_ln33 = mul i108 %zext_ln33, i108 %sext_ln33" [/wrk/ci/prod/2024.2/hls_product/continuous/495/2024.2/src/shared/hls/clib/hlsmath/src/common/hls_hotbm_double.cpp:33->/wrk/ci/prod/2024.2/hls_product/continuous/495/2024.2/src/shared/hls/clib/hlsmath/include/FloatingPoint/hls_hotbm.h:250]   --->   Operation 165 'mul' 'mul_ln33' <Predicate = true> <Delay = 6.44> <CoreInst = "Multiplier">   --->   Core 3 'Multiplier' <Latency = 4> <II = 1> <Delay = 6.44> <FuncUnit> <Opcode : 'mul'> <InPorts = 2> <OutPorts = 1>
ST_22 : Operation 166 [1/1] (0.00ns)   --->   "%trunc_ln2 = partselect i56 @_ssdm_op_PartSelect.i56.i108.i32.i32, i108 %mul_ln33, i32 52, i32 107" [/wrk/ci/prod/2024.2/hls_product/continuous/495/2024.2/src/shared/hls/clib/hlsmath/src/common/hls_hotbm_double.cpp:33->/wrk/ci/prod/2024.2/hls_product/continuous/495/2024.2/src/shared/hls/clib/hlsmath/include/FloatingPoint/hls_hotbm.h:250]   --->   Operation 166 'partselect' 'trunc_ln2' <Predicate = true> <Delay = 0.00>
ST_22 : Operation 167 [1/5] (5.66ns)   --->   "%mul_ln34 = mul i93 %zext_ln34, i93 %sext_ln34" [/wrk/ci/prod/2024.2/hls_product/continuous/495/2024.2/src/shared/hls/clib/hlsmath/src/common/hls_hotbm_double.cpp:34->/wrk/ci/prod/2024.2/hls_product/continuous/495/2024.2/src/shared/hls/clib/hlsmath/include/FloatingPoint/hls_hotbm.h:250]   --->   Operation 167 'mul' 'mul_ln34' <Predicate = true> <Delay = 5.66> <CoreInst = "Multiplier">   --->   Core 3 'Multiplier' <Latency = 4> <II = 1> <Delay = 5.66> <FuncUnit> <Opcode : 'mul'> <InPorts = 2> <OutPorts = 1>
ST_22 : Operation 168 [1/1] (0.00ns)   --->   "%trunc_ln3 = partselect i48 @_ssdm_op_PartSelect.i48.i93.i32.i32, i93 %mul_ln34, i32 45, i32 92" [/wrk/ci/prod/2024.2/hls_product/continuous/495/2024.2/src/shared/hls/clib/hlsmath/src/common/hls_hotbm_double.cpp:34->/wrk/ci/prod/2024.2/hls_product/continuous/495/2024.2/src/shared/hls/clib/hlsmath/include/FloatingPoint/hls_hotbm.h:250]   --->   Operation 168 'partselect' 'trunc_ln3' <Predicate = true> <Delay = 0.00>
ST_22 : Operation 169 [1/1] (0.00ns)   --->   "%tmp_3 = partselect i42 @_ssdm_op_PartSelect.i42.i98.i32.i32, i98 %mul_ln26, i32 56, i32 97" [/wrk/ci/prod/2024.2/hls_product/continuous/495/2024.2/src/shared/hls/clib/hlsmath/src/common/hls_hotbm_double.cpp:35->/wrk/ci/prod/2024.2/hls_product/continuous/495/2024.2/src/shared/hls/clib/hlsmath/include/FloatingPoint/hls_hotbm.h:250]   --->   Operation 169 'partselect' 'tmp_3' <Predicate = true> <Delay = 0.00>
ST_22 : Operation 170 [1/2] ( I:2.32ns O:2.32ns )   --->   "%fourth_order_double_sin_cos_K3_load = load i8 %fourth_order_double_sin_cos_K3_addr" [/wrk/ci/prod/2024.2/hls_product/continuous/495/2024.2/src/shared/hls/clib/hlsmath/src/common/hls_hotbm_double.cpp:35->/wrk/ci/prod/2024.2/hls_product/continuous/495/2024.2/src/shared/hls/clib/hlsmath/include/FloatingPoint/hls_hotbm.h:250]   --->   Operation 170 'load' 'fourth_order_double_sin_cos_K3_load' <Predicate = true> <Delay = 2.32> <CoreInst = "ROM_1P_LUTRAM">   --->   Core 96 'ROM_1P_LUTRAM' <Latency = 1> <II = 1> <Delay = 2.32> <Storage> <Opcode : 'load'> <Ports = 1> <Width = 33> <Depth = 256> <ROM>
ST_22 : Operation 171 [1/1] (0.00ns)   --->   "%tmp_4 = partselect i35 @_ssdm_op_PartSelect.i35.i98.i32.i32, i98 %mul_ln27, i32 63, i32 97" [/wrk/ci/prod/2024.2/hls_product/continuous/495/2024.2/src/shared/hls/clib/hlsmath/src/common/hls_hotbm_double.cpp:36->/wrk/ci/prod/2024.2/hls_product/continuous/495/2024.2/src/shared/hls/clib/hlsmath/include/FloatingPoint/hls_hotbm.h:250]   --->   Operation 171 'partselect' 'tmp_4' <Predicate = true> <Delay = 0.00>
ST_22 : Operation 172 [1/2] ( I:2.32ns O:2.32ns )   --->   "%fourth_order_double_sin_cos_K4_load = load i8 %fourth_order_double_sin_cos_K4_addr" [/wrk/ci/prod/2024.2/hls_product/continuous/495/2024.2/src/shared/hls/clib/hlsmath/src/common/hls_hotbm_double.cpp:36->/wrk/ci/prod/2024.2/hls_product/continuous/495/2024.2/src/shared/hls/clib/hlsmath/include/FloatingPoint/hls_hotbm.h:250]   --->   Operation 172 'load' 'fourth_order_double_sin_cos_K4_load' <Predicate = true> <Delay = 2.32> <CoreInst = "ROM_1P_LUTRAM">   --->   Core 96 'ROM_1P_LUTRAM' <Latency = 1> <II = 1> <Delay = 2.32> <Storage> <Opcode : 'load'> <Ports = 1> <Width = 25> <Depth = 256> <ROM>

State 23 <SV = 22> <Delay = 6.91>
ST_23 : Operation 173 [1/1] (0.00ns)   --->   "%t1 = bitconcatenate i63 @_ssdm_op_BitConcatenate.i63.i59.i4, i59 %fourth_order_double_sin_cos_K0_load, i4 0" [/wrk/ci/prod/2024.2/hls_product/continuous/495/2024.2/src/shared/hls/clib/hlsmath/src/common/hls_hotbm_double.cpp:32->/wrk/ci/prod/2024.2/hls_product/continuous/495/2024.2/src/shared/hls/clib/hlsmath/include/FloatingPoint/hls_hotbm.h:250]   --->   Operation 173 'bitconcatenate' 't1' <Predicate = true> <Delay = 0.00>
ST_23 : Operation 174 [1/1] (0.00ns)   --->   "%zext_ln35_1 = zext i42 %tmp_3" [/wrk/ci/prod/2024.2/hls_product/continuous/495/2024.2/src/shared/hls/clib/hlsmath/src/common/hls_hotbm_double.cpp:35->/wrk/ci/prod/2024.2/hls_product/continuous/495/2024.2/src/shared/hls/clib/hlsmath/include/FloatingPoint/hls_hotbm.h:250]   --->   Operation 174 'zext' 'zext_ln35_1' <Predicate = true> <Delay = 0.00>
ST_23 : Operation 175 [1/1] (0.00ns)   --->   "%zext_ln35 = zext i33 %fourth_order_double_sin_cos_K3_load" [/wrk/ci/prod/2024.2/hls_product/continuous/495/2024.2/src/shared/hls/clib/hlsmath/src/common/hls_hotbm_double.cpp:35->/wrk/ci/prod/2024.2/hls_product/continuous/495/2024.2/src/shared/hls/clib/hlsmath/include/FloatingPoint/hls_hotbm.h:250]   --->   Operation 175 'zext' 'zext_ln35' <Predicate = true> <Delay = 0.00>
ST_23 : Operation 176 [2/2] (6.91ns)   --->   "%mul_ln35 = mul i75 %zext_ln35_1, i75 %zext_ln35" [/wrk/ci/prod/2024.2/hls_product/continuous/495/2024.2/src/shared/hls/clib/hlsmath/src/common/hls_hotbm_double.cpp:35->/wrk/ci/prod/2024.2/hls_product/continuous/495/2024.2/src/shared/hls/clib/hlsmath/include/FloatingPoint/hls_hotbm.h:250]   --->   Operation 176 'mul' 'mul_ln35' <Predicate = true> <Delay = 6.91> <CoreInst = "Multiplier">   --->   Core 3 'Multiplier' <Latency = 1> <II = 1> <Delay = 6.91> <FuncUnit> <Opcode : 'mul'> <InPorts = 2> <OutPorts = 1>
ST_23 : Operation 177 [1/1] (0.00ns)   --->   "%zext_ln36_1 = zext i35 %tmp_4" [/wrk/ci/prod/2024.2/hls_product/continuous/495/2024.2/src/shared/hls/clib/hlsmath/src/common/hls_hotbm_double.cpp:36->/wrk/ci/prod/2024.2/hls_product/continuous/495/2024.2/src/shared/hls/clib/hlsmath/include/FloatingPoint/hls_hotbm.h:250]   --->   Operation 177 'zext' 'zext_ln36_1' <Predicate = true> <Delay = 0.00>
ST_23 : Operation 178 [1/1] (0.00ns)   --->   "%zext_ln36 = zext i25 %fourth_order_double_sin_cos_K4_load" [/wrk/ci/prod/2024.2/hls_product/continuous/495/2024.2/src/shared/hls/clib/hlsmath/src/common/hls_hotbm_double.cpp:36->/wrk/ci/prod/2024.2/hls_product/continuous/495/2024.2/src/shared/hls/clib/hlsmath/include/FloatingPoint/hls_hotbm.h:250]   --->   Operation 178 'zext' 'zext_ln36' <Predicate = true> <Delay = 0.00>
ST_23 : Operation 179 [2/2] (6.91ns)   --->   "%mul_ln36 = mul i60 %zext_ln36_1, i60 %zext_ln36" [/wrk/ci/prod/2024.2/hls_product/continuous/495/2024.2/src/shared/hls/clib/hlsmath/src/common/hls_hotbm_double.cpp:36->/wrk/ci/prod/2024.2/hls_product/continuous/495/2024.2/src/shared/hls/clib/hlsmath/include/FloatingPoint/hls_hotbm.h:250]   --->   Operation 179 'mul' 'mul_ln36' <Predicate = true> <Delay = 6.91> <CoreInst = "Multiplier">   --->   Core 3 'Multiplier' <Latency = 1> <II = 1> <Delay = 6.91> <FuncUnit> <Opcode : 'mul'> <InPorts = 2> <OutPorts = 1>
ST_23 : Operation 180 [1/1] (0.00ns)   --->   "%sext_ln37 = sext i63 %t1" [/wrk/ci/prod/2024.2/hls_product/continuous/495/2024.2/src/shared/hls/clib/hlsmath/src/common/hls_hotbm_double.cpp:37->/wrk/ci/prod/2024.2/hls_product/continuous/495/2024.2/src/shared/hls/clib/hlsmath/include/FloatingPoint/hls_hotbm.h:250]   --->   Operation 180 'sext' 'sext_ln37' <Predicate = true> <Delay = 0.00>
ST_23 : Operation 181 [1/1] (0.00ns)   --->   "%sext_ln37_1 = sext i56 %trunc_ln2" [/wrk/ci/prod/2024.2/hls_product/continuous/495/2024.2/src/shared/hls/clib/hlsmath/src/common/hls_hotbm_double.cpp:37->/wrk/ci/prod/2024.2/hls_product/continuous/495/2024.2/src/shared/hls/clib/hlsmath/include/FloatingPoint/hls_hotbm.h:250]   --->   Operation 181 'sext' 'sext_ln37_1' <Predicate = true> <Delay = 0.00>
ST_23 : Operation 182 [1/1] (0.00ns) (grouped into TernaryAdder)   --->   "%add_ln37 = add i64 %sext_ln37, i64 %sext_ln37_1" [/wrk/ci/prod/2024.2/hls_product/continuous/495/2024.2/src/shared/hls/clib/hlsmath/src/common/hls_hotbm_double.cpp:37->/wrk/ci/prod/2024.2/hls_product/continuous/495/2024.2/src/shared/hls/clib/hlsmath/include/FloatingPoint/hls_hotbm.h:250]   --->   Operation 182 'add' 'add_ln37' <Predicate = true> <Delay = 0.00> <CoreInst = "TAddSub">   --->   Core 10 'TAddSub' <Latency = 0> <II = 1> <Delay = 2.65> <IPBlock> <Opcode : '' 'add' 'sub'> <InPorts = 3> <OutPorts = 1> <Sync> <CReg>
ST_23 : Operation 183 [1/1] (0.00ns)   --->   "%sext_ln37_2 = sext i48 %trunc_ln3" [/wrk/ci/prod/2024.2/hls_product/continuous/495/2024.2/src/shared/hls/clib/hlsmath/src/common/hls_hotbm_double.cpp:37->/wrk/ci/prod/2024.2/hls_product/continuous/495/2024.2/src/shared/hls/clib/hlsmath/include/FloatingPoint/hls_hotbm.h:250]   --->   Operation 183 'sext' 'sext_ln37_2' <Predicate = true> <Delay = 0.00>
ST_23 : Operation 184 [1/1] (5.30ns) (root node of TernaryAdder)   --->   "%add_ln37_1 = add i64 %add_ln37, i64 %sext_ln37_2" [/wrk/ci/prod/2024.2/hls_product/continuous/495/2024.2/src/shared/hls/clib/hlsmath/src/common/hls_hotbm_double.cpp:37->/wrk/ci/prod/2024.2/hls_product/continuous/495/2024.2/src/shared/hls/clib/hlsmath/include/FloatingPoint/hls_hotbm.h:250]   --->   Operation 184 'add' 'add_ln37_1' <Predicate = true> <Delay = 5.30> <CoreInst = "TAddSub">   --->   Core 10 'TAddSub' <Latency = 0> <II = 1> <Delay = 2.65> <IPBlock> <Opcode : '' 'add' 'sub'> <InPorts = 3> <OutPorts = 1> <Sync> <CReg>

State 24 <SV = 23> <Delay = 6.91>
ST_24 : Operation 185 [1/2] (6.91ns)   --->   "%mul_ln35 = mul i75 %zext_ln35_1, i75 %zext_ln35" [/wrk/ci/prod/2024.2/hls_product/continuous/495/2024.2/src/shared/hls/clib/hlsmath/src/common/hls_hotbm_double.cpp:35->/wrk/ci/prod/2024.2/hls_product/continuous/495/2024.2/src/shared/hls/clib/hlsmath/include/FloatingPoint/hls_hotbm.h:250]   --->   Operation 185 'mul' 'mul_ln35' <Predicate = true> <Delay = 6.91> <CoreInst = "Multiplier">   --->   Core 3 'Multiplier' <Latency = 1> <II = 1> <Delay = 6.91> <FuncUnit> <Opcode : 'mul'> <InPorts = 2> <OutPorts = 1>
ST_24 : Operation 186 [1/2] (6.91ns)   --->   "%mul_ln36 = mul i60 %zext_ln36_1, i60 %zext_ln36" [/wrk/ci/prod/2024.2/hls_product/continuous/495/2024.2/src/shared/hls/clib/hlsmath/src/common/hls_hotbm_double.cpp:36->/wrk/ci/prod/2024.2/hls_product/continuous/495/2024.2/src/shared/hls/clib/hlsmath/include/FloatingPoint/hls_hotbm.h:250]   --->   Operation 186 'mul' 'mul_ln36' <Predicate = true> <Delay = 6.91> <CoreInst = "Multiplier">   --->   Core 3 'Multiplier' <Latency = 1> <II = 1> <Delay = 6.91> <FuncUnit> <Opcode : 'mul'> <InPorts = 2> <OutPorts = 1>
ST_24 : Operation 187 [1/1] (0.00ns)   --->   "%lshr_ln = partselect i29 @_ssdm_op_PartSelect.i29.i60.i32.i32, i60 %mul_ln36, i32 31, i32 59" [/wrk/ci/prod/2024.2/hls_product/continuous/495/2024.2/src/shared/hls/clib/hlsmath/src/common/hls_hotbm_double.cpp:36->/wrk/ci/prod/2024.2/hls_product/continuous/495/2024.2/src/shared/hls/clib/hlsmath/include/FloatingPoint/hls_hotbm.h:250]   --->   Operation 187 'partselect' 'lshr_ln' <Predicate = true> <Delay = 0.00>
ST_24 : Operation 188 [1/1] (0.00ns)   --->   "%tmp_6 = partselect i37 @_ssdm_op_PartSelect.i37.i75.i32.i32, i75 %mul_ln35, i32 38, i32 74" [/wrk/ci/prod/2024.2/hls_product/continuous/495/2024.2/src/shared/hls/clib/hlsmath/src/common/hls_hotbm_double.cpp:37->/wrk/ci/prod/2024.2/hls_product/continuous/495/2024.2/src/shared/hls/clib/hlsmath/include/FloatingPoint/hls_hotbm.h:250]   --->   Operation 188 'partselect' 'tmp_6' <Predicate = true> <Delay = 0.00>

State 25 <SV = 24> <Delay = 5.30>
ST_25 : Operation 189 [1/1] (0.00ns)   --->   "%zext_ln37_1 = zext i37 %tmp_6" [/wrk/ci/prod/2024.2/hls_product/continuous/495/2024.2/src/shared/hls/clib/hlsmath/src/common/hls_hotbm_double.cpp:37->/wrk/ci/prod/2024.2/hls_product/continuous/495/2024.2/src/shared/hls/clib/hlsmath/include/FloatingPoint/hls_hotbm.h:250]   --->   Operation 189 'zext' 'zext_ln37_1' <Predicate = true> <Delay = 0.00>
ST_25 : Operation 190 [1/1] (0.00ns) (grouped into TernaryAdder)   --->   "%add_ln37_2 = add i64 %add_ln37_1, i64 %zext_ln37_1" [/wrk/ci/prod/2024.2/hls_product/continuous/495/2024.2/src/shared/hls/clib/hlsmath/src/common/hls_hotbm_double.cpp:37->/wrk/ci/prod/2024.2/hls_product/continuous/495/2024.2/src/shared/hls/clib/hlsmath/include/FloatingPoint/hls_hotbm.h:250]   --->   Operation 190 'add' 'add_ln37_2' <Predicate = true> <Delay = 0.00> <CoreInst = "TAddSub">   --->   Core 10 'TAddSub' <Latency = 0> <II = 1> <Delay = 2.65> <IPBlock> <Opcode : '' 'add' 'sub'> <InPorts = 3> <OutPorts = 1> <Sync> <CReg>
ST_25 : Operation 191 [1/1] (0.00ns)   --->   "%zext_ln242 = zext i29 %lshr_ln" [/wrk/ci/prod/2024.2/hls_product/continuous/495/2024.2/src/shared/hls/clib/hlsmath/include/FloatingPoint/hls_hotbm.h:242]   --->   Operation 191 'zext' 'zext_ln242' <Predicate = true> <Delay = 0.00>
ST_25 : Operation 192 [1/1] (5.30ns) (root node of TernaryAdder)   --->   "%add_ln37_3 = add i64 %add_ln37_2, i64 %zext_ln242" [/wrk/ci/prod/2024.2/hls_product/continuous/495/2024.2/src/shared/hls/clib/hlsmath/src/common/hls_hotbm_double.cpp:37->/wrk/ci/prod/2024.2/hls_product/continuous/495/2024.2/src/shared/hls/clib/hlsmath/include/FloatingPoint/hls_hotbm.h:250]   --->   Operation 192 'add' 'add_ln37_3' <Predicate = true> <Delay = 5.30> <CoreInst = "TAddSub">   --->   Core 10 'TAddSub' <Latency = 0> <II = 1> <Delay = 2.65> <IPBlock> <Opcode : '' 'add' 'sub'> <InPorts = 3> <OutPorts = 1> <Sync> <CReg>
ST_25 : Operation 193 [1/1] (1.41ns)   --->   "%Mx_2 = select i1 %cos_basis, i63 9223372036854775807, i63 %Mx" [/wrk/ci/prod/2024.2/hls_product/continuous/495/2024.2/src/shared/hls/clib/hlsmath/include/FloatingPoint/hls_hotbm.h:243]   --->   Operation 193 'select' 'Mx_2' <Predicate = true> <Delay = 1.41> <CoreInst = "Sel">   --->   Core 73 'Sel' <Latency = 0> <II = 1> <Delay = 1.41> <FuncUnit> <Opcode : 'select'> <InPorts = 3> <OutPorts = 1>

State 26 <SV = 25> <Delay = 6.97>
ST_26 : Operation 194 [1/1] (0.00ns)   --->   "%sext_ln243 = sext i64 %add_ln37_3" [/wrk/ci/prod/2024.2/hls_product/continuous/495/2024.2/src/shared/hls/clib/hlsmath/include/FloatingPoint/hls_hotbm.h:243]   --->   Operation 194 'sext' 'sext_ln243' <Predicate = true> <Delay = 0.00>
ST_26 : Operation 195 [1/1] (0.00ns)   --->   "%zext_ln37 = zext i63 %Mx_2" [/wrk/ci/prod/2024.2/hls_product/continuous/495/2024.2/src/shared/hls/clib/hlsmath/src/common/hls_hotbm_double.cpp:37->/wrk/ci/prod/2024.2/hls_product/continuous/495/2024.2/src/shared/hls/clib/hlsmath/include/FloatingPoint/hls_hotbm.h:250]   --->   Operation 195 'zext' 'zext_ln37' <Predicate = true> <Delay = 0.00>
ST_26 : Operation 196 [5/5] (6.97ns)   --->   "%mul_ln37 = mul i126 %sext_ln243, i126 %zext_ln37" [/wrk/ci/prod/2024.2/hls_product/continuous/495/2024.2/src/shared/hls/clib/hlsmath/src/common/hls_hotbm_double.cpp:37->/wrk/ci/prod/2024.2/hls_product/continuous/495/2024.2/src/shared/hls/clib/hlsmath/include/FloatingPoint/hls_hotbm.h:250]   --->   Operation 196 'mul' 'mul_ln37' <Predicate = true> <Delay = 6.97> <CoreInst = "Multiplier">   --->   Core 3 'Multiplier' <Latency = 4> <II = 1> <Delay = 6.97> <FuncUnit> <Opcode : 'mul'> <InPorts = 2> <OutPorts = 1>

State 27 <SV = 26> <Delay = 6.97>
ST_27 : Operation 197 [4/5] (6.97ns)   --->   "%mul_ln37 = mul i126 %sext_ln243, i126 %zext_ln37" [/wrk/ci/prod/2024.2/hls_product/continuous/495/2024.2/src/shared/hls/clib/hlsmath/src/common/hls_hotbm_double.cpp:37->/wrk/ci/prod/2024.2/hls_product/continuous/495/2024.2/src/shared/hls/clib/hlsmath/include/FloatingPoint/hls_hotbm.h:250]   --->   Operation 197 'mul' 'mul_ln37' <Predicate = true> <Delay = 6.97> <CoreInst = "Multiplier">   --->   Core 3 'Multiplier' <Latency = 4> <II = 1> <Delay = 6.97> <FuncUnit> <Opcode : 'mul'> <InPorts = 2> <OutPorts = 1>

State 28 <SV = 27> <Delay = 6.97>
ST_28 : Operation 198 [3/5] (6.97ns)   --->   "%mul_ln37 = mul i126 %sext_ln243, i126 %zext_ln37" [/wrk/ci/prod/2024.2/hls_product/continuous/495/2024.2/src/shared/hls/clib/hlsmath/src/common/hls_hotbm_double.cpp:37->/wrk/ci/prod/2024.2/hls_product/continuous/495/2024.2/src/shared/hls/clib/hlsmath/include/FloatingPoint/hls_hotbm.h:250]   --->   Operation 198 'mul' 'mul_ln37' <Predicate = true> <Delay = 6.97> <CoreInst = "Multiplier">   --->   Core 3 'Multiplier' <Latency = 4> <II = 1> <Delay = 6.97> <FuncUnit> <Opcode : 'mul'> <InPorts = 2> <OutPorts = 1>

State 29 <SV = 28> <Delay = 6.97>
ST_29 : Operation 199 [2/5] (6.97ns)   --->   "%mul_ln37 = mul i126 %sext_ln243, i126 %zext_ln37" [/wrk/ci/prod/2024.2/hls_product/continuous/495/2024.2/src/shared/hls/clib/hlsmath/src/common/hls_hotbm_double.cpp:37->/wrk/ci/prod/2024.2/hls_product/continuous/495/2024.2/src/shared/hls/clib/hlsmath/include/FloatingPoint/hls_hotbm.h:250]   --->   Operation 199 'mul' 'mul_ln37' <Predicate = true> <Delay = 6.97> <CoreInst = "Multiplier">   --->   Core 3 'Multiplier' <Latency = 4> <II = 1> <Delay = 6.97> <FuncUnit> <Opcode : 'mul'> <InPorts = 2> <OutPorts = 1>

State 30 <SV = 29> <Delay = 6.97>
ST_30 : Operation 200 [1/5] (6.97ns)   --->   "%mul_ln37 = mul i126 %sext_ln243, i126 %zext_ln37" [/wrk/ci/prod/2024.2/hls_product/continuous/495/2024.2/src/shared/hls/clib/hlsmath/src/common/hls_hotbm_double.cpp:37->/wrk/ci/prod/2024.2/hls_product/continuous/495/2024.2/src/shared/hls/clib/hlsmath/include/FloatingPoint/hls_hotbm.h:250]   --->   Operation 200 'mul' 'mul_ln37' <Predicate = true> <Delay = 6.97> <CoreInst = "Multiplier">   --->   Core 3 'Multiplier' <Latency = 4> <II = 1> <Delay = 6.97> <FuncUnit> <Opcode : 'mul'> <InPorts = 2> <OutPorts = 1>
ST_30 : Operation 201 [1/1] (0.00ns)   --->   "%result = partselect i63 @_ssdm_op_PartSelect.i63.i126.i32.i32, i126 %mul_ln37, i32 63, i32 125" [/wrk/ci/prod/2024.2/hls_product/continuous/495/2024.2/src/shared/hls/clib/hlsmath/src/common/hls_hotbm_double.cpp:37->/wrk/ci/prod/2024.2/hls_product/continuous/495/2024.2/src/shared/hls/clib/hlsmath/include/FloatingPoint/hls_hotbm.h:250]   --->   Operation 201 'partselect' 'result' <Predicate = true> <Delay = 0.00>
ST_30 : Operation 202 [1/1] (0.00ns)   --->   "%tmp_9 = partselect i15 @_ssdm_op_PartSelect.i15.i126.i32.i32, i126 %mul_ln37, i32 63, i32 77" [/wrk/ci/prod/2024.2/hls_product/continuous/495/2024.2/src/shared/hls/clib/src/hls/utils/x_hls_float_utils.h:408->/wrk/ci/prod/2024.2/hls_product/continuous/495/2024.2/src/shared/hls/clib/hlsmath/include/FloatingPoint/hls_hotbm.h:252]   --->   Operation 202 'partselect' 'tmp_9' <Predicate = true> <Delay = 0.00>

State 31 <SV = 30> <Delay = 3.77>
ST_31 : Operation 203 [1/1] (0.00ns)   --->   "%out_bits_5_loc_load = load i32 %out_bits_5_loc"   --->   Operation 203 'load' 'out_bits_5_loc_load' <Predicate = true> <Delay = 0.00>
ST_31 : Operation 204 [1/1] (0.00ns)   --->   "%out_bits_4_loc_load = load i32 %out_bits_4_loc"   --->   Operation 204 'load' 'out_bits_4_loc_load' <Predicate = true> <Delay = 0.00>
ST_31 : Operation 205 [1/1] (0.00ns)   --->   "%out_bits_3_loc_load = load i32 %out_bits_3_loc"   --->   Operation 205 'load' 'out_bits_3_loc_load' <Predicate = true> <Delay = 0.00>
ST_31 : Operation 206 [2/2] (3.77ns)   --->   "%call_ln37 = call void @sin_or_cos<double>_Pipeline_2, i32 %out_bits_5_loc_load, i32 %out_bits_4_loc_load, i32 %out_bits_3_loc_load, i63 %result, i32 %out_bits_9_loc, i32 %out_bits_8_loc, i32 %out_bits_7_loc" [/wrk/ci/prod/2024.2/hls_product/continuous/495/2024.2/src/shared/hls/clib/hlsmath/src/common/hls_hotbm_double.cpp:37->/wrk/ci/prod/2024.2/hls_product/continuous/495/2024.2/src/shared/hls/clib/hlsmath/include/FloatingPoint/hls_hotbm.h:250]   --->   Operation 206 'call' 'call_ln37' <Predicate = true> <Delay = 3.77> <CoreType = "Generic">   --->   Generic Core

State 32 <SV = 31> <Delay = 4.74>
ST_32 : Operation 207 [1/2] (4.74ns)   --->   "%call_ln37 = call void @sin_or_cos<double>_Pipeline_2, i32 %out_bits_5_loc_load, i32 %out_bits_4_loc_load, i32 %out_bits_3_loc_load, i63 %result, i32 %out_bits_9_loc, i32 %out_bits_8_loc, i32 %out_bits_7_loc" [/wrk/ci/prod/2024.2/hls_product/continuous/495/2024.2/src/shared/hls/clib/hlsmath/src/common/hls_hotbm_double.cpp:37->/wrk/ci/prod/2024.2/hls_product/continuous/495/2024.2/src/shared/hls/clib/hlsmath/include/FloatingPoint/hls_hotbm.h:250]   --->   Operation 207 'call' 'call_ln37' <Predicate = true> <Delay = 4.74> <CoreType = "Generic">   --->   Generic Core

State 33 <SV = 32> <Delay = 3.95>
ST_33 : Operation 208 [1/1] (0.00ns)   --->   "%out_bits_9_loc_load = load i32 %out_bits_9_loc"   --->   Operation 208 'load' 'out_bits_9_loc_load' <Predicate = true> <Delay = 0.00>
ST_33 : Operation 209 [1/1] (0.00ns)   --->   "%out_bits_8_loc_load = load i32 %out_bits_8_loc"   --->   Operation 209 'load' 'out_bits_8_loc_load' <Predicate = true> <Delay = 0.00>
ST_33 : Operation 210 [1/1] (0.00ns)   --->   "%out_bits_7_loc_load = load i32 %out_bits_7_loc"   --->   Operation 210 'load' 'out_bits_7_loc_load' <Predicate = true> <Delay = 0.00>
ST_33 : Operation 211 [1/1] (0.00ns)   --->   "%out_bits_6 = bitconcatenate i32 @_ssdm_op_BitConcatenate.i32.i15.i17, i15 %tmp_9, i17 65536" [/wrk/ci/prod/2024.2/hls_product/continuous/495/2024.2/src/shared/hls/clib/src/hls/utils/x_hls_float_utils.h:410->/wrk/ci/prod/2024.2/hls_product/continuous/495/2024.2/src/shared/hls/clib/hlsmath/include/FloatingPoint/hls_hotbm.h:252]   --->   Operation 211 'bitconcatenate' 'out_bits_6' <Predicate = true> <Delay = 0.00>
ST_33 : Operation 212 [2/2] (3.95ns)   --->   "%call_ln410 = call void @sin_or_cos<double>_Pipeline_3, i32 %out_bits_7_loc_load, i32 %out_bits_8_loc_load, i32 %out_bits_9_loc_load, i32 %out_bits_6, i32 %c_3_loc, i32 %c_2_loc, i32 %c_1_loc, i32 %c_loc" [/wrk/ci/prod/2024.2/hls_product/continuous/495/2024.2/src/shared/hls/clib/src/hls/utils/x_hls_float_utils.h:410->/wrk/ci/prod/2024.2/hls_product/continuous/495/2024.2/src/shared/hls/clib/hlsmath/include/FloatingPoint/hls_hotbm.h:252]   --->   Operation 212 'call' 'call_ln410' <Predicate = true> <Delay = 3.95> <CoreType = "Generic">   --->   Generic Core

State 34 <SV = 33> <Delay = 4.82>
ST_34 : Operation 213 [1/2] (4.82ns)   --->   "%call_ln410 = call void @sin_or_cos<double>_Pipeline_3, i32 %out_bits_7_loc_load, i32 %out_bits_8_loc_load, i32 %out_bits_9_loc_load, i32 %out_bits_6, i32 %c_3_loc, i32 %c_2_loc, i32 %c_1_loc, i32 %c_loc" [/wrk/ci/prod/2024.2/hls_product/continuous/495/2024.2/src/shared/hls/clib/src/hls/utils/x_hls_float_utils.h:410->/wrk/ci/prod/2024.2/hls_product/continuous/495/2024.2/src/shared/hls/clib/hlsmath/include/FloatingPoint/hls_hotbm.h:252]   --->   Operation 213 'call' 'call_ln410' <Predicate = true> <Delay = 4.82> <CoreType = "Generic">   --->   Generic Core

State 35 <SV = 34> <Delay = 4.37>
ST_35 : Operation 214 [1/1] (0.00ns)   --->   "%c_3_loc_load = load i32 %c_3_loc"   --->   Operation 214 'load' 'c_3_loc_load' <Predicate = true> <Delay = 0.00>
ST_35 : Operation 215 [1/1] (0.00ns)   --->   "%c_2_loc_load = load i32 %c_2_loc"   --->   Operation 215 'load' 'c_2_loc_load' <Predicate = true> <Delay = 0.00>
ST_35 : Operation 216 [1/1] (0.00ns)   --->   "%c_1_loc_load = load i32 %c_1_loc"   --->   Operation 216 'load' 'c_1_loc_load' <Predicate = true> <Delay = 0.00>
ST_35 : Operation 217 [1/1] (0.00ns)   --->   "%c_loc_load = load i32 %c_loc"   --->   Operation 217 'load' 'c_loc_load' <Predicate = true> <Delay = 0.00>
ST_35 : Operation 218 [2/2] (4.37ns)   --->   "%call_ln37 = call void @sin_or_cos<double>_Pipeline_4, i63 %result, i32 %c_loc_load, i32 %c_1_loc_load, i32 %c_2_loc_load, i32 %c_3_loc_load, i32 %shift_1_loc, i62 %in_shift_loc" [/wrk/ci/prod/2024.2/hls_product/continuous/495/2024.2/src/shared/hls/clib/hlsmath/src/common/hls_hotbm_double.cpp:37->/wrk/ci/prod/2024.2/hls_product/continuous/495/2024.2/src/shared/hls/clib/hlsmath/include/FloatingPoint/hls_hotbm.h:250]   --->   Operation 218 'call' 'call_ln37' <Predicate = true> <Delay = 4.37> <CoreType = "Generic">   --->   Generic Core
ST_35 : Operation 219 [1/1] (3.49ns)   --->   "%icmp_ln433 = icmp_eq  i63 %result, i63 0" [/wrk/ci/prod/2024.2/hls_product/continuous/495/2024.2/src/shared/hls/clib/src/hls/utils/x_hls_float_utils.h:433->/wrk/ci/prod/2024.2/hls_product/continuous/495/2024.2/src/shared/hls/clib/hlsmath/include/FloatingPoint/hls_hotbm.h:252]   --->   Operation 219 'icmp' 'icmp_ln433' <Predicate = true> <Delay = 3.49> <CoreInst = "Cmp">   --->   Core 9 'Cmp' <Latency = 0> <II = 1> <Delay = 3.49> <FuncUnit> <Opcode : 'seteq' 'setne' 'setle' 'setge' 'setlt' 'setgt'> <InPorts = 2> <OutPorts = 1>

State 36 <SV = 35> <Delay = 0.00>
ST_36 : Operation 220 [1/2] (0.00ns)   --->   "%call_ln37 = call void @sin_or_cos<double>_Pipeline_4, i63 %result, i32 %c_loc_load, i32 %c_1_loc_load, i32 %c_2_loc_load, i32 %c_3_loc_load, i32 %shift_1_loc, i62 %in_shift_loc" [/wrk/ci/prod/2024.2/hls_product/continuous/495/2024.2/src/shared/hls/clib/hlsmath/src/common/hls_hotbm_double.cpp:37->/wrk/ci/prod/2024.2/hls_product/continuous/495/2024.2/src/shared/hls/clib/hlsmath/include/FloatingPoint/hls_hotbm.h:250]   --->   Operation 220 'call' 'call_ln37' <Predicate = true> <Delay = 0.00> <CoreType = "Generic">   --->   Generic Core

State 37 <SV = 36> <Delay = 6.16>
ST_37 : Operation 221 [1/1] (0.00ns)   --->   "%specmemcore_ln16 = specmemcore void @_ssdm_op_SpecMemCore, i59 %fourth_order_double_sin_cos_K0, i64 666, i64 34, i64 18446744073709551615" [/wrk/ci/prod/2024.2/hls_product/continuous/495/2024.2/src/shared/hls/clib/hlsmath/src/common/hls_hotbm_double.cpp:16->/wrk/ci/prod/2024.2/hls_product/continuous/495/2024.2/src/shared/hls/clib/hlsmath/include/FloatingPoint/hls_hotbm.h:250]   --->   Operation 221 'specmemcore' 'specmemcore_ln16' <Predicate = true> <Delay = 0.00>
ST_37 : Operation 222 [1/1] (0.00ns)   --->   "%specmemcore_ln17 = specmemcore void @_ssdm_op_SpecMemCore, i52 %fourth_order_double_sin_cos_K1, i64 666, i64 34, i64 18446744073709551615" [/wrk/ci/prod/2024.2/hls_product/continuous/495/2024.2/src/shared/hls/clib/hlsmath/src/common/hls_hotbm_double.cpp:17->/wrk/ci/prod/2024.2/hls_product/continuous/495/2024.2/src/shared/hls/clib/hlsmath/include/FloatingPoint/hls_hotbm.h:250]   --->   Operation 222 'specmemcore' 'specmemcore_ln17' <Predicate = true> <Delay = 0.00>
ST_37 : Operation 223 [1/1] (0.00ns)   --->   "%specmemcore_ln18 = specmemcore void @_ssdm_op_SpecMemCore, i44 %fourth_order_double_sin_cos_K2, i64 666, i64 34, i64 18446744073709551615" [/wrk/ci/prod/2024.2/hls_product/continuous/495/2024.2/src/shared/hls/clib/hlsmath/src/common/hls_hotbm_double.cpp:18->/wrk/ci/prod/2024.2/hls_product/continuous/495/2024.2/src/shared/hls/clib/hlsmath/include/FloatingPoint/hls_hotbm.h:250]   --->   Operation 223 'specmemcore' 'specmemcore_ln18' <Predicate = true> <Delay = 0.00>
ST_37 : Operation 224 [1/1] (0.00ns)   --->   "%specmemcore_ln19 = specmemcore void @_ssdm_op_SpecMemCore, i33 %fourth_order_double_sin_cos_K3, i64 666, i64 34, i64 18446744073709551615" [/wrk/ci/prod/2024.2/hls_product/continuous/495/2024.2/src/shared/hls/clib/hlsmath/src/common/hls_hotbm_double.cpp:19->/wrk/ci/prod/2024.2/hls_product/continuous/495/2024.2/src/shared/hls/clib/hlsmath/include/FloatingPoint/hls_hotbm.h:250]   --->   Operation 224 'specmemcore' 'specmemcore_ln19' <Predicate = true> <Delay = 0.00>
ST_37 : Operation 225 [1/1] (0.00ns)   --->   "%specmemcore_ln20 = specmemcore void @_ssdm_op_SpecMemCore, i25 %fourth_order_double_sin_cos_K4, i64 666, i64 34, i64 18446744073709551615" [/wrk/ci/prod/2024.2/hls_product/continuous/495/2024.2/src/shared/hls/clib/hlsmath/src/common/hls_hotbm_double.cpp:20->/wrk/ci/prod/2024.2/hls_product/continuous/495/2024.2/src/shared/hls/clib/hlsmath/include/FloatingPoint/hls_hotbm.h:250]   --->   Operation 225 'specmemcore' 'specmemcore_ln20' <Predicate = true> <Delay = 0.00>
ST_37 : Operation 226 [1/1] (0.00ns) (grouped into LUT with out node add_ln432)   --->   "%Ex_3 = select i1 %cos_basis, i11 0, i11 %Ex_1" [/wrk/ci/prod/2024.2/hls_product/continuous/495/2024.2/src/shared/hls/clib/hlsmath/include/FloatingPoint/hls_hotbm.h:243]   --->   Operation 226 'select' 'Ex_3' <Predicate = true> <Delay = 0.00> <CoreInst = "Sel">   --->   Core 73 'Sel' <Latency = 0> <II = 1> <Delay = 0.69> <FuncUnit> <Opcode : 'select'> <InPorts = 3> <OutPorts = 1>
ST_37 : Operation 227 [1/1] (0.00ns) (grouped into LUT with out node add_ln432)   --->   "%sext_ln252 = sext i11 %Ex_3" [/wrk/ci/prod/2024.2/hls_product/continuous/495/2024.2/src/shared/hls/clib/hlsmath/include/FloatingPoint/hls_hotbm.h:252]   --->   Operation 227 'sext' 'sext_ln252' <Predicate = true> <Delay = 0.00>
ST_37 : Operation 228 [1/1] (0.00ns)   --->   "%shift_1_loc_load = load i32 %shift_1_loc"   --->   Operation 228 'load' 'shift_1_loc_load' <Predicate = true> <Delay = 0.00>
ST_37 : Operation 229 [1/1] (0.00ns)   --->   "%in_shift_loc_load = load i62 %in_shift_loc"   --->   Operation 229 'load' 'in_shift_loc_load' <Predicate = (!and_ln271)> <Delay = 0.00>
ST_37 : Operation 230 [1/1] (1.63ns) (out node of the LUT)   --->   "%add_ln432 = add i12 %sext_ln252, i12 1023" [/wrk/ci/prod/2024.2/hls_product/continuous/495/2024.2/src/shared/hls/clib/src/hls/utils/x_hls_float_utils.h:432->/wrk/ci/prod/2024.2/hls_product/continuous/495/2024.2/src/shared/hls/clib/hlsmath/include/FloatingPoint/hls_hotbm.h:252]   --->   Operation 230 'add' 'add_ln432' <Predicate = true> <Delay = 1.63> <CoreInst = "Adder">   --->   Core 1 'Adder' <Latency = 0> <II = 1> <Delay = 1.63> <FuncUnit> <Opcode : 'add' 'sub'> <InPorts = 2> <OutPorts = 1>
ST_37 : Operation 231 [1/1] (0.00ns)   --->   "%sext_ln432 = sext i12 %add_ln432" [/wrk/ci/prod/2024.2/hls_product/continuous/495/2024.2/src/shared/hls/clib/src/hls/utils/x_hls_float_utils.h:432->/wrk/ci/prod/2024.2/hls_product/continuous/495/2024.2/src/shared/hls/clib/hlsmath/include/FloatingPoint/hls_hotbm.h:252]   --->   Operation 231 'sext' 'sext_ln432' <Predicate = true> <Delay = 0.00>
ST_37 : Operation 232 [1/1] (2.55ns)   --->   "%newexp = sub i32 %sext_ln432, i32 %shift_1_loc_load" [/wrk/ci/prod/2024.2/hls_product/continuous/495/2024.2/src/shared/hls/clib/src/hls/utils/x_hls_float_utils.h:432->/wrk/ci/prod/2024.2/hls_product/continuous/495/2024.2/src/shared/hls/clib/hlsmath/include/FloatingPoint/hls_hotbm.h:252]   --->   Operation 232 'sub' 'newexp' <Predicate = true> <Delay = 2.55> <CoreInst = "Adder">   --->   Core 1 'Adder' <Latency = 0> <II = 1> <Delay = 2.55> <FuncUnit> <Opcode : 'add' 'sub'> <InPorts = 2> <OutPorts = 1>
ST_37 : Operation 233 [1/1] (0.00ns) (grouped into LUT with out node or_ln282)   --->   "%tmp_7 = bitselect i1 @_ssdm_op_BitSelect.i1.i32.i32, i32 %newexp, i32 31" [/wrk/ci/prod/2024.2/hls_product/continuous/495/2024.2/src/shared/hls/clib/src/hls/utils/x_hls_float_utils.h:433->/wrk/ci/prod/2024.2/hls_product/continuous/495/2024.2/src/shared/hls/clib/hlsmath/include/FloatingPoint/hls_hotbm.h:252]   --->   Operation 233 'bitselect' 'tmp_7' <Predicate = true> <Delay = 0.00>
ST_37 : Operation 234 [1/1] (0.00ns) (grouped into LUT with out node or_ln282)   --->   "%or_ln433 = or i1 %tmp_7, i1 %icmp_ln433" [/wrk/ci/prod/2024.2/hls_product/continuous/495/2024.2/src/shared/hls/clib/src/hls/utils/x_hls_float_utils.h:433->/wrk/ci/prod/2024.2/hls_product/continuous/495/2024.2/src/shared/hls/clib/hlsmath/include/FloatingPoint/hls_hotbm.h:252]   --->   Operation 234 'or' 'or_ln433' <Predicate = true> <Delay = 0.00> <CoreInst = "LogicGate">   --->   Core 74 'LogicGate' <Latency = 0> <II = 1> <Delay = 0.97> <FuncUnit> <Opcode : 'and' 'or' 'xor'> <InPorts = 2> <OutPorts = 1>
ST_37 : Operation 235 [1/1] (0.00ns) (grouped into LUT with out node results_exp_1)   --->   "%empty = trunc i32 %newexp" [/wrk/ci/prod/2024.2/hls_product/continuous/495/2024.2/src/shared/hls/clib/src/hls/utils/x_hls_float_utils.h:432->/wrk/ci/prod/2024.2/hls_product/continuous/495/2024.2/src/shared/hls/clib/hlsmath/include/FloatingPoint/hls_hotbm.h:252]   --->   Operation 235 'trunc' 'empty' <Predicate = (!and_ln271)> <Delay = 0.00>
ST_37 : Operation 236 [1/1] (0.00ns) (grouped into LUT with out node results_sig_1)   --->   "%phitmp = partselect i52 @_ssdm_op_PartSelect.i52.i62.i32.i32, i62 %in_shift_loc_load, i32 10, i32 61"   --->   Operation 236 'partselect' 'phitmp' <Predicate = (!and_ln271)> <Delay = 0.00>
ST_37 : Operation 237 [1/1] (0.00ns) (grouped into LUT with out node results_exp_1)   --->   "%select_ln259 = select i1 %do_cos_read, i11 1023, i11 0" [/wrk/ci/prod/2024.2/hls_product/continuous/495/2024.2/src/shared/hls/clib/hlsmath/include/FloatingPoint/hls_hotbm.h:259]   --->   Operation 237 'select' 'select_ln259' <Predicate = (and_ln271)> <Delay = 0.00> <CoreInst = "Sel">   --->   Core 73 'Sel' <Latency = 0> <II = 1> <Delay = 0.69> <FuncUnit> <Opcode : 'select'> <InPorts = 3> <OutPorts = 1>
ST_37 : Operation 238 [1/1] (0.00ns) (grouped into LUT with out node results_exp_1)   --->   "%select_ln282 = select i1 %icmp_ln282, i11 2047, i11 0" [/wrk/ci/prod/2024.2/hls_product/continuous/495/2024.2/src/shared/hls/clib/hlsmath/include/FloatingPoint/hls_hotbm.h:282]   --->   Operation 238 'select' 'select_ln282' <Predicate = (!and_ln271)> <Delay = 0.00> <CoreInst = "Sel">   --->   Core 73 'Sel' <Latency = 0> <II = 1> <Delay = 0.99> <FuncUnit> <Opcode : 'select'> <InPorts = 3> <OutPorts = 1>
ST_37 : Operation 239 [1/1] (0.97ns) (out node of the LUT)   --->   "%or_ln282 = or i1 %icmp_ln282, i1 %or_ln433" [/wrk/ci/prod/2024.2/hls_product/continuous/495/2024.2/src/shared/hls/clib/hlsmath/include/FloatingPoint/hls_hotbm.h:282]   --->   Operation 239 'or' 'or_ln282' <Predicate = true> <Delay = 0.97> <CoreInst = "LogicGate">   --->   Core 74 'LogicGate' <Latency = 0> <II = 1> <Delay = 0.97> <FuncUnit> <Opcode : 'and' 'or' 'xor'> <InPorts = 2> <OutPorts = 1>
ST_37 : Operation 240 [1/1] (0.00ns) (grouped into LUT with out node results_exp_1)   --->   "%results_exp = select i1 %or_ln282, i11 %select_ln282, i11 %empty" [/wrk/ci/prod/2024.2/hls_product/continuous/495/2024.2/src/shared/hls/clib/hlsmath/include/FloatingPoint/hls_hotbm.h:282]   --->   Operation 240 'select' 'results_exp' <Predicate = (!and_ln271)> <Delay = 0.00> <CoreInst = "Sel">   --->   Core 73 'Sel' <Latency = 0> <II = 1> <Delay = 0.69> <FuncUnit> <Opcode : 'select'> <InPorts = 3> <OutPorts = 1>
ST_37 : Operation 241 [1/1] (0.00ns) (grouped into LUT with out node results_sig_1)   --->   "%select_ln282_2 = select i1 %icmp_ln282, i52 4503599627370495, i52 0" [/wrk/ci/prod/2024.2/hls_product/continuous/495/2024.2/src/shared/hls/clib/hlsmath/include/FloatingPoint/hls_hotbm.h:282]   --->   Operation 241 'select' 'select_ln282_2' <Predicate = (!and_ln271)> <Delay = 0.00> <CoreInst = "Sel">   --->   Core 73 'Sel' <Latency = 0> <II = 1> <Delay = 0.99> <FuncUnit> <Opcode : 'select'> <InPorts = 3> <OutPorts = 1>
ST_37 : Operation 242 [1/1] (0.00ns) (grouped into LUT with out node results_sig_1)   --->   "%results_sig = select i1 %or_ln282, i52 %select_ln282_2, i52 %phitmp" [/wrk/ci/prod/2024.2/hls_product/continuous/495/2024.2/src/shared/hls/clib/hlsmath/include/FloatingPoint/hls_hotbm.h:282]   --->   Operation 242 'select' 'results_sig' <Predicate = (!and_ln271)> <Delay = 0.00> <CoreInst = "Sel">   --->   Core 73 'Sel' <Latency = 0> <II = 1> <Delay = 0.95> <FuncUnit> <Opcode : 'select'> <InPorts = 3> <OutPorts = 1>
ST_37 : Operation 243 [1/1] (0.99ns) (out node of the LUT)   --->   "%results_exp_1 = select i1 %and_ln271, i11 %select_ln259, i11 %results_exp" [/wrk/ci/prod/2024.2/hls_product/continuous/495/2024.2/src/shared/hls/clib/hlsmath/include/FloatingPoint/hls_hotbm.h:271]   --->   Operation 243 'select' 'results_exp_1' <Predicate = true> <Delay = 0.99> <CoreInst = "Sel">   --->   Core 73 'Sel' <Latency = 0> <II = 1> <Delay = 0.69> <FuncUnit> <Opcode : 'select'> <InPorts = 3> <OutPorts = 1>
ST_37 : Operation 244 [1/1] (0.99ns) (out node of the LUT)   --->   "%results_sig_1 = select i1 %and_ln271, i52 0, i52 %results_sig" [/wrk/ci/prod/2024.2/hls_product/continuous/495/2024.2/src/shared/hls/clib/hlsmath/include/FloatingPoint/hls_hotbm.h:271]   --->   Operation 244 'select' 'results_sig_1' <Predicate = true> <Delay = 0.99> <CoreInst = "Sel">   --->   Core 73 'Sel' <Latency = 0> <II = 1> <Delay = 0.95> <FuncUnit> <Opcode : 'select'> <InPorts = 3> <OutPorts = 1>
ST_37 : Operation 245 [1/1] (0.00ns)   --->   "%t_2 = bitconcatenate i64 @_ssdm_op_BitConcatenate.i64.i1.i11.i52, i1 %results_sign_3, i11 %results_exp_1, i52 %results_sig_1" [/wrk/ci/prod/2024.2/hls_product/continuous/495/2024.2/src/shared/hls/clib/src/hls/utils/x_hls_utils.h:479->/wrk/ci/prod/2024.2/hls_product/continuous/495/2024.2/src/shared/hls/clib/src/hls/utils/x_hls_utils.h:496->/wrk/ci/prod/2024.2/hls_product/continuous/495/2024.2/src/shared/hls/clib/src/hls/utils/x_hls_utils.h:510->/wrk/ci/prod/2024.2/hls_product/continuous/495/2024.2/src/shared/hls/clib/hlsmath/include/FloatingPoint/hls_hotbm.h:287]   --->   Operation 245 'bitconcatenate' 't_2' <Predicate = true> <Delay = 0.00>
ST_37 : Operation 246 [1/1] (0.00ns)   --->   "%bitcast_ln497 = bitcast i64 %t_2" [/wrk/ci/prod/2024.2/hls_product/continuous/495/2024.2/src/shared/hls/clib/src/hls/utils/x_hls_utils.h:497->/wrk/ci/prod/2024.2/hls_product/continuous/495/2024.2/src/shared/hls/clib/src/hls/utils/x_hls_utils.h:510->/wrk/ci/prod/2024.2/hls_product/continuous/495/2024.2/src/shared/hls/clib/hlsmath/include/FloatingPoint/hls_hotbm.h:287]   --->   Operation 246 'bitcast' 'bitcast_ln497' <Predicate = true> <Delay = 0.00>
ST_37 : Operation 247 [1/1] (0.00ns)   --->   "%ret_ln287 = ret i64 %bitcast_ln497" [/wrk/ci/prod/2024.2/hls_product/continuous/495/2024.2/src/shared/hls/clib/hlsmath/include/FloatingPoint/hls_hotbm.h:287]   --->   Operation 247 'ret' 'ret_ln287' <Predicate = true> <Delay = 0.00>


============================================================
+ Verbose Summary: Binding
============================================================
STG Binding: 
---------------- STG Properties BEGIN ----------------
- Is combinational: 0
- Is one-state seq: 0
- Is datapath-only: 0
- Is pipelined: 0
- Is top level: 0
Port [ Return ] is wired: 1; IO mode=ap_ctrl_hs:ce=0
Port [ t_in]:  wired=1; compound=0; hidden=0; nouse=0; global=0; static=0; extern=0; dir=0; type=0; pingpong=0; private_global=0; IO mode=ap_none:ce=0
Port [ do_cos]:  wired=1; compound=0; hidden=0; nouse=0; global=0; static=0; extern=0; dir=0; type=0; pingpong=0; private_global=0; IO mode=ap_none:ce=0
Port [ ref_4oPi_table_256]:  wired=0; compound=1; hidden=1; nouse=0; global=1; static=1; extern=0; dir=0; type=1; pingpong=0; private_global=1; MemPort=[1]; IO mode=ap_memory:ce=0
Port [ fourth_order_double_sin_cos_K0]:  wired=0; compound=1; hidden=1; nouse=0; global=1; static=1; extern=0; dir=0; type=1; pingpong=0; private_global=1; MemPort=[1]; IO mode=ap_memory:ce=0
Port [ fourth_order_double_sin_cos_K1]:  wired=0; compound=1; hidden=1; nouse=0; global=1; static=1; extern=0; dir=0; type=1; pingpong=0; private_global=1; MemPort=[1]; IO mode=ap_memory:ce=0
Port [ fourth_order_double_sin_cos_K2]:  wired=0; compound=1; hidden=1; nouse=0; global=1; static=1; extern=0; dir=0; type=1; pingpong=0; private_global=1; MemPort=[1]; IO mode=ap_memory:ce=0
Port [ fourth_order_double_sin_cos_K3]:  wired=0; compound=1; hidden=1; nouse=0; global=1; static=1; extern=0; dir=0; type=1; pingpong=0; private_global=1; MemPort=[1]; IO mode=ap_memory:ce=0
Port [ fourth_order_double_sin_cos_K4]:  wired=0; compound=1; hidden=1; nouse=0; global=1; static=1; extern=0; dir=0; type=1; pingpong=0; private_global=1; MemPort=[1]; IO mode=ap_memory:ce=0
---------------- STG Properties END ------------------

---------------- Datapath Model BEGIN ----------------

<LifeTime>
<method=bitvector/>
t_in_read                           (read          ) [ 00000000000000000000000000000000000000]
in_shift_loc                        (alloca        ) [ 00111111111111111111111111111111111111]
shift_1_loc                         (alloca        ) [ 00111111111111111111111111111111111111]
c_loc                               (alloca        ) [ 00111111111111111111111111111111111100]
c_1_loc                             (alloca        ) [ 00111111111111111111111111111111111100]
c_2_loc                             (alloca        ) [ 00111111111111111111111111111111111100]
c_3_loc                             (alloca        ) [ 00111111111111111111111111111111111100]
out_bits_7_loc                      (alloca        ) [ 00111111111111111111111111111111110000]
out_bits_8_loc                      (alloca        ) [ 00111111111111111111111111111111110000]
out_bits_9_loc                      (alloca        ) [ 00111111111111111111111111111111110000]
out_bits_3_loc                      (alloca        ) [ 01111111111111111111111111111111000000]
out_bits_4_loc                      (alloca        ) [ 01111111111111111111111111111111000000]
out_bits_5_loc                      (alloca        ) [ 01111111111111111111111111111111000000]
data                                (bitcast       ) [ 00000000000000000000000000000000000000]
din_sign                            (bitselect     ) [ 00111111111000000000000000000000000000]
din_exp                             (partselect    ) [ 00111111111000000000000000000000000000]
din_sig                             (trunc         ) [ 00111000000000000000000000000000000000]
closepath                           (icmp          ) [ 00111111111000000000000000000000000000]
add_ln396                           (add           ) [ 00000000000000000000000000000000000000]
addr                                (select        ) [ 00000000000000000000000000000000000000]
tmp_2                               (partselect    ) [ 00000000000000000000000000000000000000]
zext_ln397                          (zext          ) [ 00000000000000000000000000000000000000]
ref_4oPi_table_256_addr             (getelementptr ) [ 00100000000000000000000000000000000000]
trunc_ln398                         (trunc         ) [ 00110000000000000000000000000000000000]
table_256                           (load          ) [ 00010000000000000000000000000000000000]
call_ln0                            (call          ) [ 00000000000000000000000000000000000000]
zext_ln398                          (zext          ) [ 00000000000000000000000000000000000000]
shl_ln398                           (shl           ) [ 00000000000000000000000000000000000000]
ret_1                               (partselect    ) [ 00001111100000000000000000000000000000]
X                                   (bitconcatenate) [ 00000000000000000000000000000000000000]
zext_ln468                          (zext          ) [ 00000111100000000000000000000000000000]
icmp_ln271                          (icmp          ) [ 00000000000000000000000000000000000000]
icmp_ln271_1                        (icmp          ) [ 00000000000000000000000000000000000000]
and_ln271                           (and           ) [ 00000111111111111111111111111111111111]
h                                   (mul           ) [ 00000000000000000000000000000000000000]
Mx_bits                             (partselect    ) [ 00000000010000000000000000000000000000]
trunc_ln                            (partselect    ) [ 00000000010000000000000000000000000000]
k                                   (select        ) [ 00000000001000000000000000000000000000]
trunc_ln491                         (trunc         ) [ 00000000000000000000000000000000000000]
Mx_bits_1                           (sub           ) [ 00000000000000000000000000000000000000]
Mx_bits_3                           (select        ) [ 00000000001100000000000000000000000000]
tmp_8                               (partselect    ) [ 00000000001000000000000000000000000000]
tmp_1                               (sparsemux     ) [ 00000000001000000000000000000000000000]
do_cos_read                         (read          ) [ 00000000000111111111111111111111111111]
add_ln454                           (add           ) [ 00000000000000000000000000000000000000]
Ex                                  (select        ) [ 00000000000000000000000000000000000000]
t                                   (bitconcatenate) [ 00000000000000000000000000000000000000]
Mx_zeros                            (ctlz          ) [ 00000000000100000000000000000000000000]
trunc_ln505                         (trunc         ) [ 00000000000000000000000000000000000000]
Ex_1                                (sub           ) [ 00000000000111111111111111111111111111]
tmp                                 (bitselect     ) [ 00000000000110000000000000000000000000]
xor_ln242                           (xor           ) [ 00000000000000000000000000000000000000]
sin_basis                           (select        ) [ 00000000000111111000000000000000000000]
cos_basis                           (select        ) [ 00000000000111111111111111111111111111]
index                               (bitconcatenate) [ 00000000000000000000000000000000000000]
tmp_s                               (sparsemux     ) [ 00000000000000000000000000000000000000]
tmp_10                              (sparsemux     ) [ 00000000000000000000000000000000000000]
results_sign                        (select        ) [ 00000000000000000000000000000000000000]
xor_ln278                           (xor           ) [ 00000000000000000000000000000000000000]
results_sign_2                      (and           ) [ 00000000000000000000000000000000000000]
icmp_ln282                          (icmp          ) [ 00000000000111111111111111111111111111]
xor_ln282                           (xor           ) [ 00000000000000000000000000000000000000]
results_sign_4                      (and           ) [ 00000000000000000000000000000000000000]
results_sign_3                      (select        ) [ 00000000000111111111111111111111111111]
zext_ln504                          (zext          ) [ 00000000000000000000000000000000000000]
shl_ln504                           (shl           ) [ 00000000000000000000000000000000000000]
Mx                                  (partselect    ) [ 00000000000011111111111111000000000000]
sub_ln506                           (sub           ) [ 00000000000010000000000000000000000000]
select_ln506                        (select        ) [ 00000000000000000000000000000000000000]
zext_ln506                          (zext          ) [ 00000000000000000000000000000000000000]
lshr_ln506                          (lshr          ) [ 00000000000000000000000000000000000000]
shl_ln506                           (shl           ) [ 00000000000000000000000000000000000000]
x_1                                 (select        ) [ 00000000000000000000000000000000000000]
tmp_5                               (partselect    ) [ 00000000000001111000000000000000000000]
B                                   (trunc         ) [ 00000000000001111110000000000000000000]
B_trunc                             (partselect    ) [ 00000000000001000000000000000000000000]
zext_ln25                           (zext          ) [ 00000000000000111111111000000000000000]
A                                   (bitconcatenate) [ 00000000000000000000000000000000000000]
zext_ln32                           (zext          ) [ 00000000000000000111110000000000000000]
fourth_order_double_sin_cos_K1_addr (getelementptr ) [ 00000000000000000100000000000000000000]
fourth_order_double_sin_cos_K2_addr (getelementptr ) [ 00000000000000000100000000000000000000]
mul_ln25                            (mul           ) [ 00000000000000000000000000000000000000]
B_squared                           (partselect    ) [ 00000000000000000010000000000000000000]
fourth_order_double_sin_cos_K1_load (load          ) [ 00000000000000000010000000000000000000]
fourth_order_double_sin_cos_K2_load (load          ) [ 00000000000000000010000000000000000000]
zext_ln25_1                         (zext          ) [ 00000000000000000001111000000000000000]
zext_ln33                           (zext          ) [ 00000000000000000001111000000000000000]
sext_ln33                           (sext          ) [ 00000000000000000001111000000000000000]
zext_ln34                           (zext          ) [ 00000000000000000001111000000000000000]
sext_ln34                           (sext          ) [ 00000000000000000001111000000000000000]
fourth_order_double_sin_cos_K0_addr (getelementptr ) [ 00000000000000000000001000000000000000]
fourth_order_double_sin_cos_K3_addr (getelementptr ) [ 00000000000000000000001000000000000000]
fourth_order_double_sin_cos_K4_addr (getelementptr ) [ 00000000000000000000001000000000000000]
mul_ln26                            (mul           ) [ 00000000000000000000000000000000000000]
mul_ln27                            (mul           ) [ 00000000000000000000000000000000000000]
fourth_order_double_sin_cos_K0_load (load          ) [ 00000000000000000000000100000000000000]
mul_ln33                            (mul           ) [ 00000000000000000000000000000000000000]
trunc_ln2                           (partselect    ) [ 00000000000000000000000100000000000000]
mul_ln34                            (mul           ) [ 00000000000000000000000000000000000000]
trunc_ln3                           (partselect    ) [ 00000000000000000000000100000000000000]
tmp_3                               (partselect    ) [ 00000000000000000000000100000000000000]
fourth_order_double_sin_cos_K3_load (load          ) [ 00000000000000000000000100000000000000]
tmp_4                               (partselect    ) [ 00000000000000000000000100000000000000]
fourth_order_double_sin_cos_K4_load (load          ) [ 00000000000000000000000100000000000000]
t1                                  (bitconcatenate) [ 00000000000000000000000000000000000000]
zext_ln35_1                         (zext          ) [ 00000000000000000000000010000000000000]
zext_ln35                           (zext          ) [ 00000000000000000000000010000000000000]
zext_ln36_1                         (zext          ) [ 00000000000000000000000010000000000000]
zext_ln36                           (zext          ) [ 00000000000000000000000010000000000000]
sext_ln37                           (sext          ) [ 00000000000000000000000000000000000000]
sext_ln37_1                         (sext          ) [ 00000000000000000000000000000000000000]
add_ln37                            (add           ) [ 00000000000000000000000000000000000000]
sext_ln37_2                         (sext          ) [ 00000000000000000000000000000000000000]
add_ln37_1                          (add           ) [ 00000000000000000000000011000000000000]
mul_ln35                            (mul           ) [ 00000000000000000000000000000000000000]
mul_ln36                            (mul           ) [ 00000000000000000000000000000000000000]
lshr_ln                             (partselect    ) [ 00000000000000000000000001000000000000]
tmp_6                               (partselect    ) [ 00000000000000000000000001000000000000]
zext_ln37_1                         (zext          ) [ 00000000000000000000000000000000000000]
add_ln37_2                          (add           ) [ 00000000000000000000000000000000000000]
zext_ln242                          (zext          ) [ 00000000000000000000000000000000000000]
add_ln37_3                          (add           ) [ 00000000000000000000000000100000000000]
Mx_2                                (select        ) [ 00000000000000000000000000100000000000]
sext_ln243                          (sext          ) [ 00000000000000000000000000011110000000]
zext_ln37                           (zext          ) [ 00000000000000000000000000011110000000]
mul_ln37                            (mul           ) [ 00000000000000000000000000000000000000]
result                              (partselect    ) [ 00000000000000000000000000000001111110]
tmp_9                               (partselect    ) [ 00000000000000000000000000000001110000]
out_bits_5_loc_load                 (load          ) [ 00000000000000000000000000000000100000]
out_bits_4_loc_load                 (load          ) [ 00000000000000000000000000000000100000]
out_bits_3_loc_load                 (load          ) [ 00000000000000000000000000000000100000]
call_ln37                           (call          ) [ 00000000000000000000000000000000000000]
out_bits_9_loc_load                 (load          ) [ 00000000000000000000000000000000001000]
out_bits_8_loc_load                 (load          ) [ 00000000000000000000000000000000001000]
out_bits_7_loc_load                 (load          ) [ 00000000000000000000000000000000001000]
out_bits_6                          (bitconcatenate) [ 00000000000000000000000000000000001000]
call_ln410                          (call          ) [ 00000000000000000000000000000000000000]
c_3_loc_load                        (load          ) [ 00000000000000000000000000000000000010]
c_2_loc_load                        (load          ) [ 00000000000000000000000000000000000010]
c_1_loc_load                        (load          ) [ 00000000000000000000000000000000000010]
c_loc_load                          (load          ) [ 00000000000000000000000000000000000010]
icmp_ln433                          (icmp          ) [ 00000000000000000000000000000000000011]
call_ln37                           (call          ) [ 00000000000000000000000000000000000000]
specmemcore_ln16                    (specmemcore   ) [ 00000000000000000000000000000000000000]
specmemcore_ln17                    (specmemcore   ) [ 00000000000000000000000000000000000000]
specmemcore_ln18                    (specmemcore   ) [ 00000000000000000000000000000000000000]
specmemcore_ln19                    (specmemcore   ) [ 00000000000000000000000000000000000000]
specmemcore_ln20                    (specmemcore   ) [ 00000000000000000000000000000000000000]
Ex_3                                (select        ) [ 00000000000000000000000000000000000000]
sext_ln252                          (sext          ) [ 00000000000000000000000000000000000000]
shift_1_loc_load                    (load          ) [ 00000000000000000000000000000000000000]
in_shift_loc_load                   (load          ) [ 00000000000000000000000000000000000000]
add_ln432                           (add           ) [ 00000000000000000000000000000000000000]
sext_ln432                          (sext          ) [ 00000000000000000000000000000000000000]
newexp                              (sub           ) [ 00000000000000000000000000000000000000]
tmp_7                               (bitselect     ) [ 00000000000000000000000000000000000000]
or_ln433                            (or            ) [ 00000000000000000000000000000000000000]
empty                               (trunc         ) [ 00000000000000000000000000000000000000]
phitmp                              (partselect    ) [ 00000000000000000000000000000000000000]
select_ln259                        (select        ) [ 00000000000000000000000000000000000000]
select_ln282                        (select        ) [ 00000000000000000000000000000000000000]
or_ln282                            (or            ) [ 00000000000000000000000000000000000000]
results_exp                         (select        ) [ 00000000000000000000000000000000000000]
select_ln282_2                      (select        ) [ 00000000000000000000000000000000000000]
results_sig                         (select        ) [ 00000000000000000000000000000000000000]
results_exp_1                       (select        ) [ 00000000000000000000000000000000000000]
results_sig_1                       (select        ) [ 00000000000000000000000000000000000000]
t_2                                 (bitconcatenate) [ 00000000000000000000000000000000000000]
bitcast_ln497                       (bitcast       ) [ 00000000000000000000000000000000000000]
ret_ln287                           (ret           ) [ 00000000000000000000000000000000000000]
</LifeTime>

<model>

<comp_list>
<comp id="0" class="1000" name="t_in">
<pin_list>
<pin id="1" dir="1" index="0" bw="1" slack="0"/>
</pin_list>
<bind>
<StgValue><ssdm name="t_in"/></StgValue>
</bind>
</comp>

<comp id="2" class="1000" name="do_cos">
<pin_list>
<pin id="3" dir="1" index="0" bw="1" slack="0"/>
</pin_list>
<bind>
<StgValue><ssdm name="do_cos"/></StgValue>
</bind>
</comp>

<comp id="4" class="1000" name="ref_4oPi_table_256">
<pin_list>
<pin id="5" dir="1" index="0" bw="1" slack="0"/>
</pin_list>
<bind>
<StgValue><ssdm name="ref_4oPi_table_256"/><MemPortTyVec>1 </MemPortTyVec>
</StgValue>
</bind>
</comp>

<comp id="6" class="1000" name="fourth_order_double_sin_cos_K0">
<pin_list>
<pin id="7" dir="1" index="0" bw="1" slack="0"/>
</pin_list>
<bind>
<StgValue><ssdm name="fourth_order_double_sin_cos_K0"/><MemPortTyVec>1 </MemPortTyVec>
</StgValue>
</bind>
</comp>

<comp id="8" class="1000" name="fourth_order_double_sin_cos_K1">
<pin_list>
<pin id="9" dir="1" index="0" bw="1" slack="0"/>
</pin_list>
<bind>
<StgValue><ssdm name="fourth_order_double_sin_cos_K1"/><MemPortTyVec>1 </MemPortTyVec>
</StgValue>
</bind>
</comp>

<comp id="10" class="1000" name="fourth_order_double_sin_cos_K2">
<pin_list>
<pin id="11" dir="1" index="0" bw="1" slack="0"/>
</pin_list>
<bind>
<StgValue><ssdm name="fourth_order_double_sin_cos_K2"/><MemPortTyVec>1 </MemPortTyVec>
</StgValue>
</bind>
</comp>

<comp id="12" class="1000" name="fourth_order_double_sin_cos_K3">
<pin_list>
<pin id="13" dir="1" index="0" bw="1" slack="0"/>
</pin_list>
<bind>
<StgValue><ssdm name="fourth_order_double_sin_cos_K3"/><MemPortTyVec>1 </MemPortTyVec>
</StgValue>
</bind>
</comp>

<comp id="14" class="1000" name="fourth_order_double_sin_cos_K4">
<pin_list>
<pin id="15" dir="1" index="0" bw="1" slack="0"/>
</pin_list>
<bind>
<StgValue><ssdm name="fourth_order_double_sin_cos_K4"/><MemPortTyVec>1 </MemPortTyVec>
</StgValue>
</bind>
</comp>

<comp id="16" class="1001" name="const_16">
<pin_list>
<pin id="17" dir="1" index="0" bw="1" slack="0"/>
</pin_list>
<bind>
<StgValue><ssdm name="_ssdm_op_Read.ap_auto.double"/></StgValue>
</bind>
</comp>

<comp id="18" class="1001" name="const_18">
<pin_list>
<pin id="19" dir="1" index="0" bw="1" slack="0"/>
</pin_list>
<bind>
<StgValue><ssdm name=""/></StgValue>
</bind>
</comp>

<comp id="20" class="1001" name="const_20">
<pin_list>
<pin id="21" dir="1" index="0" bw="1" slack="0"/>
</pin_list>
<bind>
<StgValue><ssdm name="_ssdm_op_BitSelect.i1.i64.i32"/></StgValue>
</bind>
</comp>

<comp id="22" class="1001" name="const_22">
<pin_list>
<pin id="23" dir="1" index="0" bw="1" slack="0"/>
</pin_list>
<bind>
<StgValue><ssdm name=""/></StgValue>
</bind>
</comp>

<comp id="24" class="1001" name="const_24">
<pin_list>
<pin id="25" dir="1" index="0" bw="1" slack="0"/>
</pin_list>
<bind>
<StgValue><ssdm name="_ssdm_op_PartSelect.i11.i64.i32"/></StgValue>
</bind>
</comp>

<comp id="26" class="1001" name="const_26">
<pin_list>
<pin id="27" dir="1" index="0" bw="1" slack="0"/>
</pin_list>
<bind>
<StgValue><ssdm name=""/></StgValue>
</bind>
</comp>

<comp id="28" class="1001" name="const_28">
<pin_list>
<pin id="29" dir="1" index="0" bw="1" slack="0"/>
</pin_list>
<bind>
<StgValue><ssdm name=""/></StgValue>
</bind>
</comp>

<comp id="30" class="1001" name="const_30">
<pin_list>
<pin id="31" dir="1" index="0" bw="1" slack="0"/>
</pin_list>
<bind>
<StgValue><ssdm name=""/></StgValue>
</bind>
</comp>

<comp id="32" class="1001" name="const_32">
<pin_list>
<pin id="33" dir="1" index="0" bw="1" slack="0"/>
</pin_list>
<bind>
<StgValue><ssdm name=""/></StgValue>
</bind>
</comp>

<comp id="34" class="1001" name="const_34">
<pin_list>
<pin id="35" dir="1" index="0" bw="1" slack="0"/>
</pin_list>
<bind>
<StgValue><ssdm name="_ssdm_op_PartSelect.i4.i11.i32.i32"/></StgValue>
</bind>
</comp>

<comp id="36" class="1001" name="const_36">
<pin_list>
<pin id="37" dir="1" index="0" bw="1" slack="0"/>
</pin_list>
<bind>
<StgValue><ssdm name=""/></StgValue>
</bind>
</comp>

<comp id="38" class="1001" name="const_38">
<pin_list>
<pin id="39" dir="1" index="0" bw="1" slack="0"/>
</pin_list>
<bind>
<StgValue><ssdm name=""/></StgValue>
</bind>
</comp>

<comp id="40" class="1001" name="const_40">
<pin_list>
<pin id="41" dir="1" index="0" bw="1" slack="0"/>
</pin_list>
<bind>
<StgValue><ssdm name=""/></StgValue>
</bind>
</comp>

<comp id="42" class="1001" name="const_42">
<pin_list>
<pin id="43" dir="1" index="0" bw="1" slack="0"/>
</pin_list>
<bind>
<StgValue><ssdm name="sin_or_cos<double>_Pipeline_1"/></StgValue>
</bind>
</comp>

<comp id="44" class="1001" name="const_44">
<pin_list>
<pin id="45" dir="1" index="0" bw="1" slack="0"/>
</pin_list>
<bind>
<StgValue><ssdm name="_ssdm_op_PartSelect.i170.i256.i32"/></StgValue>
</bind>
</comp>

<comp id="46" class="1001" name="const_46">
<pin_list>
<pin id="47" dir="1" index="0" bw="1" slack="0"/>
</pin_list>
<bind>
<StgValue><ssdm name=""/></StgValue>
</bind>
</comp>

<comp id="48" class="1001" name="const_48">
<pin_list>
<pin id="49" dir="1" index="0" bw="1" slack="0"/>
</pin_list>
<bind>
<StgValue><ssdm name="_ssdm_op_BitConcatenate.i53.i1.i52"/></StgValue>
</bind>
</comp>

<comp id="50" class="1001" name="const_50">
<pin_list>
<pin id="51" dir="1" index="0" bw="1" slack="0"/>
</pin_list>
<bind>
<StgValue><ssdm name=""/></StgValue>
</bind>
</comp>

<comp id="52" class="1001" name="const_52">
<pin_list>
<pin id="53" dir="1" index="0" bw="1" slack="0"/>
</pin_list>
<bind>
<StgValue><ssdm name=""/></StgValue>
</bind>
</comp>

<comp id="54" class="1001" name="const_54">
<pin_list>
<pin id="55" dir="1" index="0" bw="1" slack="0"/>
</pin_list>
<bind>
<StgValue><ssdm name=""/></StgValue>
</bind>
</comp>

<comp id="56" class="1001" name="const_56">
<pin_list>
<pin id="57" dir="1" index="0" bw="1" slack="0"/>
</pin_list>
<bind>
<StgValue><ssdm name="_ssdm_op_PartSelect.i124.i170.i32.i32"/></StgValue>
</bind>
</comp>

<comp id="58" class="1001" name="const_58">
<pin_list>
<pin id="59" dir="1" index="0" bw="1" slack="0"/>
</pin_list>
<bind>
<StgValue><ssdm name=""/></StgValue>
</bind>
</comp>

<comp id="60" class="1001" name="const_60">
<pin_list>
<pin id="61" dir="1" index="0" bw="1" slack="0"/>
</pin_list>
<bind>
<StgValue><ssdm name=""/></StgValue>
</bind>
</comp>

<comp id="62" class="1001" name="const_62">
<pin_list>
<pin id="63" dir="1" index="0" bw="1" slack="0"/>
</pin_list>
<bind>
<StgValue><ssdm name="_ssdm_op_PartSelect.i3.i170.i32.i32"/></StgValue>
</bind>
</comp>

<comp id="64" class="1001" name="const_64">
<pin_list>
<pin id="65" dir="1" index="0" bw="1" slack="0"/>
</pin_list>
<bind>
<StgValue><ssdm name=""/></StgValue>
</bind>
</comp>

<comp id="66" class="1001" name="const_66">
<pin_list>
<pin id="67" dir="1" index="0" bw="1" slack="0"/>
</pin_list>
<bind>
<StgValue><ssdm name=""/></StgValue>
</bind>
</comp>

<comp id="68" class="1001" name="const_68">
<pin_list>
<pin id="69" dir="1" index="0" bw="1" slack="0"/>
</pin_list>
<bind>
<StgValue><ssdm name=""/></StgValue>
</bind>
</comp>

<comp id="70" class="1001" name="const_70">
<pin_list>
<pin id="71" dir="1" index="0" bw="1" slack="0"/>
</pin_list>
<bind>
<StgValue><ssdm name=""/></StgValue>
</bind>
</comp>

<comp id="72" class="1001" name="const_72">
<pin_list>
<pin id="73" dir="1" index="0" bw="1" slack="0"/>
</pin_list>
<bind>
<StgValue><ssdm name="_ssdm_op_PartSelect.i61.i124.i32"/></StgValue>
</bind>
</comp>

<comp id="74" class="1001" name="const_74">
<pin_list>
<pin id="75" dir="1" index="0" bw="1" slack="0"/>
</pin_list>
<bind>
<StgValue><ssdm name="_ssdm_op_SparseMux.ap_auto.8i1.i1.i3"/></StgValue>
</bind>
</comp>

<comp id="76" class="1001" name="const_76">
<pin_list>
<pin id="77" dir="1" index="0" bw="1" slack="0"/>
</pin_list>
<bind>
<StgValue><ssdm name=""/></StgValue>
</bind>
</comp>

<comp id="78" class="1001" name="const_78">
<pin_list>
<pin id="79" dir="1" index="0" bw="1" slack="0"/>
</pin_list>
<bind>
<StgValue><ssdm name=""/></StgValue>
</bind>
</comp>

<comp id="80" class="1001" name="const_80">
<pin_list>
<pin id="81" dir="1" index="0" bw="1" slack="0"/>
</pin_list>
<bind>
<StgValue><ssdm name=""/></StgValue>
</bind>
</comp>

<comp id="82" class="1001" name="const_82">
<pin_list>
<pin id="83" dir="1" index="0" bw="1" slack="0"/>
</pin_list>
<bind>
<StgValue><ssdm name=""/></StgValue>
</bind>
</comp>

<comp id="84" class="1001" name="const_84">
<pin_list>
<pin id="85" dir="1" index="0" bw="1" slack="0"/>
</pin_list>
<bind>
<StgValue><ssdm name=""/></StgValue>
</bind>
</comp>

<comp id="86" class="1001" name="const_86">
<pin_list>
<pin id="87" dir="1" index="0" bw="1" slack="0"/>
</pin_list>
<bind>
<StgValue><ssdm name=""/></StgValue>
</bind>
</comp>

<comp id="88" class="1001" name="const_88">
<pin_list>
<pin id="89" dir="1" index="0" bw="1" slack="0"/>
</pin_list>
<bind>
<StgValue><ssdm name=""/></StgValue>
</bind>
</comp>

<comp id="90" class="1001" name="const_90">
<pin_list>
<pin id="91" dir="1" index="0" bw="1" slack="0"/>
</pin_list>
<bind>
<StgValue><ssdm name=""/></StgValue>
</bind>
</comp>

<comp id="92" class="1001" name="const_92">
<pin_list>
<pin id="93" dir="1" index="0" bw="1" slack="0"/>
</pin_list>
<bind>
<StgValue><ssdm name=""/></StgValue>
</bind>
</comp>

<comp id="94" class="1001" name="const_94">
<pin_list>
<pin id="95" dir="1" index="0" bw="1" slack="0"/>
</pin_list>
<bind>
<StgValue><ssdm name="_ssdm_op_Read.ap_auto.i1"/></StgValue>
</bind>
</comp>

<comp id="96" class="1001" name="const_96">
<pin_list>
<pin id="97" dir="1" index="0" bw="1" slack="0"/>
</pin_list>
<bind>
<StgValue><ssdm name=""/></StgValue>
</bind>
</comp>

<comp id="98" class="1001" name="const_98">
<pin_list>
<pin id="99" dir="1" index="0" bw="1" slack="0"/>
</pin_list>
<bind>
<StgValue><ssdm name="_ssdm_op_BitConcatenate.i62.i61.i1"/></StgValue>
</bind>
</comp>

<comp id="100" class="1001" name="const_100">
<pin_list>
<pin id="101" dir="1" index="0" bw="1" slack="0"/>
</pin_list>
<bind>
<StgValue><ssdm name="llvm.ctlz.i62"/></StgValue>
</bind>
</comp>

<comp id="102" class="1001" name="const_102">
<pin_list>
<pin id="103" dir="1" index="0" bw="1" slack="0"/>
</pin_list>
<bind>
<StgValue><ssdm name="_ssdm_op_BitSelect.i1.i11.i32"/></StgValue>
</bind>
</comp>

<comp id="104" class="1001" name="const_104">
<pin_list>
<pin id="105" dir="1" index="0" bw="1" slack="0"/>
</pin_list>
<bind>
<StgValue><ssdm name="_ssdm_op_BitConcatenate.i4.i1.i3"/></StgValue>
</bind>
</comp>

<comp id="106" class="1001" name="const_106">
<pin_list>
<pin id="107" dir="1" index="0" bw="1" slack="0"/>
</pin_list>
<bind>
<StgValue><ssdm name="_ssdm_op_SparseMux.ap_auto.16i1.i1.i4"/></StgValue>
</bind>
</comp>

<comp id="108" class="1001" name="const_108">
<pin_list>
<pin id="109" dir="1" index="0" bw="1" slack="0"/>
</pin_list>
<bind>
<StgValue><ssdm name=""/></StgValue>
</bind>
</comp>

<comp id="110" class="1001" name="const_110">
<pin_list>
<pin id="111" dir="1" index="0" bw="1" slack="0"/>
</pin_list>
<bind>
<StgValue><ssdm name=""/></StgValue>
</bind>
</comp>

<comp id="112" class="1001" name="const_112">
<pin_list>
<pin id="113" dir="1" index="0" bw="1" slack="0"/>
</pin_list>
<bind>
<StgValue><ssdm name=""/></StgValue>
</bind>
</comp>

<comp id="114" class="1001" name="const_114">
<pin_list>
<pin id="115" dir="1" index="0" bw="1" slack="0"/>
</pin_list>
<bind>
<StgValue><ssdm name=""/></StgValue>
</bind>
</comp>

<comp id="116" class="1001" name="const_116">
<pin_list>
<pin id="117" dir="1" index="0" bw="1" slack="0"/>
</pin_list>
<bind>
<StgValue><ssdm name=""/></StgValue>
</bind>
</comp>

<comp id="118" class="1001" name="const_118">
<pin_list>
<pin id="119" dir="1" index="0" bw="1" slack="0"/>
</pin_list>
<bind>
<StgValue><ssdm name=""/></StgValue>
</bind>
</comp>

<comp id="120" class="1001" name="const_120">
<pin_list>
<pin id="121" dir="1" index="0" bw="1" slack="0"/>
</pin_list>
<bind>
<StgValue><ssdm name=""/></StgValue>
</bind>
</comp>

<comp id="122" class="1001" name="const_122">
<pin_list>
<pin id="123" dir="1" index="0" bw="1" slack="0"/>
</pin_list>
<bind>
<StgValue><ssdm name=""/></StgValue>
</bind>
</comp>

<comp id="124" class="1001" name="const_124">
<pin_list>
<pin id="125" dir="1" index="0" bw="1" slack="0"/>
</pin_list>
<bind>
<StgValue><ssdm name=""/></StgValue>
</bind>
</comp>

<comp id="126" class="1001" name="const_126">
<pin_list>
<pin id="127" dir="1" index="0" bw="1" slack="0"/>
</pin_list>
<bind>
<StgValue><ssdm name=""/></StgValue>
</bind>
</comp>

<comp id="128" class="1001" name="const_128">
<pin_list>
<pin id="129" dir="1" index="0" bw="1" slack="0"/>
</pin_list>
<bind>
<StgValue><ssdm name=""/></StgValue>
</bind>
</comp>

<comp id="130" class="1001" name="const_130">
<pin_list>
<pin id="131" dir="1" index="0" bw="1" slack="0"/>
</pin_list>
<bind>
<StgValue><ssdm name=""/></StgValue>
</bind>
</comp>

<comp id="132" class="1001" name="const_132">
<pin_list>
<pin id="133" dir="1" index="0" bw="1" slack="0"/>
</pin_list>
<bind>
<StgValue><ssdm name=""/></StgValue>
</bind>
</comp>

<comp id="134" class="1001" name="const_134">
<pin_list>
<pin id="135" dir="1" index="0" bw="1" slack="0"/>
</pin_list>
<bind>
<StgValue><ssdm name=""/></StgValue>
</bind>
</comp>

<comp id="136" class="1001" name="const_136">
<pin_list>
<pin id="137" dir="1" index="0" bw="1" slack="0"/>
</pin_list>
<bind>
<StgValue><ssdm name=""/></StgValue>
</bind>
</comp>

<comp id="138" class="1001" name="const_138">
<pin_list>
<pin id="139" dir="1" index="0" bw="1" slack="0"/>
</pin_list>
<bind>
<StgValue><ssdm name=""/></StgValue>
</bind>
</comp>

<comp id="140" class="1001" name="const_140">
<pin_list>
<pin id="141" dir="1" index="0" bw="1" slack="0"/>
</pin_list>
<bind>
<StgValue><ssdm name=""/></StgValue>
</bind>
</comp>

<comp id="142" class="1001" name="const_142">
<pin_list>
<pin id="143" dir="1" index="0" bw="1" slack="0"/>
</pin_list>
<bind>
<StgValue><ssdm name="_ssdm_op_PartSelect.i63.i124.i32.i32"/></StgValue>
</bind>
</comp>

<comp id="144" class="1001" name="const_144">
<pin_list>
<pin id="145" dir="1" index="0" bw="1" slack="0"/>
</pin_list>
<bind>
<StgValue><ssdm name=""/></StgValue>
</bind>
</comp>

<comp id="146" class="1001" name="const_146">
<pin_list>
<pin id="147" dir="1" index="0" bw="1" slack="0"/>
</pin_list>
<bind>
<StgValue><ssdm name=""/></StgValue>
</bind>
</comp>

<comp id="148" class="1001" name="const_148">
<pin_list>
<pin id="149" dir="1" index="0" bw="1" slack="0"/>
</pin_list>
<bind>
<StgValue><ssdm name="_ssdm_op_PartSelect.i7.i63.i32"/></StgValue>
</bind>
</comp>

<comp id="150" class="1001" name="const_150">
<pin_list>
<pin id="151" dir="1" index="0" bw="1" slack="0"/>
</pin_list>
<bind>
<StgValue><ssdm name=""/></StgValue>
</bind>
</comp>

<comp id="152" class="1001" name="const_152">
<pin_list>
<pin id="153" dir="1" index="0" bw="1" slack="0"/>
</pin_list>
<bind>
<StgValue><ssdm name="_ssdm_op_PartSelect.i49.i63.i32.i32"/></StgValue>
</bind>
</comp>

<comp id="154" class="1001" name="const_154">
<pin_list>
<pin id="155" dir="1" index="0" bw="1" slack="0"/>
</pin_list>
<bind>
<StgValue><ssdm name=""/></StgValue>
</bind>
</comp>

<comp id="156" class="1001" name="const_156">
<pin_list>
<pin id="157" dir="1" index="0" bw="1" slack="0"/>
</pin_list>
<bind>
<StgValue><ssdm name="_ssdm_op_BitConcatenate.i8.i1.i7"/></StgValue>
</bind>
</comp>

<comp id="158" class="1001" name="const_158">
<pin_list>
<pin id="159" dir="1" index="0" bw="1" slack="0"/>
</pin_list>
<bind>
<StgValue><ssdm name="_ssdm_op_PartSelect.i49.i98.i32.i32"/></StgValue>
</bind>
</comp>

<comp id="160" class="1001" name="const_160">
<pin_list>
<pin id="161" dir="1" index="0" bw="1" slack="0"/>
</pin_list>
<bind>
<StgValue><ssdm name=""/></StgValue>
</bind>
</comp>

<comp id="162" class="1001" name="const_162">
<pin_list>
<pin id="163" dir="1" index="0" bw="1" slack="0"/>
</pin_list>
<bind>
<StgValue><ssdm name=""/></StgValue>
</bind>
</comp>

<comp id="164" class="1001" name="const_164">
<pin_list>
<pin id="165" dir="1" index="0" bw="1" slack="0"/>
</pin_list>
<bind>
<StgValue><ssdm name="_ssdm_op_PartSelect.i56.i108.i32.i32"/></StgValue>
</bind>
</comp>

<comp id="166" class="1001" name="const_166">
<pin_list>
<pin id="167" dir="1" index="0" bw="1" slack="0"/>
</pin_list>
<bind>
<StgValue><ssdm name=""/></StgValue>
</bind>
</comp>

<comp id="168" class="1001" name="const_168">
<pin_list>
<pin id="169" dir="1" index="0" bw="1" slack="0"/>
</pin_list>
<bind>
<StgValue><ssdm name="_ssdm_op_PartSelect.i48.i93.i32.i32"/></StgValue>
</bind>
</comp>

<comp id="170" class="1001" name="const_170">
<pin_list>
<pin id="171" dir="1" index="0" bw="1" slack="0"/>
</pin_list>
<bind>
<StgValue><ssdm name=""/></StgValue>
</bind>
</comp>

<comp id="172" class="1001" name="const_172">
<pin_list>
<pin id="173" dir="1" index="0" bw="1" slack="0"/>
</pin_list>
<bind>
<StgValue><ssdm name=""/></StgValue>
</bind>
</comp>

<comp id="174" class="1001" name="const_174">
<pin_list>
<pin id="175" dir="1" index="0" bw="1" slack="0"/>
</pin_list>
<bind>
<StgValue><ssdm name="_ssdm_op_PartSelect.i42.i98.i32.i32"/></StgValue>
</bind>
</comp>

<comp id="176" class="1001" name="const_176">
<pin_list>
<pin id="177" dir="1" index="0" bw="1" slack="0"/>
</pin_list>
<bind>
<StgValue><ssdm name="_ssdm_op_PartSelect.i35.i98.i32.i32"/></StgValue>
</bind>
</comp>

<comp id="178" class="1001" name="const_178">
<pin_list>
<pin id="179" dir="1" index="0" bw="1" slack="0"/>
</pin_list>
<bind>
<StgValue><ssdm name="_ssdm_op_BitConcatenate.i63.i59.i4"/></StgValue>
</bind>
</comp>

<comp id="180" class="1001" name="const_180">
<pin_list>
<pin id="181" dir="1" index="0" bw="1" slack="0"/>
</pin_list>
<bind>
<StgValue><ssdm name="_ssdm_op_PartSelect.i29.i60.i32.i32"/></StgValue>
</bind>
</comp>

<comp id="182" class="1001" name="const_182">
<pin_list>
<pin id="183" dir="1" index="0" bw="1" slack="0"/>
</pin_list>
<bind>
<StgValue><ssdm name=""/></StgValue>
</bind>
</comp>

<comp id="184" class="1001" name="const_184">
<pin_list>
<pin id="185" dir="1" index="0" bw="1" slack="0"/>
</pin_list>
<bind>
<StgValue><ssdm name=""/></StgValue>
</bind>
</comp>

<comp id="186" class="1001" name="const_186">
<pin_list>
<pin id="187" dir="1" index="0" bw="1" slack="0"/>
</pin_list>
<bind>
<StgValue><ssdm name="_ssdm_op_PartSelect.i37.i75.i32.i32"/></StgValue>
</bind>
</comp>

<comp id="188" class="1001" name="const_188">
<pin_list>
<pin id="189" dir="1" index="0" bw="1" slack="0"/>
</pin_list>
<bind>
<StgValue><ssdm name=""/></StgValue>
</bind>
</comp>

<comp id="190" class="1001" name="const_190">
<pin_list>
<pin id="191" dir="1" index="0" bw="1" slack="0"/>
</pin_list>
<bind>
<StgValue><ssdm name=""/></StgValue>
</bind>
</comp>

<comp id="192" class="1001" name="const_192">
<pin_list>
<pin id="193" dir="1" index="0" bw="1" slack="0"/>
</pin_list>
<bind>
<StgValue><ssdm name=""/></StgValue>
</bind>
</comp>

<comp id="194" class="1001" name="const_194">
<pin_list>
<pin id="195" dir="1" index="0" bw="1" slack="0"/>
</pin_list>
<bind>
<StgValue><ssdm name="_ssdm_op_PartSelect.i63.i126.i32.i32"/></StgValue>
</bind>
</comp>

<comp id="196" class="1001" name="const_196">
<pin_list>
<pin id="197" dir="1" index="0" bw="1" slack="0"/>
</pin_list>
<bind>
<StgValue><ssdm name=""/></StgValue>
</bind>
</comp>

<comp id="198" class="1001" name="const_198">
<pin_list>
<pin id="199" dir="1" index="0" bw="1" slack="0"/>
</pin_list>
<bind>
<StgValue><ssdm name="_ssdm_op_PartSelect.i15.i126.i32.i32"/></StgValue>
</bind>
</comp>

<comp id="200" class="1001" name="const_200">
<pin_list>
<pin id="201" dir="1" index="0" bw="1" slack="0"/>
</pin_list>
<bind>
<StgValue><ssdm name=""/></StgValue>
</bind>
</comp>

<comp id="202" class="1001" name="const_202">
<pin_list>
<pin id="203" dir="1" index="0" bw="1" slack="0"/>
</pin_list>
<bind>
<StgValue><ssdm name="sin_or_cos<double>_Pipeline_2"/></StgValue>
</bind>
</comp>

<comp id="204" class="1001" name="const_204">
<pin_list>
<pin id="205" dir="1" index="0" bw="1" slack="0"/>
</pin_list>
<bind>
<StgValue><ssdm name="_ssdm_op_BitConcatenate.i32.i15.i17"/></StgValue>
</bind>
</comp>

<comp id="206" class="1001" name="const_206">
<pin_list>
<pin id="207" dir="1" index="0" bw="1" slack="0"/>
</pin_list>
<bind>
<StgValue><ssdm name=""/></StgValue>
</bind>
</comp>

<comp id="208" class="1001" name="const_208">
<pin_list>
<pin id="209" dir="1" index="0" bw="1" slack="0"/>
</pin_list>
<bind>
<StgValue><ssdm name="sin_or_cos<double>_Pipeline_3"/></StgValue>
</bind>
</comp>

<comp id="210" class="1001" name="const_210">
<pin_list>
<pin id="211" dir="1" index="0" bw="1" slack="0"/>
</pin_list>
<bind>
<StgValue><ssdm name="sin_or_cos<double>_Pipeline_4"/></StgValue>
</bind>
</comp>

<comp id="212" class="1001" name="const_212">
<pin_list>
<pin id="213" dir="1" index="0" bw="1" slack="0"/>
</pin_list>
<bind>
<StgValue><ssdm name=""/></StgValue>
</bind>
</comp>

<comp id="214" class="1001" name="const_214">
<pin_list>
<pin id="215" dir="1" index="0" bw="1" slack="2147483647"/>
</pin_list>
<bind>
<StgValue><ssdm name="_ssdm_op_SpecMemCore"/></StgValue>
</bind>
</comp>

<comp id="216" class="1001" name="const_216">
<pin_list>
<pin id="217" dir="1" index="0" bw="1" slack="2147483647"/>
</pin_list>
<bind>
<StgValue><ssdm name=""/></StgValue>
</bind>
</comp>

<comp id="218" class="1001" name="const_218">
<pin_list>
<pin id="219" dir="1" index="0" bw="1" slack="2147483647"/>
</pin_list>
<bind>
<StgValue><ssdm name=""/></StgValue>
</bind>
</comp>

<comp id="220" class="1001" name="const_220">
<pin_list>
<pin id="221" dir="1" index="0" bw="1" slack="2147483647"/>
</pin_list>
<bind>
<StgValue><ssdm name=""/></StgValue>
</bind>
</comp>

<comp id="222" class="1001" name="const_222">
<pin_list>
<pin id="223" dir="1" index="0" bw="1" slack="0"/>
</pin_list>
<bind>
<StgValue><ssdm name=""/></StgValue>
</bind>
</comp>

<comp id="224" class="1001" name="const_224">
<pin_list>
<pin id="225" dir="1" index="0" bw="1" slack="0"/>
</pin_list>
<bind>
<StgValue><ssdm name="_ssdm_op_BitSelect.i1.i32.i32"/></StgValue>
</bind>
</comp>

<comp id="226" class="1001" name="const_226">
<pin_list>
<pin id="227" dir="1" index="0" bw="1" slack="0"/>
</pin_list>
<bind>
<StgValue><ssdm name="_ssdm_op_PartSelect.i52.i62.i32.i32"/></StgValue>
</bind>
</comp>

<comp id="228" class="1001" name="const_228">
<pin_list>
<pin id="229" dir="1" index="0" bw="1" slack="0"/>
</pin_list>
<bind>
<StgValue><ssdm name=""/></StgValue>
</bind>
</comp>

<comp id="230" class="1001" name="const_230">
<pin_list>
<pin id="231" dir="1" index="0" bw="1" slack="0"/>
</pin_list>
<bind>
<StgValue><ssdm name=""/></StgValue>
</bind>
</comp>

<comp id="232" class="1001" name="const_232">
<pin_list>
<pin id="233" dir="1" index="0" bw="1" slack="0"/>
</pin_list>
<bind>
<StgValue><ssdm name="_ssdm_op_BitConcatenate.i64.i1.i11.i52"/></StgValue>
</bind>
</comp>

<comp id="234" class="1004" name="in_shift_loc_fu_234">
<pin_list>
<pin id="235" dir="0" index="0" bw="1" slack="0"/>
<pin id="236" dir="1" index="1" bw="62" slack="34"/>
</pin_list>
<bind>
<opcode="alloca(26) " fcode="alloca"/>
<opset="in_shift_loc/1 "/>
</bind>
</comp>

<comp id="238" class="1004" name="shift_1_loc_fu_238">
<pin_list>
<pin id="239" dir="0" index="0" bw="1" slack="0"/>
<pin id="240" dir="1" index="1" bw="32" slack="34"/>
</pin_list>
<bind>
<opcode="alloca(26) " fcode="alloca"/>
<opset="shift_1_loc/1 "/>
</bind>
</comp>

<comp id="242" class="1004" name="c_loc_fu_242">
<pin_list>
<pin id="243" dir="0" index="0" bw="1" slack="0"/>
<pin id="244" dir="1" index="1" bw="32" slack="32"/>
</pin_list>
<bind>
<opcode="alloca(26) " fcode="alloca"/>
<opset="c_loc/1 "/>
</bind>
</comp>

<comp id="246" class="1004" name="c_1_loc_fu_246">
<pin_list>
<pin id="247" dir="0" index="0" bw="1" slack="0"/>
<pin id="248" dir="1" index="1" bw="32" slack="32"/>
</pin_list>
<bind>
<opcode="alloca(26) " fcode="alloca"/>
<opset="c_1_loc/1 "/>
</bind>
</comp>

<comp id="250" class="1004" name="c_2_loc_fu_250">
<pin_list>
<pin id="251" dir="0" index="0" bw="1" slack="0"/>
<pin id="252" dir="1" index="1" bw="32" slack="32"/>
</pin_list>
<bind>
<opcode="alloca(26) " fcode="alloca"/>
<opset="c_2_loc/1 "/>
</bind>
</comp>

<comp id="254" class="1004" name="c_3_loc_fu_254">
<pin_list>
<pin id="255" dir="0" index="0" bw="1" slack="0"/>
<pin id="256" dir="1" index="1" bw="32" slack="32"/>
</pin_list>
<bind>
<opcode="alloca(26) " fcode="alloca"/>
<opset="c_3_loc/1 "/>
</bind>
</comp>

<comp id="258" class="1004" name="out_bits_7_loc_fu_258">
<pin_list>
<pin id="259" dir="0" index="0" bw="1" slack="0"/>
<pin id="260" dir="1" index="1" bw="32" slack="30"/>
</pin_list>
<bind>
<opcode="alloca(26) " fcode="alloca"/>
<opset="out_bits_7_loc/1 "/>
</bind>
</comp>

<comp id="262" class="1004" name="out_bits_8_loc_fu_262">
<pin_list>
<pin id="263" dir="0" index="0" bw="1" slack="0"/>
<pin id="264" dir="1" index="1" bw="32" slack="30"/>
</pin_list>
<bind>
<opcode="alloca(26) " fcode="alloca"/>
<opset="out_bits_8_loc/1 "/>
</bind>
</comp>

<comp id="266" class="1004" name="out_bits_9_loc_fu_266">
<pin_list>
<pin id="267" dir="0" index="0" bw="1" slack="0"/>
<pin id="268" dir="1" index="1" bw="32" slack="30"/>
</pin_list>
<bind>
<opcode="alloca(26) " fcode="alloca"/>
<opset="out_bits_9_loc/1 "/>
</bind>
</comp>

<comp id="270" class="1004" name="out_bits_3_loc_fu_270">
<pin_list>
<pin id="271" dir="0" index="0" bw="1" slack="0"/>
<pin id="272" dir="1" index="1" bw="32" slack="0"/>
</pin_list>
<bind>
<opcode="alloca(26) " fcode="alloca"/>
<opset="out_bits_3_loc/1 "/>
</bind>
</comp>

<comp id="274" class="1004" name="out_bits_4_loc_fu_274">
<pin_list>
<pin id="275" dir="0" index="0" bw="1" slack="0"/>
<pin id="276" dir="1" index="1" bw="32" slack="0"/>
</pin_list>
<bind>
<opcode="alloca(26) " fcode="alloca"/>
<opset="out_bits_4_loc/1 "/>
</bind>
</comp>

<comp id="278" class="1004" name="out_bits_5_loc_fu_278">
<pin_list>
<pin id="279" dir="0" index="0" bw="1" slack="0"/>
<pin id="280" dir="1" index="1" bw="32" slack="0"/>
</pin_list>
<bind>
<opcode="alloca(26) " fcode="alloca"/>
<opset="out_bits_5_loc/1 "/>
</bind>
</comp>

<comp id="282" class="1004" name="t_in_read_read_fu_282">
<pin_list>
<pin id="283" dir="0" index="0" bw="64" slack="0"/>
<pin id="284" dir="0" index="1" bw="64" slack="0"/>
<pin id="285" dir="1" index="2" bw="64" slack="0"/>
</pin_list>
<bind>
<opcode="read(1150) " fcode="read"/>
<opset="t_in_read/1 "/>
</bind>
</comp>

<comp id="288" class="1004" name="do_cos_read_read_fu_288">
<pin_list>
<pin id="289" dir="0" index="0" bw="1" slack="0"/>
<pin id="290" dir="0" index="1" bw="1" slack="0"/>
<pin id="291" dir="1" index="2" bw="1" slack="0"/>
</pin_list>
<bind>
<opcode="read(1150) " fcode="read"/>
<opset="do_cos_read/10 "/>
</bind>
</comp>

<comp id="294" class="1004" name="ref_4oPi_table_256_addr_gep_fu_294">
<pin_list>
<pin id="295" dir="0" index="0" bw="256" slack="0"/>
<pin id="296" dir="0" index="1" bw="1" slack="0"/>
<pin id="297" dir="0" index="2" bw="4" slack="0"/>
<pin id="298" dir="1" index="3" bw="4" slack="0"/>
</pin_list>
<bind>
<opcode="getelementptr(29) " fcode="getelementptr"/>
<opset="ref_4oPi_table_256_addr/1 "/>
</bind>
</comp>

<comp id="301" class="1004" name="grp_access_fu_301">
<pin_list>
<pin id="302" dir="0" index="0" bw="4" slack="0"/>
<pin id="303" dir="0" index="1" bw="256" slack="2147483647"/>
<pin id="304" dir="0" index="2" bw="0" slack="2147483647"/>
<pin id="305" dir="1" index="3" bw="256" slack="1"/>
</pin_list>
<bind>
<opcode="load(27) " fcode="load"/>
<opset="table_256/1 "/>
</bind>
</comp>

<comp id="307" class="1004" name="fourth_order_double_sin_cos_K1_addr_gep_fu_307">
<pin_list>
<pin id="308" dir="0" index="0" bw="52" slack="0"/>
<pin id="309" dir="0" index="1" bw="1" slack="0"/>
<pin id="310" dir="0" index="2" bw="8" slack="0"/>
<pin id="311" dir="1" index="3" bw="8" slack="0"/>
</pin_list>
<bind>
<opcode="getelementptr(29) " fcode="getelementptr"/>
<opset="fourth_order_double_sin_cos_K1_addr/16 "/>
</bind>
</comp>

<comp id="314" class="1004" name="grp_access_fu_314">
<pin_list>
<pin id="315" dir="0" index="0" bw="8" slack="0"/>
<pin id="316" dir="0" index="1" bw="52" slack="2147483647"/>
<pin id="317" dir="0" index="2" bw="0" slack="2147483647"/>
<pin id="318" dir="1" index="3" bw="52" slack="1"/>
</pin_list>
<bind>
<opcode="load(27) " fcode="load"/>
<opset="fourth_order_double_sin_cos_K1_load/16 "/>
</bind>
</comp>

<comp id="320" class="1004" name="fourth_order_double_sin_cos_K2_addr_gep_fu_320">
<pin_list>
<pin id="321" dir="0" index="0" bw="44" slack="0"/>
<pin id="322" dir="0" index="1" bw="1" slack="0"/>
<pin id="323" dir="0" index="2" bw="8" slack="0"/>
<pin id="324" dir="1" index="3" bw="8" slack="0"/>
</pin_list>
<bind>
<opcode="getelementptr(29) " fcode="getelementptr"/>
<opset="fourth_order_double_sin_cos_K2_addr/16 "/>
</bind>
</comp>

<comp id="327" class="1004" name="grp_access_fu_327">
<pin_list>
<pin id="328" dir="0" index="0" bw="8" slack="0"/>
<pin id="329" dir="0" index="1" bw="44" slack="2147483647"/>
<pin id="330" dir="0" index="2" bw="0" slack="2147483647"/>
<pin id="331" dir="1" index="3" bw="44" slack="1"/>
</pin_list>
<bind>
<opcode="load(27) " fcode="load"/>
<opset="fourth_order_double_sin_cos_K2_load/16 "/>
</bind>
</comp>

<comp id="333" class="1004" name="fourth_order_double_sin_cos_K0_addr_gep_fu_333">
<pin_list>
<pin id="334" dir="0" index="0" bw="59" slack="0"/>
<pin id="335" dir="0" index="1" bw="1" slack="0"/>
<pin id="336" dir="0" index="2" bw="8" slack="5"/>
<pin id="337" dir="1" index="3" bw="8" slack="0"/>
</pin_list>
<bind>
<opcode="getelementptr(29) " fcode="getelementptr"/>
<opset="fourth_order_double_sin_cos_K0_addr/21 "/>
</bind>
</comp>

<comp id="340" class="1004" name="grp_access_fu_340">
<pin_list>
<pin id="341" dir="0" index="0" bw="8" slack="0"/>
<pin id="342" dir="0" index="1" bw="59" slack="2147483647"/>
<pin id="343" dir="0" index="2" bw="0" slack="2147483647"/>
<pin id="344" dir="1" index="3" bw="59" slack="1"/>
</pin_list>
<bind>
<opcode="load(27) " fcode="load"/>
<opset="fourth_order_double_sin_cos_K0_load/21 "/>
</bind>
</comp>

<comp id="346" class="1004" name="fourth_order_double_sin_cos_K3_addr_gep_fu_346">
<pin_list>
<pin id="347" dir="0" index="0" bw="33" slack="0"/>
<pin id="348" dir="0" index="1" bw="1" slack="0"/>
<pin id="349" dir="0" index="2" bw="8" slack="5"/>
<pin id="350" dir="1" index="3" bw="8" slack="0"/>
</pin_list>
<bind>
<opcode="getelementptr(29) " fcode="getelementptr"/>
<opset="fourth_order_double_sin_cos_K3_addr/21 "/>
</bind>
</comp>

<comp id="353" class="1004" name="grp_access_fu_353">
<pin_list>
<pin id="354" dir="0" index="0" bw="8" slack="0"/>
<pin id="355" dir="0" index="1" bw="33" slack="2147483647"/>
<pin id="356" dir="0" index="2" bw="0" slack="2147483647"/>
<pin id="357" dir="1" index="3" bw="33" slack="1"/>
</pin_list>
<bind>
<opcode="load(27) " fcode="load"/>
<opset="fourth_order_double_sin_cos_K3_load/21 "/>
</bind>
</comp>

<comp id="359" class="1004" name="fourth_order_double_sin_cos_K4_addr_gep_fu_359">
<pin_list>
<pin id="360" dir="0" index="0" bw="25" slack="0"/>
<pin id="361" dir="0" index="1" bw="1" slack="0"/>
<pin id="362" dir="0" index="2" bw="8" slack="5"/>
<pin id="363" dir="1" index="3" bw="8" slack="0"/>
</pin_list>
<bind>
<opcode="getelementptr(29) " fcode="getelementptr"/>
<opset="fourth_order_double_sin_cos_K4_addr/21 "/>
</bind>
</comp>

<comp id="366" class="1004" name="grp_access_fu_366">
<pin_list>
<pin id="367" dir="0" index="0" bw="8" slack="0"/>
<pin id="368" dir="0" index="1" bw="25" slack="2147483647"/>
<pin id="369" dir="0" index="2" bw="0" slack="2147483647"/>
<pin id="370" dir="1" index="3" bw="25" slack="1"/>
</pin_list>
<bind>
<opcode="load(27) " fcode="load"/>
<opset="fourth_order_double_sin_cos_K4_load/21 "/>
</bind>
</comp>

<comp id="372" class="1004" name="grp_sin_or_cos_double_Pipeline_1_fu_372">
<pin_list>
<pin id="373" dir="0" index="0" bw="0" slack="0"/>
<pin id="374" dir="0" index="1" bw="32" slack="0"/>
<pin id="375" dir="0" index="2" bw="32" slack="0"/>
<pin id="376" dir="0" index="3" bw="32" slack="0"/>
<pin id="377" dir="1" index="4" bw="0" slack="2147483647"/>
</pin_list>
<bind>
<opcode="call(48) " fcode="call"/>
<opset="call_ln0/1 "/>
</bind>
</comp>

<comp id="379" class="1004" name="grp_sin_or_cos_double_Pipeline_2_fu_379">
<pin_list>
<pin id="380" dir="0" index="0" bw="0" slack="0"/>
<pin id="381" dir="0" index="1" bw="32" slack="0"/>
<pin id="382" dir="0" index="2" bw="32" slack="0"/>
<pin id="383" dir="0" index="3" bw="32" slack="0"/>
<pin id="384" dir="0" index="4" bw="63" slack="1"/>
<pin id="385" dir="0" index="5" bw="32" slack="30"/>
<pin id="386" dir="0" index="6" bw="32" slack="30"/>
<pin id="387" dir="0" index="7" bw="32" slack="30"/>
<pin id="388" dir="1" index="8" bw="0" slack="2147483647"/>
</pin_list>
<bind>
<opcode="call(48) " fcode="call"/>
<opset="call_ln37/31 "/>
</bind>
</comp>

<comp id="390" class="1004" name="grp_sin_or_cos_double_Pipeline_3_fu_390">
<pin_list>
<pin id="391" dir="0" index="0" bw="0" slack="0"/>
<pin id="392" dir="0" index="1" bw="32" slack="0"/>
<pin id="393" dir="0" index="2" bw="32" slack="0"/>
<pin id="394" dir="0" index="3" bw="32" slack="0"/>
<pin id="395" dir="0" index="4" bw="32" slack="0"/>
<pin id="396" dir="0" index="5" bw="32" slack="32"/>
<pin id="397" dir="0" index="6" bw="32" slack="32"/>
<pin id="398" dir="0" index="7" bw="32" slack="32"/>
<pin id="399" dir="0" index="8" bw="32" slack="32"/>
<pin id="400" dir="1" index="9" bw="0" slack="2147483647"/>
</pin_list>
<bind>
<opcode="call(48) " fcode="call"/>
<opset="call_ln410/33 "/>
</bind>
</comp>

<comp id="402" class="1004" name="grp_sin_or_cos_double_Pipeline_4_fu_402">
<pin_list>
<pin id="403" dir="0" index="0" bw="0" slack="0"/>
<pin id="404" dir="0" index="1" bw="63" slack="5"/>
<pin id="405" dir="0" index="2" bw="32" slack="0"/>
<pin id="406" dir="0" index="3" bw="32" slack="0"/>
<pin id="407" dir="0" index="4" bw="32" slack="0"/>
<pin id="408" dir="0" index="5" bw="32" slack="0"/>
<pin id="409" dir="0" index="6" bw="32" slack="34"/>
<pin id="410" dir="0" index="7" bw="62" slack="34"/>
<pin id="411" dir="1" index="8" bw="0" slack="2147483647"/>
</pin_list>
<bind>
<opcode="call(48) " fcode="call"/>
<opset="call_ln37/35 "/>
</bind>
</comp>

<comp id="413" class="1004" name="grp_fu_413">
<pin_list>
<pin id="414" dir="0" index="0" bw="35" slack="0"/>
<pin id="415" dir="0" index="1" bw="25" slack="0"/>
<pin id="416" dir="1" index="2" bw="60" slack="0"/>
</pin_list>
<bind>
<opcode="mul(12) " fcode="mul"/>
<opset="mul_ln36/23 "/>
</bind>
</comp>

<comp id="417" class="1004" name="grp_fu_417">
<pin_list>
<pin id="418" dir="0" index="0" bw="42" slack="0"/>
<pin id="419" dir="0" index="1" bw="33" slack="0"/>
<pin id="420" dir="1" index="2" bw="75" slack="0"/>
</pin_list>
<bind>
<opcode="mul(12) " fcode="mul"/>
<opset="mul_ln35/23 "/>
</bind>
</comp>

<comp id="421" class="1004" name="grp_fu_421">
<pin_list>
<pin id="422" dir="0" index="0" bw="49" slack="0"/>
<pin id="423" dir="0" index="1" bw="44" slack="0"/>
<pin id="424" dir="1" index="2" bw="93" slack="0"/>
</pin_list>
<bind>
<opcode="mul(12) " fcode="mul"/>
<opset="mul_ln34/18 "/>
</bind>
</comp>

<comp id="425" class="1004" name="grp_fu_425">
<pin_list>
<pin id="426" dir="0" index="0" bw="49" slack="0"/>
<pin id="427" dir="0" index="1" bw="49" slack="0"/>
<pin id="428" dir="1" index="2" bw="98" slack="0"/>
</pin_list>
<bind>
<opcode="mul(12) " fcode="mul"/>
<opset="mul_ln25/13 mul_ln26/18 "/>
</bind>
</comp>

<comp id="429" class="1004" name="grp_fu_429">
<pin_list>
<pin id="430" dir="0" index="0" bw="49" slack="0"/>
<pin id="431" dir="0" index="1" bw="49" slack="0"/>
<pin id="432" dir="1" index="2" bw="98" slack="0"/>
</pin_list>
<bind>
<opcode="mul(12) " fcode="mul"/>
<opset="mul_ln27/18 "/>
</bind>
</comp>

<comp id="433" class="1004" name="grp_fu_433">
<pin_list>
<pin id="434" dir="0" index="0" bw="56" slack="0"/>
<pin id="435" dir="0" index="1" bw="52" slack="0"/>
<pin id="436" dir="1" index="2" bw="108" slack="0"/>
</pin_list>
<bind>
<opcode="mul(12) " fcode="mul"/>
<opset="mul_ln33/18 "/>
</bind>
</comp>

<comp id="437" class="1004" name="grp_fu_437">
<pin_list>
<pin id="438" dir="0" index="0" bw="64" slack="0"/>
<pin id="439" dir="0" index="1" bw="63" slack="0"/>
<pin id="440" dir="1" index="2" bw="126" slack="0"/>
</pin_list>
<bind>
<opcode="mul(12) " fcode="mul"/>
<opset="mul_ln37/26 "/>
</bind>
</comp>

<comp id="441" class="1004" name="grp_fu_441">
<pin_list>
<pin id="442" dir="0" index="0" bw="170" slack="1"/>
<pin id="443" dir="0" index="1" bw="53" slack="0"/>
<pin id="444" dir="1" index="2" bw="170" slack="0"/>
</pin_list>
<bind>
<opcode="mul(12) " fcode="mul"/>
<opset="h/4 "/>
</bind>
</comp>

<comp id="445" class="1004" name="data_fu_445">
<pin_list>
<pin id="446" dir="0" index="0" bw="64" slack="0"/>
<pin id="447" dir="1" index="1" bw="64" slack="0"/>
</pin_list>
<bind>
<opcode="bitcast(44) " fcode="bitcast"/>
<opset="data/1 "/>
</bind>
</comp>

<comp id="449" class="1004" name="din_sign_fu_449">
<pin_list>
<pin id="450" dir="0" index="0" bw="1" slack="0"/>
<pin id="451" dir="0" index="1" bw="64" slack="0"/>
<pin id="452" dir="0" index="2" bw="7" slack="0"/>
<pin id="453" dir="1" index="3" bw="1" slack="9"/>
</pin_list>
<bind>
<opcode="bitselect(1000) " fcode="bitselect"/>
<opset="din_sign/1 "/>
</bind>
</comp>

<comp id="457" class="1004" name="din_exp_fu_457">
<pin_list>
<pin id="458" dir="0" index="0" bw="11" slack="0"/>
<pin id="459" dir="0" index="1" bw="64" slack="0"/>
<pin id="460" dir="0" index="2" bw="7" slack="0"/>
<pin id="461" dir="1" index="3" bw="11" slack="0"/>
</pin_list>
<bind>
<opcode="partselect(1002) " fcode="partselect"/>
<opset="din_exp/1 "/>
</bind>
</comp>

<comp id="465" class="1004" name="din_sig_fu_465">
<pin_list>
<pin id="466" dir="0" index="0" bw="64" slack="0"/>
<pin id="467" dir="1" index="1" bw="52" slack="3"/>
</pin_list>
<bind>
<opcode="trunc(33) " fcode="trunc"/>
<opset="din_sig/1 "/>
</bind>
</comp>

<comp id="469" class="1004" name="closepath_fu_469">
<pin_list>
<pin id="470" dir="0" index="0" bw="11" slack="0"/>
<pin id="471" dir="0" index="1" bw="11" slack="0"/>
<pin id="472" dir="1" index="2" bw="1" slack="0"/>
</pin_list>
<bind>
<opcode="icmp(45) " fcode="icmp"/>
<opset="closepath/1 "/>
</bind>
</comp>

<comp id="475" class="1004" name="add_ln396_fu_475">
<pin_list>
<pin id="476" dir="0" index="0" bw="11" slack="0"/>
<pin id="477" dir="0" index="1" bw="11" slack="0"/>
<pin id="478" dir="1" index="2" bw="11" slack="0"/>
</pin_list>
<bind>
<opcode="add(8) " fcode="add"/>
<opset="add_ln396/1 "/>
</bind>
</comp>

<comp id="481" class="1004" name="addr_fu_481">
<pin_list>
<pin id="482" dir="0" index="0" bw="1" slack="0"/>
<pin id="483" dir="0" index="1" bw="8" slack="0"/>
<pin id="484" dir="0" index="2" bw="11" slack="0"/>
<pin id="485" dir="1" index="3" bw="11" slack="0"/>
</pin_list>
<bind>
<opcode="select(49) " fcode="select"/>
<opset="addr/1 "/>
</bind>
</comp>

<comp id="489" class="1004" name="tmp_2_fu_489">
<pin_list>
<pin id="490" dir="0" index="0" bw="4" slack="0"/>
<pin id="491" dir="0" index="1" bw="11" slack="0"/>
<pin id="492" dir="0" index="2" bw="4" slack="0"/>
<pin id="493" dir="0" index="3" bw="5" slack="0"/>
<pin id="494" dir="1" index="4" bw="4" slack="0"/>
</pin_list>
<bind>
<opcode="partselect(1002) " fcode="partselect"/>
<opset="tmp_2/1 "/>
</bind>
</comp>

<comp id="499" class="1004" name="zext_ln397_fu_499">
<pin_list>
<pin id="500" dir="0" index="0" bw="4" slack="0"/>
<pin id="501" dir="1" index="1" bw="64" slack="0"/>
</pin_list>
<bind>
<opcode="zext(34) " fcode="zext"/>
<opset="zext_ln397/1 "/>
</bind>
</comp>

<comp id="504" class="1004" name="trunc_ln398_fu_504">
<pin_list>
<pin id="505" dir="0" index="0" bw="11" slack="0"/>
<pin id="506" dir="1" index="1" bw="7" slack="2"/>
</pin_list>
<bind>
<opcode="trunc(33) " fcode="trunc"/>
<opset="trunc_ln398/1 "/>
</bind>
</comp>

<comp id="508" class="1004" name="zext_ln398_fu_508">
<pin_list>
<pin id="509" dir="0" index="0" bw="7" slack="2"/>
<pin id="510" dir="1" index="1" bw="256" slack="0"/>
</pin_list>
<bind>
<opcode="zext(34) " fcode="zext"/>
<opset="zext_ln398/3 "/>
</bind>
</comp>

<comp id="511" class="1004" name="shl_ln398_fu_511">
<pin_list>
<pin id="512" dir="0" index="0" bw="256" slack="1"/>
<pin id="513" dir="0" index="1" bw="7" slack="0"/>
<pin id="514" dir="1" index="2" bw="256" slack="0"/>
</pin_list>
<bind>
<opcode="shl(20) " fcode="shl"/>
<opset="shl_ln398/3 "/>
</bind>
</comp>

<comp id="516" class="1004" name="ret_1_fu_516">
<pin_list>
<pin id="517" dir="0" index="0" bw="170" slack="0"/>
<pin id="518" dir="0" index="1" bw="256" slack="0"/>
<pin id="519" dir="0" index="2" bw="8" slack="0"/>
<pin id="520" dir="1" index="3" bw="170" slack="1"/>
</pin_list>
<bind>
<opcode="partselect(1002) " fcode="partselect"/>
<opset="ret_1/3 "/>
</bind>
</comp>

<comp id="524" class="1004" name="X_fu_524">
<pin_list>
<pin id="525" dir="0" index="0" bw="53" slack="0"/>
<pin id="526" dir="0" index="1" bw="1" slack="0"/>
<pin id="527" dir="0" index="2" bw="52" slack="3"/>
<pin id="528" dir="1" index="3" bw="53" slack="0"/>
</pin_list>
<bind>
<opcode="bitconcatenate(1004) " fcode="bitconcatenate"/>
<opset="X/4 "/>
</bind>
</comp>

<comp id="531" class="1004" name="zext_ln468_fu_531">
<pin_list>
<pin id="532" dir="0" index="0" bw="53" slack="0"/>
<pin id="533" dir="1" index="1" bw="170" slack="0"/>
</pin_list>
<bind>
<opcode="zext(34) " fcode="zext"/>
<opset="zext_ln468/4 "/>
</bind>
</comp>

<comp id="536" class="1004" name="icmp_ln271_fu_536">
<pin_list>
<pin id="537" dir="0" index="0" bw="11" slack="3"/>
<pin id="538" dir="0" index="1" bw="1" slack="0"/>
<pin id="539" dir="1" index="2" bw="1" slack="0"/>
</pin_list>
<bind>
<opcode="icmp(45) " fcode="icmp"/>
<opset="icmp_ln271/4 "/>
</bind>
</comp>

<comp id="541" class="1004" name="icmp_ln271_1_fu_541">
<pin_list>
<pin id="542" dir="0" index="0" bw="52" slack="3"/>
<pin id="543" dir="0" index="1" bw="1" slack="0"/>
<pin id="544" dir="1" index="2" bw="1" slack="0"/>
</pin_list>
<bind>
<opcode="icmp(45) " fcode="icmp"/>
<opset="icmp_ln271_1/4 "/>
</bind>
</comp>

<comp id="546" class="1004" name="and_ln271_fu_546">
<pin_list>
<pin id="547" dir="0" index="0" bw="1" slack="0"/>
<pin id="548" dir="0" index="1" bw="1" slack="0"/>
<pin id="549" dir="1" index="2" bw="1" slack="6"/>
</pin_list>
<bind>
<opcode="and(23) " fcode="and"/>
<opset="and_ln271/4 "/>
</bind>
</comp>

<comp id="552" class="1004" name="Mx_bits_fu_552">
<pin_list>
<pin id="553" dir="0" index="0" bw="124" slack="0"/>
<pin id="554" dir="0" index="1" bw="170" slack="0"/>
<pin id="555" dir="0" index="2" bw="7" slack="0"/>
<pin id="556" dir="0" index="3" bw="9" slack="0"/>
<pin id="557" dir="1" index="4" bw="124" slack="1"/>
</pin_list>
<bind>
<opcode="partselect(1002) " fcode="partselect"/>
<opset="Mx_bits/8 "/>
</bind>
</comp>

<comp id="562" class="1004" name="trunc_ln_fu_562">
<pin_list>
<pin id="563" dir="0" index="0" bw="3" slack="0"/>
<pin id="564" dir="0" index="1" bw="170" slack="0"/>
<pin id="565" dir="0" index="2" bw="9" slack="0"/>
<pin id="566" dir="0" index="3" bw="9" slack="0"/>
<pin id="567" dir="1" index="4" bw="3" slack="1"/>
</pin_list>
<bind>
<opcode="partselect(1002) " fcode="partselect"/>
<opset="trunc_ln/8 "/>
</bind>
</comp>

<comp id="572" class="1004" name="k_fu_572">
<pin_list>
<pin id="573" dir="0" index="0" bw="1" slack="8"/>
<pin id="574" dir="0" index="1" bw="1" slack="0"/>
<pin id="575" dir="0" index="2" bw="3" slack="1"/>
<pin id="576" dir="1" index="3" bw="3" slack="0"/>
</pin_list>
<bind>
<opcode="select(49) " fcode="select"/>
<opset="k/9 "/>
</bind>
</comp>

<comp id="578" class="1004" name="trunc_ln491_fu_578">
<pin_list>
<pin id="579" dir="0" index="0" bw="3" slack="0"/>
<pin id="580" dir="1" index="1" bw="1" slack="0"/>
</pin_list>
<bind>
<opcode="trunc(33) " fcode="trunc"/>
<opset="trunc_ln491/9 "/>
</bind>
</comp>

<comp id="582" class="1004" name="Mx_bits_1_fu_582">
<pin_list>
<pin id="583" dir="0" index="0" bw="1" slack="0"/>
<pin id="584" dir="0" index="1" bw="124" slack="1"/>
<pin id="585" dir="1" index="2" bw="124" slack="0"/>
</pin_list>
<bind>
<opcode="sub(10) " fcode="sub"/>
<opset="Mx_bits_1/9 "/>
</bind>
</comp>

<comp id="587" class="1004" name="Mx_bits_3_fu_587">
<pin_list>
<pin id="588" dir="0" index="0" bw="1" slack="0"/>
<pin id="589" dir="0" index="1" bw="124" slack="0"/>
<pin id="590" dir="0" index="2" bw="124" slack="1"/>
<pin id="591" dir="1" index="3" bw="124" slack="0"/>
</pin_list>
<bind>
<opcode="select(49) " fcode="select"/>
<opset="Mx_bits_3/9 "/>
</bind>
</comp>

<comp id="594" class="1004" name="tmp_8_fu_594">
<pin_list>
<pin id="595" dir="0" index="0" bw="61" slack="0"/>
<pin id="596" dir="0" index="1" bw="124" slack="0"/>
<pin id="597" dir="0" index="2" bw="7" slack="0"/>
<pin id="598" dir="1" index="3" bw="61" slack="1"/>
</pin_list>
<bind>
<opcode="partselect(1002) " fcode="partselect"/>
<opset="tmp_8/9 "/>
</bind>
</comp>

<comp id="602" class="1004" name="tmp_1_fu_602">
<pin_list>
<pin id="603" dir="0" index="0" bw="1" slack="0"/>
<pin id="604" dir="0" index="1" bw="3" slack="0"/>
<pin id="605" dir="0" index="2" bw="1" slack="0"/>
<pin id="606" dir="0" index="3" bw="3" slack="0"/>
<pin id="607" dir="0" index="4" bw="1" slack="0"/>
<pin id="608" dir="0" index="5" bw="3" slack="0"/>
<pin id="609" dir="0" index="6" bw="1" slack="0"/>
<pin id="610" dir="0" index="7" bw="3" slack="0"/>
<pin id="611" dir="0" index="8" bw="1" slack="0"/>
<pin id="612" dir="0" index="9" bw="3" slack="0"/>
<pin id="613" dir="0" index="10" bw="1" slack="0"/>
<pin id="614" dir="0" index="11" bw="3" slack="0"/>
<pin id="615" dir="0" index="12" bw="1" slack="0"/>
<pin id="616" dir="0" index="13" bw="3" slack="0"/>
<pin id="617" dir="0" index="14" bw="1" slack="0"/>
<pin id="618" dir="0" index="15" bw="3" slack="0"/>
<pin id="619" dir="0" index="16" bw="1" slack="0"/>
<pin id="620" dir="0" index="17" bw="1" slack="0"/>
<pin id="621" dir="0" index="18" bw="3" slack="0"/>
<pin id="622" dir="1" index="19" bw="1" slack="1"/>
</pin_list>
<bind>
<opcode="sparsemux(1197) " fcode="sparsemux"/>
<opset="tmp_1/9 "/>
</bind>
</comp>

<comp id="642" class="1004" name="add_ln454_fu_642">
<pin_list>
<pin id="643" dir="0" index="0" bw="11" slack="9"/>
<pin id="644" dir="0" index="1" bw="11" slack="0"/>
<pin id="645" dir="1" index="2" bw="11" slack="0"/>
</pin_list>
<bind>
<opcode="add(8) " fcode="add"/>
<opset="add_ln454/10 "/>
</bind>
</comp>

<comp id="647" class="1004" name="Ex_fu_647">
<pin_list>
<pin id="648" dir="0" index="0" bw="1" slack="9"/>
<pin id="649" dir="0" index="1" bw="11" slack="0"/>
<pin id="650" dir="0" index="2" bw="1" slack="0"/>
<pin id="651" dir="1" index="3" bw="11" slack="0"/>
</pin_list>
<bind>
<opcode="select(49) " fcode="select"/>
<opset="Ex/10 "/>
</bind>
</comp>

<comp id="654" class="1004" name="t_fu_654">
<pin_list>
<pin id="655" dir="0" index="0" bw="62" slack="0"/>
<pin id="656" dir="0" index="1" bw="61" slack="1"/>
<pin id="657" dir="0" index="2" bw="1" slack="0"/>
<pin id="658" dir="1" index="3" bw="62" slack="0"/>
</pin_list>
<bind>
<opcode="bitconcatenate(1004) " fcode="bitconcatenate"/>
<opset="t/10 "/>
</bind>
</comp>

<comp id="661" class="1004" name="Mx_zeros_fu_661">
<pin_list>
<pin id="662" dir="0" index="0" bw="62" slack="0"/>
<pin id="663" dir="0" index="1" bw="62" slack="0"/>
<pin id="664" dir="0" index="2" bw="1" slack="0"/>
<pin id="665" dir="1" index="3" bw="62" slack="0"/>
</pin_list>
<bind>
<opcode="ctlz(523) " fcode="ctlz"/>
<opset="Mx_zeros/10 "/>
</bind>
</comp>

<comp id="669" class="1004" name="trunc_ln505_fu_669">
<pin_list>
<pin id="670" dir="0" index="0" bw="62" slack="0"/>
<pin id="671" dir="1" index="1" bw="11" slack="0"/>
</pin_list>
<bind>
<opcode="trunc(33) " fcode="trunc"/>
<opset="trunc_ln505/10 "/>
</bind>
</comp>

<comp id="673" class="1004" name="Ex_1_fu_673">
<pin_list>
<pin id="674" dir="0" index="0" bw="11" slack="0"/>
<pin id="675" dir="0" index="1" bw="11" slack="0"/>
<pin id="676" dir="1" index="2" bw="11" slack="0"/>
</pin_list>
<bind>
<opcode="sub(10) " fcode="sub"/>
<opset="Ex_1/10 "/>
</bind>
</comp>

<comp id="679" class="1004" name="tmp_fu_679">
<pin_list>
<pin id="680" dir="0" index="0" bw="1" slack="0"/>
<pin id="681" dir="0" index="1" bw="11" slack="0"/>
<pin id="682" dir="0" index="2" bw="5" slack="0"/>
<pin id="683" dir="1" index="3" bw="1" slack="1"/>
</pin_list>
<bind>
<opcode="bitselect(1000) " fcode="bitselect"/>
<opset="tmp/10 "/>
</bind>
</comp>

<comp id="687" class="1004" name="xor_ln242_fu_687">
<pin_list>
<pin id="688" dir="0" index="0" bw="1" slack="1"/>
<pin id="689" dir="0" index="1" bw="1" slack="0"/>
<pin id="690" dir="1" index="2" bw="1" slack="0"/>
</pin_list>
<bind>
<opcode="xor(25) " fcode="xor"/>
<opset="xor_ln242/10 "/>
</bind>
</comp>

<comp id="692" class="1004" name="sin_basis_fu_692">
<pin_list>
<pin id="693" dir="0" index="0" bw="1" slack="0"/>
<pin id="694" dir="0" index="1" bw="1" slack="1"/>
<pin id="695" dir="0" index="2" bw="1" slack="0"/>
<pin id="696" dir="1" index="3" bw="1" slack="6"/>
</pin_list>
<bind>
<opcode="select(49) " fcode="select"/>
<opset="sin_basis/10 "/>
</bind>
</comp>

<comp id="699" class="1004" name="cos_basis_fu_699">
<pin_list>
<pin id="700" dir="0" index="0" bw="1" slack="0"/>
<pin id="701" dir="0" index="1" bw="1" slack="0"/>
<pin id="702" dir="0" index="2" bw="1" slack="1"/>
<pin id="703" dir="1" index="3" bw="1" slack="0"/>
</pin_list>
<bind>
<opcode="select(49) " fcode="select"/>
<opset="cos_basis/10 "/>
</bind>
</comp>

<comp id="706" class="1004" name="index_fu_706">
<pin_list>
<pin id="707" dir="0" index="0" bw="4" slack="0"/>
<pin id="708" dir="0" index="1" bw="1" slack="9"/>
<pin id="709" dir="0" index="2" bw="3" slack="1"/>
<pin id="710" dir="1" index="3" bw="4" slack="0"/>
</pin_list>
<bind>
<opcode="bitconcatenate(1004) " fcode="bitconcatenate"/>
<opset="index/10 "/>
</bind>
</comp>

<comp id="712" class="1004" name="tmp_s_fu_712">
<pin_list>
<pin id="713" dir="0" index="0" bw="1" slack="0"/>
<pin id="714" dir="0" index="1" bw="4" slack="0"/>
<pin id="715" dir="0" index="2" bw="1" slack="0"/>
<pin id="716" dir="0" index="3" bw="4" slack="0"/>
<pin id="717" dir="0" index="4" bw="1" slack="0"/>
<pin id="718" dir="0" index="5" bw="4" slack="0"/>
<pin id="719" dir="0" index="6" bw="1" slack="0"/>
<pin id="720" dir="0" index="7" bw="4" slack="0"/>
<pin id="721" dir="0" index="8" bw="1" slack="0"/>
<pin id="722" dir="0" index="9" bw="4" slack="0"/>
<pin id="723" dir="0" index="10" bw="1" slack="0"/>
<pin id="724" dir="0" index="11" bw="4" slack="0"/>
<pin id="725" dir="0" index="12" bw="1" slack="0"/>
<pin id="726" dir="0" index="13" bw="4" slack="0"/>
<pin id="727" dir="0" index="14" bw="1" slack="0"/>
<pin id="728" dir="0" index="15" bw="4" slack="0"/>
<pin id="729" dir="0" index="16" bw="1" slack="0"/>
<pin id="730" dir="0" index="17" bw="4" slack="0"/>
<pin id="731" dir="0" index="18" bw="1" slack="0"/>
<pin id="732" dir="0" index="19" bw="4" slack="0"/>
<pin id="733" dir="0" index="20" bw="1" slack="0"/>
<pin id="734" dir="0" index="21" bw="4" slack="0"/>
<pin id="735" dir="0" index="22" bw="1" slack="0"/>
<pin id="736" dir="0" index="23" bw="4" slack="0"/>
<pin id="737" dir="0" index="24" bw="1" slack="0"/>
<pin id="738" dir="0" index="25" bw="4" slack="0"/>
<pin id="739" dir="0" index="26" bw="1" slack="0"/>
<pin id="740" dir="0" index="27" bw="4" slack="0"/>
<pin id="741" dir="0" index="28" bw="1" slack="0"/>
<pin id="742" dir="0" index="29" bw="4" slack="0"/>
<pin id="743" dir="0" index="30" bw="1" slack="0"/>
<pin id="744" dir="0" index="31" bw="4" slack="0"/>
<pin id="745" dir="0" index="32" bw="1" slack="0"/>
<pin id="746" dir="0" index="33" bw="1" slack="0"/>
<pin id="747" dir="0" index="34" bw="4" slack="0"/>
<pin id="748" dir="1" index="35" bw="1" slack="0"/>
</pin_list>
<bind>
<opcode="sparsemux(1197) " fcode="sparsemux"/>
<opset="tmp_s/10 "/>
</bind>
</comp>

<comp id="784" class="1004" name="tmp_10_fu_784">
<pin_list>
<pin id="785" dir="0" index="0" bw="1" slack="0"/>
<pin id="786" dir="0" index="1" bw="4" slack="0"/>
<pin id="787" dir="0" index="2" bw="1" slack="0"/>
<pin id="788" dir="0" index="3" bw="4" slack="0"/>
<pin id="789" dir="0" index="4" bw="1" slack="0"/>
<pin id="790" dir="0" index="5" bw="4" slack="0"/>
<pin id="791" dir="0" index="6" bw="1" slack="0"/>
<pin id="792" dir="0" index="7" bw="4" slack="0"/>
<pin id="793" dir="0" index="8" bw="1" slack="0"/>
<pin id="794" dir="0" index="9" bw="4" slack="0"/>
<pin id="795" dir="0" index="10" bw="1" slack="0"/>
<pin id="796" dir="0" index="11" bw="4" slack="0"/>
<pin id="797" dir="0" index="12" bw="1" slack="0"/>
<pin id="798" dir="0" index="13" bw="4" slack="0"/>
<pin id="799" dir="0" index="14" bw="1" slack="0"/>
<pin id="800" dir="0" index="15" bw="4" slack="0"/>
<pin id="801" dir="0" index="16" bw="1" slack="0"/>
<pin id="802" dir="0" index="17" bw="4" slack="0"/>
<pin id="803" dir="0" index="18" bw="1" slack="0"/>
<pin id="804" dir="0" index="19" bw="4" slack="0"/>
<pin id="805" dir="0" index="20" bw="1" slack="0"/>
<pin id="806" dir="0" index="21" bw="4" slack="0"/>
<pin id="807" dir="0" index="22" bw="1" slack="0"/>
<pin id="808" dir="0" index="23" bw="4" slack="0"/>
<pin id="809" dir="0" index="24" bw="1" slack="0"/>
<pin id="810" dir="0" index="25" bw="4" slack="0"/>
<pin id="811" dir="0" index="26" bw="1" slack="0"/>
<pin id="812" dir="0" index="27" bw="4" slack="0"/>
<pin id="813" dir="0" index="28" bw="1" slack="0"/>
<pin id="814" dir="0" index="29" bw="4" slack="0"/>
<pin id="815" dir="0" index="30" bw="1" slack="0"/>
<pin id="816" dir="0" index="31" bw="4" slack="0"/>
<pin id="817" dir="0" index="32" bw="1" slack="0"/>
<pin id="818" dir="0" index="33" bw="1" slack="0"/>
<pin id="819" dir="0" index="34" bw="4" slack="0"/>
<pin id="820" dir="1" index="35" bw="1" slack="0"/>
</pin_list>
<bind>
<opcode="sparsemux(1197) " fcode="sparsemux"/>
<opset="tmp_10/10 "/>
</bind>
</comp>

<comp id="856" class="1004" name="results_sign_fu_856">
<pin_list>
<pin id="857" dir="0" index="0" bw="1" slack="0"/>
<pin id="858" dir="0" index="1" bw="1" slack="0"/>
<pin id="859" dir="0" index="2" bw="1" slack="0"/>
<pin id="860" dir="1" index="3" bw="1" slack="0"/>
</pin_list>
<bind>
<opcode="select(49) " fcode="select"/>
<opset="results_sign/10 "/>
</bind>
</comp>

<comp id="864" class="1004" name="xor_ln278_fu_864">
<pin_list>
<pin id="865" dir="0" index="0" bw="1" slack="0"/>
<pin id="866" dir="0" index="1" bw="1" slack="0"/>
<pin id="867" dir="1" index="2" bw="1" slack="0"/>
</pin_list>
<bind>
<opcode="xor(25) " fcode="xor"/>
<opset="xor_ln278/10 "/>
</bind>
</comp>

<comp id="870" class="1004" name="results_sign_2_fu_870">
<pin_list>
<pin id="871" dir="0" index="0" bw="1" slack="9"/>
<pin id="872" dir="0" index="1" bw="1" slack="0"/>
<pin id="873" dir="1" index="2" bw="1" slack="0"/>
</pin_list>
<bind>
<opcode="and(23) " fcode="and"/>
<opset="results_sign_2/10 "/>
</bind>
</comp>

<comp id="875" class="1004" name="icmp_ln282_fu_875">
<pin_list>
<pin id="876" dir="0" index="0" bw="11" slack="9"/>
<pin id="877" dir="0" index="1" bw="1" slack="0"/>
<pin id="878" dir="1" index="2" bw="1" slack="0"/>
</pin_list>
<bind>
<opcode="icmp(45) " fcode="icmp"/>
<opset="icmp_ln282/10 "/>
</bind>
</comp>

<comp id="880" class="1004" name="xor_ln282_fu_880">
<pin_list>
<pin id="881" dir="0" index="0" bw="1" slack="0"/>
<pin id="882" dir="0" index="1" bw="1" slack="0"/>
<pin id="883" dir="1" index="2" bw="1" slack="0"/>
</pin_list>
<bind>
<opcode="xor(25) " fcode="xor"/>
<opset="xor_ln282/10 "/>
</bind>
</comp>

<comp id="886" class="1004" name="results_sign_4_fu_886">
<pin_list>
<pin id="887" dir="0" index="0" bw="1" slack="0"/>
<pin id="888" dir="0" index="1" bw="1" slack="0"/>
<pin id="889" dir="1" index="2" bw="1" slack="0"/>
</pin_list>
<bind>
<opcode="and(23) " fcode="and"/>
<opset="results_sign_4/10 "/>
</bind>
</comp>

<comp id="892" class="1004" name="results_sign_3_fu_892">
<pin_list>
<pin id="893" dir="0" index="0" bw="1" slack="6"/>
<pin id="894" dir="0" index="1" bw="1" slack="0"/>
<pin id="895" dir="0" index="2" bw="1" slack="0"/>
<pin id="896" dir="1" index="3" bw="1" slack="27"/>
</pin_list>
<bind>
<opcode="select(49) " fcode="select"/>
<opset="results_sign_3/10 "/>
</bind>
</comp>

<comp id="899" class="1004" name="zext_ln504_fu_899">
<pin_list>
<pin id="900" dir="0" index="0" bw="62" slack="1"/>
<pin id="901" dir="1" index="1" bw="124" slack="0"/>
</pin_list>
<bind>
<opcode="zext(34) " fcode="zext"/>
<opset="zext_ln504/11 "/>
</bind>
</comp>

<comp id="902" class="1004" name="shl_ln504_fu_902">
<pin_list>
<pin id="903" dir="0" index="0" bw="124" slack="2"/>
<pin id="904" dir="0" index="1" bw="62" slack="0"/>
<pin id="905" dir="1" index="2" bw="124" slack="0"/>
</pin_list>
<bind>
<opcode="shl(20) " fcode="shl"/>
<opset="shl_ln504/11 "/>
</bind>
</comp>

<comp id="907" class="1004" name="Mx_fu_907">
<pin_list>
<pin id="908" dir="0" index="0" bw="63" slack="0"/>
<pin id="909" dir="0" index="1" bw="124" slack="0"/>
<pin id="910" dir="0" index="2" bw="7" slack="0"/>
<pin id="911" dir="0" index="3" bw="8" slack="0"/>
<pin id="912" dir="1" index="4" bw="63" slack="1"/>
</pin_list>
<bind>
<opcode="partselect(1002) " fcode="partselect"/>
<opset="Mx/11 "/>
</bind>
</comp>

<comp id="917" class="1004" name="sub_ln506_fu_917">
<pin_list>
<pin id="918" dir="0" index="0" bw="1" slack="0"/>
<pin id="919" dir="0" index="1" bw="11" slack="1"/>
<pin id="920" dir="1" index="2" bw="11" slack="1"/>
</pin_list>
<bind>
<opcode="sub(10) " fcode="sub"/>
<opset="sub_ln506/11 "/>
</bind>
</comp>

<comp id="922" class="1004" name="select_ln506_fu_922">
<pin_list>
<pin id="923" dir="0" index="0" bw="1" slack="2"/>
<pin id="924" dir="0" index="1" bw="11" slack="1"/>
<pin id="925" dir="0" index="2" bw="11" slack="2"/>
<pin id="926" dir="1" index="3" bw="11" slack="0"/>
</pin_list>
<bind>
<opcode="select(49) " fcode="select"/>
<opset="select_ln506/12 "/>
</bind>
</comp>

<comp id="927" class="1004" name="zext_ln506_fu_927">
<pin_list>
<pin id="928" dir="0" index="0" bw="11" slack="0"/>
<pin id="929" dir="1" index="1" bw="63" slack="0"/>
</pin_list>
<bind>
<opcode="zext(34) " fcode="zext"/>
<opset="zext_ln506/12 "/>
</bind>
</comp>

<comp id="931" class="1004" name="lshr_ln506_fu_931">
<pin_list>
<pin id="932" dir="0" index="0" bw="63" slack="1"/>
<pin id="933" dir="0" index="1" bw="11" slack="0"/>
<pin id="934" dir="1" index="2" bw="63" slack="0"/>
</pin_list>
<bind>
<opcode="lshr(21) " fcode="lshr"/>
<opset="lshr_ln506/12 "/>
</bind>
</comp>

<comp id="936" class="1004" name="shl_ln506_fu_936">
<pin_list>
<pin id="937" dir="0" index="0" bw="63" slack="1"/>
<pin id="938" dir="0" index="1" bw="11" slack="0"/>
<pin id="939" dir="1" index="2" bw="63" slack="0"/>
</pin_list>
<bind>
<opcode="shl(20) " fcode="shl"/>
<opset="shl_ln506/12 "/>
</bind>
</comp>

<comp id="941" class="1004" name="x_1_fu_941">
<pin_list>
<pin id="942" dir="0" index="0" bw="1" slack="2"/>
<pin id="943" dir="0" index="1" bw="63" slack="0"/>
<pin id="944" dir="0" index="2" bw="63" slack="0"/>
<pin id="945" dir="1" index="3" bw="63" slack="0"/>
</pin_list>
<bind>
<opcode="select(49) " fcode="select"/>
<opset="x_1/12 "/>
</bind>
</comp>

<comp id="948" class="1004" name="tmp_5_fu_948">
<pin_list>
<pin id="949" dir="0" index="0" bw="7" slack="0"/>
<pin id="950" dir="0" index="1" bw="63" slack="0"/>
<pin id="951" dir="0" index="2" bw="7" slack="0"/>
<pin id="952" dir="1" index="3" bw="7" slack="4"/>
</pin_list>
<bind>
<opcode="partselect(1002) " fcode="partselect"/>
<opset="tmp_5/12 "/>
</bind>
</comp>

<comp id="956" class="1004" name="B_fu_956">
<pin_list>
<pin id="957" dir="0" index="0" bw="63" slack="0"/>
<pin id="958" dir="1" index="1" bw="56" slack="6"/>
</pin_list>
<bind>
<opcode="trunc(33) " fcode="trunc"/>
<opset="B/12 "/>
</bind>
</comp>

<comp id="960" class="1004" name="B_trunc_fu_960">
<pin_list>
<pin id="961" dir="0" index="0" bw="49" slack="0"/>
<pin id="962" dir="0" index="1" bw="63" slack="0"/>
<pin id="963" dir="0" index="2" bw="4" slack="0"/>
<pin id="964" dir="0" index="3" bw="7" slack="0"/>
<pin id="965" dir="1" index="4" bw="49" slack="1"/>
</pin_list>
<bind>
<opcode="partselect(1002) " fcode="partselect"/>
<opset="B_trunc/12 "/>
</bind>
</comp>

<comp id="970" class="1004" name="zext_ln25_fu_970">
<pin_list>
<pin id="971" dir="0" index="0" bw="49" slack="1"/>
<pin id="972" dir="1" index="1" bw="98" slack="0"/>
</pin_list>
<bind>
<opcode="zext(34) " fcode="zext"/>
<opset="zext_ln25/13 "/>
</bind>
</comp>

<comp id="975" class="1004" name="A_fu_975">
<pin_list>
<pin id="976" dir="0" index="0" bw="8" slack="0"/>
<pin id="977" dir="0" index="1" bw="1" slack="6"/>
<pin id="978" dir="0" index="2" bw="7" slack="4"/>
<pin id="979" dir="1" index="3" bw="8" slack="0"/>
</pin_list>
<bind>
<opcode="bitconcatenate(1004) " fcode="bitconcatenate"/>
<opset="A/16 "/>
</bind>
</comp>

<comp id="981" class="1004" name="zext_ln32_fu_981">
<pin_list>
<pin id="982" dir="0" index="0" bw="8" slack="0"/>
<pin id="983" dir="1" index="1" bw="64" slack="0"/>
</pin_list>
<bind>
<opcode="zext(34) " fcode="zext"/>
<opset="zext_ln32/16 "/>
</bind>
</comp>

<comp id="987" class="1004" name="B_squared_fu_987">
<pin_list>
<pin id="988" dir="0" index="0" bw="49" slack="0"/>
<pin id="989" dir="0" index="1" bw="98" slack="0"/>
<pin id="990" dir="0" index="2" bw="7" slack="0"/>
<pin id="991" dir="0" index="3" bw="8" slack="0"/>
<pin id="992" dir="1" index="4" bw="49" slack="1"/>
</pin_list>
<bind>
<opcode="partselect(1002) " fcode="partselect"/>
<opset="B_squared/17 "/>
</bind>
</comp>

<comp id="997" class="1004" name="zext_ln25_1_fu_997">
<pin_list>
<pin id="998" dir="0" index="0" bw="49" slack="1"/>
<pin id="999" dir="1" index="1" bw="98" slack="0"/>
</pin_list>
<bind>
<opcode="zext(34) " fcode="zext"/>
<opset="zext_ln25_1/18 "/>
</bind>
</comp>

<comp id="1003" class="1004" name="zext_ln33_fu_1003">
<pin_list>
<pin id="1004" dir="0" index="0" bw="56" slack="6"/>
<pin id="1005" dir="1" index="1" bw="108" slack="0"/>
</pin_list>
<bind>
<opcode="zext(34) " fcode="zext"/>
<opset="zext_ln33/18 "/>
</bind>
</comp>

<comp id="1007" class="1004" name="sext_ln33_fu_1007">
<pin_list>
<pin id="1008" dir="0" index="0" bw="52" slack="1"/>
<pin id="1009" dir="1" index="1" bw="108" slack="0"/>
</pin_list>
<bind>
<opcode="sext(35) " fcode="sext"/>
<opset="sext_ln33/18 "/>
</bind>
</comp>

<comp id="1011" class="1004" name="zext_ln34_fu_1011">
<pin_list>
<pin id="1012" dir="0" index="0" bw="49" slack="1"/>
<pin id="1013" dir="1" index="1" bw="93" slack="0"/>
</pin_list>
<bind>
<opcode="zext(34) " fcode="zext"/>
<opset="zext_ln34/18 "/>
</bind>
</comp>

<comp id="1015" class="1004" name="sext_ln34_fu_1015">
<pin_list>
<pin id="1016" dir="0" index="0" bw="44" slack="1"/>
<pin id="1017" dir="1" index="1" bw="93" slack="0"/>
</pin_list>
<bind>
<opcode="sext(35) " fcode="sext"/>
<opset="sext_ln34/18 "/>
</bind>
</comp>

<comp id="1019" class="1004" name="trunc_ln2_fu_1019">
<pin_list>
<pin id="1020" dir="0" index="0" bw="56" slack="0"/>
<pin id="1021" dir="0" index="1" bw="108" slack="0"/>
<pin id="1022" dir="0" index="2" bw="7" slack="0"/>
<pin id="1023" dir="0" index="3" bw="8" slack="0"/>
<pin id="1024" dir="1" index="4" bw="56" slack="1"/>
</pin_list>
<bind>
<opcode="partselect(1002) " fcode="partselect"/>
<opset="trunc_ln2/22 "/>
</bind>
</comp>

<comp id="1029" class="1004" name="trunc_ln3_fu_1029">
<pin_list>
<pin id="1030" dir="0" index="0" bw="48" slack="0"/>
<pin id="1031" dir="0" index="1" bw="93" slack="0"/>
<pin id="1032" dir="0" index="2" bw="7" slack="0"/>
<pin id="1033" dir="0" index="3" bw="8" slack="0"/>
<pin id="1034" dir="1" index="4" bw="48" slack="1"/>
</pin_list>
<bind>
<opcode="partselect(1002) " fcode="partselect"/>
<opset="trunc_ln3/22 "/>
</bind>
</comp>

<comp id="1039" class="1004" name="tmp_3_fu_1039">
<pin_list>
<pin id="1040" dir="0" index="0" bw="42" slack="0"/>
<pin id="1041" dir="0" index="1" bw="98" slack="0"/>
<pin id="1042" dir="0" index="2" bw="7" slack="0"/>
<pin id="1043" dir="0" index="3" bw="8" slack="0"/>
<pin id="1044" dir="1" index="4" bw="42" slack="1"/>
</pin_list>
<bind>
<opcode="partselect(1002) " fcode="partselect"/>
<opset="tmp_3/22 "/>
</bind>
</comp>

<comp id="1049" class="1004" name="tmp_4_fu_1049">
<pin_list>
<pin id="1050" dir="0" index="0" bw="35" slack="0"/>
<pin id="1051" dir="0" index="1" bw="98" slack="0"/>
<pin id="1052" dir="0" index="2" bw="7" slack="0"/>
<pin id="1053" dir="0" index="3" bw="8" slack="0"/>
<pin id="1054" dir="1" index="4" bw="35" slack="1"/>
</pin_list>
<bind>
<opcode="partselect(1002) " fcode="partselect"/>
<opset="tmp_4/22 "/>
</bind>
</comp>

<comp id="1059" class="1004" name="t1_fu_1059">
<pin_list>
<pin id="1060" dir="0" index="0" bw="63" slack="0"/>
<pin id="1061" dir="0" index="1" bw="59" slack="1"/>
<pin id="1062" dir="0" index="2" bw="1" slack="0"/>
<pin id="1063" dir="1" index="3" bw="63" slack="0"/>
</pin_list>
<bind>
<opcode="bitconcatenate(1004) " fcode="bitconcatenate"/>
<opset="t1/23 "/>
</bind>
</comp>

<comp id="1066" class="1004" name="zext_ln35_1_fu_1066">
<pin_list>
<pin id="1067" dir="0" index="0" bw="42" slack="1"/>
<pin id="1068" dir="1" index="1" bw="75" slack="0"/>
</pin_list>
<bind>
<opcode="zext(34) " fcode="zext"/>
<opset="zext_ln35_1/23 "/>
</bind>
</comp>

<comp id="1070" class="1004" name="zext_ln35_fu_1070">
<pin_list>
<pin id="1071" dir="0" index="0" bw="33" slack="1"/>
<pin id="1072" dir="1" index="1" bw="75" slack="0"/>
</pin_list>
<bind>
<opcode="zext(34) " fcode="zext"/>
<opset="zext_ln35/23 "/>
</bind>
</comp>

<comp id="1074" class="1004" name="zext_ln36_1_fu_1074">
<pin_list>
<pin id="1075" dir="0" index="0" bw="35" slack="1"/>
<pin id="1076" dir="1" index="1" bw="60" slack="0"/>
</pin_list>
<bind>
<opcode="zext(34) " fcode="zext"/>
<opset="zext_ln36_1/23 "/>
</bind>
</comp>

<comp id="1078" class="1004" name="zext_ln36_fu_1078">
<pin_list>
<pin id="1079" dir="0" index="0" bw="25" slack="1"/>
<pin id="1080" dir="1" index="1" bw="60" slack="0"/>
</pin_list>
<bind>
<opcode="zext(34) " fcode="zext"/>
<opset="zext_ln36/23 "/>
</bind>
</comp>

<comp id="1082" class="1004" name="sext_ln37_fu_1082">
<pin_list>
<pin id="1083" dir="0" index="0" bw="63" slack="0"/>
<pin id="1084" dir="1" index="1" bw="64" slack="0"/>
</pin_list>
<bind>
<opcode="sext(35) " fcode="sext"/>
<opset="sext_ln37/23 "/>
</bind>
</comp>

<comp id="1086" class="1004" name="sext_ln37_1_fu_1086">
<pin_list>
<pin id="1087" dir="0" index="0" bw="56" slack="1"/>
<pin id="1088" dir="1" index="1" bw="64" slack="0"/>
</pin_list>
<bind>
<opcode="sext(35) " fcode="sext"/>
<opset="sext_ln37_1/23 "/>
</bind>
</comp>

<comp id="1089" class="1004" name="add_ln37_fu_1089">
<pin_list>
<pin id="1090" dir="0" index="0" bw="63" slack="0"/>
<pin id="1091" dir="0" index="1" bw="56" slack="0"/>
<pin id="1092" dir="1" index="2" bw="64" slack="0"/>
</pin_list>
<bind>
<opcode="add(8) " fcode="add"/>
<opset="add_ln37/23 "/>
</bind>
</comp>

<comp id="1095" class="1004" name="sext_ln37_2_fu_1095">
<pin_list>
<pin id="1096" dir="0" index="0" bw="48" slack="1"/>
<pin id="1097" dir="1" index="1" bw="64" slack="0"/>
</pin_list>
<bind>
<opcode="sext(35) " fcode="sext"/>
<opset="sext_ln37_2/23 "/>
</bind>
</comp>

<comp id="1098" class="1004" name="add_ln37_1_fu_1098">
<pin_list>
<pin id="1099" dir="0" index="0" bw="64" slack="0"/>
<pin id="1100" dir="0" index="1" bw="48" slack="0"/>
<pin id="1101" dir="1" index="2" bw="64" slack="2"/>
</pin_list>
<bind>
<opcode="add(8) " fcode="add"/>
<opset="add_ln37_1/23 "/>
</bind>
</comp>

<comp id="1104" class="1004" name="lshr_ln_fu_1104">
<pin_list>
<pin id="1105" dir="0" index="0" bw="29" slack="0"/>
<pin id="1106" dir="0" index="1" bw="60" slack="0"/>
<pin id="1107" dir="0" index="2" bw="6" slack="0"/>
<pin id="1108" dir="0" index="3" bw="7" slack="0"/>
<pin id="1109" dir="1" index="4" bw="29" slack="1"/>
</pin_list>
<bind>
<opcode="partselect(1002) " fcode="partselect"/>
<opset="lshr_ln/24 "/>
</bind>
</comp>

<comp id="1114" class="1004" name="tmp_6_fu_1114">
<pin_list>
<pin id="1115" dir="0" index="0" bw="37" slack="0"/>
<pin id="1116" dir="0" index="1" bw="75" slack="0"/>
<pin id="1117" dir="0" index="2" bw="7" slack="0"/>
<pin id="1118" dir="0" index="3" bw="8" slack="0"/>
<pin id="1119" dir="1" index="4" bw="37" slack="1"/>
</pin_list>
<bind>
<opcode="partselect(1002) " fcode="partselect"/>
<opset="tmp_6/24 "/>
</bind>
</comp>

<comp id="1124" class="1004" name="zext_ln37_1_fu_1124">
<pin_list>
<pin id="1125" dir="0" index="0" bw="37" slack="1"/>
<pin id="1126" dir="1" index="1" bw="64" slack="0"/>
</pin_list>
<bind>
<opcode="zext(34) " fcode="zext"/>
<opset="zext_ln37_1/25 "/>
</bind>
</comp>

<comp id="1127" class="1004" name="add_ln37_2_fu_1127">
<pin_list>
<pin id="1128" dir="0" index="0" bw="64" slack="2"/>
<pin id="1129" dir="0" index="1" bw="37" slack="0"/>
<pin id="1130" dir="1" index="2" bw="64" slack="0"/>
</pin_list>
<bind>
<opcode="add(8) " fcode="add"/>
<opset="add_ln37_2/25 "/>
</bind>
</comp>

<comp id="1132" class="1004" name="zext_ln242_fu_1132">
<pin_list>
<pin id="1133" dir="0" index="0" bw="29" slack="1"/>
<pin id="1134" dir="1" index="1" bw="64" slack="0"/>
</pin_list>
<bind>
<opcode="zext(34) " fcode="zext"/>
<opset="zext_ln242/25 "/>
</bind>
</comp>

<comp id="1135" class="1004" name="add_ln37_3_fu_1135">
<pin_list>
<pin id="1136" dir="0" index="0" bw="64" slack="0"/>
<pin id="1137" dir="0" index="1" bw="29" slack="0"/>
<pin id="1138" dir="1" index="2" bw="64" slack="1"/>
</pin_list>
<bind>
<opcode="add(8) " fcode="add"/>
<opset="add_ln37_3/25 "/>
</bind>
</comp>

<comp id="1141" class="1004" name="Mx_2_fu_1141">
<pin_list>
<pin id="1142" dir="0" index="0" bw="1" slack="15"/>
<pin id="1143" dir="0" index="1" bw="1" slack="0"/>
<pin id="1144" dir="0" index="2" bw="63" slack="14"/>
<pin id="1145" dir="1" index="3" bw="63" slack="1"/>
</pin_list>
<bind>
<opcode="select(49) " fcode="select"/>
<opset="Mx_2/25 "/>
</bind>
</comp>

<comp id="1147" class="1004" name="sext_ln243_fu_1147">
<pin_list>
<pin id="1148" dir="0" index="0" bw="64" slack="1"/>
<pin id="1149" dir="1" index="1" bw="126" slack="0"/>
</pin_list>
<bind>
<opcode="sext(35) " fcode="sext"/>
<opset="sext_ln243/26 "/>
</bind>
</comp>

<comp id="1151" class="1004" name="zext_ln37_fu_1151">
<pin_list>
<pin id="1152" dir="0" index="0" bw="63" slack="1"/>
<pin id="1153" dir="1" index="1" bw="126" slack="0"/>
</pin_list>
<bind>
<opcode="zext(34) " fcode="zext"/>
<opset="zext_ln37/26 "/>
</bind>
</comp>

<comp id="1155" class="1004" name="result_fu_1155">
<pin_list>
<pin id="1156" dir="0" index="0" bw="63" slack="0"/>
<pin id="1157" dir="0" index="1" bw="126" slack="0"/>
<pin id="1158" dir="0" index="2" bw="7" slack="0"/>
<pin id="1159" dir="0" index="3" bw="8" slack="0"/>
<pin id="1160" dir="1" index="4" bw="63" slack="1"/>
</pin_list>
<bind>
<opcode="partselect(1002) " fcode="partselect"/>
<opset="result/30 "/>
</bind>
</comp>

<comp id="1165" class="1004" name="tmp_9_fu_1165">
<pin_list>
<pin id="1166" dir="0" index="0" bw="15" slack="0"/>
<pin id="1167" dir="0" index="1" bw="126" slack="0"/>
<pin id="1168" dir="0" index="2" bw="7" slack="0"/>
<pin id="1169" dir="0" index="3" bw="8" slack="0"/>
<pin id="1170" dir="1" index="4" bw="15" slack="3"/>
</pin_list>
<bind>
<opcode="partselect(1002) " fcode="partselect"/>
<opset="tmp_9/30 "/>
</bind>
</comp>

<comp id="1175" class="1004" name="out_bits_5_loc_load_load_fu_1175">
<pin_list>
<pin id="1176" dir="0" index="0" bw="32" slack="30"/>
<pin id="1177" dir="1" index="1" bw="32" slack="0"/>
</pin_list>
<bind>
<opcode="load(27) " fcode="load"/>
<opset="out_bits_5_loc_load/31 "/>
</bind>
</comp>

<comp id="1179" class="1004" name="out_bits_4_loc_load_load_fu_1179">
<pin_list>
<pin id="1180" dir="0" index="0" bw="32" slack="30"/>
<pin id="1181" dir="1" index="1" bw="32" slack="0"/>
</pin_list>
<bind>
<opcode="load(27) " fcode="load"/>
<opset="out_bits_4_loc_load/31 "/>
</bind>
</comp>

<comp id="1183" class="1004" name="out_bits_3_loc_load_load_fu_1183">
<pin_list>
<pin id="1184" dir="0" index="0" bw="32" slack="30"/>
<pin id="1185" dir="1" index="1" bw="32" slack="0"/>
</pin_list>
<bind>
<opcode="load(27) " fcode="load"/>
<opset="out_bits_3_loc_load/31 "/>
</bind>
</comp>

<comp id="1187" class="1004" name="out_bits_9_loc_load_load_fu_1187">
<pin_list>
<pin id="1188" dir="0" index="0" bw="32" slack="32"/>
<pin id="1189" dir="1" index="1" bw="32" slack="0"/>
</pin_list>
<bind>
<opcode="load(27) " fcode="load"/>
<opset="out_bits_9_loc_load/33 "/>
</bind>
</comp>

<comp id="1191" class="1004" name="out_bits_8_loc_load_load_fu_1191">
<pin_list>
<pin id="1192" dir="0" index="0" bw="32" slack="32"/>
<pin id="1193" dir="1" index="1" bw="32" slack="0"/>
</pin_list>
<bind>
<opcode="load(27) " fcode="load"/>
<opset="out_bits_8_loc_load/33 "/>
</bind>
</comp>

<comp id="1195" class="1004" name="out_bits_7_loc_load_load_fu_1195">
<pin_list>
<pin id="1196" dir="0" index="0" bw="32" slack="32"/>
<pin id="1197" dir="1" index="1" bw="32" slack="0"/>
</pin_list>
<bind>
<opcode="load(27) " fcode="load"/>
<opset="out_bits_7_loc_load/33 "/>
</bind>
</comp>

<comp id="1199" class="1004" name="out_bits_6_fu_1199">
<pin_list>
<pin id="1200" dir="0" index="0" bw="32" slack="0"/>
<pin id="1201" dir="0" index="1" bw="15" slack="3"/>
<pin id="1202" dir="0" index="2" bw="17" slack="0"/>
<pin id="1203" dir="1" index="3" bw="32" slack="0"/>
</pin_list>
<bind>
<opcode="bitconcatenate(1004) " fcode="bitconcatenate"/>
<opset="out_bits_6/33 "/>
</bind>
</comp>

<comp id="1207" class="1004" name="c_3_loc_load_load_fu_1207">
<pin_list>
<pin id="1208" dir="0" index="0" bw="32" slack="34"/>
<pin id="1209" dir="1" index="1" bw="32" slack="0"/>
</pin_list>
<bind>
<opcode="load(27) " fcode="load"/>
<opset="c_3_loc_load/35 "/>
</bind>
</comp>

<comp id="1211" class="1004" name="c_2_loc_load_load_fu_1211">
<pin_list>
<pin id="1212" dir="0" index="0" bw="32" slack="34"/>
<pin id="1213" dir="1" index="1" bw="32" slack="0"/>
</pin_list>
<bind>
<opcode="load(27) " fcode="load"/>
<opset="c_2_loc_load/35 "/>
</bind>
</comp>

<comp id="1215" class="1004" name="c_1_loc_load_load_fu_1215">
<pin_list>
<pin id="1216" dir="0" index="0" bw="32" slack="34"/>
<pin id="1217" dir="1" index="1" bw="32" slack="0"/>
</pin_list>
<bind>
<opcode="load(27) " fcode="load"/>
<opset="c_1_loc_load/35 "/>
</bind>
</comp>

<comp id="1219" class="1004" name="c_loc_load_load_fu_1219">
<pin_list>
<pin id="1220" dir="0" index="0" bw="32" slack="34"/>
<pin id="1221" dir="1" index="1" bw="32" slack="0"/>
</pin_list>
<bind>
<opcode="load(27) " fcode="load"/>
<opset="c_loc_load/35 "/>
</bind>
</comp>

<comp id="1223" class="1004" name="icmp_ln433_fu_1223">
<pin_list>
<pin id="1224" dir="0" index="0" bw="63" slack="5"/>
<pin id="1225" dir="0" index="1" bw="1" slack="0"/>
<pin id="1226" dir="1" index="2" bw="1" slack="2"/>
</pin_list>
<bind>
<opcode="icmp(45) " fcode="icmp"/>
<opset="icmp_ln433/35 "/>
</bind>
</comp>

<comp id="1228" class="1004" name="Ex_3_fu_1228">
<pin_list>
<pin id="1229" dir="0" index="0" bw="1" slack="27"/>
<pin id="1230" dir="0" index="1" bw="1" slack="0"/>
<pin id="1231" dir="0" index="2" bw="11" slack="27"/>
<pin id="1232" dir="1" index="3" bw="11" slack="0"/>
</pin_list>
<bind>
<opcode="select(49) " fcode="select"/>
<opset="Ex_3/37 "/>
</bind>
</comp>

<comp id="1234" class="1004" name="sext_ln252_fu_1234">
<pin_list>
<pin id="1235" dir="0" index="0" bw="11" slack="0"/>
<pin id="1236" dir="1" index="1" bw="12" slack="0"/>
</pin_list>
<bind>
<opcode="sext(35) " fcode="sext"/>
<opset="sext_ln252/37 "/>
</bind>
</comp>

<comp id="1238" class="1004" name="shift_1_loc_load_load_fu_1238">
<pin_list>
<pin id="1239" dir="0" index="0" bw="32" slack="36"/>
<pin id="1240" dir="1" index="1" bw="32" slack="0"/>
</pin_list>
<bind>
<opcode="load(27) " fcode="load"/>
<opset="shift_1_loc_load/37 "/>
</bind>
</comp>

<comp id="1241" class="1004" name="in_shift_loc_load_load_fu_1241">
<pin_list>
<pin id="1242" dir="0" index="0" bw="62" slack="36"/>
<pin id="1243" dir="1" index="1" bw="62" slack="0"/>
</pin_list>
<bind>
<opcode="load(27) " fcode="load"/>
<opset="in_shift_loc_load/37 "/>
</bind>
</comp>

<comp id="1244" class="1004" name="add_ln432_fu_1244">
<pin_list>
<pin id="1245" dir="0" index="0" bw="11" slack="0"/>
<pin id="1246" dir="0" index="1" bw="11" slack="0"/>
<pin id="1247" dir="1" index="2" bw="12" slack="0"/>
</pin_list>
<bind>
<opcode="add(8) " fcode="add"/>
<opset="add_ln432/37 "/>
</bind>
</comp>

<comp id="1250" class="1004" name="sext_ln432_fu_1250">
<pin_list>
<pin id="1251" dir="0" index="0" bw="12" slack="0"/>
<pin id="1252" dir="1" index="1" bw="32" slack="0"/>
</pin_list>
<bind>
<opcode="sext(35) " fcode="sext"/>
<opset="sext_ln432/37 "/>
</bind>
</comp>

<comp id="1254" class="1004" name="newexp_fu_1254">
<pin_list>
<pin id="1255" dir="0" index="0" bw="12" slack="0"/>
<pin id="1256" dir="0" index="1" bw="32" slack="0"/>
<pin id="1257" dir="1" index="2" bw="32" slack="0"/>
</pin_list>
<bind>
<opcode="sub(10) " fcode="sub"/>
<opset="newexp/37 "/>
</bind>
</comp>

<comp id="1260" class="1004" name="tmp_7_fu_1260">
<pin_list>
<pin id="1261" dir="0" index="0" bw="1" slack="0"/>
<pin id="1262" dir="0" index="1" bw="32" slack="0"/>
<pin id="1263" dir="0" index="2" bw="6" slack="0"/>
<pin id="1264" dir="1" index="3" bw="1" slack="0"/>
</pin_list>
<bind>
<opcode="bitselect(1000) " fcode="bitselect"/>
<opset="tmp_7/37 "/>
</bind>
</comp>

<comp id="1268" class="1004" name="or_ln433_fu_1268">
<pin_list>
<pin id="1269" dir="0" index="0" bw="1" slack="0"/>
<pin id="1270" dir="0" index="1" bw="1" slack="2"/>
<pin id="1271" dir="1" index="2" bw="1" slack="0"/>
</pin_list>
<bind>
<opcode="or(24) " fcode="or"/>
<opset="or_ln433/37 "/>
</bind>
</comp>

<comp id="1273" class="1004" name="empty_fu_1273">
<pin_list>
<pin id="1274" dir="0" index="0" bw="32" slack="0"/>
<pin id="1275" dir="1" index="1" bw="11" slack="0"/>
</pin_list>
<bind>
<opcode="trunc(33) " fcode="trunc"/>
<opset="empty/37 "/>
</bind>
</comp>

<comp id="1277" class="1004" name="phitmp_fu_1277">
<pin_list>
<pin id="1278" dir="0" index="0" bw="52" slack="0"/>
<pin id="1279" dir="0" index="1" bw="62" slack="0"/>
<pin id="1280" dir="0" index="2" bw="5" slack="0"/>
<pin id="1281" dir="0" index="3" bw="7" slack="0"/>
<pin id="1282" dir="1" index="4" bw="52" slack="0"/>
</pin_list>
<bind>
<opcode="partselect(1002) " fcode="partselect"/>
<opset="phitmp/37 "/>
</bind>
</comp>

<comp id="1287" class="1004" name="select_ln259_fu_1287">
<pin_list>
<pin id="1288" dir="0" index="0" bw="1" slack="27"/>
<pin id="1289" dir="0" index="1" bw="11" slack="0"/>
<pin id="1290" dir="0" index="2" bw="1" slack="0"/>
<pin id="1291" dir="1" index="3" bw="11" slack="0"/>
</pin_list>
<bind>
<opcode="select(49) " fcode="select"/>
<opset="select_ln259/37 "/>
</bind>
</comp>

<comp id="1294" class="1004" name="select_ln282_fu_1294">
<pin_list>
<pin id="1295" dir="0" index="0" bw="1" slack="27"/>
<pin id="1296" dir="0" index="1" bw="1" slack="0"/>
<pin id="1297" dir="0" index="2" bw="1" slack="0"/>
<pin id="1298" dir="1" index="3" bw="11" slack="0"/>
</pin_list>
<bind>
<opcode="select(49) " fcode="select"/>
<opset="select_ln282/37 "/>
</bind>
</comp>

<comp id="1301" class="1004" name="or_ln282_fu_1301">
<pin_list>
<pin id="1302" dir="0" index="0" bw="1" slack="27"/>
<pin id="1303" dir="0" index="1" bw="1" slack="0"/>
<pin id="1304" dir="1" index="2" bw="1" slack="0"/>
</pin_list>
<bind>
<opcode="or(24) " fcode="or"/>
<opset="or_ln282/37 "/>
</bind>
</comp>

<comp id="1306" class="1004" name="results_exp_fu_1306">
<pin_list>
<pin id="1307" dir="0" index="0" bw="1" slack="0"/>
<pin id="1308" dir="0" index="1" bw="11" slack="0"/>
<pin id="1309" dir="0" index="2" bw="11" slack="0"/>
<pin id="1310" dir="1" index="3" bw="11" slack="0"/>
</pin_list>
<bind>
<opcode="select(49) " fcode="select"/>
<opset="results_exp/37 "/>
</bind>
</comp>

<comp id="1314" class="1004" name="select_ln282_2_fu_1314">
<pin_list>
<pin id="1315" dir="0" index="0" bw="1" slack="27"/>
<pin id="1316" dir="0" index="1" bw="1" slack="0"/>
<pin id="1317" dir="0" index="2" bw="1" slack="0"/>
<pin id="1318" dir="1" index="3" bw="52" slack="0"/>
</pin_list>
<bind>
<opcode="select(49) " fcode="select"/>
<opset="select_ln282_2/37 "/>
</bind>
</comp>

<comp id="1321" class="1004" name="results_sig_fu_1321">
<pin_list>
<pin id="1322" dir="0" index="0" bw="1" slack="0"/>
<pin id="1323" dir="0" index="1" bw="52" slack="0"/>
<pin id="1324" dir="0" index="2" bw="52" slack="0"/>
<pin id="1325" dir="1" index="3" bw="52" slack="0"/>
</pin_list>
<bind>
<opcode="select(49) " fcode="select"/>
<opset="results_sig/37 "/>
</bind>
</comp>

<comp id="1329" class="1004" name="results_exp_1_fu_1329">
<pin_list>
<pin id="1330" dir="0" index="0" bw="1" slack="33"/>
<pin id="1331" dir="0" index="1" bw="11" slack="0"/>
<pin id="1332" dir="0" index="2" bw="11" slack="0"/>
<pin id="1333" dir="1" index="3" bw="11" slack="0"/>
</pin_list>
<bind>
<opcode="select(49) " fcode="select"/>
<opset="results_exp_1/37 "/>
</bind>
</comp>

<comp id="1336" class="1004" name="results_sig_1_fu_1336">
<pin_list>
<pin id="1337" dir="0" index="0" bw="1" slack="33"/>
<pin id="1338" dir="0" index="1" bw="1" slack="0"/>
<pin id="1339" dir="0" index="2" bw="52" slack="0"/>
<pin id="1340" dir="1" index="3" bw="52" slack="0"/>
</pin_list>
<bind>
<opcode="select(49) " fcode="select"/>
<opset="results_sig_1/37 "/>
</bind>
</comp>

<comp id="1343" class="1004" name="t_2_fu_1343">
<pin_list>
<pin id="1344" dir="0" index="0" bw="64" slack="0"/>
<pin id="1345" dir="0" index="1" bw="1" slack="27"/>
<pin id="1346" dir="0" index="2" bw="11" slack="0"/>
<pin id="1347" dir="0" index="3" bw="52" slack="0"/>
<pin id="1348" dir="1" index="4" bw="64" slack="0"/>
</pin_list>
<bind>
<opcode="bitconcatenate(1004) " fcode="bitconcatenate"/>
<opset="t_2/37 "/>
</bind>
</comp>

<comp id="1352" class="1004" name="bitcast_ln497_fu_1352">
<pin_list>
<pin id="1353" dir="0" index="0" bw="64" slack="0"/>
<pin id="1354" dir="1" index="1" bw="64" slack="2147483647"/>
</pin_list>
<bind>
<opcode="bitcast(44) " fcode="bitcast"/>
<opset="bitcast_ln497/37 "/>
</bind>
</comp>

<comp id="1356" class="1005" name="in_shift_loc_reg_1356">
<pin_list>
<pin id="1357" dir="0" index="0" bw="62" slack="34"/>
<pin id="1358" dir="1" index="1" bw="62" slack="34"/>
</pin_list>
<bind>
<opset="in_shift_loc "/>
</bind>
</comp>

<comp id="1362" class="1005" name="shift_1_loc_reg_1362">
<pin_list>
<pin id="1363" dir="0" index="0" bw="32" slack="34"/>
<pin id="1364" dir="1" index="1" bw="32" slack="34"/>
</pin_list>
<bind>
<opset="shift_1_loc "/>
</bind>
</comp>

<comp id="1368" class="1005" name="c_loc_reg_1368">
<pin_list>
<pin id="1369" dir="0" index="0" bw="32" slack="32"/>
<pin id="1370" dir="1" index="1" bw="32" slack="32"/>
</pin_list>
<bind>
<opset="c_loc "/>
</bind>
</comp>

<comp id="1374" class="1005" name="c_1_loc_reg_1374">
<pin_list>
<pin id="1375" dir="0" index="0" bw="32" slack="32"/>
<pin id="1376" dir="1" index="1" bw="32" slack="32"/>
</pin_list>
<bind>
<opset="c_1_loc "/>
</bind>
</comp>

<comp id="1380" class="1005" name="c_2_loc_reg_1380">
<pin_list>
<pin id="1381" dir="0" index="0" bw="32" slack="32"/>
<pin id="1382" dir="1" index="1" bw="32" slack="32"/>
</pin_list>
<bind>
<opset="c_2_loc "/>
</bind>
</comp>

<comp id="1386" class="1005" name="c_3_loc_reg_1386">
<pin_list>
<pin id="1387" dir="0" index="0" bw="32" slack="32"/>
<pin id="1388" dir="1" index="1" bw="32" slack="32"/>
</pin_list>
<bind>
<opset="c_3_loc "/>
</bind>
</comp>

<comp id="1392" class="1005" name="out_bits_7_loc_reg_1392">
<pin_list>
<pin id="1393" dir="0" index="0" bw="32" slack="30"/>
<pin id="1394" dir="1" index="1" bw="32" slack="30"/>
</pin_list>
<bind>
<opset="out_bits_7_loc "/>
</bind>
</comp>

<comp id="1398" class="1005" name="out_bits_8_loc_reg_1398">
<pin_list>
<pin id="1399" dir="0" index="0" bw="32" slack="30"/>
<pin id="1400" dir="1" index="1" bw="32" slack="30"/>
</pin_list>
<bind>
<opset="out_bits_8_loc "/>
</bind>
</comp>

<comp id="1404" class="1005" name="out_bits_9_loc_reg_1404">
<pin_list>
<pin id="1405" dir="0" index="0" bw="32" slack="30"/>
<pin id="1406" dir="1" index="1" bw="32" slack="30"/>
</pin_list>
<bind>
<opset="out_bits_9_loc "/>
</bind>
</comp>

<comp id="1410" class="1005" name="out_bits_3_loc_reg_1410">
<pin_list>
<pin id="1411" dir="0" index="0" bw="32" slack="0"/>
<pin id="1412" dir="1" index="1" bw="32" slack="0"/>
</pin_list>
<bind>
<opset="out_bits_3_loc "/>
</bind>
</comp>

<comp id="1416" class="1005" name="out_bits_4_loc_reg_1416">
<pin_list>
<pin id="1417" dir="0" index="0" bw="32" slack="0"/>
<pin id="1418" dir="1" index="1" bw="32" slack="0"/>
</pin_list>
<bind>
<opset="out_bits_4_loc "/>
</bind>
</comp>

<comp id="1422" class="1005" name="out_bits_5_loc_reg_1422">
<pin_list>
<pin id="1423" dir="0" index="0" bw="32" slack="0"/>
<pin id="1424" dir="1" index="1" bw="32" slack="0"/>
</pin_list>
<bind>
<opset="out_bits_5_loc "/>
</bind>
</comp>

<comp id="1428" class="1005" name="din_sign_reg_1428">
<pin_list>
<pin id="1429" dir="0" index="0" bw="1" slack="9"/>
<pin id="1430" dir="1" index="1" bw="1" slack="9"/>
</pin_list>
<bind>
<opset="din_sign "/>
</bind>
</comp>

<comp id="1434" class="1005" name="din_exp_reg_1434">
<pin_list>
<pin id="1435" dir="0" index="0" bw="11" slack="3"/>
<pin id="1436" dir="1" index="1" bw="11" slack="3"/>
</pin_list>
<bind>
<opset="din_exp "/>
</bind>
</comp>

<comp id="1441" class="1005" name="din_sig_reg_1441">
<pin_list>
<pin id="1442" dir="0" index="0" bw="52" slack="3"/>
<pin id="1443" dir="1" index="1" bw="52" slack="3"/>
</pin_list>
<bind>
<opset="din_sig "/>
</bind>
</comp>

<comp id="1447" class="1005" name="closepath_reg_1447">
<pin_list>
<pin id="1448" dir="0" index="0" bw="1" slack="7"/>
<pin id="1449" dir="1" index="1" bw="1" slack="8"/>
</pin_list>
<bind>
<opset="closepath "/>
</bind>
</comp>

<comp id="1453" class="1005" name="ref_4oPi_table_256_addr_reg_1453">
<pin_list>
<pin id="1454" dir="0" index="0" bw="4" slack="1"/>
<pin id="1455" dir="1" index="1" bw="4" slack="1"/>
</pin_list>
<bind>
<opset="ref_4oPi_table_256_addr "/>
</bind>
</comp>

<comp id="1458" class="1005" name="trunc_ln398_reg_1458">
<pin_list>
<pin id="1459" dir="0" index="0" bw="7" slack="2"/>
<pin id="1460" dir="1" index="1" bw="7" slack="2"/>
</pin_list>
<bind>
<opset="trunc_ln398 "/>
</bind>
</comp>

<comp id="1463" class="1005" name="table_256_reg_1463">
<pin_list>
<pin id="1464" dir="0" index="0" bw="256" slack="1"/>
<pin id="1465" dir="1" index="1" bw="256" slack="1"/>
</pin_list>
<bind>
<opset="table_256 "/>
</bind>
</comp>

<comp id="1468" class="1005" name="ret_1_reg_1468">
<pin_list>
<pin id="1469" dir="0" index="0" bw="170" slack="1"/>
<pin id="1470" dir="1" index="1" bw="170" slack="1"/>
</pin_list>
<bind>
<opset="ret_1 "/>
</bind>
</comp>

<comp id="1473" class="1005" name="zext_ln468_reg_1473">
<pin_list>
<pin id="1474" dir="0" index="0" bw="170" slack="1"/>
<pin id="1475" dir="1" index="1" bw="170" slack="1"/>
</pin_list>
<bind>
<opset="zext_ln468 "/>
</bind>
</comp>

<comp id="1478" class="1005" name="and_ln271_reg_1478">
<pin_list>
<pin id="1479" dir="0" index="0" bw="1" slack="6"/>
<pin id="1480" dir="1" index="1" bw="1" slack="6"/>
</pin_list>
<bind>
<opset="and_ln271 "/>
</bind>
</comp>

<comp id="1485" class="1005" name="Mx_bits_reg_1485">
<pin_list>
<pin id="1486" dir="0" index="0" bw="124" slack="1"/>
<pin id="1487" dir="1" index="1" bw="124" slack="1"/>
</pin_list>
<bind>
<opset="Mx_bits "/>
</bind>
</comp>

<comp id="1491" class="1005" name="trunc_ln_reg_1491">
<pin_list>
<pin id="1492" dir="0" index="0" bw="3" slack="1"/>
<pin id="1493" dir="1" index="1" bw="3" slack="1"/>
</pin_list>
<bind>
<opset="trunc_ln "/>
</bind>
</comp>

<comp id="1496" class="1005" name="k_reg_1496">
<pin_list>
<pin id="1497" dir="0" index="0" bw="3" slack="1"/>
<pin id="1498" dir="1" index="1" bw="3" slack="1"/>
</pin_list>
<bind>
<opset="k "/>
</bind>
</comp>

<comp id="1501" class="1005" name="Mx_bits_3_reg_1501">
<pin_list>
<pin id="1502" dir="0" index="0" bw="124" slack="2"/>
<pin id="1503" dir="1" index="1" bw="124" slack="2"/>
</pin_list>
<bind>
<opset="Mx_bits_3 "/>
</bind>
</comp>

<comp id="1506" class="1005" name="tmp_8_reg_1506">
<pin_list>
<pin id="1507" dir="0" index="0" bw="61" slack="1"/>
<pin id="1508" dir="1" index="1" bw="61" slack="1"/>
</pin_list>
<bind>
<opset="tmp_8 "/>
</bind>
</comp>

<comp id="1511" class="1005" name="tmp_1_reg_1511">
<pin_list>
<pin id="1512" dir="0" index="0" bw="1" slack="1"/>
<pin id="1513" dir="1" index="1" bw="1" slack="1"/>
</pin_list>
<bind>
<opset="tmp_1 "/>
</bind>
</comp>

<comp id="1518" class="1005" name="do_cos_read_reg_1518">
<pin_list>
<pin id="1519" dir="0" index="0" bw="1" slack="27"/>
<pin id="1520" dir="1" index="1" bw="1" slack="27"/>
</pin_list>
<bind>
<opset="do_cos_read "/>
</bind>
</comp>

<comp id="1523" class="1005" name="Mx_zeros_reg_1523">
<pin_list>
<pin id="1524" dir="0" index="0" bw="62" slack="1"/>
<pin id="1525" dir="1" index="1" bw="62" slack="1"/>
</pin_list>
<bind>
<opset="Mx_zeros "/>
</bind>
</comp>

<comp id="1528" class="1005" name="Ex_1_reg_1528">
<pin_list>
<pin id="1529" dir="0" index="0" bw="11" slack="1"/>
<pin id="1530" dir="1" index="1" bw="11" slack="1"/>
</pin_list>
<bind>
<opset="Ex_1 "/>
</bind>
</comp>

<comp id="1535" class="1005" name="tmp_reg_1535">
<pin_list>
<pin id="1536" dir="0" index="0" bw="1" slack="1"/>
<pin id="1537" dir="1" index="1" bw="1" slack="2"/>
</pin_list>
<bind>
<opset="tmp "/>
</bind>
</comp>

<comp id="1541" class="1005" name="sin_basis_reg_1541">
<pin_list>
<pin id="1542" dir="0" index="0" bw="1" slack="6"/>
<pin id="1543" dir="1" index="1" bw="1" slack="6"/>
</pin_list>
<bind>
<opset="sin_basis "/>
</bind>
</comp>

<comp id="1546" class="1005" name="cos_basis_reg_1546">
<pin_list>
<pin id="1547" dir="0" index="0" bw="1" slack="15"/>
<pin id="1548" dir="1" index="1" bw="1" slack="15"/>
</pin_list>
<bind>
<opset="cos_basis "/>
</bind>
</comp>

<comp id="1552" class="1005" name="icmp_ln282_reg_1552">
<pin_list>
<pin id="1553" dir="0" index="0" bw="1" slack="27"/>
<pin id="1554" dir="1" index="1" bw="1" slack="27"/>
</pin_list>
<bind>
<opset="icmp_ln282 "/>
</bind>
</comp>

<comp id="1559" class="1005" name="results_sign_3_reg_1559">
<pin_list>
<pin id="1560" dir="0" index="0" bw="1" slack="27"/>
<pin id="1561" dir="1" index="1" bw="1" slack="27"/>
</pin_list>
<bind>
<opset="results_sign_3 "/>
</bind>
</comp>

<comp id="1564" class="1005" name="Mx_reg_1564">
<pin_list>
<pin id="1565" dir="0" index="0" bw="63" slack="1"/>
<pin id="1566" dir="1" index="1" bw="63" slack="1"/>
</pin_list>
<bind>
<opset="Mx "/>
</bind>
</comp>

<comp id="1571" class="1005" name="sub_ln506_reg_1571">
<pin_list>
<pin id="1572" dir="0" index="0" bw="11" slack="1"/>
<pin id="1573" dir="1" index="1" bw="11" slack="1"/>
</pin_list>
<bind>
<opset="sub_ln506 "/>
</bind>
</comp>

<comp id="1576" class="1005" name="tmp_5_reg_1576">
<pin_list>
<pin id="1577" dir="0" index="0" bw="7" slack="4"/>
<pin id="1578" dir="1" index="1" bw="7" slack="4"/>
</pin_list>
<bind>
<opset="tmp_5 "/>
</bind>
</comp>

<comp id="1581" class="1005" name="B_reg_1581">
<pin_list>
<pin id="1582" dir="0" index="0" bw="56" slack="6"/>
<pin id="1583" dir="1" index="1" bw="56" slack="6"/>
</pin_list>
<bind>
<opset="B "/>
</bind>
</comp>

<comp id="1586" class="1005" name="B_trunc_reg_1586">
<pin_list>
<pin id="1587" dir="0" index="0" bw="49" slack="1"/>
<pin id="1588" dir="1" index="1" bw="49" slack="1"/>
</pin_list>
<bind>
<opset="B_trunc "/>
</bind>
</comp>

<comp id="1591" class="1005" name="zext_ln25_reg_1591">
<pin_list>
<pin id="1592" dir="0" index="0" bw="98" slack="1"/>
<pin id="1593" dir="1" index="1" bw="98" slack="1"/>
</pin_list>
<bind>
<opset="zext_ln25 "/>
</bind>
</comp>

<comp id="1597" class="1005" name="zext_ln32_reg_1597">
<pin_list>
<pin id="1598" dir="0" index="0" bw="64" slack="5"/>
<pin id="1599" dir="1" index="1" bw="64" slack="5"/>
</pin_list>
<bind>
<opset="zext_ln32 "/>
</bind>
</comp>

<comp id="1604" class="1005" name="fourth_order_double_sin_cos_K1_addr_reg_1604">
<pin_list>
<pin id="1605" dir="0" index="0" bw="8" slack="1"/>
<pin id="1606" dir="1" index="1" bw="8" slack="1"/>
</pin_list>
<bind>
<opset="fourth_order_double_sin_cos_K1_addr "/>
</bind>
</comp>

<comp id="1609" class="1005" name="fourth_order_double_sin_cos_K2_addr_reg_1609">
<pin_list>
<pin id="1610" dir="0" index="0" bw="8" slack="1"/>
<pin id="1611" dir="1" index="1" bw="8" slack="1"/>
</pin_list>
<bind>
<opset="fourth_order_double_sin_cos_K2_addr "/>
</bind>
</comp>

<comp id="1614" class="1005" name="B_squared_reg_1614">
<pin_list>
<pin id="1615" dir="0" index="0" bw="49" slack="1"/>
<pin id="1616" dir="1" index="1" bw="49" slack="1"/>
</pin_list>
<bind>
<opset="B_squared "/>
</bind>
</comp>

<comp id="1620" class="1005" name="fourth_order_double_sin_cos_K1_load_reg_1620">
<pin_list>
<pin id="1621" dir="0" index="0" bw="52" slack="1"/>
<pin id="1622" dir="1" index="1" bw="52" slack="1"/>
</pin_list>
<bind>
<opset="fourth_order_double_sin_cos_K1_load "/>
</bind>
</comp>

<comp id="1625" class="1005" name="fourth_order_double_sin_cos_K2_load_reg_1625">
<pin_list>
<pin id="1626" dir="0" index="0" bw="44" slack="1"/>
<pin id="1627" dir="1" index="1" bw="44" slack="1"/>
</pin_list>
<bind>
<opset="fourth_order_double_sin_cos_K2_load "/>
</bind>
</comp>

<comp id="1630" class="1005" name="zext_ln25_1_reg_1630">
<pin_list>
<pin id="1631" dir="0" index="0" bw="98" slack="1"/>
<pin id="1632" dir="1" index="1" bw="98" slack="1"/>
</pin_list>
<bind>
<opset="zext_ln25_1 "/>
</bind>
</comp>

<comp id="1637" class="1005" name="zext_ln33_reg_1637">
<pin_list>
<pin id="1638" dir="0" index="0" bw="108" slack="1"/>
<pin id="1639" dir="1" index="1" bw="108" slack="1"/>
</pin_list>
<bind>
<opset="zext_ln33 "/>
</bind>
</comp>

<comp id="1642" class="1005" name="sext_ln33_reg_1642">
<pin_list>
<pin id="1643" dir="0" index="0" bw="108" slack="1"/>
<pin id="1644" dir="1" index="1" bw="108" slack="1"/>
</pin_list>
<bind>
<opset="sext_ln33 "/>
</bind>
</comp>

<comp id="1647" class="1005" name="zext_ln34_reg_1647">
<pin_list>
<pin id="1648" dir="0" index="0" bw="93" slack="1"/>
<pin id="1649" dir="1" index="1" bw="93" slack="1"/>
</pin_list>
<bind>
<opset="zext_ln34 "/>
</bind>
</comp>

<comp id="1652" class="1005" name="sext_ln34_reg_1652">
<pin_list>
<pin id="1653" dir="0" index="0" bw="93" slack="1"/>
<pin id="1654" dir="1" index="1" bw="93" slack="1"/>
</pin_list>
<bind>
<opset="sext_ln34 "/>
</bind>
</comp>

<comp id="1657" class="1005" name="fourth_order_double_sin_cos_K0_addr_reg_1657">
<pin_list>
<pin id="1658" dir="0" index="0" bw="8" slack="1"/>
<pin id="1659" dir="1" index="1" bw="8" slack="1"/>
</pin_list>
<bind>
<opset="fourth_order_double_sin_cos_K0_addr "/>
</bind>
</comp>

<comp id="1662" class="1005" name="fourth_order_double_sin_cos_K3_addr_reg_1662">
<pin_list>
<pin id="1663" dir="0" index="0" bw="8" slack="1"/>
<pin id="1664" dir="1" index="1" bw="8" slack="1"/>
</pin_list>
<bind>
<opset="fourth_order_double_sin_cos_K3_addr "/>
</bind>
</comp>

<comp id="1667" class="1005" name="fourth_order_double_sin_cos_K4_addr_reg_1667">
<pin_list>
<pin id="1668" dir="0" index="0" bw="8" slack="1"/>
<pin id="1669" dir="1" index="1" bw="8" slack="1"/>
</pin_list>
<bind>
<opset="fourth_order_double_sin_cos_K4_addr "/>
</bind>
</comp>

<comp id="1672" class="1005" name="fourth_order_double_sin_cos_K0_load_reg_1672">
<pin_list>
<pin id="1673" dir="0" index="0" bw="59" slack="1"/>
<pin id="1674" dir="1" index="1" bw="59" slack="1"/>
</pin_list>
<bind>
<opset="fourth_order_double_sin_cos_K0_load "/>
</bind>
</comp>

<comp id="1677" class="1005" name="trunc_ln2_reg_1677">
<pin_list>
<pin id="1678" dir="0" index="0" bw="56" slack="1"/>
<pin id="1679" dir="1" index="1" bw="56" slack="1"/>
</pin_list>
<bind>
<opset="trunc_ln2 "/>
</bind>
</comp>

<comp id="1682" class="1005" name="trunc_ln3_reg_1682">
<pin_list>
<pin id="1683" dir="0" index="0" bw="48" slack="1"/>
<pin id="1684" dir="1" index="1" bw="48" slack="1"/>
</pin_list>
<bind>
<opset="trunc_ln3 "/>
</bind>
</comp>

<comp id="1687" class="1005" name="tmp_3_reg_1687">
<pin_list>
<pin id="1688" dir="0" index="0" bw="42" slack="1"/>
<pin id="1689" dir="1" index="1" bw="42" slack="1"/>
</pin_list>
<bind>
<opset="tmp_3 "/>
</bind>
</comp>

<comp id="1692" class="1005" name="fourth_order_double_sin_cos_K3_load_reg_1692">
<pin_list>
<pin id="1693" dir="0" index="0" bw="33" slack="1"/>
<pin id="1694" dir="1" index="1" bw="33" slack="1"/>
</pin_list>
<bind>
<opset="fourth_order_double_sin_cos_K3_load "/>
</bind>
</comp>

<comp id="1697" class="1005" name="tmp_4_reg_1697">
<pin_list>
<pin id="1698" dir="0" index="0" bw="35" slack="1"/>
<pin id="1699" dir="1" index="1" bw="35" slack="1"/>
</pin_list>
<bind>
<opset="tmp_4 "/>
</bind>
</comp>

<comp id="1702" class="1005" name="fourth_order_double_sin_cos_K4_load_reg_1702">
<pin_list>
<pin id="1703" dir="0" index="0" bw="25" slack="1"/>
<pin id="1704" dir="1" index="1" bw="25" slack="1"/>
</pin_list>
<bind>
<opset="fourth_order_double_sin_cos_K4_load "/>
</bind>
</comp>

<comp id="1707" class="1005" name="zext_ln35_1_reg_1707">
<pin_list>
<pin id="1708" dir="0" index="0" bw="75" slack="1"/>
<pin id="1709" dir="1" index="1" bw="75" slack="1"/>
</pin_list>
<bind>
<opset="zext_ln35_1 "/>
</bind>
</comp>

<comp id="1712" class="1005" name="zext_ln35_reg_1712">
<pin_list>
<pin id="1713" dir="0" index="0" bw="75" slack="1"/>
<pin id="1714" dir="1" index="1" bw="75" slack="1"/>
</pin_list>
<bind>
<opset="zext_ln35 "/>
</bind>
</comp>

<comp id="1717" class="1005" name="zext_ln36_1_reg_1717">
<pin_list>
<pin id="1718" dir="0" index="0" bw="60" slack="1"/>
<pin id="1719" dir="1" index="1" bw="60" slack="1"/>
</pin_list>
<bind>
<opset="zext_ln36_1 "/>
</bind>
</comp>

<comp id="1722" class="1005" name="zext_ln36_reg_1722">
<pin_list>
<pin id="1723" dir="0" index="0" bw="60" slack="1"/>
<pin id="1724" dir="1" index="1" bw="60" slack="1"/>
</pin_list>
<bind>
<opset="zext_ln36 "/>
</bind>
</comp>

<comp id="1727" class="1005" name="add_ln37_1_reg_1727">
<pin_list>
<pin id="1728" dir="0" index="0" bw="64" slack="2"/>
<pin id="1729" dir="1" index="1" bw="64" slack="2"/>
</pin_list>
<bind>
<opset="add_ln37_1 "/>
</bind>
</comp>

<comp id="1732" class="1005" name="lshr_ln_reg_1732">
<pin_list>
<pin id="1733" dir="0" index="0" bw="29" slack="1"/>
<pin id="1734" dir="1" index="1" bw="29" slack="1"/>
</pin_list>
<bind>
<opset="lshr_ln "/>
</bind>
</comp>

<comp id="1737" class="1005" name="tmp_6_reg_1737">
<pin_list>
<pin id="1738" dir="0" index="0" bw="37" slack="1"/>
<pin id="1739" dir="1" index="1" bw="37" slack="1"/>
</pin_list>
<bind>
<opset="tmp_6 "/>
</bind>
</comp>

<comp id="1742" class="1005" name="add_ln37_3_reg_1742">
<pin_list>
<pin id="1743" dir="0" index="0" bw="64" slack="1"/>
<pin id="1744" dir="1" index="1" bw="64" slack="1"/>
</pin_list>
<bind>
<opset="add_ln37_3 "/>
</bind>
</comp>

<comp id="1747" class="1005" name="Mx_2_reg_1747">
<pin_list>
<pin id="1748" dir="0" index="0" bw="63" slack="1"/>
<pin id="1749" dir="1" index="1" bw="63" slack="1"/>
</pin_list>
<bind>
<opset="Mx_2 "/>
</bind>
</comp>

<comp id="1752" class="1005" name="sext_ln243_reg_1752">
<pin_list>
<pin id="1753" dir="0" index="0" bw="126" slack="1"/>
<pin id="1754" dir="1" index="1" bw="126" slack="1"/>
</pin_list>
<bind>
<opset="sext_ln243 "/>
</bind>
</comp>

<comp id="1757" class="1005" name="zext_ln37_reg_1757">
<pin_list>
<pin id="1758" dir="0" index="0" bw="126" slack="1"/>
<pin id="1759" dir="1" index="1" bw="126" slack="1"/>
</pin_list>
<bind>
<opset="zext_ln37 "/>
</bind>
</comp>

<comp id="1762" class="1005" name="result_reg_1762">
<pin_list>
<pin id="1763" dir="0" index="0" bw="63" slack="1"/>
<pin id="1764" dir="1" index="1" bw="63" slack="1"/>
</pin_list>
<bind>
<opset="result "/>
</bind>
</comp>

<comp id="1769" class="1005" name="tmp_9_reg_1769">
<pin_list>
<pin id="1770" dir="0" index="0" bw="15" slack="3"/>
<pin id="1771" dir="1" index="1" bw="15" slack="3"/>
</pin_list>
<bind>
<opset="tmp_9 "/>
</bind>
</comp>

<comp id="1792" class="1005" name="out_bits_6_reg_1792">
<pin_list>
<pin id="1793" dir="0" index="0" bw="32" slack="1"/>
<pin id="1794" dir="1" index="1" bw="32" slack="1"/>
</pin_list>
<bind>
<opset="out_bits_6 "/>
</bind>
</comp>

<comp id="1809" class="1005" name="icmp_ln433_reg_1809">
<pin_list>
<pin id="1810" dir="0" index="0" bw="1" slack="2"/>
<pin id="1811" dir="1" index="1" bw="1" slack="2"/>
</pin_list>
<bind>
<opset="icmp_ln433 "/>
</bind>
</comp>

</comp_list>

<net_list>
<net id="237"><net_src comp="18" pin="0"/><net_sink comp="234" pin=0"/></net>

<net id="241"><net_src comp="18" pin="0"/><net_sink comp="238" pin=0"/></net>

<net id="245"><net_src comp="18" pin="0"/><net_sink comp="242" pin=0"/></net>

<net id="249"><net_src comp="18" pin="0"/><net_sink comp="246" pin=0"/></net>

<net id="253"><net_src comp="18" pin="0"/><net_sink comp="250" pin=0"/></net>

<net id="257"><net_src comp="18" pin="0"/><net_sink comp="254" pin=0"/></net>

<net id="261"><net_src comp="18" pin="0"/><net_sink comp="258" pin=0"/></net>

<net id="265"><net_src comp="18" pin="0"/><net_sink comp="262" pin=0"/></net>

<net id="269"><net_src comp="18" pin="0"/><net_sink comp="266" pin=0"/></net>

<net id="273"><net_src comp="18" pin="0"/><net_sink comp="270" pin=0"/></net>

<net id="277"><net_src comp="18" pin="0"/><net_sink comp="274" pin=0"/></net>

<net id="281"><net_src comp="18" pin="0"/><net_sink comp="278" pin=0"/></net>

<net id="286"><net_src comp="16" pin="0"/><net_sink comp="282" pin=0"/></net>

<net id="287"><net_src comp="0" pin="0"/><net_sink comp="282" pin=1"/></net>

<net id="292"><net_src comp="94" pin="0"/><net_sink comp="288" pin=0"/></net>

<net id="293"><net_src comp="2" pin="0"/><net_sink comp="288" pin=1"/></net>

<net id="299"><net_src comp="4" pin="0"/><net_sink comp="294" pin=0"/></net>

<net id="300"><net_src comp="40" pin="0"/><net_sink comp="294" pin=1"/></net>

<net id="306"><net_src comp="294" pin="3"/><net_sink comp="301" pin=0"/></net>

<net id="312"><net_src comp="8" pin="0"/><net_sink comp="307" pin=0"/></net>

<net id="313"><net_src comp="40" pin="0"/><net_sink comp="307" pin=1"/></net>

<net id="319"><net_src comp="307" pin="3"/><net_sink comp="314" pin=0"/></net>

<net id="325"><net_src comp="10" pin="0"/><net_sink comp="320" pin=0"/></net>

<net id="326"><net_src comp="40" pin="0"/><net_sink comp="320" pin=1"/></net>

<net id="332"><net_src comp="320" pin="3"/><net_sink comp="327" pin=0"/></net>

<net id="338"><net_src comp="6" pin="0"/><net_sink comp="333" pin=0"/></net>

<net id="339"><net_src comp="40" pin="0"/><net_sink comp="333" pin=1"/></net>

<net id="345"><net_src comp="333" pin="3"/><net_sink comp="340" pin=0"/></net>

<net id="351"><net_src comp="12" pin="0"/><net_sink comp="346" pin=0"/></net>

<net id="352"><net_src comp="40" pin="0"/><net_sink comp="346" pin=1"/></net>

<net id="358"><net_src comp="346" pin="3"/><net_sink comp="353" pin=0"/></net>

<net id="364"><net_src comp="14" pin="0"/><net_sink comp="359" pin=0"/></net>

<net id="365"><net_src comp="40" pin="0"/><net_sink comp="359" pin=1"/></net>

<net id="371"><net_src comp="359" pin="3"/><net_sink comp="366" pin=0"/></net>

<net id="378"><net_src comp="42" pin="0"/><net_sink comp="372" pin=0"/></net>

<net id="389"><net_src comp="202" pin="0"/><net_sink comp="379" pin=0"/></net>

<net id="401"><net_src comp="208" pin="0"/><net_sink comp="390" pin=0"/></net>

<net id="412"><net_src comp="210" pin="0"/><net_sink comp="402" pin=0"/></net>

<net id="448"><net_src comp="282" pin="2"/><net_sink comp="445" pin=0"/></net>

<net id="454"><net_src comp="20" pin="0"/><net_sink comp="449" pin=0"/></net>

<net id="455"><net_src comp="445" pin="1"/><net_sink comp="449" pin=1"/></net>

<net id="456"><net_src comp="22" pin="0"/><net_sink comp="449" pin=2"/></net>

<net id="462"><net_src comp="24" pin="0"/><net_sink comp="457" pin=0"/></net>

<net id="463"><net_src comp="445" pin="1"/><net_sink comp="457" pin=1"/></net>

<net id="464"><net_src comp="26" pin="0"/><net_sink comp="457" pin=2"/></net>

<net id="468"><net_src comp="445" pin="1"/><net_sink comp="465" pin=0"/></net>

<net id="473"><net_src comp="457" pin="3"/><net_sink comp="469" pin=0"/></net>

<net id="474"><net_src comp="28" pin="0"/><net_sink comp="469" pin=1"/></net>

<net id="479"><net_src comp="457" pin="3"/><net_sink comp="475" pin=0"/></net>

<net id="480"><net_src comp="30" pin="0"/><net_sink comp="475" pin=1"/></net>

<net id="486"><net_src comp="469" pin="2"/><net_sink comp="481" pin=0"/></net>

<net id="487"><net_src comp="32" pin="0"/><net_sink comp="481" pin=1"/></net>

<net id="488"><net_src comp="475" pin="2"/><net_sink comp="481" pin=2"/></net>

<net id="495"><net_src comp="34" pin="0"/><net_sink comp="489" pin=0"/></net>

<net id="496"><net_src comp="481" pin="3"/><net_sink comp="489" pin=1"/></net>

<net id="497"><net_src comp="36" pin="0"/><net_sink comp="489" pin=2"/></net>

<net id="498"><net_src comp="38" pin="0"/><net_sink comp="489" pin=3"/></net>

<net id="502"><net_src comp="489" pin="4"/><net_sink comp="499" pin=0"/></net>

<net id="503"><net_src comp="499" pin="1"/><net_sink comp="294" pin=2"/></net>

<net id="507"><net_src comp="481" pin="3"/><net_sink comp="504" pin=0"/></net>

<net id="515"><net_src comp="508" pin="1"/><net_sink comp="511" pin=1"/></net>

<net id="521"><net_src comp="44" pin="0"/><net_sink comp="516" pin=0"/></net>

<net id="522"><net_src comp="511" pin="2"/><net_sink comp="516" pin=1"/></net>

<net id="523"><net_src comp="46" pin="0"/><net_sink comp="516" pin=2"/></net>

<net id="529"><net_src comp="48" pin="0"/><net_sink comp="524" pin=0"/></net>

<net id="530"><net_src comp="50" pin="0"/><net_sink comp="524" pin=1"/></net>

<net id="534"><net_src comp="524" pin="3"/><net_sink comp="531" pin=0"/></net>

<net id="535"><net_src comp="531" pin="1"/><net_sink comp="441" pin=1"/></net>

<net id="540"><net_src comp="52" pin="0"/><net_sink comp="536" pin=1"/></net>

<net id="545"><net_src comp="54" pin="0"/><net_sink comp="541" pin=1"/></net>

<net id="550"><net_src comp="536" pin="2"/><net_sink comp="546" pin=0"/></net>

<net id="551"><net_src comp="541" pin="2"/><net_sink comp="546" pin=1"/></net>

<net id="558"><net_src comp="56" pin="0"/><net_sink comp="552" pin=0"/></net>

<net id="559"><net_src comp="441" pin="2"/><net_sink comp="552" pin=1"/></net>

<net id="560"><net_src comp="58" pin="0"/><net_sink comp="552" pin=2"/></net>

<net id="561"><net_src comp="60" pin="0"/><net_sink comp="552" pin=3"/></net>

<net id="568"><net_src comp="62" pin="0"/><net_sink comp="562" pin=0"/></net>

<net id="569"><net_src comp="441" pin="2"/><net_sink comp="562" pin=1"/></net>

<net id="570"><net_src comp="64" pin="0"/><net_sink comp="562" pin=2"/></net>

<net id="571"><net_src comp="66" pin="0"/><net_sink comp="562" pin=3"/></net>

<net id="577"><net_src comp="68" pin="0"/><net_sink comp="572" pin=1"/></net>

<net id="581"><net_src comp="572" pin="3"/><net_sink comp="578" pin=0"/></net>

<net id="586"><net_src comp="70" pin="0"/><net_sink comp="582" pin=0"/></net>

<net id="592"><net_src comp="578" pin="1"/><net_sink comp="587" pin=0"/></net>

<net id="593"><net_src comp="582" pin="2"/><net_sink comp="587" pin=1"/></net>

<net id="599"><net_src comp="72" pin="0"/><net_sink comp="594" pin=0"/></net>

<net id="600"><net_src comp="587" pin="3"/><net_sink comp="594" pin=1"/></net>

<net id="601"><net_src comp="22" pin="0"/><net_sink comp="594" pin=2"/></net>

<net id="623"><net_src comp="74" pin="0"/><net_sink comp="602" pin=0"/></net>

<net id="624"><net_src comp="68" pin="0"/><net_sink comp="602" pin=1"/></net>

<net id="625"><net_src comp="76" pin="0"/><net_sink comp="602" pin=2"/></net>

<net id="626"><net_src comp="78" pin="0"/><net_sink comp="602" pin=3"/></net>

<net id="627"><net_src comp="50" pin="0"/><net_sink comp="602" pin=4"/></net>

<net id="628"><net_src comp="80" pin="0"/><net_sink comp="602" pin=5"/></net>

<net id="629"><net_src comp="50" pin="0"/><net_sink comp="602" pin=6"/></net>

<net id="630"><net_src comp="82" pin="0"/><net_sink comp="602" pin=7"/></net>

<net id="631"><net_src comp="76" pin="0"/><net_sink comp="602" pin=8"/></net>

<net id="632"><net_src comp="84" pin="0"/><net_sink comp="602" pin=9"/></net>

<net id="633"><net_src comp="76" pin="0"/><net_sink comp="602" pin=10"/></net>

<net id="634"><net_src comp="86" pin="0"/><net_sink comp="602" pin=11"/></net>

<net id="635"><net_src comp="50" pin="0"/><net_sink comp="602" pin=12"/></net>

<net id="636"><net_src comp="88" pin="0"/><net_sink comp="602" pin=13"/></net>

<net id="637"><net_src comp="50" pin="0"/><net_sink comp="602" pin=14"/></net>

<net id="638"><net_src comp="90" pin="0"/><net_sink comp="602" pin=15"/></net>

<net id="639"><net_src comp="76" pin="0"/><net_sink comp="602" pin=16"/></net>

<net id="640"><net_src comp="92" pin="0"/><net_sink comp="602" pin=17"/></net>

<net id="641"><net_src comp="572" pin="3"/><net_sink comp="602" pin=18"/></net>

<net id="646"><net_src comp="96" pin="0"/><net_sink comp="642" pin=1"/></net>

<net id="652"><net_src comp="642" pin="2"/><net_sink comp="647" pin=1"/></net>

<net id="653"><net_src comp="52" pin="0"/><net_sink comp="647" pin=2"/></net>

<net id="659"><net_src comp="98" pin="0"/><net_sink comp="654" pin=0"/></net>

<net id="660"><net_src comp="50" pin="0"/><net_sink comp="654" pin=2"/></net>

<net id="666"><net_src comp="100" pin="0"/><net_sink comp="661" pin=0"/></net>

<net id="667"><net_src comp="654" pin="3"/><net_sink comp="661" pin=1"/></net>

<net id="668"><net_src comp="76" pin="0"/><net_sink comp="661" pin=2"/></net>

<net id="672"><net_src comp="661" pin="3"/><net_sink comp="669" pin=0"/></net>

<net id="677"><net_src comp="647" pin="3"/><net_sink comp="673" pin=0"/></net>

<net id="678"><net_src comp="669" pin="1"/><net_sink comp="673" pin=1"/></net>

<net id="684"><net_src comp="102" pin="0"/><net_sink comp="679" pin=0"/></net>

<net id="685"><net_src comp="673" pin="2"/><net_sink comp="679" pin=1"/></net>

<net id="686"><net_src comp="38" pin="0"/><net_sink comp="679" pin=2"/></net>

<net id="691"><net_src comp="50" pin="0"/><net_sink comp="687" pin=1"/></net>

<net id="697"><net_src comp="288" pin="2"/><net_sink comp="692" pin=0"/></net>

<net id="698"><net_src comp="687" pin="2"/><net_sink comp="692" pin=2"/></net>

<net id="704"><net_src comp="288" pin="2"/><net_sink comp="699" pin=0"/></net>

<net id="705"><net_src comp="687" pin="2"/><net_sink comp="699" pin=1"/></net>

<net id="711"><net_src comp="104" pin="0"/><net_sink comp="706" pin=0"/></net>

<net id="749"><net_src comp="106" pin="0"/><net_sink comp="712" pin=0"/></net>

<net id="750"><net_src comp="108" pin="0"/><net_sink comp="712" pin=1"/></net>

<net id="751"><net_src comp="76" pin="0"/><net_sink comp="712" pin=2"/></net>

<net id="752"><net_src comp="110" pin="0"/><net_sink comp="712" pin=3"/></net>

<net id="753"><net_src comp="76" pin="0"/><net_sink comp="712" pin=4"/></net>

<net id="754"><net_src comp="112" pin="0"/><net_sink comp="712" pin=5"/></net>

<net id="755"><net_src comp="76" pin="0"/><net_sink comp="712" pin=6"/></net>

<net id="756"><net_src comp="114" pin="0"/><net_sink comp="712" pin=7"/></net>

<net id="757"><net_src comp="50" pin="0"/><net_sink comp="712" pin=8"/></net>

<net id="758"><net_src comp="116" pin="0"/><net_sink comp="712" pin=9"/></net>

<net id="759"><net_src comp="50" pin="0"/><net_sink comp="712" pin=10"/></net>

<net id="760"><net_src comp="118" pin="0"/><net_sink comp="712" pin=11"/></net>

<net id="761"><net_src comp="50" pin="0"/><net_sink comp="712" pin=12"/></net>

<net id="762"><net_src comp="120" pin="0"/><net_sink comp="712" pin=13"/></net>

<net id="763"><net_src comp="50" pin="0"/><net_sink comp="712" pin=14"/></net>

<net id="764"><net_src comp="122" pin="0"/><net_sink comp="712" pin=15"/></net>

<net id="765"><net_src comp="76" pin="0"/><net_sink comp="712" pin=16"/></net>

<net id="766"><net_src comp="124" pin="0"/><net_sink comp="712" pin=17"/></net>

<net id="767"><net_src comp="76" pin="0"/><net_sink comp="712" pin=18"/></net>

<net id="768"><net_src comp="126" pin="0"/><net_sink comp="712" pin=19"/></net>

<net id="769"><net_src comp="50" pin="0"/><net_sink comp="712" pin=20"/></net>

<net id="770"><net_src comp="128" pin="0"/><net_sink comp="712" pin=21"/></net>

<net id="771"><net_src comp="50" pin="0"/><net_sink comp="712" pin=22"/></net>

<net id="772"><net_src comp="130" pin="0"/><net_sink comp="712" pin=23"/></net>

<net id="773"><net_src comp="50" pin="0"/><net_sink comp="712" pin=24"/></net>

<net id="774"><net_src comp="132" pin="0"/><net_sink comp="712" pin=25"/></net>

<net id="775"><net_src comp="50" pin="0"/><net_sink comp="712" pin=26"/></net>

<net id="776"><net_src comp="134" pin="0"/><net_sink comp="712" pin=27"/></net>

<net id="777"><net_src comp="76" pin="0"/><net_sink comp="712" pin=28"/></net>

<net id="778"><net_src comp="136" pin="0"/><net_sink comp="712" pin=29"/></net>

<net id="779"><net_src comp="76" pin="0"/><net_sink comp="712" pin=30"/></net>

<net id="780"><net_src comp="138" pin="0"/><net_sink comp="712" pin=31"/></net>

<net id="781"><net_src comp="76" pin="0"/><net_sink comp="712" pin=32"/></net>

<net id="782"><net_src comp="92" pin="0"/><net_sink comp="712" pin=33"/></net>

<net id="783"><net_src comp="706" pin="3"/><net_sink comp="712" pin=34"/></net>

<net id="821"><net_src comp="106" pin="0"/><net_sink comp="784" pin=0"/></net>

<net id="822"><net_src comp="108" pin="0"/><net_sink comp="784" pin=1"/></net>

<net id="823"><net_src comp="76" pin="0"/><net_sink comp="784" pin=2"/></net>

<net id="824"><net_src comp="110" pin="0"/><net_sink comp="784" pin=3"/></net>

<net id="825"><net_src comp="76" pin="0"/><net_sink comp="784" pin=4"/></net>

<net id="826"><net_src comp="112" pin="0"/><net_sink comp="784" pin=5"/></net>

<net id="827"><net_src comp="50" pin="0"/><net_sink comp="784" pin=6"/></net>

<net id="828"><net_src comp="114" pin="0"/><net_sink comp="784" pin=7"/></net>

<net id="829"><net_src comp="76" pin="0"/><net_sink comp="784" pin=8"/></net>

<net id="830"><net_src comp="116" pin="0"/><net_sink comp="784" pin=9"/></net>

<net id="831"><net_src comp="50" pin="0"/><net_sink comp="784" pin=10"/></net>

<net id="832"><net_src comp="118" pin="0"/><net_sink comp="784" pin=11"/></net>

<net id="833"><net_src comp="50" pin="0"/><net_sink comp="784" pin=12"/></net>

<net id="834"><net_src comp="120" pin="0"/><net_sink comp="784" pin=13"/></net>

<net id="835"><net_src comp="76" pin="0"/><net_sink comp="784" pin=14"/></net>

<net id="836"><net_src comp="122" pin="0"/><net_sink comp="784" pin=15"/></net>

<net id="837"><net_src comp="50" pin="0"/><net_sink comp="784" pin=16"/></net>

<net id="838"><net_src comp="124" pin="0"/><net_sink comp="784" pin=17"/></net>

<net id="839"><net_src comp="50" pin="0"/><net_sink comp="784" pin=18"/></net>

<net id="840"><net_src comp="126" pin="0"/><net_sink comp="784" pin=19"/></net>

<net id="841"><net_src comp="76" pin="0"/><net_sink comp="784" pin=20"/></net>

<net id="842"><net_src comp="128" pin="0"/><net_sink comp="784" pin=21"/></net>

<net id="843"><net_src comp="50" pin="0"/><net_sink comp="784" pin=22"/></net>

<net id="844"><net_src comp="130" pin="0"/><net_sink comp="784" pin=23"/></net>

<net id="845"><net_src comp="50" pin="0"/><net_sink comp="784" pin=24"/></net>

<net id="846"><net_src comp="132" pin="0"/><net_sink comp="784" pin=25"/></net>

<net id="847"><net_src comp="76" pin="0"/><net_sink comp="784" pin=26"/></net>

<net id="848"><net_src comp="134" pin="0"/><net_sink comp="784" pin=27"/></net>

<net id="849"><net_src comp="50" pin="0"/><net_sink comp="784" pin=28"/></net>

<net id="850"><net_src comp="136" pin="0"/><net_sink comp="784" pin=29"/></net>

<net id="851"><net_src comp="76" pin="0"/><net_sink comp="784" pin=30"/></net>

<net id="852"><net_src comp="138" pin="0"/><net_sink comp="784" pin=31"/></net>

<net id="853"><net_src comp="76" pin="0"/><net_sink comp="784" pin=32"/></net>

<net id="854"><net_src comp="92" pin="0"/><net_sink comp="784" pin=33"/></net>

<net id="855"><net_src comp="706" pin="3"/><net_sink comp="784" pin=34"/></net>

<net id="861"><net_src comp="699" pin="3"/><net_sink comp="856" pin=0"/></net>

<net id="862"><net_src comp="712" pin="35"/><net_sink comp="856" pin=1"/></net>

<net id="863"><net_src comp="784" pin="35"/><net_sink comp="856" pin=2"/></net>

<net id="868"><net_src comp="288" pin="2"/><net_sink comp="864" pin=0"/></net>

<net id="869"><net_src comp="50" pin="0"/><net_sink comp="864" pin=1"/></net>

<net id="874"><net_src comp="864" pin="2"/><net_sink comp="870" pin=1"/></net>

<net id="879"><net_src comp="140" pin="0"/><net_sink comp="875" pin=1"/></net>

<net id="884"><net_src comp="875" pin="2"/><net_sink comp="880" pin=0"/></net>

<net id="885"><net_src comp="50" pin="0"/><net_sink comp="880" pin=1"/></net>

<net id="890"><net_src comp="856" pin="3"/><net_sink comp="886" pin=0"/></net>

<net id="891"><net_src comp="880" pin="2"/><net_sink comp="886" pin=1"/></net>

<net id="897"><net_src comp="870" pin="2"/><net_sink comp="892" pin=1"/></net>

<net id="898"><net_src comp="886" pin="2"/><net_sink comp="892" pin=2"/></net>

<net id="906"><net_src comp="899" pin="1"/><net_sink comp="902" pin=1"/></net>

<net id="913"><net_src comp="142" pin="0"/><net_sink comp="907" pin=0"/></net>

<net id="914"><net_src comp="902" pin="2"/><net_sink comp="907" pin=1"/></net>

<net id="915"><net_src comp="144" pin="0"/><net_sink comp="907" pin=2"/></net>

<net id="916"><net_src comp="146" pin="0"/><net_sink comp="907" pin=3"/></net>

<net id="921"><net_src comp="52" pin="0"/><net_sink comp="917" pin=0"/></net>

<net id="930"><net_src comp="922" pin="3"/><net_sink comp="927" pin=0"/></net>

<net id="935"><net_src comp="927" pin="1"/><net_sink comp="931" pin=1"/></net>

<net id="940"><net_src comp="927" pin="1"/><net_sink comp="936" pin=1"/></net>

<net id="946"><net_src comp="931" pin="2"/><net_sink comp="941" pin=1"/></net>

<net id="947"><net_src comp="936" pin="2"/><net_sink comp="941" pin=2"/></net>

<net id="953"><net_src comp="148" pin="0"/><net_sink comp="948" pin=0"/></net>

<net id="954"><net_src comp="941" pin="3"/><net_sink comp="948" pin=1"/></net>

<net id="955"><net_src comp="150" pin="0"/><net_sink comp="948" pin=2"/></net>

<net id="959"><net_src comp="941" pin="3"/><net_sink comp="956" pin=0"/></net>

<net id="966"><net_src comp="152" pin="0"/><net_sink comp="960" pin=0"/></net>

<net id="967"><net_src comp="941" pin="3"/><net_sink comp="960" pin=1"/></net>

<net id="968"><net_src comp="36" pin="0"/><net_sink comp="960" pin=2"/></net>

<net id="969"><net_src comp="154" pin="0"/><net_sink comp="960" pin=3"/></net>

<net id="973"><net_src comp="970" pin="1"/><net_sink comp="425" pin=0"/></net>

<net id="974"><net_src comp="970" pin="1"/><net_sink comp="425" pin=1"/></net>

<net id="980"><net_src comp="156" pin="0"/><net_sink comp="975" pin=0"/></net>

<net id="984"><net_src comp="975" pin="3"/><net_sink comp="981" pin=0"/></net>

<net id="985"><net_src comp="981" pin="1"/><net_sink comp="307" pin=2"/></net>

<net id="986"><net_src comp="981" pin="1"/><net_sink comp="320" pin=2"/></net>

<net id="993"><net_src comp="158" pin="0"/><net_sink comp="987" pin=0"/></net>

<net id="994"><net_src comp="425" pin="2"/><net_sink comp="987" pin=1"/></net>

<net id="995"><net_src comp="160" pin="0"/><net_sink comp="987" pin=2"/></net>

<net id="996"><net_src comp="162" pin="0"/><net_sink comp="987" pin=3"/></net>

<net id="1000"><net_src comp="997" pin="1"/><net_sink comp="425" pin=0"/></net>

<net id="1001"><net_src comp="997" pin="1"/><net_sink comp="429" pin=0"/></net>

<net id="1002"><net_src comp="997" pin="1"/><net_sink comp="429" pin=1"/></net>

<net id="1006"><net_src comp="1003" pin="1"/><net_sink comp="433" pin=0"/></net>

<net id="1010"><net_src comp="1007" pin="1"/><net_sink comp="433" pin=1"/></net>

<net id="1014"><net_src comp="1011" pin="1"/><net_sink comp="421" pin=0"/></net>

<net id="1018"><net_src comp="1015" pin="1"/><net_sink comp="421" pin=1"/></net>

<net id="1025"><net_src comp="164" pin="0"/><net_sink comp="1019" pin=0"/></net>

<net id="1026"><net_src comp="433" pin="2"/><net_sink comp="1019" pin=1"/></net>

<net id="1027"><net_src comp="26" pin="0"/><net_sink comp="1019" pin=2"/></net>

<net id="1028"><net_src comp="166" pin="0"/><net_sink comp="1019" pin=3"/></net>

<net id="1035"><net_src comp="168" pin="0"/><net_sink comp="1029" pin=0"/></net>

<net id="1036"><net_src comp="421" pin="2"/><net_sink comp="1029" pin=1"/></net>

<net id="1037"><net_src comp="170" pin="0"/><net_sink comp="1029" pin=2"/></net>

<net id="1038"><net_src comp="172" pin="0"/><net_sink comp="1029" pin=3"/></net>

<net id="1045"><net_src comp="174" pin="0"/><net_sink comp="1039" pin=0"/></net>

<net id="1046"><net_src comp="425" pin="2"/><net_sink comp="1039" pin=1"/></net>

<net id="1047"><net_src comp="150" pin="0"/><net_sink comp="1039" pin=2"/></net>

<net id="1048"><net_src comp="162" pin="0"/><net_sink comp="1039" pin=3"/></net>

<net id="1055"><net_src comp="176" pin="0"/><net_sink comp="1049" pin=0"/></net>

<net id="1056"><net_src comp="429" pin="2"/><net_sink comp="1049" pin=1"/></net>

<net id="1057"><net_src comp="22" pin="0"/><net_sink comp="1049" pin=2"/></net>

<net id="1058"><net_src comp="162" pin="0"/><net_sink comp="1049" pin=3"/></net>

<net id="1064"><net_src comp="178" pin="0"/><net_sink comp="1059" pin=0"/></net>

<net id="1065"><net_src comp="108" pin="0"/><net_sink comp="1059" pin=2"/></net>

<net id="1069"><net_src comp="1066" pin="1"/><net_sink comp="417" pin=0"/></net>

<net id="1073"><net_src comp="1070" pin="1"/><net_sink comp="417" pin=1"/></net>

<net id="1077"><net_src comp="1074" pin="1"/><net_sink comp="413" pin=0"/></net>

<net id="1081"><net_src comp="1078" pin="1"/><net_sink comp="413" pin=1"/></net>

<net id="1085"><net_src comp="1059" pin="3"/><net_sink comp="1082" pin=0"/></net>

<net id="1093"><net_src comp="1082" pin="1"/><net_sink comp="1089" pin=0"/></net>

<net id="1094"><net_src comp="1086" pin="1"/><net_sink comp="1089" pin=1"/></net>

<net id="1102"><net_src comp="1089" pin="2"/><net_sink comp="1098" pin=0"/></net>

<net id="1103"><net_src comp="1095" pin="1"/><net_sink comp="1098" pin=1"/></net>

<net id="1110"><net_src comp="180" pin="0"/><net_sink comp="1104" pin=0"/></net>

<net id="1111"><net_src comp="413" pin="2"/><net_sink comp="1104" pin=1"/></net>

<net id="1112"><net_src comp="182" pin="0"/><net_sink comp="1104" pin=2"/></net>

<net id="1113"><net_src comp="184" pin="0"/><net_sink comp="1104" pin=3"/></net>

<net id="1120"><net_src comp="186" pin="0"/><net_sink comp="1114" pin=0"/></net>

<net id="1121"><net_src comp="417" pin="2"/><net_sink comp="1114" pin=1"/></net>

<net id="1122"><net_src comp="188" pin="0"/><net_sink comp="1114" pin=2"/></net>

<net id="1123"><net_src comp="190" pin="0"/><net_sink comp="1114" pin=3"/></net>

<net id="1131"><net_src comp="1124" pin="1"/><net_sink comp="1127" pin=1"/></net>

<net id="1139"><net_src comp="1127" pin="2"/><net_sink comp="1135" pin=0"/></net>

<net id="1140"><net_src comp="1132" pin="1"/><net_sink comp="1135" pin=1"/></net>

<net id="1146"><net_src comp="192" pin="0"/><net_sink comp="1141" pin=1"/></net>

<net id="1150"><net_src comp="1147" pin="1"/><net_sink comp="437" pin=0"/></net>

<net id="1154"><net_src comp="1151" pin="1"/><net_sink comp="437" pin=1"/></net>

<net id="1161"><net_src comp="194" pin="0"/><net_sink comp="1155" pin=0"/></net>

<net id="1162"><net_src comp="437" pin="2"/><net_sink comp="1155" pin=1"/></net>

<net id="1163"><net_src comp="22" pin="0"/><net_sink comp="1155" pin=2"/></net>

<net id="1164"><net_src comp="196" pin="0"/><net_sink comp="1155" pin=3"/></net>

<net id="1171"><net_src comp="198" pin="0"/><net_sink comp="1165" pin=0"/></net>

<net id="1172"><net_src comp="437" pin="2"/><net_sink comp="1165" pin=1"/></net>

<net id="1173"><net_src comp="22" pin="0"/><net_sink comp="1165" pin=2"/></net>

<net id="1174"><net_src comp="200" pin="0"/><net_sink comp="1165" pin=3"/></net>

<net id="1178"><net_src comp="1175" pin="1"/><net_sink comp="379" pin=1"/></net>

<net id="1182"><net_src comp="1179" pin="1"/><net_sink comp="379" pin=2"/></net>

<net id="1186"><net_src comp="1183" pin="1"/><net_sink comp="379" pin=3"/></net>

<net id="1190"><net_src comp="1187" pin="1"/><net_sink comp="390" pin=3"/></net>

<net id="1194"><net_src comp="1191" pin="1"/><net_sink comp="390" pin=2"/></net>

<net id="1198"><net_src comp="1195" pin="1"/><net_sink comp="390" pin=1"/></net>

<net id="1204"><net_src comp="204" pin="0"/><net_sink comp="1199" pin=0"/></net>

<net id="1205"><net_src comp="206" pin="0"/><net_sink comp="1199" pin=2"/></net>

<net id="1206"><net_src comp="1199" pin="3"/><net_sink comp="390" pin=4"/></net>

<net id="1210"><net_src comp="1207" pin="1"/><net_sink comp="402" pin=5"/></net>

<net id="1214"><net_src comp="1211" pin="1"/><net_sink comp="402" pin=4"/></net>

<net id="1218"><net_src comp="1215" pin="1"/><net_sink comp="402" pin=3"/></net>

<net id="1222"><net_src comp="1219" pin="1"/><net_sink comp="402" pin=2"/></net>

<net id="1227"><net_src comp="212" pin="0"/><net_sink comp="1223" pin=1"/></net>

<net id="1233"><net_src comp="52" pin="0"/><net_sink comp="1228" pin=1"/></net>

<net id="1237"><net_src comp="1228" pin="3"/><net_sink comp="1234" pin=0"/></net>

<net id="1248"><net_src comp="1234" pin="1"/><net_sink comp="1244" pin=0"/></net>

<net id="1249"><net_src comp="222" pin="0"/><net_sink comp="1244" pin=1"/></net>

<net id="1253"><net_src comp="1244" pin="2"/><net_sink comp="1250" pin=0"/></net>

<net id="1258"><net_src comp="1250" pin="1"/><net_sink comp="1254" pin=0"/></net>

<net id="1259"><net_src comp="1238" pin="1"/><net_sink comp="1254" pin=1"/></net>

<net id="1265"><net_src comp="224" pin="0"/><net_sink comp="1260" pin=0"/></net>

<net id="1266"><net_src comp="1254" pin="2"/><net_sink comp="1260" pin=1"/></net>

<net id="1267"><net_src comp="182" pin="0"/><net_sink comp="1260" pin=2"/></net>

<net id="1272"><net_src comp="1260" pin="3"/><net_sink comp="1268" pin=0"/></net>

<net id="1276"><net_src comp="1254" pin="2"/><net_sink comp="1273" pin=0"/></net>

<net id="1283"><net_src comp="226" pin="0"/><net_sink comp="1277" pin=0"/></net>

<net id="1284"><net_src comp="1241" pin="1"/><net_sink comp="1277" pin=1"/></net>

<net id="1285"><net_src comp="38" pin="0"/><net_sink comp="1277" pin=2"/></net>

<net id="1286"><net_src comp="144" pin="0"/><net_sink comp="1277" pin=3"/></net>

<net id="1292"><net_src comp="228" pin="0"/><net_sink comp="1287" pin=1"/></net>

<net id="1293"><net_src comp="52" pin="0"/><net_sink comp="1287" pin=2"/></net>

<net id="1299"><net_src comp="140" pin="0"/><net_sink comp="1294" pin=1"/></net>

<net id="1300"><net_src comp="52" pin="0"/><net_sink comp="1294" pin=2"/></net>

<net id="1305"><net_src comp="1268" pin="2"/><net_sink comp="1301" pin=1"/></net>

<net id="1311"><net_src comp="1301" pin="2"/><net_sink comp="1306" pin=0"/></net>

<net id="1312"><net_src comp="1294" pin="3"/><net_sink comp="1306" pin=1"/></net>

<net id="1313"><net_src comp="1273" pin="1"/><net_sink comp="1306" pin=2"/></net>

<net id="1319"><net_src comp="230" pin="0"/><net_sink comp="1314" pin=1"/></net>

<net id="1320"><net_src comp="54" pin="0"/><net_sink comp="1314" pin=2"/></net>

<net id="1326"><net_src comp="1301" pin="2"/><net_sink comp="1321" pin=0"/></net>

<net id="1327"><net_src comp="1314" pin="3"/><net_sink comp="1321" pin=1"/></net>

<net id="1328"><net_src comp="1277" pin="4"/><net_sink comp="1321" pin=2"/></net>

<net id="1334"><net_src comp="1287" pin="3"/><net_sink comp="1329" pin=1"/></net>

<net id="1335"><net_src comp="1306" pin="3"/><net_sink comp="1329" pin=2"/></net>

<net id="1341"><net_src comp="54" pin="0"/><net_sink comp="1336" pin=1"/></net>

<net id="1342"><net_src comp="1321" pin="3"/><net_sink comp="1336" pin=2"/></net>

<net id="1349"><net_src comp="232" pin="0"/><net_sink comp="1343" pin=0"/></net>

<net id="1350"><net_src comp="1329" pin="3"/><net_sink comp="1343" pin=2"/></net>

<net id="1351"><net_src comp="1336" pin="3"/><net_sink comp="1343" pin=3"/></net>

<net id="1355"><net_src comp="1343" pin="4"/><net_sink comp="1352" pin=0"/></net>

<net id="1359"><net_src comp="234" pin="1"/><net_sink comp="1356" pin=0"/></net>

<net id="1360"><net_src comp="1356" pin="1"/><net_sink comp="402" pin=7"/></net>

<net id="1361"><net_src comp="1356" pin="1"/><net_sink comp="1241" pin=0"/></net>

<net id="1365"><net_src comp="238" pin="1"/><net_sink comp="1362" pin=0"/></net>

<net id="1366"><net_src comp="1362" pin="1"/><net_sink comp="402" pin=6"/></net>

<net id="1367"><net_src comp="1362" pin="1"/><net_sink comp="1238" pin=0"/></net>

<net id="1371"><net_src comp="242" pin="1"/><net_sink comp="1368" pin=0"/></net>

<net id="1372"><net_src comp="1368" pin="1"/><net_sink comp="390" pin=8"/></net>

<net id="1373"><net_src comp="1368" pin="1"/><net_sink comp="1219" pin=0"/></net>

<net id="1377"><net_src comp="246" pin="1"/><net_sink comp="1374" pin=0"/></net>

<net id="1378"><net_src comp="1374" pin="1"/><net_sink comp="390" pin=7"/></net>

<net id="1379"><net_src comp="1374" pin="1"/><net_sink comp="1215" pin=0"/></net>

<net id="1383"><net_src comp="250" pin="1"/><net_sink comp="1380" pin=0"/></net>

<net id="1384"><net_src comp="1380" pin="1"/><net_sink comp="390" pin=6"/></net>

<net id="1385"><net_src comp="1380" pin="1"/><net_sink comp="1211" pin=0"/></net>

<net id="1389"><net_src comp="254" pin="1"/><net_sink comp="1386" pin=0"/></net>

<net id="1390"><net_src comp="1386" pin="1"/><net_sink comp="390" pin=5"/></net>

<net id="1391"><net_src comp="1386" pin="1"/><net_sink comp="1207" pin=0"/></net>

<net id="1395"><net_src comp="258" pin="1"/><net_sink comp="1392" pin=0"/></net>

<net id="1396"><net_src comp="1392" pin="1"/><net_sink comp="379" pin=7"/></net>

<net id="1397"><net_src comp="1392" pin="1"/><net_sink comp="1195" pin=0"/></net>

<net id="1401"><net_src comp="262" pin="1"/><net_sink comp="1398" pin=0"/></net>

<net id="1402"><net_src comp="1398" pin="1"/><net_sink comp="379" pin=6"/></net>

<net id="1403"><net_src comp="1398" pin="1"/><net_sink comp="1191" pin=0"/></net>

<net id="1407"><net_src comp="266" pin="1"/><net_sink comp="1404" pin=0"/></net>

<net id="1408"><net_src comp="1404" pin="1"/><net_sink comp="379" pin=5"/></net>

<net id="1409"><net_src comp="1404" pin="1"/><net_sink comp="1187" pin=0"/></net>

<net id="1413"><net_src comp="270" pin="1"/><net_sink comp="1410" pin=0"/></net>

<net id="1414"><net_src comp="1410" pin="1"/><net_sink comp="372" pin=3"/></net>

<net id="1415"><net_src comp="1410" pin="1"/><net_sink comp="1183" pin=0"/></net>

<net id="1419"><net_src comp="274" pin="1"/><net_sink comp="1416" pin=0"/></net>

<net id="1420"><net_src comp="1416" pin="1"/><net_sink comp="372" pin=2"/></net>

<net id="1421"><net_src comp="1416" pin="1"/><net_sink comp="1179" pin=0"/></net>

<net id="1425"><net_src comp="278" pin="1"/><net_sink comp="1422" pin=0"/></net>

<net id="1426"><net_src comp="1422" pin="1"/><net_sink comp="372" pin=1"/></net>

<net id="1427"><net_src comp="1422" pin="1"/><net_sink comp="1175" pin=0"/></net>

<net id="1431"><net_src comp="449" pin="3"/><net_sink comp="1428" pin=0"/></net>

<net id="1432"><net_src comp="1428" pin="1"/><net_sink comp="706" pin=1"/></net>

<net id="1433"><net_src comp="1428" pin="1"/><net_sink comp="870" pin=0"/></net>

<net id="1437"><net_src comp="457" pin="3"/><net_sink comp="1434" pin=0"/></net>

<net id="1438"><net_src comp="1434" pin="1"/><net_sink comp="536" pin=0"/></net>

<net id="1439"><net_src comp="1434" pin="1"/><net_sink comp="642" pin=0"/></net>

<net id="1440"><net_src comp="1434" pin="1"/><net_sink comp="875" pin=0"/></net>

<net id="1444"><net_src comp="465" pin="1"/><net_sink comp="1441" pin=0"/></net>

<net id="1445"><net_src comp="1441" pin="1"/><net_sink comp="524" pin=2"/></net>

<net id="1446"><net_src comp="1441" pin="1"/><net_sink comp="541" pin=0"/></net>

<net id="1450"><net_src comp="469" pin="2"/><net_sink comp="1447" pin=0"/></net>

<net id="1451"><net_src comp="1447" pin="1"/><net_sink comp="572" pin=0"/></net>

<net id="1452"><net_src comp="1447" pin="1"/><net_sink comp="647" pin=0"/></net>

<net id="1456"><net_src comp="294" pin="3"/><net_sink comp="1453" pin=0"/></net>

<net id="1457"><net_src comp="1453" pin="1"/><net_sink comp="301" pin=0"/></net>

<net id="1461"><net_src comp="504" pin="1"/><net_sink comp="1458" pin=0"/></net>

<net id="1462"><net_src comp="1458" pin="1"/><net_sink comp="508" pin=0"/></net>

<net id="1466"><net_src comp="301" pin="3"/><net_sink comp="1463" pin=0"/></net>

<net id="1467"><net_src comp="1463" pin="1"/><net_sink comp="511" pin=0"/></net>

<net id="1471"><net_src comp="516" pin="3"/><net_sink comp="1468" pin=0"/></net>

<net id="1472"><net_src comp="1468" pin="1"/><net_sink comp="441" pin=0"/></net>

<net id="1476"><net_src comp="531" pin="1"/><net_sink comp="1473" pin=0"/></net>

<net id="1477"><net_src comp="1473" pin="1"/><net_sink comp="441" pin=1"/></net>

<net id="1481"><net_src comp="546" pin="2"/><net_sink comp="1478" pin=0"/></net>

<net id="1482"><net_src comp="1478" pin="1"/><net_sink comp="892" pin=0"/></net>

<net id="1483"><net_src comp="1478" pin="1"/><net_sink comp="1329" pin=0"/></net>

<net id="1484"><net_src comp="1478" pin="1"/><net_sink comp="1336" pin=0"/></net>

<net id="1488"><net_src comp="552" pin="4"/><net_sink comp="1485" pin=0"/></net>

<net id="1489"><net_src comp="1485" pin="1"/><net_sink comp="582" pin=1"/></net>

<net id="1490"><net_src comp="1485" pin="1"/><net_sink comp="587" pin=2"/></net>

<net id="1494"><net_src comp="562" pin="4"/><net_sink comp="1491" pin=0"/></net>

<net id="1495"><net_src comp="1491" pin="1"/><net_sink comp="572" pin=2"/></net>

<net id="1499"><net_src comp="572" pin="3"/><net_sink comp="1496" pin=0"/></net>

<net id="1500"><net_src comp="1496" pin="1"/><net_sink comp="706" pin=2"/></net>

<net id="1504"><net_src comp="587" pin="3"/><net_sink comp="1501" pin=0"/></net>

<net id="1505"><net_src comp="1501" pin="1"/><net_sink comp="902" pin=0"/></net>

<net id="1509"><net_src comp="594" pin="3"/><net_sink comp="1506" pin=0"/></net>

<net id="1510"><net_src comp="1506" pin="1"/><net_sink comp="654" pin=1"/></net>

<net id="1514"><net_src comp="602" pin="19"/><net_sink comp="1511" pin=0"/></net>

<net id="1515"><net_src comp="1511" pin="1"/><net_sink comp="687" pin=0"/></net>

<net id="1516"><net_src comp="1511" pin="1"/><net_sink comp="692" pin=1"/></net>

<net id="1517"><net_src comp="1511" pin="1"/><net_sink comp="699" pin=2"/></net>

<net id="1521"><net_src comp="288" pin="2"/><net_sink comp="1518" pin=0"/></net>

<net id="1522"><net_src comp="1518" pin="1"/><net_sink comp="1287" pin=0"/></net>

<net id="1526"><net_src comp="661" pin="3"/><net_sink comp="1523" pin=0"/></net>

<net id="1527"><net_src comp="1523" pin="1"/><net_sink comp="899" pin=0"/></net>

<net id="1531"><net_src comp="673" pin="2"/><net_sink comp="1528" pin=0"/></net>

<net id="1532"><net_src comp="1528" pin="1"/><net_sink comp="917" pin=1"/></net>

<net id="1533"><net_src comp="1528" pin="1"/><net_sink comp="922" pin=2"/></net>

<net id="1534"><net_src comp="1528" pin="1"/><net_sink comp="1228" pin=2"/></net>

<net id="1538"><net_src comp="679" pin="3"/><net_sink comp="1535" pin=0"/></net>

<net id="1539"><net_src comp="1535" pin="1"/><net_sink comp="922" pin=0"/></net>

<net id="1540"><net_src comp="1535" pin="1"/><net_sink comp="941" pin=0"/></net>

<net id="1544"><net_src comp="692" pin="3"/><net_sink comp="1541" pin=0"/></net>

<net id="1545"><net_src comp="1541" pin="1"/><net_sink comp="975" pin=1"/></net>

<net id="1549"><net_src comp="699" pin="3"/><net_sink comp="1546" pin=0"/></net>

<net id="1550"><net_src comp="1546" pin="1"/><net_sink comp="1141" pin=0"/></net>

<net id="1551"><net_src comp="1546" pin="1"/><net_sink comp="1228" pin=0"/></net>

<net id="1555"><net_src comp="875" pin="2"/><net_sink comp="1552" pin=0"/></net>

<net id="1556"><net_src comp="1552" pin="1"/><net_sink comp="1294" pin=0"/></net>

<net id="1557"><net_src comp="1552" pin="1"/><net_sink comp="1301" pin=0"/></net>

<net id="1558"><net_src comp="1552" pin="1"/><net_sink comp="1314" pin=0"/></net>

<net id="1562"><net_src comp="892" pin="3"/><net_sink comp="1559" pin=0"/></net>

<net id="1563"><net_src comp="1559" pin="1"/><net_sink comp="1343" pin=1"/></net>

<net id="1567"><net_src comp="907" pin="4"/><net_sink comp="1564" pin=0"/></net>

<net id="1568"><net_src comp="1564" pin="1"/><net_sink comp="931" pin=0"/></net>

<net id="1569"><net_src comp="1564" pin="1"/><net_sink comp="936" pin=0"/></net>

<net id="1570"><net_src comp="1564" pin="1"/><net_sink comp="1141" pin=2"/></net>

<net id="1574"><net_src comp="917" pin="2"/><net_sink comp="1571" pin=0"/></net>

<net id="1575"><net_src comp="1571" pin="1"/><net_sink comp="922" pin=1"/></net>

<net id="1579"><net_src comp="948" pin="3"/><net_sink comp="1576" pin=0"/></net>

<net id="1580"><net_src comp="1576" pin="1"/><net_sink comp="975" pin=2"/></net>

<net id="1584"><net_src comp="956" pin="1"/><net_sink comp="1581" pin=0"/></net>

<net id="1585"><net_src comp="1581" pin="1"/><net_sink comp="1003" pin=0"/></net>

<net id="1589"><net_src comp="960" pin="4"/><net_sink comp="1586" pin=0"/></net>

<net id="1590"><net_src comp="1586" pin="1"/><net_sink comp="970" pin=0"/></net>

<net id="1594"><net_src comp="970" pin="1"/><net_sink comp="1591" pin=0"/></net>

<net id="1595"><net_src comp="1591" pin="1"/><net_sink comp="425" pin=0"/></net>

<net id="1596"><net_src comp="1591" pin="1"/><net_sink comp="425" pin=1"/></net>

<net id="1600"><net_src comp="981" pin="1"/><net_sink comp="1597" pin=0"/></net>

<net id="1601"><net_src comp="1597" pin="1"/><net_sink comp="333" pin=2"/></net>

<net id="1602"><net_src comp="1597" pin="1"/><net_sink comp="346" pin=2"/></net>

<net id="1603"><net_src comp="1597" pin="1"/><net_sink comp="359" pin=2"/></net>

<net id="1607"><net_src comp="307" pin="3"/><net_sink comp="1604" pin=0"/></net>

<net id="1608"><net_src comp="1604" pin="1"/><net_sink comp="314" pin=0"/></net>

<net id="1612"><net_src comp="320" pin="3"/><net_sink comp="1609" pin=0"/></net>

<net id="1613"><net_src comp="1609" pin="1"/><net_sink comp="327" pin=0"/></net>

<net id="1617"><net_src comp="987" pin="4"/><net_sink comp="1614" pin=0"/></net>

<net id="1618"><net_src comp="1614" pin="1"/><net_sink comp="997" pin=0"/></net>

<net id="1619"><net_src comp="1614" pin="1"/><net_sink comp="1011" pin=0"/></net>

<net id="1623"><net_src comp="314" pin="3"/><net_sink comp="1620" pin=0"/></net>

<net id="1624"><net_src comp="1620" pin="1"/><net_sink comp="1007" pin=0"/></net>

<net id="1628"><net_src comp="327" pin="3"/><net_sink comp="1625" pin=0"/></net>

<net id="1629"><net_src comp="1625" pin="1"/><net_sink comp="1015" pin=0"/></net>

<net id="1633"><net_src comp="997" pin="1"/><net_sink comp="1630" pin=0"/></net>

<net id="1634"><net_src comp="1630" pin="1"/><net_sink comp="425" pin=0"/></net>

<net id="1635"><net_src comp="1630" pin="1"/><net_sink comp="429" pin=0"/></net>

<net id="1636"><net_src comp="1630" pin="1"/><net_sink comp="429" pin=1"/></net>

<net id="1640"><net_src comp="1003" pin="1"/><net_sink comp="1637" pin=0"/></net>

<net id="1641"><net_src comp="1637" pin="1"/><net_sink comp="433" pin=0"/></net>

<net id="1645"><net_src comp="1007" pin="1"/><net_sink comp="1642" pin=0"/></net>

<net id="1646"><net_src comp="1642" pin="1"/><net_sink comp="433" pin=1"/></net>

<net id="1650"><net_src comp="1011" pin="1"/><net_sink comp="1647" pin=0"/></net>

<net id="1651"><net_src comp="1647" pin="1"/><net_sink comp="421" pin=0"/></net>

<net id="1655"><net_src comp="1015" pin="1"/><net_sink comp="1652" pin=0"/></net>

<net id="1656"><net_src comp="1652" pin="1"/><net_sink comp="421" pin=1"/></net>

<net id="1660"><net_src comp="333" pin="3"/><net_sink comp="1657" pin=0"/></net>

<net id="1661"><net_src comp="1657" pin="1"/><net_sink comp="340" pin=0"/></net>

<net id="1665"><net_src comp="346" pin="3"/><net_sink comp="1662" pin=0"/></net>

<net id="1666"><net_src comp="1662" pin="1"/><net_sink comp="353" pin=0"/></net>

<net id="1670"><net_src comp="359" pin="3"/><net_sink comp="1667" pin=0"/></net>

<net id="1671"><net_src comp="1667" pin="1"/><net_sink comp="366" pin=0"/></net>

<net id="1675"><net_src comp="340" pin="3"/><net_sink comp="1672" pin=0"/></net>

<net id="1676"><net_src comp="1672" pin="1"/><net_sink comp="1059" pin=1"/></net>

<net id="1680"><net_src comp="1019" pin="4"/><net_sink comp="1677" pin=0"/></net>

<net id="1681"><net_src comp="1677" pin="1"/><net_sink comp="1086" pin=0"/></net>

<net id="1685"><net_src comp="1029" pin="4"/><net_sink comp="1682" pin=0"/></net>

<net id="1686"><net_src comp="1682" pin="1"/><net_sink comp="1095" pin=0"/></net>

<net id="1690"><net_src comp="1039" pin="4"/><net_sink comp="1687" pin=0"/></net>

<net id="1691"><net_src comp="1687" pin="1"/><net_sink comp="1066" pin=0"/></net>

<net id="1695"><net_src comp="353" pin="3"/><net_sink comp="1692" pin=0"/></net>

<net id="1696"><net_src comp="1692" pin="1"/><net_sink comp="1070" pin=0"/></net>

<net id="1700"><net_src comp="1049" pin="4"/><net_sink comp="1697" pin=0"/></net>

<net id="1701"><net_src comp="1697" pin="1"/><net_sink comp="1074" pin=0"/></net>

<net id="1705"><net_src comp="366" pin="3"/><net_sink comp="1702" pin=0"/></net>

<net id="1706"><net_src comp="1702" pin="1"/><net_sink comp="1078" pin=0"/></net>

<net id="1710"><net_src comp="1066" pin="1"/><net_sink comp="1707" pin=0"/></net>

<net id="1711"><net_src comp="1707" pin="1"/><net_sink comp="417" pin=0"/></net>

<net id="1715"><net_src comp="1070" pin="1"/><net_sink comp="1712" pin=0"/></net>

<net id="1716"><net_src comp="1712" pin="1"/><net_sink comp="417" pin=1"/></net>

<net id="1720"><net_src comp="1074" pin="1"/><net_sink comp="1717" pin=0"/></net>

<net id="1721"><net_src comp="1717" pin="1"/><net_sink comp="413" pin=0"/></net>

<net id="1725"><net_src comp="1078" pin="1"/><net_sink comp="1722" pin=0"/></net>

<net id="1726"><net_src comp="1722" pin="1"/><net_sink comp="413" pin=1"/></net>

<net id="1730"><net_src comp="1098" pin="2"/><net_sink comp="1727" pin=0"/></net>

<net id="1731"><net_src comp="1727" pin="1"/><net_sink comp="1127" pin=0"/></net>

<net id="1735"><net_src comp="1104" pin="4"/><net_sink comp="1732" pin=0"/></net>

<net id="1736"><net_src comp="1732" pin="1"/><net_sink comp="1132" pin=0"/></net>

<net id="1740"><net_src comp="1114" pin="4"/><net_sink comp="1737" pin=0"/></net>

<net id="1741"><net_src comp="1737" pin="1"/><net_sink comp="1124" pin=0"/></net>

<net id="1745"><net_src comp="1135" pin="2"/><net_sink comp="1742" pin=0"/></net>

<net id="1746"><net_src comp="1742" pin="1"/><net_sink comp="1147" pin=0"/></net>

<net id="1750"><net_src comp="1141" pin="3"/><net_sink comp="1747" pin=0"/></net>

<net id="1751"><net_src comp="1747" pin="1"/><net_sink comp="1151" pin=0"/></net>

<net id="1755"><net_src comp="1147" pin="1"/><net_sink comp="1752" pin=0"/></net>

<net id="1756"><net_src comp="1752" pin="1"/><net_sink comp="437" pin=0"/></net>

<net id="1760"><net_src comp="1151" pin="1"/><net_sink comp="1757" pin=0"/></net>

<net id="1761"><net_src comp="1757" pin="1"/><net_sink comp="437" pin=1"/></net>

<net id="1765"><net_src comp="1155" pin="4"/><net_sink comp="1762" pin=0"/></net>

<net id="1766"><net_src comp="1762" pin="1"/><net_sink comp="379" pin=4"/></net>

<net id="1767"><net_src comp="1762" pin="1"/><net_sink comp="402" pin=1"/></net>

<net id="1768"><net_src comp="1762" pin="1"/><net_sink comp="1223" pin=0"/></net>

<net id="1772"><net_src comp="1165" pin="4"/><net_sink comp="1769" pin=0"/></net>

<net id="1773"><net_src comp="1769" pin="1"/><net_sink comp="1199" pin=1"/></net>

<net id="1795"><net_src comp="1199" pin="3"/><net_sink comp="1792" pin=0"/></net>

<net id="1796"><net_src comp="1792" pin="1"/><net_sink comp="390" pin=4"/></net>

<net id="1812"><net_src comp="1223" pin="2"/><net_sink comp="1809" pin=0"/></net>

<net id="1813"><net_src comp="1809" pin="1"/><net_sink comp="1268" pin=1"/></net>

</net_list>

</model> 
---------------- Datapath Model END ------------------

* FSMD analyzer results:
  - Output states:
 - Input state : 
	Port: sin_or_cos<double> : t_in | {1 }
	Port: sin_or_cos<double> : do_cos | {10 }
	Port: sin_or_cos<double> : ref_4oPi_table_256 | {1 2 }
	Port: sin_or_cos<double> : fourth_order_double_sin_cos_K0 | {21 22 }
	Port: sin_or_cos<double> : fourth_order_double_sin_cos_K1 | {16 17 }
	Port: sin_or_cos<double> : fourth_order_double_sin_cos_K2 | {16 17 }
	Port: sin_or_cos<double> : fourth_order_double_sin_cos_K3 | {21 22 }
	Port: sin_or_cos<double> : fourth_order_double_sin_cos_K4 | {21 22 }
  - Chain level:
	State 1
		din_sign : 1
		din_exp : 1
		din_sig : 1
		closepath : 2
		add_ln396 : 2
		addr : 3
		tmp_2 : 4
		zext_ln397 : 5
		ref_4oPi_table_256_addr : 6
		table_256 : 7
		trunc_ln398 : 4
		call_ln0 : 1
	State 2
	State 3
		shl_ln398 : 1
		ret_1 : 2
	State 4
		zext_ln468 : 1
		h : 2
		and_ln271 : 1
	State 5
	State 6
	State 7
	State 8
		Mx_bits : 1
		trunc_ln : 1
	State 9
		trunc_ln491 : 1
		Mx_bits_3 : 2
		tmp_8 : 3
		tmp_1 : 1
	State 10
		Ex : 1
		Mx_zeros : 1
		trunc_ln505 : 2
		Ex_1 : 3
		tmp : 4
		tmp_s : 1
		tmp_10 : 1
		results_sign : 2
		xor_ln282 : 1
		results_sign_4 : 3
		results_sign_3 : 3
	State 11
		shl_ln504 : 1
		Mx : 2
	State 12
		zext_ln506 : 1
		lshr_ln506 : 2
		shl_ln506 : 2
		x_1 : 3
		tmp_5 : 4
		B : 4
		B_trunc : 4
	State 13
		mul_ln25 : 1
	State 14
	State 15
	State 16
		zext_ln32 : 1
		fourth_order_double_sin_cos_K1_addr : 2
		fourth_order_double_sin_cos_K1_load : 3
		fourth_order_double_sin_cos_K2_addr : 2
		fourth_order_double_sin_cos_K2_load : 3
	State 17
		B_squared : 1
	State 18
		mul_ln26 : 1
		mul_ln27 : 1
		mul_ln33 : 1
		mul_ln34 : 1
	State 19
	State 20
	State 21
		fourth_order_double_sin_cos_K0_load : 1
		fourth_order_double_sin_cos_K3_load : 1
		fourth_order_double_sin_cos_K4_load : 1
	State 22
		trunc_ln2 : 1
		trunc_ln3 : 1
		tmp_3 : 1
		tmp_4 : 1
	State 23
		mul_ln35 : 1
		mul_ln36 : 1
		sext_ln37 : 1
		add_ln37 : 2
		add_ln37_1 : 3
	State 24
		lshr_ln : 1
		tmp_6 : 1
	State 25
		add_ln37_2 : 1
		add_ln37_3 : 2
	State 26
		mul_ln37 : 1
	State 27
	State 28
	State 29
	State 30
		result : 1
		tmp_9 : 1
	State 31
		call_ln37 : 1
	State 32
	State 33
		call_ln410 : 1
	State 34
	State 35
		call_ln37 : 1
	State 36
	State 37
		sext_ln252 : 1
		add_ln432 : 2
		sext_ln432 : 3
		newexp : 4
		tmp_7 : 5
		or_ln433 : 6
		empty : 5
		phitmp : 1
		or_ln282 : 6
		results_exp : 6
		results_sig : 6
		results_exp_1 : 7
		results_sig_1 : 7
		t_2 : 8
		bitcast_ln497 : 9
		ret_ln287 : 10


============================================================
+ Verbose Summary: Datapath Resource usage 
============================================================

* Functional unit list:
|----------|-----------------------------------------|---------|---------|---------|
| Operation|             Functional Unit             |   DSP   |    FF   |   LUT   |
|----------|-----------------------------------------|---------|---------|---------|
|          |                grp_fu_413               |    2    |   187   |    69   |
|          |                grp_fu_417               |    4    |   205   |    88   |
|          |                grp_fu_421               |    9    |   334   |    84   |
|    mul   |                grp_fu_425               |    9    |   334   |    84   |
|          |                grp_fu_429               |    9    |   334   |    84   |
|          |                grp_fu_433               |    9    |   345   |   218   |
|          |                grp_fu_437               |    16   |   441   |   256   |
|          |                grp_fu_441               |    27   |   441   |   256   |
|----------|-----------------------------------------|---------|---------|---------|
|          |             shl_ln398_fu_511            |    0    |    0    |   950   |
|    shl   |             shl_ln504_fu_902            |    0    |    0    |   409   |
|          |             shl_ln506_fu_936            |    0    |    0    |   179   |
|----------|-----------------------------------------|---------|---------|---------|
|          | grp_sin_or_cos_double_Pipeline_1_fu_372 |    0    |    98   |   146   |
|   call   | grp_sin_or_cos_double_Pipeline_2_fu_379 |    0    |    98   |    51   |
|          | grp_sin_or_cos_double_Pipeline_3_fu_390 |    0    |   131   |    86   |
|          | grp_sin_or_cos_double_Pipeline_4_fu_402 |    0    |   322   |   602   |
|----------|-----------------------------------------|---------|---------|---------|
|          |               addr_fu_481               |    0    |    0    |    11   |
|          |                 k_fu_572                |    0    |    0    |    3    |
|          |             Mx_bits_3_fu_587            |    0    |    0    |   124   |
|          |                Ex_fu_647                |    0    |    0    |    11   |
|          |             sin_basis_fu_692            |    0    |    0    |    2    |
|          |             cos_basis_fu_699            |    0    |    0    |    2    |
|          |           results_sign_fu_856           |    0    |    0    |    2    |
|          |          results_sign_3_fu_892          |    0    |    0    |    2    |
|          |           select_ln506_fu_922           |    0    |    0    |    11   |
|  select  |                x_1_fu_941               |    0    |    0    |    63   |
|          |               Mx_2_fu_1141              |    0    |    0    |    63   |
|          |               Ex_3_fu_1228              |    0    |    0    |    11   |
|          |           select_ln259_fu_1287          |    0    |    0    |    11   |
|          |           select_ln282_fu_1294          |    0    |    0    |    2    |
|          |           results_exp_fu_1306           |    0    |    0    |    11   |
|          |          select_ln282_2_fu_1314         |    0    |    0    |    2    |
|          |           results_sig_fu_1321           |    0    |    0    |    52   |
|          |          results_exp_1_fu_1329          |    0    |    0    |    11   |
|          |          results_sig_1_fu_1336          |    0    |    0    |    52   |
|----------|-----------------------------------------|---------|---------|---------|
|          |             add_ln396_fu_475            |    0    |    0    |    12   |
|          |             add_ln454_fu_642            |    0    |    0    |    12   |
|          |             add_ln37_fu_1089            |    0    |    0    |    63   |
|    add   |            add_ln37_1_fu_1098           |    0    |    0    |    64   |
|          |            add_ln37_2_fu_1127           |    0    |    0    |    64   |
|          |            add_ln37_3_fu_1135           |    0    |    0    |    64   |
|          |            add_ln432_fu_1244            |    0    |    0    |    12   |
|----------|-----------------------------------------|---------|---------|---------|
|          |             Mx_bits_1_fu_582            |    0    |    0    |   131   |
|    sub   |               Ex_1_fu_673               |    0    |    0    |    12   |
|          |             sub_ln506_fu_917            |    0    |    0    |    12   |
|          |              newexp_fu_1254             |    0    |    0    |    39   |
|----------|-----------------------------------------|---------|---------|---------|
|   lshr   |            lshr_ln506_fu_931            |    0    |    0    |   179   |
|----------|-----------------------------------------|---------|---------|---------|
|          |               tmp_1_fu_602              |    0    |    0    |    42   |
| sparsemux|               tmp_s_fu_712              |    0    |    0    |    65   |
|          |              tmp_10_fu_784              |    0    |    0    |    65   |
|----------|-----------------------------------------|---------|---------|---------|
|          |             closepath_fu_469            |    0    |    0    |    12   |
|          |            icmp_ln271_fu_536            |    0    |    0    |    12   |
|   icmp   |           icmp_ln271_1_fu_541           |    0    |    0    |    59   |
|          |            icmp_ln282_fu_875            |    0    |    0    |    12   |
|          |            icmp_ln433_fu_1223           |    0    |    0    |    70   |
|----------|-----------------------------------------|---------|---------|---------|
|   ctlz   |             Mx_zeros_fu_661             |    0    |    0    |    89   |
|----------|-----------------------------------------|---------|---------|---------|
|          |             and_ln271_fu_546            |    0    |    0    |    2    |
|    and   |          results_sign_2_fu_870          |    0    |    0    |    2    |
|          |          results_sign_4_fu_886          |    0    |    0    |    2    |
|----------|-----------------------------------------|---------|---------|---------|
|          |             xor_ln242_fu_687            |    0    |    0    |    2    |
|    xor   |             xor_ln278_fu_864            |    0    |    0    |    2    |
|          |             xor_ln282_fu_880            |    0    |    0    |    2    |
|----------|-----------------------------------------|---------|---------|---------|
|    or    |             or_ln433_fu_1268            |    0    |    0    |    2    |
|          |             or_ln282_fu_1301            |    0    |    0    |    2    |
|----------|-----------------------------------------|---------|---------|---------|
|   read   |          t_in_read_read_fu_282          |    0    |    0    |    0    |
|          |         do_cos_read_read_fu_288         |    0    |    0    |    0    |
|----------|-----------------------------------------|---------|---------|---------|
|          |             din_sign_fu_449             |    0    |    0    |    0    |
| bitselect|                tmp_fu_679               |    0    |    0    |    0    |
|          |              tmp_7_fu_1260              |    0    |    0    |    0    |
|----------|-----------------------------------------|---------|---------|---------|
|          |              din_exp_fu_457             |    0    |    0    |    0    |
|          |               tmp_2_fu_489              |    0    |    0    |    0    |
|          |               ret_1_fu_516              |    0    |    0    |    0    |
|          |              Mx_bits_fu_552             |    0    |    0    |    0    |
|          |             trunc_ln_fu_562             |    0    |    0    |    0    |
|          |               tmp_8_fu_594              |    0    |    0    |    0    |
|          |                Mx_fu_907                |    0    |    0    |    0    |
|          |               tmp_5_fu_948              |    0    |    0    |    0    |
|          |              B_trunc_fu_960             |    0    |    0    |    0    |
|partselect|             B_squared_fu_987            |    0    |    0    |    0    |
|          |            trunc_ln2_fu_1019            |    0    |    0    |    0    |
|          |            trunc_ln3_fu_1029            |    0    |    0    |    0    |
|          |              tmp_3_fu_1039              |    0    |    0    |    0    |
|          |              tmp_4_fu_1049              |    0    |    0    |    0    |
|          |             lshr_ln_fu_1104             |    0    |    0    |    0    |
|          |              tmp_6_fu_1114              |    0    |    0    |    0    |
|          |              result_fu_1155             |    0    |    0    |    0    |
|          |              tmp_9_fu_1165              |    0    |    0    |    0    |
|          |              phitmp_fu_1277             |    0    |    0    |    0    |
|----------|-----------------------------------------|---------|---------|---------|
|          |              din_sig_fu_465             |    0    |    0    |    0    |
|          |            trunc_ln398_fu_504           |    0    |    0    |    0    |
|   trunc  |            trunc_ln491_fu_578           |    0    |    0    |    0    |
|          |            trunc_ln505_fu_669           |    0    |    0    |    0    |
|          |                 B_fu_956                |    0    |    0    |    0    |
|          |              empty_fu_1273              |    0    |    0    |    0    |
|----------|-----------------------------------------|---------|---------|---------|
|          |            zext_ln397_fu_499            |    0    |    0    |    0    |
|          |            zext_ln398_fu_508            |    0    |    0    |    0    |
|          |            zext_ln468_fu_531            |    0    |    0    |    0    |
|          |            zext_ln504_fu_899            |    0    |    0    |    0    |
|          |            zext_ln506_fu_927            |    0    |    0    |    0    |
|          |             zext_ln25_fu_970            |    0    |    0    |    0    |
|          |             zext_ln32_fu_981            |    0    |    0    |    0    |
|          |            zext_ln25_1_fu_997           |    0    |    0    |    0    |
|   zext   |            zext_ln33_fu_1003            |    0    |    0    |    0    |
|          |            zext_ln34_fu_1011            |    0    |    0    |    0    |
|          |           zext_ln35_1_fu_1066           |    0    |    0    |    0    |
|          |            zext_ln35_fu_1070            |    0    |    0    |    0    |
|          |           zext_ln36_1_fu_1074           |    0    |    0    |    0    |
|          |            zext_ln36_fu_1078            |    0    |    0    |    0    |
|          |           zext_ln37_1_fu_1124           |    0    |    0    |    0    |
|          |            zext_ln242_fu_1132           |    0    |    0    |    0    |
|          |            zext_ln37_fu_1151            |    0    |    0    |    0    |
|----------|-----------------------------------------|---------|---------|---------|
|          |                 X_fu_524                |    0    |    0    |    0    |
|          |                 t_fu_654                |    0    |    0    |    0    |
|          |               index_fu_706              |    0    |    0    |    0    |
|bitconcatenate|                 A_fu_975                |    0    |    0    |    0    |
|          |                t1_fu_1059               |    0    |    0    |    0    |
|          |            out_bits_6_fu_1199           |    0    |    0    |    0    |
|          |               t_2_fu_1343               |    0    |    0    |    0    |
|----------|-----------------------------------------|---------|---------|---------|
|          |            sext_ln33_fu_1007            |    0    |    0    |    0    |
|          |            sext_ln34_fu_1015            |    0    |    0    |    0    |
|          |            sext_ln37_fu_1082            |    0    |    0    |    0    |
|   sext   |           sext_ln37_1_fu_1086           |    0    |    0    |    0    |
|          |           sext_ln37_2_fu_1095           |    0    |    0    |    0    |
|          |            sext_ln243_fu_1147           |    0    |    0    |    0    |
|          |            sext_ln252_fu_1234           |    0    |    0    |    0    |
|          |            sext_ln432_fu_1250           |    0    |    0    |    0    |
|----------|-----------------------------------------|---------|---------|---------|
|   Total  |                                         |    85   |   3270  |   5114  |
|----------|-----------------------------------------|---------|---------|---------|

Memories:
N/A

* Register list:
+--------------------------------------------+--------+
|                                            |   FF   |
+--------------------------------------------+--------+
|                 B_reg_1581                 |   56   |
|             B_squared_reg_1614             |   49   |
|              B_trunc_reg_1586              |   49   |
|                Ex_1_reg_1528               |   11   |
|                Mx_2_reg_1747               |   63   |
|             Mx_bits_3_reg_1501             |   124  |
|              Mx_bits_reg_1485              |   124  |
|                 Mx_reg_1564                |   63   |
|              Mx_zeros_reg_1523             |   62   |
|             add_ln37_1_reg_1727            |   64   |
|             add_ln37_3_reg_1742            |   64   |
|             and_ln271_reg_1478             |    1   |
|              c_1_loc_reg_1374              |   32   |
|              c_2_loc_reg_1380              |   32   |
|              c_3_loc_reg_1386              |   32   |
|               c_loc_reg_1368               |   32   |
|             closepath_reg_1447             |    1   |
|             cos_basis_reg_1546             |    1   |
|              din_exp_reg_1434              |   11   |
|              din_sig_reg_1441              |   52   |
|              din_sign_reg_1428             |    1   |
|            do_cos_read_reg_1518            |    1   |
|fourth_order_double_sin_cos_K0_addr_reg_1657|    8   |
|fourth_order_double_sin_cos_K0_load_reg_1672|   59   |
|fourth_order_double_sin_cos_K1_addr_reg_1604|    8   |
|fourth_order_double_sin_cos_K1_load_reg_1620|   52   |
|fourth_order_double_sin_cos_K2_addr_reg_1609|    8   |
|fourth_order_double_sin_cos_K2_load_reg_1625|   44   |
|fourth_order_double_sin_cos_K3_addr_reg_1662|    8   |
|fourth_order_double_sin_cos_K3_load_reg_1692|   33   |
|fourth_order_double_sin_cos_K4_addr_reg_1667|    8   |
|fourth_order_double_sin_cos_K4_load_reg_1702|   25   |
|             icmp_ln282_reg_1552            |    1   |
|             icmp_ln433_reg_1809            |    1   |
|            in_shift_loc_reg_1356           |   62   |
|                 k_reg_1496                 |    3   |
|              lshr_ln_reg_1732              |   29   |
|           out_bits_3_loc_reg_1410          |   32   |
|           out_bits_4_loc_reg_1416          |   32   |
|           out_bits_5_loc_reg_1422          |   32   |
|             out_bits_6_reg_1792            |   32   |
|           out_bits_7_loc_reg_1392          |   32   |
|           out_bits_8_loc_reg_1398          |   32   |
|           out_bits_9_loc_reg_1404          |   32   |
|      ref_4oPi_table_256_addr_reg_1453      |    4   |
|               result_reg_1762              |   63   |
|           results_sign_3_reg_1559          |    1   |
|               ret_1_reg_1468               |   170  |
|             sext_ln243_reg_1752            |   126  |
|             sext_ln33_reg_1642             |   108  |
|             sext_ln34_reg_1652             |   93   |
|            shift_1_loc_reg_1362            |   32   |
|             sin_basis_reg_1541             |    1   |
|             sub_ln506_reg_1571             |   11   |
|             table_256_reg_1463             |   256  |
|               tmp_1_reg_1511               |    1   |
|               tmp_3_reg_1687               |   42   |
|               tmp_4_reg_1697               |   35   |
|               tmp_5_reg_1576               |    7   |
|               tmp_6_reg_1737               |   37   |
|               tmp_8_reg_1506               |   61   |
|               tmp_9_reg_1769               |   15   |
|                tmp_reg_1535                |    1   |
|             trunc_ln2_reg_1677             |   56   |
|            trunc_ln398_reg_1458            |    7   |
|             trunc_ln3_reg_1682             |   48   |
|              trunc_ln_reg_1491             |    3   |
|            zext_ln25_1_reg_1630            |   98   |
|             zext_ln25_reg_1591             |   98   |
|             zext_ln32_reg_1597             |   64   |
|             zext_ln33_reg_1637             |   108  |
|             zext_ln34_reg_1647             |   93   |
|            zext_ln35_1_reg_1707            |   75   |
|             zext_ln35_reg_1712             |   75   |
|            zext_ln36_1_reg_1717            |   60   |
|             zext_ln36_reg_1722             |   60   |
|             zext_ln37_reg_1757             |   126  |
|             zext_ln468_reg_1473            |   170  |
+--------------------------------------------+--------+
|                    Total                   |  3703  |
+--------------------------------------------+--------+

* Multiplexer (MUX) list: 
|-----------------------------------------|------|------|------|--------||---------||---------||---------|
|                   Comp                  |  Pin | Size |  BW  | S x BW ||  Delay  ||    FF   ||   LUT   |
|-----------------------------------------|------|------|------|--------||---------||---------||---------|
|            grp_access_fu_301            |  p0  |   2  |   4  |    8   ||    0    ||    9    |
|            grp_access_fu_314            |  p0  |   2  |   8  |   16   ||    0    ||    9    |
|            grp_access_fu_327            |  p0  |   2  |   8  |   16   ||    0    ||    9    |
|            grp_access_fu_340            |  p0  |   2  |   8  |   16   ||    0    ||    9    |
|            grp_access_fu_353            |  p0  |   2  |   8  |   16   ||    0    ||    9    |
|            grp_access_fu_366            |  p0  |   2  |   8  |   16   ||    0    ||    9    |
| grp_sin_or_cos_double_Pipeline_3_fu_390 |  p4  |   2  |  32  |   64   ||    0    ||    9    |
|                grp_fu_413               |  p0  |   2  |  35  |   70   ||    0    ||    9    |
|                grp_fu_413               |  p1  |   2  |  25  |   50   ||    0    ||    9    |
|                grp_fu_417               |  p0  |   2  |  42  |   84   ||    0    ||    9    |
|                grp_fu_417               |  p1  |   2  |  33  |   66   ||    0    ||    9    |
|                grp_fu_421               |  p0  |   2  |  49  |   98   ||    0    ||    9    |
|                grp_fu_421               |  p1  |   2  |  44  |   88   ||    0    ||    9    |
|                grp_fu_425               |  p0  |   4  |  49  |   196  ||    0    ||    20   |
|                grp_fu_425               |  p1  |   2  |  49  |   98   ||    0    ||    9    |
|                grp_fu_429               |  p0  |   2  |  49  |   98   ||    0    ||    9    |
|                grp_fu_429               |  p1  |   2  |  49  |   98   ||    0    ||    9    |
|                grp_fu_433               |  p0  |   2  |  56  |   112  ||    0    ||    9    |
|                grp_fu_433               |  p1  |   2  |  52  |   104  ||    0    ||    9    |
|                grp_fu_437               |  p0  |   2  |  64  |   128  ||    0    ||    9    |
|                grp_fu_437               |  p1  |   2  |  63  |   126  ||    0    ||    9    |
|                grp_fu_441               |  p1  |   2  |  53  |   106  ||    0    ||    9    |
|-----------------------------------------|------|------|------|--------||---------||---------||---------|
|                  Total                  |      |      |      |  1674  || 35.1746 ||    0    ||   209   |
|-----------------------------------------|------|------|------|--------||---------||---------||---------|



* Summary:
+-----------+--------+--------+--------+--------+
|           |   DSP  |  Delay |   FF   |   LUT  |
+-----------+--------+--------+--------+--------+
|  Function |   85   |    -   |  3270  |  5114  |
|   Memory  |    -   |    -   |    -   |    -   |
|Multiplexer|    -   |   35   |    0   |   209  |
|  Register |    -   |    -   |  3703  |    -   |
+-----------+--------+--------+--------+--------+
|   Total   |   85   |   35   |  6973  |  5323  |
+-----------+--------+--------+--------+--------+
