Execute         source -notrace -encoding utf-8 /software/common/Xilinx_Vitis/Vitis/2024.2/tps/tcl/tcl8.6/clock.tcl 
Execute           source -encoding utf-8 /software/common/Xilinx_Vitis/Vitis/2024.2/tps/tcl/tcl8/8.5/msgcat-1.6.1.tm 
INFO-FLOW: Workspace /home/linux/ieng6/students/769/zeh003/Desktop/CSE-237C-Starter/project_files/project3/dft_32_precomputed/dft.comp/hls opened at Tue Nov 04 13:41:50 PST 2025
Execute         send_msg_by_id INFO @200-1505@%s%s default  vivado 
INFO: [HLS 200-1505] Using default flow_target 'vivado'
Execute         write_ini /home/linux/ieng6/students/769/zeh003/Desktop/CSE-237C-Starter/project_files/project3/dft_32_precomputed/dft.comp/hls_config.cfg -apsfile /home/linux/ieng6/students/769/zeh003/Desktop/CSE-237C-Starter/project_files/project3/dft_32_precomputed/dft.comp/hls/hls.aps -filepaths relative -quiet 
Execute         source /software/common/Xilinx_Vitis/Vitis/2024.2/tps/tcl/tcllib1.11.1/yaml/huddle.tcl 
Execute         source /software/common/Xilinx_Vitis/Vitis/2024.2/tps/tcl/tcllib1.11.1/yaml/json2huddle.tcl 
Execute           source /software/common/Xilinx_Vitis/Vitis/2024.2/tps/tcl/tcllib1.11.1/try/try.tcl 
Command       open_solution done; 0.12 sec.
Command     open_component done; 0.13 sec.
Execute     add_files dft.cpp 
INFO: [HLS 200-1510] Running: add_files dft.cpp 
INFO: [HLS 200-10] Adding design file 'dft.cpp' to the project
Execute     add_files -tb dft-top.cpp 
INFO: [HLS 200-1510] Running: add_files -tb dft-top.cpp 
WARNING: [HLS 200-40] Cannot find test bench file 'dft-top.cpp'
Execute     set_top dft 
INFO: [HLS 200-1510] Running: set_top dft 
Execute     set_part xc7z020-clg400-1 
INFO: [HLS 200-1510] Running: set_part xc7z020-clg400-1 
Execute       create_platform xc7z020-clg400-1 -board  
DBG:HLSDevice: Trying to load device library: /software/common/Xilinx_Vitis/Vitis/2024.2/lib/lnx64.o/libxv_hlsvwrap.so
DBG:HLSDevice: first parts/arch.xml in RDI_DATADIR: /software/common/Xilinx_Vitis/Vivado/2024.2/data/parts/arch.xml
DBG:HLSDevice: init success
INFO: [HLS 200-1611] Setting target device to 'xc7z020-clg400-1'
Command       create_platform done; 5.86 sec.
Execute       source /software/common/Xilinx_Vitis/Vitis/2024.2/common/technology/xilinx/common/xilinx.gen 
Execute         source /software/common/Xilinx_Vitis/Vitis/2024.2/common/technology/xilinx/interface/plb46.gen 
Execute         source /software/common/Xilinx_Vitis/Vitis/2024.2/common/technology/xilinx/interface/axi4.gen 
Execute         source /software/common/Xilinx_Vitis/Vitis/2024.2/common/technology/xilinx/interface/nativeAXI4.gen 
Execute           source /software/common/Xilinx_Vitis/Vitis/2024.2/common/technology/xilinx/interface/saxilite.gen 
Execute         source /software/common/Xilinx_Vitis/Vitis/2024.2/common/technology/xilinx/scripts/xilinxcoregen.gen 
Execute         source /software/common/Xilinx_Vitis/Vitis/2024.2/common/technology/xilinx/interface/XilEDKCoreGen.gen 
Execute         source /software/common/Xilinx_Vitis/Vitis/2024.2/common/technology/xilinx/ip/xfir.gen 
Execute         source /software/common/Xilinx_Vitis/Vitis/2024.2/common/technology/xilinx/ip/dds_compiler.gen 
Execute         source /software/common/Xilinx_Vitis/Vitis/2024.2/common/technology/xilinx/ip/util.gen 
Execute         source /software/common/Xilinx_Vitis/Vitis/2024.2/common/technology/xilinx/ip/xfft.gen 
Execute         source /software/common/Xilinx_Vitis/Vitis/2024.2/common/technology/xilinx/DSP48/dsp48.gen 
Command       ap_source done; 0.14 sec.
Execute       ap_part_info -name xc7z020-clg400-1 -data info 
Execute       config_compile -quiet -complex-mul-dsp=0 
Command     set_part done; 6.07 sec.
Execute     create_clock -period 10 
INFO: [HLS 200-1510] Running: create_clock -period 10 
Execute       ap_set_clock -name default -period 10 -unit ns -default=false 
INFO: [SYN 201-201] Setting up clock 'default' with a period of 10ns.
Execute     csynth_design 
INFO: [HLS 200-1510] Running: csynth_design 
Execute       ::AP::init_summary_file csynth 
Execute         AP::app_get_file_relativeroot [AP::app_get_root] {}
Command       AP::init_summary_file done; 2.56 sec.
Execute       write_ini /home/linux/ieng6/students/769/zeh003/Desktop/CSE-237C-Starter/project_files/project3/dft_32_precomputed/dft.comp/hls_config.cfg -apsfile /home/linux/ieng6/students/769/zeh003/Desktop/CSE-237C-Starter/project_files/project3/dft_32_precomputed/dft.comp/hls/hls.aps -filepaths relative -quiet 
Execute         send_msg_by_id WARNING @200-1998@%s%s ../../dft-top.cpp /home/linux/ieng6/students/769/zeh003/Desktop/CSE-237C-Starter/project_files/project3/dft_32_precomputed/dft.comp/solution /home/linux/ieng6/students/769/zeh003/Desktop/CSE-237C-Starter/project_files/project3/dft_32_precomputed 
WARNING: [HLS 200-1998] cannot find relative file path '../../dft-top.cpp' in directory(s): /home/linux/ieng6/students/769/zeh003/Desktop/CSE-237C-Starter/project_files/project3/dft_32_precomputed/dft.comp/solution /home/linux/ieng6/students/769/zeh003/Desktop/CSE-237C-Starter/project_files/project3/dft_32_precomputed
INFO-FLOW: Running SLX 'csynth' proc: ::SLX::run_csynth
Execute       send_msg_by_id WARNING @200-1998@%s%s ../../dft-top.cpp /home/linux/ieng6/students/769/zeh003/Desktop/CSE-237C-Starter/project_files/project3/dft_32_precomputed/dft.comp/solution /home/linux/ieng6/students/769/zeh003/Desktop/CSE-237C-Starter/project_files/project3/dft_32_precomputed 
WARNING: [HLS 200-1998] cannot find relative file path '../../dft-top.cpp' in directory(s): /home/linux/ieng6/students/769/zeh003/Desktop/CSE-237C-Starter/project_files/project3/dft_32_precomputed/dft.comp/solution /home/linux/ieng6/students/769/zeh003/Desktop/CSE-237C-Starter/project_files/project3/dft_32_precomputed
Execute       elaborate -effort=medium -skip_syncheck=0 -keep_printf=0 -skip_cdt=0 -skip_transform=0 -ng=0 -g=0 -opt_fp=0 -from_csynth_design=1 
INFO: [HLS 200-111] Finished File checks and directory preparation: CPU user time: 0.13 seconds. CPU system time: 0.04 seconds. Elapsed time: 2.75 seconds; current allocated memory: 658.941 MB.
Execute         set_directive_top dft -name=dft 
INFO: [HLS 200-10] Analyzing design file 'dft.cpp' ... 
INFO-FLOW: Compiling one TU...
INFO-FLOW: Handling dft.cpp as C++
Execute         ap_part_info -name xc7z020-clg400-1 -data info 
INFO-FLOW: Running: GCC PP 39
INFO-FLOW: Source preprocessing
INFO-FLOW: run_clang exec: /software/common/Xilinx_Vitis/Vitis/2024.2/lnx64/tools/clang-3.9-csynth/bin/clang dft.cpp -foptimization-record-file=/home/linux/ieng6/students/769/zeh003/Desktop/CSE-237C-Starter/project_files/project3/dft_32_precomputed/dft.comp/hls/.autopilot/db/dft.cpp.clang.diag.yml -mllvm -pass-remarks-missed=reflow|pasta|unroll|inline -mllvm -pass-remarks=reflow|pasta|unroll|inline -fno-limit-debug-info --gcc-toolchain=/software/common/Xilinx_Vitis/Vitis/2024.2/tps/lnx64/gcc-8.3.0 -fhls -fno-exceptions -insert-hls-directive=/home/linux/ieng6/students/769/zeh003/Desktop/CSE-237C-Starter/project_files/project3/dft_32_precomputed/dft.comp/hls/.autopilot/db/all.directive.json -E -fno-math-errno -c -emit-llvm -mllvm -disable-llvm-optzns -Werror=implicit-function-declaration -Werror=implicit-hls-streams -Werror=return-type -Wpragmas -Wunused-parameter -Wdump-hls-pragmas -Wno-error=dump-hls-pragmas -hls-clock-period=10 -fno-threadsafe-statics -fno-use-cxa-atexit -std=gnu++14 -target fpga64-xilinx-linux-gnu -fno-threadsafe-statics -fno-use-cxa-atexit -D__VITIS_HLS__ -DAESL_SYN -D__SYNTHESIS__ -D__HLS_SYN__ -I /software/common/Xilinx_Vitis/Vitis/2024.2/common/technology/autopilot -I /software/common/Xilinx_Vitis/Vitis/2024.2/common/technology/autopilot/ap_sysc -include etc/autopilot_ssdm_op.h -D__DSP48E1__ -I /usr/include/x86_64-linux-gnu -o /home/linux/ieng6/students/769/zeh003/Desktop/CSE-237C-Starter/project_files/project3/dft_32_precomputed/dft.comp/hls/.autopilot/db/dft.pp.0.cpp -hls-platform-db-name=/software/common/Xilinx_Vitis/Vitis/2024.2/common/technology/xilinx/common/platform.db -hls-platform-name=zynq_slow -device-resource-info=BRAM_280.000000_DSP_220.000000_FF_106400.000000_LUT_53200.000000_SLICE_13300.000000_URAM_0.000000 -device-name-info=xc7z020clg400-1 > /home/linux/ieng6/students/769/zeh003/Desktop/CSE-237C-Starter/project_files/project3/dft_32_precomputed/dft.comp/hls/.autopilot/db/dft.cpp.clang.out.log 2> /home/linux/ieng6/students/769/zeh003/Desktop/CSE-237C-Starter/project_files/project3/dft_32_precomputed/dft.comp/hls/.autopilot/db/dft.cpp.clang.err.log
INFO-FLOW: Done: GCC PP 39 time: 0.3 seconds per iteration
INFO-FLOW: Source syntax check for synthesis
INFO-FLOW: run_clang exec: /software/common/Xilinx_Vitis/Vitis/2024.2/lnx64/tools/clang-3.9-csynth/bin/clang -foptimization-record-file=/home/linux/ieng6/students/769/zeh003/Desktop/CSE-237C-Starter/project_files/project3/dft_32_precomputed/dft.comp/hls/.autopilot/db/clang.diag.yml -mllvm -pass-remarks-missed=reflow|pasta|unroll|inline -mllvm -pass-remarks=reflow|pasta|unroll|inline -fsyntax-only -fhls -target fpga64-xilinx-linux-gnu /home/linux/ieng6/students/769/zeh003/Desktop/CSE-237C-Starter/project_files/project3/dft_32_precomputed/dft.comp/hls/.autopilot/db/dft.pp.0.cpp -hls-platform-db-name=/software/common/Xilinx_Vitis/Vitis/2024.2/common/technology/xilinx/common/platform.db -hls-platform-name=zynq_slow -device-resource-info=BRAM_280.000000_DSP_220.000000_FF_106400.000000_LUT_53200.000000_SLICE_13300.000000_URAM_0.000000 -device-name-info=xc7z020clg400-1 > /home/linux/ieng6/students/769/zeh003/Desktop/CSE-237C-Starter/project_files/project3/dft_32_precomputed/dft.comp/hls/.autopilot/db/clang.out.log 2> /home/linux/ieng6/students/769/zeh003/Desktop/CSE-237C-Starter/project_files/project3/dft_32_precomputed/dft.comp/hls/.autopilot/db/clang.err.log
Execute         clang_tidy xilinx-systemc-detector -desc systemc-detector /home/linux/ieng6/students/769/zeh003/Desktop/CSE-237C-Starter/project_files/project3/dft_32_precomputed/dft.comp/hls/.autopilot/db/dft.pp.0.cpp std=gnu++14 -target fpga  -directive=/home/linux/ieng6/students/769/zeh003/Desktop/CSE-237C-Starter/project_files/project3/dft_32_precomputed/dft.comp/hls/.autopilot/db/.systemc_flag 
INFO-FLOW: exec /software/common/Xilinx_Vitis/Vitis/2024.2/lnx64/tools/clang-3.9-csynth/bin/clang-tidy -header-filter=.* --checks=-*,xilinx-systemc-detector -import-directive=/home/linux/ieng6/students/769/zeh003/Desktop/CSE-237C-Starter/project_files/project3/dft_32_precomputed/dft.comp/hls/.autopilot/db/.systemc_flag -fix-errors /home/linux/ieng6/students/769/zeh003/Desktop/CSE-237C-Starter/project_files/project3/dft_32_precomputed/dft.comp/hls/.autopilot/db/dft.pp.0.cpp -- -std=gnu++14 -target fpga -fhls -ferror-limit=0
INFO-FLOW: Running: clang-tidy CDT preprocess 39
Execute         clang_tidy xilinx-directive2pragma -desc directive2pragma /home/linux/ieng6/students/769/zeh003/Desktop/CSE-237C-Starter/project_files/project3/dft_32_precomputed/dft.comp/hls/.autopilot/db/dft.pp.0.cpp std=gnu++14 -target fpga  -directive=/home/linux/ieng6/students/769/zeh003/Desktop/CSE-237C-Starter/project_files/project3/dft_32_precomputed/dft.comp/hls/.autopilot/db/all.directive.json 
INFO-FLOW: exec /software/common/Xilinx_Vitis/Vitis/2024.2/lnx64/tools/clang-3.9-csynth/bin/clang-tidy -header-filter=.* --checks=-*,xilinx-directive2pragma -import-directive=/home/linux/ieng6/students/769/zeh003/Desktop/CSE-237C-Starter/project_files/project3/dft_32_precomputed/dft.comp/hls/.autopilot/db/all.directive.json -fix-errors /home/linux/ieng6/students/769/zeh003/Desktop/CSE-237C-Starter/project_files/project3/dft_32_precomputed/dft.comp/hls/.autopilot/db/dft.pp.0.cpp -- -std=gnu++14 -target fpga -fhls -ferror-limit=0
INFO-FLOW: Done: clang-tidy CDT preprocess 39 time: 0.1 seconds per iteration
INFO-FLOW: Calling xilinx-label-all-loops ... 
INFO-FLOW: Calling xilinx-aggregate-on-hls-vector ... 
Execute         clang_tidy -errorcheck -desc loop-label xilinx-label-all-loops,xilinx-aggregate-on-hls-vector,,xilinx-warn-mayneed-no-ctor-attribute /home/linux/ieng6/students/769/zeh003/Desktop/CSE-237C-Starter/project_files/project3/dft_32_precomputed/dft.comp/hls/.autopilot/db/dft.pp.0.cpp std=gnu++14 -target fpga  
INFO-FLOW: run_clang exec: /software/common/Xilinx_Vitis/Vitis/2024.2/lnx64/tools/clang-3.9-csynth/bin/clang-tidy -export-fixes=/home/linux/ieng6/students/769/zeh003/Desktop/CSE-237C-Starter/project_files/project3/dft_32_precomputed/dft.comp/hls/.autopilot/db/dft.pp.0.cpp.clang-tidy.loop-label.diag.yml -header-filter=.* --checks=-*,xilinx-label-all-loops,xilinx-aggregate-on-hls-vector,,xilinx-warn-mayneed-no-ctor-attribute -fix-errors /home/linux/ieng6/students/769/zeh003/Desktop/CSE-237C-Starter/project_files/project3/dft_32_precomputed/dft.comp/hls/.autopilot/db/dft.pp.0.cpp -- -std=gnu++14 -target fpga -fhls -ferror-limit=0 > /home/linux/ieng6/students/769/zeh003/Desktop/CSE-237C-Starter/project_files/project3/dft_32_precomputed/dft.comp/hls/.autopilot/db/dft.pp.0.cpp.clang-tidy.loop-label.out.log 2> /home/linux/ieng6/students/769/zeh003/Desktop/CSE-237C-Starter/project_files/project3/dft_32_precomputed/dft.comp/hls/.autopilot/db/dft.pp.0.cpp.clang-tidy.loop-label.err.log
Execute           source /software/common/Xilinx_Vitis/Vitis/2024.2/tps/tcl/tcllib1.11.1/yaml/yaml.tcl 
Command         clang_tidy done; 0.12 sec.
INFO-FLOW: run_clang exec: /software/common/Xilinx_Vitis/Vitis/2024.2/lnx64/tools/clang-3.9-csynth/bin/xilinx-dataflow-lawyer -export-fixes=/home/linux/ieng6/students/769/zeh003/Desktop/CSE-237C-Starter/project_files/project3/dft_32_precomputed/dft.comp/hls/.autopilot/db/dft.pp.0.cpp.xilinx-dataflow-lawyer.diag.yml /home/linux/ieng6/students/769/zeh003/Desktop/CSE-237C-Starter/project_files/project3/dft_32_precomputed/dft.comp/hls/.autopilot/db/dft.pp.0.cpp -- -std=gnu++14 -target fpga -fhls -ferror-limit=0 -fstrict-dataflow > /home/linux/ieng6/students/769/zeh003/Desktop/CSE-237C-Starter/project_files/project3/dft_32_precomputed/dft.comp/hls/.autopilot/db/dft.pp.0.cpp.xilinx-dataflow-lawyer.out.log 2> /home/linux/ieng6/students/769/zeh003/Desktop/CSE-237C-Starter/project_files/project3/dft_32_precomputed/dft.comp/hls/.autopilot/db/dft.pp.0.cpp.xilinx-dataflow-lawyer.err.log
Execute         ap_part_info -name xc7z020-clg400-1 -data info 
INFO-FLOW: compiling source code to llvm bc
INFO-FLOW: run_clang exec: /software/common/Xilinx_Vitis/Vitis/2024.2/lnx64/tools/clang-3.9-csynth/bin/clang -foptimization-record-file=/home/linux/ieng6/students/769/zeh003/Desktop/CSE-237C-Starter/project_files/project3/dft_32_precomputed/dft.comp/hls/.autopilot/db/dft.pp.0.cpp.clang.diag.yml -mllvm -pass-remarks-missed=reflow|pasta|unroll|inline -mllvm -pass-remarks=reflow|pasta|unroll|inline -fno-limit-debug-info -fhls -flto -fno-exceptions -Wno-error=c++11-narrowing -hls-emit-hint-scope /home/linux/ieng6/students/769/zeh003/Desktop/CSE-237C-Starter/project_files/project3/dft_32_precomputed/dft.comp/hls/.autopilot/db/dft.pp.0.cpp -fno-math-errno -c -emit-llvm -mllvm -disable-llvm-optzns -Werror=implicit-function-declaration -Werror=implicit-hls-streams -Werror=return-type -Wpragmas -Wunused-parameter -Wdump-hls-pragmas -Wno-error=dump-hls-pragmas -hls-clock-period=10 -fno-threadsafe-statics -fno-use-cxa-atexit -std=gnu++14 -target fpga64-xilinx-linux-gnu -D__VITIS_HLS__ -DAESL_SYN -D__SYNTHESIS__ -D__HLS_SYN__ -I /software/common/Xilinx_Vitis/Vitis/2024.2/common/technology/autopilot -I /software/common/Xilinx_Vitis/Vitis/2024.2/common/technology/autopilot/ap_sysc -include etc/autopilot_ssdm_op.h -D__DSP48E1__ -g -o /home/linux/ieng6/students/769/zeh003/Desktop/CSE-237C-Starter/project_files/project3/dft_32_precomputed/dft.comp/hls/.autopilot/db/dft.bc -hls-platform-db-name=/software/common/Xilinx_Vitis/Vitis/2024.2/common/technology/xilinx/common/platform.db -hls-platform-name=zynq_slow -device-resource-info=BRAM_280.000000_DSP_220.000000_FF_106400.000000_LUT_53200.000000_SLICE_13300.000000_URAM_0.000000 -device-name-info=xc7z020clg400-1 > /home/linux/ieng6/students/769/zeh003/Desktop/CSE-237C-Starter/project_files/project3/dft_32_precomputed/dft.comp/hls/.autopilot/db/dft.pp.0.cpp.clang.out.log 2> /home/linux/ieng6/students/769/zeh003/Desktop/CSE-237C-Starter/project_files/project3/dft_32_precomputed/dft.comp/hls/.autopilot/db/dft.pp.0.cpp.clang.err.log
INFO: [HLS 200-111] Finished Source Code Analysis and Preprocessing: CPU user time: 0.57 seconds. CPU system time: 0.56 seconds. Elapsed time: 1.31 seconds; current allocated memory: 660.340 MB.
INFO-FLOW: Linking Debug ...
INFO-FLOW: Linking dut bc code.
Execute         run_link_or_opt -out /home/linux/ieng6/students/769/zeh003/Desktop/CSE-237C-Starter/project_files/project3/dft_32_precomputed/dft.comp/hls/.autopilot/db/a.g.ld.0.bc -args  "/home/linux/ieng6/students/769/zeh003/Desktop/CSE-237C-Starter/project_files/project3/dft_32_precomputed/dft.comp/hls/.autopilot/db/dft.g.bc"  
INFO-FLOW: run_clang exec: /software/common/Xilinx_Vitis/Vitis/2024.2/lnx64/tools/clang-3.9-csynth/bin/llvm-link /home/linux/ieng6/students/769/zeh003/Desktop/CSE-237C-Starter/project_files/project3/dft_32_precomputed/dft.comp/hls/.autopilot/db/dft.g.bc -o /home/linux/ieng6/students/769/zeh003/Desktop/CSE-237C-Starter/project_files/project3/dft_32_precomputed/dft.comp/hls/.autopilot/db/a.g.ld.0.bc > /home/linux/ieng6/students/769/zeh003/Desktop/CSE-237C-Starter/project_files/project3/dft_32_precomputed/dft.comp/hls/.autopilot/db/a.g.ld.0.bc.llvm-link.out.log 2> /home/linux/ieng6/students/769/zeh003/Desktop/CSE-237C-Starter/project_files/project3/dft_32_precomputed/dft.comp/hls/.autopilot/db/a.g.ld.0.bc.llvm-link.err.log
Execute         run_link_or_opt -opt -out /home/linux/ieng6/students/769/zeh003/Desktop/CSE-237C-Starter/project_files/project3/dft_32_precomputed/dft.comp/hls/.autopilot/db/a.g.ld.1.lower.bc -args /home/linux/ieng6/students/769/zeh003/Desktop/CSE-237C-Starter/project_files/project3/dft_32_precomputed/dft.comp/hls/.autopilot/db/a.g.ld.0.bc -reflow-lower-math-intrinsics 
INFO-FLOW: run_clang exec: /software/common/Xilinx_Vitis/Vitis/2024.2/lnx64/tools/clang-3.9-csynth/bin/opt -pass-remarks-missed=reflow|pasta|unroll|inline -pass-remarks=reflow|pasta|unroll|inline -pass-remarks-output=/home/linux/ieng6/students/769/zeh003/Desktop/CSE-237C-Starter/project_files/project3/dft_32_precomputed/dft.comp/hls/.autopilot/db/a.g.ld.1.lower.bc.opt.diag.yml /home/linux/ieng6/students/769/zeh003/Desktop/CSE-237C-Starter/project_files/project3/dft_32_precomputed/dft.comp/hls/.autopilot/db/a.g.ld.0.bc -reflow-lower-math-intrinsics -o /home/linux/ieng6/students/769/zeh003/Desktop/CSE-237C-Starter/project_files/project3/dft_32_precomputed/dft.comp/hls/.autopilot/db/a.g.ld.1.lower.bc > /home/linux/ieng6/students/769/zeh003/Desktop/CSE-237C-Starter/project_files/project3/dft_32_precomputed/dft.comp/hls/.autopilot/db/a.g.ld.1.lower.bc.opt.out.log 2> /home/linux/ieng6/students/769/zeh003/Desktop/CSE-237C-Starter/project_files/project3/dft_32_precomputed/dft.comp/hls/.autopilot/db/a.g.ld.1.lower.bc.opt.err.log
INFO-FLOW: Running: gen_design_size_report post-opt
INFO-FLOW: Done: gen_design_size_report post-opt time: 0 seconds per iteration
INFO-FLOW: Linking math bc lib
Execute         run_link_or_opt -out /home/linux/ieng6/students/769/zeh003/Desktop/CSE-237C-Starter/project_files/project3/dft_32_precomputed/dft.comp/hls/.autopilot/db/a.g.ld.2.m1.bc -args /home/linux/ieng6/students/769/zeh003/Desktop/CSE-237C-Starter/project_files/project3/dft_32_precomputed/dft.comp/hls/.autopilot/db/a.g.ld.1.lower.bc -only-needed /software/common/Xilinx_Vitis/Vitis/2024.2/lnx64/lib/libhlsm_39.bc /software/common/Xilinx_Vitis/Vitis/2024.2/lnx64/lib/libhlsmc++_39.bc 
INFO-FLOW: run_clang exec: /software/common/Xilinx_Vitis/Vitis/2024.2/lnx64/tools/clang-3.9-csynth/bin/llvm-link /home/linux/ieng6/students/769/zeh003/Desktop/CSE-237C-Starter/project_files/project3/dft_32_precomputed/dft.comp/hls/.autopilot/db/a.g.ld.1.lower.bc -only-needed /software/common/Xilinx_Vitis/Vitis/2024.2/lnx64/lib/libhlsm_39.bc /software/common/Xilinx_Vitis/Vitis/2024.2/lnx64/lib/libhlsmc++_39.bc -o /home/linux/ieng6/students/769/zeh003/Desktop/CSE-237C-Starter/project_files/project3/dft_32_precomputed/dft.comp/hls/.autopilot/db/a.g.ld.2.m1.bc > /home/linux/ieng6/students/769/zeh003/Desktop/CSE-237C-Starter/project_files/project3/dft_32_precomputed/dft.comp/hls/.autopilot/db/a.g.ld.2.m1.bc.llvm-link.out.log 2> /home/linux/ieng6/students/769/zeh003/Desktop/CSE-237C-Starter/project_files/project3/dft_32_precomputed/dft.comp/hls/.autopilot/db/a.g.ld.2.m1.bc.llvm-link.err.log
Command         run_link_or_opt done; 2.35 sec.
Execute         run_link_or_opt -opt -out /home/linux/ieng6/students/769/zeh003/Desktop/CSE-237C-Starter/project_files/project3/dft_32_precomputed/dft.comp/hls/.autopilot/db/a.g.ld.3.fpc.bc -args /home/linux/ieng6/students/769/zeh003/Desktop/CSE-237C-Starter/project_files/project3/dft_32_precomputed/dft.comp/hls/.autopilot/db/a.g.ld.2.m1.bc -reflow-globaldce -hls-top-function-name=dft -reflow-float-conversion 
INFO-FLOW: run_clang exec: /software/common/Xilinx_Vitis/Vitis/2024.2/lnx64/tools/clang-3.9-csynth/bin/opt -pass-remarks-missed=reflow|pasta|unroll|inline -pass-remarks=reflow|pasta|unroll|inline -pass-remarks-output=/home/linux/ieng6/students/769/zeh003/Desktop/CSE-237C-Starter/project_files/project3/dft_32_precomputed/dft.comp/hls/.autopilot/db/a.g.ld.3.fpc.bc.opt.diag.yml /home/linux/ieng6/students/769/zeh003/Desktop/CSE-237C-Starter/project_files/project3/dft_32_precomputed/dft.comp/hls/.autopilot/db/a.g.ld.2.m1.bc -reflow-globaldce -hls-top-function-name=dft -reflow-float-conversion -o /home/linux/ieng6/students/769/zeh003/Desktop/CSE-237C-Starter/project_files/project3/dft_32_precomputed/dft.comp/hls/.autopilot/db/a.g.ld.3.fpc.bc > /home/linux/ieng6/students/769/zeh003/Desktop/CSE-237C-Starter/project_files/project3/dft_32_precomputed/dft.comp/hls/.autopilot/db/a.g.ld.3.fpc.bc.opt.out.log 2> /home/linux/ieng6/students/769/zeh003/Desktop/CSE-237C-Starter/project_files/project3/dft_32_precomputed/dft.comp/hls/.autopilot/db/a.g.ld.3.fpc.bc.opt.err.log
INFO-FLOW: Running: gen_design_size_report post-opt
INFO-FLOW: Done: gen_design_size_report post-opt time: 0 seconds per iteration
Command         run_link_or_opt done; 1.03 sec.
Execute         run_link_or_opt -out /home/linux/ieng6/students/769/zeh003/Desktop/CSE-237C-Starter/project_files/project3/dft_32_precomputed/dft.comp/hls/.autopilot/db/a.g.ld.4.m2.bc -args /home/linux/ieng6/students/769/zeh003/Desktop/CSE-237C-Starter/project_files/project3/dft_32_precomputed/dft.comp/hls/.autopilot/db/a.g.ld.3.fpc.bc -only-needed /software/common/Xilinx_Vitis/Vitis/2024.2/lnx64/lib/libfloatconversion_39.bc 
INFO-FLOW: run_clang exec: /software/common/Xilinx_Vitis/Vitis/2024.2/lnx64/tools/clang-3.9-csynth/bin/llvm-link /home/linux/ieng6/students/769/zeh003/Desktop/CSE-237C-Starter/project_files/project3/dft_32_precomputed/dft.comp/hls/.autopilot/db/a.g.ld.3.fpc.bc -only-needed /software/common/Xilinx_Vitis/Vitis/2024.2/lnx64/lib/libfloatconversion_39.bc -o /home/linux/ieng6/students/769/zeh003/Desktop/CSE-237C-Starter/project_files/project3/dft_32_precomputed/dft.comp/hls/.autopilot/db/a.g.ld.4.m2.bc > /home/linux/ieng6/students/769/zeh003/Desktop/CSE-237C-Starter/project_files/project3/dft_32_precomputed/dft.comp/hls/.autopilot/db/a.g.ld.4.m2.bc.llvm-link.out.log 2> /home/linux/ieng6/students/769/zeh003/Desktop/CSE-237C-Starter/project_files/project3/dft_32_precomputed/dft.comp/hls/.autopilot/db/a.g.ld.4.m2.bc.llvm-link.err.log
Execute         run_link_or_opt -opt -out /home/linux/ieng6/students/769/zeh003/Desktop/CSE-237C-Starter/project_files/project3/dft_32_precomputed/dft.comp/hls/.autopilot/db/a.g.ld.5.gdce.bc -args /home/linux/ieng6/students/769/zeh003/Desktop/CSE-237C-Starter/project_files/project3/dft_32_precomputed/dft.comp/hls/.autopilot/db/a.g.ld.4.m2.bc -reflow-globaldce -hls-top-function-name=dft 
INFO-FLOW: run_clang exec: /software/common/Xilinx_Vitis/Vitis/2024.2/lnx64/tools/clang-3.9-csynth/bin/opt -pass-remarks-missed=reflow|pasta|unroll|inline -pass-remarks=reflow|pasta|unroll|inline -pass-remarks-output=/home/linux/ieng6/students/769/zeh003/Desktop/CSE-237C-Starter/project_files/project3/dft_32_precomputed/dft.comp/hls/.autopilot/db/a.g.ld.5.gdce.bc.opt.diag.yml /home/linux/ieng6/students/769/zeh003/Desktop/CSE-237C-Starter/project_files/project3/dft_32_precomputed/dft.comp/hls/.autopilot/db/a.g.ld.4.m2.bc -reflow-globaldce -hls-top-function-name=dft -o /home/linux/ieng6/students/769/zeh003/Desktop/CSE-237C-Starter/project_files/project3/dft_32_precomputed/dft.comp/hls/.autopilot/db/a.g.ld.5.gdce.bc > /home/linux/ieng6/students/769/zeh003/Desktop/CSE-237C-Starter/project_files/project3/dft_32_precomputed/dft.comp/hls/.autopilot/db/a.g.ld.5.gdce.bc.opt.out.log 2> /home/linux/ieng6/students/769/zeh003/Desktop/CSE-237C-Starter/project_files/project3/dft_32_precomputed/dft.comp/hls/.autopilot/db/a.g.ld.5.gdce.bc.opt.err.log
INFO-FLOW: Running: gen_design_size_report post-opt
INFO-FLOW: Done: gen_design_size_report post-opt time: 0 seconds per iteration
Execute         send_msg_by_id INFO @200-777@%s Vivado 
INFO: [HLS 200-777] Using interface defaults for 'Vivado' flow target.
Execute         is_m_axi_addr64 
INFO-FLOW: Doing LTO.
INFO-FLOW: run_clang (background poll_ms 5000) exec: /software/common/Xilinx_Vitis/Vitis/2024.2/lnx64/tools/clang-3.9-csynth/bin/clang -foptimization-record-file=/home/linux/ieng6/students/769/zeh003/Desktop/CSE-237C-Starter/project_files/project3/dft_32_precomputed/dft.comp/hls/.autopilot/db/a.g.ld.0.bc.clang.reflow.diag.yml -mllvm -pass-remarks-missed=reflow|pasta|unroll|inline -mllvm -pass-remarks=reflow|pasta|unroll|inline -fhls -mllvm -hls-top-function-name=dft -mllvm -hls-db-dir -mllvm /home/linux/ieng6/students/769/zeh003/Desktop/CSE-237C-Starter/project_files/project3/dft_32_precomputed/dft.comp/hls/.autopilot/db -emit-llvm -c -target fpga64-xilinx-none -mllvm -xcl-xmlinfo=/home/linux/ieng6/students/769/zeh003/Desktop/CSE-237C-Starter/project_files/project3/dft_32_precomputed/dft.comp/hls/.autopilot/db/kernel.internal.xml -mllvm -top-io-mapping-info=/home/linux/ieng6/students/769/zeh003/Desktop/CSE-237C-Starter/project_files/project3/dft_32_precomputed/dft.comp/hls/.autopilot/db/top-io-fe.xml -mllvm -hls-bitcode-version=3.1 -mllvm -reflow-enable-slave-interface-default-setting=true -mllvm -gen-kernel-xml=false -mllvm -default-maxi-offset=slave -mllvm -maxi-latency=0 -mllvm -hls-maxi-data-size-in-bits=8 -mllvm -hls-maxi-max-data-size-in-bits=1024 -mllvm -hls-max-widen-size-in-bits=0 -mllvm -xcl-kernel-max-mem-ports=0 -mllvm -maxi-read-trans=16 -mllvm -maxi-write-trans=16 -mllvm -maxi-read-burst-len=16 -mllvm -maxi-write-burst-len=16 -mllvm -reflow-enable-saxi-64bits=0 -mllvm -reflow-basic-block-instr-threshold=200000 -mllvm -reflow-auto-pipeline-threshold=64 -mllvm -reflow-enable-maxi-auto-id-channel=0 -mllvm -reflow-bdd-simplify-threshold=1048576 -mllvm -reflow-fanout-threshold=16 -mllvm -reflow-complete-threshold=4 -mllvm -reflow-array-promotion-threshold=64 -mllvm -assume-maxi-align=1 -mllvm -reflow-enable-dataflow-strict-mode-checking=1 -ftime-report -mllvm -time-passes -mllvm -reflow-auto-array-partition-mode=default -mllvm -reflow-enable-auto-small-array-partition=true -mllvm -reflow-enable-auto-array-promotion=true -mllvm -reflow-enable-auto-array-partition-for-flatten=true -mllvm -reflow-enable-auto-parallel-performance-driven=true -mllvm -reflow-enable-partition-for-automation=true -mllvm -reflow-aggregate-bitwidth-threshold=4096 -mllvm -reflow-reserved-saxilite-registers=0 -mllvm -enable-reflow-auto-loop-pipeline -mllvm -reflow-max-unroll-threshold=409600 -mllvm -auto-unroll-tripcount-threshold=0 -mllvm -reflow-assume-no-address-wrap=true -mllvm -reflow-enable-occurrence-inference=true -mllvm -reflow-emit-hint-scope=true -mllvm -reflow-enable-codegen-with-if=true -mllvm -reflow-enable-dataflow-canon=true -mllvm -reflow-enable-dataflow-canon2=true -mllvm -hls -mllvm -disable-inlined-alloca-merging=true -mllvm -default-clock-period=10 -mllvm -use_read_first_ram_in_loop=1 -mllvm -default-clock-uncertainty=2.7 -x ir /home/linux/ieng6/students/769/zeh003/Desktop/CSE-237C-Starter/project_files/project3/dft_32_precomputed/dft.comp/hls/.autopilot/db/a.g.ld.5.gdce.bc -o /home/linux/ieng6/students/769/zeh003/Desktop/CSE-237C-Starter/project_files/project3/dft_32_precomputed/dft.comp/hls/.autopilot/db/a.g.lto.bc -hls-platform-db-name=/software/common/Xilinx_Vitis/Vitis/2024.2/common/technology/xilinx/common/platform.db -hls-platform-name=zynq_slow -device-resource-info=BRAM_280.000000_DSP_220.000000_FF_106400.000000_LUT_53200.000000_SLICE_13300.000000_URAM_0.000000 -device-name-info=xc7z020clg400-1 2> /home/linux/ieng6/students/769/zeh003/Desktop/CSE-237C-Starter/project_files/project3/dft_32_precomputed/dft.comp/hls/.autopilot/db/a.g.ld.0.bc.clang.reflow.err.log bg_poll_cmd: ::AP::poll_clang_39_closed_source
Execute         send_msg_by_id INFO @200-1995@%s%s%s 67 Compile/Link /home/linux/ieng6/students/769/zeh003/Desktop/CSE-237C-Starter/project_files/project3/dft_32_precomputed/dft.comp/hls/syn/report/csynth_design_size.rpt 
INFO: [HLS 200-1995] There were 67 instructions in the design after the 'Compile/Link' phase of compilation. See the Design Size Report for more details: /home/linux/ieng6/students/769/zeh003/Desktop/CSE-237C-Starter/project_files/project3/dft_32_precomputed/dft.comp/hls/syn/report/csynth_design_size.rpt
Execute         send_msg_by_id INFO @200-1995@%s%s%s 249 Unroll/Inline (step 1) /home/linux/ieng6/students/769/zeh003/Desktop/CSE-237C-Starter/project_files/project3/dft_32_precomputed/dft.comp/hls/syn/report/csynth_design_size.rpt 
INFO: [HLS 200-1995] There were 249 instructions in the design after the 'Unroll/Inline (step 1)' phase of compilation. See the Design Size Report for more details: /home/linux/ieng6/students/769/zeh003/Desktop/CSE-237C-Starter/project_files/project3/dft_32_precomputed/dft.comp/hls/syn/report/csynth_design_size.rpt
Execute         send_msg_by_id INFO @200-1995@%s%s%s 165 Unroll/Inline (step 2) /home/linux/ieng6/students/769/zeh003/Desktop/CSE-237C-Starter/project_files/project3/dft_32_precomputed/dft.comp/hls/syn/report/csynth_design_size.rpt 
INFO: [HLS 200-1995] There were 165 instructions in the design after the 'Unroll/Inline (step 2)' phase of compilation. See the Design Size Report for more details: /home/linux/ieng6/students/769/zeh003/Desktop/CSE-237C-Starter/project_files/project3/dft_32_precomputed/dft.comp/hls/syn/report/csynth_design_size.rpt
Execute         send_msg_by_id INFO @200-1995@%s%s%s 156 Unroll/Inline (step 3) /home/linux/ieng6/students/769/zeh003/Desktop/CSE-237C-Starter/project_files/project3/dft_32_precomputed/dft.comp/hls/syn/report/csynth_design_size.rpt 
INFO: [HLS 200-1995] There were 156 instructions in the design after the 'Unroll/Inline (step 3)' phase of compilation. See the Design Size Report for more details: /home/linux/ieng6/students/769/zeh003/Desktop/CSE-237C-Starter/project_files/project3/dft_32_precomputed/dft.comp/hls/syn/report/csynth_design_size.rpt
Execute         send_msg_by_id INFO @200-1995@%s%s%s 156 Unroll/Inline (step 4) /home/linux/ieng6/students/769/zeh003/Desktop/CSE-237C-Starter/project_files/project3/dft_32_precomputed/dft.comp/hls/syn/report/csynth_design_size.rpt 
INFO: [HLS 200-1995] There were 156 instructions in the design after the 'Unroll/Inline (step 4)' phase of compilation. See the Design Size Report for more details: /home/linux/ieng6/students/769/zeh003/Desktop/CSE-237C-Starter/project_files/project3/dft_32_precomputed/dft.comp/hls/syn/report/csynth_design_size.rpt
Execute         send_msg_by_id INFO @200-1995@%s%s%s 1,046 Array/Struct (step 1) /home/linux/ieng6/students/769/zeh003/Desktop/CSE-237C-Starter/project_files/project3/dft_32_precomputed/dft.comp/hls/syn/report/csynth_design_size.rpt 
INFO: [HLS 200-1995] There were 1,046 instructions in the design after the 'Array/Struct (step 1)' phase of compilation. See the Design Size Report for more details: /home/linux/ieng6/students/769/zeh003/Desktop/CSE-237C-Starter/project_files/project3/dft_32_precomputed/dft.comp/hls/syn/report/csynth_design_size.rpt
Execute         send_msg_by_id INFO @200-1995@%s%s%s 528 Array/Struct (step 2) /home/linux/ieng6/students/769/zeh003/Desktop/CSE-237C-Starter/project_files/project3/dft_32_precomputed/dft.comp/hls/syn/report/csynth_design_size.rpt 
INFO: [HLS 200-1995] There were 528 instructions in the design after the 'Array/Struct (step 2)' phase of compilation. See the Design Size Report for more details: /home/linux/ieng6/students/769/zeh003/Desktop/CSE-237C-Starter/project_files/project3/dft_32_precomputed/dft.comp/hls/syn/report/csynth_design_size.rpt
Execute         send_msg_by_id INFO @200-1995@%s%s%s 528 Array/Struct (step 3) /home/linux/ieng6/students/769/zeh003/Desktop/CSE-237C-Starter/project_files/project3/dft_32_precomputed/dft.comp/hls/syn/report/csynth_design_size.rpt 
INFO: [HLS 200-1995] There were 528 instructions in the design after the 'Array/Struct (step 3)' phase of compilation. See the Design Size Report for more details: /home/linux/ieng6/students/769/zeh003/Desktop/CSE-237C-Starter/project_files/project3/dft_32_precomputed/dft.comp/hls/syn/report/csynth_design_size.rpt
Execute         send_msg_by_id INFO @200-1995@%s%s%s 528 Array/Struct (step 4) /home/linux/ieng6/students/769/zeh003/Desktop/CSE-237C-Starter/project_files/project3/dft_32_precomputed/dft.comp/hls/syn/report/csynth_design_size.rpt 
INFO: [HLS 200-1995] There were 528 instructions in the design after the 'Array/Struct (step 4)' phase of compilation. See the Design Size Report for more details: /home/linux/ieng6/students/769/zeh003/Desktop/CSE-237C-Starter/project_files/project3/dft_32_precomputed/dft.comp/hls/syn/report/csynth_design_size.rpt
Execute         send_msg_by_id INFO @200-1995@%s%s%s 530 Array/Struct (step 5) /home/linux/ieng6/students/769/zeh003/Desktop/CSE-237C-Starter/project_files/project3/dft_32_precomputed/dft.comp/hls/syn/report/csynth_design_size.rpt 
INFO: [HLS 200-1995] There were 530 instructions in the design after the 'Array/Struct (step 5)' phase of compilation. See the Design Size Report for more details: /home/linux/ieng6/students/769/zeh003/Desktop/CSE-237C-Starter/project_files/project3/dft_32_precomputed/dft.comp/hls/syn/report/csynth_design_size.rpt
Execute         send_msg_by_id INFO @200-1995@%s%s%s 530 Performance (step 1) /home/linux/ieng6/students/769/zeh003/Desktop/CSE-237C-Starter/project_files/project3/dft_32_precomputed/dft.comp/hls/syn/report/csynth_design_size.rpt 
INFO: [HLS 200-1995] There were 530 instructions in the design after the 'Performance (step 1)' phase of compilation. See the Design Size Report for more details: /home/linux/ieng6/students/769/zeh003/Desktop/CSE-237C-Starter/project_files/project3/dft_32_precomputed/dft.comp/hls/syn/report/csynth_design_size.rpt
Execute         send_msg_by_id INFO @200-1995@%s%s%s 528 Performance (step 2) /home/linux/ieng6/students/769/zeh003/Desktop/CSE-237C-Starter/project_files/project3/dft_32_precomputed/dft.comp/hls/syn/report/csynth_design_size.rpt 
INFO: [HLS 200-1995] There were 528 instructions in the design after the 'Performance (step 2)' phase of compilation. See the Design Size Report for more details: /home/linux/ieng6/students/769/zeh003/Desktop/CSE-237C-Starter/project_files/project3/dft_32_precomputed/dft.comp/hls/syn/report/csynth_design_size.rpt
Execute         send_msg_by_id INFO @200-1995@%s%s%s 528 Performance (step 3) /home/linux/ieng6/students/769/zeh003/Desktop/CSE-237C-Starter/project_files/project3/dft_32_precomputed/dft.comp/hls/syn/report/csynth_design_size.rpt 
INFO: [HLS 200-1995] There were 528 instructions in the design after the 'Performance (step 3)' phase of compilation. See the Design Size Report for more details: /home/linux/ieng6/students/769/zeh003/Desktop/CSE-237C-Starter/project_files/project3/dft_32_precomputed/dft.comp/hls/syn/report/csynth_design_size.rpt
Execute         send_msg_by_id INFO @200-1995@%s%s%s 528 Performance (step 4) /home/linux/ieng6/students/769/zeh003/Desktop/CSE-237C-Starter/project_files/project3/dft_32_precomputed/dft.comp/hls/syn/report/csynth_design_size.rpt 
INFO: [HLS 200-1995] There were 528 instructions in the design after the 'Performance (step 4)' phase of compilation. See the Design Size Report for more details: /home/linux/ieng6/students/769/zeh003/Desktop/CSE-237C-Starter/project_files/project3/dft_32_precomputed/dft.comp/hls/syn/report/csynth_design_size.rpt
Execute         send_msg_by_id INFO @200-1995@%s%s%s 850 HW Transforms (step 1) /home/linux/ieng6/students/769/zeh003/Desktop/CSE-237C-Starter/project_files/project3/dft_32_precomputed/dft.comp/hls/syn/report/csynth_design_size.rpt 
INFO: [HLS 200-1995] There were 850 instructions in the design after the 'HW Transforms (step 1)' phase of compilation. See the Design Size Report for more details: /home/linux/ieng6/students/769/zeh003/Desktop/CSE-237C-Starter/project_files/project3/dft_32_precomputed/dft.comp/hls/syn/report/csynth_design_size.rpt
Execute         send_msg_by_id INFO @200-1995@%s%s%s 858 HW Transforms (step 2) /home/linux/ieng6/students/769/zeh003/Desktop/CSE-237C-Starter/project_files/project3/dft_32_precomputed/dft.comp/hls/syn/report/csynth_design_size.rpt 
INFO: [HLS 200-1995] There were 858 instructions in the design after the 'HW Transforms (step 2)' phase of compilation. See the Design Size Report for more details: /home/linux/ieng6/students/769/zeh003/Desktop/CSE-237C-Starter/project_files/project3/dft_32_precomputed/dft.comp/hls/syn/report/csynth_design_size.rpt
INFO: [HLS 214-188] Unrolling loop 'VITIS_LOOP_20_2' (dft.cpp:20:20) in function 'dft' partially with a factor of 8 (dft.cpp:5:0)
INFO: [HLS 214-248] Applying array_partition to '_ZL15sin_coeff_table': Complete partitioning on dimension 2. (./coefficients32_2D.h:39:0)
INFO: [HLS 214-248] Applying array_partition to '_ZL15cos_coeff_table': Complete partitioning on dimension 2. (./coefficients32_2D.h:4:0)
INFO: [HLS 214-248] Applying array_partition to 'input_R': Complete partitioning on dimension 1. (dft.cpp:5:0)
INFO: [HLS 214-248] Applying array_partition to 'input_I': Complete partitioning on dimension 1. (dft.cpp:5:0)
INFO: [HLS 214-248] Applying array_partition to 'output_R': Complete partitioning on dimension 1. (dft.cpp:5:0)
INFO: [HLS 214-248] Applying array_partition to 'output_I': Complete partitioning on dimension 1. (dft.cpp:5:0)
INFO: [HLS 214-376] automatically set the pipeline for Loop< VITIS_LOOP_20_2> at dft.cpp:20:20 
INFO-FLOW: DBG:PUTS: copy_raw_kernel_xml ap_link_39: kernel.xml not generated: /home/linux/ieng6/students/769/zeh003/Desktop/CSE-237C-Starter/project_files/project3/dft_32_precomputed/dft.comp/hls/.autopilot/db/kernel.internal.xml
INFO: [HLS 200-111] Finished Compiling Optimization and Transform: CPU user time: 4.11 seconds. CPU system time: 0.7 seconds. Elapsed time: 9.03 seconds; current allocated memory: 670.000 MB.
INFO: [HLS 200-111] Finished Checking Pragmas: CPU user time: 0 seconds. CPU system time: 0 seconds. Elapsed time: 0 seconds; current allocated memory: 670.000 MB.
Execute         opt_and_import_c a -opt_level=2 -skip_syncheck=0 -ng=0 -keep_printf=0 
Execute           cleanup_all_models 
INFO: [HLS 200-10] Starting code transformations ...
INFO-FLOW: Running Standard Transforms...
Execute           transform -hls -share-std-xform -demangle-name -inline-byval-memcpy -always-inline -promote-dbg-pointer -interface-preproc -mem2reg -scalarrepl -mem2reg -keep-read-access -instcombine -dce -promote-dbg-pointer -bitop-raise -loop-simplify -indvarspre -indvars -loop-simplify -constprop -instcombine -simplifycfg -indvars -simplifycfg -dce -globaldce -basicaa -simplifycfg -mem2reg -globalopt -global-constprop -deadargelim -instcombine -simplifycfg -scalarrepl -instcombine -reassociate -licm -simplifycfg -loop-simplify -indvars -instcombine -simplifycfg -mem2reg -loop-simplify -indvars -instcombine -gvn -gvn -instcombine -adce -break-crit-edges -simplifycfg -loop-delete -global-array-opt -dce -dse -adce -find-syn-modules -top dft -deadargelim -mem2reg -instcombine -dce -presyn-prepare -interface-preproc -syn-check -check-rec-only -find-region -simplifycfg -func-extr -function-inline -globaldce -mem2reg -instcombine -dce -gvn -globaldce -adce -adse -constprop -instcombine -bit-constprop -instcombine -dce -simplifycfg -bitop-raise -simplifycfg -dce -loop-delete -reassociate -globalopt -global-privatize -mem2reg -dce -global-constprop -pointer-simplify -constprop -dce -promote-dbg-pointer -norm-name /home/linux/ieng6/students/769/zeh003/Desktop/CSE-237C-Starter/project_files/project3/dft_32_precomputed/dft.comp/hls/.autopilot/db/a.g.0.bc -o /home/linux/ieng6/students/769/zeh003/Desktop/CSE-237C-Starter/project_files/project3/dft_32_precomputed/dft.comp/hls/.autopilot/db/a.g.1.bc -f -phase std-opt 
INFO: [HLS 200-111] Finished Standard Transforms: CPU user time: 0.08 seconds. CPU system time: 0.01 seconds. Elapsed time: 0.11 seconds; current allocated memory: 670.855 MB.
INFO: [HLS 200-10] Checking synthesizability ...
INFO-FLOW: Checking Synthesizability 1/2..
Execute           transform -hls -syn-check -check-rec-only -scalarrepl -norm-name -dce -mem2reg -instcombine -directive-preproc -mem2reg -dse -dce -dce -pag -array-normalize -instcombine -dce -array-seg-normalize -instcombine -dce -data-pack -instcombine -dce -inst-simplify -array-flatten -instcombine -dce -array-burst -dce -deadargelim -promote-global-argument -simplifycfg -mem2reg -globaldce -dce -deadargelim -dce -instcombine -function-inline -globaldce -dce -doublePtrSimplify -doublePtrElim -dce -doublePtrSimplify -promote-dbg-pointer -dce -scalarrepl -dse -adse -instcombine -ptrLegalization -simplifycfg -dce -instcombine -pointer-simplify -ptrArgReplace -dce -instcombine -resolve-double-ptr -scalarrepl -norm-name -dce -mem2reg -instcombine -ptrLegalization -simplifycfg -deadargelim -instcombine -dce -inst-simplify -directive-preproc -mem2reg -dse -dce -globaldce /home/linux/ieng6/students/769/zeh003/Desktop/CSE-237C-Starter/project_files/project3/dft_32_precomputed/dft.comp/hls/.autopilot/db/a.g.1.bc -o /home/linux/ieng6/students/769/zeh003/Desktop/CSE-237C-Starter/project_files/project3/dft_32_precomputed/dft.comp/hls/.autopilot/db/a.g.2.prechk.bc -f 
INFO-FLOW: Checking Synthesizability 2/2..
Execute           transform -syn-check /home/linux/ieng6/students/769/zeh003/Desktop/CSE-237C-Starter/project_files/project3/dft_32_precomputed/dft.comp/hls/.autopilot/db/a.g.2.prechk.bc -o /home/linux/ieng6/students/769/zeh003/Desktop/CSE-237C-Starter/project_files/project3/dft_32_precomputed/dft.comp/hls/.autopilot/db/a.g.2.bc -f -phase syn-check 
INFO: [HLS 200-111] Finished Checking Synthesizability: CPU user time: 0.07 seconds. CPU system time: 0 seconds. Elapsed time: 0.1 seconds; current allocated memory: 671.336 MB.
INFO-FLOW: Compiler optimizing ...
INFO-FLOW: Share syncheck's 1.bc for syn flow: copy /home/linux/ieng6/students/769/zeh003/Desktop/CSE-237C-Starter/project_files/project3/dft_32_precomputed/dft.comp/hls/.autopilot/db/a.g.1.bc to /home/linux/ieng6/students/769/zeh003/Desktop/CSE-237C-Starter/project_files/project3/dft_32_precomputed/dft.comp/hls/.autopilot/db/a.o.1.bc
INFO-FLOW: Presyn 1...
Execute           transform -hls -tmp /home/linux/ieng6/students/769/zeh003/Desktop/CSE-237C-Starter/project_files/project3/dft_32_precomputed/dft.comp/hls/.autopilot/db -interface-port-rename -directive-preproc -mem2reg -dse -dce -scalarrepl -norm-name -deadargelim -dce -hls-dead-arg-elim -deadargelim -mem2reg -instcombine -dce -simplifycfg -dce -resource-proc -clib-intrinsic-prepare -dce -func-buffer -dce -pag -array-normalize -func-legal -instcombine -gvn -constprop -dce -simplifycfg -mem2reg -globaldce -resolve-double-ptr -dce -deadargelim -dce -instcombine -ptrArgReplace -mem2reg -dce -array-seg-normalize -deadargelim -instcombine -dce -directive-preproc -mem2reg -dse -dce -pointer-simplify -dce -port-alignment -dce -interface-preproc -data-pack -instcombine -dce -basicaa -aggr-aa -aggrmodref-aa -aggr-aa -gvn -gvn -basicaa -aggr-aa -aggrmodref-aa -aggr-aa -dse -adse -adce -loop-simplify -indvars -instcombine -gvn -loop-simplify -mem2reg -dce -find-region -instcombine -inst-simplify -interface-preproc -cfgopt -instcombine -indvars -loop-simplify -loop-bound -constprop -instcombine -simplifycfg -indvars -simplifycfg -dce -globaldce -clean-region -attach-range -gvn -inst-simplify -constprop -simplifycfg -dce -pointer-simplify -dce -globalopt -constprop -dce -ptrArgReplace -mem2reg -simplifycfg -dce -instcombine -dce -array-transform-check -array-reshape -instcombine -simplifycfg -dce -ptrArgReplace -deadargelim -mem2reg -instcombine -simplifycfg -dce -indvars -loop-simplify -loop-bound -constprop -instcombine -simplifycfg -indvars -simplifycfg -dce -globaldce -basicaa -aggr-aa -aggrmodref-aa -aggr-aa -dse -duplicate-dataflow-processes -globaldce -instcombine -array-partition -prepare-dynamic-array-partition -instcombine -simplifycfg -dce -ptrArgReplace -global-constprop -deadargelim -mem2reg -func-legal -dce -global-constprop -deadargelim -mem2reg -simplifycfg -dce -merge-param -deadargelim -globalopt -constprop -dce -ptrArgReplace -mem2reg -simplifycfg -dce -mem-intrinsic-preproc -dce -global-internalize -global-privatize -mem2reg -globaldce -lcssa -loop-simplify -phi-select-elim -promote-global-argument -ptrArgReplace -mem2reg -dce -globalopt -mergereturn -simplify-global-access -mem2reg -dce -pointer-simplify -dce -basicaa -aggr-aa -aggrmodref-aa -aggr-aa -functionattrs -basicaa -aggr-aa -aggrmodref-aa -aggr-aa -gvn -gvn -basicaa -aggr-aa -aggrmodref-aa -aggr-aa -dse -adse -adce -dce -norm-name -basicaa -aggr-aa -aggrmodref-aa -aggr-aa -accesses-merge -function-inline -complex-op-raise -inst-simplify -globaldce -func-legal -dce -loop-bound -arraycheck -bitwidthmin2 -bitwidthmin2 -on-by-dataflow -loop-delete -instcombine -simplifycfg -globaldce -dce -gvn -deadargelim -dce -loop-simplify -clean-region -simplifycfg -propagate-stable-arguments -instcombine -simplifycfg -dce -globaldce -duplicate-dataflow-processes -stream-intrinsic-preproc -dce -check-ap-stream -loop-simplify -eliminate-keepreads -extract-dataflow-in-loop -loop-simplify -dce -gvn -deadargelim -dse -duplicate-dataflow-processes -check-dataflow-syntax -legalize-stream-variable -globaldce -legalize-global -extract-subproc -dce -dead-channel-elimination -canonicalize-gep -globaldce -dce -gvn -hls-dead-arg-elim -deadargelim -directive-preproc -canonicalize-dataflow -dce -globaldce -scalar-preprocessing -scalar-propagation2 -scalar-stream -deadargelim -globaldce -mem2reg -check-dataflow-channels -function-stream -dce -globaldce -prop-fifo-spec -internal-stream-gen -canonicalize-gep -globaldce -dce -gvn -deadargelim -mergereturn -indvars -loop-simplify -instcombine -array-stream -array-seg-normalize -array-partition -clean-array-spec -func-legal -instcombine -simplifycfg -dce -bundle-memfifo-ops -deadargelim -directive-preproc -mem2reg -dse -dce -group-axi-access -licm -simplifycfg -dce -loop-delete -hls-display -norm-name /home/linux/ieng6/students/769/zeh003/Desktop/CSE-237C-Starter/project_files/project3/dft_32_precomputed/dft.comp/hls/.autopilot/db/a.o.1.bc -o /home/linux/ieng6/students/769/zeh003/Desktop/CSE-237C-Starter/project_files/project3/dft_32_precomputed/dft.comp/hls/.autopilot/db/a.o.1.tmp.bc -f 
Command           transform done; 0.29 sec.
INFO-FLOW: Presyn 2...
Execute           transform -hls -keep-callgraph -scalarrepl -mem2reg -port-alignment -attach-range -dce -pipe-mux-gen -indvars -loop-bound -inst-simplify -instcombine -dce -merge-array-access -mem2reg -dce -clean-region -mergereturn -if-conv -instcombine -dce -constprop -basicaa -aggr-aa -aggrmodref-aa -aggr-aa -gvn -gvn -basicaa -aggr-aa -aggrmodref-aa -aggr-aa -dse -adse -adce -scalarrepl -mem2reg -global-constprop -deadargelim -deadargelim -instcombine -dce -simplifycfg -ptrArgReplace -mem2reg -function-inline -globaldce -mem2reg -instcombine -dce -expr-balance -instcombine -dce -bitwidthmin2 -bitwidthmin2 -interface-preproc -directive-preproc -inst-rectify -instcombine -dce -basicaa -aggr-aa -aggrmodref-aa -aggr-aa -functionattrs -constprop -instcombine -bit-constprop -simplify-global-access -globalopt -globaldce -inst-simplify -instcombine -elimdeaddata -dce -loop-delete -simplifycfg -loop-simplify -barrier -norm-name /home/linux/ieng6/students/769/zeh003/Desktop/CSE-237C-Starter/project_files/project3/dft_32_precomputed/dft.comp/hls/.autopilot/db/a.o.1.tmp.bc -o /home/linux/ieng6/students/769/zeh003/Desktop/CSE-237C-Starter/project_files/project3/dft_32_precomputed/dft.comp/hls/.autopilot/db/a.o.2.bc -f -phase presyn 
INFO: [HLS 200-111] Finished Loop, function and other optimizations: CPU user time: 0.37 seconds. CPU system time: 0.01 seconds. Elapsed time: 0.39 seconds; current allocated memory: 694.969 MB.
Execute           transform -hls -auto-function-inline -globaldce -ptrArgReplace -mem2reg -dce -reset-lda -loop-simplify -indvars -aggr-aa -licm -loop-dep -loop-bound -licm -loop-simplify -loop-sink-hoist -flattenloopnest -array-flatten -gvn -instcombine -dce -array-map -dce -func-legal -gvn -adce -instcombine -cfgopt -simplifycfg-lite -loop-simplify -array-burst -promote-global-argument -dce -array-seg-normalize -basicaa -aggrmodref-aa -globalsmodref-aa -aggr-aa -gvn -gvn -basicaa -aggrmodref-aa -globalsmodref-aa -aggr-aa -dse -adse -adce -licm -inst-simplify -dce -globaldce -instcombine -array-stream -eliminate-keepreads -instcombine -dce -deadargelim -doublePtrSimplify -doublePtrElim -dce -doublePtrSimplify -promote-dbg-pointer -dce -scalarrepl -mem2reg -norm-name -mem2reg -instcombine -dse -adse -adce -ptrLegalization -dce -array-flatten -dce -instcombine -check-doubleptr -loop-rot -constprop -inst-simplify -cfgopt -simplifycfg-lite -loop-simplify -indvars -pointer-simplify -dce -loop-bound -loop-simplify -loop-preproc -constprop -global-constprop -gvn -mem2reg -instcombine -dce -loop-bound -loop-merge -dce -deadargelim -dce -canonicalize-dataflow -dce -deadargelim -globaldce -mem2reg -bram-byte-enable -inst-simplify -inst-rectify -instcombine -adce -deadargelim -load-elim -read-loop-dep -loop-simplify -loop-rewind-sink-hoist -loop-outline -hls-dead-arg-elim -directive-preproc -bitwidthmin2 -bitwidthmin2 -read-loop-dep -interface-preproc -directive-preproc -interface-gen -bram-byte-enable-spec-prop -mul2addshift -deadargelim -inst-simplify -dce -mem2reg -instcombine -gvn -dce -adse -loop-bound -instcombine -cfgopt -simplifycfg-lite -loop-simplify -clean-region -io-protocol -find-region -mem2reg -bitop-raise -complex-op-raise -inst-simplify -inst-rectify -instcombine -adce -deadargelim -float-op-raise -loop-simplify -phi-opt -bitop-raise -cfgopt -simplifycfg-lite -strip-dead-prototypes -interface-lower -bitop-lower -intrinsic-lower -auto-function-inline -basicaa -aggrmodref-aa -globalsmodref-aa -aggr-aa -inst-simplify -simplifycfg-lite -loop-simplify -mergereturn -inst-simplify -inst-rectify -globaldce -dce -load-elim -bitop-lower -float-op-raise -fma-raise -loop-rewind -pointer-simplify -dce -cfgopt -dce -loop-bound -loop-dep -read-loop-dep -dce -dyn-mem-reuse -dce -recurrence-min -dce -share-scalar-alloca -deadargelim -dce -check-stream -norm-name -legalize -inst-clarity -bitwidth -dce -validate-dataflow -dump-loop-dep-to-ir -check-all-ssdm -dump-complexity-metric /home/linux/ieng6/students/769/zeh003/Desktop/CSE-237C-Starter/project_files/project3/dft_32_precomputed/dft.comp/hls/.autopilot/db/a.o.2.bc -o /home/linux/ieng6/students/769/zeh003/Desktop/CSE-237C-Starter/project_files/project3/dft_32_precomputed/dft.comp/hls/.autopilot/db/a.o.3.bc -f -phase build-ssdm 
WARNING: [HLS 200-960] Cannot flatten loop 'VITIS_LOOP_16_1' (dft.cpp:16:19) in function 'dft' the outer loop is not a perfect loop because there is nontrivial logic before entering the inner loop.
Execute             auto_get_db
Command           transform done; 0.2 sec.
INFO-FLOW: Building ssdm...
Execute           transform -hls -cdfg-build /home/linux/ieng6/students/769/zeh003/Desktop/CSE-237C-Starter/project_files/project3/dft_32_precomputed/dft.comp/hls/.autopilot/db/a.o.3.bc -o /home/linux/ieng6/students/769/zeh003/Desktop/CSE-237C-Starter/project_files/project3/dft_32_precomputed/dft.comp/hls/.autopilot/db/a.o.3.bc -f -phase build-ssdm 
INFO: [HLS 200-111] Finished Architecture Synthesis: CPU user time: 0.25 seconds. CPU system time: 0.01 seconds. Elapsed time: 0.26 seconds; current allocated memory: 696.113 MB.
INFO-FLOW: Finish building internal data model.
Command         opt_and_import_c done; 0.88 sec.
Command       elaborate done; 11.24 sec.
Execute       ap_eval exec zip -j /home/linux/ieng6/students/769/zeh003/Desktop/CSE-237C-Starter/project_files/project3/dft_32_precomputed/dft.comp/hls/.autopilot/db/dut.hcp $dbDir/a.o.3.bc $dbDir/${topname}.rtl_wrap.cfg.tcl $dbDir/apatb_${topname}.cpp $dbDir/apatb_${topname}_util.cpp $dbDir/apatb_${topname}_ir.ll $dbDir/mapper_${topname}.cpp $dbDir/top-io-fe.xml $dbDir/kernel.internal.xml $workdir/../hls.app 
Execute       autosyn -from_csynth_design=1 
INFO: [HLS 200-10] Starting hardware synthesis ...
INFO-FLOW: Synthesizing C/C++ design ...
INFO: [HLS 200-10] Synthesizing 'dft' ...
Execute         ap_set_top_model dft 
Execute         get_model_list dft -filter all-wo-channel -topdown 
Execute         preproc_iomode -model dft 
Execute         preproc_iomode -model dft_Pipeline_VITIS_LOOP_20_2 
Execute         get_model_list dft -filter all-wo-channel 
INFO-FLOW: Model list for configure: dft_Pipeline_VITIS_LOOP_20_2 dft
INFO-FLOW: Configuring Module : dft_Pipeline_VITIS_LOOP_20_2 ...
Execute         set_default_model dft_Pipeline_VITIS_LOOP_20_2 
Execute         apply_spec_resource_limit dft_Pipeline_VITIS_LOOP_20_2 
INFO-FLOW: Configuring Module : dft ...
Execute         set_default_model dft 
Execute         apply_spec_resource_limit dft 
INFO-FLOW: Model list for preprocess: dft_Pipeline_VITIS_LOOP_20_2 dft
INFO-FLOW: Preprocessing Module: dft_Pipeline_VITIS_LOOP_20_2 ...
Execute         set_default_model dft_Pipeline_VITIS_LOOP_20_2 
Execute         cdfg_preprocess -model dft_Pipeline_VITIS_LOOP_20_2 
Execute         rtl_gen_preprocess dft_Pipeline_VITIS_LOOP_20_2 
INFO-FLOW: Preprocessing Module: dft ...
Execute         set_default_model dft 
Execute         cdfg_preprocess -model dft 
Execute         rtl_gen_preprocess dft 
INFO-FLOW: Model list for synthesis: dft_Pipeline_VITIS_LOOP_20_2 dft
INFO: [HLS 200-10] ----------------------------------------------------------------
INFO: [HLS 200-42] -- Implementing module 'dft_Pipeline_VITIS_LOOP_20_2' 
INFO: [HLS 200-10] ----------------------------------------------------------------
Execute         set_default_model dft_Pipeline_VITIS_LOOP_20_2 
Execute         schedule -model dft_Pipeline_VITIS_LOOP_20_2 
INFO: [SCHED 204-11] Starting scheduling ...
INFO: [SCHED 204-61] Pipelining loop 'VITIS_LOOP_20_2'.
WARNING: [HLS 200-880] The II Violation in module 'dft_Pipeline_VITIS_LOOP_20_2' (loop 'VITIS_LOOP_20_2'): Unable to enforce a carried dependence constraint (II = 1, distance = 1, offset = 1) between 'store' operation 0 bit ('add5_write_ln26', dft.cpp:26) of variable 'add_7', dft.cpp:26 on local variable 'add5' and 'fadd' operation 32 bit ('add', dft.cpp:26).
WARNING: [HLS 200-880] The II Violation in module 'dft_Pipeline_VITIS_LOOP_20_2' (loop 'VITIS_LOOP_20_2'): Unable to enforce a carried dependence constraint (II = 2, distance = 1, offset = 1) between 'store' operation 0 bit ('add5_write_ln26', dft.cpp:26) of variable 'add_7', dft.cpp:26 on local variable 'add5' and 'fadd' operation 32 bit ('add', dft.cpp:26).
WARNING: [HLS 200-880] The II Violation in module 'dft_Pipeline_VITIS_LOOP_20_2' (loop 'VITIS_LOOP_20_2'): Unable to enforce a carried dependence constraint (II = 3, distance = 1, offset = 1) between 'store' operation 0 bit ('add5_write_ln26', dft.cpp:26) of variable 'add_7', dft.cpp:26 on local variable 'add5' and 'fadd' operation 32 bit ('add', dft.cpp:26).
WARNING: [HLS 200-880] The II Violation in module 'dft_Pipeline_VITIS_LOOP_20_2' (loop 'VITIS_LOOP_20_2'): Unable to enforce a carried dependence constraint (II = 4, distance = 1, offset = 1) between 'store' operation 0 bit ('add5_write_ln26', dft.cpp:26) of variable 'add_7', dft.cpp:26 on local variable 'add5' and 'fadd' operation 32 bit ('add', dft.cpp:26).
WARNING: [HLS 200-880] The II Violation in module 'dft_Pipeline_VITIS_LOOP_20_2' (loop 'VITIS_LOOP_20_2'): Unable to enforce a carried dependence constraint (II = 35, distance = 1, offset = 1) between 'store' operation 0 bit ('add5_write_ln26', dft.cpp:26) of variable 'add_7', dft.cpp:26 on local variable 'add5' and 'fadd' operation 32 bit ('add', dft.cpp:26).
WARNING: [HLS 200-880] The II Violation in module 'dft_Pipeline_VITIS_LOOP_20_2' (loop 'VITIS_LOOP_20_2'): Unable to enforce a carried dependence constraint (II = 39, distance = 1, offset = 1) between 'store' operation 0 bit ('add5_write_ln26', dft.cpp:26) of variable 'add_7', dft.cpp:26 on local variable 'add5' and 'fadd' operation 32 bit ('add', dft.cpp:26).
WARNING: [HLS 200-880] The II Violation in module 'dft_Pipeline_VITIS_LOOP_20_2' (loop 'VITIS_LOOP_20_2'): Unable to enforce a carried dependence constraint (II = 40, distance = 1, offset = 1) between 'store' operation 0 bit ('add5_write_ln26', dft.cpp:26) of variable 'add_7', dft.cpp:26 on local variable 'add5' and 'fadd' operation 32 bit ('add', dft.cpp:26).
INFO: [HLS 200-1470] Pipelining result : Target II = NA, Final II = 41, Depth = 54, loop 'VITIS_LOOP_20_2'
INFO: [SCHED 204-11] Finished scheduling.
Command         schedule done; 0.25 sec.
INFO: [HLS 200-111] Finished Scheduling: CPU user time: 0.3 seconds. CPU system time: 0.05 seconds. Elapsed time: 0.43 seconds; current allocated memory: 699.395 MB.
Execute         syn_report -verbosereport -o /home/linux/ieng6/students/769/zeh003/Desktop/CSE-237C-Starter/project_files/project3/dft_32_precomputed/dft.comp/hls/.autopilot/db/dft_Pipeline_VITIS_LOOP_20_2.verbose.sched.rpt 
Execute           list_part -family xc7z020-clg400-1 
Execute             ap_family_info -name xc7z020-clg400-1 -data names 
Execute             ap_part_info -quiet -name xc7z020-clg400-1 -data family 
Execute         db_write -o /home/linux/ieng6/students/769/zeh003/Desktop/CSE-237C-Starter/project_files/project3/dft_32_precomputed/dft.comp/hls/.autopilot/db/dft_Pipeline_VITIS_LOOP_20_2.sched.adb -f 
INFO-FLOW: Finish scheduling dft_Pipeline_VITIS_LOOP_20_2.
Execute         set_default_model dft_Pipeline_VITIS_LOOP_20_2 
Execute         bind -model dft_Pipeline_VITIS_LOOP_20_2 
INFO: [BIND 205-100] Starting micro-architecture generation ...
INFO: [BIND 205-101] Performing variable lifetime analysis.
INFO: [BIND 205-101] Exploring resource sharing.
INFO: [BIND 205-101] Binding ...
INFO: [BIND 205-100] Finished micro-architecture generation.
INFO: [HLS 200-111] Finished Binding: CPU user time: 0.07 seconds. CPU system time: 0.01 seconds. Elapsed time: 0.12 seconds; current allocated memory: 699.395 MB.
Execute         syn_report -verbosereport -o /home/linux/ieng6/students/769/zeh003/Desktop/CSE-237C-Starter/project_files/project3/dft_32_precomputed/dft.comp/hls/.autopilot/db/dft_Pipeline_VITIS_LOOP_20_2.verbose.bind.rpt 
Execute           list_part -family xc7z020-clg400-1 
Execute             ap_family_info -name xc7z020-clg400-1 -data names 
Execute             ap_part_info -quiet -name xc7z020-clg400-1 -data family 
Execute         db_write -o /home/linux/ieng6/students/769/zeh003/Desktop/CSE-237C-Starter/project_files/project3/dft_32_precomputed/dft.comp/hls/.autopilot/db/dft_Pipeline_VITIS_LOOP_20_2.bind.adb -f 
INFO-FLOW: Finish binding dft_Pipeline_VITIS_LOOP_20_2.
INFO: [HLS 200-10] ----------------------------------------------------------------
INFO: [HLS 200-42] -- Implementing module 'dft' 
INFO: [HLS 200-10] ----------------------------------------------------------------
Execute         set_default_model dft 
Execute         schedule -model dft 
INFO: [SCHED 204-11] Starting scheduling ...
INFO: [SCHED 204-11] Finished scheduling.
Command         schedule done; 0.23 sec.
INFO: [HLS 200-111] Finished Scheduling: CPU user time: 0.27 seconds. CPU system time: 0.01 seconds. Elapsed time: 0.33 seconds; current allocated memory: 704.098 MB.
Execute         syn_report -verbosereport -o /home/linux/ieng6/students/769/zeh003/Desktop/CSE-237C-Starter/project_files/project3/dft_32_precomputed/dft.comp/hls/.autopilot/db/dft.verbose.sched.rpt 
Execute           list_part -family xc7z020-clg400-1 
Execute             ap_family_info -name xc7z020-clg400-1 -data names 
Execute             ap_part_info -quiet -name xc7z020-clg400-1 -data family 
Execute         db_write -o /home/linux/ieng6/students/769/zeh003/Desktop/CSE-237C-Starter/project_files/project3/dft_32_precomputed/dft.comp/hls/.autopilot/db/dft.sched.adb -f 
INFO-FLOW: Finish scheduling dft.
Execute         set_default_model dft 
Execute         bind -model dft 
INFO: [BIND 205-100] Starting micro-architecture generation ...
INFO: [BIND 205-101] Performing variable lifetime analysis.
INFO: [BIND 205-101] Exploring resource sharing.
INFO: [BIND 205-101] Binding ...
INFO: [BIND 205-100] Finished micro-architecture generation.
INFO: [HLS 200-111] Finished Binding: CPU user time: 0.1 seconds. CPU system time: 0 seconds. Elapsed time: 0.14 seconds; current allocated memory: 704.098 MB.
Execute         syn_report -verbosereport -o /home/linux/ieng6/students/769/zeh003/Desktop/CSE-237C-Starter/project_files/project3/dft_32_precomputed/dft.comp/hls/.autopilot/db/dft.verbose.bind.rpt 
Execute           list_part -family xc7z020-clg400-1 
Execute             ap_family_info -name xc7z020-clg400-1 -data names 
Execute             ap_part_info -quiet -name xc7z020-clg400-1 -data family 
Execute         db_write -o /home/linux/ieng6/students/769/zeh003/Desktop/CSE-237C-Starter/project_files/project3/dft_32_precomputed/dft.comp/hls/.autopilot/db/dft.bind.adb -f 
INFO-FLOW: Finish binding dft.
Execute         get_model_list dft -filter all-wo-channel 
INFO-FLOW: Preprocessing for RTLGen ...
Execute         rtl_gen_preprocess dft_Pipeline_VITIS_LOOP_20_2 
Execute         rtl_gen_preprocess dft 
INFO-FLOW: Model list for RTL generation: dft_Pipeline_VITIS_LOOP_20_2 dft
INFO: [HLS 200-10] ----------------------------------------------------------------
INFO: [HLS 200-10] -- Generating RTL for module 'dft_Pipeline_VITIS_LOOP_20_2' 
INFO: [HLS 200-10] ----------------------------------------------------------------
Execute         create_rtl_model dft_Pipeline_VITIS_LOOP_20_2 -top_prefix dft_ -sub_prefix dft_ -mg_file /home/linux/ieng6/students/769/zeh003/Desktop/CSE-237C-Starter/project_files/project3/dft_32_precomputed/dft.comp/hls/.autopilot/db/dft_Pipeline_VITIS_LOOP_20_2.compgen.tcl 
INFO: [HLS 200-1030] Apply Unified Pipeline Control on module 'dft_Pipeline_VITIS_LOOP_20_2' pipeline 'VITIS_LOOP_20_2' pipeline type 'loop pipeline'
INFO: [RTGEN 206-100] Generating core module 'faddfsub_32ns_32ns_32_5_full_dsp_1': 2 instance(s).
INFO: [RTGEN 206-100] Generating core module 'fmul_32ns_32ns_32_4_max_dsp_1': 1 instance(s).
INFO: [RTGEN 206-100] Generating core module 'sparsemux_9_5_32_1_1': 32 instance(s).
INFO: [RTGEN 206-100] Finished creating RTL model for 'dft_Pipeline_VITIS_LOOP_20_2'.
Command         create_rtl_model done; 0.22 sec.
INFO: [HLS 200-111] Finished Creating RTL model: CPU user time: 0.24 seconds. CPU system time: 0.02 seconds. Elapsed time: 0.34 seconds; current allocated memory: 708.059 MB.
Execute         source /home/linux/ieng6/students/769/zeh003/Desktop/CSE-237C-Starter/project_files/project3/dft_32_precomputed/dft.comp/hls/.autopilot/db/dft.rtl_wrap.cfg.tcl 
Execute         gen_rtl dft_Pipeline_VITIS_LOOP_20_2 -style xilinx -f -lang vhdl -o /home/linux/ieng6/students/769/zeh003/Desktop/CSE-237C-Starter/project_files/project3/dft_32_precomputed/dft.comp/hls/syn/vhdl/dft_dft_Pipeline_VITIS_LOOP_20_2 
Execute         gen_rtl dft_Pipeline_VITIS_LOOP_20_2 -style xilinx -f -lang vlog -o /home/linux/ieng6/students/769/zeh003/Desktop/CSE-237C-Starter/project_files/project3/dft_32_precomputed/dft.comp/hls/syn/verilog/dft_dft_Pipeline_VITIS_LOOP_20_2 
Execute         syn_report -csynth -model dft_Pipeline_VITIS_LOOP_20_2 -o /home/linux/ieng6/students/769/zeh003/Desktop/CSE-237C-Starter/project_files/project3/dft_32_precomputed/dft.comp/hls/syn/report/dft_Pipeline_VITIS_LOOP_20_2_csynth.rpt 
Execute           list_part -family xc7z020-clg400-1 
Execute             ap_family_info -name xc7z020-clg400-1 -data names 
Execute             ap_part_info -quiet -name xc7z020-clg400-1 -data family 
Execute         syn_report -rtlxml -model dft_Pipeline_VITIS_LOOP_20_2 -o /home/linux/ieng6/students/769/zeh003/Desktop/CSE-237C-Starter/project_files/project3/dft_32_precomputed/dft.comp/hls/syn/report/dft_Pipeline_VITIS_LOOP_20_2_csynth.xml 
Execute           list_part -family xc7z020-clg400-1 
Execute             ap_family_info -name xc7z020-clg400-1 -data names 
Execute             ap_part_info -quiet -name xc7z020-clg400-1 -data family 
Execute         syn_report -verbosereport -model dft_Pipeline_VITIS_LOOP_20_2 -o /home/linux/ieng6/students/769/zeh003/Desktop/CSE-237C-Starter/project_files/project3/dft_32_precomputed/dft.comp/hls/.autopilot/db/dft_Pipeline_VITIS_LOOP_20_2.verbose.rpt 
Execute           list_part -family xc7z020-clg400-1 
Execute             ap_family_info -name xc7z020-clg400-1 -data names 
Execute             ap_part_info -quiet -name xc7z020-clg400-1 -data family 
Execute         db_write -model dft_Pipeline_VITIS_LOOP_20_2 -f -o /home/linux/ieng6/students/769/zeh003/Desktop/CSE-237C-Starter/project_files/project3/dft_32_precomputed/dft.comp/hls/.autopilot/db/dft_Pipeline_VITIS_LOOP_20_2.adb 
Execute         db_write -model dft_Pipeline_VITIS_LOOP_20_2 -bindview -o /home/linux/ieng6/students/769/zeh003/Desktop/CSE-237C-Starter/project_files/project3/dft_32_precomputed/dft.comp/hls/.autopilot/db/design.bindinfo.xml 
Execute         gen_tb_info dft_Pipeline_VITIS_LOOP_20_2 -p /home/linux/ieng6/students/769/zeh003/Desktop/CSE-237C-Starter/project_files/project3/dft_32_precomputed/dft.comp/hls/.autopilot/db -o /home/linux/ieng6/students/769/zeh003/Desktop/CSE-237C-Starter/project_files/project3/dft_32_precomputed/dft.comp/hls/.autopilot/db/dft_Pipeline_VITIS_LOOP_20_2 
INFO: [HLS 200-10] ----------------------------------------------------------------
INFO: [HLS 200-10] -- Generating RTL for module 'dft' 
INFO: [HLS 200-10] ----------------------------------------------------------------
Execute         create_rtl_model dft -top_prefix  -sub_prefix dft_ -mg_file /home/linux/ieng6/students/769/zeh003/Desktop/CSE-237C-Starter/project_files/project3/dft_32_precomputed/dft.comp/hls/.autopilot/db/dft.compgen.tcl 
INFO: [RTGEN 206-500] Setting interface mode on port 'dft/input_R_0' to 'ap_none'.
INFO: [RTGEN 206-500] Setting interface mode on port 'dft/input_R_1' to 'ap_none'.
INFO: [RTGEN 206-500] Setting interface mode on port 'dft/input_R_2' to 'ap_none'.
INFO: [RTGEN 206-500] Setting interface mode on port 'dft/input_R_3' to 'ap_none'.
INFO: [RTGEN 206-500] Setting interface mode on port 'dft/input_R_4' to 'ap_none'.
INFO: [RTGEN 206-500] Setting interface mode on port 'dft/input_R_5' to 'ap_none'.
INFO: [RTGEN 206-500] Setting interface mode on port 'dft/input_R_6' to 'ap_none'.
INFO: [RTGEN 206-500] Setting interface mode on port 'dft/input_R_7' to 'ap_none'.
INFO: [RTGEN 206-500] Setting interface mode on port 'dft/input_R_8' to 'ap_none'.
INFO: [RTGEN 206-500] Setting interface mode on port 'dft/input_R_9' to 'ap_none'.
INFO: [RTGEN 206-500] Setting interface mode on port 'dft/input_R_10' to 'ap_none'.
INFO: [RTGEN 206-500] Setting interface mode on port 'dft/input_R_11' to 'ap_none'.
INFO: [RTGEN 206-500] Setting interface mode on port 'dft/input_R_12' to 'ap_none'.
INFO: [RTGEN 206-500] Setting interface mode on port 'dft/input_R_13' to 'ap_none'.
INFO: [RTGEN 206-500] Setting interface mode on port 'dft/input_R_14' to 'ap_none'.
INFO: [RTGEN 206-500] Setting interface mode on port 'dft/input_R_15' to 'ap_none'.
INFO: [RTGEN 206-500] Setting interface mode on port 'dft/input_R_16' to 'ap_none'.
INFO: [RTGEN 206-500] Setting interface mode on port 'dft/input_R_17' to 'ap_none'.
INFO: [RTGEN 206-500] Setting interface mode on port 'dft/input_R_18' to 'ap_none'.
INFO: [RTGEN 206-500] Setting interface mode on port 'dft/input_R_19' to 'ap_none'.
INFO: [RTGEN 206-500] Setting interface mode on port 'dft/input_R_20' to 'ap_none'.
INFO: [RTGEN 206-500] Setting interface mode on port 'dft/input_R_21' to 'ap_none'.
INFO: [RTGEN 206-500] Setting interface mode on port 'dft/input_R_22' to 'ap_none'.
INFO: [RTGEN 206-500] Setting interface mode on port 'dft/input_R_23' to 'ap_none'.
INFO: [RTGEN 206-500] Setting interface mode on port 'dft/input_R_24' to 'ap_none'.
INFO: [RTGEN 206-500] Setting interface mode on port 'dft/input_R_25' to 'ap_none'.
INFO: [RTGEN 206-500] Setting interface mode on port 'dft/input_R_26' to 'ap_none'.
INFO: [RTGEN 206-500] Setting interface mode on port 'dft/input_R_27' to 'ap_none'.
INFO: [RTGEN 206-500] Setting interface mode on port 'dft/input_R_28' to 'ap_none'.
INFO: [RTGEN 206-500] Setting interface mode on port 'dft/input_R_29' to 'ap_none'.
INFO: [RTGEN 206-500] Setting interface mode on port 'dft/input_R_30' to 'ap_none'.
INFO: [RTGEN 206-500] Setting interface mode on port 'dft/input_R_31' to 'ap_none'.
INFO: [RTGEN 206-500] Setting interface mode on port 'dft/input_I_0' to 'ap_none'.
INFO: [RTGEN 206-500] Setting interface mode on port 'dft/input_I_1' to 'ap_none'.
INFO: [RTGEN 206-500] Setting interface mode on port 'dft/input_I_2' to 'ap_none'.
INFO: [RTGEN 206-500] Setting interface mode on port 'dft/input_I_3' to 'ap_none'.
INFO: [RTGEN 206-500] Setting interface mode on port 'dft/input_I_4' to 'ap_none'.
INFO: [RTGEN 206-500] Setting interface mode on port 'dft/input_I_5' to 'ap_none'.
INFO: [RTGEN 206-500] Setting interface mode on port 'dft/input_I_6' to 'ap_none'.
INFO: [RTGEN 206-500] Setting interface mode on port 'dft/input_I_7' to 'ap_none'.
INFO: [RTGEN 206-500] Setting interface mode on port 'dft/input_I_8' to 'ap_none'.
INFO: [RTGEN 206-500] Setting interface mode on port 'dft/input_I_9' to 'ap_none'.
INFO: [RTGEN 206-500] Setting interface mode on port 'dft/input_I_10' to 'ap_none'.
INFO: [RTGEN 206-500] Setting interface mode on port 'dft/input_I_11' to 'ap_none'.
INFO: [RTGEN 206-500] Setting interface mode on port 'dft/input_I_12' to 'ap_none'.
INFO: [RTGEN 206-500] Setting interface mode on port 'dft/input_I_13' to 'ap_none'.
INFO: [RTGEN 206-500] Setting interface mode on port 'dft/input_I_14' to 'ap_none'.
INFO: [RTGEN 206-500] Setting interface mode on port 'dft/input_I_15' to 'ap_none'.
INFO: [RTGEN 206-500] Setting interface mode on port 'dft/input_I_16' to 'ap_none'.
INFO: [RTGEN 206-500] Setting interface mode on port 'dft/input_I_17' to 'ap_none'.
INFO: [RTGEN 206-500] Setting interface mode on port 'dft/input_I_18' to 'ap_none'.
INFO: [RTGEN 206-500] Setting interface mode on port 'dft/input_I_19' to 'ap_none'.
INFO: [RTGEN 206-500] Setting interface mode on port 'dft/input_I_20' to 'ap_none'.
INFO: [RTGEN 206-500] Setting interface mode on port 'dft/input_I_21' to 'ap_none'.
INFO: [RTGEN 206-500] Setting interface mode on port 'dft/input_I_22' to 'ap_none'.
INFO: [RTGEN 206-500] Setting interface mode on port 'dft/input_I_23' to 'ap_none'.
INFO: [RTGEN 206-500] Setting interface mode on port 'dft/input_I_24' to 'ap_none'.
INFO: [RTGEN 206-500] Setting interface mode on port 'dft/input_I_25' to 'ap_none'.
INFO: [RTGEN 206-500] Setting interface mode on port 'dft/input_I_26' to 'ap_none'.
INFO: [RTGEN 206-500] Setting interface mode on port 'dft/input_I_27' to 'ap_none'.
INFO: [RTGEN 206-500] Setting interface mode on port 'dft/input_I_28' to 'ap_none'.
INFO: [RTGEN 206-500] Setting interface mode on port 'dft/input_I_29' to 'ap_none'.
INFO: [RTGEN 206-500] Setting interface mode on port 'dft/input_I_30' to 'ap_none'.
INFO: [RTGEN 206-500] Setting interface mode on port 'dft/input_I_31' to 'ap_none'.
INFO: [RTGEN 206-500] Setting interface mode on port 'dft/output_R_0' to 'ap_vld'.
INFO: [RTGEN 206-500] Setting interface mode on port 'dft/output_R_1' to 'ap_vld'.
INFO: [RTGEN 206-500] Setting interface mode on port 'dft/output_R_2' to 'ap_vld'.
INFO: [RTGEN 206-500] Setting interface mode on port 'dft/output_R_3' to 'ap_vld'.
INFO: [RTGEN 206-500] Setting interface mode on port 'dft/output_R_4' to 'ap_vld'.
INFO: [RTGEN 206-500] Setting interface mode on port 'dft/output_R_5' to 'ap_vld'.
INFO: [RTGEN 206-500] Setting interface mode on port 'dft/output_R_6' to 'ap_vld'.
INFO: [RTGEN 206-500] Setting interface mode on port 'dft/output_R_7' to 'ap_vld'.
INFO: [RTGEN 206-500] Setting interface mode on port 'dft/output_R_8' to 'ap_vld'.
INFO: [RTGEN 206-500] Setting interface mode on port 'dft/output_R_9' to 'ap_vld'.
INFO: [RTGEN 206-500] Setting interface mode on port 'dft/output_R_10' to 'ap_vld'.
INFO: [RTGEN 206-500] Setting interface mode on port 'dft/output_R_11' to 'ap_vld'.
INFO: [RTGEN 206-500] Setting interface mode on port 'dft/output_R_12' to 'ap_vld'.
INFO: [RTGEN 206-500] Setting interface mode on port 'dft/output_R_13' to 'ap_vld'.
INFO: [RTGEN 206-500] Setting interface mode on port 'dft/output_R_14' to 'ap_vld'.
INFO: [RTGEN 206-500] Setting interface mode on port 'dft/output_R_15' to 'ap_vld'.
INFO: [RTGEN 206-500] Setting interface mode on port 'dft/output_R_16' to 'ap_vld'.
INFO: [RTGEN 206-500] Setting interface mode on port 'dft/output_R_17' to 'ap_vld'.
INFO: [RTGEN 206-500] Setting interface mode on port 'dft/output_R_18' to 'ap_vld'.
INFO: [RTGEN 206-500] Setting interface mode on port 'dft/output_R_19' to 'ap_vld'.
INFO: [RTGEN 206-500] Setting interface mode on port 'dft/output_R_20' to 'ap_vld'.
INFO: [RTGEN 206-500] Setting interface mode on port 'dft/output_R_21' to 'ap_vld'.
INFO: [RTGEN 206-500] Setting interface mode on port 'dft/output_R_22' to 'ap_vld'.
INFO: [RTGEN 206-500] Setting interface mode on port 'dft/output_R_23' to 'ap_vld'.
INFO: [RTGEN 206-500] Setting interface mode on port 'dft/output_R_24' to 'ap_vld'.
INFO: [RTGEN 206-500] Setting interface mode on port 'dft/output_R_25' to 'ap_vld'.
INFO: [RTGEN 206-500] Setting interface mode on port 'dft/output_R_26' to 'ap_vld'.
INFO: [RTGEN 206-500] Setting interface mode on port 'dft/output_R_27' to 'ap_vld'.
INFO: [RTGEN 206-500] Setting interface mode on port 'dft/output_R_28' to 'ap_vld'.
INFO: [RTGEN 206-500] Setting interface mode on port 'dft/output_R_29' to 'ap_vld'.
INFO: [RTGEN 206-500] Setting interface mode on port 'dft/output_R_30' to 'ap_vld'.
INFO: [RTGEN 206-500] Setting interface mode on port 'dft/output_R_31' to 'ap_vld'.
INFO: [RTGEN 206-500] Setting interface mode on port 'dft/output_I_0' to 'ap_vld'.
INFO: [RTGEN 206-500] Setting interface mode on port 'dft/output_I_1' to 'ap_vld'.
INFO: [RTGEN 206-500] Setting interface mode on port 'dft/output_I_2' to 'ap_vld'.
INFO: [RTGEN 206-500] Setting interface mode on port 'dft/output_I_3' to 'ap_vld'.
INFO: [RTGEN 206-500] Setting interface mode on port 'dft/output_I_4' to 'ap_vld'.
INFO: [RTGEN 206-500] Setting interface mode on port 'dft/output_I_5' to 'ap_vld'.
INFO: [RTGEN 206-500] Setting interface mode on port 'dft/output_I_6' to 'ap_vld'.
INFO: [RTGEN 206-500] Setting interface mode on port 'dft/output_I_7' to 'ap_vld'.
INFO: [RTGEN 206-500] Setting interface mode on port 'dft/output_I_8' to 'ap_vld'.
INFO: [RTGEN 206-500] Setting interface mode on port 'dft/output_I_9' to 'ap_vld'.
INFO: [RTGEN 206-500] Setting interface mode on port 'dft/output_I_10' to 'ap_vld'.
INFO: [RTGEN 206-500] Setting interface mode on port 'dft/output_I_11' to 'ap_vld'.
INFO: [RTGEN 206-500] Setting interface mode on port 'dft/output_I_12' to 'ap_vld'.
INFO: [RTGEN 206-500] Setting interface mode on port 'dft/output_I_13' to 'ap_vld'.
INFO: [RTGEN 206-500] Setting interface mode on port 'dft/output_I_14' to 'ap_vld'.
INFO: [RTGEN 206-500] Setting interface mode on port 'dft/output_I_15' to 'ap_vld'.
INFO: [RTGEN 206-500] Setting interface mode on port 'dft/output_I_16' to 'ap_vld'.
INFO: [RTGEN 206-500] Setting interface mode on port 'dft/output_I_17' to 'ap_vld'.
INFO: [RTGEN 206-500] Setting interface mode on port 'dft/output_I_18' to 'ap_vld'.
INFO: [RTGEN 206-500] Setting interface mode on port 'dft/output_I_19' to 'ap_vld'.
INFO: [RTGEN 206-500] Setting interface mode on port 'dft/output_I_20' to 'ap_vld'.
INFO: [RTGEN 206-500] Setting interface mode on port 'dft/output_I_21' to 'ap_vld'.
INFO: [RTGEN 206-500] Setting interface mode on port 'dft/output_I_22' to 'ap_vld'.
INFO: [RTGEN 206-500] Setting interface mode on port 'dft/output_I_23' to 'ap_vld'.
INFO: [RTGEN 206-500] Setting interface mode on port 'dft/output_I_24' to 'ap_vld'.
INFO: [RTGEN 206-500] Setting interface mode on port 'dft/output_I_25' to 'ap_vld'.
INFO: [RTGEN 206-500] Setting interface mode on port 'dft/output_I_26' to 'ap_vld'.
INFO: [RTGEN 206-500] Setting interface mode on port 'dft/output_I_27' to 'ap_vld'.
INFO: [RTGEN 206-500] Setting interface mode on port 'dft/output_I_28' to 'ap_vld'.
INFO: [RTGEN 206-500] Setting interface mode on port 'dft/output_I_29' to 'ap_vld'.
INFO: [RTGEN 206-500] Setting interface mode on port 'dft/output_I_30' to 'ap_vld'.
INFO: [RTGEN 206-500] Setting interface mode on port 'dft/output_I_31' to 'ap_vld'.
INFO: [RTGEN 206-500] Setting interface mode on function 'dft' to 'ap_ctrl_hs'.
INFO: [RTGEN 206-100] Finished creating RTL model for 'dft'.
INFO: [RTMG 210-279] Implementing memory 'dft_p_ZL15cos_coeff_table_0_ROM_AUTO_1R' using auto ROMs.
INFO: [RTMG 210-279] Implementing memory 'dft_p_ZL15cos_coeff_table_8_ROM_AUTO_1R' using auto ROMs.
INFO: [RTMG 210-279] Implementing memory 'dft_p_ZL15cos_coeff_table_16_ROM_AUTO_1R' using auto ROMs.
INFO: [RTMG 210-279] Implementing memory 'dft_p_ZL15cos_coeff_table_24_ROM_AUTO_1R' using auto ROMs.
INFO: [RTMG 210-279] Implementing memory 'dft_p_ZL15sin_coeff_table_0_ROM_AUTO_1R' using auto ROMs.
INFO: [RTMG 210-279] Implementing memory 'dft_p_ZL15sin_coeff_table_8_ROM_AUTO_1R' using auto ROMs.
INFO: [RTMG 210-279] Implementing memory 'dft_p_ZL15sin_coeff_table_16_ROM_AUTO_1R' using auto ROMs.
INFO: [RTMG 210-279] Implementing memory 'dft_p_ZL15sin_coeff_table_24_ROM_AUTO_1R' using auto ROMs.
INFO: [RTMG 210-279] Implementing memory 'dft_p_ZL15cos_coeff_table_1_ROM_AUTO_1R' using auto ROMs.
INFO: [RTMG 210-279] Implementing memory 'dft_p_ZL15cos_coeff_table_9_ROM_AUTO_1R' using auto ROMs.
INFO: [RTMG 210-279] Implementing memory 'dft_p_ZL15cos_coeff_table_17_ROM_AUTO_1R' using auto ROMs.
INFO: [RTMG 210-279] Implementing memory 'dft_p_ZL15cos_coeff_table_25_ROM_AUTO_1R' using auto ROMs.
INFO: [RTMG 210-279] Implementing memory 'dft_p_ZL15sin_coeff_table_1_ROM_AUTO_1R' using auto ROMs.
INFO: [RTMG 210-279] Implementing memory 'dft_p_ZL15sin_coeff_table_9_ROM_AUTO_1R' using auto ROMs.
INFO: [RTMG 210-279] Implementing memory 'dft_p_ZL15sin_coeff_table_17_ROM_AUTO_1R' using auto ROMs.
INFO: [RTMG 210-279] Implementing memory 'dft_p_ZL15sin_coeff_table_25_ROM_AUTO_1R' using auto ROMs.
INFO: [RTMG 210-279] Implementing memory 'dft_p_ZL15cos_coeff_table_2_ROM_AUTO_1R' using auto ROMs.
INFO: [RTMG 210-279] Implementing memory 'dft_p_ZL15cos_coeff_table_10_ROM_AUTO_1R' using auto ROMs.
INFO: [RTMG 210-279] Implementing memory 'dft_p_ZL15cos_coeff_table_18_ROM_AUTO_1R' using auto ROMs.
INFO: [RTMG 210-279] Implementing memory 'dft_p_ZL15cos_coeff_table_26_ROM_AUTO_1R' using auto ROMs.
INFO: [RTMG 210-279] Implementing memory 'dft_p_ZL15sin_coeff_table_2_ROM_AUTO_1R' using auto ROMs.
INFO: [RTMG 210-279] Implementing memory 'dft_p_ZL15sin_coeff_table_10_ROM_AUTO_1R' using auto ROMs.
INFO: [RTMG 210-279] Implementing memory 'dft_p_ZL15sin_coeff_table_18_ROM_AUTO_1R' using auto ROMs.
INFO: [RTMG 210-279] Implementing memory 'dft_p_ZL15sin_coeff_table_26_ROM_AUTO_1R' using auto ROMs.
INFO: [RTMG 210-279] Implementing memory 'dft_p_ZL15cos_coeff_table_3_ROM_AUTO_1R' using auto ROMs.
INFO: [RTMG 210-279] Implementing memory 'dft_p_ZL15cos_coeff_table_11_ROM_AUTO_1R' using auto ROMs.
INFO: [RTMG 210-279] Implementing memory 'dft_p_ZL15cos_coeff_table_19_ROM_AUTO_1R' using auto ROMs.
INFO: [RTMG 210-279] Implementing memory 'dft_p_ZL15cos_coeff_table_27_ROM_AUTO_1R' using auto ROMs.
INFO: [RTMG 210-279] Implementing memory 'dft_p_ZL15sin_coeff_table_3_ROM_AUTO_1R' using auto ROMs.
INFO: [RTMG 210-279] Implementing memory 'dft_p_ZL15sin_coeff_table_11_ROM_AUTO_1R' using auto ROMs.
INFO: [RTMG 210-279] Implementing memory 'dft_p_ZL15sin_coeff_table_19_ROM_AUTO_1R' using auto ROMs.
INFO: [RTMG 210-279] Implementing memory 'dft_p_ZL15sin_coeff_table_27_ROM_AUTO_1R' using auto ROMs.
INFO: [RTMG 210-279] Implementing memory 'dft_p_ZL15cos_coeff_table_4_ROM_AUTO_1R' using auto ROMs.
INFO: [RTMG 210-279] Implementing memory 'dft_p_ZL15cos_coeff_table_12_ROM_AUTO_1R' using auto ROMs.
INFO: [RTMG 210-279] Implementing memory 'dft_p_ZL15cos_coeff_table_20_ROM_AUTO_1R' using auto ROMs.
INFO: [RTMG 210-279] Implementing memory 'dft_p_ZL15cos_coeff_table_28_ROM_AUTO_1R' using auto ROMs.
INFO: [RTMG 210-279] Implementing memory 'dft_p_ZL15sin_coeff_table_4_ROM_AUTO_1R' using auto ROMs.
INFO: [RTMG 210-279] Implementing memory 'dft_p_ZL15sin_coeff_table_12_ROM_AUTO_1R' using auto ROMs.
INFO: [RTMG 210-279] Implementing memory 'dft_p_ZL15sin_coeff_table_20_ROM_AUTO_1R' using auto ROMs.
INFO: [RTMG 210-279] Implementing memory 'dft_p_ZL15sin_coeff_table_28_ROM_AUTO_1R' using auto ROMs.
INFO: [RTMG 210-279] Implementing memory 'dft_p_ZL15cos_coeff_table_5_ROM_AUTO_1R' using auto ROMs.
INFO: [RTMG 210-279] Implementing memory 'dft_p_ZL15cos_coeff_table_13_ROM_AUTO_1R' using auto ROMs.
INFO: [RTMG 210-279] Implementing memory 'dft_p_ZL15cos_coeff_table_29_ROM_AUTO_1R' using auto ROMs.
INFO: [RTMG 210-279] Implementing memory 'dft_p_ZL15sin_coeff_table_5_ROM_AUTO_1R' using auto ROMs.
INFO: [RTMG 210-279] Implementing memory 'dft_p_ZL15sin_coeff_table_13_ROM_AUTO_1R' using auto ROMs.
INFO: [RTMG 210-279] Implementing memory 'dft_p_ZL15sin_coeff_table_21_ROM_AUTO_1R' using auto ROMs.
INFO: [RTMG 210-279] Implementing memory 'dft_p_ZL15sin_coeff_table_29_ROM_AUTO_1R' using auto ROMs.
INFO: [RTMG 210-279] Implementing memory 'dft_p_ZL15cos_coeff_table_6_ROM_AUTO_1R' using auto ROMs.
INFO: [RTMG 210-279] Implementing memory 'dft_p_ZL15cos_coeff_table_14_ROM_AUTO_1R' using auto ROMs.
INFO: [RTMG 210-279] Implementing memory 'dft_p_ZL15cos_coeff_table_22_ROM_AUTO_1R' using auto ROMs.
INFO: [RTMG 210-279] Implementing memory 'dft_p_ZL15cos_coeff_table_30_ROM_AUTO_1R' using auto ROMs.
INFO: [RTMG 210-279] Implementing memory 'dft_p_ZL15sin_coeff_table_6_ROM_AUTO_1R' using auto ROMs.
INFO: [RTMG 210-279] Implementing memory 'dft_p_ZL15sin_coeff_table_14_ROM_AUTO_1R' using auto ROMs.
INFO: [RTMG 210-279] Implementing memory 'dft_p_ZL15sin_coeff_table_22_ROM_AUTO_1R' using auto ROMs.
INFO: [RTMG 210-279] Implementing memory 'dft_p_ZL15sin_coeff_table_30_ROM_AUTO_1R' using auto ROMs.
INFO: [RTMG 210-279] Implementing memory 'dft_p_ZL15cos_coeff_table_15_ROM_AUTO_1R' using auto ROMs.
INFO: [RTMG 210-279] Implementing memory 'dft_p_ZL15cos_coeff_table_23_ROM_AUTO_1R' using auto ROMs.
INFO: [RTMG 210-279] Implementing memory 'dft_p_ZL15cos_coeff_table_31_ROM_AUTO_1R' using auto ROMs.
INFO: [RTMG 210-279] Implementing memory 'dft_p_ZL15sin_coeff_table_7_ROM_AUTO_1R' using auto ROMs.
INFO: [RTMG 210-279] Implementing memory 'dft_p_ZL15sin_coeff_table_15_ROM_AUTO_1R' using auto ROMs.
INFO: [RTMG 210-279] Implementing memory 'dft_p_ZL15sin_coeff_table_23_ROM_AUTO_1R' using auto ROMs.
INFO: [RTMG 210-279] Implementing memory 'dft_p_ZL15sin_coeff_table_31_ROM_AUTO_1R' using auto ROMs.
Command         create_rtl_model done; 1.95 sec.
INFO: [HLS 200-111] Finished Creating RTL model: CPU user time: 0.81 seconds. CPU system time: 0.12 seconds. Elapsed time: 2.29 seconds; current allocated memory: 716.594 MB.
Execute         source /home/linux/ieng6/students/769/zeh003/Desktop/CSE-237C-Starter/project_files/project3/dft_32_precomputed/dft.comp/hls/.autopilot/db/dft.rtl_wrap.cfg.tcl 
Execute         gen_rtl dft -istop -style xilinx -f -lang vhdl -o /home/linux/ieng6/students/769/zeh003/Desktop/CSE-237C-Starter/project_files/project3/dft_32_precomputed/dft.comp/hls/syn/vhdl/dft 
Execute         gen_rtl dft -istop -style xilinx -f -lang vlog -o /home/linux/ieng6/students/769/zeh003/Desktop/CSE-237C-Starter/project_files/project3/dft_32_precomputed/dft.comp/hls/syn/verilog/dft 
Execute         syn_report -csynth -model dft -o /home/linux/ieng6/students/769/zeh003/Desktop/CSE-237C-Starter/project_files/project3/dft_32_precomputed/dft.comp/hls/syn/report/dft_csynth.rpt 
Execute           list_part -family xc7z020-clg400-1 
Execute             ap_family_info -name xc7z020-clg400-1 -data names 
Execute             ap_part_info -quiet -name xc7z020-clg400-1 -data family 
Execute         syn_report -rtlxml -model dft -o /home/linux/ieng6/students/769/zeh003/Desktop/CSE-237C-Starter/project_files/project3/dft_32_precomputed/dft.comp/hls/syn/report/dft_csynth.xml 
Execute           list_part -family xc7z020-clg400-1 
Execute             ap_family_info -name xc7z020-clg400-1 -data names 
Execute             ap_part_info -quiet -name xc7z020-clg400-1 -data family 
Execute         syn_report -verbosereport -model dft -o /home/linux/ieng6/students/769/zeh003/Desktop/CSE-237C-Starter/project_files/project3/dft_32_precomputed/dft.comp/hls/.autopilot/db/dft.verbose.rpt 
Execute           list_part -family xc7z020-clg400-1 
Execute             ap_family_info -name xc7z020-clg400-1 -data names 
Execute             ap_part_info -quiet -name xc7z020-clg400-1 -data family 
Execute         db_write -model dft -f -o /home/linux/ieng6/students/769/zeh003/Desktop/CSE-237C-Starter/project_files/project3/dft_32_precomputed/dft.comp/hls/.autopilot/db/dft.adb 
Execute         db_write -model dft -bindview -o /home/linux/ieng6/students/769/zeh003/Desktop/CSE-237C-Starter/project_files/project3/dft_32_precomputed/dft.comp/hls/.autopilot/db/design.bindinfo.xml 
Execute         gen_tb_info dft -p /home/linux/ieng6/students/769/zeh003/Desktop/CSE-237C-Starter/project_files/project3/dft_32_precomputed/dft.comp/hls/.autopilot/db -o /home/linux/ieng6/students/769/zeh003/Desktop/CSE-237C-Starter/project_files/project3/dft_32_precomputed/dft.comp/hls/.autopilot/db/dft 
Execute         export_constraint_db -f -tool general -o /home/linux/ieng6/students/769/zeh003/Desktop/CSE-237C-Starter/project_files/project3/dft_32_precomputed/dft.comp/hls/.autopilot/db/dft.constraint.tcl 
Execute         syn_report -designview -model dft -o /home/linux/ieng6/students/769/zeh003/Desktop/CSE-237C-Starter/project_files/project3/dft_32_precomputed/dft.comp/hls/.autopilot/db/dft.design.xml 
Execute         syn_report -csynthDesign -model dft -o /home/linux/ieng6/students/769/zeh003/Desktop/CSE-237C-Starter/project_files/project3/dft_32_precomputed/dft.comp/hls/syn/report/csynth.rpt -MHOut /home/linux/ieng6/students/769/zeh003/Desktop/CSE-237C-Starter/project_files/project3/dft_32_precomputed/dft.comp/hls/.autopilot/db/kernel_module_hierarchy.tcl 
Execute           list_part -family xc7z020-clg400-1 
Execute             ap_family_info -name xc7z020-clg400-1 -data names 
Execute             ap_part_info -quiet -name xc7z020-clg400-1 -data family 
Execute         syn_report -wcfg -model dft -o /home/linux/ieng6/students/769/zeh003/Desktop/CSE-237C-Starter/project_files/project3/dft_32_precomputed/dft.comp/hls/.autopilot/db/dft_dataflow_ana.wcfg 
Execute         syn_report -protoinst -model dft -o /home/linux/ieng6/students/769/zeh003/Desktop/CSE-237C-Starter/project_files/project3/dft_32_precomputed/dft.comp/hls/.autopilot/db/dft.protoinst 
Execute         sc_get_clocks dft 
Execute         sc_get_portdomain dft 
INFO-FLOW: Model list for RTL component generation: dft_Pipeline_VITIS_LOOP_20_2 dft
INFO-FLOW: Handling components in module [dft_Pipeline_VITIS_LOOP_20_2] ... 
Execute         source /home/linux/ieng6/students/769/zeh003/Desktop/CSE-237C-Starter/project_files/project3/dft_32_precomputed/dft.comp/hls/.autopilot/db/dft_Pipeline_VITIS_LOOP_20_2.compgen.tcl 
INFO-FLOW: Found component dft_faddfsub_32ns_32ns_32_5_full_dsp_1.
INFO-FLOW: Append model dft_faddfsub_32ns_32ns_32_5_full_dsp_1
INFO-FLOW: Found component dft_fmul_32ns_32ns_32_4_max_dsp_1.
INFO-FLOW: Append model dft_fmul_32ns_32ns_32_4_max_dsp_1
INFO-FLOW: Found component dft_sparsemux_9_5_32_1_1.
INFO-FLOW: Append model dft_sparsemux_9_5_32_1_1
INFO-FLOW: Found component dft_flow_control_loop_pipe_sequential_init.
INFO-FLOW: Append model dft_flow_control_loop_pipe_sequential_init
INFO-FLOW: Handling components in module [dft] ... 
Execute         source /home/linux/ieng6/students/769/zeh003/Desktop/CSE-237C-Starter/project_files/project3/dft_32_precomputed/dft.comp/hls/.autopilot/db/dft.compgen.tcl 
INFO-FLOW: Found component dft_p_ZL15cos_coeff_table_0_ROM_AUTO_1R.
INFO-FLOW: Append model dft_p_ZL15cos_coeff_table_0_ROM_AUTO_1R
INFO-FLOW: Found component dft_p_ZL15cos_coeff_table_8_ROM_AUTO_1R.
INFO-FLOW: Append model dft_p_ZL15cos_coeff_table_8_ROM_AUTO_1R
INFO-FLOW: Found component dft_p_ZL15cos_coeff_table_16_ROM_AUTO_1R.
INFO-FLOW: Append model dft_p_ZL15cos_coeff_table_16_ROM_AUTO_1R
INFO-FLOW: Found component dft_p_ZL15cos_coeff_table_24_ROM_AUTO_1R.
INFO-FLOW: Append model dft_p_ZL15cos_coeff_table_24_ROM_AUTO_1R
INFO-FLOW: Found component dft_p_ZL15sin_coeff_table_0_ROM_AUTO_1R.
INFO-FLOW: Append model dft_p_ZL15sin_coeff_table_0_ROM_AUTO_1R
INFO-FLOW: Found component dft_p_ZL15sin_coeff_table_8_ROM_AUTO_1R.
INFO-FLOW: Append model dft_p_ZL15sin_coeff_table_8_ROM_AUTO_1R
INFO-FLOW: Found component dft_p_ZL15sin_coeff_table_16_ROM_AUTO_1R.
INFO-FLOW: Append model dft_p_ZL15sin_coeff_table_16_ROM_AUTO_1R
INFO-FLOW: Found component dft_p_ZL15sin_coeff_table_24_ROM_AUTO_1R.
INFO-FLOW: Append model dft_p_ZL15sin_coeff_table_24_ROM_AUTO_1R
INFO-FLOW: Found component dft_p_ZL15cos_coeff_table_1_ROM_AUTO_1R.
INFO-FLOW: Append model dft_p_ZL15cos_coeff_table_1_ROM_AUTO_1R
INFO-FLOW: Found component dft_p_ZL15cos_coeff_table_9_ROM_AUTO_1R.
INFO-FLOW: Append model dft_p_ZL15cos_coeff_table_9_ROM_AUTO_1R
INFO-FLOW: Found component dft_p_ZL15cos_coeff_table_17_ROM_AUTO_1R.
INFO-FLOW: Append model dft_p_ZL15cos_coeff_table_17_ROM_AUTO_1R
INFO-FLOW: Found component dft_p_ZL15cos_coeff_table_25_ROM_AUTO_1R.
INFO-FLOW: Append model dft_p_ZL15cos_coeff_table_25_ROM_AUTO_1R
INFO-FLOW: Found component dft_p_ZL15sin_coeff_table_1_ROM_AUTO_1R.
INFO-FLOW: Append model dft_p_ZL15sin_coeff_table_1_ROM_AUTO_1R
INFO-FLOW: Found component dft_p_ZL15sin_coeff_table_9_ROM_AUTO_1R.
INFO-FLOW: Append model dft_p_ZL15sin_coeff_table_9_ROM_AUTO_1R
INFO-FLOW: Found component dft_p_ZL15sin_coeff_table_17_ROM_AUTO_1R.
INFO-FLOW: Append model dft_p_ZL15sin_coeff_table_17_ROM_AUTO_1R
INFO-FLOW: Found component dft_p_ZL15sin_coeff_table_25_ROM_AUTO_1R.
INFO-FLOW: Append model dft_p_ZL15sin_coeff_table_25_ROM_AUTO_1R
INFO-FLOW: Found component dft_p_ZL15cos_coeff_table_2_ROM_AUTO_1R.
INFO-FLOW: Append model dft_p_ZL15cos_coeff_table_2_ROM_AUTO_1R
INFO-FLOW: Found component dft_p_ZL15cos_coeff_table_10_ROM_AUTO_1R.
INFO-FLOW: Append model dft_p_ZL15cos_coeff_table_10_ROM_AUTO_1R
INFO-FLOW: Found component dft_p_ZL15cos_coeff_table_18_ROM_AUTO_1R.
INFO-FLOW: Append model dft_p_ZL15cos_coeff_table_18_ROM_AUTO_1R
INFO-FLOW: Found component dft_p_ZL15cos_coeff_table_26_ROM_AUTO_1R.
INFO-FLOW: Append model dft_p_ZL15cos_coeff_table_26_ROM_AUTO_1R
INFO-FLOW: Found component dft_p_ZL15sin_coeff_table_2_ROM_AUTO_1R.
INFO-FLOW: Append model dft_p_ZL15sin_coeff_table_2_ROM_AUTO_1R
INFO-FLOW: Found component dft_p_ZL15sin_coeff_table_10_ROM_AUTO_1R.
INFO-FLOW: Append model dft_p_ZL15sin_coeff_table_10_ROM_AUTO_1R
INFO-FLOW: Found component dft_p_ZL15sin_coeff_table_18_ROM_AUTO_1R.
INFO-FLOW: Append model dft_p_ZL15sin_coeff_table_18_ROM_AUTO_1R
INFO-FLOW: Found component dft_p_ZL15sin_coeff_table_26_ROM_AUTO_1R.
INFO-FLOW: Append model dft_p_ZL15sin_coeff_table_26_ROM_AUTO_1R
INFO-FLOW: Found component dft_p_ZL15cos_coeff_table_3_ROM_AUTO_1R.
INFO-FLOW: Append model dft_p_ZL15cos_coeff_table_3_ROM_AUTO_1R
INFO-FLOW: Found component dft_p_ZL15cos_coeff_table_11_ROM_AUTO_1R.
INFO-FLOW: Append model dft_p_ZL15cos_coeff_table_11_ROM_AUTO_1R
INFO-FLOW: Found component dft_p_ZL15cos_coeff_table_19_ROM_AUTO_1R.
INFO-FLOW: Append model dft_p_ZL15cos_coeff_table_19_ROM_AUTO_1R
INFO-FLOW: Found component dft_p_ZL15cos_coeff_table_27_ROM_AUTO_1R.
INFO-FLOW: Append model dft_p_ZL15cos_coeff_table_27_ROM_AUTO_1R
INFO-FLOW: Found component dft_p_ZL15sin_coeff_table_3_ROM_AUTO_1R.
INFO-FLOW: Append model dft_p_ZL15sin_coeff_table_3_ROM_AUTO_1R
INFO-FLOW: Found component dft_p_ZL15sin_coeff_table_11_ROM_AUTO_1R.
INFO-FLOW: Append model dft_p_ZL15sin_coeff_table_11_ROM_AUTO_1R
INFO-FLOW: Found component dft_p_ZL15sin_coeff_table_19_ROM_AUTO_1R.
INFO-FLOW: Append model dft_p_ZL15sin_coeff_table_19_ROM_AUTO_1R
INFO-FLOW: Found component dft_p_ZL15sin_coeff_table_27_ROM_AUTO_1R.
INFO-FLOW: Append model dft_p_ZL15sin_coeff_table_27_ROM_AUTO_1R
INFO-FLOW: Found component dft_p_ZL15cos_coeff_table_4_ROM_AUTO_1R.
INFO-FLOW: Append model dft_p_ZL15cos_coeff_table_4_ROM_AUTO_1R
INFO-FLOW: Found component dft_p_ZL15cos_coeff_table_12_ROM_AUTO_1R.
INFO-FLOW: Append model dft_p_ZL15cos_coeff_table_12_ROM_AUTO_1R
INFO-FLOW: Found component dft_p_ZL15cos_coeff_table_20_ROM_AUTO_1R.
INFO-FLOW: Append model dft_p_ZL15cos_coeff_table_20_ROM_AUTO_1R
INFO-FLOW: Found component dft_p_ZL15cos_coeff_table_28_ROM_AUTO_1R.
INFO-FLOW: Append model dft_p_ZL15cos_coeff_table_28_ROM_AUTO_1R
INFO-FLOW: Found component dft_p_ZL15sin_coeff_table_4_ROM_AUTO_1R.
INFO-FLOW: Append model dft_p_ZL15sin_coeff_table_4_ROM_AUTO_1R
INFO-FLOW: Found component dft_p_ZL15sin_coeff_table_12_ROM_AUTO_1R.
INFO-FLOW: Append model dft_p_ZL15sin_coeff_table_12_ROM_AUTO_1R
INFO-FLOW: Found component dft_p_ZL15sin_coeff_table_20_ROM_AUTO_1R.
INFO-FLOW: Append model dft_p_ZL15sin_coeff_table_20_ROM_AUTO_1R
INFO-FLOW: Found component dft_p_ZL15sin_coeff_table_28_ROM_AUTO_1R.
INFO-FLOW: Append model dft_p_ZL15sin_coeff_table_28_ROM_AUTO_1R
INFO-FLOW: Found component dft_p_ZL15cos_coeff_table_5_ROM_AUTO_1R.
INFO-FLOW: Append model dft_p_ZL15cos_coeff_table_5_ROM_AUTO_1R
INFO-FLOW: Found component dft_p_ZL15cos_coeff_table_13_ROM_AUTO_1R.
INFO-FLOW: Append model dft_p_ZL15cos_coeff_table_13_ROM_AUTO_1R
INFO-FLOW: Found component dft_p_ZL15cos_coeff_table_29_ROM_AUTO_1R.
INFO-FLOW: Append model dft_p_ZL15cos_coeff_table_29_ROM_AUTO_1R
INFO-FLOW: Found component dft_p_ZL15sin_coeff_table_5_ROM_AUTO_1R.
INFO-FLOW: Append model dft_p_ZL15sin_coeff_table_5_ROM_AUTO_1R
INFO-FLOW: Found component dft_p_ZL15sin_coeff_table_13_ROM_AUTO_1R.
INFO-FLOW: Append model dft_p_ZL15sin_coeff_table_13_ROM_AUTO_1R
INFO-FLOW: Found component dft_p_ZL15sin_coeff_table_21_ROM_AUTO_1R.
INFO-FLOW: Append model dft_p_ZL15sin_coeff_table_21_ROM_AUTO_1R
INFO-FLOW: Found component dft_p_ZL15sin_coeff_table_29_ROM_AUTO_1R.
INFO-FLOW: Append model dft_p_ZL15sin_coeff_table_29_ROM_AUTO_1R
INFO-FLOW: Found component dft_p_ZL15cos_coeff_table_6_ROM_AUTO_1R.
INFO-FLOW: Append model dft_p_ZL15cos_coeff_table_6_ROM_AUTO_1R
INFO-FLOW: Found component dft_p_ZL15cos_coeff_table_14_ROM_AUTO_1R.
INFO-FLOW: Append model dft_p_ZL15cos_coeff_table_14_ROM_AUTO_1R
INFO-FLOW: Found component dft_p_ZL15cos_coeff_table_22_ROM_AUTO_1R.
INFO-FLOW: Append model dft_p_ZL15cos_coeff_table_22_ROM_AUTO_1R
INFO-FLOW: Found component dft_p_ZL15cos_coeff_table_30_ROM_AUTO_1R.
INFO-FLOW: Append model dft_p_ZL15cos_coeff_table_30_ROM_AUTO_1R
INFO-FLOW: Found component dft_p_ZL15sin_coeff_table_6_ROM_AUTO_1R.
INFO-FLOW: Append model dft_p_ZL15sin_coeff_table_6_ROM_AUTO_1R
INFO-FLOW: Found component dft_p_ZL15sin_coeff_table_14_ROM_AUTO_1R.
INFO-FLOW: Append model dft_p_ZL15sin_coeff_table_14_ROM_AUTO_1R
INFO-FLOW: Found component dft_p_ZL15sin_coeff_table_22_ROM_AUTO_1R.
INFO-FLOW: Append model dft_p_ZL15sin_coeff_table_22_ROM_AUTO_1R
INFO-FLOW: Found component dft_p_ZL15sin_coeff_table_30_ROM_AUTO_1R.
INFO-FLOW: Append model dft_p_ZL15sin_coeff_table_30_ROM_AUTO_1R
INFO-FLOW: Found component dft_p_ZL15cos_coeff_table_15_ROM_AUTO_1R.
INFO-FLOW: Append model dft_p_ZL15cos_coeff_table_15_ROM_AUTO_1R
INFO-FLOW: Found component dft_p_ZL15cos_coeff_table_23_ROM_AUTO_1R.
INFO-FLOW: Append model dft_p_ZL15cos_coeff_table_23_ROM_AUTO_1R
INFO-FLOW: Found component dft_p_ZL15cos_coeff_table_31_ROM_AUTO_1R.
INFO-FLOW: Append model dft_p_ZL15cos_coeff_table_31_ROM_AUTO_1R
INFO-FLOW: Found component dft_p_ZL15sin_coeff_table_7_ROM_AUTO_1R.
INFO-FLOW: Append model dft_p_ZL15sin_coeff_table_7_ROM_AUTO_1R
INFO-FLOW: Found component dft_p_ZL15sin_coeff_table_15_ROM_AUTO_1R.
INFO-FLOW: Append model dft_p_ZL15sin_coeff_table_15_ROM_AUTO_1R
INFO-FLOW: Found component dft_p_ZL15sin_coeff_table_23_ROM_AUTO_1R.
INFO-FLOW: Append model dft_p_ZL15sin_coeff_table_23_ROM_AUTO_1R
INFO-FLOW: Found component dft_p_ZL15sin_coeff_table_31_ROM_AUTO_1R.
INFO-FLOW: Append model dft_p_ZL15sin_coeff_table_31_ROM_AUTO_1R
INFO-FLOW: Append model dft_Pipeline_VITIS_LOOP_20_2
INFO-FLOW: Append model dft
INFO-FLOW: Generating RTL model list ...
INFO-FLOW: All models in this session: dft_faddfsub_32ns_32ns_32_5_full_dsp_1 dft_fmul_32ns_32ns_32_4_max_dsp_1 dft_sparsemux_9_5_32_1_1 dft_flow_control_loop_pipe_sequential_init dft_p_ZL15cos_coeff_table_0_ROM_AUTO_1R dft_p_ZL15cos_coeff_table_8_ROM_AUTO_1R dft_p_ZL15cos_coeff_table_16_ROM_AUTO_1R dft_p_ZL15cos_coeff_table_24_ROM_AUTO_1R dft_p_ZL15sin_coeff_table_0_ROM_AUTO_1R dft_p_ZL15sin_coeff_table_8_ROM_AUTO_1R dft_p_ZL15sin_coeff_table_16_ROM_AUTO_1R dft_p_ZL15sin_coeff_table_24_ROM_AUTO_1R dft_p_ZL15cos_coeff_table_1_ROM_AUTO_1R dft_p_ZL15cos_coeff_table_9_ROM_AUTO_1R dft_p_ZL15cos_coeff_table_17_ROM_AUTO_1R dft_p_ZL15cos_coeff_table_25_ROM_AUTO_1R dft_p_ZL15sin_coeff_table_1_ROM_AUTO_1R dft_p_ZL15sin_coeff_table_9_ROM_AUTO_1R dft_p_ZL15sin_coeff_table_17_ROM_AUTO_1R dft_p_ZL15sin_coeff_table_25_ROM_AUTO_1R dft_p_ZL15cos_coeff_table_2_ROM_AUTO_1R dft_p_ZL15cos_coeff_table_10_ROM_AUTO_1R dft_p_ZL15cos_coeff_table_18_ROM_AUTO_1R dft_p_ZL15cos_coeff_table_26_ROM_AUTO_1R dft_p_ZL15sin_coeff_table_2_ROM_AUTO_1R dft_p_ZL15sin_coeff_table_10_ROM_AUTO_1R dft_p_ZL15sin_coeff_table_18_ROM_AUTO_1R dft_p_ZL15sin_coeff_table_26_ROM_AUTO_1R dft_p_ZL15cos_coeff_table_3_ROM_AUTO_1R dft_p_ZL15cos_coeff_table_11_ROM_AUTO_1R dft_p_ZL15cos_coeff_table_19_ROM_AUTO_1R dft_p_ZL15cos_coeff_table_27_ROM_AUTO_1R dft_p_ZL15sin_coeff_table_3_ROM_AUTO_1R dft_p_ZL15sin_coeff_table_11_ROM_AUTO_1R dft_p_ZL15sin_coeff_table_19_ROM_AUTO_1R dft_p_ZL15sin_coeff_table_27_ROM_AUTO_1R dft_p_ZL15cos_coeff_table_4_ROM_AUTO_1R dft_p_ZL15cos_coeff_table_12_ROM_AUTO_1R dft_p_ZL15cos_coeff_table_20_ROM_AUTO_1R dft_p_ZL15cos_coeff_table_28_ROM_AUTO_1R dft_p_ZL15sin_coeff_table_4_ROM_AUTO_1R dft_p_ZL15sin_coeff_table_12_ROM_AUTO_1R dft_p_ZL15sin_coeff_table_20_ROM_AUTO_1R dft_p_ZL15sin_coeff_table_28_ROM_AUTO_1R dft_p_ZL15cos_coeff_table_5_ROM_AUTO_1R dft_p_ZL15cos_coeff_table_13_ROM_AUTO_1R dft_p_ZL15cos_coeff_table_29_ROM_AUTO_1R dft_p_ZL15sin_coeff_table_5_ROM_AUTO_1R dft_p_ZL15sin_coeff_table_13_ROM_AUTO_1R dft_p_ZL15sin_coeff_table_21_ROM_AUTO_1R dft_p_ZL15sin_coeff_table_29_ROM_AUTO_1R dft_p_ZL15cos_coeff_table_6_ROM_AUTO_1R dft_p_ZL15cos_coeff_table_14_ROM_AUTO_1R dft_p_ZL15cos_coeff_table_22_ROM_AUTO_1R dft_p_ZL15cos_coeff_table_30_ROM_AUTO_1R dft_p_ZL15sin_coeff_table_6_ROM_AUTO_1R dft_p_ZL15sin_coeff_table_14_ROM_AUTO_1R dft_p_ZL15sin_coeff_table_22_ROM_AUTO_1R dft_p_ZL15sin_coeff_table_30_ROM_AUTO_1R dft_p_ZL15cos_coeff_table_15_ROM_AUTO_1R dft_p_ZL15cos_coeff_table_23_ROM_AUTO_1R dft_p_ZL15cos_coeff_table_31_ROM_AUTO_1R dft_p_ZL15sin_coeff_table_7_ROM_AUTO_1R dft_p_ZL15sin_coeff_table_15_ROM_AUTO_1R dft_p_ZL15sin_coeff_table_23_ROM_AUTO_1R dft_p_ZL15sin_coeff_table_31_ROM_AUTO_1R dft_Pipeline_VITIS_LOOP_20_2 dft
INFO-FLOW: Generating /home/linux/ieng6/students/769/zeh003/Desktop/CSE-237C-Starter/project_files/project3/dft_32_precomputed/dft.comp/hls/.autopilot/db/autopilot.rtl.models.txt file...
INFO-FLOW: To file: write model dft_faddfsub_32ns_32ns_32_5_full_dsp_1
INFO-FLOW: To file: write model dft_fmul_32ns_32ns_32_4_max_dsp_1
INFO-FLOW: To file: write model dft_sparsemux_9_5_32_1_1
INFO-FLOW: To file: write model dft_flow_control_loop_pipe_sequential_init
INFO-FLOW: To file: write model dft_p_ZL15cos_coeff_table_0_ROM_AUTO_1R
INFO-FLOW: To file: write model dft_p_ZL15cos_coeff_table_8_ROM_AUTO_1R
INFO-FLOW: To file: write model dft_p_ZL15cos_coeff_table_16_ROM_AUTO_1R
INFO-FLOW: To file: write model dft_p_ZL15cos_coeff_table_24_ROM_AUTO_1R
INFO-FLOW: To file: write model dft_p_ZL15sin_coeff_table_0_ROM_AUTO_1R
INFO-FLOW: To file: write model dft_p_ZL15sin_coeff_table_8_ROM_AUTO_1R
INFO-FLOW: To file: write model dft_p_ZL15sin_coeff_table_16_ROM_AUTO_1R
INFO-FLOW: To file: write model dft_p_ZL15sin_coeff_table_24_ROM_AUTO_1R
INFO-FLOW: To file: write model dft_p_ZL15cos_coeff_table_1_ROM_AUTO_1R
INFO-FLOW: To file: write model dft_p_ZL15cos_coeff_table_9_ROM_AUTO_1R
INFO-FLOW: To file: write model dft_p_ZL15cos_coeff_table_17_ROM_AUTO_1R
INFO-FLOW: To file: write model dft_p_ZL15cos_coeff_table_25_ROM_AUTO_1R
INFO-FLOW: To file: write model dft_p_ZL15sin_coeff_table_1_ROM_AUTO_1R
INFO-FLOW: To file: write model dft_p_ZL15sin_coeff_table_9_ROM_AUTO_1R
INFO-FLOW: To file: write model dft_p_ZL15sin_coeff_table_17_ROM_AUTO_1R
INFO-FLOW: To file: write model dft_p_ZL15sin_coeff_table_25_ROM_AUTO_1R
INFO-FLOW: To file: write model dft_p_ZL15cos_coeff_table_2_ROM_AUTO_1R
INFO-FLOW: To file: write model dft_p_ZL15cos_coeff_table_10_ROM_AUTO_1R
INFO-FLOW: To file: write model dft_p_ZL15cos_coeff_table_18_ROM_AUTO_1R
INFO-FLOW: To file: write model dft_p_ZL15cos_coeff_table_26_ROM_AUTO_1R
INFO-FLOW: To file: write model dft_p_ZL15sin_coeff_table_2_ROM_AUTO_1R
INFO-FLOW: To file: write model dft_p_ZL15sin_coeff_table_10_ROM_AUTO_1R
INFO-FLOW: To file: write model dft_p_ZL15sin_coeff_table_18_ROM_AUTO_1R
INFO-FLOW: To file: write model dft_p_ZL15sin_coeff_table_26_ROM_AUTO_1R
INFO-FLOW: To file: write model dft_p_ZL15cos_coeff_table_3_ROM_AUTO_1R
INFO-FLOW: To file: write model dft_p_ZL15cos_coeff_table_11_ROM_AUTO_1R
INFO-FLOW: To file: write model dft_p_ZL15cos_coeff_table_19_ROM_AUTO_1R
INFO-FLOW: To file: write model dft_p_ZL15cos_coeff_table_27_ROM_AUTO_1R
INFO-FLOW: To file: write model dft_p_ZL15sin_coeff_table_3_ROM_AUTO_1R
INFO-FLOW: To file: write model dft_p_ZL15sin_coeff_table_11_ROM_AUTO_1R
INFO-FLOW: To file: write model dft_p_ZL15sin_coeff_table_19_ROM_AUTO_1R
INFO-FLOW: To file: write model dft_p_ZL15sin_coeff_table_27_ROM_AUTO_1R
INFO-FLOW: To file: write model dft_p_ZL15cos_coeff_table_4_ROM_AUTO_1R
INFO-FLOW: To file: write model dft_p_ZL15cos_coeff_table_12_ROM_AUTO_1R
INFO-FLOW: To file: write model dft_p_ZL15cos_coeff_table_20_ROM_AUTO_1R
INFO-FLOW: To file: write model dft_p_ZL15cos_coeff_table_28_ROM_AUTO_1R
INFO-FLOW: To file: write model dft_p_ZL15sin_coeff_table_4_ROM_AUTO_1R
INFO-FLOW: To file: write model dft_p_ZL15sin_coeff_table_12_ROM_AUTO_1R
INFO-FLOW: To file: write model dft_p_ZL15sin_coeff_table_20_ROM_AUTO_1R
INFO-FLOW: To file: write model dft_p_ZL15sin_coeff_table_28_ROM_AUTO_1R
INFO-FLOW: To file: write model dft_p_ZL15cos_coeff_table_5_ROM_AUTO_1R
INFO-FLOW: To file: write model dft_p_ZL15cos_coeff_table_13_ROM_AUTO_1R
INFO-FLOW: To file: write model dft_p_ZL15cos_coeff_table_29_ROM_AUTO_1R
INFO-FLOW: To file: write model dft_p_ZL15sin_coeff_table_5_ROM_AUTO_1R
INFO-FLOW: To file: write model dft_p_ZL15sin_coeff_table_13_ROM_AUTO_1R
INFO-FLOW: To file: write model dft_p_ZL15sin_coeff_table_21_ROM_AUTO_1R
INFO-FLOW: To file: write model dft_p_ZL15sin_coeff_table_29_ROM_AUTO_1R
INFO-FLOW: To file: write model dft_p_ZL15cos_coeff_table_6_ROM_AUTO_1R
INFO-FLOW: To file: write model dft_p_ZL15cos_coeff_table_14_ROM_AUTO_1R
INFO-FLOW: To file: write model dft_p_ZL15cos_coeff_table_22_ROM_AUTO_1R
INFO-FLOW: To file: write model dft_p_ZL15cos_coeff_table_30_ROM_AUTO_1R
INFO-FLOW: To file: write model dft_p_ZL15sin_coeff_table_6_ROM_AUTO_1R
INFO-FLOW: To file: write model dft_p_ZL15sin_coeff_table_14_ROM_AUTO_1R
INFO-FLOW: To file: write model dft_p_ZL15sin_coeff_table_22_ROM_AUTO_1R
INFO-FLOW: To file: write model dft_p_ZL15sin_coeff_table_30_ROM_AUTO_1R
INFO-FLOW: To file: write model dft_p_ZL15cos_coeff_table_15_ROM_AUTO_1R
INFO-FLOW: To file: write model dft_p_ZL15cos_coeff_table_23_ROM_AUTO_1R
INFO-FLOW: To file: write model dft_p_ZL15cos_coeff_table_31_ROM_AUTO_1R
INFO-FLOW: To file: write model dft_p_ZL15sin_coeff_table_7_ROM_AUTO_1R
INFO-FLOW: To file: write model dft_p_ZL15sin_coeff_table_15_ROM_AUTO_1R
INFO-FLOW: To file: write model dft_p_ZL15sin_coeff_table_23_ROM_AUTO_1R
INFO-FLOW: To file: write model dft_p_ZL15sin_coeff_table_31_ROM_AUTO_1R
INFO-FLOW: To file: write model dft_Pipeline_VITIS_LOOP_20_2
INFO-FLOW: To file: write model dft
INFO-FLOW: Generating /home/linux/ieng6/students/769/zeh003/Desktop/CSE-237C-Starter/project_files/project3/dft_32_precomputed/dft.comp/hls/.autopilot/db/autopilot.rtl.models.tcl file...
INFO-FLOW: Finished generating RTL model list.


INFO-FLOW: RTL Generation done.
INFO-FLOW: CAS Generation done.
INFO-FLOW: CBC Generation done.
INFO-FLOW: DBG:PROC: ::AESL_AUTOMG::auto_generate_csynth_design
INFO-FLOW: DBG:PUTS: read_platform_lib /home/linux/ieng6/students/769/zeh003/Desktop/CSE-237C-Starter/project_files/project3/dft_32_precomputed/dft.comp/hls/.autopilot/db/global.setting.tcl
Execute         source /software/common/Xilinx_Vitis/Vitis/2024.2/common/technology/generic/autopilot/common.gen 
Execute           source /software/common/Xilinx_Vitis/Vitis/2024.2/common/technology/generic/autopilot/APCoreGen.gen 
Execute         source /software/common/Xilinx_Vitis/Vitis/2024.2/common/technology/generic/autopilot/op.gen 
Execute         source /software/common/Xilinx_Vitis/Vitis/2024.2/common/technology/generic/autopilot/op_simcore.gen 
Execute         source /software/common/Xilinx_Vitis/Vitis/2024.2/common/technology/generic/autopilot/interface.gen 
Execute         source /home/linux/ieng6/students/769/zeh003/Desktop/CSE-237C-Starter/project_files/project3/dft_32_precomputed/dft.comp/hls/.autopilot/db/global.setting.tcl 
Execute         source /software/common/Xilinx_Vitis/Vitis/2024.2/common/technology/xilinx/common/xilinx.gen 
Execute           source /software/common/Xilinx_Vitis/Vitis/2024.2/common/technology/xilinx/interface/plb46.gen 
Execute           source /software/common/Xilinx_Vitis/Vitis/2024.2/common/technology/xilinx/interface/axi4.gen 
Execute           source /software/common/Xilinx_Vitis/Vitis/2024.2/common/technology/xilinx/interface/nativeAXI4.gen 
Execute             source /software/common/Xilinx_Vitis/Vitis/2024.2/common/technology/xilinx/interface/saxilite.gen 
Execute           source /software/common/Xilinx_Vitis/Vitis/2024.2/common/technology/xilinx/scripts/xilinxcoregen.gen 
Execute           source /software/common/Xilinx_Vitis/Vitis/2024.2/common/technology/xilinx/interface/XilEDKCoreGen.gen 
Execute           source /software/common/Xilinx_Vitis/Vitis/2024.2/common/technology/xilinx/ip/xfir.gen 
Execute           source /software/common/Xilinx_Vitis/Vitis/2024.2/common/technology/xilinx/ip/dds_compiler.gen 
Execute           source /software/common/Xilinx_Vitis/Vitis/2024.2/common/technology/xilinx/ip/util.gen 
Execute           source /software/common/Xilinx_Vitis/Vitis/2024.2/common/technology/xilinx/ip/xfft.gen 
Execute           source /software/common/Xilinx_Vitis/Vitis/2024.2/common/technology/xilinx/DSP48/dsp48.gen 
Command         ap_source done; 0.13 sec.
INFO-FLOW: DBG:PUTS:   using AESL_AUTOCG::g_clock_period=10.000 (was NA)
INFO-FLOW: DBG:PROC: ::AESL_AUTOMG::generate_ip_cores gen_sim_model='1' gen_fp_models='0' gen_for_export='0' dstSCDir='' dstVhdlDir='/home/linux/ieng6/students/769/zeh003/Desktop/CSE-237C-Starter/project_files/project3/dft_32_precomputed/dft.comp/hls/.autopilot/db/vhdl' dstVlogDir='/home/linux/ieng6/students/769/zeh003/Desktop/CSE-237C-Starter/project_files/project3/dft_32_precomputed/dft.comp/hls/.autopilot/db/vlog' tclDir='/home/linux/ieng6/students/769/zeh003/Desktop/CSE-237C-Starter/project_files/project3/dft_32_precomputed/dft.comp/hls/.autopilot/db' modelList='dft_faddfsub_32ns_32ns_32_5_full_dsp_1
dft_fmul_32ns_32ns_32_4_max_dsp_1
dft_sparsemux_9_5_32_1_1
dft_flow_control_loop_pipe_sequential_init
dft_p_ZL15cos_coeff_table_0_ROM_AUTO_1R
dft_p_ZL15cos_coeff_table_8_ROM_AUTO_1R
dft_p_ZL15cos_coeff_table_16_ROM_AUTO_1R
dft_p_ZL15cos_coeff_table_24_ROM_AUTO_1R
dft_p_ZL15sin_coeff_table_0_ROM_AUTO_1R
dft_p_ZL15sin_coeff_table_8_ROM_AUTO_1R
dft_p_ZL15sin_coeff_table_16_ROM_AUTO_1R
dft_p_ZL15sin_coeff_table_24_ROM_AUTO_1R
dft_p_ZL15cos_coeff_table_1_ROM_AUTO_1R
dft_p_ZL15cos_coeff_table_9_ROM_AUTO_1R
dft_p_ZL15cos_coeff_table_17_ROM_AUTO_1R
dft_p_ZL15cos_coeff_table_25_ROM_AUTO_1R
dft_p_ZL15sin_coeff_table_1_ROM_AUTO_1R
dft_p_ZL15sin_coeff_table_9_ROM_AUTO_1R
dft_p_ZL15sin_coeff_table_17_ROM_AUTO_1R
dft_p_ZL15sin_coeff_table_25_ROM_AUTO_1R
dft_p_ZL15cos_coeff_table_2_ROM_AUTO_1R
dft_p_ZL15cos_coeff_table_10_ROM_AUTO_1R
dft_p_ZL15cos_coeff_table_18_ROM_AUTO_1R
dft_p_ZL15cos_coeff_table_26_ROM_AUTO_1R
dft_p_ZL15sin_coeff_table_2_ROM_AUTO_1R
dft_p_ZL15sin_coeff_table_10_ROM_AUTO_1R
dft_p_ZL15sin_coeff_table_18_ROM_AUTO_1R
dft_p_ZL15sin_coeff_table_26_ROM_AUTO_1R
dft_p_ZL15cos_coeff_table_3_ROM_AUTO_1R
dft_p_ZL15cos_coeff_table_11_ROM_AUTO_1R
dft_p_ZL15cos_coeff_table_19_ROM_AUTO_1R
dft_p_ZL15cos_coeff_table_27_ROM_AUTO_1R
dft_p_ZL15sin_coeff_table_3_ROM_AUTO_1R
dft_p_ZL15sin_coeff_table_11_ROM_AUTO_1R
dft_p_ZL15sin_coeff_table_19_ROM_AUTO_1R
dft_p_ZL15sin_coeff_table_27_ROM_AUTO_1R
dft_p_ZL15cos_coeff_table_4_ROM_AUTO_1R
dft_p_ZL15cos_coeff_table_12_ROM_AUTO_1R
dft_p_ZL15cos_coeff_table_20_ROM_AUTO_1R
dft_p_ZL15cos_coeff_table_28_ROM_AUTO_1R
dft_p_ZL15sin_coeff_table_4_ROM_AUTO_1R
dft_p_ZL15sin_coeff_table_12_ROM_AUTO_1R
dft_p_ZL15sin_coeff_table_20_ROM_AUTO_1R
dft_p_ZL15sin_coeff_table_28_ROM_AUTO_1R
dft_p_ZL15cos_coeff_table_5_ROM_AUTO_1R
dft_p_ZL15cos_coeff_table_13_ROM_AUTO_1R
dft_p_ZL15cos_coeff_table_29_ROM_AUTO_1R
dft_p_ZL15sin_coeff_table_5_ROM_AUTO_1R
dft_p_ZL15sin_coeff_table_13_ROM_AUTO_1R
dft_p_ZL15sin_coeff_table_21_ROM_AUTO_1R
dft_p_ZL15sin_coeff_table_29_ROM_AUTO_1R
dft_p_ZL15cos_coeff_table_6_ROM_AUTO_1R
dft_p_ZL15cos_coeff_table_14_ROM_AUTO_1R
dft_p_ZL15cos_coeff_table_22_ROM_AUTO_1R
dft_p_ZL15cos_coeff_table_30_ROM_AUTO_1R
dft_p_ZL15sin_coeff_table_6_ROM_AUTO_1R
dft_p_ZL15sin_coeff_table_14_ROM_AUTO_1R
dft_p_ZL15sin_coeff_table_22_ROM_AUTO_1R
dft_p_ZL15sin_coeff_table_30_ROM_AUTO_1R
dft_p_ZL15cos_coeff_table_15_ROM_AUTO_1R
dft_p_ZL15cos_coeff_table_23_ROM_AUTO_1R
dft_p_ZL15cos_coeff_table_31_ROM_AUTO_1R
dft_p_ZL15sin_coeff_table_7_ROM_AUTO_1R
dft_p_ZL15sin_coeff_table_15_ROM_AUTO_1R
dft_p_ZL15sin_coeff_table_23_ROM_AUTO_1R
dft_p_ZL15sin_coeff_table_31_ROM_AUTO_1R
dft_Pipeline_VITIS_LOOP_20_2
dft
' expOnly='0'
Execute         source /home/linux/ieng6/students/769/zeh003/Desktop/CSE-237C-Starter/project_files/project3/dft_32_precomputed/dft.comp/hls/.autopilot/db/global.setting.tcl 
Execute         ap_part_info -name xc7z020-clg400-1 -data names -quiet 
Execute         ap_part_info -name xc7z020-clg400-1 -data info -quiet 
Execute         source /home/linux/ieng6/students/769/zeh003/Desktop/CSE-237C-Starter/project_files/project3/dft_32_precomputed/dft.comp/hls/.autopilot/db/global.setting.tcl 
Execute         source /home/linux/ieng6/students/769/zeh003/Desktop/CSE-237C-Starter/project_files/project3/dft_32_precomputed/dft.comp/hls/.autopilot/db/global.setting.tcl 
Execute         source /home/linux/ieng6/students/769/zeh003/Desktop/CSE-237C-Starter/project_files/project3/dft_32_precomputed/dft.comp/hls/.autopilot/db/dft_Pipeline_VITIS_LOOP_20_2.compgen.tcl 
Execute         source /home/linux/ieng6/students/769/zeh003/Desktop/CSE-237C-Starter/project_files/project3/dft_32_precomputed/dft.comp/hls/.autopilot/db/dft.compgen.tcl 
INFO: [HLS 200-111] Finished Generating all RTL models: CPU user time: 0.66 seconds. CPU system time: 0.38 seconds. Elapsed time: 2.86 seconds; current allocated memory: 726.957 MB.
INFO-FLOW: DBG:PROC: ::HLSREPORTS::create_csynth_xml bind_info_var='bind_info' RtlSubPrefix='dft_' outfile=''
INFO-FLOW: Running: create_csynth_xml read xml data
INFO-FLOW: Done: create_csynth_xml read xml data time: 0 seconds per iteration
INFO-FLOW: Running: create_csynth_xml bind info
INFO-FLOW: Done: create_csynth_xml bind info time: 0 seconds per iteration
INFO-FLOW: Running: create_csynth_xml config info
INFO-FLOW: Done: create_csynth_xml config info time: 0.3 seconds per iteration
INFO-FLOW: Running: create_csynth_xml write xml
INFO-FLOW: Done: create_csynth_xml write xml time: 0 seconds per iteration
INFO-FLOW: DBG:PUTS:      create_csynth_xml wrote csynth_xml=/home/linux/ieng6/students/769/zeh003/Desktop/CSE-237C-Starter/project_files/project3/dft_32_precomputed/dft.comp/hls/syn/report/csynth.xml
INFO-FLOW: DBG:PROC: ::AP::DESIGN_DATA::generate_json generate_bd_files='0' generate_xo_files='0' modelList='dft_faddfsub_32ns_32ns_32_5_full_dsp_1
dft_fmul_32ns_32ns_32_4_max_dsp_1
dft_sparsemux_9_5_32_1_1
dft_flow_control_loop_pipe_sequential_init
dft_p_ZL15cos_coeff_table_0_ROM_AUTO_1R
dft_p_ZL15cos_coeff_table_8_ROM_AUTO_1R
dft_p_ZL15cos_coeff_table_16_ROM_AUTO_1R
dft_p_ZL15cos_coeff_table_24_ROM_AUTO_1R
dft_p_ZL15sin_coeff_table_0_ROM_AUTO_1R
dft_p_ZL15sin_coeff_table_8_ROM_AUTO_1R
dft_p_ZL15sin_coeff_table_16_ROM_AUTO_1R
dft_p_ZL15sin_coeff_table_24_ROM_AUTO_1R
dft_p_ZL15cos_coeff_table_1_ROM_AUTO_1R
dft_p_ZL15cos_coeff_table_9_ROM_AUTO_1R
dft_p_ZL15cos_coeff_table_17_ROM_AUTO_1R
dft_p_ZL15cos_coeff_table_25_ROM_AUTO_1R
dft_p_ZL15sin_coeff_table_1_ROM_AUTO_1R
dft_p_ZL15sin_coeff_table_9_ROM_AUTO_1R
dft_p_ZL15sin_coeff_table_17_ROM_AUTO_1R
dft_p_ZL15sin_coeff_table_25_ROM_AUTO_1R
dft_p_ZL15cos_coeff_table_2_ROM_AUTO_1R
dft_p_ZL15cos_coeff_table_10_ROM_AUTO_1R
dft_p_ZL15cos_coeff_table_18_ROM_AUTO_1R
dft_p_ZL15cos_coeff_table_26_ROM_AUTO_1R
dft_p_ZL15sin_coeff_table_2_ROM_AUTO_1R
dft_p_ZL15sin_coeff_table_10_ROM_AUTO_1R
dft_p_ZL15sin_coeff_table_18_ROM_AUTO_1R
dft_p_ZL15sin_coeff_table_26_ROM_AUTO_1R
dft_p_ZL15cos_coeff_table_3_ROM_AUTO_1R
dft_p_ZL15cos_coeff_table_11_ROM_AUTO_1R
dft_p_ZL15cos_coeff_table_19_ROM_AUTO_1R
dft_p_ZL15cos_coeff_table_27_ROM_AUTO_1R
dft_p_ZL15sin_coeff_table_3_ROM_AUTO_1R
dft_p_ZL15sin_coeff_table_11_ROM_AUTO_1R
dft_p_ZL15sin_coeff_table_19_ROM_AUTO_1R
dft_p_ZL15sin_coeff_table_27_ROM_AUTO_1R
dft_p_ZL15cos_coeff_table_4_ROM_AUTO_1R
dft_p_ZL15cos_coeff_table_12_ROM_AUTO_1R
dft_p_ZL15cos_coeff_table_20_ROM_AUTO_1R
dft_p_ZL15cos_coeff_table_28_ROM_AUTO_1R
dft_p_ZL15sin_coeff_table_4_ROM_AUTO_1R
dft_p_ZL15sin_coeff_table_12_ROM_AUTO_1R
dft_p_ZL15sin_coeff_table_20_ROM_AUTO_1R
dft_p_ZL15sin_coeff_table_28_ROM_AUTO_1R
dft_p_ZL15cos_coeff_table_5_ROM_AUTO_1R
dft_p_ZL15cos_coeff_table_13_ROM_AUTO_1R
dft_p_ZL15cos_coeff_table_29_ROM_AUTO_1R
dft_p_ZL15sin_coeff_table_5_ROM_AUTO_1R
dft_p_ZL15sin_coeff_table_13_ROM_AUTO_1R
dft_p_ZL15sin_coeff_table_21_ROM_AUTO_1R
dft_p_ZL15sin_coeff_table_29_ROM_AUTO_1R
dft_p_ZL15cos_coeff_table_6_ROM_AUTO_1R
dft_p_ZL15cos_coeff_table_14_ROM_AUTO_1R
dft_p_ZL15cos_coeff_table_22_ROM_AUTO_1R
dft_p_ZL15cos_coeff_table_30_ROM_AUTO_1R
dft_p_ZL15sin_coeff_table_6_ROM_AUTO_1R
dft_p_ZL15sin_coeff_table_14_ROM_AUTO_1R
dft_p_ZL15sin_coeff_table_22_ROM_AUTO_1R
dft_p_ZL15sin_coeff_table_30_ROM_AUTO_1R
dft_p_ZL15cos_coeff_table_15_ROM_AUTO_1R
dft_p_ZL15cos_coeff_table_23_ROM_AUTO_1R
dft_p_ZL15cos_coeff_table_31_ROM_AUTO_1R
dft_p_ZL15sin_coeff_table_7_ROM_AUTO_1R
dft_p_ZL15sin_coeff_table_15_ROM_AUTO_1R
dft_p_ZL15sin_coeff_table_23_ROM_AUTO_1R
dft_p_ZL15sin_coeff_table_31_ROM_AUTO_1R
dft_Pipeline_VITIS_LOOP_20_2
dft
' rtl_lang='both' bootstrap_tcl='false' outdir='' outfilename=''
Execute         source /home/linux/ieng6/students/769/zeh003/Desktop/CSE-237C-Starter/project_files/project3/dft_32_precomputed/dft.comp/hls/.autopilot/db/global.setting.tcl 
Execute         source /home/linux/ieng6/students/769/zeh003/Desktop/CSE-237C-Starter/project_files/project3/dft_32_precomputed/dft.comp/hls/.autopilot/db/global.setting.tcl 
Execute         source /home/linux/ieng6/students/769/zeh003/Desktop/CSE-237C-Starter/project_files/project3/dft_32_precomputed/dft.comp/hls/.autopilot/db/top-io-be.tcl 
Execute         source /home/linux/ieng6/students/769/zeh003/Desktop/CSE-237C-Starter/project_files/project3/dft_32_precomputed/dft.comp/hls/.autopilot/db/dft.tbgen.tcl 
Execute         source /home/linux/ieng6/students/769/zeh003/Desktop/CSE-237C-Starter/project_files/project3/dft_32_precomputed/dft.comp/hls/.autopilot/db/dft.rtl_wrap.cfg.tcl 
Execute         source /home/linux/ieng6/students/769/zeh003/Desktop/CSE-237C-Starter/project_files/project3/dft_32_precomputed/dft.comp/hls/.autopilot/db/dft.compgen.dataonly.tcl 
Execute         source /home/linux/ieng6/students/769/zeh003/Desktop/CSE-237C-Starter/project_files/project3/dft_32_precomputed/dft.comp/hls/.autopilot/db/dft_Pipeline_VITIS_LOOP_20_2.tbgen.tcl 
Execute         source /home/linux/ieng6/students/769/zeh003/Desktop/CSE-237C-Starter/project_files/project3/dft_32_precomputed/dft.comp/hls/.autopilot/db/dft.tbgen.tcl 
Execute         source /home/linux/ieng6/students/769/zeh003/Desktop/CSE-237C-Starter/project_files/project3/dft_32_precomputed/dft.comp/hls/.autopilot/db/global.setting.tcl 
Execute         ap_part_info -name xc7z020-clg400-1 -data names -quiet 
Execute         ap_part_info -name xc7z020-clg400-1 -data info -quiet 
Execute         source /home/linux/ieng6/students/769/zeh003/Desktop/CSE-237C-Starter/project_files/project3/dft_32_precomputed/dft.comp/hls/.autopilot/db/dft.constraint.tcl 
Execute         sc_get_clocks dft 
Execute         source /home/linux/ieng6/students/769/zeh003/Desktop/CSE-237C-Starter/project_files/project3/dft_32_precomputed/dft.comp/hls/.autopilot/db/global.setting.tcl 
Execute         source /home/linux/ieng6/students/769/zeh003/Desktop/CSE-237C-Starter/project_files/project3/dft_32_precomputed/dft.comp/hls/impl/misc/dft_faddfsub_32ns_32ns_32_5_full_dsp_1_ip.tcl 
Execute         source /home/linux/ieng6/students/769/zeh003/Desktop/CSE-237C-Starter/project_files/project3/dft_32_precomputed/dft.comp/hls/impl/misc/dft_fmul_32ns_32ns_32_4_max_dsp_1_ip.tcl 
INFO-FLOW: DBG:PROC: ::HLSREPORTS::add_csynth_report_sections bind_info_dict='adapter_nodes {} cache_nodes {} report_dict {TOPINST dft MODULE2INSTS {dft dft dft_Pipeline_VITIS_LOOP_20_2 grp_dft_Pipeline_VITIS_LOOP_20_2_fu_2164} INST2MODULE {dft dft grp_dft_Pipeline_VITIS_LOOP_20_2_fu_2164 dft_Pipeline_VITIS_LOOP_20_2} INSTDATA {dft {DEPTH 1 CHILDREN grp_dft_Pipeline_VITIS_LOOP_20_2_fu_2164} grp_dft_Pipeline_VITIS_LOOP_20_2_fu_2164 {DEPTH 2 CHILDREN {}}} MODULEDATA {dft_Pipeline_VITIS_LOOP_20_2 {BINDINFO {{BINDTYPE op ID {} IMPL compactencoding_dontcare LATENCY 0 OPTYPE sparsemux PRAGMA {} RTLNAME sparsemux_9_5_32_1_1_U4 SOURCE dft.cpp:23 VARIABLE c LOOP VITIS_LOOP_20_2 BUNDLEDNAME {} DSP 0 BRAM 0 URAM 0 STORAGESUBTYPE {} DISPNAME {bind_op sparsemux} VISIBLE false} {BINDTYPE op ID {} IMPL compactencoding_dontcare LATENCY 0 OPTYPE sparsemux PRAGMA {} RTLNAME sparsemux_9_5_32_1_1_U5 SOURCE dft.cpp:24 VARIABLE s LOOP VITIS_LOOP_20_2 BUNDLEDNAME {} DSP 0 BRAM 0 URAM 0 STORAGESUBTYPE {} DISPNAME {bind_op sparsemux} VISIBLE false} {BINDTYPE op ID {} IMPL compactencoding_dontcare LATENCY 0 OPTYPE sparsemux PRAGMA {} RTLNAME sparsemux_9_5_32_1_1_U6 SOURCE dft.cpp:26 VARIABLE tmp LOOP VITIS_LOOP_20_2 BUNDLEDNAME {} DSP 0 BRAM 0 URAM 0 STORAGESUBTYPE {} DISPNAME {bind_op sparsemux} VISIBLE false} {BINDTYPE op ID {} IMPL maxdsp LATENCY 3 OPTYPE fmul PRAGMA {} RTLNAME fmul_32ns_32ns_32_4_max_dsp_1_U3 SOURCE dft.cpp:26 VARIABLE mul LOOP VITIS_LOOP_20_2 BUNDLEDNAME {} DSP 3 BRAM 0 URAM 0 STORAGESUBTYPE {} DISPNAME {bind_op fmul} VISIBLE true} {BINDTYPE op ID {} IMPL compactencoding_dontcare LATENCY 0 OPTYPE sparsemux PRAGMA {} RTLNAME sparsemux_9_5_32_1_1_U7 SOURCE dft.cpp:26 VARIABLE tmp_1 LOOP VITIS_LOOP_20_2 BUNDLEDNAME {} DSP 0 BRAM 0 URAM 0 STORAGESUBTYPE {} DISPNAME {bind_op sparsemux} VISIBLE false} {BINDTYPE op ID {} IMPL maxdsp LATENCY 3 OPTYPE fmul PRAGMA {} RTLNAME fmul_32ns_32ns_32_4_max_dsp_1_U3 SOURCE dft.cpp:26 VARIABLE mul1 LOOP VITIS_LOOP_20_2 BUNDLEDNAME {} DSP 3 BRAM 0 URAM 0 STORAGESUBTYPE {} DISPNAME {bind_op fmul} VISIBLE true} {BINDTYPE op ID {} IMPL fulldsp LATENCY 4 OPTYPE fsub PRAGMA {} RTLNAME faddfsub_32ns_32ns_32_5_full_dsp_1_U1 SOURCE dft.cpp:26 VARIABLE sub LOOP VITIS_LOOP_20_2 BUNDLEDNAME {} DSP 2 BRAM 0 URAM 0 STORAGESUBTYPE {} DISPNAME {bind_op fsub} VISIBLE true} {BINDTYPE op ID {} IMPL fulldsp LATENCY 4 OPTYPE fsub PRAGMA {} RTLNAME faddfsub_32ns_32ns_32_5_full_dsp_1_U1 SOURCE dft.cpp:26 VARIABLE add LOOP VITIS_LOOP_20_2 BUNDLEDNAME {} DSP 2 BRAM 0 URAM 0 STORAGESUBTYPE {} DISPNAME {bind_op fsub} VISIBLE true} {BINDTYPE op ID {} IMPL maxdsp LATENCY 3 OPTYPE fmul PRAGMA {} RTLNAME fmul_32ns_32ns_32_4_max_dsp_1_U3 SOURCE dft.cpp:27 VARIABLE mul2 LOOP VITIS_LOOP_20_2 BUNDLEDNAME {} DSP 3 BRAM 0 URAM 0 STORAGESUBTYPE {} DISPNAME {bind_op fmul} VISIBLE true} {BINDTYPE op ID {} IMPL maxdsp LATENCY 3 OPTYPE fmul PRAGMA {} RTLNAME fmul_32ns_32ns_32_4_max_dsp_1_U3 SOURCE dft.cpp:27 VARIABLE mul3 LOOP VITIS_LOOP_20_2 BUNDLEDNAME {} DSP 3 BRAM 0 URAM 0 STORAGESUBTYPE {} DISPNAME {bind_op fmul} VISIBLE true} {BINDTYPE op ID {} IMPL fulldsp LATENCY 4 OPTYPE fsub PRAGMA {} RTLNAME faddfsub_32ns_32ns_32_5_full_dsp_1_U1 SOURCE dft.cpp:27 VARIABLE add1 LOOP VITIS_LOOP_20_2 BUNDLEDNAME {} DSP 2 BRAM 0 URAM 0 STORAGESUBTYPE {} DISPNAME {bind_op fsub} VISIBLE true} {BINDTYPE op ID {} IMPL fulldsp LATENCY 4 OPTYPE fsub PRAGMA {} RTLNAME faddfsub_32ns_32ns_32_5_full_dsp_1_U1 SOURCE dft.cpp:27 VARIABLE add2 LOOP VITIS_LOOP_20_2 BUNDLEDNAME {} DSP 2 BRAM 0 URAM 0 STORAGESUBTYPE {} DISPNAME {bind_op fsub} VISIBLE true} {BINDTYPE op ID {} IMPL compactencoding_dontcare LATENCY 0 OPTYPE sparsemux PRAGMA {} RTLNAME sparsemux_9_5_32_1_1_U8 SOURCE dft.cpp:23 VARIABLE c_1 LOOP VITIS_LOOP_20_2 BUNDLEDNAME {} DSP 0 BRAM 0 URAM 0 STORAGESUBTYPE {} DISPNAME {bind_op sparsemux} VISIBLE false} {BINDTYPE op ID {} IMPL compactencoding_dontcare LATENCY 0 OPTYPE sparsemux PRAGMA {} RTLNAME sparsemux_9_5_32_1_1_U9 SOURCE dft.cpp:24 VARIABLE s_1 LOOP VITIS_LOOP_20_2 BUNDLEDNAME {} DSP 0 BRAM 0 URAM 0 STORAGESUBTYPE {} DISPNAME {bind_op sparsemux} VISIBLE false} {BINDTYPE op ID {} IMPL compactencoding_dontcare LATENCY 0 OPTYPE sparsemux PRAGMA {} RTLNAME sparsemux_9_5_32_1_1_U10 SOURCE dft.cpp:26 VARIABLE tmp_4 LOOP VITIS_LOOP_20_2 BUNDLEDNAME {} DSP 0 BRAM 0 URAM 0 STORAGESUBTYPE {} DISPNAME {bind_op sparsemux} VISIBLE false} {BINDTYPE op ID {} IMPL maxdsp LATENCY 3 OPTYPE fmul PRAGMA {} RTLNAME fmul_32ns_32ns_32_4_max_dsp_1_U3 SOURCE dft.cpp:26 VARIABLE mul_1 LOOP VITIS_LOOP_20_2 BUNDLEDNAME {} DSP 3 BRAM 0 URAM 0 STORAGESUBTYPE {} DISPNAME {bind_op fmul} VISIBLE true} {BINDTYPE op ID {} IMPL compactencoding_dontcare LATENCY 0 OPTYPE sparsemux PRAGMA {} RTLNAME sparsemux_9_5_32_1_1_U11 SOURCE dft.cpp:26 VARIABLE tmp_5 LOOP VITIS_LOOP_20_2 BUNDLEDNAME {} DSP 0 BRAM 0 URAM 0 STORAGESUBTYPE {} DISPNAME {bind_op sparsemux} VISIBLE false} {BINDTYPE op ID {} IMPL maxdsp LATENCY 3 OPTYPE fmul PRAGMA {} RTLNAME fmul_32ns_32ns_32_4_max_dsp_1_U3 SOURCE dft.cpp:26 VARIABLE mul18_1 LOOP VITIS_LOOP_20_2 BUNDLEDNAME {} DSP 3 BRAM 0 URAM 0 STORAGESUBTYPE {} DISPNAME {bind_op fmul} VISIBLE true} {BINDTYPE op ID {} IMPL fulldsp LATENCY 4 OPTYPE fsub PRAGMA {} RTLNAME faddfsub_32ns_32ns_32_5_full_dsp_1_U1 SOURCE dft.cpp:26 VARIABLE sub_1 LOOP VITIS_LOOP_20_2 BUNDLEDNAME {} DSP 2 BRAM 0 URAM 0 STORAGESUBTYPE {} DISPNAME {bind_op fsub} VISIBLE true} {BINDTYPE op ID {} IMPL fulldsp LATENCY 4 OPTYPE fsub PRAGMA {} RTLNAME faddfsub_32ns_32ns_32_5_full_dsp_1_U1 SOURCE dft.cpp:26 VARIABLE add_1 LOOP VITIS_LOOP_20_2 BUNDLEDNAME {} DSP 2 BRAM 0 URAM 0 STORAGESUBTYPE {} DISPNAME {bind_op fsub} VISIBLE true} {BINDTYPE op ID {} IMPL maxdsp LATENCY 3 OPTYPE fmul PRAGMA {} RTLNAME fmul_32ns_32ns_32_4_max_dsp_1_U3 SOURCE dft.cpp:27 VARIABLE mul23_1 LOOP VITIS_LOOP_20_2 BUNDLEDNAME {} DSP 3 BRAM 0 URAM 0 STORAGESUBTYPE {} DISPNAME {bind_op fmul} VISIBLE true} {BINDTYPE op ID {} IMPL maxdsp LATENCY 3 OPTYPE fmul PRAGMA {} RTLNAME fmul_32ns_32ns_32_4_max_dsp_1_U3 SOURCE dft.cpp:27 VARIABLE mul26_1 LOOP VITIS_LOOP_20_2 BUNDLEDNAME {} DSP 3 BRAM 0 URAM 0 STORAGESUBTYPE {} DISPNAME {bind_op fmul} VISIBLE true} {BINDTYPE op ID {} IMPL fulldsp LATENCY 4 OPTYPE fsub PRAGMA {} RTLNAME faddfsub_32ns_32ns_32_5_full_dsp_1_U1 SOURCE dft.cpp:27 VARIABLE add27_1 LOOP VITIS_LOOP_20_2 BUNDLEDNAME {} DSP 2 BRAM 0 URAM 0 STORAGESUBTYPE {} DISPNAME {bind_op fsub} VISIBLE true} {BINDTYPE op ID {} IMPL fulldsp LATENCY 4 OPTYPE fsub PRAGMA {} RTLNAME faddfsub_32ns_32ns_32_5_full_dsp_1_U1 SOURCE dft.cpp:27 VARIABLE add30_1 LOOP VITIS_LOOP_20_2 BUNDLEDNAME {} DSP 2 BRAM 0 URAM 0 STORAGESUBTYPE {} DISPNAME {bind_op fsub} VISIBLE true} {BINDTYPE op ID {} IMPL compactencoding_dontcare LATENCY 0 OPTYPE sparsemux PRAGMA {} RTLNAME sparsemux_9_5_32_1_1_U12 SOURCE dft.cpp:23 VARIABLE c_2 LOOP VITIS_LOOP_20_2 BUNDLEDNAME {} DSP 0 BRAM 0 URAM 0 STORAGESUBTYPE {} DISPNAME {bind_op sparsemux} VISIBLE false} {BINDTYPE op ID {} IMPL compactencoding_dontcare LATENCY 0 OPTYPE sparsemux PRAGMA {} RTLNAME sparsemux_9_5_32_1_1_U13 SOURCE dft.cpp:24 VARIABLE s_2 LOOP VITIS_LOOP_20_2 BUNDLEDNAME {} DSP 0 BRAM 0 URAM 0 STORAGESUBTYPE {} DISPNAME {bind_op sparsemux} VISIBLE false} {BINDTYPE op ID {} IMPL compactencoding_dontcare LATENCY 0 OPTYPE sparsemux PRAGMA {} RTLNAME sparsemux_9_5_32_1_1_U14 SOURCE dft.cpp:26 VARIABLE tmp_8 LOOP VITIS_LOOP_20_2 BUNDLEDNAME {} DSP 0 BRAM 0 URAM 0 STORAGESUBTYPE {} DISPNAME {bind_op sparsemux} VISIBLE false} {BINDTYPE op ID {} IMPL maxdsp LATENCY 3 OPTYPE fmul PRAGMA {} RTLNAME fmul_32ns_32ns_32_4_max_dsp_1_U3 SOURCE dft.cpp:26 VARIABLE mul_2 LOOP VITIS_LOOP_20_2 BUNDLEDNAME {} DSP 3 BRAM 0 URAM 0 STORAGESUBTYPE {} DISPNAME {bind_op fmul} VISIBLE true} {BINDTYPE op ID {} IMPL compactencoding_dontcare LATENCY 0 OPTYPE sparsemux PRAGMA {} RTLNAME sparsemux_9_5_32_1_1_U15 SOURCE dft.cpp:26 VARIABLE tmp_9 LOOP VITIS_LOOP_20_2 BUNDLEDNAME {} DSP 0 BRAM 0 URAM 0 STORAGESUBTYPE {} DISPNAME {bind_op sparsemux} VISIBLE false} {BINDTYPE op ID {} IMPL maxdsp LATENCY 3 OPTYPE fmul PRAGMA {} RTLNAME fmul_32ns_32ns_32_4_max_dsp_1_U3 SOURCE dft.cpp:26 VARIABLE mul18_2 LOOP VITIS_LOOP_20_2 BUNDLEDNAME {} DSP 3 BRAM 0 URAM 0 STORAGESUBTYPE {} DISPNAME {bind_op fmul} VISIBLE true} {BINDTYPE op ID {} IMPL fulldsp LATENCY 4 OPTYPE fsub PRAGMA {} RTLNAME faddfsub_32ns_32ns_32_5_full_dsp_1_U1 SOURCE dft.cpp:26 VARIABLE sub_2 LOOP VITIS_LOOP_20_2 BUNDLEDNAME {} DSP 2 BRAM 0 URAM 0 STORAGESUBTYPE {} DISPNAME {bind_op fsub} VISIBLE true} {BINDTYPE op ID {} IMPL fulldsp LATENCY 4 OPTYPE fsub PRAGMA {} RTLNAME faddfsub_32ns_32ns_32_5_full_dsp_1_U1 SOURCE dft.cpp:26 VARIABLE add_2 LOOP VITIS_LOOP_20_2 BUNDLEDNAME {} DSP 2 BRAM 0 URAM 0 STORAGESUBTYPE {} DISPNAME {bind_op fsub} VISIBLE true} {BINDTYPE op ID {} IMPL maxdsp LATENCY 3 OPTYPE fmul PRAGMA {} RTLNAME fmul_32ns_32ns_32_4_max_dsp_1_U3 SOURCE dft.cpp:27 VARIABLE mul23_2 LOOP VITIS_LOOP_20_2 BUNDLEDNAME {} DSP 3 BRAM 0 URAM 0 STORAGESUBTYPE {} DISPNAME {bind_op fmul} VISIBLE true} {BINDTYPE op ID {} IMPL maxdsp LATENCY 3 OPTYPE fmul PRAGMA {} RTLNAME fmul_32ns_32ns_32_4_max_dsp_1_U3 SOURCE dft.cpp:27 VARIABLE mul26_2 LOOP VITIS_LOOP_20_2 BUNDLEDNAME {} DSP 3 BRAM 0 URAM 0 STORAGESUBTYPE {} DISPNAME {bind_op fmul} VISIBLE true} {BINDTYPE op ID {} IMPL fulldsp LATENCY 4 OPTYPE fadd PRAGMA {} RTLNAME faddfsub_32ns_32ns_32_5_full_dsp_1_U2 SOURCE dft.cpp:27 VARIABLE add27_2 LOOP VITIS_LOOP_20_2 BUNDLEDNAME {} DSP 2 BRAM 0 URAM 0 STORAGESUBTYPE {} DISPNAME {bind_op fadd} VISIBLE true} {BINDTYPE op ID {} IMPL fulldsp LATENCY 4 OPTYPE fsub PRAGMA {} RTLNAME faddfsub_32ns_32ns_32_5_full_dsp_1_U1 SOURCE dft.cpp:27 VARIABLE add30_2 LOOP VITIS_LOOP_20_2 BUNDLEDNAME {} DSP 2 BRAM 0 URAM 0 STORAGESUBTYPE {} DISPNAME {bind_op fsub} VISIBLE true} {BINDTYPE op ID {} IMPL compactencoding_dontcare LATENCY 0 OPTYPE sparsemux PRAGMA {} RTLNAME sparsemux_9_5_32_1_1_U16 SOURCE dft.cpp:23 VARIABLE c_3 LOOP VITIS_LOOP_20_2 BUNDLEDNAME {} DSP 0 BRAM 0 URAM 0 STORAGESUBTYPE {} DISPNAME {bind_op sparsemux} VISIBLE false} {BINDTYPE op ID {} IMPL compactencoding_dontcare LATENCY 0 OPTYPE sparsemux PRAGMA {} RTLNAME sparsemux_9_5_32_1_1_U17 SOURCE dft.cpp:24 VARIABLE s_3 LOOP VITIS_LOOP_20_2 BUNDLEDNAME {} DSP 0 BRAM 0 URAM 0 STORAGESUBTYPE {} DISPNAME {bind_op sparsemux} VISIBLE false} {BINDTYPE op ID {} IMPL compactencoding_dontcare LATENCY 0 OPTYPE sparsemux PRAGMA {} RTLNAME sparsemux_9_5_32_1_1_U18 SOURCE dft.cpp:26 VARIABLE tmp_s LOOP VITIS_LOOP_20_2 BUNDLEDNAME {} DSP 0 BRAM 0 URAM 0 STORAGESUBTYPE {} DISPNAME {bind_op sparsemux} VISIBLE false} {BINDTYPE op ID {} IMPL maxdsp LATENCY 3 OPTYPE fmul PRAGMA {} RTLNAME fmul_32ns_32ns_32_4_max_dsp_1_U3 SOURCE dft.cpp:26 VARIABLE mul_3 LOOP VITIS_LOOP_20_2 BUNDLEDNAME {} DSP 3 BRAM 0 URAM 0 STORAGESUBTYPE {} DISPNAME {bind_op fmul} VISIBLE true} {BINDTYPE op ID {} IMPL compactencoding_dontcare LATENCY 0 OPTYPE sparsemux PRAGMA {} RTLNAME sparsemux_9_5_32_1_1_U19 SOURCE dft.cpp:26 VARIABLE tmp_2 LOOP VITIS_LOOP_20_2 BUNDLEDNAME {} DSP 0 BRAM 0 URAM 0 STORAGESUBTYPE {} DISPNAME {bind_op sparsemux} VISIBLE false} {BINDTYPE op ID {} IMPL maxdsp LATENCY 3 OPTYPE fmul PRAGMA {} RTLNAME fmul_32ns_32ns_32_4_max_dsp_1_U3 SOURCE dft.cpp:26 VARIABLE mul18_3 LOOP VITIS_LOOP_20_2 BUNDLEDNAME {} DSP 3 BRAM 0 URAM 0 STORAGESUBTYPE {} DISPNAME {bind_op fmul} VISIBLE true} {BINDTYPE op ID {} IMPL fulldsp LATENCY 4 OPTYPE fadd PRAGMA {} RTLNAME faddfsub_32ns_32ns_32_5_full_dsp_1_U2 SOURCE dft.cpp:26 VARIABLE sub_3 LOOP VITIS_LOOP_20_2 BUNDLEDNAME {} DSP 2 BRAM 0 URAM 0 STORAGESUBTYPE {} DISPNAME {bind_op fadd} VISIBLE true} {BINDTYPE op ID {} IMPL fulldsp LATENCY 4 OPTYPE fsub PRAGMA {} RTLNAME faddfsub_32ns_32ns_32_5_full_dsp_1_U1 SOURCE dft.cpp:26 VARIABLE add_3 LOOP VITIS_LOOP_20_2 BUNDLEDNAME {} DSP 2 BRAM 0 URAM 0 STORAGESUBTYPE {} DISPNAME {bind_op fsub} VISIBLE true} {BINDTYPE op ID {} IMPL maxdsp LATENCY 3 OPTYPE fmul PRAGMA {} RTLNAME fmul_32ns_32ns_32_4_max_dsp_1_U3 SOURCE dft.cpp:27 VARIABLE mul23_3 LOOP VITIS_LOOP_20_2 BUNDLEDNAME {} DSP 3 BRAM 0 URAM 0 STORAGESUBTYPE {} DISPNAME {bind_op fmul} VISIBLE true} {BINDTYPE op ID {} IMPL maxdsp LATENCY 3 OPTYPE fmul PRAGMA {} RTLNAME fmul_32ns_32ns_32_4_max_dsp_1_U3 SOURCE dft.cpp:27 VARIABLE mul26_3 LOOP VITIS_LOOP_20_2 BUNDLEDNAME {} DSP 3 BRAM 0 URAM 0 STORAGESUBTYPE {} DISPNAME {bind_op fmul} VISIBLE true} {BINDTYPE op ID {} IMPL fulldsp LATENCY 4 OPTYPE fsub PRAGMA {} RTLNAME faddfsub_32ns_32ns_32_5_full_dsp_1_U1 SOURCE dft.cpp:27 VARIABLE add27_3 LOOP VITIS_LOOP_20_2 BUNDLEDNAME {} DSP 2 BRAM 0 URAM 0 STORAGESUBTYPE {} DISPNAME {bind_op fsub} VISIBLE true} {BINDTYPE op ID {} IMPL fulldsp LATENCY 4 OPTYPE fsub PRAGMA {} RTLNAME faddfsub_32ns_32ns_32_5_full_dsp_1_U1 SOURCE dft.cpp:27 VARIABLE add30_3 LOOP VITIS_LOOP_20_2 BUNDLEDNAME {} DSP 2 BRAM 0 URAM 0 STORAGESUBTYPE {} DISPNAME {bind_op fsub} VISIBLE true} {BINDTYPE op ID {} IMPL compactencoding_dontcare LATENCY 0 OPTYPE sparsemux PRAGMA {} RTLNAME sparsemux_9_5_32_1_1_U20 SOURCE dft.cpp:23 VARIABLE c_4 LOOP VITIS_LOOP_20_2 BUNDLEDNAME {} DSP 0 BRAM 0 URAM 0 STORAGESUBTYPE {} DISPNAME {bind_op sparsemux} VISIBLE false} {BINDTYPE op ID {} IMPL compactencoding_dontcare LATENCY 0 OPTYPE sparsemux PRAGMA {} RTLNAME sparsemux_9_5_32_1_1_U21 SOURCE dft.cpp:24 VARIABLE s_4 LOOP VITIS_LOOP_20_2 BUNDLEDNAME {} DSP 0 BRAM 0 URAM 0 STORAGESUBTYPE {} DISPNAME {bind_op sparsemux} VISIBLE false} {BINDTYPE op ID {} IMPL compactencoding_dontcare LATENCY 0 OPTYPE sparsemux PRAGMA {} RTLNAME sparsemux_9_5_32_1_1_U22 SOURCE dft.cpp:26 VARIABLE tmp_3 LOOP VITIS_LOOP_20_2 BUNDLEDNAME {} DSP 0 BRAM 0 URAM 0 STORAGESUBTYPE {} DISPNAME {bind_op sparsemux} VISIBLE false} {BINDTYPE op ID {} IMPL maxdsp LATENCY 3 OPTYPE fmul PRAGMA {} RTLNAME fmul_32ns_32ns_32_4_max_dsp_1_U3 SOURCE dft.cpp:26 VARIABLE mul_4 LOOP VITIS_LOOP_20_2 BUNDLEDNAME {} DSP 3 BRAM 0 URAM 0 STORAGESUBTYPE {} DISPNAME {bind_op fmul} VISIBLE true} {BINDTYPE op ID {} IMPL compactencoding_dontcare LATENCY 0 OPTYPE sparsemux PRAGMA {} RTLNAME sparsemux_9_5_32_1_1_U23 SOURCE dft.cpp:26 VARIABLE tmp_6 LOOP VITIS_LOOP_20_2 BUNDLEDNAME {} DSP 0 BRAM 0 URAM 0 STORAGESUBTYPE {} DISPNAME {bind_op sparsemux} VISIBLE false} {BINDTYPE op ID {} IMPL maxdsp LATENCY 3 OPTYPE fmul PRAGMA {} RTLNAME fmul_32ns_32ns_32_4_max_dsp_1_U3 SOURCE dft.cpp:26 VARIABLE mul18_4 LOOP VITIS_LOOP_20_2 BUNDLEDNAME {} DSP 3 BRAM 0 URAM 0 STORAGESUBTYPE {} DISPNAME {bind_op fmul} VISIBLE true} {BINDTYPE op ID {} IMPL fulldsp LATENCY 4 OPTYPE fsub PRAGMA {} RTLNAME faddfsub_32ns_32ns_32_5_full_dsp_1_U1 SOURCE dft.cpp:26 VARIABLE sub_4 LOOP VITIS_LOOP_20_2 BUNDLEDNAME {} DSP 2 BRAM 0 URAM 0 STORAGESUBTYPE {} DISPNAME {bind_op fsub} VISIBLE true} {BINDTYPE op ID {} IMPL fulldsp LATENCY 4 OPTYPE fsub PRAGMA {} RTLNAME faddfsub_32ns_32ns_32_5_full_dsp_1_U1 SOURCE dft.cpp:26 VARIABLE add_4 LOOP VITIS_LOOP_20_2 BUNDLEDNAME {} DSP 2 BRAM 0 URAM 0 STORAGESUBTYPE {} DISPNAME {bind_op fsub} VISIBLE true} {BINDTYPE op ID {} IMPL maxdsp LATENCY 3 OPTYPE fmul PRAGMA {} RTLNAME fmul_32ns_32ns_32_4_max_dsp_1_U3 SOURCE dft.cpp:27 VARIABLE mul23_4 LOOP VITIS_LOOP_20_2 BUNDLEDNAME {} DSP 3 BRAM 0 URAM 0 STORAGESUBTYPE {} DISPNAME {bind_op fmul} VISIBLE true} {BINDTYPE op ID {} IMPL maxdsp LATENCY 3 OPTYPE fmul PRAGMA {} RTLNAME fmul_32ns_32ns_32_4_max_dsp_1_U3 SOURCE dft.cpp:27 VARIABLE mul26_4 LOOP VITIS_LOOP_20_2 BUNDLEDNAME {} DSP 3 BRAM 0 URAM 0 STORAGESUBTYPE {} DISPNAME {bind_op fmul} VISIBLE true} {BINDTYPE op ID {} IMPL fulldsp LATENCY 4 OPTYPE fsub PRAGMA {} RTLNAME faddfsub_32ns_32ns_32_5_full_dsp_1_U1 SOURCE dft.cpp:27 VARIABLE add27_4 LOOP VITIS_LOOP_20_2 BUNDLEDNAME {} DSP 2 BRAM 0 URAM 0 STORAGESUBTYPE {} DISPNAME {bind_op fsub} VISIBLE true} {BINDTYPE op ID {} IMPL fulldsp LATENCY 4 OPTYPE fsub PRAGMA {} RTLNAME faddfsub_32ns_32ns_32_5_full_dsp_1_U1 SOURCE dft.cpp:27 VARIABLE add30_4 LOOP VITIS_LOOP_20_2 BUNDLEDNAME {} DSP 2 BRAM 0 URAM 0 STORAGESUBTYPE {} DISPNAME {bind_op fsub} VISIBLE true} {BINDTYPE op ID {} IMPL compactencoding_dontcare LATENCY 0 OPTYPE sparsemux PRAGMA {} RTLNAME sparsemux_9_5_32_1_1_U24 SOURCE dft.cpp:23 VARIABLE c_5 LOOP VITIS_LOOP_20_2 BUNDLEDNAME {} DSP 0 BRAM 0 URAM 0 STORAGESUBTYPE {} DISPNAME {bind_op sparsemux} VISIBLE false} {BINDTYPE op ID {} IMPL compactencoding_dontcare LATENCY 0 OPTYPE sparsemux PRAGMA {} RTLNAME sparsemux_9_5_32_1_1_U25 SOURCE dft.cpp:24 VARIABLE s_5 LOOP VITIS_LOOP_20_2 BUNDLEDNAME {} DSP 0 BRAM 0 URAM 0 STORAGESUBTYPE {} DISPNAME {bind_op sparsemux} VISIBLE false} {BINDTYPE op ID {} IMPL compactencoding_dontcare LATENCY 0 OPTYPE sparsemux PRAGMA {} RTLNAME sparsemux_9_5_32_1_1_U26 SOURCE dft.cpp:26 VARIABLE tmp_7 LOOP VITIS_LOOP_20_2 BUNDLEDNAME {} DSP 0 BRAM 0 URAM 0 STORAGESUBTYPE {} DISPNAME {bind_op sparsemux} VISIBLE false} {BINDTYPE op ID {} IMPL maxdsp LATENCY 3 OPTYPE fmul PRAGMA {} RTLNAME fmul_32ns_32ns_32_4_max_dsp_1_U3 SOURCE dft.cpp:26 VARIABLE mul_5 LOOP VITIS_LOOP_20_2 BUNDLEDNAME {} DSP 3 BRAM 0 URAM 0 STORAGESUBTYPE {} DISPNAME {bind_op fmul} VISIBLE true} {BINDTYPE op ID {} IMPL compactencoding_dontcare LATENCY 0 OPTYPE sparsemux PRAGMA {} RTLNAME sparsemux_9_5_32_1_1_U27 SOURCE dft.cpp:26 VARIABLE tmp_10 LOOP VITIS_LOOP_20_2 BUNDLEDNAME {} DSP 0 BRAM 0 URAM 0 STORAGESUBTYPE {} DISPNAME {bind_op sparsemux} VISIBLE false} {BINDTYPE op ID {} IMPL maxdsp LATENCY 3 OPTYPE fmul PRAGMA {} RTLNAME fmul_32ns_32ns_32_4_max_dsp_1_U3 SOURCE dft.cpp:26 VARIABLE mul18_5 LOOP VITIS_LOOP_20_2 BUNDLEDNAME {} DSP 3 BRAM 0 URAM 0 STORAGESUBTYPE {} DISPNAME {bind_op fmul} VISIBLE true} {BINDTYPE op ID {} IMPL fulldsp LATENCY 4 OPTYPE fadd PRAGMA {} RTLNAME faddfsub_32ns_32ns_32_5_full_dsp_1_U2 SOURCE dft.cpp:26 VARIABLE sub_5 LOOP VITIS_LOOP_20_2 BUNDLEDNAME {} DSP 2 BRAM 0 URAM 0 STORAGESUBTYPE {} DISPNAME {bind_op fadd} VISIBLE true} {BINDTYPE op ID {} IMPL fulldsp LATENCY 4 OPTYPE fsub PRAGMA {} RTLNAME faddfsub_32ns_32ns_32_5_full_dsp_1_U1 SOURCE dft.cpp:26 VARIABLE add_5 LOOP VITIS_LOOP_20_2 BUNDLEDNAME {} DSP 2 BRAM 0 URAM 0 STORAGESUBTYPE {} DISPNAME {bind_op fsub} VISIBLE true} {BINDTYPE op ID {} IMPL maxdsp LATENCY 3 OPTYPE fmul PRAGMA {} RTLNAME fmul_32ns_32ns_32_4_max_dsp_1_U3 SOURCE dft.cpp:27 VARIABLE mul23_5 LOOP VITIS_LOOP_20_2 BUNDLEDNAME {} DSP 3 BRAM 0 URAM 0 STORAGESUBTYPE {} DISPNAME {bind_op fmul} VISIBLE true} {BINDTYPE op ID {} IMPL maxdsp LATENCY 3 OPTYPE fmul PRAGMA {} RTLNAME fmul_32ns_32ns_32_4_max_dsp_1_U3 SOURCE dft.cpp:27 VARIABLE mul26_5 LOOP VITIS_LOOP_20_2 BUNDLEDNAME {} DSP 3 BRAM 0 URAM 0 STORAGESUBTYPE {} DISPNAME {bind_op fmul} VISIBLE true} {BINDTYPE op ID {} IMPL fulldsp LATENCY 4 OPTYPE fadd PRAGMA {} RTLNAME faddfsub_32ns_32ns_32_5_full_dsp_1_U2 SOURCE dft.cpp:27 VARIABLE add27_5 LOOP VITIS_LOOP_20_2 BUNDLEDNAME {} DSP 2 BRAM 0 URAM 0 STORAGESUBTYPE {} DISPNAME {bind_op fadd} VISIBLE true} {BINDTYPE op ID {} IMPL fulldsp LATENCY 4 OPTYPE fsub PRAGMA {} RTLNAME faddfsub_32ns_32ns_32_5_full_dsp_1_U1 SOURCE dft.cpp:27 VARIABLE add30_5 LOOP VITIS_LOOP_20_2 BUNDLEDNAME {} DSP 2 BRAM 0 URAM 0 STORAGESUBTYPE {} DISPNAME {bind_op fsub} VISIBLE true} {BINDTYPE op ID {} IMPL compactencoding_dontcare LATENCY 0 OPTYPE sparsemux PRAGMA {} RTLNAME sparsemux_9_5_32_1_1_U28 SOURCE dft.cpp:23 VARIABLE c_6 LOOP VITIS_LOOP_20_2 BUNDLEDNAME {} DSP 0 BRAM 0 URAM 0 STORAGESUBTYPE {} DISPNAME {bind_op sparsemux} VISIBLE false} {BINDTYPE op ID {} IMPL compactencoding_dontcare LATENCY 0 OPTYPE sparsemux PRAGMA {} RTLNAME sparsemux_9_5_32_1_1_U29 SOURCE dft.cpp:24 VARIABLE s_6 LOOP VITIS_LOOP_20_2 BUNDLEDNAME {} DSP 0 BRAM 0 URAM 0 STORAGESUBTYPE {} DISPNAME {bind_op sparsemux} VISIBLE false} {BINDTYPE op ID {} IMPL compactencoding_dontcare LATENCY 0 OPTYPE sparsemux PRAGMA {} RTLNAME sparsemux_9_5_32_1_1_U30 SOURCE dft.cpp:26 VARIABLE tmp_11 LOOP VITIS_LOOP_20_2 BUNDLEDNAME {} DSP 0 BRAM 0 URAM 0 STORAGESUBTYPE {} DISPNAME {bind_op sparsemux} VISIBLE false} {BINDTYPE op ID {} IMPL maxdsp LATENCY 3 OPTYPE fmul PRAGMA {} RTLNAME fmul_32ns_32ns_32_4_max_dsp_1_U3 SOURCE dft.cpp:26 VARIABLE mul_6 LOOP VITIS_LOOP_20_2 BUNDLEDNAME {} DSP 3 BRAM 0 URAM 0 STORAGESUBTYPE {} DISPNAME {bind_op fmul} VISIBLE true} {BINDTYPE op ID {} IMPL compactencoding_dontcare LATENCY 0 OPTYPE sparsemux PRAGMA {} RTLNAME sparsemux_9_5_32_1_1_U31 SOURCE dft.cpp:26 VARIABLE tmp_12 LOOP VITIS_LOOP_20_2 BUNDLEDNAME {} DSP 0 BRAM 0 URAM 0 STORAGESUBTYPE {} DISPNAME {bind_op sparsemux} VISIBLE false} {BINDTYPE op ID {} IMPL maxdsp LATENCY 3 OPTYPE fmul PRAGMA {} RTLNAME fmul_32ns_32ns_32_4_max_dsp_1_U3 SOURCE dft.cpp:26 VARIABLE mul18_6 LOOP VITIS_LOOP_20_2 BUNDLEDNAME {} DSP 3 BRAM 0 URAM 0 STORAGESUBTYPE {} DISPNAME {bind_op fmul} VISIBLE true} {BINDTYPE op ID {} IMPL fulldsp LATENCY 4 OPTYPE fsub PRAGMA {} RTLNAME faddfsub_32ns_32ns_32_5_full_dsp_1_U1 SOURCE dft.cpp:26 VARIABLE sub_6 LOOP VITIS_LOOP_20_2 BUNDLEDNAME {} DSP 2 BRAM 0 URAM 0 STORAGESUBTYPE {} DISPNAME {bind_op fsub} VISIBLE true} {BINDTYPE op ID {} IMPL fulldsp LATENCY 4 OPTYPE fsub PRAGMA {} RTLNAME faddfsub_32ns_32ns_32_5_full_dsp_1_U1 SOURCE dft.cpp:26 VARIABLE add_6 LOOP VITIS_LOOP_20_2 BUNDLEDNAME {} DSP 2 BRAM 0 URAM 0 STORAGESUBTYPE {} DISPNAME {bind_op fsub} VISIBLE true} {BINDTYPE op ID {} IMPL maxdsp LATENCY 3 OPTYPE fmul PRAGMA {} RTLNAME fmul_32ns_32ns_32_4_max_dsp_1_U3 SOURCE dft.cpp:27 VARIABLE mul23_6 LOOP VITIS_LOOP_20_2 BUNDLEDNAME {} DSP 3 BRAM 0 URAM 0 STORAGESUBTYPE {} DISPNAME {bind_op fmul} VISIBLE true} {BINDTYPE op ID {} IMPL maxdsp LATENCY 3 OPTYPE fmul PRAGMA {} RTLNAME fmul_32ns_32ns_32_4_max_dsp_1_U3 SOURCE dft.cpp:27 VARIABLE mul26_6 LOOP VITIS_LOOP_20_2 BUNDLEDNAME {} DSP 3 BRAM 0 URAM 0 STORAGESUBTYPE {} DISPNAME {bind_op fmul} VISIBLE true} {BINDTYPE op ID {} IMPL fulldsp LATENCY 4 OPTYPE fsub PRAGMA {} RTLNAME faddfsub_32ns_32ns_32_5_full_dsp_1_U1 SOURCE dft.cpp:27 VARIABLE add27_6 LOOP VITIS_LOOP_20_2 BUNDLEDNAME {} DSP 2 BRAM 0 URAM 0 STORAGESUBTYPE {} DISPNAME {bind_op fsub} VISIBLE true} {BINDTYPE op ID {} IMPL fulldsp LATENCY 4 OPTYPE fsub PRAGMA {} RTLNAME faddfsub_32ns_32ns_32_5_full_dsp_1_U1 SOURCE dft.cpp:27 VARIABLE add30_6 LOOP VITIS_LOOP_20_2 BUNDLEDNAME {} DSP 2 BRAM 0 URAM 0 STORAGESUBTYPE {} DISPNAME {bind_op fsub} VISIBLE true} {BINDTYPE op ID {} IMPL compactencoding_dontcare LATENCY 0 OPTYPE sparsemux PRAGMA {} RTLNAME sparsemux_9_5_32_1_1_U32 SOURCE dft.cpp:23 VARIABLE c_7 LOOP VITIS_LOOP_20_2 BUNDLEDNAME {} DSP 0 BRAM 0 URAM 0 STORAGESUBTYPE {} DISPNAME {bind_op sparsemux} VISIBLE false} {BINDTYPE op ID {} IMPL compactencoding_dontcare LATENCY 0 OPTYPE sparsemux PRAGMA {} RTLNAME sparsemux_9_5_32_1_1_U33 SOURCE dft.cpp:24 VARIABLE s_7 LOOP VITIS_LOOP_20_2 BUNDLEDNAME {} DSP 0 BRAM 0 URAM 0 STORAGESUBTYPE {} DISPNAME {bind_op sparsemux} VISIBLE false} {BINDTYPE op ID {} IMPL compactencoding_dontcare LATENCY 0 OPTYPE sparsemux PRAGMA {} RTLNAME sparsemux_9_5_32_1_1_U34 SOURCE dft.cpp:26 VARIABLE tmp_13 LOOP VITIS_LOOP_20_2 BUNDLEDNAME {} DSP 0 BRAM 0 URAM 0 STORAGESUBTYPE {} DISPNAME {bind_op sparsemux} VISIBLE false} {BINDTYPE op ID {} IMPL maxdsp LATENCY 3 OPTYPE fmul PRAGMA {} RTLNAME fmul_32ns_32ns_32_4_max_dsp_1_U3 SOURCE dft.cpp:26 VARIABLE mul_7 LOOP VITIS_LOOP_20_2 BUNDLEDNAME {} DSP 3 BRAM 0 URAM 0 STORAGESUBTYPE {} DISPNAME {bind_op fmul} VISIBLE true} {BINDTYPE op ID {} IMPL compactencoding_dontcare LATENCY 0 OPTYPE sparsemux PRAGMA {} RTLNAME sparsemux_9_5_32_1_1_U35 SOURCE dft.cpp:26 VARIABLE tmp_14 LOOP VITIS_LOOP_20_2 BUNDLEDNAME {} DSP 0 BRAM 0 URAM 0 STORAGESUBTYPE {} DISPNAME {bind_op sparsemux} VISIBLE false} {BINDTYPE op ID {} IMPL maxdsp LATENCY 3 OPTYPE fmul PRAGMA {} RTLNAME fmul_32ns_32ns_32_4_max_dsp_1_U3 SOURCE dft.cpp:26 VARIABLE mul18_7 LOOP VITIS_LOOP_20_2 BUNDLEDNAME {} DSP 3 BRAM 0 URAM 0 STORAGESUBTYPE {} DISPNAME {bind_op fmul} VISIBLE true} {BINDTYPE op ID {} IMPL fulldsp LATENCY 4 OPTYPE fsub PRAGMA {} RTLNAME faddfsub_32ns_32ns_32_5_full_dsp_1_U1 SOURCE dft.cpp:26 VARIABLE sub_7 LOOP VITIS_LOOP_20_2 BUNDLEDNAME {} DSP 2 BRAM 0 URAM 0 STORAGESUBTYPE {} DISPNAME {bind_op fsub} VISIBLE true} {BINDTYPE op ID {} IMPL fulldsp LATENCY 4 OPTYPE fsub PRAGMA {} RTLNAME faddfsub_32ns_32ns_32_5_full_dsp_1_U1 SOURCE dft.cpp:26 VARIABLE add_7 LOOP VITIS_LOOP_20_2 BUNDLEDNAME {} DSP 2 BRAM 0 URAM 0 STORAGESUBTYPE {} DISPNAME {bind_op fsub} VISIBLE true} {BINDTYPE op ID {} IMPL maxdsp LATENCY 3 OPTYPE fmul PRAGMA {} RTLNAME fmul_32ns_32ns_32_4_max_dsp_1_U3 SOURCE dft.cpp:27 VARIABLE mul23_7 LOOP VITIS_LOOP_20_2 BUNDLEDNAME {} DSP 3 BRAM 0 URAM 0 STORAGESUBTYPE {} DISPNAME {bind_op fmul} VISIBLE true} {BINDTYPE op ID {} IMPL maxdsp LATENCY 3 OPTYPE fmul PRAGMA {} RTLNAME fmul_32ns_32ns_32_4_max_dsp_1_U3 SOURCE dft.cpp:27 VARIABLE mul26_7 LOOP VITIS_LOOP_20_2 BUNDLEDNAME {} DSP 3 BRAM 0 URAM 0 STORAGESUBTYPE {} DISPNAME {bind_op fmul} VISIBLE true} {BINDTYPE op ID {} IMPL fulldsp LATENCY 4 OPTYPE fadd PRAGMA {} RTLNAME faddfsub_32ns_32ns_32_5_full_dsp_1_U2 SOURCE dft.cpp:27 VARIABLE add27_7 LOOP VITIS_LOOP_20_2 BUNDLEDNAME {} DSP 2 BRAM 0 URAM 0 STORAGESUBTYPE {} DISPNAME {bind_op fadd} VISIBLE true} {BINDTYPE op ID {} IMPL fulldsp LATENCY 4 OPTYPE fsub PRAGMA {} RTLNAME faddfsub_32ns_32ns_32_5_full_dsp_1_U1 SOURCE dft.cpp:27 VARIABLE add30_7 LOOP VITIS_LOOP_20_2 BUNDLEDNAME {} DSP 2 BRAM 0 URAM 0 STORAGESUBTYPE {} DISPNAME {bind_op fsub} VISIBLE true} {BINDTYPE op ID {} IMPL fabric LATENCY 0 OPTYPE add PRAGMA {} RTLNAME add_ln20_fu_1981_p2 SOURCE dft.cpp:20 VARIABLE add_ln20 LOOP VITIS_LOOP_20_2 BUNDLEDNAME {} DSP 0 BRAM 0 URAM 0 STORAGESUBTYPE {} DISPNAME {bind_op add} VISIBLE true}} AREA {DSP 7 BRAM 0 URAM 0}} dft {BINDINFO {{BINDTYPE op ID {} IMPL auto LATENCY 0 OPTYPE seteq PRAGMA {} RTLNAME icmp_ln16_fu_2626_p2 SOURCE dft.cpp:16 VARIABLE icmp_ln16 LOOP VITIS_LOOP_16_1 BUNDLEDNAME {} DSP 0 BRAM 0 URAM 0 STORAGESUBTYPE {} DISPNAME {bind_op seteq} VISIBLE false} {BINDTYPE op ID {} IMPL fabric LATENCY 0 OPTYPE add PRAGMA {} RTLNAME add_ln16_fu_2632_p2 SOURCE dft.cpp:16 VARIABLE add_ln16 LOOP VITIS_LOOP_16_1 BUNDLEDNAME {} DSP 0 BRAM 0 URAM 0 STORAGESUBTYPE {} DISPNAME {bind_op add} VISIBLE true} {BINDTYPE storage ID {} IMPL auto LATENCY 1 OPTYPE rom_1p PRAGMA {} RTLNAME p_ZL15cos_coeff_table_0_U SOURCE {} VARIABLE p_ZL15cos_coeff_table_0 LOOP {} BUNDLEDNAME {} DSP 0 BRAM 1 URAM 0 STORAGESUBTYPE {} STORAGESIZE {32 32 1} STORAGEUSAGE rom_1p DISPNAME {bind_storage rom_1p} VISIBLE true} {BINDTYPE storage ID {} IMPL auto LATENCY 1 OPTYPE rom_1p PRAGMA {} RTLNAME p_ZL15cos_coeff_table_8_U SOURCE {} VARIABLE p_ZL15cos_coeff_table_8 LOOP {} BUNDLEDNAME {} DSP 0 BRAM 1 URAM 0 STORAGESUBTYPE {} STORAGESIZE {32 32 1} STORAGEUSAGE rom_1p DISPNAME {bind_storage rom_1p} VISIBLE true} {BINDTYPE storage ID {} IMPL auto LATENCY 1 OPTYPE rom_1p PRAGMA {} RTLNAME p_ZL15cos_coeff_table_16_U SOURCE {} VARIABLE p_ZL15cos_coeff_table_16 LOOP {} BUNDLEDNAME {} DSP 0 BRAM 1 URAM 0 STORAGESUBTYPE {} STORAGESIZE {32 32 1} STORAGEUSAGE rom_1p DISPNAME {bind_storage rom_1p} VISIBLE true} {BINDTYPE storage ID {} IMPL auto LATENCY 1 OPTYPE rom_1p PRAGMA {} RTLNAME p_ZL15cos_coeff_table_24_U SOURCE {} VARIABLE p_ZL15cos_coeff_table_24 LOOP {} BUNDLEDNAME {} DSP 0 BRAM 1 URAM 0 STORAGESUBTYPE {} STORAGESIZE {32 32 1} STORAGEUSAGE rom_1p DISPNAME {bind_storage rom_1p} VISIBLE true} {BINDTYPE storage ID {} IMPL auto LATENCY 1 OPTYPE rom_1p PRAGMA {} RTLNAME p_ZL15sin_coeff_table_0_U SOURCE {} VARIABLE p_ZL15sin_coeff_table_0 LOOP {} BUNDLEDNAME {} DSP 0 BRAM 1 URAM 0 STORAGESUBTYPE {} STORAGESIZE {32 32 1} STORAGEUSAGE rom_1p DISPNAME {bind_storage rom_1p} VISIBLE true} {BINDTYPE storage ID {} IMPL auto LATENCY 1 OPTYPE rom_1p PRAGMA {} RTLNAME p_ZL15sin_coeff_table_8_U SOURCE {} VARIABLE p_ZL15sin_coeff_table_8 LOOP {} BUNDLEDNAME {} DSP 0 BRAM 1 URAM 0 STORAGESUBTYPE {} STORAGESIZE {32 32 1} STORAGEUSAGE rom_1p DISPNAME {bind_storage rom_1p} VISIBLE true} {BINDTYPE storage ID {} IMPL auto LATENCY 1 OPTYPE rom_1p PRAGMA {} RTLNAME p_ZL15sin_coeff_table_16_U SOURCE {} VARIABLE p_ZL15sin_coeff_table_16 LOOP {} BUNDLEDNAME {} DSP 0 BRAM 1 URAM 0 STORAGESUBTYPE {} STORAGESIZE {32 32 1} STORAGEUSAGE rom_1p DISPNAME {bind_storage rom_1p} VISIBLE true} {BINDTYPE storage ID {} IMPL auto LATENCY 1 OPTYPE rom_1p PRAGMA {} RTLNAME p_ZL15sin_coeff_table_24_U SOURCE {} VARIABLE p_ZL15sin_coeff_table_24 LOOP {} BUNDLEDNAME {} DSP 0 BRAM 1 URAM 0 STORAGESUBTYPE {} STORAGESIZE {32 32 1} STORAGEUSAGE rom_1p DISPNAME {bind_storage rom_1p} VISIBLE true} {BINDTYPE storage ID {} IMPL auto LATENCY 1 OPTYPE rom_1p PRAGMA {} RTLNAME p_ZL15cos_coeff_table_1_U SOURCE {} VARIABLE p_ZL15cos_coeff_table_1 LOOP {} BUNDLEDNAME {} DSP 0 BRAM 1 URAM 0 STORAGESUBTYPE {} STORAGESIZE {32 32 1} STORAGEUSAGE rom_1p DISPNAME {bind_storage rom_1p} VISIBLE true} {BINDTYPE storage ID {} IMPL auto LATENCY 1 OPTYPE rom_1p PRAGMA {} RTLNAME p_ZL15cos_coeff_table_9_U SOURCE {} VARIABLE p_ZL15cos_coeff_table_9 LOOP {} BUNDLEDNAME {} DSP 0 BRAM 1 URAM 0 STORAGESUBTYPE {} STORAGESIZE {32 32 1} STORAGEUSAGE rom_1p DISPNAME {bind_storage rom_1p} VISIBLE true} {BINDTYPE storage ID {} IMPL auto LATENCY 1 OPTYPE rom_1p PRAGMA {} RTLNAME p_ZL15cos_coeff_table_17_U SOURCE {} VARIABLE p_ZL15cos_coeff_table_17 LOOP {} BUNDLEDNAME {} DSP 0 BRAM 1 URAM 0 STORAGESUBTYPE {} STORAGESIZE {32 32 1} STORAGEUSAGE rom_1p DISPNAME {bind_storage rom_1p} VISIBLE true} {BINDTYPE storage ID {} IMPL auto LATENCY 1 OPTYPE rom_1p PRAGMA {} RTLNAME p_ZL15cos_coeff_table_25_U SOURCE {} VARIABLE p_ZL15cos_coeff_table_25 LOOP {} BUNDLEDNAME {} DSP 0 BRAM 1 URAM 0 STORAGESUBTYPE {} STORAGESIZE {32 32 1} STORAGEUSAGE rom_1p DISPNAME {bind_storage rom_1p} VISIBLE true} {BINDTYPE storage ID {} IMPL auto LATENCY 1 OPTYPE rom_1p PRAGMA {} RTLNAME p_ZL15sin_coeff_table_1_U SOURCE {} VARIABLE p_ZL15sin_coeff_table_1 LOOP {} BUNDLEDNAME {} DSP 0 BRAM 1 URAM 0 STORAGESUBTYPE {} STORAGESIZE {32 32 1} STORAGEUSAGE rom_1p DISPNAME {bind_storage rom_1p} VISIBLE true} {BINDTYPE storage ID {} IMPL auto LATENCY 1 OPTYPE rom_1p PRAGMA {} RTLNAME p_ZL15sin_coeff_table_9_U SOURCE {} VARIABLE p_ZL15sin_coeff_table_9 LOOP {} BUNDLEDNAME {} DSP 0 BRAM 1 URAM 0 STORAGESUBTYPE {} STORAGESIZE {32 32 1} STORAGEUSAGE rom_1p DISPNAME {bind_storage rom_1p} VISIBLE true} {BINDTYPE storage ID {} IMPL auto LATENCY 1 OPTYPE rom_1p PRAGMA {} RTLNAME p_ZL15sin_coeff_table_17_U SOURCE {} VARIABLE p_ZL15sin_coeff_table_17 LOOP {} BUNDLEDNAME {} DSP 0 BRAM 1 URAM 0 STORAGESUBTYPE {} STORAGESIZE {32 32 1} STORAGEUSAGE rom_1p DISPNAME {bind_storage rom_1p} VISIBLE true} {BINDTYPE storage ID {} IMPL auto LATENCY 1 OPTYPE rom_1p PRAGMA {} RTLNAME p_ZL15sin_coeff_table_25_U SOURCE {} VARIABLE p_ZL15sin_coeff_table_25 LOOP {} BUNDLEDNAME {} DSP 0 BRAM 1 URAM 0 STORAGESUBTYPE {} STORAGESIZE {32 32 1} STORAGEUSAGE rom_1p DISPNAME {bind_storage rom_1p} VISIBLE true} {BINDTYPE storage ID {} IMPL auto LATENCY 1 OPTYPE rom_1p PRAGMA {} RTLNAME p_ZL15cos_coeff_table_2_U SOURCE {} VARIABLE p_ZL15cos_coeff_table_2 LOOP {} BUNDLEDNAME {} DSP 0 BRAM 1 URAM 0 STORAGESUBTYPE {} STORAGESIZE {32 32 1} STORAGEUSAGE rom_1p DISPNAME {bind_storage rom_1p} VISIBLE true} {BINDTYPE storage ID {} IMPL auto LATENCY 1 OPTYPE rom_1p PRAGMA {} RTLNAME p_ZL15cos_coeff_table_10_U SOURCE {} VARIABLE p_ZL15cos_coeff_table_10 LOOP {} BUNDLEDNAME {} DSP 0 BRAM 1 URAM 0 STORAGESUBTYPE {} STORAGESIZE {32 32 1} STORAGEUSAGE rom_1p DISPNAME {bind_storage rom_1p} VISIBLE true} {BINDTYPE storage ID {} IMPL auto LATENCY 1 OPTYPE rom_1p PRAGMA {} RTLNAME p_ZL15cos_coeff_table_18_U SOURCE {} VARIABLE p_ZL15cos_coeff_table_18 LOOP {} BUNDLEDNAME {} DSP 0 BRAM 1 URAM 0 STORAGESUBTYPE {} STORAGESIZE {32 32 1} STORAGEUSAGE rom_1p DISPNAME {bind_storage rom_1p} VISIBLE true} {BINDTYPE storage ID {} IMPL auto LATENCY 1 OPTYPE rom_1p PRAGMA {} RTLNAME p_ZL15cos_coeff_table_26_U SOURCE {} VARIABLE p_ZL15cos_coeff_table_26 LOOP {} BUNDLEDNAME {} DSP 0 BRAM 1 URAM 0 STORAGESUBTYPE {} STORAGESIZE {32 32 1} STORAGEUSAGE rom_1p DISPNAME {bind_storage rom_1p} VISIBLE true} {BINDTYPE storage ID {} IMPL auto LATENCY 1 OPTYPE rom_1p PRAGMA {} RTLNAME p_ZL15sin_coeff_table_2_U SOURCE {} VARIABLE p_ZL15sin_coeff_table_2 LOOP {} BUNDLEDNAME {} DSP 0 BRAM 1 URAM 0 STORAGESUBTYPE {} STORAGESIZE {32 32 1} STORAGEUSAGE rom_1p DISPNAME {bind_storage rom_1p} VISIBLE true} {BINDTYPE storage ID {} IMPL auto LATENCY 1 OPTYPE rom_1p PRAGMA {} RTLNAME p_ZL15sin_coeff_table_10_U SOURCE {} VARIABLE p_ZL15sin_coeff_table_10 LOOP {} BUNDLEDNAME {} DSP 0 BRAM 1 URAM 0 STORAGESUBTYPE {} STORAGESIZE {32 32 1} STORAGEUSAGE rom_1p DISPNAME {bind_storage rom_1p} VISIBLE true} {BINDTYPE storage ID {} IMPL auto LATENCY 1 OPTYPE rom_1p PRAGMA {} RTLNAME p_ZL15sin_coeff_table_18_U SOURCE {} VARIABLE p_ZL15sin_coeff_table_18 LOOP {} BUNDLEDNAME {} DSP 0 BRAM 1 URAM 0 STORAGESUBTYPE {} STORAGESIZE {32 32 1} STORAGEUSAGE rom_1p DISPNAME {bind_storage rom_1p} VISIBLE true} {BINDTYPE storage ID {} IMPL auto LATENCY 1 OPTYPE rom_1p PRAGMA {} RTLNAME p_ZL15sin_coeff_table_26_U SOURCE {} VARIABLE p_ZL15sin_coeff_table_26 LOOP {} BUNDLEDNAME {} DSP 0 BRAM 1 URAM 0 STORAGESUBTYPE {} STORAGESIZE {32 32 1} STORAGEUSAGE rom_1p DISPNAME {bind_storage rom_1p} VISIBLE true} {BINDTYPE storage ID {} IMPL auto LATENCY 1 OPTYPE rom_1p PRAGMA {} RTLNAME p_ZL15cos_coeff_table_3_U SOURCE {} VARIABLE p_ZL15cos_coeff_table_3 LOOP {} BUNDLEDNAME {} DSP 0 BRAM 1 URAM 0 STORAGESUBTYPE {} STORAGESIZE {32 32 1} STORAGEUSAGE rom_1p DISPNAME {bind_storage rom_1p} VISIBLE true} {BINDTYPE storage ID {} IMPL auto LATENCY 1 OPTYPE rom_1p PRAGMA {} RTLNAME p_ZL15cos_coeff_table_11_U SOURCE {} VARIABLE p_ZL15cos_coeff_table_11 LOOP {} BUNDLEDNAME {} DSP 0 BRAM 1 URAM 0 STORAGESUBTYPE {} STORAGESIZE {32 32 1} STORAGEUSAGE rom_1p DISPNAME {bind_storage rom_1p} VISIBLE true} {BINDTYPE storage ID {} IMPL auto LATENCY 1 OPTYPE rom_1p PRAGMA {} RTLNAME p_ZL15cos_coeff_table_19_U SOURCE {} VARIABLE p_ZL15cos_coeff_table_19 LOOP {} BUNDLEDNAME {} DSP 0 BRAM 1 URAM 0 STORAGESUBTYPE {} STORAGESIZE {32 32 1} STORAGEUSAGE rom_1p DISPNAME {bind_storage rom_1p} VISIBLE true} {BINDTYPE storage ID {} IMPL auto LATENCY 1 OPTYPE rom_1p PRAGMA {} RTLNAME p_ZL15cos_coeff_table_27_U SOURCE {} VARIABLE p_ZL15cos_coeff_table_27 LOOP {} BUNDLEDNAME {} DSP 0 BRAM 1 URAM 0 STORAGESUBTYPE {} STORAGESIZE {32 32 1} STORAGEUSAGE rom_1p DISPNAME {bind_storage rom_1p} VISIBLE true} {BINDTYPE storage ID {} IMPL auto LATENCY 1 OPTYPE rom_1p PRAGMA {} RTLNAME p_ZL15sin_coeff_table_3_U SOURCE {} VARIABLE p_ZL15sin_coeff_table_3 LOOP {} BUNDLEDNAME {} DSP 0 BRAM 1 URAM 0 STORAGESUBTYPE {} STORAGESIZE {32 32 1} STORAGEUSAGE rom_1p DISPNAME {bind_storage rom_1p} VISIBLE true} {BINDTYPE storage ID {} IMPL auto LATENCY 1 OPTYPE rom_1p PRAGMA {} RTLNAME p_ZL15sin_coeff_table_11_U SOURCE {} VARIABLE p_ZL15sin_coeff_table_11 LOOP {} BUNDLEDNAME {} DSP 0 BRAM 1 URAM 0 STORAGESUBTYPE {} STORAGESIZE {32 32 1} STORAGEUSAGE rom_1p DISPNAME {bind_storage rom_1p} VISIBLE true} {BINDTYPE storage ID {} IMPL auto LATENCY 1 OPTYPE rom_1p PRAGMA {} RTLNAME p_ZL15sin_coeff_table_19_U SOURCE {} VARIABLE p_ZL15sin_coeff_table_19 LOOP {} BUNDLEDNAME {} DSP 0 BRAM 1 URAM 0 STORAGESUBTYPE {} STORAGESIZE {32 32 1} STORAGEUSAGE rom_1p DISPNAME {bind_storage rom_1p} VISIBLE true} {BINDTYPE storage ID {} IMPL auto LATENCY 1 OPTYPE rom_1p PRAGMA {} RTLNAME p_ZL15sin_coeff_table_27_U SOURCE {} VARIABLE p_ZL15sin_coeff_table_27 LOOP {} BUNDLEDNAME {} DSP 0 BRAM 1 URAM 0 STORAGESUBTYPE {} STORAGESIZE {32 32 1} STORAGEUSAGE rom_1p DISPNAME {bind_storage rom_1p} VISIBLE true} {BINDTYPE storage ID {} IMPL auto LATENCY 1 OPTYPE rom_1p PRAGMA {} RTLNAME p_ZL15cos_coeff_table_4_U SOURCE {} VARIABLE p_ZL15cos_coeff_table_4 LOOP {} BUNDLEDNAME {} DSP 0 BRAM 1 URAM 0 STORAGESUBTYPE {} STORAGESIZE {32 32 1} STORAGEUSAGE rom_1p DISPNAME {bind_storage rom_1p} VISIBLE true} {BINDTYPE storage ID {} IMPL auto LATENCY 1 OPTYPE rom_1p PRAGMA {} RTLNAME p_ZL15cos_coeff_table_12_U SOURCE {} VARIABLE p_ZL15cos_coeff_table_12 LOOP {} BUNDLEDNAME {} DSP 0 BRAM 1 URAM 0 STORAGESUBTYPE {} STORAGESIZE {32 32 1} STORAGEUSAGE rom_1p DISPNAME {bind_storage rom_1p} VISIBLE true} {BINDTYPE storage ID {} IMPL auto LATENCY 1 OPTYPE rom_1p PRAGMA {} RTLNAME p_ZL15cos_coeff_table_20_U SOURCE {} VARIABLE p_ZL15cos_coeff_table_20 LOOP {} BUNDLEDNAME {} DSP 0 BRAM 1 URAM 0 STORAGESUBTYPE {} STORAGESIZE {32 32 1} STORAGEUSAGE rom_1p DISPNAME {bind_storage rom_1p} VISIBLE true} {BINDTYPE storage ID {} IMPL auto LATENCY 1 OPTYPE rom_1p PRAGMA {} RTLNAME p_ZL15cos_coeff_table_28_U SOURCE {} VARIABLE p_ZL15cos_coeff_table_28 LOOP {} BUNDLEDNAME {} DSP 0 BRAM 1 URAM 0 STORAGESUBTYPE {} STORAGESIZE {32 32 1} STORAGEUSAGE rom_1p DISPNAME {bind_storage rom_1p} VISIBLE true} {BINDTYPE storage ID {} IMPL auto LATENCY 1 OPTYPE rom_1p PRAGMA {} RTLNAME p_ZL15sin_coeff_table_4_U SOURCE {} VARIABLE p_ZL15sin_coeff_table_4 LOOP {} BUNDLEDNAME {} DSP 0 BRAM 1 URAM 0 STORAGESUBTYPE {} STORAGESIZE {32 32 1} STORAGEUSAGE rom_1p DISPNAME {bind_storage rom_1p} VISIBLE true} {BINDTYPE storage ID {} IMPL auto LATENCY 1 OPTYPE rom_1p PRAGMA {} RTLNAME p_ZL15sin_coeff_table_12_U SOURCE {} VARIABLE p_ZL15sin_coeff_table_12 LOOP {} BUNDLEDNAME {} DSP 0 BRAM 1 URAM 0 STORAGESUBTYPE {} STORAGESIZE {32 32 1} STORAGEUSAGE rom_1p DISPNAME {bind_storage rom_1p} VISIBLE true} {BINDTYPE storage ID {} IMPL auto LATENCY 1 OPTYPE rom_1p PRAGMA {} RTLNAME p_ZL15sin_coeff_table_20_U SOURCE {} VARIABLE p_ZL15sin_coeff_table_20 LOOP {} BUNDLEDNAME {} DSP 0 BRAM 1 URAM 0 STORAGESUBTYPE {} STORAGESIZE {32 32 1} STORAGEUSAGE rom_1p DISPNAME {bind_storage rom_1p} VISIBLE true} {BINDTYPE storage ID {} IMPL auto LATENCY 1 OPTYPE rom_1p PRAGMA {} RTLNAME p_ZL15sin_coeff_table_28_U SOURCE {} VARIABLE p_ZL15sin_coeff_table_28 LOOP {} BUNDLEDNAME {} DSP 0 BRAM 1 URAM 0 STORAGESUBTYPE {} STORAGESIZE {32 32 1} STORAGEUSAGE rom_1p DISPNAME {bind_storage rom_1p} VISIBLE true} {BINDTYPE storage ID {} IMPL auto LATENCY 1 OPTYPE rom_1p PRAGMA {} RTLNAME p_ZL15cos_coeff_table_5_U SOURCE {} VARIABLE p_ZL15cos_coeff_table_5 LOOP {} BUNDLEDNAME {} DSP 0 BRAM 1 URAM 0 STORAGESUBTYPE {} STORAGESIZE {32 32 1} STORAGEUSAGE rom_1p DISPNAME {bind_storage rom_1p} VISIBLE true} {BINDTYPE storage ID {} IMPL auto LATENCY 1 OPTYPE rom_1p PRAGMA {} RTLNAME p_ZL15cos_coeff_table_13_U SOURCE {} VARIABLE p_ZL15cos_coeff_table_13 LOOP {} BUNDLEDNAME {} DSP 0 BRAM 1 URAM 0 STORAGESUBTYPE {} STORAGESIZE {32 32 1} STORAGEUSAGE rom_1p DISPNAME {bind_storage rom_1p} VISIBLE true} {BINDTYPE storage ID {} IMPL auto LATENCY 1 OPTYPE rom_1p PRAGMA {} RTLNAME p_ZL15cos_coeff_table_21_U SOURCE {} VARIABLE p_ZL15cos_coeff_table_21 LOOP {} BUNDLEDNAME {} DSP 0 BRAM 1 URAM 0 STORAGESUBTYPE {} STORAGESIZE {32 32 1} STORAGEUSAGE rom_1p DISPNAME {bind_storage rom_1p} VISIBLE true} {BINDTYPE storage ID {} IMPL auto LATENCY 1 OPTYPE rom_1p PRAGMA {} RTLNAME p_ZL15cos_coeff_table_29_U SOURCE {} VARIABLE p_ZL15cos_coeff_table_29 LOOP {} BUNDLEDNAME {} DSP 0 BRAM 1 URAM 0 STORAGESUBTYPE {} STORAGESIZE {32 32 1} STORAGEUSAGE rom_1p DISPNAME {bind_storage rom_1p} VISIBLE true} {BINDTYPE storage ID {} IMPL auto LATENCY 1 OPTYPE rom_1p PRAGMA {} RTLNAME p_ZL15sin_coeff_table_5_U SOURCE {} VARIABLE p_ZL15sin_coeff_table_5 LOOP {} BUNDLEDNAME {} DSP 0 BRAM 1 URAM 0 STORAGESUBTYPE {} STORAGESIZE {32 32 1} STORAGEUSAGE rom_1p DISPNAME {bind_storage rom_1p} VISIBLE true} {BINDTYPE storage ID {} IMPL auto LATENCY 1 OPTYPE rom_1p PRAGMA {} RTLNAME p_ZL15sin_coeff_table_13_U SOURCE {} VARIABLE p_ZL15sin_coeff_table_13 LOOP {} BUNDLEDNAME {} DSP 0 BRAM 1 URAM 0 STORAGESUBTYPE {} STORAGESIZE {32 32 1} STORAGEUSAGE rom_1p DISPNAME {bind_storage rom_1p} VISIBLE true} {BINDTYPE storage ID {} IMPL auto LATENCY 1 OPTYPE rom_1p PRAGMA {} RTLNAME p_ZL15sin_coeff_table_21_U SOURCE {} VARIABLE p_ZL15sin_coeff_table_21 LOOP {} BUNDLEDNAME {} DSP 0 BRAM 1 URAM 0 STORAGESUBTYPE {} STORAGESIZE {32 32 1} STORAGEUSAGE rom_1p DISPNAME {bind_storage rom_1p} VISIBLE true} {BINDTYPE storage ID {} IMPL auto LATENCY 1 OPTYPE rom_1p PRAGMA {} RTLNAME p_ZL15sin_coeff_table_29_U SOURCE {} VARIABLE p_ZL15sin_coeff_table_29 LOOP {} BUNDLEDNAME {} DSP 0 BRAM 1 URAM 0 STORAGESUBTYPE {} STORAGESIZE {32 32 1} STORAGEUSAGE rom_1p DISPNAME {bind_storage rom_1p} VISIBLE true} {BINDTYPE storage ID {} IMPL auto LATENCY 1 OPTYPE rom_1p PRAGMA {} RTLNAME p_ZL15cos_coeff_table_6_U SOURCE {} VARIABLE p_ZL15cos_coeff_table_6 LOOP {} BUNDLEDNAME {} DSP 0 BRAM 1 URAM 0 STORAGESUBTYPE {} STORAGESIZE {32 32 1} STORAGEUSAGE rom_1p DISPNAME {bind_storage rom_1p} VISIBLE true} {BINDTYPE storage ID {} IMPL auto LATENCY 1 OPTYPE rom_1p PRAGMA {} RTLNAME p_ZL15cos_coeff_table_14_U SOURCE {} VARIABLE p_ZL15cos_coeff_table_14 LOOP {} BUNDLEDNAME {} DSP 0 BRAM 1 URAM 0 STORAGESUBTYPE {} STORAGESIZE {32 32 1} STORAGEUSAGE rom_1p DISPNAME {bind_storage rom_1p} VISIBLE true} {BINDTYPE storage ID {} IMPL auto LATENCY 1 OPTYPE rom_1p PRAGMA {} RTLNAME p_ZL15cos_coeff_table_22_U SOURCE {} VARIABLE p_ZL15cos_coeff_table_22 LOOP {} BUNDLEDNAME {} DSP 0 BRAM 1 URAM 0 STORAGESUBTYPE {} STORAGESIZE {32 32 1} STORAGEUSAGE rom_1p DISPNAME {bind_storage rom_1p} VISIBLE true} {BINDTYPE storage ID {} IMPL auto LATENCY 1 OPTYPE rom_1p PRAGMA {} RTLNAME p_ZL15cos_coeff_table_30_U SOURCE {} VARIABLE p_ZL15cos_coeff_table_30 LOOP {} BUNDLEDNAME {} DSP 0 BRAM 1 URAM 0 STORAGESUBTYPE {} STORAGESIZE {32 32 1} STORAGEUSAGE rom_1p DISPNAME {bind_storage rom_1p} VISIBLE true} {BINDTYPE storage ID {} IMPL auto LATENCY 1 OPTYPE rom_1p PRAGMA {} RTLNAME p_ZL15sin_coeff_table_6_U SOURCE {} VARIABLE p_ZL15sin_coeff_table_6 LOOP {} BUNDLEDNAME {} DSP 0 BRAM 1 URAM 0 STORAGESUBTYPE {} STORAGESIZE {32 32 1} STORAGEUSAGE rom_1p DISPNAME {bind_storage rom_1p} VISIBLE true} {BINDTYPE storage ID {} IMPL auto LATENCY 1 OPTYPE rom_1p PRAGMA {} RTLNAME p_ZL15sin_coeff_table_14_U SOURCE {} VARIABLE p_ZL15sin_coeff_table_14 LOOP {} BUNDLEDNAME {} DSP 0 BRAM 1 URAM 0 STORAGESUBTYPE {} STORAGESIZE {32 32 1} STORAGEUSAGE rom_1p DISPNAME {bind_storage rom_1p} VISIBLE true} {BINDTYPE storage ID {} IMPL auto LATENCY 1 OPTYPE rom_1p PRAGMA {} RTLNAME p_ZL15sin_coeff_table_22_U SOURCE {} VARIABLE p_ZL15sin_coeff_table_22 LOOP {} BUNDLEDNAME {} DSP 0 BRAM 1 URAM 0 STORAGESUBTYPE {} STORAGESIZE {32 32 1} STORAGEUSAGE rom_1p DISPNAME {bind_storage rom_1p} VISIBLE true} {BINDTYPE storage ID {} IMPL auto LATENCY 1 OPTYPE rom_1p PRAGMA {} RTLNAME p_ZL15sin_coeff_table_30_U SOURCE {} VARIABLE p_ZL15sin_coeff_table_30 LOOP {} BUNDLEDNAME {} DSP 0 BRAM 1 URAM 0 STORAGESUBTYPE {} STORAGESIZE {32 32 1} STORAGEUSAGE rom_1p DISPNAME {bind_storage rom_1p} VISIBLE true} {BINDTYPE storage ID {} IMPL auto LATENCY 1 OPTYPE rom_1p PRAGMA {} RTLNAME p_ZL15cos_coeff_table_7_U SOURCE {} VARIABLE p_ZL15cos_coeff_table_7 LOOP {} BUNDLEDNAME {} DSP 0 BRAM 1 URAM 0 STORAGESUBTYPE {} STORAGESIZE {32 32 1} STORAGEUSAGE rom_1p DISPNAME {bind_storage rom_1p} VISIBLE true} {BINDTYPE storage ID {} IMPL auto LATENCY 1 OPTYPE rom_1p PRAGMA {} RTLNAME p_ZL15cos_coeff_table_15_U SOURCE {} VARIABLE p_ZL15cos_coeff_table_15 LOOP {} BUNDLEDNAME {} DSP 0 BRAM 1 URAM 0 STORAGESUBTYPE {} STORAGESIZE {32 32 1} STORAGEUSAGE rom_1p DISPNAME {bind_storage rom_1p} VISIBLE true} {BINDTYPE storage ID {} IMPL auto LATENCY 1 OPTYPE rom_1p PRAGMA {} RTLNAME p_ZL15cos_coeff_table_23_U SOURCE {} VARIABLE p_ZL15cos_coeff_table_23 LOOP {} BUNDLEDNAME {} DSP 0 BRAM 1 URAM 0 STORAGESUBTYPE {} STORAGESIZE {32 32 1} STORAGEUSAGE rom_1p DISPNAME {bind_storage rom_1p} VISIBLE true} {BINDTYPE storage ID {} IMPL auto LATENCY 1 OPTYPE rom_1p PRAGMA {} RTLNAME p_ZL15cos_coeff_table_31_U SOURCE {} VARIABLE p_ZL15cos_coeff_table_31 LOOP {} BUNDLEDNAME {} DSP 0 BRAM 1 URAM 0 STORAGESUBTYPE {} STORAGESIZE {32 32 1} STORAGEUSAGE rom_1p DISPNAME {bind_storage rom_1p} VISIBLE true} {BINDTYPE storage ID {} IMPL auto LATENCY 1 OPTYPE rom_1p PRAGMA {} RTLNAME p_ZL15sin_coeff_table_7_U SOURCE {} VARIABLE p_ZL15sin_coeff_table_7 LOOP {} BUNDLEDNAME {} DSP 0 BRAM 1 URAM 0 STORAGESUBTYPE {} STORAGESIZE {32 32 1} STORAGEUSAGE rom_1p DISPNAME {bind_storage rom_1p} VISIBLE true} {BINDTYPE storage ID {} IMPL auto LATENCY 1 OPTYPE rom_1p PRAGMA {} RTLNAME p_ZL15sin_coeff_table_15_U SOURCE {} VARIABLE p_ZL15sin_coeff_table_15 LOOP {} BUNDLEDNAME {} DSP 0 BRAM 1 URAM 0 STORAGESUBTYPE {} STORAGESIZE {32 32 1} STORAGEUSAGE rom_1p DISPNAME {bind_storage rom_1p} VISIBLE true} {BINDTYPE storage ID {} IMPL auto LATENCY 1 OPTYPE rom_1p PRAGMA {} RTLNAME p_ZL15sin_coeff_table_23_U SOURCE {} VARIABLE p_ZL15sin_coeff_table_23 LOOP {} BUNDLEDNAME {} DSP 0 BRAM 1 URAM 0 STORAGESUBTYPE {} STORAGESIZE {32 32 1} STORAGEUSAGE rom_1p DISPNAME {bind_storage rom_1p} VISIBLE true} {BINDTYPE storage ID {} IMPL auto LATENCY 1 OPTYPE rom_1p PRAGMA {} RTLNAME p_ZL15sin_coeff_table_31_U SOURCE {} VARIABLE p_ZL15sin_coeff_table_31 LOOP {} BUNDLEDNAME {} DSP 0 BRAM 1 URAM 0 STORAGESUBTYPE {} STORAGESIZE {32 32 1} STORAGEUSAGE rom_1p DISPNAME {bind_storage rom_1p} VISIBLE true}} AREA {DSP 7 BRAM 64 URAM 0}}}}'
INFO-FLOW: DBG:PUTS:      update_csynth_reports json2rpt_hw_sw_interfaces
INFO-FLOW: Running: gen_csynth_sec_pragma
INFO-FLOW: Done: gen_csynth_sec_pragma time: 0 seconds per iteration
INFO-FLOW: DBG:PUTS:      update_csynth_reports wrote xml
INFO-FLOW: DBG:PUTS:      update_csynth_reports appended to csynth rpt file
INFO: [HLS 200-111] Finished Updating report files: CPU user time: 2.93 seconds. CPU system time: 0.1 seconds. Elapsed time: 3.2 seconds; current allocated memory: 737.426 MB.
INFO: [VHDL 208-304] Generating VHDL RTL for dft.
INFO: [VLOG 209-307] Generating Verilog RTL for dft.
Execute         syn_report -model dft -printsummary 
INFO: [HLS 200-790] **** Loop Constraint Status: All loop constraints were NOT satisfied.
INFO: [HLS 200-789] **** Estimated Fmax: 107.47 MHz
Command       autosyn done; 9.77 sec.
Command     csynth_design done; 23.81 sec.
INFO: [HLS 200-2161] Finished Command csynth_design Elapsed time: 00:00:23; Allocated memory: 94.484 MB.
Execute     cleanup_all 
