

================================================================
== Vitis HLS Report for 'dft'
================================================================
* Date:           Tue Nov  4 13:37:06 2025

* Version:        2024.2 (Build 5238294 on Nov  8 2024)
* Project:        dft.comp
* Solution:       hls (Vivado IP Flow Target)
* Product family: zynq
* Target device:  xc7z020-clg400-1


================================================================
== Performance Estimates
================================================================
+ Timing: 
    * Summary: 
    +--------+----------+----------+------------+
    |  Clock |  Target  | Estimated| Uncertainty|
    +--------+----------+----------+------------+
    |ap_clk  |  10.00 ns|  9.591 ns|     2.70 ns|
    +--------+----------+----------+------------+

+ Latency: 
    * Summary: 
    +---------+---------+-----------+-----------+------+------+---------+
    |  Latency (cycles) |   Latency (absolute)  |   Interval  | Pipeline|
    |   min   |   max   |    min    |    max    |  min |  max |   Type  |
    +---------+---------+-----------+-----------+------+------+---------+
    |     5761|     5761|  57.610 us|  57.610 us|  5762|  5762|       no|
    +---------+---------+-----------+-----------+------+------+---------+

    + Detail: 
        * Instance: 
        N/A

        * Loop: 
        +-------------------+---------+---------+----------+-----------+-----------+------+----------+
        |                   |  Latency (cycles) | Iteration|  Initiation Interval  | Trip |          |
        |     Loop Name     |   min   |   max   |  Latency |  achieved |   target  | Count| Pipelined|
        +-------------------+---------+---------+----------+-----------+-----------+------+----------+
        |- VITIS_LOOP_16_1  |     5760|     5760|       180|          -|          -|    32|        no|
        +-------------------+---------+---------+----------+-----------+-----------+------+----------+

============================================================
+ Verbose Summary: Synthesis Manager
============================================================
InlineROM: 1
ExposeGlobal: 0
============================================================
+ Verbose Summary: CDFG Model
============================================================
IsTopModel: 1
ResetActiveHigh: 1
IsCombinational: 0
IsDatapathOnly: 0
HasWiredReturn: 1
HasMFsm: 0
HasVarLatency: 1
IsPipeline: 0
IsRtlPipelined: 0
IsInstanceOverlapped: 0
IsDontTouch: 0
HasImplIP: 0
IsGatedGlobalClock: 0


============================================================
+ Verbose Summary: Schedule
============================================================
* Number of FSM states : 5
* Pipeline : 0
* Dataflow Pipeline: 0

* FSM state transitions: 
1 --> 2 
2 --> 3 
3 --> 4 
4 --> 5 
5 --> 2 

* FSM state operations: 

State 1 <SV = 0> <Delay = 1.58>
ST_1 : Operation 6 [1/1] (0.00ns)   --->   "%i = alloca i32 1" [dft.cpp:13]   --->   Operation 6 'alloca' 'i' <Predicate = true> <Delay = 0.00>
ST_1 : Operation 7 [1/1] (0.00ns)   --->   "%add5_loc = alloca i64 1"   --->   Operation 7 'alloca' 'add5_loc' <Predicate = true> <Delay = 0.00>
ST_1 : Operation 8 [1/1] (0.00ns)   --->   "%add306_loc = alloca i64 1"   --->   Operation 8 'alloca' 'add306_loc' <Predicate = true> <Delay = 0.00>
ST_1 : Operation 9 [1/1] (0.00ns)   --->   "%spectopmodule_ln4 = spectopmodule void @_ssdm_op_SpecTopModule, void @empty_1" [dft.cpp:4]   --->   Operation 9 'spectopmodule' 'spectopmodule_ln4' <Predicate = true> <Delay = 0.00>
ST_1 : Operation 10 [1/1] (0.00ns)   --->   "%specbitsmap_ln0 = specbitsmap void @_ssdm_op_SpecBitsMap, i32 %input_R_0"   --->   Operation 10 'specbitsmap' 'specbitsmap_ln0' <Predicate = true> <Delay = 0.00>
ST_1 : Operation 11 [1/1] (0.00ns)   --->   "%specinterface_ln0 = specinterface void @_ssdm_op_SpecInterface, i32 %input_R_0, void @empty, i32 0, i32 0, void @empty_0, i32 0, i32 0, void @empty_0, void @empty_0, void @empty_0, i32 0, i32 0, i32 0, i32 0, void @empty_0, void @empty_0, i32 4294967295, i32 0, i32 0"   --->   Operation 11 'specinterface' 'specinterface_ln0' <Predicate = true> <Delay = 0.00>
ST_1 : Operation 12 [1/1] (0.00ns)   --->   "%specbitsmap_ln0 = specbitsmap void @_ssdm_op_SpecBitsMap, i32 %input_R_1"   --->   Operation 12 'specbitsmap' 'specbitsmap_ln0' <Predicate = true> <Delay = 0.00>
ST_1 : Operation 13 [1/1] (0.00ns)   --->   "%specinterface_ln0 = specinterface void @_ssdm_op_SpecInterface, i32 %input_R_1, void @empty, i32 0, i32 0, void @empty_0, i32 0, i32 0, void @empty_0, void @empty_0, void @empty_0, i32 0, i32 0, i32 0, i32 0, void @empty_0, void @empty_0, i32 4294967295, i32 0, i32 0"   --->   Operation 13 'specinterface' 'specinterface_ln0' <Predicate = true> <Delay = 0.00>
ST_1 : Operation 14 [1/1] (0.00ns)   --->   "%specbitsmap_ln0 = specbitsmap void @_ssdm_op_SpecBitsMap, i32 %input_R_2"   --->   Operation 14 'specbitsmap' 'specbitsmap_ln0' <Predicate = true> <Delay = 0.00>
ST_1 : Operation 15 [1/1] (0.00ns)   --->   "%specinterface_ln0 = specinterface void @_ssdm_op_SpecInterface, i32 %input_R_2, void @empty, i32 0, i32 0, void @empty_0, i32 0, i32 0, void @empty_0, void @empty_0, void @empty_0, i32 0, i32 0, i32 0, i32 0, void @empty_0, void @empty_0, i32 4294967295, i32 0, i32 0"   --->   Operation 15 'specinterface' 'specinterface_ln0' <Predicate = true> <Delay = 0.00>
ST_1 : Operation 16 [1/1] (0.00ns)   --->   "%specbitsmap_ln0 = specbitsmap void @_ssdm_op_SpecBitsMap, i32 %input_R_3"   --->   Operation 16 'specbitsmap' 'specbitsmap_ln0' <Predicate = true> <Delay = 0.00>
ST_1 : Operation 17 [1/1] (0.00ns)   --->   "%specinterface_ln0 = specinterface void @_ssdm_op_SpecInterface, i32 %input_R_3, void @empty, i32 0, i32 0, void @empty_0, i32 0, i32 0, void @empty_0, void @empty_0, void @empty_0, i32 0, i32 0, i32 0, i32 0, void @empty_0, void @empty_0, i32 4294967295, i32 0, i32 0"   --->   Operation 17 'specinterface' 'specinterface_ln0' <Predicate = true> <Delay = 0.00>
ST_1 : Operation 18 [1/1] (0.00ns)   --->   "%specbitsmap_ln0 = specbitsmap void @_ssdm_op_SpecBitsMap, i32 %input_R_4"   --->   Operation 18 'specbitsmap' 'specbitsmap_ln0' <Predicate = true> <Delay = 0.00>
ST_1 : Operation 19 [1/1] (0.00ns)   --->   "%specinterface_ln0 = specinterface void @_ssdm_op_SpecInterface, i32 %input_R_4, void @empty, i32 0, i32 0, void @empty_0, i32 0, i32 0, void @empty_0, void @empty_0, void @empty_0, i32 0, i32 0, i32 0, i32 0, void @empty_0, void @empty_0, i32 4294967295, i32 0, i32 0"   --->   Operation 19 'specinterface' 'specinterface_ln0' <Predicate = true> <Delay = 0.00>
ST_1 : Operation 20 [1/1] (0.00ns)   --->   "%specbitsmap_ln0 = specbitsmap void @_ssdm_op_SpecBitsMap, i32 %input_R_5"   --->   Operation 20 'specbitsmap' 'specbitsmap_ln0' <Predicate = true> <Delay = 0.00>
ST_1 : Operation 21 [1/1] (0.00ns)   --->   "%specinterface_ln0 = specinterface void @_ssdm_op_SpecInterface, i32 %input_R_5, void @empty, i32 0, i32 0, void @empty_0, i32 0, i32 0, void @empty_0, void @empty_0, void @empty_0, i32 0, i32 0, i32 0, i32 0, void @empty_0, void @empty_0, i32 4294967295, i32 0, i32 0"   --->   Operation 21 'specinterface' 'specinterface_ln0' <Predicate = true> <Delay = 0.00>
ST_1 : Operation 22 [1/1] (0.00ns)   --->   "%specbitsmap_ln0 = specbitsmap void @_ssdm_op_SpecBitsMap, i32 %input_R_6"   --->   Operation 22 'specbitsmap' 'specbitsmap_ln0' <Predicate = true> <Delay = 0.00>
ST_1 : Operation 23 [1/1] (0.00ns)   --->   "%specinterface_ln0 = specinterface void @_ssdm_op_SpecInterface, i32 %input_R_6, void @empty, i32 0, i32 0, void @empty_0, i32 0, i32 0, void @empty_0, void @empty_0, void @empty_0, i32 0, i32 0, i32 0, i32 0, void @empty_0, void @empty_0, i32 4294967295, i32 0, i32 0"   --->   Operation 23 'specinterface' 'specinterface_ln0' <Predicate = true> <Delay = 0.00>
ST_1 : Operation 24 [1/1] (0.00ns)   --->   "%specbitsmap_ln0 = specbitsmap void @_ssdm_op_SpecBitsMap, i32 %input_R_7"   --->   Operation 24 'specbitsmap' 'specbitsmap_ln0' <Predicate = true> <Delay = 0.00>
ST_1 : Operation 25 [1/1] (0.00ns)   --->   "%specinterface_ln0 = specinterface void @_ssdm_op_SpecInterface, i32 %input_R_7, void @empty, i32 0, i32 0, void @empty_0, i32 0, i32 0, void @empty_0, void @empty_0, void @empty_0, i32 0, i32 0, i32 0, i32 0, void @empty_0, void @empty_0, i32 4294967295, i32 0, i32 0"   --->   Operation 25 'specinterface' 'specinterface_ln0' <Predicate = true> <Delay = 0.00>
ST_1 : Operation 26 [1/1] (0.00ns)   --->   "%specbitsmap_ln0 = specbitsmap void @_ssdm_op_SpecBitsMap, i32 %input_R_8"   --->   Operation 26 'specbitsmap' 'specbitsmap_ln0' <Predicate = true> <Delay = 0.00>
ST_1 : Operation 27 [1/1] (0.00ns)   --->   "%specinterface_ln0 = specinterface void @_ssdm_op_SpecInterface, i32 %input_R_8, void @empty, i32 0, i32 0, void @empty_0, i32 0, i32 0, void @empty_0, void @empty_0, void @empty_0, i32 0, i32 0, i32 0, i32 0, void @empty_0, void @empty_0, i32 4294967295, i32 0, i32 0"   --->   Operation 27 'specinterface' 'specinterface_ln0' <Predicate = true> <Delay = 0.00>
ST_1 : Operation 28 [1/1] (0.00ns)   --->   "%specbitsmap_ln0 = specbitsmap void @_ssdm_op_SpecBitsMap, i32 %input_R_9"   --->   Operation 28 'specbitsmap' 'specbitsmap_ln0' <Predicate = true> <Delay = 0.00>
ST_1 : Operation 29 [1/1] (0.00ns)   --->   "%specinterface_ln0 = specinterface void @_ssdm_op_SpecInterface, i32 %input_R_9, void @empty, i32 0, i32 0, void @empty_0, i32 0, i32 0, void @empty_0, void @empty_0, void @empty_0, i32 0, i32 0, i32 0, i32 0, void @empty_0, void @empty_0, i32 4294967295, i32 0, i32 0"   --->   Operation 29 'specinterface' 'specinterface_ln0' <Predicate = true> <Delay = 0.00>
ST_1 : Operation 30 [1/1] (0.00ns)   --->   "%specbitsmap_ln0 = specbitsmap void @_ssdm_op_SpecBitsMap, i32 %input_R_10"   --->   Operation 30 'specbitsmap' 'specbitsmap_ln0' <Predicate = true> <Delay = 0.00>
ST_1 : Operation 31 [1/1] (0.00ns)   --->   "%specinterface_ln0 = specinterface void @_ssdm_op_SpecInterface, i32 %input_R_10, void @empty, i32 0, i32 0, void @empty_0, i32 0, i32 0, void @empty_0, void @empty_0, void @empty_0, i32 0, i32 0, i32 0, i32 0, void @empty_0, void @empty_0, i32 4294967295, i32 0, i32 0"   --->   Operation 31 'specinterface' 'specinterface_ln0' <Predicate = true> <Delay = 0.00>
ST_1 : Operation 32 [1/1] (0.00ns)   --->   "%specbitsmap_ln0 = specbitsmap void @_ssdm_op_SpecBitsMap, i32 %input_R_11"   --->   Operation 32 'specbitsmap' 'specbitsmap_ln0' <Predicate = true> <Delay = 0.00>
ST_1 : Operation 33 [1/1] (0.00ns)   --->   "%specinterface_ln0 = specinterface void @_ssdm_op_SpecInterface, i32 %input_R_11, void @empty, i32 0, i32 0, void @empty_0, i32 0, i32 0, void @empty_0, void @empty_0, void @empty_0, i32 0, i32 0, i32 0, i32 0, void @empty_0, void @empty_0, i32 4294967295, i32 0, i32 0"   --->   Operation 33 'specinterface' 'specinterface_ln0' <Predicate = true> <Delay = 0.00>
ST_1 : Operation 34 [1/1] (0.00ns)   --->   "%specbitsmap_ln0 = specbitsmap void @_ssdm_op_SpecBitsMap, i32 %input_R_12"   --->   Operation 34 'specbitsmap' 'specbitsmap_ln0' <Predicate = true> <Delay = 0.00>
ST_1 : Operation 35 [1/1] (0.00ns)   --->   "%specinterface_ln0 = specinterface void @_ssdm_op_SpecInterface, i32 %input_R_12, void @empty, i32 0, i32 0, void @empty_0, i32 0, i32 0, void @empty_0, void @empty_0, void @empty_0, i32 0, i32 0, i32 0, i32 0, void @empty_0, void @empty_0, i32 4294967295, i32 0, i32 0"   --->   Operation 35 'specinterface' 'specinterface_ln0' <Predicate = true> <Delay = 0.00>
ST_1 : Operation 36 [1/1] (0.00ns)   --->   "%specbitsmap_ln0 = specbitsmap void @_ssdm_op_SpecBitsMap, i32 %input_R_13"   --->   Operation 36 'specbitsmap' 'specbitsmap_ln0' <Predicate = true> <Delay = 0.00>
ST_1 : Operation 37 [1/1] (0.00ns)   --->   "%specinterface_ln0 = specinterface void @_ssdm_op_SpecInterface, i32 %input_R_13, void @empty, i32 0, i32 0, void @empty_0, i32 0, i32 0, void @empty_0, void @empty_0, void @empty_0, i32 0, i32 0, i32 0, i32 0, void @empty_0, void @empty_0, i32 4294967295, i32 0, i32 0"   --->   Operation 37 'specinterface' 'specinterface_ln0' <Predicate = true> <Delay = 0.00>
ST_1 : Operation 38 [1/1] (0.00ns)   --->   "%specbitsmap_ln0 = specbitsmap void @_ssdm_op_SpecBitsMap, i32 %input_R_14"   --->   Operation 38 'specbitsmap' 'specbitsmap_ln0' <Predicate = true> <Delay = 0.00>
ST_1 : Operation 39 [1/1] (0.00ns)   --->   "%specinterface_ln0 = specinterface void @_ssdm_op_SpecInterface, i32 %input_R_14, void @empty, i32 0, i32 0, void @empty_0, i32 0, i32 0, void @empty_0, void @empty_0, void @empty_0, i32 0, i32 0, i32 0, i32 0, void @empty_0, void @empty_0, i32 4294967295, i32 0, i32 0"   --->   Operation 39 'specinterface' 'specinterface_ln0' <Predicate = true> <Delay = 0.00>
ST_1 : Operation 40 [1/1] (0.00ns)   --->   "%specbitsmap_ln0 = specbitsmap void @_ssdm_op_SpecBitsMap, i32 %input_R_15"   --->   Operation 40 'specbitsmap' 'specbitsmap_ln0' <Predicate = true> <Delay = 0.00>
ST_1 : Operation 41 [1/1] (0.00ns)   --->   "%specinterface_ln0 = specinterface void @_ssdm_op_SpecInterface, i32 %input_R_15, void @empty, i32 0, i32 0, void @empty_0, i32 0, i32 0, void @empty_0, void @empty_0, void @empty_0, i32 0, i32 0, i32 0, i32 0, void @empty_0, void @empty_0, i32 4294967295, i32 0, i32 0"   --->   Operation 41 'specinterface' 'specinterface_ln0' <Predicate = true> <Delay = 0.00>
ST_1 : Operation 42 [1/1] (0.00ns)   --->   "%specbitsmap_ln0 = specbitsmap void @_ssdm_op_SpecBitsMap, i32 %input_R_16"   --->   Operation 42 'specbitsmap' 'specbitsmap_ln0' <Predicate = true> <Delay = 0.00>
ST_1 : Operation 43 [1/1] (0.00ns)   --->   "%specinterface_ln0 = specinterface void @_ssdm_op_SpecInterface, i32 %input_R_16, void @empty, i32 0, i32 0, void @empty_0, i32 0, i32 0, void @empty_0, void @empty_0, void @empty_0, i32 0, i32 0, i32 0, i32 0, void @empty_0, void @empty_0, i32 4294967295, i32 0, i32 0"   --->   Operation 43 'specinterface' 'specinterface_ln0' <Predicate = true> <Delay = 0.00>
ST_1 : Operation 44 [1/1] (0.00ns)   --->   "%specbitsmap_ln0 = specbitsmap void @_ssdm_op_SpecBitsMap, i32 %input_R_17"   --->   Operation 44 'specbitsmap' 'specbitsmap_ln0' <Predicate = true> <Delay = 0.00>
ST_1 : Operation 45 [1/1] (0.00ns)   --->   "%specinterface_ln0 = specinterface void @_ssdm_op_SpecInterface, i32 %input_R_17, void @empty, i32 0, i32 0, void @empty_0, i32 0, i32 0, void @empty_0, void @empty_0, void @empty_0, i32 0, i32 0, i32 0, i32 0, void @empty_0, void @empty_0, i32 4294967295, i32 0, i32 0"   --->   Operation 45 'specinterface' 'specinterface_ln0' <Predicate = true> <Delay = 0.00>
ST_1 : Operation 46 [1/1] (0.00ns)   --->   "%specbitsmap_ln0 = specbitsmap void @_ssdm_op_SpecBitsMap, i32 %input_R_18"   --->   Operation 46 'specbitsmap' 'specbitsmap_ln0' <Predicate = true> <Delay = 0.00>
ST_1 : Operation 47 [1/1] (0.00ns)   --->   "%specinterface_ln0 = specinterface void @_ssdm_op_SpecInterface, i32 %input_R_18, void @empty, i32 0, i32 0, void @empty_0, i32 0, i32 0, void @empty_0, void @empty_0, void @empty_0, i32 0, i32 0, i32 0, i32 0, void @empty_0, void @empty_0, i32 4294967295, i32 0, i32 0"   --->   Operation 47 'specinterface' 'specinterface_ln0' <Predicate = true> <Delay = 0.00>
ST_1 : Operation 48 [1/1] (0.00ns)   --->   "%specbitsmap_ln0 = specbitsmap void @_ssdm_op_SpecBitsMap, i32 %input_R_19"   --->   Operation 48 'specbitsmap' 'specbitsmap_ln0' <Predicate = true> <Delay = 0.00>
ST_1 : Operation 49 [1/1] (0.00ns)   --->   "%specinterface_ln0 = specinterface void @_ssdm_op_SpecInterface, i32 %input_R_19, void @empty, i32 0, i32 0, void @empty_0, i32 0, i32 0, void @empty_0, void @empty_0, void @empty_0, i32 0, i32 0, i32 0, i32 0, void @empty_0, void @empty_0, i32 4294967295, i32 0, i32 0"   --->   Operation 49 'specinterface' 'specinterface_ln0' <Predicate = true> <Delay = 0.00>
ST_1 : Operation 50 [1/1] (0.00ns)   --->   "%specbitsmap_ln0 = specbitsmap void @_ssdm_op_SpecBitsMap, i32 %input_R_20"   --->   Operation 50 'specbitsmap' 'specbitsmap_ln0' <Predicate = true> <Delay = 0.00>
ST_1 : Operation 51 [1/1] (0.00ns)   --->   "%specinterface_ln0 = specinterface void @_ssdm_op_SpecInterface, i32 %input_R_20, void @empty, i32 0, i32 0, void @empty_0, i32 0, i32 0, void @empty_0, void @empty_0, void @empty_0, i32 0, i32 0, i32 0, i32 0, void @empty_0, void @empty_0, i32 4294967295, i32 0, i32 0"   --->   Operation 51 'specinterface' 'specinterface_ln0' <Predicate = true> <Delay = 0.00>
ST_1 : Operation 52 [1/1] (0.00ns)   --->   "%specbitsmap_ln0 = specbitsmap void @_ssdm_op_SpecBitsMap, i32 %input_R_21"   --->   Operation 52 'specbitsmap' 'specbitsmap_ln0' <Predicate = true> <Delay = 0.00>
ST_1 : Operation 53 [1/1] (0.00ns)   --->   "%specinterface_ln0 = specinterface void @_ssdm_op_SpecInterface, i32 %input_R_21, void @empty, i32 0, i32 0, void @empty_0, i32 0, i32 0, void @empty_0, void @empty_0, void @empty_0, i32 0, i32 0, i32 0, i32 0, void @empty_0, void @empty_0, i32 4294967295, i32 0, i32 0"   --->   Operation 53 'specinterface' 'specinterface_ln0' <Predicate = true> <Delay = 0.00>
ST_1 : Operation 54 [1/1] (0.00ns)   --->   "%specbitsmap_ln0 = specbitsmap void @_ssdm_op_SpecBitsMap, i32 %input_R_22"   --->   Operation 54 'specbitsmap' 'specbitsmap_ln0' <Predicate = true> <Delay = 0.00>
ST_1 : Operation 55 [1/1] (0.00ns)   --->   "%specinterface_ln0 = specinterface void @_ssdm_op_SpecInterface, i32 %input_R_22, void @empty, i32 0, i32 0, void @empty_0, i32 0, i32 0, void @empty_0, void @empty_0, void @empty_0, i32 0, i32 0, i32 0, i32 0, void @empty_0, void @empty_0, i32 4294967295, i32 0, i32 0"   --->   Operation 55 'specinterface' 'specinterface_ln0' <Predicate = true> <Delay = 0.00>
ST_1 : Operation 56 [1/1] (0.00ns)   --->   "%specbitsmap_ln0 = specbitsmap void @_ssdm_op_SpecBitsMap, i32 %input_R_23"   --->   Operation 56 'specbitsmap' 'specbitsmap_ln0' <Predicate = true> <Delay = 0.00>
ST_1 : Operation 57 [1/1] (0.00ns)   --->   "%specinterface_ln0 = specinterface void @_ssdm_op_SpecInterface, i32 %input_R_23, void @empty, i32 0, i32 0, void @empty_0, i32 0, i32 0, void @empty_0, void @empty_0, void @empty_0, i32 0, i32 0, i32 0, i32 0, void @empty_0, void @empty_0, i32 4294967295, i32 0, i32 0"   --->   Operation 57 'specinterface' 'specinterface_ln0' <Predicate = true> <Delay = 0.00>
ST_1 : Operation 58 [1/1] (0.00ns)   --->   "%specbitsmap_ln0 = specbitsmap void @_ssdm_op_SpecBitsMap, i32 %input_R_24"   --->   Operation 58 'specbitsmap' 'specbitsmap_ln0' <Predicate = true> <Delay = 0.00>
ST_1 : Operation 59 [1/1] (0.00ns)   --->   "%specinterface_ln0 = specinterface void @_ssdm_op_SpecInterface, i32 %input_R_24, void @empty, i32 0, i32 0, void @empty_0, i32 0, i32 0, void @empty_0, void @empty_0, void @empty_0, i32 0, i32 0, i32 0, i32 0, void @empty_0, void @empty_0, i32 4294967295, i32 0, i32 0"   --->   Operation 59 'specinterface' 'specinterface_ln0' <Predicate = true> <Delay = 0.00>
ST_1 : Operation 60 [1/1] (0.00ns)   --->   "%specbitsmap_ln0 = specbitsmap void @_ssdm_op_SpecBitsMap, i32 %input_R_25"   --->   Operation 60 'specbitsmap' 'specbitsmap_ln0' <Predicate = true> <Delay = 0.00>
ST_1 : Operation 61 [1/1] (0.00ns)   --->   "%specinterface_ln0 = specinterface void @_ssdm_op_SpecInterface, i32 %input_R_25, void @empty, i32 0, i32 0, void @empty_0, i32 0, i32 0, void @empty_0, void @empty_0, void @empty_0, i32 0, i32 0, i32 0, i32 0, void @empty_0, void @empty_0, i32 4294967295, i32 0, i32 0"   --->   Operation 61 'specinterface' 'specinterface_ln0' <Predicate = true> <Delay = 0.00>
ST_1 : Operation 62 [1/1] (0.00ns)   --->   "%specbitsmap_ln0 = specbitsmap void @_ssdm_op_SpecBitsMap, i32 %input_R_26"   --->   Operation 62 'specbitsmap' 'specbitsmap_ln0' <Predicate = true> <Delay = 0.00>
ST_1 : Operation 63 [1/1] (0.00ns)   --->   "%specinterface_ln0 = specinterface void @_ssdm_op_SpecInterface, i32 %input_R_26, void @empty, i32 0, i32 0, void @empty_0, i32 0, i32 0, void @empty_0, void @empty_0, void @empty_0, i32 0, i32 0, i32 0, i32 0, void @empty_0, void @empty_0, i32 4294967295, i32 0, i32 0"   --->   Operation 63 'specinterface' 'specinterface_ln0' <Predicate = true> <Delay = 0.00>
ST_1 : Operation 64 [1/1] (0.00ns)   --->   "%specbitsmap_ln0 = specbitsmap void @_ssdm_op_SpecBitsMap, i32 %input_R_27"   --->   Operation 64 'specbitsmap' 'specbitsmap_ln0' <Predicate = true> <Delay = 0.00>
ST_1 : Operation 65 [1/1] (0.00ns)   --->   "%specinterface_ln0 = specinterface void @_ssdm_op_SpecInterface, i32 %input_R_27, void @empty, i32 0, i32 0, void @empty_0, i32 0, i32 0, void @empty_0, void @empty_0, void @empty_0, i32 0, i32 0, i32 0, i32 0, void @empty_0, void @empty_0, i32 4294967295, i32 0, i32 0"   --->   Operation 65 'specinterface' 'specinterface_ln0' <Predicate = true> <Delay = 0.00>
ST_1 : Operation 66 [1/1] (0.00ns)   --->   "%specbitsmap_ln0 = specbitsmap void @_ssdm_op_SpecBitsMap, i32 %input_R_28"   --->   Operation 66 'specbitsmap' 'specbitsmap_ln0' <Predicate = true> <Delay = 0.00>
ST_1 : Operation 67 [1/1] (0.00ns)   --->   "%specinterface_ln0 = specinterface void @_ssdm_op_SpecInterface, i32 %input_R_28, void @empty, i32 0, i32 0, void @empty_0, i32 0, i32 0, void @empty_0, void @empty_0, void @empty_0, i32 0, i32 0, i32 0, i32 0, void @empty_0, void @empty_0, i32 4294967295, i32 0, i32 0"   --->   Operation 67 'specinterface' 'specinterface_ln0' <Predicate = true> <Delay = 0.00>
ST_1 : Operation 68 [1/1] (0.00ns)   --->   "%specbitsmap_ln0 = specbitsmap void @_ssdm_op_SpecBitsMap, i32 %input_R_29"   --->   Operation 68 'specbitsmap' 'specbitsmap_ln0' <Predicate = true> <Delay = 0.00>
ST_1 : Operation 69 [1/1] (0.00ns)   --->   "%specinterface_ln0 = specinterface void @_ssdm_op_SpecInterface, i32 %input_R_29, void @empty, i32 0, i32 0, void @empty_0, i32 0, i32 0, void @empty_0, void @empty_0, void @empty_0, i32 0, i32 0, i32 0, i32 0, void @empty_0, void @empty_0, i32 4294967295, i32 0, i32 0"   --->   Operation 69 'specinterface' 'specinterface_ln0' <Predicate = true> <Delay = 0.00>
ST_1 : Operation 70 [1/1] (0.00ns)   --->   "%specbitsmap_ln0 = specbitsmap void @_ssdm_op_SpecBitsMap, i32 %input_R_30"   --->   Operation 70 'specbitsmap' 'specbitsmap_ln0' <Predicate = true> <Delay = 0.00>
ST_1 : Operation 71 [1/1] (0.00ns)   --->   "%specinterface_ln0 = specinterface void @_ssdm_op_SpecInterface, i32 %input_R_30, void @empty, i32 0, i32 0, void @empty_0, i32 0, i32 0, void @empty_0, void @empty_0, void @empty_0, i32 0, i32 0, i32 0, i32 0, void @empty_0, void @empty_0, i32 4294967295, i32 0, i32 0"   --->   Operation 71 'specinterface' 'specinterface_ln0' <Predicate = true> <Delay = 0.00>
ST_1 : Operation 72 [1/1] (0.00ns)   --->   "%specbitsmap_ln0 = specbitsmap void @_ssdm_op_SpecBitsMap, i32 %input_R_31"   --->   Operation 72 'specbitsmap' 'specbitsmap_ln0' <Predicate = true> <Delay = 0.00>
ST_1 : Operation 73 [1/1] (0.00ns)   --->   "%specinterface_ln0 = specinterface void @_ssdm_op_SpecInterface, i32 %input_R_31, void @empty, i32 0, i32 0, void @empty_0, i32 0, i32 0, void @empty_0, void @empty_0, void @empty_0, i32 0, i32 0, i32 0, i32 0, void @empty_0, void @empty_0, i32 4294967295, i32 0, i32 0"   --->   Operation 73 'specinterface' 'specinterface_ln0' <Predicate = true> <Delay = 0.00>
ST_1 : Operation 74 [1/1] (0.00ns)   --->   "%specbitsmap_ln0 = specbitsmap void @_ssdm_op_SpecBitsMap, i32 %input_I_0"   --->   Operation 74 'specbitsmap' 'specbitsmap_ln0' <Predicate = true> <Delay = 0.00>
ST_1 : Operation 75 [1/1] (0.00ns)   --->   "%specinterface_ln0 = specinterface void @_ssdm_op_SpecInterface, i32 %input_I_0, void @empty, i32 0, i32 0, void @empty_0, i32 0, i32 0, void @empty_0, void @empty_0, void @empty_0, i32 0, i32 0, i32 0, i32 0, void @empty_0, void @empty_0, i32 4294967295, i32 0, i32 0"   --->   Operation 75 'specinterface' 'specinterface_ln0' <Predicate = true> <Delay = 0.00>
ST_1 : Operation 76 [1/1] (0.00ns)   --->   "%specbitsmap_ln0 = specbitsmap void @_ssdm_op_SpecBitsMap, i32 %input_I_1"   --->   Operation 76 'specbitsmap' 'specbitsmap_ln0' <Predicate = true> <Delay = 0.00>
ST_1 : Operation 77 [1/1] (0.00ns)   --->   "%specinterface_ln0 = specinterface void @_ssdm_op_SpecInterface, i32 %input_I_1, void @empty, i32 0, i32 0, void @empty_0, i32 0, i32 0, void @empty_0, void @empty_0, void @empty_0, i32 0, i32 0, i32 0, i32 0, void @empty_0, void @empty_0, i32 4294967295, i32 0, i32 0"   --->   Operation 77 'specinterface' 'specinterface_ln0' <Predicate = true> <Delay = 0.00>
ST_1 : Operation 78 [1/1] (0.00ns)   --->   "%specbitsmap_ln0 = specbitsmap void @_ssdm_op_SpecBitsMap, i32 %input_I_2"   --->   Operation 78 'specbitsmap' 'specbitsmap_ln0' <Predicate = true> <Delay = 0.00>
ST_1 : Operation 79 [1/1] (0.00ns)   --->   "%specinterface_ln0 = specinterface void @_ssdm_op_SpecInterface, i32 %input_I_2, void @empty, i32 0, i32 0, void @empty_0, i32 0, i32 0, void @empty_0, void @empty_0, void @empty_0, i32 0, i32 0, i32 0, i32 0, void @empty_0, void @empty_0, i32 4294967295, i32 0, i32 0"   --->   Operation 79 'specinterface' 'specinterface_ln0' <Predicate = true> <Delay = 0.00>
ST_1 : Operation 80 [1/1] (0.00ns)   --->   "%specbitsmap_ln0 = specbitsmap void @_ssdm_op_SpecBitsMap, i32 %input_I_3"   --->   Operation 80 'specbitsmap' 'specbitsmap_ln0' <Predicate = true> <Delay = 0.00>
ST_1 : Operation 81 [1/1] (0.00ns)   --->   "%specinterface_ln0 = specinterface void @_ssdm_op_SpecInterface, i32 %input_I_3, void @empty, i32 0, i32 0, void @empty_0, i32 0, i32 0, void @empty_0, void @empty_0, void @empty_0, i32 0, i32 0, i32 0, i32 0, void @empty_0, void @empty_0, i32 4294967295, i32 0, i32 0"   --->   Operation 81 'specinterface' 'specinterface_ln0' <Predicate = true> <Delay = 0.00>
ST_1 : Operation 82 [1/1] (0.00ns)   --->   "%specbitsmap_ln0 = specbitsmap void @_ssdm_op_SpecBitsMap, i32 %input_I_4"   --->   Operation 82 'specbitsmap' 'specbitsmap_ln0' <Predicate = true> <Delay = 0.00>
ST_1 : Operation 83 [1/1] (0.00ns)   --->   "%specinterface_ln0 = specinterface void @_ssdm_op_SpecInterface, i32 %input_I_4, void @empty, i32 0, i32 0, void @empty_0, i32 0, i32 0, void @empty_0, void @empty_0, void @empty_0, i32 0, i32 0, i32 0, i32 0, void @empty_0, void @empty_0, i32 4294967295, i32 0, i32 0"   --->   Operation 83 'specinterface' 'specinterface_ln0' <Predicate = true> <Delay = 0.00>
ST_1 : Operation 84 [1/1] (0.00ns)   --->   "%specbitsmap_ln0 = specbitsmap void @_ssdm_op_SpecBitsMap, i32 %input_I_5"   --->   Operation 84 'specbitsmap' 'specbitsmap_ln0' <Predicate = true> <Delay = 0.00>
ST_1 : Operation 85 [1/1] (0.00ns)   --->   "%specinterface_ln0 = specinterface void @_ssdm_op_SpecInterface, i32 %input_I_5, void @empty, i32 0, i32 0, void @empty_0, i32 0, i32 0, void @empty_0, void @empty_0, void @empty_0, i32 0, i32 0, i32 0, i32 0, void @empty_0, void @empty_0, i32 4294967295, i32 0, i32 0"   --->   Operation 85 'specinterface' 'specinterface_ln0' <Predicate = true> <Delay = 0.00>
ST_1 : Operation 86 [1/1] (0.00ns)   --->   "%specbitsmap_ln0 = specbitsmap void @_ssdm_op_SpecBitsMap, i32 %input_I_6"   --->   Operation 86 'specbitsmap' 'specbitsmap_ln0' <Predicate = true> <Delay = 0.00>
ST_1 : Operation 87 [1/1] (0.00ns)   --->   "%specinterface_ln0 = specinterface void @_ssdm_op_SpecInterface, i32 %input_I_6, void @empty, i32 0, i32 0, void @empty_0, i32 0, i32 0, void @empty_0, void @empty_0, void @empty_0, i32 0, i32 0, i32 0, i32 0, void @empty_0, void @empty_0, i32 4294967295, i32 0, i32 0"   --->   Operation 87 'specinterface' 'specinterface_ln0' <Predicate = true> <Delay = 0.00>
ST_1 : Operation 88 [1/1] (0.00ns)   --->   "%specbitsmap_ln0 = specbitsmap void @_ssdm_op_SpecBitsMap, i32 %input_I_7"   --->   Operation 88 'specbitsmap' 'specbitsmap_ln0' <Predicate = true> <Delay = 0.00>
ST_1 : Operation 89 [1/1] (0.00ns)   --->   "%specinterface_ln0 = specinterface void @_ssdm_op_SpecInterface, i32 %input_I_7, void @empty, i32 0, i32 0, void @empty_0, i32 0, i32 0, void @empty_0, void @empty_0, void @empty_0, i32 0, i32 0, i32 0, i32 0, void @empty_0, void @empty_0, i32 4294967295, i32 0, i32 0"   --->   Operation 89 'specinterface' 'specinterface_ln0' <Predicate = true> <Delay = 0.00>
ST_1 : Operation 90 [1/1] (0.00ns)   --->   "%specbitsmap_ln0 = specbitsmap void @_ssdm_op_SpecBitsMap, i32 %input_I_8"   --->   Operation 90 'specbitsmap' 'specbitsmap_ln0' <Predicate = true> <Delay = 0.00>
ST_1 : Operation 91 [1/1] (0.00ns)   --->   "%specinterface_ln0 = specinterface void @_ssdm_op_SpecInterface, i32 %input_I_8, void @empty, i32 0, i32 0, void @empty_0, i32 0, i32 0, void @empty_0, void @empty_0, void @empty_0, i32 0, i32 0, i32 0, i32 0, void @empty_0, void @empty_0, i32 4294967295, i32 0, i32 0"   --->   Operation 91 'specinterface' 'specinterface_ln0' <Predicate = true> <Delay = 0.00>
ST_1 : Operation 92 [1/1] (0.00ns)   --->   "%specbitsmap_ln0 = specbitsmap void @_ssdm_op_SpecBitsMap, i32 %input_I_9"   --->   Operation 92 'specbitsmap' 'specbitsmap_ln0' <Predicate = true> <Delay = 0.00>
ST_1 : Operation 93 [1/1] (0.00ns)   --->   "%specinterface_ln0 = specinterface void @_ssdm_op_SpecInterface, i32 %input_I_9, void @empty, i32 0, i32 0, void @empty_0, i32 0, i32 0, void @empty_0, void @empty_0, void @empty_0, i32 0, i32 0, i32 0, i32 0, void @empty_0, void @empty_0, i32 4294967295, i32 0, i32 0"   --->   Operation 93 'specinterface' 'specinterface_ln0' <Predicate = true> <Delay = 0.00>
ST_1 : Operation 94 [1/1] (0.00ns)   --->   "%specbitsmap_ln0 = specbitsmap void @_ssdm_op_SpecBitsMap, i32 %input_I_10"   --->   Operation 94 'specbitsmap' 'specbitsmap_ln0' <Predicate = true> <Delay = 0.00>
ST_1 : Operation 95 [1/1] (0.00ns)   --->   "%specinterface_ln0 = specinterface void @_ssdm_op_SpecInterface, i32 %input_I_10, void @empty, i32 0, i32 0, void @empty_0, i32 0, i32 0, void @empty_0, void @empty_0, void @empty_0, i32 0, i32 0, i32 0, i32 0, void @empty_0, void @empty_0, i32 4294967295, i32 0, i32 0"   --->   Operation 95 'specinterface' 'specinterface_ln0' <Predicate = true> <Delay = 0.00>
ST_1 : Operation 96 [1/1] (0.00ns)   --->   "%specbitsmap_ln0 = specbitsmap void @_ssdm_op_SpecBitsMap, i32 %input_I_11"   --->   Operation 96 'specbitsmap' 'specbitsmap_ln0' <Predicate = true> <Delay = 0.00>
ST_1 : Operation 97 [1/1] (0.00ns)   --->   "%specinterface_ln0 = specinterface void @_ssdm_op_SpecInterface, i32 %input_I_11, void @empty, i32 0, i32 0, void @empty_0, i32 0, i32 0, void @empty_0, void @empty_0, void @empty_0, i32 0, i32 0, i32 0, i32 0, void @empty_0, void @empty_0, i32 4294967295, i32 0, i32 0"   --->   Operation 97 'specinterface' 'specinterface_ln0' <Predicate = true> <Delay = 0.00>
ST_1 : Operation 98 [1/1] (0.00ns)   --->   "%specbitsmap_ln0 = specbitsmap void @_ssdm_op_SpecBitsMap, i32 %input_I_12"   --->   Operation 98 'specbitsmap' 'specbitsmap_ln0' <Predicate = true> <Delay = 0.00>
ST_1 : Operation 99 [1/1] (0.00ns)   --->   "%specinterface_ln0 = specinterface void @_ssdm_op_SpecInterface, i32 %input_I_12, void @empty, i32 0, i32 0, void @empty_0, i32 0, i32 0, void @empty_0, void @empty_0, void @empty_0, i32 0, i32 0, i32 0, i32 0, void @empty_0, void @empty_0, i32 4294967295, i32 0, i32 0"   --->   Operation 99 'specinterface' 'specinterface_ln0' <Predicate = true> <Delay = 0.00>
ST_1 : Operation 100 [1/1] (0.00ns)   --->   "%specbitsmap_ln0 = specbitsmap void @_ssdm_op_SpecBitsMap, i32 %input_I_13"   --->   Operation 100 'specbitsmap' 'specbitsmap_ln0' <Predicate = true> <Delay = 0.00>
ST_1 : Operation 101 [1/1] (0.00ns)   --->   "%specinterface_ln0 = specinterface void @_ssdm_op_SpecInterface, i32 %input_I_13, void @empty, i32 0, i32 0, void @empty_0, i32 0, i32 0, void @empty_0, void @empty_0, void @empty_0, i32 0, i32 0, i32 0, i32 0, void @empty_0, void @empty_0, i32 4294967295, i32 0, i32 0"   --->   Operation 101 'specinterface' 'specinterface_ln0' <Predicate = true> <Delay = 0.00>
ST_1 : Operation 102 [1/1] (0.00ns)   --->   "%specbitsmap_ln0 = specbitsmap void @_ssdm_op_SpecBitsMap, i32 %input_I_14"   --->   Operation 102 'specbitsmap' 'specbitsmap_ln0' <Predicate = true> <Delay = 0.00>
ST_1 : Operation 103 [1/1] (0.00ns)   --->   "%specinterface_ln0 = specinterface void @_ssdm_op_SpecInterface, i32 %input_I_14, void @empty, i32 0, i32 0, void @empty_0, i32 0, i32 0, void @empty_0, void @empty_0, void @empty_0, i32 0, i32 0, i32 0, i32 0, void @empty_0, void @empty_0, i32 4294967295, i32 0, i32 0"   --->   Operation 103 'specinterface' 'specinterface_ln0' <Predicate = true> <Delay = 0.00>
ST_1 : Operation 104 [1/1] (0.00ns)   --->   "%specbitsmap_ln0 = specbitsmap void @_ssdm_op_SpecBitsMap, i32 %input_I_15"   --->   Operation 104 'specbitsmap' 'specbitsmap_ln0' <Predicate = true> <Delay = 0.00>
ST_1 : Operation 105 [1/1] (0.00ns)   --->   "%specinterface_ln0 = specinterface void @_ssdm_op_SpecInterface, i32 %input_I_15, void @empty, i32 0, i32 0, void @empty_0, i32 0, i32 0, void @empty_0, void @empty_0, void @empty_0, i32 0, i32 0, i32 0, i32 0, void @empty_0, void @empty_0, i32 4294967295, i32 0, i32 0"   --->   Operation 105 'specinterface' 'specinterface_ln0' <Predicate = true> <Delay = 0.00>
ST_1 : Operation 106 [1/1] (0.00ns)   --->   "%specbitsmap_ln0 = specbitsmap void @_ssdm_op_SpecBitsMap, i32 %input_I_16"   --->   Operation 106 'specbitsmap' 'specbitsmap_ln0' <Predicate = true> <Delay = 0.00>
ST_1 : Operation 107 [1/1] (0.00ns)   --->   "%specinterface_ln0 = specinterface void @_ssdm_op_SpecInterface, i32 %input_I_16, void @empty, i32 0, i32 0, void @empty_0, i32 0, i32 0, void @empty_0, void @empty_0, void @empty_0, i32 0, i32 0, i32 0, i32 0, void @empty_0, void @empty_0, i32 4294967295, i32 0, i32 0"   --->   Operation 107 'specinterface' 'specinterface_ln0' <Predicate = true> <Delay = 0.00>
ST_1 : Operation 108 [1/1] (0.00ns)   --->   "%specbitsmap_ln0 = specbitsmap void @_ssdm_op_SpecBitsMap, i32 %input_I_17"   --->   Operation 108 'specbitsmap' 'specbitsmap_ln0' <Predicate = true> <Delay = 0.00>
ST_1 : Operation 109 [1/1] (0.00ns)   --->   "%specinterface_ln0 = specinterface void @_ssdm_op_SpecInterface, i32 %input_I_17, void @empty, i32 0, i32 0, void @empty_0, i32 0, i32 0, void @empty_0, void @empty_0, void @empty_0, i32 0, i32 0, i32 0, i32 0, void @empty_0, void @empty_0, i32 4294967295, i32 0, i32 0"   --->   Operation 109 'specinterface' 'specinterface_ln0' <Predicate = true> <Delay = 0.00>
ST_1 : Operation 110 [1/1] (0.00ns)   --->   "%specbitsmap_ln0 = specbitsmap void @_ssdm_op_SpecBitsMap, i32 %input_I_18"   --->   Operation 110 'specbitsmap' 'specbitsmap_ln0' <Predicate = true> <Delay = 0.00>
ST_1 : Operation 111 [1/1] (0.00ns)   --->   "%specinterface_ln0 = specinterface void @_ssdm_op_SpecInterface, i32 %input_I_18, void @empty, i32 0, i32 0, void @empty_0, i32 0, i32 0, void @empty_0, void @empty_0, void @empty_0, i32 0, i32 0, i32 0, i32 0, void @empty_0, void @empty_0, i32 4294967295, i32 0, i32 0"   --->   Operation 111 'specinterface' 'specinterface_ln0' <Predicate = true> <Delay = 0.00>
ST_1 : Operation 112 [1/1] (0.00ns)   --->   "%specbitsmap_ln0 = specbitsmap void @_ssdm_op_SpecBitsMap, i32 %input_I_19"   --->   Operation 112 'specbitsmap' 'specbitsmap_ln0' <Predicate = true> <Delay = 0.00>
ST_1 : Operation 113 [1/1] (0.00ns)   --->   "%specinterface_ln0 = specinterface void @_ssdm_op_SpecInterface, i32 %input_I_19, void @empty, i32 0, i32 0, void @empty_0, i32 0, i32 0, void @empty_0, void @empty_0, void @empty_0, i32 0, i32 0, i32 0, i32 0, void @empty_0, void @empty_0, i32 4294967295, i32 0, i32 0"   --->   Operation 113 'specinterface' 'specinterface_ln0' <Predicate = true> <Delay = 0.00>
ST_1 : Operation 114 [1/1] (0.00ns)   --->   "%specbitsmap_ln0 = specbitsmap void @_ssdm_op_SpecBitsMap, i32 %input_I_20"   --->   Operation 114 'specbitsmap' 'specbitsmap_ln0' <Predicate = true> <Delay = 0.00>
ST_1 : Operation 115 [1/1] (0.00ns)   --->   "%specinterface_ln0 = specinterface void @_ssdm_op_SpecInterface, i32 %input_I_20, void @empty, i32 0, i32 0, void @empty_0, i32 0, i32 0, void @empty_0, void @empty_0, void @empty_0, i32 0, i32 0, i32 0, i32 0, void @empty_0, void @empty_0, i32 4294967295, i32 0, i32 0"   --->   Operation 115 'specinterface' 'specinterface_ln0' <Predicate = true> <Delay = 0.00>
ST_1 : Operation 116 [1/1] (0.00ns)   --->   "%specbitsmap_ln0 = specbitsmap void @_ssdm_op_SpecBitsMap, i32 %input_I_21"   --->   Operation 116 'specbitsmap' 'specbitsmap_ln0' <Predicate = true> <Delay = 0.00>
ST_1 : Operation 117 [1/1] (0.00ns)   --->   "%specinterface_ln0 = specinterface void @_ssdm_op_SpecInterface, i32 %input_I_21, void @empty, i32 0, i32 0, void @empty_0, i32 0, i32 0, void @empty_0, void @empty_0, void @empty_0, i32 0, i32 0, i32 0, i32 0, void @empty_0, void @empty_0, i32 4294967295, i32 0, i32 0"   --->   Operation 117 'specinterface' 'specinterface_ln0' <Predicate = true> <Delay = 0.00>
ST_1 : Operation 118 [1/1] (0.00ns)   --->   "%specbitsmap_ln0 = specbitsmap void @_ssdm_op_SpecBitsMap, i32 %input_I_22"   --->   Operation 118 'specbitsmap' 'specbitsmap_ln0' <Predicate = true> <Delay = 0.00>
ST_1 : Operation 119 [1/1] (0.00ns)   --->   "%specinterface_ln0 = specinterface void @_ssdm_op_SpecInterface, i32 %input_I_22, void @empty, i32 0, i32 0, void @empty_0, i32 0, i32 0, void @empty_0, void @empty_0, void @empty_0, i32 0, i32 0, i32 0, i32 0, void @empty_0, void @empty_0, i32 4294967295, i32 0, i32 0"   --->   Operation 119 'specinterface' 'specinterface_ln0' <Predicate = true> <Delay = 0.00>
ST_1 : Operation 120 [1/1] (0.00ns)   --->   "%specbitsmap_ln0 = specbitsmap void @_ssdm_op_SpecBitsMap, i32 %input_I_23"   --->   Operation 120 'specbitsmap' 'specbitsmap_ln0' <Predicate = true> <Delay = 0.00>
ST_1 : Operation 121 [1/1] (0.00ns)   --->   "%specinterface_ln0 = specinterface void @_ssdm_op_SpecInterface, i32 %input_I_23, void @empty, i32 0, i32 0, void @empty_0, i32 0, i32 0, void @empty_0, void @empty_0, void @empty_0, i32 0, i32 0, i32 0, i32 0, void @empty_0, void @empty_0, i32 4294967295, i32 0, i32 0"   --->   Operation 121 'specinterface' 'specinterface_ln0' <Predicate = true> <Delay = 0.00>
ST_1 : Operation 122 [1/1] (0.00ns)   --->   "%specbitsmap_ln0 = specbitsmap void @_ssdm_op_SpecBitsMap, i32 %input_I_24"   --->   Operation 122 'specbitsmap' 'specbitsmap_ln0' <Predicate = true> <Delay = 0.00>
ST_1 : Operation 123 [1/1] (0.00ns)   --->   "%specinterface_ln0 = specinterface void @_ssdm_op_SpecInterface, i32 %input_I_24, void @empty, i32 0, i32 0, void @empty_0, i32 0, i32 0, void @empty_0, void @empty_0, void @empty_0, i32 0, i32 0, i32 0, i32 0, void @empty_0, void @empty_0, i32 4294967295, i32 0, i32 0"   --->   Operation 123 'specinterface' 'specinterface_ln0' <Predicate = true> <Delay = 0.00>
ST_1 : Operation 124 [1/1] (0.00ns)   --->   "%specbitsmap_ln0 = specbitsmap void @_ssdm_op_SpecBitsMap, i32 %input_I_25"   --->   Operation 124 'specbitsmap' 'specbitsmap_ln0' <Predicate = true> <Delay = 0.00>
ST_1 : Operation 125 [1/1] (0.00ns)   --->   "%specinterface_ln0 = specinterface void @_ssdm_op_SpecInterface, i32 %input_I_25, void @empty, i32 0, i32 0, void @empty_0, i32 0, i32 0, void @empty_0, void @empty_0, void @empty_0, i32 0, i32 0, i32 0, i32 0, void @empty_0, void @empty_0, i32 4294967295, i32 0, i32 0"   --->   Operation 125 'specinterface' 'specinterface_ln0' <Predicate = true> <Delay = 0.00>
ST_1 : Operation 126 [1/1] (0.00ns)   --->   "%specbitsmap_ln0 = specbitsmap void @_ssdm_op_SpecBitsMap, i32 %input_I_26"   --->   Operation 126 'specbitsmap' 'specbitsmap_ln0' <Predicate = true> <Delay = 0.00>
ST_1 : Operation 127 [1/1] (0.00ns)   --->   "%specinterface_ln0 = specinterface void @_ssdm_op_SpecInterface, i32 %input_I_26, void @empty, i32 0, i32 0, void @empty_0, i32 0, i32 0, void @empty_0, void @empty_0, void @empty_0, i32 0, i32 0, i32 0, i32 0, void @empty_0, void @empty_0, i32 4294967295, i32 0, i32 0"   --->   Operation 127 'specinterface' 'specinterface_ln0' <Predicate = true> <Delay = 0.00>
ST_1 : Operation 128 [1/1] (0.00ns)   --->   "%specbitsmap_ln0 = specbitsmap void @_ssdm_op_SpecBitsMap, i32 %input_I_27"   --->   Operation 128 'specbitsmap' 'specbitsmap_ln0' <Predicate = true> <Delay = 0.00>
ST_1 : Operation 129 [1/1] (0.00ns)   --->   "%specinterface_ln0 = specinterface void @_ssdm_op_SpecInterface, i32 %input_I_27, void @empty, i32 0, i32 0, void @empty_0, i32 0, i32 0, void @empty_0, void @empty_0, void @empty_0, i32 0, i32 0, i32 0, i32 0, void @empty_0, void @empty_0, i32 4294967295, i32 0, i32 0"   --->   Operation 129 'specinterface' 'specinterface_ln0' <Predicate = true> <Delay = 0.00>
ST_1 : Operation 130 [1/1] (0.00ns)   --->   "%specbitsmap_ln0 = specbitsmap void @_ssdm_op_SpecBitsMap, i32 %input_I_28"   --->   Operation 130 'specbitsmap' 'specbitsmap_ln0' <Predicate = true> <Delay = 0.00>
ST_1 : Operation 131 [1/1] (0.00ns)   --->   "%specinterface_ln0 = specinterface void @_ssdm_op_SpecInterface, i32 %input_I_28, void @empty, i32 0, i32 0, void @empty_0, i32 0, i32 0, void @empty_0, void @empty_0, void @empty_0, i32 0, i32 0, i32 0, i32 0, void @empty_0, void @empty_0, i32 4294967295, i32 0, i32 0"   --->   Operation 131 'specinterface' 'specinterface_ln0' <Predicate = true> <Delay = 0.00>
ST_1 : Operation 132 [1/1] (0.00ns)   --->   "%specbitsmap_ln0 = specbitsmap void @_ssdm_op_SpecBitsMap, i32 %input_I_29"   --->   Operation 132 'specbitsmap' 'specbitsmap_ln0' <Predicate = true> <Delay = 0.00>
ST_1 : Operation 133 [1/1] (0.00ns)   --->   "%specinterface_ln0 = specinterface void @_ssdm_op_SpecInterface, i32 %input_I_29, void @empty, i32 0, i32 0, void @empty_0, i32 0, i32 0, void @empty_0, void @empty_0, void @empty_0, i32 0, i32 0, i32 0, i32 0, void @empty_0, void @empty_0, i32 4294967295, i32 0, i32 0"   --->   Operation 133 'specinterface' 'specinterface_ln0' <Predicate = true> <Delay = 0.00>
ST_1 : Operation 134 [1/1] (0.00ns)   --->   "%specbitsmap_ln0 = specbitsmap void @_ssdm_op_SpecBitsMap, i32 %input_I_30"   --->   Operation 134 'specbitsmap' 'specbitsmap_ln0' <Predicate = true> <Delay = 0.00>
ST_1 : Operation 135 [1/1] (0.00ns)   --->   "%specinterface_ln0 = specinterface void @_ssdm_op_SpecInterface, i32 %input_I_30, void @empty, i32 0, i32 0, void @empty_0, i32 0, i32 0, void @empty_0, void @empty_0, void @empty_0, i32 0, i32 0, i32 0, i32 0, void @empty_0, void @empty_0, i32 4294967295, i32 0, i32 0"   --->   Operation 135 'specinterface' 'specinterface_ln0' <Predicate = true> <Delay = 0.00>
ST_1 : Operation 136 [1/1] (0.00ns)   --->   "%specbitsmap_ln0 = specbitsmap void @_ssdm_op_SpecBitsMap, i32 %input_I_31"   --->   Operation 136 'specbitsmap' 'specbitsmap_ln0' <Predicate = true> <Delay = 0.00>
ST_1 : Operation 137 [1/1] (0.00ns)   --->   "%specinterface_ln0 = specinterface void @_ssdm_op_SpecInterface, i32 %input_I_31, void @empty, i32 0, i32 0, void @empty_0, i32 0, i32 0, void @empty_0, void @empty_0, void @empty_0, i32 0, i32 0, i32 0, i32 0, void @empty_0, void @empty_0, i32 4294967295, i32 0, i32 0"   --->   Operation 137 'specinterface' 'specinterface_ln0' <Predicate = true> <Delay = 0.00>
ST_1 : Operation 138 [1/1] (0.00ns)   --->   "%specbitsmap_ln0 = specbitsmap void @_ssdm_op_SpecBitsMap, i32 %output_R_0"   --->   Operation 138 'specbitsmap' 'specbitsmap_ln0' <Predicate = true> <Delay = 0.00>
ST_1 : Operation 139 [1/1] (0.00ns)   --->   "%specinterface_ln0 = specinterface void @_ssdm_op_SpecInterface, i32 %output_R_0, void @empty, i32 0, i32 0, void @empty_0, i32 0, i32 0, void @empty_0, void @empty_0, void @empty_0, i32 0, i32 0, i32 0, i32 0, void @empty_0, void @empty_0, i32 4294967295, i32 0, i32 0"   --->   Operation 139 'specinterface' 'specinterface_ln0' <Predicate = true> <Delay = 0.00>
ST_1 : Operation 140 [1/1] (0.00ns)   --->   "%specbitsmap_ln0 = specbitsmap void @_ssdm_op_SpecBitsMap, i32 %output_R_1"   --->   Operation 140 'specbitsmap' 'specbitsmap_ln0' <Predicate = true> <Delay = 0.00>
ST_1 : Operation 141 [1/1] (0.00ns)   --->   "%specinterface_ln0 = specinterface void @_ssdm_op_SpecInterface, i32 %output_R_1, void @empty, i32 0, i32 0, void @empty_0, i32 0, i32 0, void @empty_0, void @empty_0, void @empty_0, i32 0, i32 0, i32 0, i32 0, void @empty_0, void @empty_0, i32 4294967295, i32 0, i32 0"   --->   Operation 141 'specinterface' 'specinterface_ln0' <Predicate = true> <Delay = 0.00>
ST_1 : Operation 142 [1/1] (0.00ns)   --->   "%specbitsmap_ln0 = specbitsmap void @_ssdm_op_SpecBitsMap, i32 %output_R_2"   --->   Operation 142 'specbitsmap' 'specbitsmap_ln0' <Predicate = true> <Delay = 0.00>
ST_1 : Operation 143 [1/1] (0.00ns)   --->   "%specinterface_ln0 = specinterface void @_ssdm_op_SpecInterface, i32 %output_R_2, void @empty, i32 0, i32 0, void @empty_0, i32 0, i32 0, void @empty_0, void @empty_0, void @empty_0, i32 0, i32 0, i32 0, i32 0, void @empty_0, void @empty_0, i32 4294967295, i32 0, i32 0"   --->   Operation 143 'specinterface' 'specinterface_ln0' <Predicate = true> <Delay = 0.00>
ST_1 : Operation 144 [1/1] (0.00ns)   --->   "%specbitsmap_ln0 = specbitsmap void @_ssdm_op_SpecBitsMap, i32 %output_R_3"   --->   Operation 144 'specbitsmap' 'specbitsmap_ln0' <Predicate = true> <Delay = 0.00>
ST_1 : Operation 145 [1/1] (0.00ns)   --->   "%specinterface_ln0 = specinterface void @_ssdm_op_SpecInterface, i32 %output_R_3, void @empty, i32 0, i32 0, void @empty_0, i32 0, i32 0, void @empty_0, void @empty_0, void @empty_0, i32 0, i32 0, i32 0, i32 0, void @empty_0, void @empty_0, i32 4294967295, i32 0, i32 0"   --->   Operation 145 'specinterface' 'specinterface_ln0' <Predicate = true> <Delay = 0.00>
ST_1 : Operation 146 [1/1] (0.00ns)   --->   "%specbitsmap_ln0 = specbitsmap void @_ssdm_op_SpecBitsMap, i32 %output_R_4"   --->   Operation 146 'specbitsmap' 'specbitsmap_ln0' <Predicate = true> <Delay = 0.00>
ST_1 : Operation 147 [1/1] (0.00ns)   --->   "%specinterface_ln0 = specinterface void @_ssdm_op_SpecInterface, i32 %output_R_4, void @empty, i32 0, i32 0, void @empty_0, i32 0, i32 0, void @empty_0, void @empty_0, void @empty_0, i32 0, i32 0, i32 0, i32 0, void @empty_0, void @empty_0, i32 4294967295, i32 0, i32 0"   --->   Operation 147 'specinterface' 'specinterface_ln0' <Predicate = true> <Delay = 0.00>
ST_1 : Operation 148 [1/1] (0.00ns)   --->   "%specbitsmap_ln0 = specbitsmap void @_ssdm_op_SpecBitsMap, i32 %output_R_5"   --->   Operation 148 'specbitsmap' 'specbitsmap_ln0' <Predicate = true> <Delay = 0.00>
ST_1 : Operation 149 [1/1] (0.00ns)   --->   "%specinterface_ln0 = specinterface void @_ssdm_op_SpecInterface, i32 %output_R_5, void @empty, i32 0, i32 0, void @empty_0, i32 0, i32 0, void @empty_0, void @empty_0, void @empty_0, i32 0, i32 0, i32 0, i32 0, void @empty_0, void @empty_0, i32 4294967295, i32 0, i32 0"   --->   Operation 149 'specinterface' 'specinterface_ln0' <Predicate = true> <Delay = 0.00>
ST_1 : Operation 150 [1/1] (0.00ns)   --->   "%specbitsmap_ln0 = specbitsmap void @_ssdm_op_SpecBitsMap, i32 %output_R_6"   --->   Operation 150 'specbitsmap' 'specbitsmap_ln0' <Predicate = true> <Delay = 0.00>
ST_1 : Operation 151 [1/1] (0.00ns)   --->   "%specinterface_ln0 = specinterface void @_ssdm_op_SpecInterface, i32 %output_R_6, void @empty, i32 0, i32 0, void @empty_0, i32 0, i32 0, void @empty_0, void @empty_0, void @empty_0, i32 0, i32 0, i32 0, i32 0, void @empty_0, void @empty_0, i32 4294967295, i32 0, i32 0"   --->   Operation 151 'specinterface' 'specinterface_ln0' <Predicate = true> <Delay = 0.00>
ST_1 : Operation 152 [1/1] (0.00ns)   --->   "%specbitsmap_ln0 = specbitsmap void @_ssdm_op_SpecBitsMap, i32 %output_R_7"   --->   Operation 152 'specbitsmap' 'specbitsmap_ln0' <Predicate = true> <Delay = 0.00>
ST_1 : Operation 153 [1/1] (0.00ns)   --->   "%specinterface_ln0 = specinterface void @_ssdm_op_SpecInterface, i32 %output_R_7, void @empty, i32 0, i32 0, void @empty_0, i32 0, i32 0, void @empty_0, void @empty_0, void @empty_0, i32 0, i32 0, i32 0, i32 0, void @empty_0, void @empty_0, i32 4294967295, i32 0, i32 0"   --->   Operation 153 'specinterface' 'specinterface_ln0' <Predicate = true> <Delay = 0.00>
ST_1 : Operation 154 [1/1] (0.00ns)   --->   "%specbitsmap_ln0 = specbitsmap void @_ssdm_op_SpecBitsMap, i32 %output_R_8"   --->   Operation 154 'specbitsmap' 'specbitsmap_ln0' <Predicate = true> <Delay = 0.00>
ST_1 : Operation 155 [1/1] (0.00ns)   --->   "%specinterface_ln0 = specinterface void @_ssdm_op_SpecInterface, i32 %output_R_8, void @empty, i32 0, i32 0, void @empty_0, i32 0, i32 0, void @empty_0, void @empty_0, void @empty_0, i32 0, i32 0, i32 0, i32 0, void @empty_0, void @empty_0, i32 4294967295, i32 0, i32 0"   --->   Operation 155 'specinterface' 'specinterface_ln0' <Predicate = true> <Delay = 0.00>
ST_1 : Operation 156 [1/1] (0.00ns)   --->   "%specbitsmap_ln0 = specbitsmap void @_ssdm_op_SpecBitsMap, i32 %output_R_9"   --->   Operation 156 'specbitsmap' 'specbitsmap_ln0' <Predicate = true> <Delay = 0.00>
ST_1 : Operation 157 [1/1] (0.00ns)   --->   "%specinterface_ln0 = specinterface void @_ssdm_op_SpecInterface, i32 %output_R_9, void @empty, i32 0, i32 0, void @empty_0, i32 0, i32 0, void @empty_0, void @empty_0, void @empty_0, i32 0, i32 0, i32 0, i32 0, void @empty_0, void @empty_0, i32 4294967295, i32 0, i32 0"   --->   Operation 157 'specinterface' 'specinterface_ln0' <Predicate = true> <Delay = 0.00>
ST_1 : Operation 158 [1/1] (0.00ns)   --->   "%specbitsmap_ln0 = specbitsmap void @_ssdm_op_SpecBitsMap, i32 %output_R_10"   --->   Operation 158 'specbitsmap' 'specbitsmap_ln0' <Predicate = true> <Delay = 0.00>
ST_1 : Operation 159 [1/1] (0.00ns)   --->   "%specinterface_ln0 = specinterface void @_ssdm_op_SpecInterface, i32 %output_R_10, void @empty, i32 0, i32 0, void @empty_0, i32 0, i32 0, void @empty_0, void @empty_0, void @empty_0, i32 0, i32 0, i32 0, i32 0, void @empty_0, void @empty_0, i32 4294967295, i32 0, i32 0"   --->   Operation 159 'specinterface' 'specinterface_ln0' <Predicate = true> <Delay = 0.00>
ST_1 : Operation 160 [1/1] (0.00ns)   --->   "%specbitsmap_ln0 = specbitsmap void @_ssdm_op_SpecBitsMap, i32 %output_R_11"   --->   Operation 160 'specbitsmap' 'specbitsmap_ln0' <Predicate = true> <Delay = 0.00>
ST_1 : Operation 161 [1/1] (0.00ns)   --->   "%specinterface_ln0 = specinterface void @_ssdm_op_SpecInterface, i32 %output_R_11, void @empty, i32 0, i32 0, void @empty_0, i32 0, i32 0, void @empty_0, void @empty_0, void @empty_0, i32 0, i32 0, i32 0, i32 0, void @empty_0, void @empty_0, i32 4294967295, i32 0, i32 0"   --->   Operation 161 'specinterface' 'specinterface_ln0' <Predicate = true> <Delay = 0.00>
ST_1 : Operation 162 [1/1] (0.00ns)   --->   "%specbitsmap_ln0 = specbitsmap void @_ssdm_op_SpecBitsMap, i32 %output_R_12"   --->   Operation 162 'specbitsmap' 'specbitsmap_ln0' <Predicate = true> <Delay = 0.00>
ST_1 : Operation 163 [1/1] (0.00ns)   --->   "%specinterface_ln0 = specinterface void @_ssdm_op_SpecInterface, i32 %output_R_12, void @empty, i32 0, i32 0, void @empty_0, i32 0, i32 0, void @empty_0, void @empty_0, void @empty_0, i32 0, i32 0, i32 0, i32 0, void @empty_0, void @empty_0, i32 4294967295, i32 0, i32 0"   --->   Operation 163 'specinterface' 'specinterface_ln0' <Predicate = true> <Delay = 0.00>
ST_1 : Operation 164 [1/1] (0.00ns)   --->   "%specbitsmap_ln0 = specbitsmap void @_ssdm_op_SpecBitsMap, i32 %output_R_13"   --->   Operation 164 'specbitsmap' 'specbitsmap_ln0' <Predicate = true> <Delay = 0.00>
ST_1 : Operation 165 [1/1] (0.00ns)   --->   "%specinterface_ln0 = specinterface void @_ssdm_op_SpecInterface, i32 %output_R_13, void @empty, i32 0, i32 0, void @empty_0, i32 0, i32 0, void @empty_0, void @empty_0, void @empty_0, i32 0, i32 0, i32 0, i32 0, void @empty_0, void @empty_0, i32 4294967295, i32 0, i32 0"   --->   Operation 165 'specinterface' 'specinterface_ln0' <Predicate = true> <Delay = 0.00>
ST_1 : Operation 166 [1/1] (0.00ns)   --->   "%specbitsmap_ln0 = specbitsmap void @_ssdm_op_SpecBitsMap, i32 %output_R_14"   --->   Operation 166 'specbitsmap' 'specbitsmap_ln0' <Predicate = true> <Delay = 0.00>
ST_1 : Operation 167 [1/1] (0.00ns)   --->   "%specinterface_ln0 = specinterface void @_ssdm_op_SpecInterface, i32 %output_R_14, void @empty, i32 0, i32 0, void @empty_0, i32 0, i32 0, void @empty_0, void @empty_0, void @empty_0, i32 0, i32 0, i32 0, i32 0, void @empty_0, void @empty_0, i32 4294967295, i32 0, i32 0"   --->   Operation 167 'specinterface' 'specinterface_ln0' <Predicate = true> <Delay = 0.00>
ST_1 : Operation 168 [1/1] (0.00ns)   --->   "%specbitsmap_ln0 = specbitsmap void @_ssdm_op_SpecBitsMap, i32 %output_R_15"   --->   Operation 168 'specbitsmap' 'specbitsmap_ln0' <Predicate = true> <Delay = 0.00>
ST_1 : Operation 169 [1/1] (0.00ns)   --->   "%specinterface_ln0 = specinterface void @_ssdm_op_SpecInterface, i32 %output_R_15, void @empty, i32 0, i32 0, void @empty_0, i32 0, i32 0, void @empty_0, void @empty_0, void @empty_0, i32 0, i32 0, i32 0, i32 0, void @empty_0, void @empty_0, i32 4294967295, i32 0, i32 0"   --->   Operation 169 'specinterface' 'specinterface_ln0' <Predicate = true> <Delay = 0.00>
ST_1 : Operation 170 [1/1] (0.00ns)   --->   "%specbitsmap_ln0 = specbitsmap void @_ssdm_op_SpecBitsMap, i32 %output_R_16"   --->   Operation 170 'specbitsmap' 'specbitsmap_ln0' <Predicate = true> <Delay = 0.00>
ST_1 : Operation 171 [1/1] (0.00ns)   --->   "%specinterface_ln0 = specinterface void @_ssdm_op_SpecInterface, i32 %output_R_16, void @empty, i32 0, i32 0, void @empty_0, i32 0, i32 0, void @empty_0, void @empty_0, void @empty_0, i32 0, i32 0, i32 0, i32 0, void @empty_0, void @empty_0, i32 4294967295, i32 0, i32 0"   --->   Operation 171 'specinterface' 'specinterface_ln0' <Predicate = true> <Delay = 0.00>
ST_1 : Operation 172 [1/1] (0.00ns)   --->   "%specbitsmap_ln0 = specbitsmap void @_ssdm_op_SpecBitsMap, i32 %output_R_17"   --->   Operation 172 'specbitsmap' 'specbitsmap_ln0' <Predicate = true> <Delay = 0.00>
ST_1 : Operation 173 [1/1] (0.00ns)   --->   "%specinterface_ln0 = specinterface void @_ssdm_op_SpecInterface, i32 %output_R_17, void @empty, i32 0, i32 0, void @empty_0, i32 0, i32 0, void @empty_0, void @empty_0, void @empty_0, i32 0, i32 0, i32 0, i32 0, void @empty_0, void @empty_0, i32 4294967295, i32 0, i32 0"   --->   Operation 173 'specinterface' 'specinterface_ln0' <Predicate = true> <Delay = 0.00>
ST_1 : Operation 174 [1/1] (0.00ns)   --->   "%specbitsmap_ln0 = specbitsmap void @_ssdm_op_SpecBitsMap, i32 %output_R_18"   --->   Operation 174 'specbitsmap' 'specbitsmap_ln0' <Predicate = true> <Delay = 0.00>
ST_1 : Operation 175 [1/1] (0.00ns)   --->   "%specinterface_ln0 = specinterface void @_ssdm_op_SpecInterface, i32 %output_R_18, void @empty, i32 0, i32 0, void @empty_0, i32 0, i32 0, void @empty_0, void @empty_0, void @empty_0, i32 0, i32 0, i32 0, i32 0, void @empty_0, void @empty_0, i32 4294967295, i32 0, i32 0"   --->   Operation 175 'specinterface' 'specinterface_ln0' <Predicate = true> <Delay = 0.00>
ST_1 : Operation 176 [1/1] (0.00ns)   --->   "%specbitsmap_ln0 = specbitsmap void @_ssdm_op_SpecBitsMap, i32 %output_R_19"   --->   Operation 176 'specbitsmap' 'specbitsmap_ln0' <Predicate = true> <Delay = 0.00>
ST_1 : Operation 177 [1/1] (0.00ns)   --->   "%specinterface_ln0 = specinterface void @_ssdm_op_SpecInterface, i32 %output_R_19, void @empty, i32 0, i32 0, void @empty_0, i32 0, i32 0, void @empty_0, void @empty_0, void @empty_0, i32 0, i32 0, i32 0, i32 0, void @empty_0, void @empty_0, i32 4294967295, i32 0, i32 0"   --->   Operation 177 'specinterface' 'specinterface_ln0' <Predicate = true> <Delay = 0.00>
ST_1 : Operation 178 [1/1] (0.00ns)   --->   "%specbitsmap_ln0 = specbitsmap void @_ssdm_op_SpecBitsMap, i32 %output_R_20"   --->   Operation 178 'specbitsmap' 'specbitsmap_ln0' <Predicate = true> <Delay = 0.00>
ST_1 : Operation 179 [1/1] (0.00ns)   --->   "%specinterface_ln0 = specinterface void @_ssdm_op_SpecInterface, i32 %output_R_20, void @empty, i32 0, i32 0, void @empty_0, i32 0, i32 0, void @empty_0, void @empty_0, void @empty_0, i32 0, i32 0, i32 0, i32 0, void @empty_0, void @empty_0, i32 4294967295, i32 0, i32 0"   --->   Operation 179 'specinterface' 'specinterface_ln0' <Predicate = true> <Delay = 0.00>
ST_1 : Operation 180 [1/1] (0.00ns)   --->   "%specbitsmap_ln0 = specbitsmap void @_ssdm_op_SpecBitsMap, i32 %output_R_21"   --->   Operation 180 'specbitsmap' 'specbitsmap_ln0' <Predicate = true> <Delay = 0.00>
ST_1 : Operation 181 [1/1] (0.00ns)   --->   "%specinterface_ln0 = specinterface void @_ssdm_op_SpecInterface, i32 %output_R_21, void @empty, i32 0, i32 0, void @empty_0, i32 0, i32 0, void @empty_0, void @empty_0, void @empty_0, i32 0, i32 0, i32 0, i32 0, void @empty_0, void @empty_0, i32 4294967295, i32 0, i32 0"   --->   Operation 181 'specinterface' 'specinterface_ln0' <Predicate = true> <Delay = 0.00>
ST_1 : Operation 182 [1/1] (0.00ns)   --->   "%specbitsmap_ln0 = specbitsmap void @_ssdm_op_SpecBitsMap, i32 %output_R_22"   --->   Operation 182 'specbitsmap' 'specbitsmap_ln0' <Predicate = true> <Delay = 0.00>
ST_1 : Operation 183 [1/1] (0.00ns)   --->   "%specinterface_ln0 = specinterface void @_ssdm_op_SpecInterface, i32 %output_R_22, void @empty, i32 0, i32 0, void @empty_0, i32 0, i32 0, void @empty_0, void @empty_0, void @empty_0, i32 0, i32 0, i32 0, i32 0, void @empty_0, void @empty_0, i32 4294967295, i32 0, i32 0"   --->   Operation 183 'specinterface' 'specinterface_ln0' <Predicate = true> <Delay = 0.00>
ST_1 : Operation 184 [1/1] (0.00ns)   --->   "%specbitsmap_ln0 = specbitsmap void @_ssdm_op_SpecBitsMap, i32 %output_R_23"   --->   Operation 184 'specbitsmap' 'specbitsmap_ln0' <Predicate = true> <Delay = 0.00>
ST_1 : Operation 185 [1/1] (0.00ns)   --->   "%specinterface_ln0 = specinterface void @_ssdm_op_SpecInterface, i32 %output_R_23, void @empty, i32 0, i32 0, void @empty_0, i32 0, i32 0, void @empty_0, void @empty_0, void @empty_0, i32 0, i32 0, i32 0, i32 0, void @empty_0, void @empty_0, i32 4294967295, i32 0, i32 0"   --->   Operation 185 'specinterface' 'specinterface_ln0' <Predicate = true> <Delay = 0.00>
ST_1 : Operation 186 [1/1] (0.00ns)   --->   "%specbitsmap_ln0 = specbitsmap void @_ssdm_op_SpecBitsMap, i32 %output_R_24"   --->   Operation 186 'specbitsmap' 'specbitsmap_ln0' <Predicate = true> <Delay = 0.00>
ST_1 : Operation 187 [1/1] (0.00ns)   --->   "%specinterface_ln0 = specinterface void @_ssdm_op_SpecInterface, i32 %output_R_24, void @empty, i32 0, i32 0, void @empty_0, i32 0, i32 0, void @empty_0, void @empty_0, void @empty_0, i32 0, i32 0, i32 0, i32 0, void @empty_0, void @empty_0, i32 4294967295, i32 0, i32 0"   --->   Operation 187 'specinterface' 'specinterface_ln0' <Predicate = true> <Delay = 0.00>
ST_1 : Operation 188 [1/1] (0.00ns)   --->   "%specbitsmap_ln0 = specbitsmap void @_ssdm_op_SpecBitsMap, i32 %output_R_25"   --->   Operation 188 'specbitsmap' 'specbitsmap_ln0' <Predicate = true> <Delay = 0.00>
ST_1 : Operation 189 [1/1] (0.00ns)   --->   "%specinterface_ln0 = specinterface void @_ssdm_op_SpecInterface, i32 %output_R_25, void @empty, i32 0, i32 0, void @empty_0, i32 0, i32 0, void @empty_0, void @empty_0, void @empty_0, i32 0, i32 0, i32 0, i32 0, void @empty_0, void @empty_0, i32 4294967295, i32 0, i32 0"   --->   Operation 189 'specinterface' 'specinterface_ln0' <Predicate = true> <Delay = 0.00>
ST_1 : Operation 190 [1/1] (0.00ns)   --->   "%specbitsmap_ln0 = specbitsmap void @_ssdm_op_SpecBitsMap, i32 %output_R_26"   --->   Operation 190 'specbitsmap' 'specbitsmap_ln0' <Predicate = true> <Delay = 0.00>
ST_1 : Operation 191 [1/1] (0.00ns)   --->   "%specinterface_ln0 = specinterface void @_ssdm_op_SpecInterface, i32 %output_R_26, void @empty, i32 0, i32 0, void @empty_0, i32 0, i32 0, void @empty_0, void @empty_0, void @empty_0, i32 0, i32 0, i32 0, i32 0, void @empty_0, void @empty_0, i32 4294967295, i32 0, i32 0"   --->   Operation 191 'specinterface' 'specinterface_ln0' <Predicate = true> <Delay = 0.00>
ST_1 : Operation 192 [1/1] (0.00ns)   --->   "%specbitsmap_ln0 = specbitsmap void @_ssdm_op_SpecBitsMap, i32 %output_R_27"   --->   Operation 192 'specbitsmap' 'specbitsmap_ln0' <Predicate = true> <Delay = 0.00>
ST_1 : Operation 193 [1/1] (0.00ns)   --->   "%specinterface_ln0 = specinterface void @_ssdm_op_SpecInterface, i32 %output_R_27, void @empty, i32 0, i32 0, void @empty_0, i32 0, i32 0, void @empty_0, void @empty_0, void @empty_0, i32 0, i32 0, i32 0, i32 0, void @empty_0, void @empty_0, i32 4294967295, i32 0, i32 0"   --->   Operation 193 'specinterface' 'specinterface_ln0' <Predicate = true> <Delay = 0.00>
ST_1 : Operation 194 [1/1] (0.00ns)   --->   "%specbitsmap_ln0 = specbitsmap void @_ssdm_op_SpecBitsMap, i32 %output_R_28"   --->   Operation 194 'specbitsmap' 'specbitsmap_ln0' <Predicate = true> <Delay = 0.00>
ST_1 : Operation 195 [1/1] (0.00ns)   --->   "%specinterface_ln0 = specinterface void @_ssdm_op_SpecInterface, i32 %output_R_28, void @empty, i32 0, i32 0, void @empty_0, i32 0, i32 0, void @empty_0, void @empty_0, void @empty_0, i32 0, i32 0, i32 0, i32 0, void @empty_0, void @empty_0, i32 4294967295, i32 0, i32 0"   --->   Operation 195 'specinterface' 'specinterface_ln0' <Predicate = true> <Delay = 0.00>
ST_1 : Operation 196 [1/1] (0.00ns)   --->   "%specbitsmap_ln0 = specbitsmap void @_ssdm_op_SpecBitsMap, i32 %output_R_29"   --->   Operation 196 'specbitsmap' 'specbitsmap_ln0' <Predicate = true> <Delay = 0.00>
ST_1 : Operation 197 [1/1] (0.00ns)   --->   "%specinterface_ln0 = specinterface void @_ssdm_op_SpecInterface, i32 %output_R_29, void @empty, i32 0, i32 0, void @empty_0, i32 0, i32 0, void @empty_0, void @empty_0, void @empty_0, i32 0, i32 0, i32 0, i32 0, void @empty_0, void @empty_0, i32 4294967295, i32 0, i32 0"   --->   Operation 197 'specinterface' 'specinterface_ln0' <Predicate = true> <Delay = 0.00>
ST_1 : Operation 198 [1/1] (0.00ns)   --->   "%specbitsmap_ln0 = specbitsmap void @_ssdm_op_SpecBitsMap, i32 %output_R_30"   --->   Operation 198 'specbitsmap' 'specbitsmap_ln0' <Predicate = true> <Delay = 0.00>
ST_1 : Operation 199 [1/1] (0.00ns)   --->   "%specinterface_ln0 = specinterface void @_ssdm_op_SpecInterface, i32 %output_R_30, void @empty, i32 0, i32 0, void @empty_0, i32 0, i32 0, void @empty_0, void @empty_0, void @empty_0, i32 0, i32 0, i32 0, i32 0, void @empty_0, void @empty_0, i32 4294967295, i32 0, i32 0"   --->   Operation 199 'specinterface' 'specinterface_ln0' <Predicate = true> <Delay = 0.00>
ST_1 : Operation 200 [1/1] (0.00ns)   --->   "%specbitsmap_ln0 = specbitsmap void @_ssdm_op_SpecBitsMap, i32 %output_R_31"   --->   Operation 200 'specbitsmap' 'specbitsmap_ln0' <Predicate = true> <Delay = 0.00>
ST_1 : Operation 201 [1/1] (0.00ns)   --->   "%specinterface_ln0 = specinterface void @_ssdm_op_SpecInterface, i32 %output_R_31, void @empty, i32 0, i32 0, void @empty_0, i32 0, i32 0, void @empty_0, void @empty_0, void @empty_0, i32 0, i32 0, i32 0, i32 0, void @empty_0, void @empty_0, i32 4294967295, i32 0, i32 0"   --->   Operation 201 'specinterface' 'specinterface_ln0' <Predicate = true> <Delay = 0.00>
ST_1 : Operation 202 [1/1] (0.00ns)   --->   "%specbitsmap_ln0 = specbitsmap void @_ssdm_op_SpecBitsMap, i32 %output_I_0"   --->   Operation 202 'specbitsmap' 'specbitsmap_ln0' <Predicate = true> <Delay = 0.00>
ST_1 : Operation 203 [1/1] (0.00ns)   --->   "%specinterface_ln0 = specinterface void @_ssdm_op_SpecInterface, i32 %output_I_0, void @empty, i32 0, i32 0, void @empty_0, i32 0, i32 0, void @empty_0, void @empty_0, void @empty_0, i32 0, i32 0, i32 0, i32 0, void @empty_0, void @empty_0, i32 4294967295, i32 0, i32 0"   --->   Operation 203 'specinterface' 'specinterface_ln0' <Predicate = true> <Delay = 0.00>
ST_1 : Operation 204 [1/1] (0.00ns)   --->   "%specbitsmap_ln0 = specbitsmap void @_ssdm_op_SpecBitsMap, i32 %output_I_1"   --->   Operation 204 'specbitsmap' 'specbitsmap_ln0' <Predicate = true> <Delay = 0.00>
ST_1 : Operation 205 [1/1] (0.00ns)   --->   "%specinterface_ln0 = specinterface void @_ssdm_op_SpecInterface, i32 %output_I_1, void @empty, i32 0, i32 0, void @empty_0, i32 0, i32 0, void @empty_0, void @empty_0, void @empty_0, i32 0, i32 0, i32 0, i32 0, void @empty_0, void @empty_0, i32 4294967295, i32 0, i32 0"   --->   Operation 205 'specinterface' 'specinterface_ln0' <Predicate = true> <Delay = 0.00>
ST_1 : Operation 206 [1/1] (0.00ns)   --->   "%specbitsmap_ln0 = specbitsmap void @_ssdm_op_SpecBitsMap, i32 %output_I_2"   --->   Operation 206 'specbitsmap' 'specbitsmap_ln0' <Predicate = true> <Delay = 0.00>
ST_1 : Operation 207 [1/1] (0.00ns)   --->   "%specinterface_ln0 = specinterface void @_ssdm_op_SpecInterface, i32 %output_I_2, void @empty, i32 0, i32 0, void @empty_0, i32 0, i32 0, void @empty_0, void @empty_0, void @empty_0, i32 0, i32 0, i32 0, i32 0, void @empty_0, void @empty_0, i32 4294967295, i32 0, i32 0"   --->   Operation 207 'specinterface' 'specinterface_ln0' <Predicate = true> <Delay = 0.00>
ST_1 : Operation 208 [1/1] (0.00ns)   --->   "%specbitsmap_ln0 = specbitsmap void @_ssdm_op_SpecBitsMap, i32 %output_I_3"   --->   Operation 208 'specbitsmap' 'specbitsmap_ln0' <Predicate = true> <Delay = 0.00>
ST_1 : Operation 209 [1/1] (0.00ns)   --->   "%specinterface_ln0 = specinterface void @_ssdm_op_SpecInterface, i32 %output_I_3, void @empty, i32 0, i32 0, void @empty_0, i32 0, i32 0, void @empty_0, void @empty_0, void @empty_0, i32 0, i32 0, i32 0, i32 0, void @empty_0, void @empty_0, i32 4294967295, i32 0, i32 0"   --->   Operation 209 'specinterface' 'specinterface_ln0' <Predicate = true> <Delay = 0.00>
ST_1 : Operation 210 [1/1] (0.00ns)   --->   "%specbitsmap_ln0 = specbitsmap void @_ssdm_op_SpecBitsMap, i32 %output_I_4"   --->   Operation 210 'specbitsmap' 'specbitsmap_ln0' <Predicate = true> <Delay = 0.00>
ST_1 : Operation 211 [1/1] (0.00ns)   --->   "%specinterface_ln0 = specinterface void @_ssdm_op_SpecInterface, i32 %output_I_4, void @empty, i32 0, i32 0, void @empty_0, i32 0, i32 0, void @empty_0, void @empty_0, void @empty_0, i32 0, i32 0, i32 0, i32 0, void @empty_0, void @empty_0, i32 4294967295, i32 0, i32 0"   --->   Operation 211 'specinterface' 'specinterface_ln0' <Predicate = true> <Delay = 0.00>
ST_1 : Operation 212 [1/1] (0.00ns)   --->   "%specbitsmap_ln0 = specbitsmap void @_ssdm_op_SpecBitsMap, i32 %output_I_5"   --->   Operation 212 'specbitsmap' 'specbitsmap_ln0' <Predicate = true> <Delay = 0.00>
ST_1 : Operation 213 [1/1] (0.00ns)   --->   "%specinterface_ln0 = specinterface void @_ssdm_op_SpecInterface, i32 %output_I_5, void @empty, i32 0, i32 0, void @empty_0, i32 0, i32 0, void @empty_0, void @empty_0, void @empty_0, i32 0, i32 0, i32 0, i32 0, void @empty_0, void @empty_0, i32 4294967295, i32 0, i32 0"   --->   Operation 213 'specinterface' 'specinterface_ln0' <Predicate = true> <Delay = 0.00>
ST_1 : Operation 214 [1/1] (0.00ns)   --->   "%specbitsmap_ln0 = specbitsmap void @_ssdm_op_SpecBitsMap, i32 %output_I_6"   --->   Operation 214 'specbitsmap' 'specbitsmap_ln0' <Predicate = true> <Delay = 0.00>
ST_1 : Operation 215 [1/1] (0.00ns)   --->   "%specinterface_ln0 = specinterface void @_ssdm_op_SpecInterface, i32 %output_I_6, void @empty, i32 0, i32 0, void @empty_0, i32 0, i32 0, void @empty_0, void @empty_0, void @empty_0, i32 0, i32 0, i32 0, i32 0, void @empty_0, void @empty_0, i32 4294967295, i32 0, i32 0"   --->   Operation 215 'specinterface' 'specinterface_ln0' <Predicate = true> <Delay = 0.00>
ST_1 : Operation 216 [1/1] (0.00ns)   --->   "%specbitsmap_ln0 = specbitsmap void @_ssdm_op_SpecBitsMap, i32 %output_I_7"   --->   Operation 216 'specbitsmap' 'specbitsmap_ln0' <Predicate = true> <Delay = 0.00>
ST_1 : Operation 217 [1/1] (0.00ns)   --->   "%specinterface_ln0 = specinterface void @_ssdm_op_SpecInterface, i32 %output_I_7, void @empty, i32 0, i32 0, void @empty_0, i32 0, i32 0, void @empty_0, void @empty_0, void @empty_0, i32 0, i32 0, i32 0, i32 0, void @empty_0, void @empty_0, i32 4294967295, i32 0, i32 0"   --->   Operation 217 'specinterface' 'specinterface_ln0' <Predicate = true> <Delay = 0.00>
ST_1 : Operation 218 [1/1] (0.00ns)   --->   "%specbitsmap_ln0 = specbitsmap void @_ssdm_op_SpecBitsMap, i32 %output_I_8"   --->   Operation 218 'specbitsmap' 'specbitsmap_ln0' <Predicate = true> <Delay = 0.00>
ST_1 : Operation 219 [1/1] (0.00ns)   --->   "%specinterface_ln0 = specinterface void @_ssdm_op_SpecInterface, i32 %output_I_8, void @empty, i32 0, i32 0, void @empty_0, i32 0, i32 0, void @empty_0, void @empty_0, void @empty_0, i32 0, i32 0, i32 0, i32 0, void @empty_0, void @empty_0, i32 4294967295, i32 0, i32 0"   --->   Operation 219 'specinterface' 'specinterface_ln0' <Predicate = true> <Delay = 0.00>
ST_1 : Operation 220 [1/1] (0.00ns)   --->   "%specbitsmap_ln0 = specbitsmap void @_ssdm_op_SpecBitsMap, i32 %output_I_9"   --->   Operation 220 'specbitsmap' 'specbitsmap_ln0' <Predicate = true> <Delay = 0.00>
ST_1 : Operation 221 [1/1] (0.00ns)   --->   "%specinterface_ln0 = specinterface void @_ssdm_op_SpecInterface, i32 %output_I_9, void @empty, i32 0, i32 0, void @empty_0, i32 0, i32 0, void @empty_0, void @empty_0, void @empty_0, i32 0, i32 0, i32 0, i32 0, void @empty_0, void @empty_0, i32 4294967295, i32 0, i32 0"   --->   Operation 221 'specinterface' 'specinterface_ln0' <Predicate = true> <Delay = 0.00>
ST_1 : Operation 222 [1/1] (0.00ns)   --->   "%specbitsmap_ln0 = specbitsmap void @_ssdm_op_SpecBitsMap, i32 %output_I_10"   --->   Operation 222 'specbitsmap' 'specbitsmap_ln0' <Predicate = true> <Delay = 0.00>
ST_1 : Operation 223 [1/1] (0.00ns)   --->   "%specinterface_ln0 = specinterface void @_ssdm_op_SpecInterface, i32 %output_I_10, void @empty, i32 0, i32 0, void @empty_0, i32 0, i32 0, void @empty_0, void @empty_0, void @empty_0, i32 0, i32 0, i32 0, i32 0, void @empty_0, void @empty_0, i32 4294967295, i32 0, i32 0"   --->   Operation 223 'specinterface' 'specinterface_ln0' <Predicate = true> <Delay = 0.00>
ST_1 : Operation 224 [1/1] (0.00ns)   --->   "%specbitsmap_ln0 = specbitsmap void @_ssdm_op_SpecBitsMap, i32 %output_I_11"   --->   Operation 224 'specbitsmap' 'specbitsmap_ln0' <Predicate = true> <Delay = 0.00>
ST_1 : Operation 225 [1/1] (0.00ns)   --->   "%specinterface_ln0 = specinterface void @_ssdm_op_SpecInterface, i32 %output_I_11, void @empty, i32 0, i32 0, void @empty_0, i32 0, i32 0, void @empty_0, void @empty_0, void @empty_0, i32 0, i32 0, i32 0, i32 0, void @empty_0, void @empty_0, i32 4294967295, i32 0, i32 0"   --->   Operation 225 'specinterface' 'specinterface_ln0' <Predicate = true> <Delay = 0.00>
ST_1 : Operation 226 [1/1] (0.00ns)   --->   "%specbitsmap_ln0 = specbitsmap void @_ssdm_op_SpecBitsMap, i32 %output_I_12"   --->   Operation 226 'specbitsmap' 'specbitsmap_ln0' <Predicate = true> <Delay = 0.00>
ST_1 : Operation 227 [1/1] (0.00ns)   --->   "%specinterface_ln0 = specinterface void @_ssdm_op_SpecInterface, i32 %output_I_12, void @empty, i32 0, i32 0, void @empty_0, i32 0, i32 0, void @empty_0, void @empty_0, void @empty_0, i32 0, i32 0, i32 0, i32 0, void @empty_0, void @empty_0, i32 4294967295, i32 0, i32 0"   --->   Operation 227 'specinterface' 'specinterface_ln0' <Predicate = true> <Delay = 0.00>
ST_1 : Operation 228 [1/1] (0.00ns)   --->   "%specbitsmap_ln0 = specbitsmap void @_ssdm_op_SpecBitsMap, i32 %output_I_13"   --->   Operation 228 'specbitsmap' 'specbitsmap_ln0' <Predicate = true> <Delay = 0.00>
ST_1 : Operation 229 [1/1] (0.00ns)   --->   "%specinterface_ln0 = specinterface void @_ssdm_op_SpecInterface, i32 %output_I_13, void @empty, i32 0, i32 0, void @empty_0, i32 0, i32 0, void @empty_0, void @empty_0, void @empty_0, i32 0, i32 0, i32 0, i32 0, void @empty_0, void @empty_0, i32 4294967295, i32 0, i32 0"   --->   Operation 229 'specinterface' 'specinterface_ln0' <Predicate = true> <Delay = 0.00>
ST_1 : Operation 230 [1/1] (0.00ns)   --->   "%specbitsmap_ln0 = specbitsmap void @_ssdm_op_SpecBitsMap, i32 %output_I_14"   --->   Operation 230 'specbitsmap' 'specbitsmap_ln0' <Predicate = true> <Delay = 0.00>
ST_1 : Operation 231 [1/1] (0.00ns)   --->   "%specinterface_ln0 = specinterface void @_ssdm_op_SpecInterface, i32 %output_I_14, void @empty, i32 0, i32 0, void @empty_0, i32 0, i32 0, void @empty_0, void @empty_0, void @empty_0, i32 0, i32 0, i32 0, i32 0, void @empty_0, void @empty_0, i32 4294967295, i32 0, i32 0"   --->   Operation 231 'specinterface' 'specinterface_ln0' <Predicate = true> <Delay = 0.00>
ST_1 : Operation 232 [1/1] (0.00ns)   --->   "%specbitsmap_ln0 = specbitsmap void @_ssdm_op_SpecBitsMap, i32 %output_I_15"   --->   Operation 232 'specbitsmap' 'specbitsmap_ln0' <Predicate = true> <Delay = 0.00>
ST_1 : Operation 233 [1/1] (0.00ns)   --->   "%specinterface_ln0 = specinterface void @_ssdm_op_SpecInterface, i32 %output_I_15, void @empty, i32 0, i32 0, void @empty_0, i32 0, i32 0, void @empty_0, void @empty_0, void @empty_0, i32 0, i32 0, i32 0, i32 0, void @empty_0, void @empty_0, i32 4294967295, i32 0, i32 0"   --->   Operation 233 'specinterface' 'specinterface_ln0' <Predicate = true> <Delay = 0.00>
ST_1 : Operation 234 [1/1] (0.00ns)   --->   "%specbitsmap_ln0 = specbitsmap void @_ssdm_op_SpecBitsMap, i32 %output_I_16"   --->   Operation 234 'specbitsmap' 'specbitsmap_ln0' <Predicate = true> <Delay = 0.00>
ST_1 : Operation 235 [1/1] (0.00ns)   --->   "%specinterface_ln0 = specinterface void @_ssdm_op_SpecInterface, i32 %output_I_16, void @empty, i32 0, i32 0, void @empty_0, i32 0, i32 0, void @empty_0, void @empty_0, void @empty_0, i32 0, i32 0, i32 0, i32 0, void @empty_0, void @empty_0, i32 4294967295, i32 0, i32 0"   --->   Operation 235 'specinterface' 'specinterface_ln0' <Predicate = true> <Delay = 0.00>
ST_1 : Operation 236 [1/1] (0.00ns)   --->   "%specbitsmap_ln0 = specbitsmap void @_ssdm_op_SpecBitsMap, i32 %output_I_17"   --->   Operation 236 'specbitsmap' 'specbitsmap_ln0' <Predicate = true> <Delay = 0.00>
ST_1 : Operation 237 [1/1] (0.00ns)   --->   "%specinterface_ln0 = specinterface void @_ssdm_op_SpecInterface, i32 %output_I_17, void @empty, i32 0, i32 0, void @empty_0, i32 0, i32 0, void @empty_0, void @empty_0, void @empty_0, i32 0, i32 0, i32 0, i32 0, void @empty_0, void @empty_0, i32 4294967295, i32 0, i32 0"   --->   Operation 237 'specinterface' 'specinterface_ln0' <Predicate = true> <Delay = 0.00>
ST_1 : Operation 238 [1/1] (0.00ns)   --->   "%specbitsmap_ln0 = specbitsmap void @_ssdm_op_SpecBitsMap, i32 %output_I_18"   --->   Operation 238 'specbitsmap' 'specbitsmap_ln0' <Predicate = true> <Delay = 0.00>
ST_1 : Operation 239 [1/1] (0.00ns)   --->   "%specinterface_ln0 = specinterface void @_ssdm_op_SpecInterface, i32 %output_I_18, void @empty, i32 0, i32 0, void @empty_0, i32 0, i32 0, void @empty_0, void @empty_0, void @empty_0, i32 0, i32 0, i32 0, i32 0, void @empty_0, void @empty_0, i32 4294967295, i32 0, i32 0"   --->   Operation 239 'specinterface' 'specinterface_ln0' <Predicate = true> <Delay = 0.00>
ST_1 : Operation 240 [1/1] (0.00ns)   --->   "%specbitsmap_ln0 = specbitsmap void @_ssdm_op_SpecBitsMap, i32 %output_I_19"   --->   Operation 240 'specbitsmap' 'specbitsmap_ln0' <Predicate = true> <Delay = 0.00>
ST_1 : Operation 241 [1/1] (0.00ns)   --->   "%specinterface_ln0 = specinterface void @_ssdm_op_SpecInterface, i32 %output_I_19, void @empty, i32 0, i32 0, void @empty_0, i32 0, i32 0, void @empty_0, void @empty_0, void @empty_0, i32 0, i32 0, i32 0, i32 0, void @empty_0, void @empty_0, i32 4294967295, i32 0, i32 0"   --->   Operation 241 'specinterface' 'specinterface_ln0' <Predicate = true> <Delay = 0.00>
ST_1 : Operation 242 [1/1] (0.00ns)   --->   "%specbitsmap_ln0 = specbitsmap void @_ssdm_op_SpecBitsMap, i32 %output_I_20"   --->   Operation 242 'specbitsmap' 'specbitsmap_ln0' <Predicate = true> <Delay = 0.00>
ST_1 : Operation 243 [1/1] (0.00ns)   --->   "%specinterface_ln0 = specinterface void @_ssdm_op_SpecInterface, i32 %output_I_20, void @empty, i32 0, i32 0, void @empty_0, i32 0, i32 0, void @empty_0, void @empty_0, void @empty_0, i32 0, i32 0, i32 0, i32 0, void @empty_0, void @empty_0, i32 4294967295, i32 0, i32 0"   --->   Operation 243 'specinterface' 'specinterface_ln0' <Predicate = true> <Delay = 0.00>
ST_1 : Operation 244 [1/1] (0.00ns)   --->   "%specbitsmap_ln0 = specbitsmap void @_ssdm_op_SpecBitsMap, i32 %output_I_21"   --->   Operation 244 'specbitsmap' 'specbitsmap_ln0' <Predicate = true> <Delay = 0.00>
ST_1 : Operation 245 [1/1] (0.00ns)   --->   "%specinterface_ln0 = specinterface void @_ssdm_op_SpecInterface, i32 %output_I_21, void @empty, i32 0, i32 0, void @empty_0, i32 0, i32 0, void @empty_0, void @empty_0, void @empty_0, i32 0, i32 0, i32 0, i32 0, void @empty_0, void @empty_0, i32 4294967295, i32 0, i32 0"   --->   Operation 245 'specinterface' 'specinterface_ln0' <Predicate = true> <Delay = 0.00>
ST_1 : Operation 246 [1/1] (0.00ns)   --->   "%specbitsmap_ln0 = specbitsmap void @_ssdm_op_SpecBitsMap, i32 %output_I_22"   --->   Operation 246 'specbitsmap' 'specbitsmap_ln0' <Predicate = true> <Delay = 0.00>
ST_1 : Operation 247 [1/1] (0.00ns)   --->   "%specinterface_ln0 = specinterface void @_ssdm_op_SpecInterface, i32 %output_I_22, void @empty, i32 0, i32 0, void @empty_0, i32 0, i32 0, void @empty_0, void @empty_0, void @empty_0, i32 0, i32 0, i32 0, i32 0, void @empty_0, void @empty_0, i32 4294967295, i32 0, i32 0"   --->   Operation 247 'specinterface' 'specinterface_ln0' <Predicate = true> <Delay = 0.00>
ST_1 : Operation 248 [1/1] (0.00ns)   --->   "%specbitsmap_ln0 = specbitsmap void @_ssdm_op_SpecBitsMap, i32 %output_I_23"   --->   Operation 248 'specbitsmap' 'specbitsmap_ln0' <Predicate = true> <Delay = 0.00>
ST_1 : Operation 249 [1/1] (0.00ns)   --->   "%specinterface_ln0 = specinterface void @_ssdm_op_SpecInterface, i32 %output_I_23, void @empty, i32 0, i32 0, void @empty_0, i32 0, i32 0, void @empty_0, void @empty_0, void @empty_0, i32 0, i32 0, i32 0, i32 0, void @empty_0, void @empty_0, i32 4294967295, i32 0, i32 0"   --->   Operation 249 'specinterface' 'specinterface_ln0' <Predicate = true> <Delay = 0.00>
ST_1 : Operation 250 [1/1] (0.00ns)   --->   "%specbitsmap_ln0 = specbitsmap void @_ssdm_op_SpecBitsMap, i32 %output_I_24"   --->   Operation 250 'specbitsmap' 'specbitsmap_ln0' <Predicate = true> <Delay = 0.00>
ST_1 : Operation 251 [1/1] (0.00ns)   --->   "%specinterface_ln0 = specinterface void @_ssdm_op_SpecInterface, i32 %output_I_24, void @empty, i32 0, i32 0, void @empty_0, i32 0, i32 0, void @empty_0, void @empty_0, void @empty_0, i32 0, i32 0, i32 0, i32 0, void @empty_0, void @empty_0, i32 4294967295, i32 0, i32 0"   --->   Operation 251 'specinterface' 'specinterface_ln0' <Predicate = true> <Delay = 0.00>
ST_1 : Operation 252 [1/1] (0.00ns)   --->   "%specbitsmap_ln0 = specbitsmap void @_ssdm_op_SpecBitsMap, i32 %output_I_25"   --->   Operation 252 'specbitsmap' 'specbitsmap_ln0' <Predicate = true> <Delay = 0.00>
ST_1 : Operation 253 [1/1] (0.00ns)   --->   "%specinterface_ln0 = specinterface void @_ssdm_op_SpecInterface, i32 %output_I_25, void @empty, i32 0, i32 0, void @empty_0, i32 0, i32 0, void @empty_0, void @empty_0, void @empty_0, i32 0, i32 0, i32 0, i32 0, void @empty_0, void @empty_0, i32 4294967295, i32 0, i32 0"   --->   Operation 253 'specinterface' 'specinterface_ln0' <Predicate = true> <Delay = 0.00>
ST_1 : Operation 254 [1/1] (0.00ns)   --->   "%specbitsmap_ln0 = specbitsmap void @_ssdm_op_SpecBitsMap, i32 %output_I_26"   --->   Operation 254 'specbitsmap' 'specbitsmap_ln0' <Predicate = true> <Delay = 0.00>
ST_1 : Operation 255 [1/1] (0.00ns)   --->   "%specinterface_ln0 = specinterface void @_ssdm_op_SpecInterface, i32 %output_I_26, void @empty, i32 0, i32 0, void @empty_0, i32 0, i32 0, void @empty_0, void @empty_0, void @empty_0, i32 0, i32 0, i32 0, i32 0, void @empty_0, void @empty_0, i32 4294967295, i32 0, i32 0"   --->   Operation 255 'specinterface' 'specinterface_ln0' <Predicate = true> <Delay = 0.00>
ST_1 : Operation 256 [1/1] (0.00ns)   --->   "%specbitsmap_ln0 = specbitsmap void @_ssdm_op_SpecBitsMap, i32 %output_I_27"   --->   Operation 256 'specbitsmap' 'specbitsmap_ln0' <Predicate = true> <Delay = 0.00>
ST_1 : Operation 257 [1/1] (0.00ns)   --->   "%specinterface_ln0 = specinterface void @_ssdm_op_SpecInterface, i32 %output_I_27, void @empty, i32 0, i32 0, void @empty_0, i32 0, i32 0, void @empty_0, void @empty_0, void @empty_0, i32 0, i32 0, i32 0, i32 0, void @empty_0, void @empty_0, i32 4294967295, i32 0, i32 0"   --->   Operation 257 'specinterface' 'specinterface_ln0' <Predicate = true> <Delay = 0.00>
ST_1 : Operation 258 [1/1] (0.00ns)   --->   "%specbitsmap_ln0 = specbitsmap void @_ssdm_op_SpecBitsMap, i32 %output_I_28"   --->   Operation 258 'specbitsmap' 'specbitsmap_ln0' <Predicate = true> <Delay = 0.00>
ST_1 : Operation 259 [1/1] (0.00ns)   --->   "%specinterface_ln0 = specinterface void @_ssdm_op_SpecInterface, i32 %output_I_28, void @empty, i32 0, i32 0, void @empty_0, i32 0, i32 0, void @empty_0, void @empty_0, void @empty_0, i32 0, i32 0, i32 0, i32 0, void @empty_0, void @empty_0, i32 4294967295, i32 0, i32 0"   --->   Operation 259 'specinterface' 'specinterface_ln0' <Predicate = true> <Delay = 0.00>
ST_1 : Operation 260 [1/1] (0.00ns)   --->   "%specbitsmap_ln0 = specbitsmap void @_ssdm_op_SpecBitsMap, i32 %output_I_29"   --->   Operation 260 'specbitsmap' 'specbitsmap_ln0' <Predicate = true> <Delay = 0.00>
ST_1 : Operation 261 [1/1] (0.00ns)   --->   "%specinterface_ln0 = specinterface void @_ssdm_op_SpecInterface, i32 %output_I_29, void @empty, i32 0, i32 0, void @empty_0, i32 0, i32 0, void @empty_0, void @empty_0, void @empty_0, i32 0, i32 0, i32 0, i32 0, void @empty_0, void @empty_0, i32 4294967295, i32 0, i32 0"   --->   Operation 261 'specinterface' 'specinterface_ln0' <Predicate = true> <Delay = 0.00>
ST_1 : Operation 262 [1/1] (0.00ns)   --->   "%specbitsmap_ln0 = specbitsmap void @_ssdm_op_SpecBitsMap, i32 %output_I_30"   --->   Operation 262 'specbitsmap' 'specbitsmap_ln0' <Predicate = true> <Delay = 0.00>
ST_1 : Operation 263 [1/1] (0.00ns)   --->   "%specinterface_ln0 = specinterface void @_ssdm_op_SpecInterface, i32 %output_I_30, void @empty, i32 0, i32 0, void @empty_0, i32 0, i32 0, void @empty_0, void @empty_0, void @empty_0, i32 0, i32 0, i32 0, i32 0, void @empty_0, void @empty_0, i32 4294967295, i32 0, i32 0"   --->   Operation 263 'specinterface' 'specinterface_ln0' <Predicate = true> <Delay = 0.00>
ST_1 : Operation 264 [1/1] (0.00ns)   --->   "%specbitsmap_ln0 = specbitsmap void @_ssdm_op_SpecBitsMap, i32 %output_I_31"   --->   Operation 264 'specbitsmap' 'specbitsmap_ln0' <Predicate = true> <Delay = 0.00>
ST_1 : Operation 265 [1/1] (0.00ns)   --->   "%specinterface_ln0 = specinterface void @_ssdm_op_SpecInterface, i32 %output_I_31, void @empty, i32 0, i32 0, void @empty_0, i32 0, i32 0, void @empty_0, void @empty_0, void @empty_0, i32 0, i32 0, i32 0, i32 0, void @empty_0, void @empty_0, i32 4294967295, i32 0, i32 0"   --->   Operation 265 'specinterface' 'specinterface_ln0' <Predicate = true> <Delay = 0.00>
ST_1 : Operation 266 [1/1] (0.00ns)   --->   "%input_R_0_read = read i32 @_ssdm_op_Read.ap_auto.i32P0A, i32 %input_R_0"   --->   Operation 266 'read' 'input_R_0_read' <Predicate = true> <Delay = 0.00>
ST_1 : Operation 267 [1/1] (0.00ns)   --->   "%input_R_16_read = read i32 @_ssdm_op_Read.ap_auto.i32P0A, i32 %input_R_16"   --->   Operation 267 'read' 'input_R_16_read' <Predicate = true> <Delay = 0.00>
ST_1 : Operation 268 [1/1] (0.00ns)   --->   "%input_I_0_read = read i32 @_ssdm_op_Read.ap_auto.i32P0A, i32 %input_I_0"   --->   Operation 268 'read' 'input_I_0_read' <Predicate = true> <Delay = 0.00>
ST_1 : Operation 269 [1/1] (0.00ns)   --->   "%input_I_16_read = read i32 @_ssdm_op_Read.ap_auto.i32P0A, i32 %input_I_16"   --->   Operation 269 'read' 'input_I_16_read' <Predicate = true> <Delay = 0.00>
ST_1 : Operation 270 [1/1] (0.00ns)   --->   "%input_R_1_read = read i32 @_ssdm_op_Read.ap_auto.i32P0A, i32 %input_R_1"   --->   Operation 270 'read' 'input_R_1_read' <Predicate = true> <Delay = 0.00>
ST_1 : Operation 271 [1/1] (0.00ns)   --->   "%input_R_17_read = read i32 @_ssdm_op_Read.ap_auto.i32P0A, i32 %input_R_17"   --->   Operation 271 'read' 'input_R_17_read' <Predicate = true> <Delay = 0.00>
ST_1 : Operation 272 [1/1] (0.00ns)   --->   "%input_I_1_read = read i32 @_ssdm_op_Read.ap_auto.i32P0A, i32 %input_I_1"   --->   Operation 272 'read' 'input_I_1_read' <Predicate = true> <Delay = 0.00>
ST_1 : Operation 273 [1/1] (0.00ns)   --->   "%input_I_17_read = read i32 @_ssdm_op_Read.ap_auto.i32P0A, i32 %input_I_17"   --->   Operation 273 'read' 'input_I_17_read' <Predicate = true> <Delay = 0.00>
ST_1 : Operation 274 [1/1] (0.00ns)   --->   "%input_R_2_read = read i32 @_ssdm_op_Read.ap_auto.i32P0A, i32 %input_R_2"   --->   Operation 274 'read' 'input_R_2_read' <Predicate = true> <Delay = 0.00>
ST_1 : Operation 275 [1/1] (0.00ns)   --->   "%input_R_18_read = read i32 @_ssdm_op_Read.ap_auto.i32P0A, i32 %input_R_18"   --->   Operation 275 'read' 'input_R_18_read' <Predicate = true> <Delay = 0.00>
ST_1 : Operation 276 [1/1] (0.00ns)   --->   "%input_I_2_read = read i32 @_ssdm_op_Read.ap_auto.i32P0A, i32 %input_I_2"   --->   Operation 276 'read' 'input_I_2_read' <Predicate = true> <Delay = 0.00>
ST_1 : Operation 277 [1/1] (0.00ns)   --->   "%input_I_18_read = read i32 @_ssdm_op_Read.ap_auto.i32P0A, i32 %input_I_18"   --->   Operation 277 'read' 'input_I_18_read' <Predicate = true> <Delay = 0.00>
ST_1 : Operation 278 [1/1] (0.00ns)   --->   "%input_R_3_read = read i32 @_ssdm_op_Read.ap_auto.i32P0A, i32 %input_R_3"   --->   Operation 278 'read' 'input_R_3_read' <Predicate = true> <Delay = 0.00>
ST_1 : Operation 279 [1/1] (0.00ns)   --->   "%input_R_19_read = read i32 @_ssdm_op_Read.ap_auto.i32P0A, i32 %input_R_19"   --->   Operation 279 'read' 'input_R_19_read' <Predicate = true> <Delay = 0.00>
ST_1 : Operation 280 [1/1] (0.00ns)   --->   "%input_I_3_read = read i32 @_ssdm_op_Read.ap_auto.i32P0A, i32 %input_I_3"   --->   Operation 280 'read' 'input_I_3_read' <Predicate = true> <Delay = 0.00>
ST_1 : Operation 281 [1/1] (0.00ns)   --->   "%input_I_19_read = read i32 @_ssdm_op_Read.ap_auto.i32P0A, i32 %input_I_19"   --->   Operation 281 'read' 'input_I_19_read' <Predicate = true> <Delay = 0.00>
ST_1 : Operation 282 [1/1] (0.00ns)   --->   "%input_R_4_read = read i32 @_ssdm_op_Read.ap_auto.i32P0A, i32 %input_R_4"   --->   Operation 282 'read' 'input_R_4_read' <Predicate = true> <Delay = 0.00>
ST_1 : Operation 283 [1/1] (0.00ns)   --->   "%input_R_20_read = read i32 @_ssdm_op_Read.ap_auto.i32P0A, i32 %input_R_20"   --->   Operation 283 'read' 'input_R_20_read' <Predicate = true> <Delay = 0.00>
ST_1 : Operation 284 [1/1] (0.00ns)   --->   "%input_I_4_read = read i32 @_ssdm_op_Read.ap_auto.i32P0A, i32 %input_I_4"   --->   Operation 284 'read' 'input_I_4_read' <Predicate = true> <Delay = 0.00>
ST_1 : Operation 285 [1/1] (0.00ns)   --->   "%input_I_20_read = read i32 @_ssdm_op_Read.ap_auto.i32P0A, i32 %input_I_20"   --->   Operation 285 'read' 'input_I_20_read' <Predicate = true> <Delay = 0.00>
ST_1 : Operation 286 [1/1] (0.00ns)   --->   "%input_R_5_read = read i32 @_ssdm_op_Read.ap_auto.i32P0A, i32 %input_R_5"   --->   Operation 286 'read' 'input_R_5_read' <Predicate = true> <Delay = 0.00>
ST_1 : Operation 287 [1/1] (0.00ns)   --->   "%input_R_21_read = read i32 @_ssdm_op_Read.ap_auto.i32P0A, i32 %input_R_21"   --->   Operation 287 'read' 'input_R_21_read' <Predicate = true> <Delay = 0.00>
ST_1 : Operation 288 [1/1] (0.00ns)   --->   "%input_I_5_read = read i32 @_ssdm_op_Read.ap_auto.i32P0A, i32 %input_I_5"   --->   Operation 288 'read' 'input_I_5_read' <Predicate = true> <Delay = 0.00>
ST_1 : Operation 289 [1/1] (0.00ns)   --->   "%input_I_21_read = read i32 @_ssdm_op_Read.ap_auto.i32P0A, i32 %input_I_21"   --->   Operation 289 'read' 'input_I_21_read' <Predicate = true> <Delay = 0.00>
ST_1 : Operation 290 [1/1] (0.00ns)   --->   "%input_R_6_read = read i32 @_ssdm_op_Read.ap_auto.i32P0A, i32 %input_R_6"   --->   Operation 290 'read' 'input_R_6_read' <Predicate = true> <Delay = 0.00>
ST_1 : Operation 291 [1/1] (0.00ns)   --->   "%input_R_22_read = read i32 @_ssdm_op_Read.ap_auto.i32P0A, i32 %input_R_22"   --->   Operation 291 'read' 'input_R_22_read' <Predicate = true> <Delay = 0.00>
ST_1 : Operation 292 [1/1] (0.00ns)   --->   "%input_I_6_read = read i32 @_ssdm_op_Read.ap_auto.i32P0A, i32 %input_I_6"   --->   Operation 292 'read' 'input_I_6_read' <Predicate = true> <Delay = 0.00>
ST_1 : Operation 293 [1/1] (0.00ns)   --->   "%input_I_22_read = read i32 @_ssdm_op_Read.ap_auto.i32P0A, i32 %input_I_22"   --->   Operation 293 'read' 'input_I_22_read' <Predicate = true> <Delay = 0.00>
ST_1 : Operation 294 [1/1] (0.00ns)   --->   "%input_R_7_read = read i32 @_ssdm_op_Read.ap_auto.i32P0A, i32 %input_R_7"   --->   Operation 294 'read' 'input_R_7_read' <Predicate = true> <Delay = 0.00>
ST_1 : Operation 295 [1/1] (0.00ns)   --->   "%input_R_23_read = read i32 @_ssdm_op_Read.ap_auto.i32P0A, i32 %input_R_23"   --->   Operation 295 'read' 'input_R_23_read' <Predicate = true> <Delay = 0.00>
ST_1 : Operation 296 [1/1] (0.00ns)   --->   "%input_I_7_read = read i32 @_ssdm_op_Read.ap_auto.i32P0A, i32 %input_I_7"   --->   Operation 296 'read' 'input_I_7_read' <Predicate = true> <Delay = 0.00>
ST_1 : Operation 297 [1/1] (0.00ns)   --->   "%input_I_23_read = read i32 @_ssdm_op_Read.ap_auto.i32P0A, i32 %input_I_23"   --->   Operation 297 'read' 'input_I_23_read' <Predicate = true> <Delay = 0.00>
ST_1 : Operation 298 [1/1] (0.00ns)   --->   "%input_R_8_read = read i32 @_ssdm_op_Read.ap_auto.i32P0A, i32 %input_R_8"   --->   Operation 298 'read' 'input_R_8_read' <Predicate = true> <Delay = 0.00>
ST_1 : Operation 299 [1/1] (0.00ns)   --->   "%input_R_24_read = read i32 @_ssdm_op_Read.ap_auto.i32P0A, i32 %input_R_24"   --->   Operation 299 'read' 'input_R_24_read' <Predicate = true> <Delay = 0.00>
ST_1 : Operation 300 [1/1] (0.00ns)   --->   "%input_I_8_read = read i32 @_ssdm_op_Read.ap_auto.i32P0A, i32 %input_I_8"   --->   Operation 300 'read' 'input_I_8_read' <Predicate = true> <Delay = 0.00>
ST_1 : Operation 301 [1/1] (0.00ns)   --->   "%input_I_24_read = read i32 @_ssdm_op_Read.ap_auto.i32P0A, i32 %input_I_24"   --->   Operation 301 'read' 'input_I_24_read' <Predicate = true> <Delay = 0.00>
ST_1 : Operation 302 [1/1] (0.00ns)   --->   "%input_R_9_read = read i32 @_ssdm_op_Read.ap_auto.i32P0A, i32 %input_R_9"   --->   Operation 302 'read' 'input_R_9_read' <Predicate = true> <Delay = 0.00>
ST_1 : Operation 303 [1/1] (0.00ns)   --->   "%input_R_25_read = read i32 @_ssdm_op_Read.ap_auto.i32P0A, i32 %input_R_25"   --->   Operation 303 'read' 'input_R_25_read' <Predicate = true> <Delay = 0.00>
ST_1 : Operation 304 [1/1] (0.00ns)   --->   "%input_I_9_read = read i32 @_ssdm_op_Read.ap_auto.i32P0A, i32 %input_I_9"   --->   Operation 304 'read' 'input_I_9_read' <Predicate = true> <Delay = 0.00>
ST_1 : Operation 305 [1/1] (0.00ns)   --->   "%input_I_25_read = read i32 @_ssdm_op_Read.ap_auto.i32P0A, i32 %input_I_25"   --->   Operation 305 'read' 'input_I_25_read' <Predicate = true> <Delay = 0.00>
ST_1 : Operation 306 [1/1] (0.00ns)   --->   "%input_R_10_read = read i32 @_ssdm_op_Read.ap_auto.i32P0A, i32 %input_R_10"   --->   Operation 306 'read' 'input_R_10_read' <Predicate = true> <Delay = 0.00>
ST_1 : Operation 307 [1/1] (0.00ns)   --->   "%input_R_26_read = read i32 @_ssdm_op_Read.ap_auto.i32P0A, i32 %input_R_26"   --->   Operation 307 'read' 'input_R_26_read' <Predicate = true> <Delay = 0.00>
ST_1 : Operation 308 [1/1] (0.00ns)   --->   "%input_I_10_read = read i32 @_ssdm_op_Read.ap_auto.i32P0A, i32 %input_I_10"   --->   Operation 308 'read' 'input_I_10_read' <Predicate = true> <Delay = 0.00>
ST_1 : Operation 309 [1/1] (0.00ns)   --->   "%input_I_26_read = read i32 @_ssdm_op_Read.ap_auto.i32P0A, i32 %input_I_26"   --->   Operation 309 'read' 'input_I_26_read' <Predicate = true> <Delay = 0.00>
ST_1 : Operation 310 [1/1] (0.00ns)   --->   "%input_R_11_read = read i32 @_ssdm_op_Read.ap_auto.i32P0A, i32 %input_R_11"   --->   Operation 310 'read' 'input_R_11_read' <Predicate = true> <Delay = 0.00>
ST_1 : Operation 311 [1/1] (0.00ns)   --->   "%input_R_27_read = read i32 @_ssdm_op_Read.ap_auto.i32P0A, i32 %input_R_27"   --->   Operation 311 'read' 'input_R_27_read' <Predicate = true> <Delay = 0.00>
ST_1 : Operation 312 [1/1] (0.00ns)   --->   "%input_I_11_read = read i32 @_ssdm_op_Read.ap_auto.i32P0A, i32 %input_I_11"   --->   Operation 312 'read' 'input_I_11_read' <Predicate = true> <Delay = 0.00>
ST_1 : Operation 313 [1/1] (0.00ns)   --->   "%input_I_27_read = read i32 @_ssdm_op_Read.ap_auto.i32P0A, i32 %input_I_27"   --->   Operation 313 'read' 'input_I_27_read' <Predicate = true> <Delay = 0.00>
ST_1 : Operation 314 [1/1] (0.00ns)   --->   "%input_R_12_read = read i32 @_ssdm_op_Read.ap_auto.i32P0A, i32 %input_R_12"   --->   Operation 314 'read' 'input_R_12_read' <Predicate = true> <Delay = 0.00>
ST_1 : Operation 315 [1/1] (0.00ns)   --->   "%input_R_28_read = read i32 @_ssdm_op_Read.ap_auto.i32P0A, i32 %input_R_28"   --->   Operation 315 'read' 'input_R_28_read' <Predicate = true> <Delay = 0.00>
ST_1 : Operation 316 [1/1] (0.00ns)   --->   "%input_I_12_read = read i32 @_ssdm_op_Read.ap_auto.i32P0A, i32 %input_I_12"   --->   Operation 316 'read' 'input_I_12_read' <Predicate = true> <Delay = 0.00>
ST_1 : Operation 317 [1/1] (0.00ns)   --->   "%input_I_28_read = read i32 @_ssdm_op_Read.ap_auto.i32P0A, i32 %input_I_28"   --->   Operation 317 'read' 'input_I_28_read' <Predicate = true> <Delay = 0.00>
ST_1 : Operation 318 [1/1] (0.00ns)   --->   "%input_R_13_read = read i32 @_ssdm_op_Read.ap_auto.i32P0A, i32 %input_R_13"   --->   Operation 318 'read' 'input_R_13_read' <Predicate = true> <Delay = 0.00>
ST_1 : Operation 319 [1/1] (0.00ns)   --->   "%input_R_29_read = read i32 @_ssdm_op_Read.ap_auto.i32P0A, i32 %input_R_29"   --->   Operation 319 'read' 'input_R_29_read' <Predicate = true> <Delay = 0.00>
ST_1 : Operation 320 [1/1] (0.00ns)   --->   "%input_I_13_read = read i32 @_ssdm_op_Read.ap_auto.i32P0A, i32 %input_I_13"   --->   Operation 320 'read' 'input_I_13_read' <Predicate = true> <Delay = 0.00>
ST_1 : Operation 321 [1/1] (0.00ns)   --->   "%input_I_29_read = read i32 @_ssdm_op_Read.ap_auto.i32P0A, i32 %input_I_29"   --->   Operation 321 'read' 'input_I_29_read' <Predicate = true> <Delay = 0.00>
ST_1 : Operation 322 [1/1] (0.00ns)   --->   "%input_R_14_read = read i32 @_ssdm_op_Read.ap_auto.i32P0A, i32 %input_R_14"   --->   Operation 322 'read' 'input_R_14_read' <Predicate = true> <Delay = 0.00>
ST_1 : Operation 323 [1/1] (0.00ns)   --->   "%input_R_30_read = read i32 @_ssdm_op_Read.ap_auto.i32P0A, i32 %input_R_30"   --->   Operation 323 'read' 'input_R_30_read' <Predicate = true> <Delay = 0.00>
ST_1 : Operation 324 [1/1] (0.00ns)   --->   "%input_I_14_read = read i32 @_ssdm_op_Read.ap_auto.i32P0A, i32 %input_I_14"   --->   Operation 324 'read' 'input_I_14_read' <Predicate = true> <Delay = 0.00>
ST_1 : Operation 325 [1/1] (0.00ns)   --->   "%input_I_30_read = read i32 @_ssdm_op_Read.ap_auto.i32P0A, i32 %input_I_30"   --->   Operation 325 'read' 'input_I_30_read' <Predicate = true> <Delay = 0.00>
ST_1 : Operation 326 [1/1] (0.00ns)   --->   "%input_R_15_read = read i32 @_ssdm_op_Read.ap_auto.i32P0A, i32 %input_R_15"   --->   Operation 326 'read' 'input_R_15_read' <Predicate = true> <Delay = 0.00>
ST_1 : Operation 327 [1/1] (0.00ns)   --->   "%input_R_31_read = read i32 @_ssdm_op_Read.ap_auto.i32P0A, i32 %input_R_31"   --->   Operation 327 'read' 'input_R_31_read' <Predicate = true> <Delay = 0.00>
ST_1 : Operation 328 [1/1] (0.00ns)   --->   "%input_I_15_read = read i32 @_ssdm_op_Read.ap_auto.i32P0A, i32 %input_I_15"   --->   Operation 328 'read' 'input_I_15_read' <Predicate = true> <Delay = 0.00>
ST_1 : Operation 329 [1/1] (0.00ns)   --->   "%input_I_31_read = read i32 @_ssdm_op_Read.ap_auto.i32P0A, i32 %input_I_31"   --->   Operation 329 'read' 'input_I_31_read' <Predicate = true> <Delay = 0.00>
ST_1 : Operation 330 [1/1] (1.58ns)   --->   "%store_ln13 = store i6 0, i6 %i" [dft.cpp:13]   --->   Operation 330 'store' 'store_ln13' <Predicate = true> <Delay = 1.58>
ST_1 : Operation 331 [1/1] (0.00ns)   --->   "%br_ln16 = br void %VITIS_LOOP_20_2" [dft.cpp:16]   --->   Operation 331 'br' 'br_ln16' <Predicate = true> <Delay = 0.00>

State 2 <SV = 1> <Delay = 3.25>
ST_2 : Operation 332 [1/1] (0.00ns)   --->   "%i_1 = load i6 %i" [dft.cpp:16]   --->   Operation 332 'load' 'i_1' <Predicate = true> <Delay = 0.00>
ST_2 : Operation 333 [1/1] (1.82ns)   --->   "%icmp_ln16 = icmp_eq  i6 %i_1, i6 32" [dft.cpp:16]   --->   Operation 333 'icmp' 'icmp_ln16' <Predicate = true> <Delay = 1.82> <CoreInst = "Cmp">   --->   Core 9 'Cmp' <Latency = 0> <II = 1> <Delay = 1.82> <FuncUnit> <Opcode : 'seteq' 'setne' 'setle' 'setge' 'setlt' 'setgt'> <InPorts = 2> <OutPorts = 1>
ST_2 : Operation 334 [1/1] (1.82ns)   --->   "%add_ln16 = add i6 %i_1, i6 1" [dft.cpp:16]   --->   Operation 334 'add' 'add_ln16' <Predicate = true> <Delay = 1.82> <CoreInst = "Adder">   --->   Core 1 'Adder' <Latency = 0> <II = 1> <Delay = 1.82> <FuncUnit> <Opcode : 'add' 'sub'> <InPorts = 2> <OutPorts = 1>
ST_2 : Operation 335 [1/1] (0.00ns)   --->   "%br_ln16 = br i1 %icmp_ln16, void %VITIS_LOOP_20_2.split, void %for.end34" [dft.cpp:16]   --->   Operation 335 'br' 'br_ln16' <Predicate = true> <Delay = 0.00>
ST_2 : Operation 336 [1/1] (0.00ns)   --->   "%zext_ln16 = zext i6 %i_1" [dft.cpp:16]   --->   Operation 336 'zext' 'zext_ln16' <Predicate = (!icmp_ln16)> <Delay = 0.00>
ST_2 : Operation 337 [1/1] (0.00ns)   --->   "%trunc_ln16 = trunc i6 %i_1" [dft.cpp:16]   --->   Operation 337 'trunc' 'trunc_ln16' <Predicate = (!icmp_ln16)> <Delay = 0.00>
ST_2 : Operation 338 [1/1] (0.00ns)   --->   "%p_ZL15cos_coeff_table_0_addr = getelementptr i32 %p_ZL15cos_coeff_table_0, i64 0, i64 %zext_ln16" [dft.cpp:16]   --->   Operation 338 'getelementptr' 'p_ZL15cos_coeff_table_0_addr' <Predicate = (!icmp_ln16)> <Delay = 0.00>
ST_2 : Operation 339 [1/1] (0.00ns)   --->   "%p_ZL15cos_coeff_table_16_addr = getelementptr i32 %p_ZL15cos_coeff_table_16, i64 0, i64 %zext_ln16" [dft.cpp:16]   --->   Operation 339 'getelementptr' 'p_ZL15cos_coeff_table_16_addr' <Predicate = (!icmp_ln16)> <Delay = 0.00>
ST_2 : Operation 340 [2/2] (3.25ns)   --->   "%p_ZL15cos_coeff_table_0_load = load i5 %p_ZL15cos_coeff_table_0_addr" [dft.cpp:16]   --->   Operation 340 'load' 'p_ZL15cos_coeff_table_0_load' <Predicate = (!icmp_ln16)> <Delay = 3.25> <CoreInst = "ROM">   --->   Core 94 'ROM' <Latency = 1> <II = 1> <Delay = 3.25> <Storage> <Opcode : 'load'> <Ports = 0> <Width = 32> <Depth = 32> <ROM>
ST_2 : Operation 341 [2/2] (3.25ns)   --->   "%p_ZL15cos_coeff_table_16_load = load i5 %p_ZL15cos_coeff_table_16_addr" [dft.cpp:16]   --->   Operation 341 'load' 'p_ZL15cos_coeff_table_16_load' <Predicate = (!icmp_ln16)> <Delay = 3.25> <CoreInst = "ROM">   --->   Core 94 'ROM' <Latency = 1> <II = 1> <Delay = 3.25> <Storage> <Opcode : 'load'> <Ports = 0> <Width = 32> <Depth = 32> <ROM>
ST_2 : Operation 342 [1/1] (0.00ns)   --->   "%p_ZL15sin_coeff_table_0_addr = getelementptr i32 %p_ZL15sin_coeff_table_0, i64 0, i64 %zext_ln16" [dft.cpp:16]   --->   Operation 342 'getelementptr' 'p_ZL15sin_coeff_table_0_addr' <Predicate = (!icmp_ln16)> <Delay = 0.00>
ST_2 : Operation 343 [1/1] (0.00ns)   --->   "%p_ZL15sin_coeff_table_16_addr = getelementptr i32 %p_ZL15sin_coeff_table_16, i64 0, i64 %zext_ln16" [dft.cpp:16]   --->   Operation 343 'getelementptr' 'p_ZL15sin_coeff_table_16_addr' <Predicate = (!icmp_ln16)> <Delay = 0.00>
ST_2 : Operation 344 [2/2] (3.25ns)   --->   "%p_ZL15sin_coeff_table_0_load = load i5 %p_ZL15sin_coeff_table_0_addr" [dft.cpp:16]   --->   Operation 344 'load' 'p_ZL15sin_coeff_table_0_load' <Predicate = (!icmp_ln16)> <Delay = 3.25> <CoreInst = "ROM">   --->   Core 94 'ROM' <Latency = 1> <II = 1> <Delay = 3.25> <Storage> <Opcode : 'load'> <Ports = 0> <Width = 32> <Depth = 32> <ROM>
ST_2 : Operation 345 [2/2] (3.25ns)   --->   "%p_ZL15sin_coeff_table_16_load = load i5 %p_ZL15sin_coeff_table_16_addr" [dft.cpp:16]   --->   Operation 345 'load' 'p_ZL15sin_coeff_table_16_load' <Predicate = (!icmp_ln16)> <Delay = 3.25> <CoreInst = "ROM">   --->   Core 94 'ROM' <Latency = 1> <II = 1> <Delay = 3.25> <Storage> <Opcode : 'load'> <Ports = 0> <Width = 32> <Depth = 32> <ROM>
ST_2 : Operation 346 [1/1] (0.00ns)   --->   "%p_ZL15cos_coeff_table_1_addr = getelementptr i32 %p_ZL15cos_coeff_table_1, i64 0, i64 %zext_ln16" [dft.cpp:16]   --->   Operation 346 'getelementptr' 'p_ZL15cos_coeff_table_1_addr' <Predicate = (!icmp_ln16)> <Delay = 0.00>
ST_2 : Operation 347 [1/1] (0.00ns)   --->   "%p_ZL15cos_coeff_table_17_addr = getelementptr i32 %p_ZL15cos_coeff_table_17, i64 0, i64 %zext_ln16" [dft.cpp:16]   --->   Operation 347 'getelementptr' 'p_ZL15cos_coeff_table_17_addr' <Predicate = (!icmp_ln16)> <Delay = 0.00>
ST_2 : Operation 348 [2/2] (3.25ns)   --->   "%p_ZL15cos_coeff_table_1_load = load i5 %p_ZL15cos_coeff_table_1_addr" [dft.cpp:16]   --->   Operation 348 'load' 'p_ZL15cos_coeff_table_1_load' <Predicate = (!icmp_ln16)> <Delay = 3.25> <CoreInst = "ROM">   --->   Core 94 'ROM' <Latency = 1> <II = 1> <Delay = 3.25> <Storage> <Opcode : 'load'> <Ports = 0> <Width = 32> <Depth = 32> <ROM>
ST_2 : Operation 349 [2/2] (3.25ns)   --->   "%p_ZL15cos_coeff_table_17_load = load i5 %p_ZL15cos_coeff_table_17_addr" [dft.cpp:16]   --->   Operation 349 'load' 'p_ZL15cos_coeff_table_17_load' <Predicate = (!icmp_ln16)> <Delay = 3.25> <CoreInst = "ROM">   --->   Core 94 'ROM' <Latency = 1> <II = 1> <Delay = 3.25> <Storage> <Opcode : 'load'> <Ports = 0> <Width = 32> <Depth = 32> <ROM>
ST_2 : Operation 350 [1/1] (0.00ns)   --->   "%p_ZL15sin_coeff_table_1_addr = getelementptr i32 %p_ZL15sin_coeff_table_1, i64 0, i64 %zext_ln16" [dft.cpp:16]   --->   Operation 350 'getelementptr' 'p_ZL15sin_coeff_table_1_addr' <Predicate = (!icmp_ln16)> <Delay = 0.00>
ST_2 : Operation 351 [1/1] (0.00ns)   --->   "%p_ZL15sin_coeff_table_17_addr = getelementptr i32 %p_ZL15sin_coeff_table_17, i64 0, i64 %zext_ln16" [dft.cpp:16]   --->   Operation 351 'getelementptr' 'p_ZL15sin_coeff_table_17_addr' <Predicate = (!icmp_ln16)> <Delay = 0.00>
ST_2 : Operation 352 [2/2] (3.25ns)   --->   "%p_ZL15sin_coeff_table_1_load = load i5 %p_ZL15sin_coeff_table_1_addr" [dft.cpp:16]   --->   Operation 352 'load' 'p_ZL15sin_coeff_table_1_load' <Predicate = (!icmp_ln16)> <Delay = 3.25> <CoreInst = "ROM">   --->   Core 94 'ROM' <Latency = 1> <II = 1> <Delay = 3.25> <Storage> <Opcode : 'load'> <Ports = 0> <Width = 32> <Depth = 32> <ROM>
ST_2 : Operation 353 [2/2] (3.25ns)   --->   "%p_ZL15sin_coeff_table_17_load = load i5 %p_ZL15sin_coeff_table_17_addr" [dft.cpp:16]   --->   Operation 353 'load' 'p_ZL15sin_coeff_table_17_load' <Predicate = (!icmp_ln16)> <Delay = 3.25> <CoreInst = "ROM">   --->   Core 94 'ROM' <Latency = 1> <II = 1> <Delay = 3.25> <Storage> <Opcode : 'load'> <Ports = 0> <Width = 32> <Depth = 32> <ROM>
ST_2 : Operation 354 [1/1] (0.00ns)   --->   "%p_ZL15cos_coeff_table_2_addr = getelementptr i32 %p_ZL15cos_coeff_table_2, i64 0, i64 %zext_ln16" [dft.cpp:16]   --->   Operation 354 'getelementptr' 'p_ZL15cos_coeff_table_2_addr' <Predicate = (!icmp_ln16)> <Delay = 0.00>
ST_2 : Operation 355 [1/1] (0.00ns)   --->   "%p_ZL15cos_coeff_table_18_addr = getelementptr i32 %p_ZL15cos_coeff_table_18, i64 0, i64 %zext_ln16" [dft.cpp:16]   --->   Operation 355 'getelementptr' 'p_ZL15cos_coeff_table_18_addr' <Predicate = (!icmp_ln16)> <Delay = 0.00>
ST_2 : Operation 356 [2/2] (3.25ns)   --->   "%p_ZL15cos_coeff_table_2_load = load i5 %p_ZL15cos_coeff_table_2_addr" [dft.cpp:16]   --->   Operation 356 'load' 'p_ZL15cos_coeff_table_2_load' <Predicate = (!icmp_ln16)> <Delay = 3.25> <CoreInst = "ROM">   --->   Core 94 'ROM' <Latency = 1> <II = 1> <Delay = 3.25> <Storage> <Opcode : 'load'> <Ports = 0> <Width = 32> <Depth = 32> <ROM>
ST_2 : Operation 357 [2/2] (3.25ns)   --->   "%p_ZL15cos_coeff_table_18_load = load i5 %p_ZL15cos_coeff_table_18_addr" [dft.cpp:16]   --->   Operation 357 'load' 'p_ZL15cos_coeff_table_18_load' <Predicate = (!icmp_ln16)> <Delay = 3.25> <CoreInst = "ROM">   --->   Core 94 'ROM' <Latency = 1> <II = 1> <Delay = 3.25> <Storage> <Opcode : 'load'> <Ports = 0> <Width = 32> <Depth = 32> <ROM>
ST_2 : Operation 358 [1/1] (0.00ns)   --->   "%p_ZL15sin_coeff_table_2_addr = getelementptr i32 %p_ZL15sin_coeff_table_2, i64 0, i64 %zext_ln16" [dft.cpp:16]   --->   Operation 358 'getelementptr' 'p_ZL15sin_coeff_table_2_addr' <Predicate = (!icmp_ln16)> <Delay = 0.00>
ST_2 : Operation 359 [1/1] (0.00ns)   --->   "%p_ZL15sin_coeff_table_18_addr = getelementptr i32 %p_ZL15sin_coeff_table_18, i64 0, i64 %zext_ln16" [dft.cpp:16]   --->   Operation 359 'getelementptr' 'p_ZL15sin_coeff_table_18_addr' <Predicate = (!icmp_ln16)> <Delay = 0.00>
ST_2 : Operation 360 [2/2] (3.25ns)   --->   "%p_ZL15sin_coeff_table_2_load = load i5 %p_ZL15sin_coeff_table_2_addr" [dft.cpp:16]   --->   Operation 360 'load' 'p_ZL15sin_coeff_table_2_load' <Predicate = (!icmp_ln16)> <Delay = 3.25> <CoreInst = "ROM">   --->   Core 94 'ROM' <Latency = 1> <II = 1> <Delay = 3.25> <Storage> <Opcode : 'load'> <Ports = 0> <Width = 32> <Depth = 32> <ROM>
ST_2 : Operation 361 [2/2] (3.25ns)   --->   "%p_ZL15sin_coeff_table_18_load = load i5 %p_ZL15sin_coeff_table_18_addr" [dft.cpp:16]   --->   Operation 361 'load' 'p_ZL15sin_coeff_table_18_load' <Predicate = (!icmp_ln16)> <Delay = 3.25> <CoreInst = "ROM">   --->   Core 94 'ROM' <Latency = 1> <II = 1> <Delay = 3.25> <Storage> <Opcode : 'load'> <Ports = 0> <Width = 32> <Depth = 32> <ROM>
ST_2 : Operation 362 [1/1] (0.00ns)   --->   "%p_ZL15cos_coeff_table_3_addr = getelementptr i32 %p_ZL15cos_coeff_table_3, i64 0, i64 %zext_ln16" [dft.cpp:16]   --->   Operation 362 'getelementptr' 'p_ZL15cos_coeff_table_3_addr' <Predicate = (!icmp_ln16)> <Delay = 0.00>
ST_2 : Operation 363 [1/1] (0.00ns)   --->   "%p_ZL15cos_coeff_table_19_addr = getelementptr i32 %p_ZL15cos_coeff_table_19, i64 0, i64 %zext_ln16" [dft.cpp:16]   --->   Operation 363 'getelementptr' 'p_ZL15cos_coeff_table_19_addr' <Predicate = (!icmp_ln16)> <Delay = 0.00>
ST_2 : Operation 364 [2/2] (3.25ns)   --->   "%p_ZL15cos_coeff_table_3_load = load i5 %p_ZL15cos_coeff_table_3_addr" [dft.cpp:16]   --->   Operation 364 'load' 'p_ZL15cos_coeff_table_3_load' <Predicate = (!icmp_ln16)> <Delay = 3.25> <CoreInst = "ROM">   --->   Core 94 'ROM' <Latency = 1> <II = 1> <Delay = 3.25> <Storage> <Opcode : 'load'> <Ports = 0> <Width = 32> <Depth = 32> <ROM>
ST_2 : Operation 365 [2/2] (3.25ns)   --->   "%p_ZL15cos_coeff_table_19_load = load i5 %p_ZL15cos_coeff_table_19_addr" [dft.cpp:16]   --->   Operation 365 'load' 'p_ZL15cos_coeff_table_19_load' <Predicate = (!icmp_ln16)> <Delay = 3.25> <CoreInst = "ROM">   --->   Core 94 'ROM' <Latency = 1> <II = 1> <Delay = 3.25> <Storage> <Opcode : 'load'> <Ports = 0> <Width = 32> <Depth = 32> <ROM>
ST_2 : Operation 366 [1/1] (0.00ns)   --->   "%p_ZL15sin_coeff_table_3_addr = getelementptr i32 %p_ZL15sin_coeff_table_3, i64 0, i64 %zext_ln16" [dft.cpp:16]   --->   Operation 366 'getelementptr' 'p_ZL15sin_coeff_table_3_addr' <Predicate = (!icmp_ln16)> <Delay = 0.00>
ST_2 : Operation 367 [1/1] (0.00ns)   --->   "%p_ZL15sin_coeff_table_19_addr = getelementptr i32 %p_ZL15sin_coeff_table_19, i64 0, i64 %zext_ln16" [dft.cpp:16]   --->   Operation 367 'getelementptr' 'p_ZL15sin_coeff_table_19_addr' <Predicate = (!icmp_ln16)> <Delay = 0.00>
ST_2 : Operation 368 [2/2] (3.25ns)   --->   "%p_ZL15sin_coeff_table_3_load = load i5 %p_ZL15sin_coeff_table_3_addr" [dft.cpp:16]   --->   Operation 368 'load' 'p_ZL15sin_coeff_table_3_load' <Predicate = (!icmp_ln16)> <Delay = 3.25> <CoreInst = "ROM">   --->   Core 94 'ROM' <Latency = 1> <II = 1> <Delay = 3.25> <Storage> <Opcode : 'load'> <Ports = 0> <Width = 32> <Depth = 32> <ROM>
ST_2 : Operation 369 [2/2] (3.25ns)   --->   "%p_ZL15sin_coeff_table_19_load = load i5 %p_ZL15sin_coeff_table_19_addr" [dft.cpp:16]   --->   Operation 369 'load' 'p_ZL15sin_coeff_table_19_load' <Predicate = (!icmp_ln16)> <Delay = 3.25> <CoreInst = "ROM">   --->   Core 94 'ROM' <Latency = 1> <II = 1> <Delay = 3.25> <Storage> <Opcode : 'load'> <Ports = 0> <Width = 32> <Depth = 32> <ROM>
ST_2 : Operation 370 [1/1] (0.00ns)   --->   "%p_ZL15cos_coeff_table_4_addr = getelementptr i32 %p_ZL15cos_coeff_table_4, i64 0, i64 %zext_ln16" [dft.cpp:16]   --->   Operation 370 'getelementptr' 'p_ZL15cos_coeff_table_4_addr' <Predicate = (!icmp_ln16)> <Delay = 0.00>
ST_2 : Operation 371 [1/1] (0.00ns)   --->   "%p_ZL15cos_coeff_table_20_addr = getelementptr i32 %p_ZL15cos_coeff_table_20, i64 0, i64 %zext_ln16" [dft.cpp:16]   --->   Operation 371 'getelementptr' 'p_ZL15cos_coeff_table_20_addr' <Predicate = (!icmp_ln16)> <Delay = 0.00>
ST_2 : Operation 372 [2/2] (3.25ns)   --->   "%p_ZL15cos_coeff_table_4_load = load i5 %p_ZL15cos_coeff_table_4_addr" [dft.cpp:16]   --->   Operation 372 'load' 'p_ZL15cos_coeff_table_4_load' <Predicate = (!icmp_ln16)> <Delay = 3.25> <CoreInst = "ROM">   --->   Core 94 'ROM' <Latency = 1> <II = 1> <Delay = 3.25> <Storage> <Opcode : 'load'> <Ports = 0> <Width = 32> <Depth = 32> <ROM>
ST_2 : Operation 373 [2/2] (3.25ns)   --->   "%p_ZL15cos_coeff_table_20_load = load i5 %p_ZL15cos_coeff_table_20_addr" [dft.cpp:16]   --->   Operation 373 'load' 'p_ZL15cos_coeff_table_20_load' <Predicate = (!icmp_ln16)> <Delay = 3.25> <CoreInst = "ROM">   --->   Core 94 'ROM' <Latency = 1> <II = 1> <Delay = 3.25> <Storage> <Opcode : 'load'> <Ports = 0> <Width = 32> <Depth = 32> <ROM>
ST_2 : Operation 374 [1/1] (0.00ns)   --->   "%p_ZL15sin_coeff_table_4_addr = getelementptr i32 %p_ZL15sin_coeff_table_4, i64 0, i64 %zext_ln16" [dft.cpp:16]   --->   Operation 374 'getelementptr' 'p_ZL15sin_coeff_table_4_addr' <Predicate = (!icmp_ln16)> <Delay = 0.00>
ST_2 : Operation 375 [1/1] (0.00ns)   --->   "%p_ZL15sin_coeff_table_20_addr = getelementptr i32 %p_ZL15sin_coeff_table_20, i64 0, i64 %zext_ln16" [dft.cpp:16]   --->   Operation 375 'getelementptr' 'p_ZL15sin_coeff_table_20_addr' <Predicate = (!icmp_ln16)> <Delay = 0.00>
ST_2 : Operation 376 [2/2] (3.25ns)   --->   "%p_ZL15sin_coeff_table_4_load = load i5 %p_ZL15sin_coeff_table_4_addr" [dft.cpp:16]   --->   Operation 376 'load' 'p_ZL15sin_coeff_table_4_load' <Predicate = (!icmp_ln16)> <Delay = 3.25> <CoreInst = "ROM">   --->   Core 94 'ROM' <Latency = 1> <II = 1> <Delay = 3.25> <Storage> <Opcode : 'load'> <Ports = 0> <Width = 32> <Depth = 32> <ROM>
ST_2 : Operation 377 [2/2] (3.25ns)   --->   "%p_ZL15sin_coeff_table_20_load = load i5 %p_ZL15sin_coeff_table_20_addr" [dft.cpp:16]   --->   Operation 377 'load' 'p_ZL15sin_coeff_table_20_load' <Predicate = (!icmp_ln16)> <Delay = 3.25> <CoreInst = "ROM">   --->   Core 94 'ROM' <Latency = 1> <II = 1> <Delay = 3.25> <Storage> <Opcode : 'load'> <Ports = 0> <Width = 32> <Depth = 32> <ROM>
ST_2 : Operation 378 [1/1] (0.00ns)   --->   "%p_ZL15cos_coeff_table_5_addr = getelementptr i32 %p_ZL15cos_coeff_table_5, i64 0, i64 %zext_ln16" [dft.cpp:16]   --->   Operation 378 'getelementptr' 'p_ZL15cos_coeff_table_5_addr' <Predicate = (!icmp_ln16)> <Delay = 0.00>
ST_2 : Operation 379 [1/1] (0.00ns)   --->   "%p_ZL15cos_coeff_table_21_addr = getelementptr i32 %p_ZL15cos_coeff_table_21, i64 0, i64 %zext_ln16" [dft.cpp:16]   --->   Operation 379 'getelementptr' 'p_ZL15cos_coeff_table_21_addr' <Predicate = (!icmp_ln16)> <Delay = 0.00>
ST_2 : Operation 380 [2/2] (3.25ns)   --->   "%p_ZL15cos_coeff_table_5_load = load i5 %p_ZL15cos_coeff_table_5_addr" [dft.cpp:16]   --->   Operation 380 'load' 'p_ZL15cos_coeff_table_5_load' <Predicate = (!icmp_ln16)> <Delay = 3.25> <CoreInst = "ROM">   --->   Core 94 'ROM' <Latency = 1> <II = 1> <Delay = 3.25> <Storage> <Opcode : 'load'> <Ports = 0> <Width = 32> <Depth = 32> <ROM>
ST_2 : Operation 381 [2/2] (3.25ns)   --->   "%p_ZL15cos_coeff_table_21_load = load i5 %p_ZL15cos_coeff_table_21_addr" [dft.cpp:16]   --->   Operation 381 'load' 'p_ZL15cos_coeff_table_21_load' <Predicate = (!icmp_ln16)> <Delay = 3.25> <CoreInst = "ROM">   --->   Core 94 'ROM' <Latency = 1> <II = 1> <Delay = 3.25> <Storage> <Opcode : 'load'> <Ports = 0> <Width = 32> <Depth = 32> <ROM>
ST_2 : Operation 382 [1/1] (0.00ns)   --->   "%p_ZL15sin_coeff_table_5_addr = getelementptr i32 %p_ZL15sin_coeff_table_5, i64 0, i64 %zext_ln16" [dft.cpp:16]   --->   Operation 382 'getelementptr' 'p_ZL15sin_coeff_table_5_addr' <Predicate = (!icmp_ln16)> <Delay = 0.00>
ST_2 : Operation 383 [1/1] (0.00ns)   --->   "%p_ZL15sin_coeff_table_21_addr = getelementptr i32 %p_ZL15sin_coeff_table_21, i64 0, i64 %zext_ln16" [dft.cpp:16]   --->   Operation 383 'getelementptr' 'p_ZL15sin_coeff_table_21_addr' <Predicate = (!icmp_ln16)> <Delay = 0.00>
ST_2 : Operation 384 [2/2] (3.25ns)   --->   "%p_ZL15sin_coeff_table_5_load = load i5 %p_ZL15sin_coeff_table_5_addr" [dft.cpp:16]   --->   Operation 384 'load' 'p_ZL15sin_coeff_table_5_load' <Predicate = (!icmp_ln16)> <Delay = 3.25> <CoreInst = "ROM">   --->   Core 94 'ROM' <Latency = 1> <II = 1> <Delay = 3.25> <Storage> <Opcode : 'load'> <Ports = 0> <Width = 32> <Depth = 32> <ROM>
ST_2 : Operation 385 [2/2] (3.25ns)   --->   "%p_ZL15sin_coeff_table_21_load = load i5 %p_ZL15sin_coeff_table_21_addr" [dft.cpp:16]   --->   Operation 385 'load' 'p_ZL15sin_coeff_table_21_load' <Predicate = (!icmp_ln16)> <Delay = 3.25> <CoreInst = "ROM">   --->   Core 94 'ROM' <Latency = 1> <II = 1> <Delay = 3.25> <Storage> <Opcode : 'load'> <Ports = 0> <Width = 32> <Depth = 32> <ROM>
ST_2 : Operation 386 [1/1] (0.00ns)   --->   "%p_ZL15cos_coeff_table_6_addr = getelementptr i32 %p_ZL15cos_coeff_table_6, i64 0, i64 %zext_ln16" [dft.cpp:16]   --->   Operation 386 'getelementptr' 'p_ZL15cos_coeff_table_6_addr' <Predicate = (!icmp_ln16)> <Delay = 0.00>
ST_2 : Operation 387 [1/1] (0.00ns)   --->   "%p_ZL15cos_coeff_table_22_addr = getelementptr i32 %p_ZL15cos_coeff_table_22, i64 0, i64 %zext_ln16" [dft.cpp:16]   --->   Operation 387 'getelementptr' 'p_ZL15cos_coeff_table_22_addr' <Predicate = (!icmp_ln16)> <Delay = 0.00>
ST_2 : Operation 388 [2/2] (3.25ns)   --->   "%p_ZL15cos_coeff_table_6_load = load i5 %p_ZL15cos_coeff_table_6_addr" [dft.cpp:16]   --->   Operation 388 'load' 'p_ZL15cos_coeff_table_6_load' <Predicate = (!icmp_ln16)> <Delay = 3.25> <CoreInst = "ROM">   --->   Core 94 'ROM' <Latency = 1> <II = 1> <Delay = 3.25> <Storage> <Opcode : 'load'> <Ports = 0> <Width = 32> <Depth = 32> <ROM>
ST_2 : Operation 389 [2/2] (3.25ns)   --->   "%p_ZL15cos_coeff_table_22_load = load i5 %p_ZL15cos_coeff_table_22_addr" [dft.cpp:16]   --->   Operation 389 'load' 'p_ZL15cos_coeff_table_22_load' <Predicate = (!icmp_ln16)> <Delay = 3.25> <CoreInst = "ROM">   --->   Core 94 'ROM' <Latency = 1> <II = 1> <Delay = 3.25> <Storage> <Opcode : 'load'> <Ports = 0> <Width = 32> <Depth = 32> <ROM>
ST_2 : Operation 390 [1/1] (0.00ns)   --->   "%p_ZL15sin_coeff_table_6_addr = getelementptr i32 %p_ZL15sin_coeff_table_6, i64 0, i64 %zext_ln16" [dft.cpp:16]   --->   Operation 390 'getelementptr' 'p_ZL15sin_coeff_table_6_addr' <Predicate = (!icmp_ln16)> <Delay = 0.00>
ST_2 : Operation 391 [1/1] (0.00ns)   --->   "%p_ZL15sin_coeff_table_22_addr = getelementptr i32 %p_ZL15sin_coeff_table_22, i64 0, i64 %zext_ln16" [dft.cpp:16]   --->   Operation 391 'getelementptr' 'p_ZL15sin_coeff_table_22_addr' <Predicate = (!icmp_ln16)> <Delay = 0.00>
ST_2 : Operation 392 [2/2] (3.25ns)   --->   "%p_ZL15sin_coeff_table_6_load = load i5 %p_ZL15sin_coeff_table_6_addr" [dft.cpp:16]   --->   Operation 392 'load' 'p_ZL15sin_coeff_table_6_load' <Predicate = (!icmp_ln16)> <Delay = 3.25> <CoreInst = "ROM">   --->   Core 94 'ROM' <Latency = 1> <II = 1> <Delay = 3.25> <Storage> <Opcode : 'load'> <Ports = 0> <Width = 32> <Depth = 32> <ROM>
ST_2 : Operation 393 [2/2] (3.25ns)   --->   "%p_ZL15sin_coeff_table_22_load = load i5 %p_ZL15sin_coeff_table_22_addr" [dft.cpp:16]   --->   Operation 393 'load' 'p_ZL15sin_coeff_table_22_load' <Predicate = (!icmp_ln16)> <Delay = 3.25> <CoreInst = "ROM">   --->   Core 94 'ROM' <Latency = 1> <II = 1> <Delay = 3.25> <Storage> <Opcode : 'load'> <Ports = 0> <Width = 32> <Depth = 32> <ROM>
ST_2 : Operation 394 [1/1] (0.00ns)   --->   "%p_ZL15cos_coeff_table_7_addr = getelementptr i32 %p_ZL15cos_coeff_table_7, i64 0, i64 %zext_ln16" [dft.cpp:16]   --->   Operation 394 'getelementptr' 'p_ZL15cos_coeff_table_7_addr' <Predicate = (!icmp_ln16)> <Delay = 0.00>
ST_2 : Operation 395 [1/1] (0.00ns)   --->   "%p_ZL15cos_coeff_table_23_addr = getelementptr i32 %p_ZL15cos_coeff_table_23, i64 0, i64 %zext_ln16" [dft.cpp:16]   --->   Operation 395 'getelementptr' 'p_ZL15cos_coeff_table_23_addr' <Predicate = (!icmp_ln16)> <Delay = 0.00>
ST_2 : Operation 396 [2/2] (3.25ns)   --->   "%p_ZL15cos_coeff_table_7_load = load i5 %p_ZL15cos_coeff_table_7_addr" [dft.cpp:16]   --->   Operation 396 'load' 'p_ZL15cos_coeff_table_7_load' <Predicate = (!icmp_ln16)> <Delay = 3.25> <CoreInst = "ROM">   --->   Core 94 'ROM' <Latency = 1> <II = 1> <Delay = 3.25> <Storage> <Opcode : 'load'> <Ports = 0> <Width = 32> <Depth = 32> <ROM>
ST_2 : Operation 397 [2/2] (3.25ns)   --->   "%p_ZL15cos_coeff_table_23_load = load i5 %p_ZL15cos_coeff_table_23_addr" [dft.cpp:16]   --->   Operation 397 'load' 'p_ZL15cos_coeff_table_23_load' <Predicate = (!icmp_ln16)> <Delay = 3.25> <CoreInst = "ROM">   --->   Core 94 'ROM' <Latency = 1> <II = 1> <Delay = 3.25> <Storage> <Opcode : 'load'> <Ports = 0> <Width = 32> <Depth = 32> <ROM>
ST_2 : Operation 398 [1/1] (0.00ns)   --->   "%p_ZL15sin_coeff_table_7_addr = getelementptr i32 %p_ZL15sin_coeff_table_7, i64 0, i64 %zext_ln16" [dft.cpp:16]   --->   Operation 398 'getelementptr' 'p_ZL15sin_coeff_table_7_addr' <Predicate = (!icmp_ln16)> <Delay = 0.00>
ST_2 : Operation 399 [1/1] (0.00ns)   --->   "%p_ZL15sin_coeff_table_23_addr = getelementptr i32 %p_ZL15sin_coeff_table_23, i64 0, i64 %zext_ln16" [dft.cpp:16]   --->   Operation 399 'getelementptr' 'p_ZL15sin_coeff_table_23_addr' <Predicate = (!icmp_ln16)> <Delay = 0.00>
ST_2 : Operation 400 [2/2] (3.25ns)   --->   "%p_ZL15sin_coeff_table_7_load = load i5 %p_ZL15sin_coeff_table_7_addr" [dft.cpp:16]   --->   Operation 400 'load' 'p_ZL15sin_coeff_table_7_load' <Predicate = (!icmp_ln16)> <Delay = 3.25> <CoreInst = "ROM">   --->   Core 94 'ROM' <Latency = 1> <II = 1> <Delay = 3.25> <Storage> <Opcode : 'load'> <Ports = 0> <Width = 32> <Depth = 32> <ROM>
ST_2 : Operation 401 [2/2] (3.25ns)   --->   "%p_ZL15sin_coeff_table_23_load = load i5 %p_ZL15sin_coeff_table_23_addr" [dft.cpp:16]   --->   Operation 401 'load' 'p_ZL15sin_coeff_table_23_load' <Predicate = (!icmp_ln16)> <Delay = 3.25> <CoreInst = "ROM">   --->   Core 94 'ROM' <Latency = 1> <II = 1> <Delay = 3.25> <Storage> <Opcode : 'load'> <Ports = 0> <Width = 32> <Depth = 32> <ROM>
ST_2 : Operation 402 [1/1] (0.00ns)   --->   "%p_ZL15cos_coeff_table_8_addr = getelementptr i32 %p_ZL15cos_coeff_table_8, i64 0, i64 %zext_ln16" [dft.cpp:16]   --->   Operation 402 'getelementptr' 'p_ZL15cos_coeff_table_8_addr' <Predicate = (!icmp_ln16)> <Delay = 0.00>
ST_2 : Operation 403 [1/1] (0.00ns)   --->   "%p_ZL15cos_coeff_table_24_addr = getelementptr i32 %p_ZL15cos_coeff_table_24, i64 0, i64 %zext_ln16" [dft.cpp:16]   --->   Operation 403 'getelementptr' 'p_ZL15cos_coeff_table_24_addr' <Predicate = (!icmp_ln16)> <Delay = 0.00>
ST_2 : Operation 404 [2/2] (3.25ns)   --->   "%p_ZL15cos_coeff_table_8_load = load i5 %p_ZL15cos_coeff_table_8_addr" [dft.cpp:16]   --->   Operation 404 'load' 'p_ZL15cos_coeff_table_8_load' <Predicate = (!icmp_ln16)> <Delay = 3.25> <CoreInst = "ROM">   --->   Core 94 'ROM' <Latency = 1> <II = 1> <Delay = 3.25> <Storage> <Opcode : 'load'> <Ports = 0> <Width = 32> <Depth = 32> <ROM>
ST_2 : Operation 405 [2/2] (3.25ns)   --->   "%p_ZL15cos_coeff_table_24_load = load i5 %p_ZL15cos_coeff_table_24_addr" [dft.cpp:16]   --->   Operation 405 'load' 'p_ZL15cos_coeff_table_24_load' <Predicate = (!icmp_ln16)> <Delay = 3.25> <CoreInst = "ROM">   --->   Core 94 'ROM' <Latency = 1> <II = 1> <Delay = 3.25> <Storage> <Opcode : 'load'> <Ports = 0> <Width = 32> <Depth = 32> <ROM>
ST_2 : Operation 406 [1/1] (0.00ns)   --->   "%p_ZL15sin_coeff_table_8_addr = getelementptr i32 %p_ZL15sin_coeff_table_8, i64 0, i64 %zext_ln16" [dft.cpp:16]   --->   Operation 406 'getelementptr' 'p_ZL15sin_coeff_table_8_addr' <Predicate = (!icmp_ln16)> <Delay = 0.00>
ST_2 : Operation 407 [1/1] (0.00ns)   --->   "%p_ZL15sin_coeff_table_24_addr = getelementptr i32 %p_ZL15sin_coeff_table_24, i64 0, i64 %zext_ln16" [dft.cpp:16]   --->   Operation 407 'getelementptr' 'p_ZL15sin_coeff_table_24_addr' <Predicate = (!icmp_ln16)> <Delay = 0.00>
ST_2 : Operation 408 [2/2] (3.25ns)   --->   "%p_ZL15sin_coeff_table_8_load = load i5 %p_ZL15sin_coeff_table_8_addr" [dft.cpp:16]   --->   Operation 408 'load' 'p_ZL15sin_coeff_table_8_load' <Predicate = (!icmp_ln16)> <Delay = 3.25> <CoreInst = "ROM">   --->   Core 94 'ROM' <Latency = 1> <II = 1> <Delay = 3.25> <Storage> <Opcode : 'load'> <Ports = 0> <Width = 32> <Depth = 32> <ROM>
ST_2 : Operation 409 [2/2] (3.25ns)   --->   "%p_ZL15sin_coeff_table_24_load = load i5 %p_ZL15sin_coeff_table_24_addr" [dft.cpp:16]   --->   Operation 409 'load' 'p_ZL15sin_coeff_table_24_load' <Predicate = (!icmp_ln16)> <Delay = 3.25> <CoreInst = "ROM">   --->   Core 94 'ROM' <Latency = 1> <II = 1> <Delay = 3.25> <Storage> <Opcode : 'load'> <Ports = 0> <Width = 32> <Depth = 32> <ROM>
ST_2 : Operation 410 [1/1] (0.00ns)   --->   "%p_ZL15cos_coeff_table_9_addr = getelementptr i32 %p_ZL15cos_coeff_table_9, i64 0, i64 %zext_ln16" [dft.cpp:16]   --->   Operation 410 'getelementptr' 'p_ZL15cos_coeff_table_9_addr' <Predicate = (!icmp_ln16)> <Delay = 0.00>
ST_2 : Operation 411 [1/1] (0.00ns)   --->   "%p_ZL15cos_coeff_table_25_addr = getelementptr i32 %p_ZL15cos_coeff_table_25, i64 0, i64 %zext_ln16" [dft.cpp:16]   --->   Operation 411 'getelementptr' 'p_ZL15cos_coeff_table_25_addr' <Predicate = (!icmp_ln16)> <Delay = 0.00>
ST_2 : Operation 412 [2/2] (3.25ns)   --->   "%p_ZL15cos_coeff_table_9_load = load i5 %p_ZL15cos_coeff_table_9_addr" [dft.cpp:16]   --->   Operation 412 'load' 'p_ZL15cos_coeff_table_9_load' <Predicate = (!icmp_ln16)> <Delay = 3.25> <CoreInst = "ROM">   --->   Core 94 'ROM' <Latency = 1> <II = 1> <Delay = 3.25> <Storage> <Opcode : 'load'> <Ports = 0> <Width = 32> <Depth = 32> <ROM>
ST_2 : Operation 413 [2/2] (3.25ns)   --->   "%p_ZL15cos_coeff_table_25_load = load i5 %p_ZL15cos_coeff_table_25_addr" [dft.cpp:16]   --->   Operation 413 'load' 'p_ZL15cos_coeff_table_25_load' <Predicate = (!icmp_ln16)> <Delay = 3.25> <CoreInst = "ROM">   --->   Core 94 'ROM' <Latency = 1> <II = 1> <Delay = 3.25> <Storage> <Opcode : 'load'> <Ports = 0> <Width = 32> <Depth = 32> <ROM>
ST_2 : Operation 414 [1/1] (0.00ns)   --->   "%p_ZL15sin_coeff_table_9_addr = getelementptr i32 %p_ZL15sin_coeff_table_9, i64 0, i64 %zext_ln16" [dft.cpp:16]   --->   Operation 414 'getelementptr' 'p_ZL15sin_coeff_table_9_addr' <Predicate = (!icmp_ln16)> <Delay = 0.00>
ST_2 : Operation 415 [1/1] (0.00ns)   --->   "%p_ZL15sin_coeff_table_25_addr = getelementptr i32 %p_ZL15sin_coeff_table_25, i64 0, i64 %zext_ln16" [dft.cpp:16]   --->   Operation 415 'getelementptr' 'p_ZL15sin_coeff_table_25_addr' <Predicate = (!icmp_ln16)> <Delay = 0.00>
ST_2 : Operation 416 [2/2] (3.25ns)   --->   "%p_ZL15sin_coeff_table_9_load = load i5 %p_ZL15sin_coeff_table_9_addr" [dft.cpp:16]   --->   Operation 416 'load' 'p_ZL15sin_coeff_table_9_load' <Predicate = (!icmp_ln16)> <Delay = 3.25> <CoreInst = "ROM">   --->   Core 94 'ROM' <Latency = 1> <II = 1> <Delay = 3.25> <Storage> <Opcode : 'load'> <Ports = 0> <Width = 32> <Depth = 32> <ROM>
ST_2 : Operation 417 [2/2] (3.25ns)   --->   "%p_ZL15sin_coeff_table_25_load = load i5 %p_ZL15sin_coeff_table_25_addr" [dft.cpp:16]   --->   Operation 417 'load' 'p_ZL15sin_coeff_table_25_load' <Predicate = (!icmp_ln16)> <Delay = 3.25> <CoreInst = "ROM">   --->   Core 94 'ROM' <Latency = 1> <II = 1> <Delay = 3.25> <Storage> <Opcode : 'load'> <Ports = 0> <Width = 32> <Depth = 32> <ROM>
ST_2 : Operation 418 [1/1] (0.00ns)   --->   "%p_ZL15cos_coeff_table_10_addr = getelementptr i32 %p_ZL15cos_coeff_table_10, i64 0, i64 %zext_ln16" [dft.cpp:16]   --->   Operation 418 'getelementptr' 'p_ZL15cos_coeff_table_10_addr' <Predicate = (!icmp_ln16)> <Delay = 0.00>
ST_2 : Operation 419 [1/1] (0.00ns)   --->   "%p_ZL15cos_coeff_table_26_addr = getelementptr i32 %p_ZL15cos_coeff_table_26, i64 0, i64 %zext_ln16" [dft.cpp:16]   --->   Operation 419 'getelementptr' 'p_ZL15cos_coeff_table_26_addr' <Predicate = (!icmp_ln16)> <Delay = 0.00>
ST_2 : Operation 420 [2/2] (3.25ns)   --->   "%p_ZL15cos_coeff_table_10_load = load i5 %p_ZL15cos_coeff_table_10_addr" [dft.cpp:16]   --->   Operation 420 'load' 'p_ZL15cos_coeff_table_10_load' <Predicate = (!icmp_ln16)> <Delay = 3.25> <CoreInst = "ROM">   --->   Core 94 'ROM' <Latency = 1> <II = 1> <Delay = 3.25> <Storage> <Opcode : 'load'> <Ports = 0> <Width = 32> <Depth = 32> <ROM>
ST_2 : Operation 421 [2/2] (3.25ns)   --->   "%p_ZL15cos_coeff_table_26_load = load i5 %p_ZL15cos_coeff_table_26_addr" [dft.cpp:16]   --->   Operation 421 'load' 'p_ZL15cos_coeff_table_26_load' <Predicate = (!icmp_ln16)> <Delay = 3.25> <CoreInst = "ROM">   --->   Core 94 'ROM' <Latency = 1> <II = 1> <Delay = 3.25> <Storage> <Opcode : 'load'> <Ports = 0> <Width = 32> <Depth = 32> <ROM>
ST_2 : Operation 422 [1/1] (0.00ns)   --->   "%p_ZL15sin_coeff_table_10_addr = getelementptr i32 %p_ZL15sin_coeff_table_10, i64 0, i64 %zext_ln16" [dft.cpp:16]   --->   Operation 422 'getelementptr' 'p_ZL15sin_coeff_table_10_addr' <Predicate = (!icmp_ln16)> <Delay = 0.00>
ST_2 : Operation 423 [1/1] (0.00ns)   --->   "%p_ZL15sin_coeff_table_26_addr = getelementptr i32 %p_ZL15sin_coeff_table_26, i64 0, i64 %zext_ln16" [dft.cpp:16]   --->   Operation 423 'getelementptr' 'p_ZL15sin_coeff_table_26_addr' <Predicate = (!icmp_ln16)> <Delay = 0.00>
ST_2 : Operation 424 [2/2] (3.25ns)   --->   "%p_ZL15sin_coeff_table_10_load = load i5 %p_ZL15sin_coeff_table_10_addr" [dft.cpp:16]   --->   Operation 424 'load' 'p_ZL15sin_coeff_table_10_load' <Predicate = (!icmp_ln16)> <Delay = 3.25> <CoreInst = "ROM">   --->   Core 94 'ROM' <Latency = 1> <II = 1> <Delay = 3.25> <Storage> <Opcode : 'load'> <Ports = 0> <Width = 32> <Depth = 32> <ROM>
ST_2 : Operation 425 [2/2] (3.25ns)   --->   "%p_ZL15sin_coeff_table_26_load = load i5 %p_ZL15sin_coeff_table_26_addr" [dft.cpp:16]   --->   Operation 425 'load' 'p_ZL15sin_coeff_table_26_load' <Predicate = (!icmp_ln16)> <Delay = 3.25> <CoreInst = "ROM">   --->   Core 94 'ROM' <Latency = 1> <II = 1> <Delay = 3.25> <Storage> <Opcode : 'load'> <Ports = 0> <Width = 32> <Depth = 32> <ROM>
ST_2 : Operation 426 [1/1] (0.00ns)   --->   "%p_ZL15cos_coeff_table_11_addr = getelementptr i32 %p_ZL15cos_coeff_table_11, i64 0, i64 %zext_ln16" [dft.cpp:16]   --->   Operation 426 'getelementptr' 'p_ZL15cos_coeff_table_11_addr' <Predicate = (!icmp_ln16)> <Delay = 0.00>
ST_2 : Operation 427 [1/1] (0.00ns)   --->   "%p_ZL15cos_coeff_table_27_addr = getelementptr i32 %p_ZL15cos_coeff_table_27, i64 0, i64 %zext_ln16" [dft.cpp:16]   --->   Operation 427 'getelementptr' 'p_ZL15cos_coeff_table_27_addr' <Predicate = (!icmp_ln16)> <Delay = 0.00>
ST_2 : Operation 428 [2/2] (3.25ns)   --->   "%p_ZL15cos_coeff_table_11_load = load i5 %p_ZL15cos_coeff_table_11_addr" [dft.cpp:16]   --->   Operation 428 'load' 'p_ZL15cos_coeff_table_11_load' <Predicate = (!icmp_ln16)> <Delay = 3.25> <CoreInst = "ROM">   --->   Core 94 'ROM' <Latency = 1> <II = 1> <Delay = 3.25> <Storage> <Opcode : 'load'> <Ports = 0> <Width = 32> <Depth = 32> <ROM>
ST_2 : Operation 429 [2/2] (3.25ns)   --->   "%p_ZL15cos_coeff_table_27_load = load i5 %p_ZL15cos_coeff_table_27_addr" [dft.cpp:16]   --->   Operation 429 'load' 'p_ZL15cos_coeff_table_27_load' <Predicate = (!icmp_ln16)> <Delay = 3.25> <CoreInst = "ROM">   --->   Core 94 'ROM' <Latency = 1> <II = 1> <Delay = 3.25> <Storage> <Opcode : 'load'> <Ports = 0> <Width = 32> <Depth = 32> <ROM>
ST_2 : Operation 430 [1/1] (0.00ns)   --->   "%p_ZL15sin_coeff_table_11_addr = getelementptr i32 %p_ZL15sin_coeff_table_11, i64 0, i64 %zext_ln16" [dft.cpp:16]   --->   Operation 430 'getelementptr' 'p_ZL15sin_coeff_table_11_addr' <Predicate = (!icmp_ln16)> <Delay = 0.00>
ST_2 : Operation 431 [1/1] (0.00ns)   --->   "%p_ZL15sin_coeff_table_27_addr = getelementptr i32 %p_ZL15sin_coeff_table_27, i64 0, i64 %zext_ln16" [dft.cpp:16]   --->   Operation 431 'getelementptr' 'p_ZL15sin_coeff_table_27_addr' <Predicate = (!icmp_ln16)> <Delay = 0.00>
ST_2 : Operation 432 [2/2] (3.25ns)   --->   "%p_ZL15sin_coeff_table_11_load = load i5 %p_ZL15sin_coeff_table_11_addr" [dft.cpp:16]   --->   Operation 432 'load' 'p_ZL15sin_coeff_table_11_load' <Predicate = (!icmp_ln16)> <Delay = 3.25> <CoreInst = "ROM">   --->   Core 94 'ROM' <Latency = 1> <II = 1> <Delay = 3.25> <Storage> <Opcode : 'load'> <Ports = 0> <Width = 32> <Depth = 32> <ROM>
ST_2 : Operation 433 [2/2] (3.25ns)   --->   "%p_ZL15sin_coeff_table_27_load = load i5 %p_ZL15sin_coeff_table_27_addr" [dft.cpp:16]   --->   Operation 433 'load' 'p_ZL15sin_coeff_table_27_load' <Predicate = (!icmp_ln16)> <Delay = 3.25> <CoreInst = "ROM">   --->   Core 94 'ROM' <Latency = 1> <II = 1> <Delay = 3.25> <Storage> <Opcode : 'load'> <Ports = 0> <Width = 32> <Depth = 32> <ROM>
ST_2 : Operation 434 [1/1] (0.00ns)   --->   "%p_ZL15cos_coeff_table_12_addr = getelementptr i32 %p_ZL15cos_coeff_table_12, i64 0, i64 %zext_ln16" [dft.cpp:16]   --->   Operation 434 'getelementptr' 'p_ZL15cos_coeff_table_12_addr' <Predicate = (!icmp_ln16)> <Delay = 0.00>
ST_2 : Operation 435 [1/1] (0.00ns)   --->   "%p_ZL15cos_coeff_table_28_addr = getelementptr i32 %p_ZL15cos_coeff_table_28, i64 0, i64 %zext_ln16" [dft.cpp:16]   --->   Operation 435 'getelementptr' 'p_ZL15cos_coeff_table_28_addr' <Predicate = (!icmp_ln16)> <Delay = 0.00>
ST_2 : Operation 436 [2/2] (3.25ns)   --->   "%p_ZL15cos_coeff_table_12_load = load i5 %p_ZL15cos_coeff_table_12_addr" [dft.cpp:16]   --->   Operation 436 'load' 'p_ZL15cos_coeff_table_12_load' <Predicate = (!icmp_ln16)> <Delay = 3.25> <CoreInst = "ROM">   --->   Core 94 'ROM' <Latency = 1> <II = 1> <Delay = 3.25> <Storage> <Opcode : 'load'> <Ports = 0> <Width = 32> <Depth = 32> <ROM>
ST_2 : Operation 437 [2/2] (3.25ns)   --->   "%p_ZL15cos_coeff_table_28_load = load i5 %p_ZL15cos_coeff_table_28_addr" [dft.cpp:16]   --->   Operation 437 'load' 'p_ZL15cos_coeff_table_28_load' <Predicate = (!icmp_ln16)> <Delay = 3.25> <CoreInst = "ROM">   --->   Core 94 'ROM' <Latency = 1> <II = 1> <Delay = 3.25> <Storage> <Opcode : 'load'> <Ports = 0> <Width = 32> <Depth = 32> <ROM>
ST_2 : Operation 438 [1/1] (0.00ns)   --->   "%p_ZL15sin_coeff_table_12_addr = getelementptr i32 %p_ZL15sin_coeff_table_12, i64 0, i64 %zext_ln16" [dft.cpp:16]   --->   Operation 438 'getelementptr' 'p_ZL15sin_coeff_table_12_addr' <Predicate = (!icmp_ln16)> <Delay = 0.00>
ST_2 : Operation 439 [1/1] (0.00ns)   --->   "%p_ZL15sin_coeff_table_28_addr = getelementptr i32 %p_ZL15sin_coeff_table_28, i64 0, i64 %zext_ln16" [dft.cpp:16]   --->   Operation 439 'getelementptr' 'p_ZL15sin_coeff_table_28_addr' <Predicate = (!icmp_ln16)> <Delay = 0.00>
ST_2 : Operation 440 [2/2] (3.25ns)   --->   "%p_ZL15sin_coeff_table_12_load = load i5 %p_ZL15sin_coeff_table_12_addr" [dft.cpp:16]   --->   Operation 440 'load' 'p_ZL15sin_coeff_table_12_load' <Predicate = (!icmp_ln16)> <Delay = 3.25> <CoreInst = "ROM">   --->   Core 94 'ROM' <Latency = 1> <II = 1> <Delay = 3.25> <Storage> <Opcode : 'load'> <Ports = 0> <Width = 32> <Depth = 32> <ROM>
ST_2 : Operation 441 [2/2] (3.25ns)   --->   "%p_ZL15sin_coeff_table_28_load = load i5 %p_ZL15sin_coeff_table_28_addr" [dft.cpp:16]   --->   Operation 441 'load' 'p_ZL15sin_coeff_table_28_load' <Predicate = (!icmp_ln16)> <Delay = 3.25> <CoreInst = "ROM">   --->   Core 94 'ROM' <Latency = 1> <II = 1> <Delay = 3.25> <Storage> <Opcode : 'load'> <Ports = 0> <Width = 32> <Depth = 32> <ROM>
ST_2 : Operation 442 [1/1] (0.00ns)   --->   "%p_ZL15cos_coeff_table_13_addr = getelementptr i32 %p_ZL15cos_coeff_table_13, i64 0, i64 %zext_ln16" [dft.cpp:16]   --->   Operation 442 'getelementptr' 'p_ZL15cos_coeff_table_13_addr' <Predicate = (!icmp_ln16)> <Delay = 0.00>
ST_2 : Operation 443 [1/1] (0.00ns)   --->   "%p_ZL15cos_coeff_table_29_addr = getelementptr i32 %p_ZL15cos_coeff_table_29, i64 0, i64 %zext_ln16" [dft.cpp:16]   --->   Operation 443 'getelementptr' 'p_ZL15cos_coeff_table_29_addr' <Predicate = (!icmp_ln16)> <Delay = 0.00>
ST_2 : Operation 444 [2/2] (3.25ns)   --->   "%p_ZL15cos_coeff_table_13_load = load i5 %p_ZL15cos_coeff_table_13_addr" [dft.cpp:16]   --->   Operation 444 'load' 'p_ZL15cos_coeff_table_13_load' <Predicate = (!icmp_ln16)> <Delay = 3.25> <CoreInst = "ROM">   --->   Core 94 'ROM' <Latency = 1> <II = 1> <Delay = 3.25> <Storage> <Opcode : 'load'> <Ports = 0> <Width = 32> <Depth = 32> <ROM>
ST_2 : Operation 445 [2/2] (3.25ns)   --->   "%p_ZL15cos_coeff_table_29_load = load i5 %p_ZL15cos_coeff_table_29_addr" [dft.cpp:16]   --->   Operation 445 'load' 'p_ZL15cos_coeff_table_29_load' <Predicate = (!icmp_ln16)> <Delay = 3.25> <CoreInst = "ROM">   --->   Core 94 'ROM' <Latency = 1> <II = 1> <Delay = 3.25> <Storage> <Opcode : 'load'> <Ports = 0> <Width = 32> <Depth = 32> <ROM>
ST_2 : Operation 446 [1/1] (0.00ns)   --->   "%p_ZL15sin_coeff_table_13_addr = getelementptr i32 %p_ZL15sin_coeff_table_13, i64 0, i64 %zext_ln16" [dft.cpp:16]   --->   Operation 446 'getelementptr' 'p_ZL15sin_coeff_table_13_addr' <Predicate = (!icmp_ln16)> <Delay = 0.00>
ST_2 : Operation 447 [1/1] (0.00ns)   --->   "%p_ZL15sin_coeff_table_29_addr = getelementptr i32 %p_ZL15sin_coeff_table_29, i64 0, i64 %zext_ln16" [dft.cpp:16]   --->   Operation 447 'getelementptr' 'p_ZL15sin_coeff_table_29_addr' <Predicate = (!icmp_ln16)> <Delay = 0.00>
ST_2 : Operation 448 [2/2] (3.25ns)   --->   "%p_ZL15sin_coeff_table_13_load = load i5 %p_ZL15sin_coeff_table_13_addr" [dft.cpp:16]   --->   Operation 448 'load' 'p_ZL15sin_coeff_table_13_load' <Predicate = (!icmp_ln16)> <Delay = 3.25> <CoreInst = "ROM">   --->   Core 94 'ROM' <Latency = 1> <II = 1> <Delay = 3.25> <Storage> <Opcode : 'load'> <Ports = 0> <Width = 32> <Depth = 32> <ROM>
ST_2 : Operation 449 [2/2] (3.25ns)   --->   "%p_ZL15sin_coeff_table_29_load = load i5 %p_ZL15sin_coeff_table_29_addr" [dft.cpp:16]   --->   Operation 449 'load' 'p_ZL15sin_coeff_table_29_load' <Predicate = (!icmp_ln16)> <Delay = 3.25> <CoreInst = "ROM">   --->   Core 94 'ROM' <Latency = 1> <II = 1> <Delay = 3.25> <Storage> <Opcode : 'load'> <Ports = 0> <Width = 32> <Depth = 32> <ROM>
ST_2 : Operation 450 [1/1] (0.00ns)   --->   "%p_ZL15cos_coeff_table_14_addr = getelementptr i32 %p_ZL15cos_coeff_table_14, i64 0, i64 %zext_ln16" [dft.cpp:16]   --->   Operation 450 'getelementptr' 'p_ZL15cos_coeff_table_14_addr' <Predicate = (!icmp_ln16)> <Delay = 0.00>
ST_2 : Operation 451 [1/1] (0.00ns)   --->   "%p_ZL15cos_coeff_table_30_addr = getelementptr i32 %p_ZL15cos_coeff_table_30, i64 0, i64 %zext_ln16" [dft.cpp:16]   --->   Operation 451 'getelementptr' 'p_ZL15cos_coeff_table_30_addr' <Predicate = (!icmp_ln16)> <Delay = 0.00>
ST_2 : Operation 452 [2/2] (3.25ns)   --->   "%p_ZL15cos_coeff_table_14_load = load i5 %p_ZL15cos_coeff_table_14_addr" [dft.cpp:16]   --->   Operation 452 'load' 'p_ZL15cos_coeff_table_14_load' <Predicate = (!icmp_ln16)> <Delay = 3.25> <CoreInst = "ROM">   --->   Core 94 'ROM' <Latency = 1> <II = 1> <Delay = 3.25> <Storage> <Opcode : 'load'> <Ports = 0> <Width = 32> <Depth = 32> <ROM>
ST_2 : Operation 453 [2/2] (3.25ns)   --->   "%p_ZL15cos_coeff_table_30_load = load i5 %p_ZL15cos_coeff_table_30_addr" [dft.cpp:16]   --->   Operation 453 'load' 'p_ZL15cos_coeff_table_30_load' <Predicate = (!icmp_ln16)> <Delay = 3.25> <CoreInst = "ROM">   --->   Core 94 'ROM' <Latency = 1> <II = 1> <Delay = 3.25> <Storage> <Opcode : 'load'> <Ports = 0> <Width = 32> <Depth = 32> <ROM>
ST_2 : Operation 454 [1/1] (0.00ns)   --->   "%p_ZL15sin_coeff_table_14_addr = getelementptr i32 %p_ZL15sin_coeff_table_14, i64 0, i64 %zext_ln16" [dft.cpp:16]   --->   Operation 454 'getelementptr' 'p_ZL15sin_coeff_table_14_addr' <Predicate = (!icmp_ln16)> <Delay = 0.00>
ST_2 : Operation 455 [1/1] (0.00ns)   --->   "%p_ZL15sin_coeff_table_30_addr = getelementptr i32 %p_ZL15sin_coeff_table_30, i64 0, i64 %zext_ln16" [dft.cpp:16]   --->   Operation 455 'getelementptr' 'p_ZL15sin_coeff_table_30_addr' <Predicate = (!icmp_ln16)> <Delay = 0.00>
ST_2 : Operation 456 [2/2] (3.25ns)   --->   "%p_ZL15sin_coeff_table_14_load = load i5 %p_ZL15sin_coeff_table_14_addr" [dft.cpp:16]   --->   Operation 456 'load' 'p_ZL15sin_coeff_table_14_load' <Predicate = (!icmp_ln16)> <Delay = 3.25> <CoreInst = "ROM">   --->   Core 94 'ROM' <Latency = 1> <II = 1> <Delay = 3.25> <Storage> <Opcode : 'load'> <Ports = 0> <Width = 32> <Depth = 32> <ROM>
ST_2 : Operation 457 [2/2] (3.25ns)   --->   "%p_ZL15sin_coeff_table_30_load = load i5 %p_ZL15sin_coeff_table_30_addr" [dft.cpp:16]   --->   Operation 457 'load' 'p_ZL15sin_coeff_table_30_load' <Predicate = (!icmp_ln16)> <Delay = 3.25> <CoreInst = "ROM">   --->   Core 94 'ROM' <Latency = 1> <II = 1> <Delay = 3.25> <Storage> <Opcode : 'load'> <Ports = 0> <Width = 32> <Depth = 32> <ROM>
ST_2 : Operation 458 [1/1] (0.00ns)   --->   "%p_ZL15cos_coeff_table_15_addr = getelementptr i32 %p_ZL15cos_coeff_table_15, i64 0, i64 %zext_ln16" [dft.cpp:16]   --->   Operation 458 'getelementptr' 'p_ZL15cos_coeff_table_15_addr' <Predicate = (!icmp_ln16)> <Delay = 0.00>
ST_2 : Operation 459 [1/1] (0.00ns)   --->   "%p_ZL15cos_coeff_table_31_addr = getelementptr i32 %p_ZL15cos_coeff_table_31, i64 0, i64 %zext_ln16" [dft.cpp:16]   --->   Operation 459 'getelementptr' 'p_ZL15cos_coeff_table_31_addr' <Predicate = (!icmp_ln16)> <Delay = 0.00>
ST_2 : Operation 460 [2/2] (3.25ns)   --->   "%p_ZL15cos_coeff_table_15_load = load i5 %p_ZL15cos_coeff_table_15_addr" [dft.cpp:16]   --->   Operation 460 'load' 'p_ZL15cos_coeff_table_15_load' <Predicate = (!icmp_ln16)> <Delay = 3.25> <CoreInst = "ROM">   --->   Core 94 'ROM' <Latency = 1> <II = 1> <Delay = 3.25> <Storage> <Opcode : 'load'> <Ports = 0> <Width = 32> <Depth = 32> <ROM>
ST_2 : Operation 461 [2/2] (3.25ns)   --->   "%p_ZL15cos_coeff_table_31_load = load i5 %p_ZL15cos_coeff_table_31_addr" [dft.cpp:16]   --->   Operation 461 'load' 'p_ZL15cos_coeff_table_31_load' <Predicate = (!icmp_ln16)> <Delay = 3.25> <CoreInst = "ROM">   --->   Core 94 'ROM' <Latency = 1> <II = 1> <Delay = 3.25> <Storage> <Opcode : 'load'> <Ports = 0> <Width = 32> <Depth = 32> <ROM>
ST_2 : Operation 462 [1/1] (0.00ns)   --->   "%p_ZL15sin_coeff_table_15_addr = getelementptr i32 %p_ZL15sin_coeff_table_15, i64 0, i64 %zext_ln16" [dft.cpp:16]   --->   Operation 462 'getelementptr' 'p_ZL15sin_coeff_table_15_addr' <Predicate = (!icmp_ln16)> <Delay = 0.00>
ST_2 : Operation 463 [1/1] (0.00ns)   --->   "%p_ZL15sin_coeff_table_31_addr = getelementptr i32 %p_ZL15sin_coeff_table_31, i64 0, i64 %zext_ln16" [dft.cpp:16]   --->   Operation 463 'getelementptr' 'p_ZL15sin_coeff_table_31_addr' <Predicate = (!icmp_ln16)> <Delay = 0.00>
ST_2 : Operation 464 [2/2] (3.25ns)   --->   "%p_ZL15sin_coeff_table_15_load = load i5 %p_ZL15sin_coeff_table_15_addr" [dft.cpp:16]   --->   Operation 464 'load' 'p_ZL15sin_coeff_table_15_load' <Predicate = (!icmp_ln16)> <Delay = 3.25> <CoreInst = "ROM">   --->   Core 94 'ROM' <Latency = 1> <II = 1> <Delay = 3.25> <Storage> <Opcode : 'load'> <Ports = 0> <Width = 32> <Depth = 32> <ROM>
ST_2 : Operation 465 [2/2] (3.25ns)   --->   "%p_ZL15sin_coeff_table_31_load = load i5 %p_ZL15sin_coeff_table_31_addr" [dft.cpp:16]   --->   Operation 465 'load' 'p_ZL15sin_coeff_table_31_load' <Predicate = (!icmp_ln16)> <Delay = 3.25> <CoreInst = "ROM">   --->   Core 94 'ROM' <Latency = 1> <II = 1> <Delay = 3.25> <Storage> <Opcode : 'load'> <Ports = 0> <Width = 32> <Depth = 32> <ROM>
ST_2 : Operation 466 [1/1] (0.00ns)   --->   "%ret_ln30 = ret" [dft.cpp:30]   --->   Operation 466 'ret' 'ret_ln30' <Predicate = (icmp_ln16)> <Delay = 0.00>

State 3 <SV = 2> <Delay = 3.95>
ST_3 : Operation 467 [1/2] ( I:3.25ns O:3.25ns )   --->   "%p_ZL15cos_coeff_table_0_load = load i5 %p_ZL15cos_coeff_table_0_addr" [dft.cpp:16]   --->   Operation 467 'load' 'p_ZL15cos_coeff_table_0_load' <Predicate = true> <Delay = 3.25> <CoreInst = "ROM">   --->   Core 94 'ROM' <Latency = 1> <II = 1> <Delay = 3.25> <Storage> <Opcode : 'load'> <Ports = 0> <Width = 32> <Depth = 32> <ROM>
ST_3 : Operation 468 [1/2] ( I:3.25ns O:3.25ns )   --->   "%p_ZL15cos_coeff_table_16_load = load i5 %p_ZL15cos_coeff_table_16_addr" [dft.cpp:16]   --->   Operation 468 'load' 'p_ZL15cos_coeff_table_16_load' <Predicate = true> <Delay = 3.25> <CoreInst = "ROM">   --->   Core 94 'ROM' <Latency = 1> <II = 1> <Delay = 3.25> <Storage> <Opcode : 'load'> <Ports = 0> <Width = 32> <Depth = 32> <ROM>
ST_3 : Operation 469 [1/2] ( I:3.25ns O:3.25ns )   --->   "%p_ZL15sin_coeff_table_0_load = load i5 %p_ZL15sin_coeff_table_0_addr" [dft.cpp:16]   --->   Operation 469 'load' 'p_ZL15sin_coeff_table_0_load' <Predicate = true> <Delay = 3.25> <CoreInst = "ROM">   --->   Core 94 'ROM' <Latency = 1> <II = 1> <Delay = 3.25> <Storage> <Opcode : 'load'> <Ports = 0> <Width = 32> <Depth = 32> <ROM>
ST_3 : Operation 470 [1/2] ( I:3.25ns O:3.25ns )   --->   "%p_ZL15sin_coeff_table_16_load = load i5 %p_ZL15sin_coeff_table_16_addr" [dft.cpp:16]   --->   Operation 470 'load' 'p_ZL15sin_coeff_table_16_load' <Predicate = true> <Delay = 3.25> <CoreInst = "ROM">   --->   Core 94 'ROM' <Latency = 1> <II = 1> <Delay = 3.25> <Storage> <Opcode : 'load'> <Ports = 0> <Width = 32> <Depth = 32> <ROM>
ST_3 : Operation 471 [1/2] ( I:3.25ns O:3.25ns )   --->   "%p_ZL15cos_coeff_table_1_load = load i5 %p_ZL15cos_coeff_table_1_addr" [dft.cpp:16]   --->   Operation 471 'load' 'p_ZL15cos_coeff_table_1_load' <Predicate = true> <Delay = 3.25> <CoreInst = "ROM">   --->   Core 94 'ROM' <Latency = 1> <II = 1> <Delay = 3.25> <Storage> <Opcode : 'load'> <Ports = 0> <Width = 32> <Depth = 32> <ROM>
ST_3 : Operation 472 [1/2] ( I:3.25ns O:3.25ns )   --->   "%p_ZL15cos_coeff_table_17_load = load i5 %p_ZL15cos_coeff_table_17_addr" [dft.cpp:16]   --->   Operation 472 'load' 'p_ZL15cos_coeff_table_17_load' <Predicate = true> <Delay = 3.25> <CoreInst = "ROM">   --->   Core 94 'ROM' <Latency = 1> <II = 1> <Delay = 3.25> <Storage> <Opcode : 'load'> <Ports = 0> <Width = 32> <Depth = 32> <ROM>
ST_3 : Operation 473 [1/2] ( I:3.25ns O:3.25ns )   --->   "%p_ZL15sin_coeff_table_1_load = load i5 %p_ZL15sin_coeff_table_1_addr" [dft.cpp:16]   --->   Operation 473 'load' 'p_ZL15sin_coeff_table_1_load' <Predicate = true> <Delay = 3.25> <CoreInst = "ROM">   --->   Core 94 'ROM' <Latency = 1> <II = 1> <Delay = 3.25> <Storage> <Opcode : 'load'> <Ports = 0> <Width = 32> <Depth = 32> <ROM>
ST_3 : Operation 474 [1/2] ( I:3.25ns O:3.25ns )   --->   "%p_ZL15sin_coeff_table_17_load = load i5 %p_ZL15sin_coeff_table_17_addr" [dft.cpp:16]   --->   Operation 474 'load' 'p_ZL15sin_coeff_table_17_load' <Predicate = true> <Delay = 3.25> <CoreInst = "ROM">   --->   Core 94 'ROM' <Latency = 1> <II = 1> <Delay = 3.25> <Storage> <Opcode : 'load'> <Ports = 0> <Width = 32> <Depth = 32> <ROM>
ST_3 : Operation 475 [1/2] ( I:3.25ns O:3.25ns )   --->   "%p_ZL15cos_coeff_table_2_load = load i5 %p_ZL15cos_coeff_table_2_addr" [dft.cpp:16]   --->   Operation 475 'load' 'p_ZL15cos_coeff_table_2_load' <Predicate = true> <Delay = 3.25> <CoreInst = "ROM">   --->   Core 94 'ROM' <Latency = 1> <II = 1> <Delay = 3.25> <Storage> <Opcode : 'load'> <Ports = 0> <Width = 32> <Depth = 32> <ROM>
ST_3 : Operation 476 [1/2] ( I:3.25ns O:3.25ns )   --->   "%p_ZL15cos_coeff_table_18_load = load i5 %p_ZL15cos_coeff_table_18_addr" [dft.cpp:16]   --->   Operation 476 'load' 'p_ZL15cos_coeff_table_18_load' <Predicate = true> <Delay = 3.25> <CoreInst = "ROM">   --->   Core 94 'ROM' <Latency = 1> <II = 1> <Delay = 3.25> <Storage> <Opcode : 'load'> <Ports = 0> <Width = 32> <Depth = 32> <ROM>
ST_3 : Operation 477 [1/2] ( I:3.25ns O:3.25ns )   --->   "%p_ZL15sin_coeff_table_2_load = load i5 %p_ZL15sin_coeff_table_2_addr" [dft.cpp:16]   --->   Operation 477 'load' 'p_ZL15sin_coeff_table_2_load' <Predicate = true> <Delay = 3.25> <CoreInst = "ROM">   --->   Core 94 'ROM' <Latency = 1> <II = 1> <Delay = 3.25> <Storage> <Opcode : 'load'> <Ports = 0> <Width = 32> <Depth = 32> <ROM>
ST_3 : Operation 478 [1/2] ( I:3.25ns O:3.25ns )   --->   "%p_ZL15sin_coeff_table_18_load = load i5 %p_ZL15sin_coeff_table_18_addr" [dft.cpp:16]   --->   Operation 478 'load' 'p_ZL15sin_coeff_table_18_load' <Predicate = true> <Delay = 3.25> <CoreInst = "ROM">   --->   Core 94 'ROM' <Latency = 1> <II = 1> <Delay = 3.25> <Storage> <Opcode : 'load'> <Ports = 0> <Width = 32> <Depth = 32> <ROM>
ST_3 : Operation 479 [1/2] ( I:3.25ns O:3.25ns )   --->   "%p_ZL15cos_coeff_table_3_load = load i5 %p_ZL15cos_coeff_table_3_addr" [dft.cpp:16]   --->   Operation 479 'load' 'p_ZL15cos_coeff_table_3_load' <Predicate = true> <Delay = 3.25> <CoreInst = "ROM">   --->   Core 94 'ROM' <Latency = 1> <II = 1> <Delay = 3.25> <Storage> <Opcode : 'load'> <Ports = 0> <Width = 32> <Depth = 32> <ROM>
ST_3 : Operation 480 [1/2] ( I:3.25ns O:3.25ns )   --->   "%p_ZL15cos_coeff_table_19_load = load i5 %p_ZL15cos_coeff_table_19_addr" [dft.cpp:16]   --->   Operation 480 'load' 'p_ZL15cos_coeff_table_19_load' <Predicate = true> <Delay = 3.25> <CoreInst = "ROM">   --->   Core 94 'ROM' <Latency = 1> <II = 1> <Delay = 3.25> <Storage> <Opcode : 'load'> <Ports = 0> <Width = 32> <Depth = 32> <ROM>
ST_3 : Operation 481 [1/2] ( I:3.25ns O:3.25ns )   --->   "%p_ZL15sin_coeff_table_3_load = load i5 %p_ZL15sin_coeff_table_3_addr" [dft.cpp:16]   --->   Operation 481 'load' 'p_ZL15sin_coeff_table_3_load' <Predicate = true> <Delay = 3.25> <CoreInst = "ROM">   --->   Core 94 'ROM' <Latency = 1> <II = 1> <Delay = 3.25> <Storage> <Opcode : 'load'> <Ports = 0> <Width = 32> <Depth = 32> <ROM>
ST_3 : Operation 482 [1/2] ( I:3.25ns O:3.25ns )   --->   "%p_ZL15sin_coeff_table_19_load = load i5 %p_ZL15sin_coeff_table_19_addr" [dft.cpp:16]   --->   Operation 482 'load' 'p_ZL15sin_coeff_table_19_load' <Predicate = true> <Delay = 3.25> <CoreInst = "ROM">   --->   Core 94 'ROM' <Latency = 1> <II = 1> <Delay = 3.25> <Storage> <Opcode : 'load'> <Ports = 0> <Width = 32> <Depth = 32> <ROM>
ST_3 : Operation 483 [1/2] ( I:3.25ns O:3.25ns )   --->   "%p_ZL15cos_coeff_table_4_load = load i5 %p_ZL15cos_coeff_table_4_addr" [dft.cpp:16]   --->   Operation 483 'load' 'p_ZL15cos_coeff_table_4_load' <Predicate = true> <Delay = 3.25> <CoreInst = "ROM">   --->   Core 94 'ROM' <Latency = 1> <II = 1> <Delay = 3.25> <Storage> <Opcode : 'load'> <Ports = 0> <Width = 32> <Depth = 32> <ROM>
ST_3 : Operation 484 [1/2] ( I:3.25ns O:3.25ns )   --->   "%p_ZL15cos_coeff_table_20_load = load i5 %p_ZL15cos_coeff_table_20_addr" [dft.cpp:16]   --->   Operation 484 'load' 'p_ZL15cos_coeff_table_20_load' <Predicate = true> <Delay = 3.25> <CoreInst = "ROM">   --->   Core 94 'ROM' <Latency = 1> <II = 1> <Delay = 3.25> <Storage> <Opcode : 'load'> <Ports = 0> <Width = 32> <Depth = 32> <ROM>
ST_3 : Operation 485 [1/2] ( I:3.25ns O:3.25ns )   --->   "%p_ZL15sin_coeff_table_4_load = load i5 %p_ZL15sin_coeff_table_4_addr" [dft.cpp:16]   --->   Operation 485 'load' 'p_ZL15sin_coeff_table_4_load' <Predicate = true> <Delay = 3.25> <CoreInst = "ROM">   --->   Core 94 'ROM' <Latency = 1> <II = 1> <Delay = 3.25> <Storage> <Opcode : 'load'> <Ports = 0> <Width = 32> <Depth = 32> <ROM>
ST_3 : Operation 486 [1/2] ( I:3.25ns O:3.25ns )   --->   "%p_ZL15sin_coeff_table_20_load = load i5 %p_ZL15sin_coeff_table_20_addr" [dft.cpp:16]   --->   Operation 486 'load' 'p_ZL15sin_coeff_table_20_load' <Predicate = true> <Delay = 3.25> <CoreInst = "ROM">   --->   Core 94 'ROM' <Latency = 1> <II = 1> <Delay = 3.25> <Storage> <Opcode : 'load'> <Ports = 0> <Width = 32> <Depth = 32> <ROM>
ST_3 : Operation 487 [1/2] ( I:3.25ns O:3.25ns )   --->   "%p_ZL15cos_coeff_table_5_load = load i5 %p_ZL15cos_coeff_table_5_addr" [dft.cpp:16]   --->   Operation 487 'load' 'p_ZL15cos_coeff_table_5_load' <Predicate = true> <Delay = 3.25> <CoreInst = "ROM">   --->   Core 94 'ROM' <Latency = 1> <II = 1> <Delay = 3.25> <Storage> <Opcode : 'load'> <Ports = 0> <Width = 32> <Depth = 32> <ROM>
ST_3 : Operation 488 [1/2] ( I:3.25ns O:3.25ns )   --->   "%p_ZL15cos_coeff_table_21_load = load i5 %p_ZL15cos_coeff_table_21_addr" [dft.cpp:16]   --->   Operation 488 'load' 'p_ZL15cos_coeff_table_21_load' <Predicate = true> <Delay = 3.25> <CoreInst = "ROM">   --->   Core 94 'ROM' <Latency = 1> <II = 1> <Delay = 3.25> <Storage> <Opcode : 'load'> <Ports = 0> <Width = 32> <Depth = 32> <ROM>
ST_3 : Operation 489 [1/2] ( I:3.25ns O:3.25ns )   --->   "%p_ZL15sin_coeff_table_5_load = load i5 %p_ZL15sin_coeff_table_5_addr" [dft.cpp:16]   --->   Operation 489 'load' 'p_ZL15sin_coeff_table_5_load' <Predicate = true> <Delay = 3.25> <CoreInst = "ROM">   --->   Core 94 'ROM' <Latency = 1> <II = 1> <Delay = 3.25> <Storage> <Opcode : 'load'> <Ports = 0> <Width = 32> <Depth = 32> <ROM>
ST_3 : Operation 490 [1/2] ( I:3.25ns O:3.25ns )   --->   "%p_ZL15sin_coeff_table_21_load = load i5 %p_ZL15sin_coeff_table_21_addr" [dft.cpp:16]   --->   Operation 490 'load' 'p_ZL15sin_coeff_table_21_load' <Predicate = true> <Delay = 3.25> <CoreInst = "ROM">   --->   Core 94 'ROM' <Latency = 1> <II = 1> <Delay = 3.25> <Storage> <Opcode : 'load'> <Ports = 0> <Width = 32> <Depth = 32> <ROM>
ST_3 : Operation 491 [1/2] ( I:3.25ns O:3.25ns )   --->   "%p_ZL15cos_coeff_table_6_load = load i5 %p_ZL15cos_coeff_table_6_addr" [dft.cpp:16]   --->   Operation 491 'load' 'p_ZL15cos_coeff_table_6_load' <Predicate = true> <Delay = 3.25> <CoreInst = "ROM">   --->   Core 94 'ROM' <Latency = 1> <II = 1> <Delay = 3.25> <Storage> <Opcode : 'load'> <Ports = 0> <Width = 32> <Depth = 32> <ROM>
ST_3 : Operation 492 [1/2] ( I:3.25ns O:3.25ns )   --->   "%p_ZL15cos_coeff_table_22_load = load i5 %p_ZL15cos_coeff_table_22_addr" [dft.cpp:16]   --->   Operation 492 'load' 'p_ZL15cos_coeff_table_22_load' <Predicate = true> <Delay = 3.25> <CoreInst = "ROM">   --->   Core 94 'ROM' <Latency = 1> <II = 1> <Delay = 3.25> <Storage> <Opcode : 'load'> <Ports = 0> <Width = 32> <Depth = 32> <ROM>
ST_3 : Operation 493 [1/2] ( I:3.25ns O:3.25ns )   --->   "%p_ZL15sin_coeff_table_6_load = load i5 %p_ZL15sin_coeff_table_6_addr" [dft.cpp:16]   --->   Operation 493 'load' 'p_ZL15sin_coeff_table_6_load' <Predicate = true> <Delay = 3.25> <CoreInst = "ROM">   --->   Core 94 'ROM' <Latency = 1> <II = 1> <Delay = 3.25> <Storage> <Opcode : 'load'> <Ports = 0> <Width = 32> <Depth = 32> <ROM>
ST_3 : Operation 494 [1/2] ( I:3.25ns O:3.25ns )   --->   "%p_ZL15sin_coeff_table_22_load = load i5 %p_ZL15sin_coeff_table_22_addr" [dft.cpp:16]   --->   Operation 494 'load' 'p_ZL15sin_coeff_table_22_load' <Predicate = true> <Delay = 3.25> <CoreInst = "ROM">   --->   Core 94 'ROM' <Latency = 1> <II = 1> <Delay = 3.25> <Storage> <Opcode : 'load'> <Ports = 0> <Width = 32> <Depth = 32> <ROM>
ST_3 : Operation 495 [1/2] ( I:3.25ns O:3.25ns )   --->   "%p_ZL15cos_coeff_table_7_load = load i5 %p_ZL15cos_coeff_table_7_addr" [dft.cpp:16]   --->   Operation 495 'load' 'p_ZL15cos_coeff_table_7_load' <Predicate = true> <Delay = 3.25> <CoreInst = "ROM">   --->   Core 94 'ROM' <Latency = 1> <II = 1> <Delay = 3.25> <Storage> <Opcode : 'load'> <Ports = 0> <Width = 32> <Depth = 32> <ROM>
ST_3 : Operation 496 [1/2] ( I:3.25ns O:3.25ns )   --->   "%p_ZL15cos_coeff_table_23_load = load i5 %p_ZL15cos_coeff_table_23_addr" [dft.cpp:16]   --->   Operation 496 'load' 'p_ZL15cos_coeff_table_23_load' <Predicate = true> <Delay = 3.25> <CoreInst = "ROM">   --->   Core 94 'ROM' <Latency = 1> <II = 1> <Delay = 3.25> <Storage> <Opcode : 'load'> <Ports = 0> <Width = 32> <Depth = 32> <ROM>
ST_3 : Operation 497 [1/2] ( I:3.25ns O:3.25ns )   --->   "%p_ZL15sin_coeff_table_7_load = load i5 %p_ZL15sin_coeff_table_7_addr" [dft.cpp:16]   --->   Operation 497 'load' 'p_ZL15sin_coeff_table_7_load' <Predicate = true> <Delay = 3.25> <CoreInst = "ROM">   --->   Core 94 'ROM' <Latency = 1> <II = 1> <Delay = 3.25> <Storage> <Opcode : 'load'> <Ports = 0> <Width = 32> <Depth = 32> <ROM>
ST_3 : Operation 498 [1/2] ( I:3.25ns O:3.25ns )   --->   "%p_ZL15sin_coeff_table_23_load = load i5 %p_ZL15sin_coeff_table_23_addr" [dft.cpp:16]   --->   Operation 498 'load' 'p_ZL15sin_coeff_table_23_load' <Predicate = true> <Delay = 3.25> <CoreInst = "ROM">   --->   Core 94 'ROM' <Latency = 1> <II = 1> <Delay = 3.25> <Storage> <Opcode : 'load'> <Ports = 0> <Width = 32> <Depth = 32> <ROM>
ST_3 : Operation 499 [1/2] ( I:3.25ns O:3.25ns )   --->   "%p_ZL15cos_coeff_table_8_load = load i5 %p_ZL15cos_coeff_table_8_addr" [dft.cpp:16]   --->   Operation 499 'load' 'p_ZL15cos_coeff_table_8_load' <Predicate = true> <Delay = 3.25> <CoreInst = "ROM">   --->   Core 94 'ROM' <Latency = 1> <II = 1> <Delay = 3.25> <Storage> <Opcode : 'load'> <Ports = 0> <Width = 32> <Depth = 32> <ROM>
ST_3 : Operation 500 [1/2] ( I:3.25ns O:3.25ns )   --->   "%p_ZL15cos_coeff_table_24_load = load i5 %p_ZL15cos_coeff_table_24_addr" [dft.cpp:16]   --->   Operation 500 'load' 'p_ZL15cos_coeff_table_24_load' <Predicate = true> <Delay = 3.25> <CoreInst = "ROM">   --->   Core 94 'ROM' <Latency = 1> <II = 1> <Delay = 3.25> <Storage> <Opcode : 'load'> <Ports = 0> <Width = 32> <Depth = 32> <ROM>
ST_3 : Operation 501 [1/2] ( I:3.25ns O:3.25ns )   --->   "%p_ZL15sin_coeff_table_8_load = load i5 %p_ZL15sin_coeff_table_8_addr" [dft.cpp:16]   --->   Operation 501 'load' 'p_ZL15sin_coeff_table_8_load' <Predicate = true> <Delay = 3.25> <CoreInst = "ROM">   --->   Core 94 'ROM' <Latency = 1> <II = 1> <Delay = 3.25> <Storage> <Opcode : 'load'> <Ports = 0> <Width = 32> <Depth = 32> <ROM>
ST_3 : Operation 502 [1/2] ( I:3.25ns O:3.25ns )   --->   "%p_ZL15sin_coeff_table_24_load = load i5 %p_ZL15sin_coeff_table_24_addr" [dft.cpp:16]   --->   Operation 502 'load' 'p_ZL15sin_coeff_table_24_load' <Predicate = true> <Delay = 3.25> <CoreInst = "ROM">   --->   Core 94 'ROM' <Latency = 1> <II = 1> <Delay = 3.25> <Storage> <Opcode : 'load'> <Ports = 0> <Width = 32> <Depth = 32> <ROM>
ST_3 : Operation 503 [1/2] ( I:3.25ns O:3.25ns )   --->   "%p_ZL15cos_coeff_table_9_load = load i5 %p_ZL15cos_coeff_table_9_addr" [dft.cpp:16]   --->   Operation 503 'load' 'p_ZL15cos_coeff_table_9_load' <Predicate = true> <Delay = 3.25> <CoreInst = "ROM">   --->   Core 94 'ROM' <Latency = 1> <II = 1> <Delay = 3.25> <Storage> <Opcode : 'load'> <Ports = 0> <Width = 32> <Depth = 32> <ROM>
ST_3 : Operation 504 [1/2] ( I:3.25ns O:3.25ns )   --->   "%p_ZL15cos_coeff_table_25_load = load i5 %p_ZL15cos_coeff_table_25_addr" [dft.cpp:16]   --->   Operation 504 'load' 'p_ZL15cos_coeff_table_25_load' <Predicate = true> <Delay = 3.25> <CoreInst = "ROM">   --->   Core 94 'ROM' <Latency = 1> <II = 1> <Delay = 3.25> <Storage> <Opcode : 'load'> <Ports = 0> <Width = 32> <Depth = 32> <ROM>
ST_3 : Operation 505 [1/2] ( I:3.25ns O:3.25ns )   --->   "%p_ZL15sin_coeff_table_9_load = load i5 %p_ZL15sin_coeff_table_9_addr" [dft.cpp:16]   --->   Operation 505 'load' 'p_ZL15sin_coeff_table_9_load' <Predicate = true> <Delay = 3.25> <CoreInst = "ROM">   --->   Core 94 'ROM' <Latency = 1> <II = 1> <Delay = 3.25> <Storage> <Opcode : 'load'> <Ports = 0> <Width = 32> <Depth = 32> <ROM>
ST_3 : Operation 506 [1/2] ( I:3.25ns O:3.25ns )   --->   "%p_ZL15sin_coeff_table_25_load = load i5 %p_ZL15sin_coeff_table_25_addr" [dft.cpp:16]   --->   Operation 506 'load' 'p_ZL15sin_coeff_table_25_load' <Predicate = true> <Delay = 3.25> <CoreInst = "ROM">   --->   Core 94 'ROM' <Latency = 1> <II = 1> <Delay = 3.25> <Storage> <Opcode : 'load'> <Ports = 0> <Width = 32> <Depth = 32> <ROM>
ST_3 : Operation 507 [1/2] ( I:3.25ns O:3.25ns )   --->   "%p_ZL15cos_coeff_table_10_load = load i5 %p_ZL15cos_coeff_table_10_addr" [dft.cpp:16]   --->   Operation 507 'load' 'p_ZL15cos_coeff_table_10_load' <Predicate = true> <Delay = 3.25> <CoreInst = "ROM">   --->   Core 94 'ROM' <Latency = 1> <II = 1> <Delay = 3.25> <Storage> <Opcode : 'load'> <Ports = 0> <Width = 32> <Depth = 32> <ROM>
ST_3 : Operation 508 [1/2] ( I:3.25ns O:3.25ns )   --->   "%p_ZL15cos_coeff_table_26_load = load i5 %p_ZL15cos_coeff_table_26_addr" [dft.cpp:16]   --->   Operation 508 'load' 'p_ZL15cos_coeff_table_26_load' <Predicate = true> <Delay = 3.25> <CoreInst = "ROM">   --->   Core 94 'ROM' <Latency = 1> <II = 1> <Delay = 3.25> <Storage> <Opcode : 'load'> <Ports = 0> <Width = 32> <Depth = 32> <ROM>
ST_3 : Operation 509 [1/2] ( I:3.25ns O:3.25ns )   --->   "%p_ZL15sin_coeff_table_10_load = load i5 %p_ZL15sin_coeff_table_10_addr" [dft.cpp:16]   --->   Operation 509 'load' 'p_ZL15sin_coeff_table_10_load' <Predicate = true> <Delay = 3.25> <CoreInst = "ROM">   --->   Core 94 'ROM' <Latency = 1> <II = 1> <Delay = 3.25> <Storage> <Opcode : 'load'> <Ports = 0> <Width = 32> <Depth = 32> <ROM>
ST_3 : Operation 510 [1/2] ( I:3.25ns O:3.25ns )   --->   "%p_ZL15sin_coeff_table_26_load = load i5 %p_ZL15sin_coeff_table_26_addr" [dft.cpp:16]   --->   Operation 510 'load' 'p_ZL15sin_coeff_table_26_load' <Predicate = true> <Delay = 3.25> <CoreInst = "ROM">   --->   Core 94 'ROM' <Latency = 1> <II = 1> <Delay = 3.25> <Storage> <Opcode : 'load'> <Ports = 0> <Width = 32> <Depth = 32> <ROM>
ST_3 : Operation 511 [1/2] ( I:3.25ns O:3.25ns )   --->   "%p_ZL15cos_coeff_table_11_load = load i5 %p_ZL15cos_coeff_table_11_addr" [dft.cpp:16]   --->   Operation 511 'load' 'p_ZL15cos_coeff_table_11_load' <Predicate = true> <Delay = 3.25> <CoreInst = "ROM">   --->   Core 94 'ROM' <Latency = 1> <II = 1> <Delay = 3.25> <Storage> <Opcode : 'load'> <Ports = 0> <Width = 32> <Depth = 32> <ROM>
ST_3 : Operation 512 [1/2] ( I:3.25ns O:3.25ns )   --->   "%p_ZL15cos_coeff_table_27_load = load i5 %p_ZL15cos_coeff_table_27_addr" [dft.cpp:16]   --->   Operation 512 'load' 'p_ZL15cos_coeff_table_27_load' <Predicate = true> <Delay = 3.25> <CoreInst = "ROM">   --->   Core 94 'ROM' <Latency = 1> <II = 1> <Delay = 3.25> <Storage> <Opcode : 'load'> <Ports = 0> <Width = 32> <Depth = 32> <ROM>
ST_3 : Operation 513 [1/2] ( I:3.25ns O:3.25ns )   --->   "%p_ZL15sin_coeff_table_11_load = load i5 %p_ZL15sin_coeff_table_11_addr" [dft.cpp:16]   --->   Operation 513 'load' 'p_ZL15sin_coeff_table_11_load' <Predicate = true> <Delay = 3.25> <CoreInst = "ROM">   --->   Core 94 'ROM' <Latency = 1> <II = 1> <Delay = 3.25> <Storage> <Opcode : 'load'> <Ports = 0> <Width = 32> <Depth = 32> <ROM>
ST_3 : Operation 514 [1/2] ( I:3.25ns O:3.25ns )   --->   "%p_ZL15sin_coeff_table_27_load = load i5 %p_ZL15sin_coeff_table_27_addr" [dft.cpp:16]   --->   Operation 514 'load' 'p_ZL15sin_coeff_table_27_load' <Predicate = true> <Delay = 3.25> <CoreInst = "ROM">   --->   Core 94 'ROM' <Latency = 1> <II = 1> <Delay = 3.25> <Storage> <Opcode : 'load'> <Ports = 0> <Width = 32> <Depth = 32> <ROM>
ST_3 : Operation 515 [1/2] ( I:3.25ns O:3.25ns )   --->   "%p_ZL15cos_coeff_table_12_load = load i5 %p_ZL15cos_coeff_table_12_addr" [dft.cpp:16]   --->   Operation 515 'load' 'p_ZL15cos_coeff_table_12_load' <Predicate = true> <Delay = 3.25> <CoreInst = "ROM">   --->   Core 94 'ROM' <Latency = 1> <II = 1> <Delay = 3.25> <Storage> <Opcode : 'load'> <Ports = 0> <Width = 32> <Depth = 32> <ROM>
ST_3 : Operation 516 [1/2] ( I:3.25ns O:3.25ns )   --->   "%p_ZL15cos_coeff_table_28_load = load i5 %p_ZL15cos_coeff_table_28_addr" [dft.cpp:16]   --->   Operation 516 'load' 'p_ZL15cos_coeff_table_28_load' <Predicate = true> <Delay = 3.25> <CoreInst = "ROM">   --->   Core 94 'ROM' <Latency = 1> <II = 1> <Delay = 3.25> <Storage> <Opcode : 'load'> <Ports = 0> <Width = 32> <Depth = 32> <ROM>
ST_3 : Operation 517 [1/2] ( I:3.25ns O:3.25ns )   --->   "%p_ZL15sin_coeff_table_12_load = load i5 %p_ZL15sin_coeff_table_12_addr" [dft.cpp:16]   --->   Operation 517 'load' 'p_ZL15sin_coeff_table_12_load' <Predicate = true> <Delay = 3.25> <CoreInst = "ROM">   --->   Core 94 'ROM' <Latency = 1> <II = 1> <Delay = 3.25> <Storage> <Opcode : 'load'> <Ports = 0> <Width = 32> <Depth = 32> <ROM>
ST_3 : Operation 518 [1/2] ( I:3.25ns O:3.25ns )   --->   "%p_ZL15sin_coeff_table_28_load = load i5 %p_ZL15sin_coeff_table_28_addr" [dft.cpp:16]   --->   Operation 518 'load' 'p_ZL15sin_coeff_table_28_load' <Predicate = true> <Delay = 3.25> <CoreInst = "ROM">   --->   Core 94 'ROM' <Latency = 1> <II = 1> <Delay = 3.25> <Storage> <Opcode : 'load'> <Ports = 0> <Width = 32> <Depth = 32> <ROM>
ST_3 : Operation 519 [1/2] ( I:3.25ns O:3.25ns )   --->   "%p_ZL15cos_coeff_table_13_load = load i5 %p_ZL15cos_coeff_table_13_addr" [dft.cpp:16]   --->   Operation 519 'load' 'p_ZL15cos_coeff_table_13_load' <Predicate = true> <Delay = 3.25> <CoreInst = "ROM">   --->   Core 94 'ROM' <Latency = 1> <II = 1> <Delay = 3.25> <Storage> <Opcode : 'load'> <Ports = 0> <Width = 32> <Depth = 32> <ROM>
ST_3 : Operation 520 [1/2] ( I:3.25ns O:3.25ns )   --->   "%p_ZL15cos_coeff_table_29_load = load i5 %p_ZL15cos_coeff_table_29_addr" [dft.cpp:16]   --->   Operation 520 'load' 'p_ZL15cos_coeff_table_29_load' <Predicate = true> <Delay = 3.25> <CoreInst = "ROM">   --->   Core 94 'ROM' <Latency = 1> <II = 1> <Delay = 3.25> <Storage> <Opcode : 'load'> <Ports = 0> <Width = 32> <Depth = 32> <ROM>
ST_3 : Operation 521 [1/2] ( I:3.25ns O:3.25ns )   --->   "%p_ZL15sin_coeff_table_13_load = load i5 %p_ZL15sin_coeff_table_13_addr" [dft.cpp:16]   --->   Operation 521 'load' 'p_ZL15sin_coeff_table_13_load' <Predicate = true> <Delay = 3.25> <CoreInst = "ROM">   --->   Core 94 'ROM' <Latency = 1> <II = 1> <Delay = 3.25> <Storage> <Opcode : 'load'> <Ports = 0> <Width = 32> <Depth = 32> <ROM>
ST_3 : Operation 522 [1/2] ( I:3.25ns O:3.25ns )   --->   "%p_ZL15sin_coeff_table_29_load = load i5 %p_ZL15sin_coeff_table_29_addr" [dft.cpp:16]   --->   Operation 522 'load' 'p_ZL15sin_coeff_table_29_load' <Predicate = true> <Delay = 3.25> <CoreInst = "ROM">   --->   Core 94 'ROM' <Latency = 1> <II = 1> <Delay = 3.25> <Storage> <Opcode : 'load'> <Ports = 0> <Width = 32> <Depth = 32> <ROM>
ST_3 : Operation 523 [1/2] ( I:3.25ns O:3.25ns )   --->   "%p_ZL15cos_coeff_table_14_load = load i5 %p_ZL15cos_coeff_table_14_addr" [dft.cpp:16]   --->   Operation 523 'load' 'p_ZL15cos_coeff_table_14_load' <Predicate = true> <Delay = 3.25> <CoreInst = "ROM">   --->   Core 94 'ROM' <Latency = 1> <II = 1> <Delay = 3.25> <Storage> <Opcode : 'load'> <Ports = 0> <Width = 32> <Depth = 32> <ROM>
ST_3 : Operation 524 [1/2] ( I:3.25ns O:3.25ns )   --->   "%p_ZL15cos_coeff_table_30_load = load i5 %p_ZL15cos_coeff_table_30_addr" [dft.cpp:16]   --->   Operation 524 'load' 'p_ZL15cos_coeff_table_30_load' <Predicate = true> <Delay = 3.25> <CoreInst = "ROM">   --->   Core 94 'ROM' <Latency = 1> <II = 1> <Delay = 3.25> <Storage> <Opcode : 'load'> <Ports = 0> <Width = 32> <Depth = 32> <ROM>
ST_3 : Operation 525 [1/2] ( I:3.25ns O:3.25ns )   --->   "%p_ZL15sin_coeff_table_14_load = load i5 %p_ZL15sin_coeff_table_14_addr" [dft.cpp:16]   --->   Operation 525 'load' 'p_ZL15sin_coeff_table_14_load' <Predicate = true> <Delay = 3.25> <CoreInst = "ROM">   --->   Core 94 'ROM' <Latency = 1> <II = 1> <Delay = 3.25> <Storage> <Opcode : 'load'> <Ports = 0> <Width = 32> <Depth = 32> <ROM>
ST_3 : Operation 526 [1/2] ( I:3.25ns O:3.25ns )   --->   "%p_ZL15sin_coeff_table_30_load = load i5 %p_ZL15sin_coeff_table_30_addr" [dft.cpp:16]   --->   Operation 526 'load' 'p_ZL15sin_coeff_table_30_load' <Predicate = true> <Delay = 3.25> <CoreInst = "ROM">   --->   Core 94 'ROM' <Latency = 1> <II = 1> <Delay = 3.25> <Storage> <Opcode : 'load'> <Ports = 0> <Width = 32> <Depth = 32> <ROM>
ST_3 : Operation 527 [1/2] ( I:3.25ns O:3.25ns )   --->   "%p_ZL15cos_coeff_table_15_load = load i5 %p_ZL15cos_coeff_table_15_addr" [dft.cpp:16]   --->   Operation 527 'load' 'p_ZL15cos_coeff_table_15_load' <Predicate = true> <Delay = 3.25> <CoreInst = "ROM">   --->   Core 94 'ROM' <Latency = 1> <II = 1> <Delay = 3.25> <Storage> <Opcode : 'load'> <Ports = 0> <Width = 32> <Depth = 32> <ROM>
ST_3 : Operation 528 [1/2] ( I:3.25ns O:3.25ns )   --->   "%p_ZL15cos_coeff_table_31_load = load i5 %p_ZL15cos_coeff_table_31_addr" [dft.cpp:16]   --->   Operation 528 'load' 'p_ZL15cos_coeff_table_31_load' <Predicate = true> <Delay = 3.25> <CoreInst = "ROM">   --->   Core 94 'ROM' <Latency = 1> <II = 1> <Delay = 3.25> <Storage> <Opcode : 'load'> <Ports = 0> <Width = 32> <Depth = 32> <ROM>
ST_3 : Operation 529 [1/2] ( I:3.25ns O:3.25ns )   --->   "%p_ZL15sin_coeff_table_15_load = load i5 %p_ZL15sin_coeff_table_15_addr" [dft.cpp:16]   --->   Operation 529 'load' 'p_ZL15sin_coeff_table_15_load' <Predicate = true> <Delay = 3.25> <CoreInst = "ROM">   --->   Core 94 'ROM' <Latency = 1> <II = 1> <Delay = 3.25> <Storage> <Opcode : 'load'> <Ports = 0> <Width = 32> <Depth = 32> <ROM>
ST_3 : Operation 530 [1/2] ( I:3.25ns O:3.25ns )   --->   "%p_ZL15sin_coeff_table_31_load = load i5 %p_ZL15sin_coeff_table_31_addr" [dft.cpp:16]   --->   Operation 530 'load' 'p_ZL15sin_coeff_table_31_load' <Predicate = true> <Delay = 3.25> <CoreInst = "ROM">   --->   Core 94 'ROM' <Latency = 1> <II = 1> <Delay = 3.25> <Storage> <Opcode : 'load'> <Ports = 0> <Width = 32> <Depth = 32> <ROM>
ST_3 : Operation 531 [2/2] (0.69ns)   --->   "%call_ln16 = call void @dft_Pipeline_VITIS_LOOP_20_2, i32 %p_ZL15cos_coeff_table_16_load, i32 %p_ZL15cos_coeff_table_0_load, i32 %p_ZL15sin_coeff_table_16_load, i32 %p_ZL15sin_coeff_table_0_load, i32 %input_R_16_read, i32 %input_R_0_read, i32 %input_I_16_read, i32 %input_I_0_read, i32 %p_ZL15cos_coeff_table_17_load, i32 %p_ZL15cos_coeff_table_1_load, i32 %p_ZL15sin_coeff_table_17_load, i32 %p_ZL15sin_coeff_table_1_load, i32 %input_R_17_read, i32 %input_R_1_read, i32 %input_I_17_read, i32 %input_I_1_read, i32 %p_ZL15cos_coeff_table_18_load, i32 %p_ZL15cos_coeff_table_2_load, i32 %p_ZL15sin_coeff_table_18_load, i32 %p_ZL15sin_coeff_table_2_load, i32 %input_R_18_read, i32 %input_R_2_read, i32 %input_I_18_read, i32 %input_I_2_read, i32 %p_ZL15cos_coeff_table_19_load, i32 %p_ZL15cos_coeff_table_3_load, i32 %p_ZL15sin_coeff_table_19_load, i32 %p_ZL15sin_coeff_table_3_load, i32 %input_R_19_read, i32 %input_R_3_read, i32 %input_I_19_read, i32 %input_I_3_read, i32 %p_ZL15cos_coeff_table_20_load, i32 %p_ZL15cos_coeff_table_4_load, i32 %p_ZL15sin_coeff_table_20_load, i32 %p_ZL15sin_coeff_table_4_load, i32 %input_R_20_read, i32 %input_R_4_read, i32 %input_I_20_read, i32 %input_I_4_read, i32 %p_ZL15cos_coeff_table_21_load, i32 %p_ZL15cos_coeff_table_5_load, i32 %p_ZL15sin_coeff_table_21_load, i32 %p_ZL15sin_coeff_table_5_load, i32 %input_R_21_read, i32 %input_R_5_read, i32 %input_I_21_read, i32 %input_I_5_read, i32 %p_ZL15cos_coeff_table_22_load, i32 %p_ZL15cos_coeff_table_6_load, i32 %p_ZL15sin_coeff_table_22_load, i32 %p_ZL15sin_coeff_table_6_load, i32 %input_R_22_read, i32 %input_R_6_read, i32 %input_I_22_read, i32 %input_I_6_read, i32 %p_ZL15cos_coeff_table_23_load, i32 %p_ZL15cos_coeff_table_7_load, i32 %p_ZL15sin_coeff_table_23_load, i32 %p_ZL15sin_coeff_table_7_load, i32 %input_R_23_read, i32 %input_R_7_read, i32 %input_I_23_read, i32 %input_I_7_read, i32 %p_ZL15cos_coeff_table_24_load, i32 %p_ZL15cos_coeff_table_8_load, i32 %p_ZL15sin_coeff_table_24_load, i32 %p_ZL15sin_coeff_table_8_load, i32 %input_R_24_read, i32 %input_R_8_read, i32 %input_I_24_read, i32 %input_I_8_read, i32 %p_ZL15cos_coeff_table_25_load, i32 %p_ZL15cos_coeff_table_9_load, i32 %p_ZL15sin_coeff_table_25_load, i32 %p_ZL15sin_coeff_table_9_load, i32 %input_R_25_read, i32 %input_R_9_read, i32 %input_I_25_read, i32 %input_I_9_read, i32 %p_ZL15cos_coeff_table_26_load, i32 %p_ZL15cos_coeff_table_10_load, i32 %p_ZL15sin_coeff_table_26_load, i32 %p_ZL15sin_coeff_table_10_load, i32 %input_R_26_read, i32 %input_R_10_read, i32 %input_I_26_read, i32 %input_I_10_read, i32 %p_ZL15cos_coeff_table_27_load, i32 %p_ZL15cos_coeff_table_11_load, i32 %p_ZL15sin_coeff_table_27_load, i32 %p_ZL15sin_coeff_table_11_load, i32 %input_R_27_read, i32 %input_R_11_read, i32 %input_I_27_read, i32 %input_I_11_read, i32 %p_ZL15cos_coeff_table_28_load, i32 %p_ZL15cos_coeff_table_12_load, i32 %p_ZL15sin_coeff_table_28_load, i32 %p_ZL15sin_coeff_table_12_load, i32 %input_R_28_read, i32 %input_R_12_read, i32 %input_I_28_read, i32 %input_I_12_read, i32 %p_ZL15cos_coeff_table_29_load, i32 %p_ZL15cos_coeff_table_13_load, i32 %p_ZL15sin_coeff_table_29_load, i32 %p_ZL15sin_coeff_table_13_load, i32 %input_R_29_read, i32 %input_R_13_read, i32 %input_I_29_read, i32 %input_I_13_read, i32 %p_ZL15cos_coeff_table_30_load, i32 %p_ZL15cos_coeff_table_14_load, i32 %p_ZL15sin_coeff_table_30_load, i32 %p_ZL15sin_coeff_table_14_load, i32 %input_R_30_read, i32 %input_R_14_read, i32 %input_I_30_read, i32 %input_I_14_read, i32 %p_ZL15cos_coeff_table_31_load, i32 %p_ZL15cos_coeff_table_15_load, i32 %p_ZL15sin_coeff_table_31_load, i32 %p_ZL15sin_coeff_table_15_load, i32 %input_R_31_read, i32 %input_R_15_read, i32 %input_I_31_read, i32 %input_I_15_read, i32 %add306_loc, i32 %add5_loc" [dft.cpp:16]   --->   Operation 531 'call' 'call_ln16' <Predicate = true> <Delay = 0.69> <CoreType = "Generic">   --->   Generic Core

State 4 <SV = 3> <Delay = 0.00>
ST_4 : Operation 532 [1/2] (0.00ns)   --->   "%call_ln16 = call void @dft_Pipeline_VITIS_LOOP_20_2, i32 %p_ZL15cos_coeff_table_16_load, i32 %p_ZL15cos_coeff_table_0_load, i32 %p_ZL15sin_coeff_table_16_load, i32 %p_ZL15sin_coeff_table_0_load, i32 %input_R_16_read, i32 %input_R_0_read, i32 %input_I_16_read, i32 %input_I_0_read, i32 %p_ZL15cos_coeff_table_17_load, i32 %p_ZL15cos_coeff_table_1_load, i32 %p_ZL15sin_coeff_table_17_load, i32 %p_ZL15sin_coeff_table_1_load, i32 %input_R_17_read, i32 %input_R_1_read, i32 %input_I_17_read, i32 %input_I_1_read, i32 %p_ZL15cos_coeff_table_18_load, i32 %p_ZL15cos_coeff_table_2_load, i32 %p_ZL15sin_coeff_table_18_load, i32 %p_ZL15sin_coeff_table_2_load, i32 %input_R_18_read, i32 %input_R_2_read, i32 %input_I_18_read, i32 %input_I_2_read, i32 %p_ZL15cos_coeff_table_19_load, i32 %p_ZL15cos_coeff_table_3_load, i32 %p_ZL15sin_coeff_table_19_load, i32 %p_ZL15sin_coeff_table_3_load, i32 %input_R_19_read, i32 %input_R_3_read, i32 %input_I_19_read, i32 %input_I_3_read, i32 %p_ZL15cos_coeff_table_20_load, i32 %p_ZL15cos_coeff_table_4_load, i32 %p_ZL15sin_coeff_table_20_load, i32 %p_ZL15sin_coeff_table_4_load, i32 %input_R_20_read, i32 %input_R_4_read, i32 %input_I_20_read, i32 %input_I_4_read, i32 %p_ZL15cos_coeff_table_21_load, i32 %p_ZL15cos_coeff_table_5_load, i32 %p_ZL15sin_coeff_table_21_load, i32 %p_ZL15sin_coeff_table_5_load, i32 %input_R_21_read, i32 %input_R_5_read, i32 %input_I_21_read, i32 %input_I_5_read, i32 %p_ZL15cos_coeff_table_22_load, i32 %p_ZL15cos_coeff_table_6_load, i32 %p_ZL15sin_coeff_table_22_load, i32 %p_ZL15sin_coeff_table_6_load, i32 %input_R_22_read, i32 %input_R_6_read, i32 %input_I_22_read, i32 %input_I_6_read, i32 %p_ZL15cos_coeff_table_23_load, i32 %p_ZL15cos_coeff_table_7_load, i32 %p_ZL15sin_coeff_table_23_load, i32 %p_ZL15sin_coeff_table_7_load, i32 %input_R_23_read, i32 %input_R_7_read, i32 %input_I_23_read, i32 %input_I_7_read, i32 %p_ZL15cos_coeff_table_24_load, i32 %p_ZL15cos_coeff_table_8_load, i32 %p_ZL15sin_coeff_table_24_load, i32 %p_ZL15sin_coeff_table_8_load, i32 %input_R_24_read, i32 %input_R_8_read, i32 %input_I_24_read, i32 %input_I_8_read, i32 %p_ZL15cos_coeff_table_25_load, i32 %p_ZL15cos_coeff_table_9_load, i32 %p_ZL15sin_coeff_table_25_load, i32 %p_ZL15sin_coeff_table_9_load, i32 %input_R_25_read, i32 %input_R_9_read, i32 %input_I_25_read, i32 %input_I_9_read, i32 %p_ZL15cos_coeff_table_26_load, i32 %p_ZL15cos_coeff_table_10_load, i32 %p_ZL15sin_coeff_table_26_load, i32 %p_ZL15sin_coeff_table_10_load, i32 %input_R_26_read, i32 %input_R_10_read, i32 %input_I_26_read, i32 %input_I_10_read, i32 %p_ZL15cos_coeff_table_27_load, i32 %p_ZL15cos_coeff_table_11_load, i32 %p_ZL15sin_coeff_table_27_load, i32 %p_ZL15sin_coeff_table_11_load, i32 %input_R_27_read, i32 %input_R_11_read, i32 %input_I_27_read, i32 %input_I_11_read, i32 %p_ZL15cos_coeff_table_28_load, i32 %p_ZL15cos_coeff_table_12_load, i32 %p_ZL15sin_coeff_table_28_load, i32 %p_ZL15sin_coeff_table_12_load, i32 %input_R_28_read, i32 %input_R_12_read, i32 %input_I_28_read, i32 %input_I_12_read, i32 %p_ZL15cos_coeff_table_29_load, i32 %p_ZL15cos_coeff_table_13_load, i32 %p_ZL15sin_coeff_table_29_load, i32 %p_ZL15sin_coeff_table_13_load, i32 %input_R_29_read, i32 %input_R_13_read, i32 %input_I_29_read, i32 %input_I_13_read, i32 %p_ZL15cos_coeff_table_30_load, i32 %p_ZL15cos_coeff_table_14_load, i32 %p_ZL15sin_coeff_table_30_load, i32 %p_ZL15sin_coeff_table_14_load, i32 %input_R_30_read, i32 %input_R_14_read, i32 %input_I_30_read, i32 %input_I_14_read, i32 %p_ZL15cos_coeff_table_31_load, i32 %p_ZL15cos_coeff_table_15_load, i32 %p_ZL15sin_coeff_table_31_load, i32 %p_ZL15sin_coeff_table_15_load, i32 %input_R_31_read, i32 %input_R_15_read, i32 %input_I_31_read, i32 %input_I_15_read, i32 %add306_loc, i32 %add5_loc" [dft.cpp:16]   --->   Operation 532 'call' 'call_ln16' <Predicate = true> <Delay = 0.00> <CoreType = "Generic">   --->   Generic Core

State 5 <SV = 4> <Delay = 1.78>
ST_5 : Operation 533 [1/1] (0.00ns)   --->   "%speclooptripcount_ln13 = speclooptripcount void @_ssdm_op_SpecLoopTripCount, i64 32, i64 32, i64 32" [dft.cpp:13]   --->   Operation 533 'speclooptripcount' 'speclooptripcount_ln13' <Predicate = true> <Delay = 0.00>
ST_5 : Operation 534 [1/1] (0.00ns)   --->   "%specloopname_ln16 = specloopname void @_ssdm_op_SpecLoopName, void @empty_3" [dft.cpp:16]   --->   Operation 534 'specloopname' 'specloopname_ln16' <Predicate = true> <Delay = 0.00>
ST_5 : Operation 535 [1/1] (0.00ns)   --->   "%add306_loc_load = load i32 %add306_loc"   --->   Operation 535 'load' 'add306_loc_load' <Predicate = true> <Delay = 0.00>
ST_5 : Operation 536 [1/1] (0.00ns)   --->   "%add5_loc_load = load i32 %add5_loc"   --->   Operation 536 'load' 'add5_loc_load' <Predicate = true> <Delay = 0.00>
ST_5 : Operation 537 [1/1] (0.00ns)   --->   "%bitcast_ln26 = bitcast i32 %add5_loc_load" [dft.cpp:26]   --->   Operation 537 'bitcast' 'bitcast_ln26' <Predicate = true> <Delay = 0.00>
ST_5 : Operation 538 [1/1] (0.00ns)   --->   "%bitcast_ln27 = bitcast i32 %add306_loc_load" [dft.cpp:27]   --->   Operation 538 'bitcast' 'bitcast_ln27' <Predicate = true> <Delay = 0.00>
ST_5 : Operation 539 [1/1] (1.78ns)   --->   "%switch_ln26 = switch i5 %trunc_ln16, void %arrayidx22.case.31, i5 0, void %arrayidx22.case.0, i5 1, void %arrayidx22.case.1, i5 2, void %arrayidx22.case.2, i5 3, void %arrayidx22.case.3, i5 4, void %arrayidx22.case.4, i5 5, void %arrayidx22.case.5, i5 6, void %arrayidx22.case.6, i5 7, void %arrayidx22.case.7, i5 8, void %arrayidx22.case.8, i5 9, void %arrayidx22.case.9, i5 10, void %arrayidx22.case.10, i5 11, void %arrayidx22.case.11, i5 12, void %arrayidx22.case.12, i5 13, void %arrayidx22.case.13, i5 14, void %arrayidx22.case.14, i5 15, void %arrayidx22.case.15, i5 16, void %arrayidx22.case.16, i5 17, void %arrayidx22.case.17, i5 18, void %arrayidx22.case.18, i5 19, void %arrayidx22.case.19, i5 20, void %arrayidx22.case.20, i5 21, void %arrayidx22.case.21, i5 22, void %arrayidx22.case.22, i5 23, void %arrayidx22.case.23, i5 24, void %arrayidx22.case.24, i5 25, void %arrayidx22.case.25, i5 26, void %arrayidx22.case.26, i5 27, void %arrayidx22.case.27, i5 28, void %arrayidx22.case.28, i5 29, void %arrayidx22.case.29, i5 30, void %arrayidx22.case.30" [dft.cpp:26]   --->   Operation 539 'switch' 'switch_ln26' <Predicate = true> <Delay = 1.78>
ST_5 : Operation 540 [1/1] (0.00ns)   --->   "%write_ln26 = write void @_ssdm_op_Write.ap_auto.i32P0A, i32 %output_R_30, i32 %bitcast_ln26" [dft.cpp:26]   --->   Operation 540 'write' 'write_ln26' <Predicate = (trunc_ln16 == 30)> <Delay = 0.00>
ST_5 : Operation 541 [1/1] (0.00ns)   --->   "%write_ln27 = write void @_ssdm_op_Write.ap_auto.i32P0A, i32 %output_I_30, i32 %bitcast_ln27" [dft.cpp:27]   --->   Operation 541 'write' 'write_ln27' <Predicate = (trunc_ln16 == 30)> <Delay = 0.00>
ST_5 : Operation 542 [1/1] (0.00ns)   --->   "%br_ln27 = br void %arrayidx22.exit" [dft.cpp:27]   --->   Operation 542 'br' 'br_ln27' <Predicate = (trunc_ln16 == 30)> <Delay = 0.00>
ST_5 : Operation 543 [1/1] (0.00ns)   --->   "%write_ln26 = write void @_ssdm_op_Write.ap_auto.i32P0A, i32 %output_R_29, i32 %bitcast_ln26" [dft.cpp:26]   --->   Operation 543 'write' 'write_ln26' <Predicate = (trunc_ln16 == 29)> <Delay = 0.00>
ST_5 : Operation 544 [1/1] (0.00ns)   --->   "%write_ln27 = write void @_ssdm_op_Write.ap_auto.i32P0A, i32 %output_I_29, i32 %bitcast_ln27" [dft.cpp:27]   --->   Operation 544 'write' 'write_ln27' <Predicate = (trunc_ln16 == 29)> <Delay = 0.00>
ST_5 : Operation 545 [1/1] (0.00ns)   --->   "%br_ln27 = br void %arrayidx22.exit" [dft.cpp:27]   --->   Operation 545 'br' 'br_ln27' <Predicate = (trunc_ln16 == 29)> <Delay = 0.00>
ST_5 : Operation 546 [1/1] (0.00ns)   --->   "%write_ln26 = write void @_ssdm_op_Write.ap_auto.i32P0A, i32 %output_R_28, i32 %bitcast_ln26" [dft.cpp:26]   --->   Operation 546 'write' 'write_ln26' <Predicate = (trunc_ln16 == 28)> <Delay = 0.00>
ST_5 : Operation 547 [1/1] (0.00ns)   --->   "%write_ln27 = write void @_ssdm_op_Write.ap_auto.i32P0A, i32 %output_I_28, i32 %bitcast_ln27" [dft.cpp:27]   --->   Operation 547 'write' 'write_ln27' <Predicate = (trunc_ln16 == 28)> <Delay = 0.00>
ST_5 : Operation 548 [1/1] (0.00ns)   --->   "%br_ln27 = br void %arrayidx22.exit" [dft.cpp:27]   --->   Operation 548 'br' 'br_ln27' <Predicate = (trunc_ln16 == 28)> <Delay = 0.00>
ST_5 : Operation 549 [1/1] (0.00ns)   --->   "%write_ln26 = write void @_ssdm_op_Write.ap_auto.i32P0A, i32 %output_R_27, i32 %bitcast_ln26" [dft.cpp:26]   --->   Operation 549 'write' 'write_ln26' <Predicate = (trunc_ln16 == 27)> <Delay = 0.00>
ST_5 : Operation 550 [1/1] (0.00ns)   --->   "%write_ln27 = write void @_ssdm_op_Write.ap_auto.i32P0A, i32 %output_I_27, i32 %bitcast_ln27" [dft.cpp:27]   --->   Operation 550 'write' 'write_ln27' <Predicate = (trunc_ln16 == 27)> <Delay = 0.00>
ST_5 : Operation 551 [1/1] (0.00ns)   --->   "%br_ln27 = br void %arrayidx22.exit" [dft.cpp:27]   --->   Operation 551 'br' 'br_ln27' <Predicate = (trunc_ln16 == 27)> <Delay = 0.00>
ST_5 : Operation 552 [1/1] (0.00ns)   --->   "%write_ln26 = write void @_ssdm_op_Write.ap_auto.i32P0A, i32 %output_R_26, i32 %bitcast_ln26" [dft.cpp:26]   --->   Operation 552 'write' 'write_ln26' <Predicate = (trunc_ln16 == 26)> <Delay = 0.00>
ST_5 : Operation 553 [1/1] (0.00ns)   --->   "%write_ln27 = write void @_ssdm_op_Write.ap_auto.i32P0A, i32 %output_I_26, i32 %bitcast_ln27" [dft.cpp:27]   --->   Operation 553 'write' 'write_ln27' <Predicate = (trunc_ln16 == 26)> <Delay = 0.00>
ST_5 : Operation 554 [1/1] (0.00ns)   --->   "%br_ln27 = br void %arrayidx22.exit" [dft.cpp:27]   --->   Operation 554 'br' 'br_ln27' <Predicate = (trunc_ln16 == 26)> <Delay = 0.00>
ST_5 : Operation 555 [1/1] (0.00ns)   --->   "%write_ln26 = write void @_ssdm_op_Write.ap_auto.i32P0A, i32 %output_R_25, i32 %bitcast_ln26" [dft.cpp:26]   --->   Operation 555 'write' 'write_ln26' <Predicate = (trunc_ln16 == 25)> <Delay = 0.00>
ST_5 : Operation 556 [1/1] (0.00ns)   --->   "%write_ln27 = write void @_ssdm_op_Write.ap_auto.i32P0A, i32 %output_I_25, i32 %bitcast_ln27" [dft.cpp:27]   --->   Operation 556 'write' 'write_ln27' <Predicate = (trunc_ln16 == 25)> <Delay = 0.00>
ST_5 : Operation 557 [1/1] (0.00ns)   --->   "%br_ln27 = br void %arrayidx22.exit" [dft.cpp:27]   --->   Operation 557 'br' 'br_ln27' <Predicate = (trunc_ln16 == 25)> <Delay = 0.00>
ST_5 : Operation 558 [1/1] (0.00ns)   --->   "%write_ln26 = write void @_ssdm_op_Write.ap_auto.i32P0A, i32 %output_R_24, i32 %bitcast_ln26" [dft.cpp:26]   --->   Operation 558 'write' 'write_ln26' <Predicate = (trunc_ln16 == 24)> <Delay = 0.00>
ST_5 : Operation 559 [1/1] (0.00ns)   --->   "%write_ln27 = write void @_ssdm_op_Write.ap_auto.i32P0A, i32 %output_I_24, i32 %bitcast_ln27" [dft.cpp:27]   --->   Operation 559 'write' 'write_ln27' <Predicate = (trunc_ln16 == 24)> <Delay = 0.00>
ST_5 : Operation 560 [1/1] (0.00ns)   --->   "%br_ln27 = br void %arrayidx22.exit" [dft.cpp:27]   --->   Operation 560 'br' 'br_ln27' <Predicate = (trunc_ln16 == 24)> <Delay = 0.00>
ST_5 : Operation 561 [1/1] (0.00ns)   --->   "%write_ln26 = write void @_ssdm_op_Write.ap_auto.i32P0A, i32 %output_R_23, i32 %bitcast_ln26" [dft.cpp:26]   --->   Operation 561 'write' 'write_ln26' <Predicate = (trunc_ln16 == 23)> <Delay = 0.00>
ST_5 : Operation 562 [1/1] (0.00ns)   --->   "%write_ln27 = write void @_ssdm_op_Write.ap_auto.i32P0A, i32 %output_I_23, i32 %bitcast_ln27" [dft.cpp:27]   --->   Operation 562 'write' 'write_ln27' <Predicate = (trunc_ln16 == 23)> <Delay = 0.00>
ST_5 : Operation 563 [1/1] (0.00ns)   --->   "%br_ln27 = br void %arrayidx22.exit" [dft.cpp:27]   --->   Operation 563 'br' 'br_ln27' <Predicate = (trunc_ln16 == 23)> <Delay = 0.00>
ST_5 : Operation 564 [1/1] (0.00ns)   --->   "%write_ln26 = write void @_ssdm_op_Write.ap_auto.i32P0A, i32 %output_R_22, i32 %bitcast_ln26" [dft.cpp:26]   --->   Operation 564 'write' 'write_ln26' <Predicate = (trunc_ln16 == 22)> <Delay = 0.00>
ST_5 : Operation 565 [1/1] (0.00ns)   --->   "%write_ln27 = write void @_ssdm_op_Write.ap_auto.i32P0A, i32 %output_I_22, i32 %bitcast_ln27" [dft.cpp:27]   --->   Operation 565 'write' 'write_ln27' <Predicate = (trunc_ln16 == 22)> <Delay = 0.00>
ST_5 : Operation 566 [1/1] (0.00ns)   --->   "%br_ln27 = br void %arrayidx22.exit" [dft.cpp:27]   --->   Operation 566 'br' 'br_ln27' <Predicate = (trunc_ln16 == 22)> <Delay = 0.00>
ST_5 : Operation 567 [1/1] (0.00ns)   --->   "%write_ln26 = write void @_ssdm_op_Write.ap_auto.i32P0A, i32 %output_R_21, i32 %bitcast_ln26" [dft.cpp:26]   --->   Operation 567 'write' 'write_ln26' <Predicate = (trunc_ln16 == 21)> <Delay = 0.00>
ST_5 : Operation 568 [1/1] (0.00ns)   --->   "%write_ln27 = write void @_ssdm_op_Write.ap_auto.i32P0A, i32 %output_I_21, i32 %bitcast_ln27" [dft.cpp:27]   --->   Operation 568 'write' 'write_ln27' <Predicate = (trunc_ln16 == 21)> <Delay = 0.00>
ST_5 : Operation 569 [1/1] (0.00ns)   --->   "%br_ln27 = br void %arrayidx22.exit" [dft.cpp:27]   --->   Operation 569 'br' 'br_ln27' <Predicate = (trunc_ln16 == 21)> <Delay = 0.00>
ST_5 : Operation 570 [1/1] (0.00ns)   --->   "%write_ln26 = write void @_ssdm_op_Write.ap_auto.i32P0A, i32 %output_R_20, i32 %bitcast_ln26" [dft.cpp:26]   --->   Operation 570 'write' 'write_ln26' <Predicate = (trunc_ln16 == 20)> <Delay = 0.00>
ST_5 : Operation 571 [1/1] (0.00ns)   --->   "%write_ln27 = write void @_ssdm_op_Write.ap_auto.i32P0A, i32 %output_I_20, i32 %bitcast_ln27" [dft.cpp:27]   --->   Operation 571 'write' 'write_ln27' <Predicate = (trunc_ln16 == 20)> <Delay = 0.00>
ST_5 : Operation 572 [1/1] (0.00ns)   --->   "%br_ln27 = br void %arrayidx22.exit" [dft.cpp:27]   --->   Operation 572 'br' 'br_ln27' <Predicate = (trunc_ln16 == 20)> <Delay = 0.00>
ST_5 : Operation 573 [1/1] (0.00ns)   --->   "%write_ln26 = write void @_ssdm_op_Write.ap_auto.i32P0A, i32 %output_R_19, i32 %bitcast_ln26" [dft.cpp:26]   --->   Operation 573 'write' 'write_ln26' <Predicate = (trunc_ln16 == 19)> <Delay = 0.00>
ST_5 : Operation 574 [1/1] (0.00ns)   --->   "%write_ln27 = write void @_ssdm_op_Write.ap_auto.i32P0A, i32 %output_I_19, i32 %bitcast_ln27" [dft.cpp:27]   --->   Operation 574 'write' 'write_ln27' <Predicate = (trunc_ln16 == 19)> <Delay = 0.00>
ST_5 : Operation 575 [1/1] (0.00ns)   --->   "%br_ln27 = br void %arrayidx22.exit" [dft.cpp:27]   --->   Operation 575 'br' 'br_ln27' <Predicate = (trunc_ln16 == 19)> <Delay = 0.00>
ST_5 : Operation 576 [1/1] (0.00ns)   --->   "%write_ln26 = write void @_ssdm_op_Write.ap_auto.i32P0A, i32 %output_R_18, i32 %bitcast_ln26" [dft.cpp:26]   --->   Operation 576 'write' 'write_ln26' <Predicate = (trunc_ln16 == 18)> <Delay = 0.00>
ST_5 : Operation 577 [1/1] (0.00ns)   --->   "%write_ln27 = write void @_ssdm_op_Write.ap_auto.i32P0A, i32 %output_I_18, i32 %bitcast_ln27" [dft.cpp:27]   --->   Operation 577 'write' 'write_ln27' <Predicate = (trunc_ln16 == 18)> <Delay = 0.00>
ST_5 : Operation 578 [1/1] (0.00ns)   --->   "%br_ln27 = br void %arrayidx22.exit" [dft.cpp:27]   --->   Operation 578 'br' 'br_ln27' <Predicate = (trunc_ln16 == 18)> <Delay = 0.00>
ST_5 : Operation 579 [1/1] (0.00ns)   --->   "%write_ln26 = write void @_ssdm_op_Write.ap_auto.i32P0A, i32 %output_R_17, i32 %bitcast_ln26" [dft.cpp:26]   --->   Operation 579 'write' 'write_ln26' <Predicate = (trunc_ln16 == 17)> <Delay = 0.00>
ST_5 : Operation 580 [1/1] (0.00ns)   --->   "%write_ln27 = write void @_ssdm_op_Write.ap_auto.i32P0A, i32 %output_I_17, i32 %bitcast_ln27" [dft.cpp:27]   --->   Operation 580 'write' 'write_ln27' <Predicate = (trunc_ln16 == 17)> <Delay = 0.00>
ST_5 : Operation 581 [1/1] (0.00ns)   --->   "%br_ln27 = br void %arrayidx22.exit" [dft.cpp:27]   --->   Operation 581 'br' 'br_ln27' <Predicate = (trunc_ln16 == 17)> <Delay = 0.00>
ST_5 : Operation 582 [1/1] (0.00ns)   --->   "%write_ln26 = write void @_ssdm_op_Write.ap_auto.i32P0A, i32 %output_R_16, i32 %bitcast_ln26" [dft.cpp:26]   --->   Operation 582 'write' 'write_ln26' <Predicate = (trunc_ln16 == 16)> <Delay = 0.00>
ST_5 : Operation 583 [1/1] (0.00ns)   --->   "%write_ln27 = write void @_ssdm_op_Write.ap_auto.i32P0A, i32 %output_I_16, i32 %bitcast_ln27" [dft.cpp:27]   --->   Operation 583 'write' 'write_ln27' <Predicate = (trunc_ln16 == 16)> <Delay = 0.00>
ST_5 : Operation 584 [1/1] (0.00ns)   --->   "%br_ln27 = br void %arrayidx22.exit" [dft.cpp:27]   --->   Operation 584 'br' 'br_ln27' <Predicate = (trunc_ln16 == 16)> <Delay = 0.00>
ST_5 : Operation 585 [1/1] (0.00ns)   --->   "%write_ln26 = write void @_ssdm_op_Write.ap_auto.i32P0A, i32 %output_R_15, i32 %bitcast_ln26" [dft.cpp:26]   --->   Operation 585 'write' 'write_ln26' <Predicate = (trunc_ln16 == 15)> <Delay = 0.00>
ST_5 : Operation 586 [1/1] (0.00ns)   --->   "%write_ln27 = write void @_ssdm_op_Write.ap_auto.i32P0A, i32 %output_I_15, i32 %bitcast_ln27" [dft.cpp:27]   --->   Operation 586 'write' 'write_ln27' <Predicate = (trunc_ln16 == 15)> <Delay = 0.00>
ST_5 : Operation 587 [1/1] (0.00ns)   --->   "%br_ln27 = br void %arrayidx22.exit" [dft.cpp:27]   --->   Operation 587 'br' 'br_ln27' <Predicate = (trunc_ln16 == 15)> <Delay = 0.00>
ST_5 : Operation 588 [1/1] (0.00ns)   --->   "%write_ln26 = write void @_ssdm_op_Write.ap_auto.i32P0A, i32 %output_R_14, i32 %bitcast_ln26" [dft.cpp:26]   --->   Operation 588 'write' 'write_ln26' <Predicate = (trunc_ln16 == 14)> <Delay = 0.00>
ST_5 : Operation 589 [1/1] (0.00ns)   --->   "%write_ln27 = write void @_ssdm_op_Write.ap_auto.i32P0A, i32 %output_I_14, i32 %bitcast_ln27" [dft.cpp:27]   --->   Operation 589 'write' 'write_ln27' <Predicate = (trunc_ln16 == 14)> <Delay = 0.00>
ST_5 : Operation 590 [1/1] (0.00ns)   --->   "%br_ln27 = br void %arrayidx22.exit" [dft.cpp:27]   --->   Operation 590 'br' 'br_ln27' <Predicate = (trunc_ln16 == 14)> <Delay = 0.00>
ST_5 : Operation 591 [1/1] (0.00ns)   --->   "%write_ln26 = write void @_ssdm_op_Write.ap_auto.i32P0A, i32 %output_R_13, i32 %bitcast_ln26" [dft.cpp:26]   --->   Operation 591 'write' 'write_ln26' <Predicate = (trunc_ln16 == 13)> <Delay = 0.00>
ST_5 : Operation 592 [1/1] (0.00ns)   --->   "%write_ln27 = write void @_ssdm_op_Write.ap_auto.i32P0A, i32 %output_I_13, i32 %bitcast_ln27" [dft.cpp:27]   --->   Operation 592 'write' 'write_ln27' <Predicate = (trunc_ln16 == 13)> <Delay = 0.00>
ST_5 : Operation 593 [1/1] (0.00ns)   --->   "%br_ln27 = br void %arrayidx22.exit" [dft.cpp:27]   --->   Operation 593 'br' 'br_ln27' <Predicate = (trunc_ln16 == 13)> <Delay = 0.00>
ST_5 : Operation 594 [1/1] (0.00ns)   --->   "%write_ln26 = write void @_ssdm_op_Write.ap_auto.i32P0A, i32 %output_R_12, i32 %bitcast_ln26" [dft.cpp:26]   --->   Operation 594 'write' 'write_ln26' <Predicate = (trunc_ln16 == 12)> <Delay = 0.00>
ST_5 : Operation 595 [1/1] (0.00ns)   --->   "%write_ln27 = write void @_ssdm_op_Write.ap_auto.i32P0A, i32 %output_I_12, i32 %bitcast_ln27" [dft.cpp:27]   --->   Operation 595 'write' 'write_ln27' <Predicate = (trunc_ln16 == 12)> <Delay = 0.00>
ST_5 : Operation 596 [1/1] (0.00ns)   --->   "%br_ln27 = br void %arrayidx22.exit" [dft.cpp:27]   --->   Operation 596 'br' 'br_ln27' <Predicate = (trunc_ln16 == 12)> <Delay = 0.00>
ST_5 : Operation 597 [1/1] (0.00ns)   --->   "%write_ln26 = write void @_ssdm_op_Write.ap_auto.i32P0A, i32 %output_R_11, i32 %bitcast_ln26" [dft.cpp:26]   --->   Operation 597 'write' 'write_ln26' <Predicate = (trunc_ln16 == 11)> <Delay = 0.00>
ST_5 : Operation 598 [1/1] (0.00ns)   --->   "%write_ln27 = write void @_ssdm_op_Write.ap_auto.i32P0A, i32 %output_I_11, i32 %bitcast_ln27" [dft.cpp:27]   --->   Operation 598 'write' 'write_ln27' <Predicate = (trunc_ln16 == 11)> <Delay = 0.00>
ST_5 : Operation 599 [1/1] (0.00ns)   --->   "%br_ln27 = br void %arrayidx22.exit" [dft.cpp:27]   --->   Operation 599 'br' 'br_ln27' <Predicate = (trunc_ln16 == 11)> <Delay = 0.00>
ST_5 : Operation 600 [1/1] (0.00ns)   --->   "%write_ln26 = write void @_ssdm_op_Write.ap_auto.i32P0A, i32 %output_R_10, i32 %bitcast_ln26" [dft.cpp:26]   --->   Operation 600 'write' 'write_ln26' <Predicate = (trunc_ln16 == 10)> <Delay = 0.00>
ST_5 : Operation 601 [1/1] (0.00ns)   --->   "%write_ln27 = write void @_ssdm_op_Write.ap_auto.i32P0A, i32 %output_I_10, i32 %bitcast_ln27" [dft.cpp:27]   --->   Operation 601 'write' 'write_ln27' <Predicate = (trunc_ln16 == 10)> <Delay = 0.00>
ST_5 : Operation 602 [1/1] (0.00ns)   --->   "%br_ln27 = br void %arrayidx22.exit" [dft.cpp:27]   --->   Operation 602 'br' 'br_ln27' <Predicate = (trunc_ln16 == 10)> <Delay = 0.00>
ST_5 : Operation 603 [1/1] (0.00ns)   --->   "%write_ln26 = write void @_ssdm_op_Write.ap_auto.i32P0A, i32 %output_R_9, i32 %bitcast_ln26" [dft.cpp:26]   --->   Operation 603 'write' 'write_ln26' <Predicate = (trunc_ln16 == 9)> <Delay = 0.00>
ST_5 : Operation 604 [1/1] (0.00ns)   --->   "%write_ln27 = write void @_ssdm_op_Write.ap_auto.i32P0A, i32 %output_I_9, i32 %bitcast_ln27" [dft.cpp:27]   --->   Operation 604 'write' 'write_ln27' <Predicate = (trunc_ln16 == 9)> <Delay = 0.00>
ST_5 : Operation 605 [1/1] (0.00ns)   --->   "%br_ln27 = br void %arrayidx22.exit" [dft.cpp:27]   --->   Operation 605 'br' 'br_ln27' <Predicate = (trunc_ln16 == 9)> <Delay = 0.00>
ST_5 : Operation 606 [1/1] (0.00ns)   --->   "%write_ln26 = write void @_ssdm_op_Write.ap_auto.i32P0A, i32 %output_R_8, i32 %bitcast_ln26" [dft.cpp:26]   --->   Operation 606 'write' 'write_ln26' <Predicate = (trunc_ln16 == 8)> <Delay = 0.00>
ST_5 : Operation 607 [1/1] (0.00ns)   --->   "%write_ln27 = write void @_ssdm_op_Write.ap_auto.i32P0A, i32 %output_I_8, i32 %bitcast_ln27" [dft.cpp:27]   --->   Operation 607 'write' 'write_ln27' <Predicate = (trunc_ln16 == 8)> <Delay = 0.00>
ST_5 : Operation 608 [1/1] (0.00ns)   --->   "%br_ln27 = br void %arrayidx22.exit" [dft.cpp:27]   --->   Operation 608 'br' 'br_ln27' <Predicate = (trunc_ln16 == 8)> <Delay = 0.00>
ST_5 : Operation 609 [1/1] (0.00ns)   --->   "%write_ln26 = write void @_ssdm_op_Write.ap_auto.i32P0A, i32 %output_R_7, i32 %bitcast_ln26" [dft.cpp:26]   --->   Operation 609 'write' 'write_ln26' <Predicate = (trunc_ln16 == 7)> <Delay = 0.00>
ST_5 : Operation 610 [1/1] (0.00ns)   --->   "%write_ln27 = write void @_ssdm_op_Write.ap_auto.i32P0A, i32 %output_I_7, i32 %bitcast_ln27" [dft.cpp:27]   --->   Operation 610 'write' 'write_ln27' <Predicate = (trunc_ln16 == 7)> <Delay = 0.00>
ST_5 : Operation 611 [1/1] (0.00ns)   --->   "%br_ln27 = br void %arrayidx22.exit" [dft.cpp:27]   --->   Operation 611 'br' 'br_ln27' <Predicate = (trunc_ln16 == 7)> <Delay = 0.00>
ST_5 : Operation 612 [1/1] (0.00ns)   --->   "%write_ln26 = write void @_ssdm_op_Write.ap_auto.i32P0A, i32 %output_R_6, i32 %bitcast_ln26" [dft.cpp:26]   --->   Operation 612 'write' 'write_ln26' <Predicate = (trunc_ln16 == 6)> <Delay = 0.00>
ST_5 : Operation 613 [1/1] (0.00ns)   --->   "%write_ln27 = write void @_ssdm_op_Write.ap_auto.i32P0A, i32 %output_I_6, i32 %bitcast_ln27" [dft.cpp:27]   --->   Operation 613 'write' 'write_ln27' <Predicate = (trunc_ln16 == 6)> <Delay = 0.00>
ST_5 : Operation 614 [1/1] (0.00ns)   --->   "%br_ln27 = br void %arrayidx22.exit" [dft.cpp:27]   --->   Operation 614 'br' 'br_ln27' <Predicate = (trunc_ln16 == 6)> <Delay = 0.00>
ST_5 : Operation 615 [1/1] (0.00ns)   --->   "%write_ln26 = write void @_ssdm_op_Write.ap_auto.i32P0A, i32 %output_R_5, i32 %bitcast_ln26" [dft.cpp:26]   --->   Operation 615 'write' 'write_ln26' <Predicate = (trunc_ln16 == 5)> <Delay = 0.00>
ST_5 : Operation 616 [1/1] (0.00ns)   --->   "%write_ln27 = write void @_ssdm_op_Write.ap_auto.i32P0A, i32 %output_I_5, i32 %bitcast_ln27" [dft.cpp:27]   --->   Operation 616 'write' 'write_ln27' <Predicate = (trunc_ln16 == 5)> <Delay = 0.00>
ST_5 : Operation 617 [1/1] (0.00ns)   --->   "%br_ln27 = br void %arrayidx22.exit" [dft.cpp:27]   --->   Operation 617 'br' 'br_ln27' <Predicate = (trunc_ln16 == 5)> <Delay = 0.00>
ST_5 : Operation 618 [1/1] (0.00ns)   --->   "%write_ln26 = write void @_ssdm_op_Write.ap_auto.i32P0A, i32 %output_R_4, i32 %bitcast_ln26" [dft.cpp:26]   --->   Operation 618 'write' 'write_ln26' <Predicate = (trunc_ln16 == 4)> <Delay = 0.00>
ST_5 : Operation 619 [1/1] (0.00ns)   --->   "%write_ln27 = write void @_ssdm_op_Write.ap_auto.i32P0A, i32 %output_I_4, i32 %bitcast_ln27" [dft.cpp:27]   --->   Operation 619 'write' 'write_ln27' <Predicate = (trunc_ln16 == 4)> <Delay = 0.00>
ST_5 : Operation 620 [1/1] (0.00ns)   --->   "%br_ln27 = br void %arrayidx22.exit" [dft.cpp:27]   --->   Operation 620 'br' 'br_ln27' <Predicate = (trunc_ln16 == 4)> <Delay = 0.00>
ST_5 : Operation 621 [1/1] (0.00ns)   --->   "%write_ln26 = write void @_ssdm_op_Write.ap_auto.i32P0A, i32 %output_R_3, i32 %bitcast_ln26" [dft.cpp:26]   --->   Operation 621 'write' 'write_ln26' <Predicate = (trunc_ln16 == 3)> <Delay = 0.00>
ST_5 : Operation 622 [1/1] (0.00ns)   --->   "%write_ln27 = write void @_ssdm_op_Write.ap_auto.i32P0A, i32 %output_I_3, i32 %bitcast_ln27" [dft.cpp:27]   --->   Operation 622 'write' 'write_ln27' <Predicate = (trunc_ln16 == 3)> <Delay = 0.00>
ST_5 : Operation 623 [1/1] (0.00ns)   --->   "%br_ln27 = br void %arrayidx22.exit" [dft.cpp:27]   --->   Operation 623 'br' 'br_ln27' <Predicate = (trunc_ln16 == 3)> <Delay = 0.00>
ST_5 : Operation 624 [1/1] (0.00ns)   --->   "%write_ln26 = write void @_ssdm_op_Write.ap_auto.i32P0A, i32 %output_R_2, i32 %bitcast_ln26" [dft.cpp:26]   --->   Operation 624 'write' 'write_ln26' <Predicate = (trunc_ln16 == 2)> <Delay = 0.00>
ST_5 : Operation 625 [1/1] (0.00ns)   --->   "%write_ln27 = write void @_ssdm_op_Write.ap_auto.i32P0A, i32 %output_I_2, i32 %bitcast_ln27" [dft.cpp:27]   --->   Operation 625 'write' 'write_ln27' <Predicate = (trunc_ln16 == 2)> <Delay = 0.00>
ST_5 : Operation 626 [1/1] (0.00ns)   --->   "%br_ln27 = br void %arrayidx22.exit" [dft.cpp:27]   --->   Operation 626 'br' 'br_ln27' <Predicate = (trunc_ln16 == 2)> <Delay = 0.00>
ST_5 : Operation 627 [1/1] (0.00ns)   --->   "%write_ln26 = write void @_ssdm_op_Write.ap_auto.i32P0A, i32 %output_R_1, i32 %bitcast_ln26" [dft.cpp:26]   --->   Operation 627 'write' 'write_ln26' <Predicate = (trunc_ln16 == 1)> <Delay = 0.00>
ST_5 : Operation 628 [1/1] (0.00ns)   --->   "%write_ln27 = write void @_ssdm_op_Write.ap_auto.i32P0A, i32 %output_I_1, i32 %bitcast_ln27" [dft.cpp:27]   --->   Operation 628 'write' 'write_ln27' <Predicate = (trunc_ln16 == 1)> <Delay = 0.00>
ST_5 : Operation 629 [1/1] (0.00ns)   --->   "%br_ln27 = br void %arrayidx22.exit" [dft.cpp:27]   --->   Operation 629 'br' 'br_ln27' <Predicate = (trunc_ln16 == 1)> <Delay = 0.00>
ST_5 : Operation 630 [1/1] (0.00ns)   --->   "%write_ln26 = write void @_ssdm_op_Write.ap_auto.i32P0A, i32 %output_R_0, i32 %bitcast_ln26" [dft.cpp:26]   --->   Operation 630 'write' 'write_ln26' <Predicate = (trunc_ln16 == 0)> <Delay = 0.00>
ST_5 : Operation 631 [1/1] (0.00ns)   --->   "%write_ln27 = write void @_ssdm_op_Write.ap_auto.i32P0A, i32 %output_I_0, i32 %bitcast_ln27" [dft.cpp:27]   --->   Operation 631 'write' 'write_ln27' <Predicate = (trunc_ln16 == 0)> <Delay = 0.00>
ST_5 : Operation 632 [1/1] (0.00ns)   --->   "%br_ln27 = br void %arrayidx22.exit" [dft.cpp:27]   --->   Operation 632 'br' 'br_ln27' <Predicate = (trunc_ln16 == 0)> <Delay = 0.00>
ST_5 : Operation 633 [1/1] (0.00ns)   --->   "%write_ln26 = write void @_ssdm_op_Write.ap_auto.i32P0A, i32 %output_R_31, i32 %bitcast_ln26" [dft.cpp:26]   --->   Operation 633 'write' 'write_ln26' <Predicate = (trunc_ln16 == 31)> <Delay = 0.00>
ST_5 : Operation 634 [1/1] (0.00ns)   --->   "%write_ln27 = write void @_ssdm_op_Write.ap_auto.i32P0A, i32 %output_I_31, i32 %bitcast_ln27" [dft.cpp:27]   --->   Operation 634 'write' 'write_ln27' <Predicate = (trunc_ln16 == 31)> <Delay = 0.00>
ST_5 : Operation 635 [1/1] (0.00ns)   --->   "%br_ln27 = br void %arrayidx22.exit" [dft.cpp:27]   --->   Operation 635 'br' 'br_ln27' <Predicate = (trunc_ln16 == 31)> <Delay = 0.00>
ST_5 : Operation 636 [1/1] (1.58ns)   --->   "%store_ln13 = store i6 %add_ln16, i6 %i" [dft.cpp:13]   --->   Operation 636 'store' 'store_ln13' <Predicate = true> <Delay = 1.58>
ST_5 : Operation 637 [1/1] (0.00ns)   --->   "%br_ln16 = br void %VITIS_LOOP_20_2" [dft.cpp:16]   --->   Operation 637 'br' 'br_ln16' <Predicate = true> <Delay = 0.00>


============================================================
+ Verbose Summary: Timing violations
============================================================
Target clock period: 10.000ns, clock uncertainty: 2.700ns.

 <State 1>: 1.588ns
The critical path consists of the following:
	'alloca' operation 6 bit ('i', dft.cpp:13) [193]  (0.000 ns)
	'store' operation 0 bit ('store_ln13', dft.cpp:13) of constant 0 on local variable 'i', dft.cpp:13 [517]  (1.588 ns)

 <State 2>: 3.254ns
The critical path consists of the following:
	'load' operation 6 bit ('i', dft.cpp:16) on local variable 'i', dft.cpp:13 [520]  (0.000 ns)
	'getelementptr' operation 5 bit ('p_ZL15cos_coeff_table_0_addr', dft.cpp:16) [529]  (0.000 ns)
	'load' operation 32 bit ('p_ZL15cos_coeff_table_0_load', dft.cpp:16) on array 'p_ZL15cos_coeff_table_0' [531]  (3.254 ns)

 <State 3>: 3.952ns
The critical path consists of the following:
	'load' operation 32 bit ('p_ZL15cos_coeff_table_0_load', dft.cpp:16) on array 'p_ZL15cos_coeff_table_0' [531]  (3.254 ns)
	'call' operation 0 bit ('call_ln16', dft.cpp:16) to 'dft_Pipeline_VITIS_LOOP_20_2' [657]  (0.698 ns)

 <State 4>: 0.000ns
The critical path consists of the following:

 <State 5>: 1.780ns
The critical path consists of the following:
	wire write operation ('write_ln26', dft.cpp:26) on port 'output_R_30' (dft.cpp:26) [664]  (0.000 ns)
	blocking operation 1.78 ns on control path)


============================================================
+ Verbose Summary: Binding
============================================================
N/A
* FSMD analyzer results:
  - Output states:
 - Input state : 
  - Chain level:
	State 1
	State 2
	State 3
	State 4
	State 5


============================================================
+ Verbose Summary: Datapath Resource usage 
============================================================
N/A
